x,y,J,J_lower,P_H,P_N,P_A,P_loc,E_radius_loss,safe_margin,angle_calls,x_global,y_global,C1
-1500,-1600,7093.00434635886,7093.00434635886,0,0.999999999999998,0,0,47.5160331487238,0,12,200,-1600,174.113332130275
-1500,-1500,7093.00434635886,7093.00434635886,0,0.999999999999998,0,0,47.5160331487238,0,12,200,-1500,174.113332130275
-1500,-1400,7093.00434635886,7093.00434635886,0,0.999999999999998,0,0,47.5160331487238,0,12,200,-1400,174.113332130275
-1500,-1300,7093.00434635886,7093.00434635886,0,0.999999999999998,0,0,47.5160331487238,0,12,200,-1300,174.113332130275
-1500,-1200,7093.00434635886,7093.00434635886,0,0.999999999999998,0,0,47.5160331487238,0,12,200,-1200,174.113332130275
-1500,-1100,7093.00434635886,7093.00434635886,0,0.999999999999998,0,0,47.5160331487238,0,12,200,-1100,174.113332130275
-1500,-1000,7093.00434635886,7093.00434635886,0,0.999999999999998,0,0,47.5160331487238,0,12,200,-1000,174.113332130275
-1500,-900,7093.00434635886,7093.00434635886,0,0.999999999999998,0,0,47.5160331487238,0,12,200,-900,174.113332130275
-1500,-800,7093.00434635886,7093.00434635886,0,0.999999999999998,0,0,47.5160331487238,0,12,200,-800,174.113332130275
-1500,-700,7093.00434635886,7093.00434635886,0,0.999999999999998,0,0,47.5160331487238,0,12,200,-700,174.113332130275
-1500,-600,7093.00434635886,7093.00434635886,0,0.999999999999998,0,0,47.5160331487238,0,12,200,-600,174.113332130275
-1500,-500,7093.00434635886,7093.00434635886,0,0.999999999999998,0,0,47.5160331487238,0,12,200,-500,174.113332130275
-1500,-400,7093.00434635886,7093.00434635886,0,0.999999999999998,0,0,47.5160331487238,0,12,200,-400,174.113332130275
-1500,-300,7093.00434635886,7093.00434635886,0,0.999999999999998,0,0,47.5160331487238,0,12,200,-300,174.113332130275
-1500,-200,7093.00434635886,7093.00434635886,0,0.999999999999998,0,0,47.5160331487238,0,12,200,-200,174.113332130275
-1500,-100,7093.00434635886,7093.00434635886,0,0.999999999999998,0,0,47.5160331487238,0,12,200,-100,174.113332130275
-1500,0,7093.00434635886,7093.00434635886,0,0.999999999999998,0,0,47.5160331487238,0,12,200,0,174.113332130275
-1500,100,7093.00434635886,7093.00434635886,0,0.999999999999998,0,0,47.5160331487238,0,12,200,100,174.113332130275
-1500,200,7093.00434635886,7093.00434635886,0,0.999999999999998,0,0,47.5160331487238,0,12,200,200,174.113332130275
-1500,300,7093.00434635886,7093.00434635886,0,0.999999999999998,0,0,47.5160331487238,0,12,200,300,174.113332130275
-1500,400,7093.00434635886,7093.00434635886,0,0.999999999999998,0,0,47.5160331487238,0,12,200,400,174.113332130275
-1500,500,7093.00434635886,7093.00434635886,0,0.999999999999998,0,0,47.5160331487238,0,12,200,500,174.113332130275
-1500,600,7093.00434635886,7093.00434635886,0,0.999999999999998,0,0,47.5160331487238,0,12,200,600,174.113332130275
-1500,700,7093.00434635886,7093.00434635886,0,0.999999999999998,0,0,47.5160331487238,0,12,200,700,174.113332130275
-1500,800,7093.00434635886,7093.00434635886,0,0.999999999999998,0,0,47.5160331487238,0,12,200,800,174.113332130275
-1500,900,7093.00434635886,7093.00434635886,0,0.999999999999998,0,0,47.5160331487238,0,12,200,900,174.113332130275
-1500,1000,7093.00434635886,7093.00434635886,0,0.999999999999998,0,0,47.5160331487238,0,12,200,1000,174.113332130275
-1500,1100,7093.00434635886,7093.00434635886,0,0.999999999999998,0,0,47.5160331487238,0,12,200,1100,174.113332130275
-1500,1200,7093.00434635886,7093.00434635886,0,0.999999999999998,0,0,47.5160331487238,0,12,200,1200,174.113332130275
-1500,1300,7093.00434635886,7093.00434635886,0,0.999999999999998,0,0,47.5160331487238,0,12,200,1300,174.113332130275
-1500,1400,7093.00434635886,7093.00434635886,0,0.999999999999998,0,0,47.5160331487238,0,12,200,1400,174.113332130275
-1500,1500,7093.00434635886,7093.00434635886,0,0.999999999999998,0,0,47.5160331487238,0,12,200,1500,174.113332130275
-1500,1600,7093.00434635886,7093.00434635886,0,0.999999999999998,0,0,47.5160331487238,0,12,200,1600,174.113332130275
-1400,-1600,7093.00434635886,7093.00434635886,0,0.999999999999998,0,0,47.5160331487238,0,12,300,-1600,174.113332130275
-1400,-1500,7093.00434635886,7093.00434635886,0,0.999999999999998,0,0,47.5160331487238,0,12,300,-1500,174.113332130275
-1400,-1400,7093.00434635886,7093.00434635886,0,0.999999999999998,0,0,47.5160331487238,0,12,300,-1400,174.113332130275
-1400,-1300,7093.00434635886,7093.00434635886,0,0.999999999999998,0,0,47.5160331487238,0,12,300,-1300,174.113332130275
-1400,-1200,7093.00434635886,7093.00434635886,0,0.999999999999998,0,0,47.5160331487238,0,12,300,-1200,174.113332130275
-1400,-1100,7093.00434635886,7093.00434635886,0,0.999999999999998,0,0,47.5160331487238,0,12,300,-1100,174.113332130275
-1400,-1000,7093.00434635886,7093.00434635886,0,0.999999999999998,0,0,47.5160331487238,0,12,300,-1000,174.113332130275
-1400,-900,7093.00434635886,7093.00434635886,0,0.999999999999998,0,0,47.5160331487238,0,12,300,-900,174.113332130275
-1400,-800,7093.00434635886,7093.00434635886,0,0.999999999999998,0,0,47.5160331487238,0,12,300,-800,174.113332130275
-1400,-700,7093.00434635886,7093.00434635886,0,0.999999999999998,0,0,47.5160331487238,0,12,300,-700,174.113332130275
-1400,-600,7093.00434635886,7093.00434635886,0,0.999999999999998,0,0,47.5160331487238,0,12,300,-600,174.113332130275
-1400,-500,7092.06649198495,7092.06649198495,0,0.999866566315273,0.000129502476978472,0,47.5102858211098,0,108,300,-500,174.113332130275
-1400,-400,7057.75792270769,7057.75792270769,0,0.994031031636256,0.0059334230308446,0,47.3467043138172,0,108,300,-400,174.113332130275
-1400,-300,7003.21595325615,7003.21595325615,0,0.978226677152789,0.0218313394172365,0,47.1423358022728,0,108,300,-300,174.113332130275
-1400,-200,6995.85085281521,6995.85085281521,0,0.957380152827228,0.0426039732296646,0,47.1407776902214,0,108,300,-200,174.113332130275
-1400,-100,7049.29018328554,7049.29018328554,0,0.940238246011166,0.0597583825686675,0,47.3529149223416,0,108,300,-100,174.113332130275
-1400,0,7091.92803660876,7091.92803660876,0,0.933650730896196,0.0663492708025206,0,47.5117278482791,0,228,300,0,174.113332130275
-1400,100,7049.29018328553,7049.29018328553,0,0.940238246011166,0.0597583825686668,0,47.3529149223416,0,108,300,100,174.113332130275
-1400,200,6995.8508528152,6995.8508528152,0,0.957380152827228,0.0426039732296641,0,47.1407776902213,0,108,300,200,174.113332130275
-1400,300,7003.21595325615,7003.21595325615,0,0.978226677152789,0.0218313394172362,0,47.1423358022728,0,108,300,300,174.113332130275
-1400,400,7057.75792270769,7057.75792270769,0,0.994031031636256,0.00593342303084438,0,47.3467043138172,0,108,300,400,174.113332130275
-1400,500,7092.06649198495,7092.06649198495,0,0.999866566315273,0.000129502476978457,0,47.5102858211098,0,108,300,500,174.113332130275
-1400,600,7093.00434635886,7093.00434635886,0,0.999999999999998,0,0,47.5160331487238,0,12,300,600,174.113332130275
-1400,700,7093.00434635886,7093.00434635886,0,0.999999999999998,0,0,47.5160331487238,0,12,300,700,174.113332130275
-1400,800,7093.00434635886,7093.00434635886,0,0.999999999999998,0,0,47.5160331487238,0,12,300,800,174.113332130275
-1400,900,7093.00434635886,7093.00434635886,0,0.999999999999998,0,0,47.5160331487238,0,12,300,900,174.113332130275
-1400,1000,7093.00434635886,7093.00434635886,0,0.999999999999998,0,0,47.5160331487238,0,12,300,1000,174.113332130275
-1400,1100,7093.00434635886,7093.00434635886,0,0.999999999999998,0,0,47.5160331487238,0,12,300,1100,174.113332130275
-1400,1200,7093.00434635886,7093.00434635886,0,0.999999999999998,0,0,47.5160331487238,0,12,300,1200,174.113332130275
-1400,1300,7093.00434635886,7093.00434635886,0,0.999999999999998,0,0,47.5160331487238,0,12,300,1300,174.113332130275
-1400,1400,7093.00434635886,7093.00434635886,0,0.999999999999998,0,0,47.5160331487238,0,12,300,1400,174.113332130275
-1400,1500,7093.00434635886,7093.00434635886,0,0.999999999999998,0,0,47.5160331487238,0,12,300,1500,174.113332130275
-1400,1600,7093.00434635886,7093.00434635886,0,0.999999999999998,0,0,47.5160331487238,0,12,300,1600,174.113332130275
-1300,-1600,7093.00434635886,7093.00434635886,0,0.999999999999998,0,0,47.5160331487238,0,12,400,-1600,174.113332130275
-1300,-1500,7093.00434635886,7093.00434635886,0,0.999999999999998,0,0,47.5160331487238,0,12,400,-1500,174.113332130275
-1300,-1400,7093.00434635886,7093.00434635886,0,0.999999999999998,0,0,47.5160331487238,0,12,400,-1400,174.113332130275
-1300,-1300,7093.00434635886,7093.00434635886,0,0.999999999999998,0,0,47.5160331487238,0,12,400,-1300,174.113332130275
-1300,-1200,7093.00434635886,7093.00434635886,0,0.999999999999998,0,0,47.5160331487238,0,12,400,-1200,174.113332130275
-1300,-1100,7093.00434635886,7093.00434635886,0,0.999999999999998,0,0,47.5160331487238,0,12,400,-1100,174.113332130275
-1300,-1000,7093.00434635886,7093.00434635886,0,0.999999999999998,0,0,47.5160331487238,0,12,400,-1000,174.113332130275
-1300,-900,7093.00434635886,7093.00434635886,0,0.999999999999998,0,0,47.5160331487238,0,12,400,-900,174.113332130275
-1300,-800,7093.00434635886,7093.00434635886,0,0.999999999999998,0,0,47.5160331487238,0,12,400,-800,174.113332130275
-1300,-700,7086.14246265167,7086.14246265167,0,0.998983468418095,0.00101449607971348,0,47.4782038286784,0,108,400,-700,174.113332130275
-1300,-600,6987.57859888496,6987.57859888496,0,0.974748248105326,0.0252248725827329,0,47.061787593565,0,108,400,-600,174.113332130275
-1300,-500,6908.59641375979,6908.59641375979,0,0.910860127412472,0.0891398725875264,0,46.7173305800429,0,108,400,-500,174.113332130275
-1300,-400,6830.28427687018,6830.28427687018,0,0.848336437858026,0.151663562141973,0,46.3725768847187,0,108,400,-400,174.113332130275
-1300,-300,6827.7060412995,6827.7060412995,0,0.798740407668099,0.2012595923319,0,46.3628415521835,0,108,400,-300,174.113332130275
-1300,-200,6889.65676365025,6889.65676365025,0,0.762769031535061,0.237230968464938,0,46.6371620156769,0,108,400,-200,174.113332130275
-1300,-100,6996.12896286515,6996.12896286515,0,0.740959359109939,0.259040640891,0,47.1039025845374,0,108,400,-100,174.113332130275
-1300,0,7086.12398047356,7086.12398047356,0,0.733650755830759,0.266349245457157,0,47.4875808129812,0,204,400,0,174.113332130275
-1300,100,6996.12896286514,6996.12896286514,0,0.740959359109939,0.259040640890997,0,47.1039025845373,0,108,400,100,174.113332130275
-1300,200,6889.65676365024,6889.65676365024,0,0.762769031535061,0.237230968464935,0,46.6371620156768,0,108,400,200,174.113332130275
-1300,300,6827.70604129949,6827.70604129949,0,0.798740407668099,0.201259592331898,0,46.3628415521834,0,108,400,300,174.113332130275
-1300,400,6830.28427687017,6830.28427687017,0,0.848336437858026,0.151663562141971,0,46.3725768847186,0,108,400,400,174.113332130275
-1300,500,6908.59641375978,6908.59641375978,0,0.910860127412472,0.0891398725875246,0,46.7173305800428,0,108,400,500,174.113332130275
-1300,600,6987.57859888495,6987.57859888495,0,0.974748248105326,0.0252248725827318,0,47.061787593565,0,108,400,600,174.113332130275
-1300,700,7086.14246265167,7086.14246265167,0,0.998983468418095,0.00101449607971349,0,47.4782038286784,0,108,400,700,174.113332130275
-1300,800,7093.00434635886,7093.00434635886,0,0.999999999999998,0,0,47.5160331487238,0,12,400,800,174.113332130275
-1300,900,7093.00434635886,7093.00434635886,0,0.999999999999998,0,0,47.5160331487238,0,12,400,900,174.113332130275
-1300,1000,7093.00434635886,7093.00434635886,0,0.999999999999998,0,0,47.5160331487238,0,12,400,1000,174.113332130275
-1300,1100,7093.00434635886,7093.00434635886,0,0.999999999999998,0,0,47.5160331487238,0,12,400,1100,174.113332130275
-1300,1200,7093.00434635886,7093.00434635886,0,0.999999999999998,0,0,47.5160331487238,0,12,400,1200,174.113332130275
-1300,1300,7093.00434635886,7093.00434635886,0,0.999999999999998,0,0,47.5160331487238,0,12,400,1300,174.113332130275
-1300,1400,7093.00434635886,7093.00434635886,0,0.999999999999998,0,0,47.5160331487238,0,12,400,1400,174.113332130275
-1300,1500,7093.00434635886,7093.00434635886,0,0.999999999999998,0,0,47.5160331487238,0,12,400,1500,174.113332130275
-1300,1600,7093.00434635886,7093.00434635886,0,0.999999999999998,0,0,47.5160331487238,0,12,400,1600,174.113332130275
-1200,-1600,7093.00434635886,7093.00434635886,0,0.999999999999998,0,0,47.5160331487238,0,12,500,-1600,174.113332130275
-1200,-1500,7093.00434635886,7093.00434635886,0,0.999999999999998,0,0,47.5160331487238,0,12,500,-1500,174.113332130275
-1200,-1400,7093.00434635886,7093.00434635886,0,0.999999999999998,0,0,47.5160331487238,0,12,500,-1400,174.113332130275
-1200,-1300,7093.00434635886,7093.00434635886,0,0.999999999999998,0,0,47.5160331487238,0,12,500,-1300,174.113332130275
-1200,-1200,7093.00434635886,7093.00434635886,0,0.999999999999998,0,0,47.5160331487238,0,12,500,-1200,174.113332130275
-1200,-1100,7093.00434635886,7093.00434635886,0,0.999999999999998,0,0,47.5160331487238,0,12,500,-1100,174.113332130275
-1200,-1000,7093.00434635886,7093.00434635886,0,0.999999999999998,0,0,47.5160331487238,0,12,500,-1000,174.113332130275
-1200,-900,7093.00434635886,7093.00434635886,0,0.999999999999998,0,0,47.5160331487238,0,12,500,-900,174.113332130275
-1200,-800,7005.65699086727,7005.65699086727,0,0.981893224717306,0.0181113019506009,0,47.1246716226374,0,108,500,-800,174.113332130275
-1200,-700,6774.67685778764,6774.67685778764,0,0.894805990629043,0.105194009370956,0,46.1279546396821,0,108,500,-700,174.113332130275
-1200,-600,6544.7935464768,6544.7935464768,0,0.80353174905206,0.196468250947941,0,45.1128299221847,0,108,500,-600,174.113332130275
-1200,-500,6415.77206797062,6415.77206797062,0,0.723909623421633,0.276090376578368,0,44.5458313511725,0,108,500,-500,174.113332130275
-1200,-400,6393.89809961664,6393.89809961664,0,0.656988220202199,0.343011779797802,0,44.4539661289087,0,108,500,-400,174.113332130275
-1200,-300,6476.56059151946,6476.56059151946,0,0.603747982720149,0.396252017279851,0,44.8243739932589,0,108,500,-300,174.113332130275
-1200,-200,6649.86142993288,6649.86142993288,0,0.565041913135293,0.434958086864707,0,45.5932937549473,0,108,500,-200,174.113332130275
-1200,-100,6885.84425615683,6885.84425615683,0,0.541534965415377,0.458465034584631,0,46.6313336638276,0,108,500,-100,174.113332130275
-1200,0,7079.44286643789,7079.44286643789,0,0.533650784663162,0.466349216120182,0,47.4598080965883,0,204,500,0,174.113332130275
-1200,100,6885.84425615679,6885.84425615679,0,0.541534965415377,0.458465034584626,0,46.6313336638274,0,108,500,100,174.113332130275
-1200,200,6649.86142993287,6649.86142993287,0,0.565041913135293,0.434958086864702,0,45.5932937549471,0,108,500,200,174.113332130275
-1200,300,6476.5605915194,6476.5605915194,0,0.603747982720149,0.396252017279847,0,44.8243739932586,0,108,500,300,174.113332130275
-1200,400,6393.8980996166,6393.8980996166,0,0.656988220202199,0.343011779797797,0,44.4539661289084,0,108,500,400,174.113332130275
-1200,500,6415.77206797059,6415.77206797059,0,0.723909623421633,0.276090376578365,0,44.5458313511724,0,108,500,500,174.113332130275
-1200,600,6544.79354647678,6544.79354647678,0,0.803531749052059,0.196468250947936,0,45.1128299221846,0,108,500,600,174.113332130275
-1200,700,6774.67685778763,6774.67685778763,0,0.894805990629043,0.105194009370954,0,46.127954639682,0,108,500,700,174.113332130275
-1200,800,7005.65699086726,7005.65699086726,0,0.981893224717306,0.0181113019506,0,47.1246716226374,0,108,500,800,174.113332130275
-1200,900,7093.00434635886,7093.00434635886,0,0.999999999999998,0,0,47.5160331487238,0,12,500,900,174.113332130275
-1200,1000,7093.00434635886,7093.00434635886,0,0.999999999999998,0,0,47.5160331487238,0,12,500,1000,174.113332130275
-1200,1100,7093.00434635886,7093.00434635886,0,0.999999999999998,0,0,47.5160331487238,0,12,500,1100,174.113332130275
-1200,1200,7093.00434635886,7093.00434635886,0,0.999999999999998,0,0,47.5160331487238,0,12,500,1200,174.113332130275
-1200,1300,7093.00434635886,7093.00434635886,0,0.999999999999998,0,0,47.5160331487238,0,12,500,1300,174.113332130275
-1200,1400,7093.00434635886,7093.00434635886,0,0.999999999999998,0,0,47.5160331487238,0,12,500,1400,174.113332130275
-1200,1500,7093.00434635886,7093.00434635886,0,0.999999999999998,0,0,47.5160331487238,0,12,500,1500,174.113332130275
-1200,1600,7093.00434635886,7093.00434635886,0,0.999999999999998,0,0,47.5160331487238,0,12,500,1600,174.113332130275
-1100,-1600,7093.00434635886,7093.00434635886,0,0.999999999999998,0,0,47.5160331487238,0,12,600,-1600,174.113332130275
-1100,-1500,7093.00434635886,7093.00434635886,0,0.999999999999998,0,0,47.5160331487238,0,12,600,-1500,174.113332130275
-1100,-1400,7093.00434635886,7093.00434635886,0,0.999999999999998,0,0,47.5160331487238,0,12,600,-1400,174.113332130275
-1100,-1300,7093.00434635886,7093.00434635886,0,0.999999999999998,0,0,47.5160331487238,0,12,600,-1300,174.113332130275
-1100,-1200,7093.00434635886,7093.00434635886,0,0.999999999999998,0,0,47.5160331487238,0,12,600,-1200,174.113332130275
-1100,-1100,7093.00434635886,7093.00434635886,0,0.999999999999998,0,0,47.5160331487238,0,12,600,-1100,174.113332130275
-1100,-1000,7091.34957614671,7091.34957614671,0,0.999762412070144,0.000236959640167143,0,47.5062415765333,0,108,600,-1000,174.113332130275
-1100,-900,6898.50761422767,6898.50761422767,0,0.947323889282518,0.0526756837055256,0,46.6761823673638,0,132,600,-900,174.113332130275
-1100,-800,6462.79539159534,6462.79539159534,0,0.829599004612374,0.170400995387626,0,44.7467416221371,0,108,600,-800,174.113332130275
-1100,-700,6114.65090657057,6114.65090657057,0,0.721490313718924,0.278509686281077,0,43.2092392284167,0,108,600,-700,174.113332130275
-1100,-600,5879.00375425715,5879.00375425714,0,0.624192721618115,0.375807278381888,0,42.1717758111822,0,108,600,-600,174.113332130275
-1100,-500,5775.86689546828,5775.86689546828,0,0.538950292720158,0.461049707279845,0,41.7230881975064,0,108,600,-500,174.113332130275
-1100,-400,5818.03244895595,5818.03244895595,0,0.467014069808635,0.532985930191368,0,41.9188580529369,0,108,600,-400,174.113332130275
-1100,-300,6006.10339842404,6006.10339842404,0,0.409577385364523,0.59042261463548,0,42.7599101865927,0,108,600,-300,174.113332130275
-1100,-200,6323.79187333492,6323.79187333492,0,0.367697034318399,0.632302965681602,0,44.1708485945483,0,108,600,-200,174.113332130275
-1100,-100,6732.8842545179,6732.8842545179,0,0.342208843750211,0.657791156249595,0,45.9738690309804,0,108,600,-100,174.113332130275
-1100,0,7071.67277616588,7071.67277616588,0,0.333650818385084,0.666349181978589,0,47.4275381162682,0,156,600,0,174.113332130275
-1100,100,6732.88425451786,6732.88425451786,0,0.342208843750211,0.657791156249588,0,45.9738690309802,0,108,600,100,174.113332130275
-1100,200,6323.79187333482,6323.79187333482,0,0.367697034318399,0.632302965681595,0,44.1708485945477,0,108,600,200,174.113332130275
-1100,300,6006.103398424,6006.103398424,0,0.409577385364523,0.590422614635473,0,42.7599101865924,0,108,600,300,174.113332130275
-1100,400,5818.0324489559,5818.0324489559,0,0.467014069808635,0.532985930191362,0,41.9188580529366,0,108,600,400,174.113332130275
-1100,500,5775.86689546828,5775.86689546828,0,0.538950292720158,0.461049707279838,0,41.7230881975063,0,108,600,500,174.113332130275
-1100,600,5879.00375425711,5879.00375425711,0,0.624192721618115,0.375807278381883,0,42.171775811182,0,108,600,600,174.113332130275
-1100,700,6114.65090657053,6114.65090657053,0,0.721490313718924,0.27850968628107,0,43.2092392284164,0,108,600,700,174.113332130275
-1100,800,6462.79539159533,6462.79539159533,0,0.829599004612374,0.170400995387624,0,44.746741622137,0,108,600,800,174.113332130275
-1100,900,6898.50761422766,6898.50761422766,0,0.947323889282518,0.0526756837055239,0,46.6761823673637,0,132,600,900,174.113332130275
-1100,1000,7091.34957614671,7091.34957614671,0,0.999762412070144,0.000236959640167102,0,47.5062415765333,0,108,600,1000,174.113332130275
-1100,1100,7093.00434635886,7093.00434635886,0,0.999999999999998,0,0,47.5160331487238,0,12,600,1100,174.113332130275
-1100,1200,7093.00434635886,7093.00434635886,0,0.999999999999998,0,0,47.5160331487238,0,12,600,1200,174.113332130275
-1100,1300,7093.00434635886,7093.00434635886,0,0.999999999999998,0,0,47.5160331487238,0,12,600,1300,174.113332130275
-1100,1400,7093.00434635886,7093.00434635886,0,0.999999999999998,0,0,47.5160331487238,0,12,600,1400,174.113332130275
-1100,1500,7093.00434635886,7093.00434635886,0,0.999999999999998,0,0,47.5160331487238,0,12,600,1500,174.113332130275
-1100,1600,7093.00434635886,7093.00434635886,0,0.999999999999998,0,0,47.5160331487238,0,12,600,1600,174.113332130275
-1000,-1600,7093.00434635886,7093.00434635886,0,0.999999999999998,0,0,47.5160331487238,0,12,700,-1600,174.113332130275
-1000,-1500,7093.00434635886,7093.00434635886,0,0.999999999999998,0,0,47.5160331487238,0,12,700,-1500,174.113332130275
-1000,-1400,7093.00434635886,7093.00434635886,0,0.999999999999998,0,0,47.5160331487238,0,12,700,-1400,174.113332130275
-1000,-1300,7093.00434635886,7093.00434635886,0,0.999999999999998,0,0,47.5160331487238,0,12,700,-1300,174.113332130275
-1000,-1200,7093.00434635886,7093.00434635886,0,0.999999999999998,0,0,47.5160331487238,0,12,700,-1200,174.113332130275
-1000,-1100,7090.91137840596,7090.91137840596,0,0.999698111270302,0.000296240419348749,0,47.5037923060821,0,108,700,-1100,174.113332130275
-1000,-1000,6774.83983654756,6774.83983654756,0,0.924635876195115,0.0753641238048836,0,46.1188967786312,0,108,700,-1000,174.113332130275
-1000,-900,6205.55219355376,6205.55219355376,0,0.791662841427314,0.208337158572686,0,43.5808776147413,0,108,700,-900,174.113332130275
-1000,-800,5703.22865670717,5703.22865670717,0,0.667069373295864,0.332930626704138,0,41.354523821322,0,108,700,-800,174.113332130275
-1000,-700,5298.59599444613,5298.59599444613,0,0.552083392652255,0.447916607347749,0,39.5782290221967,0,108,700,-700,174.113332130275
-1000,-600,5030.55536540479,5030.55536540479,0,0.448059706057222,0.551940293942782,0,38.4158316650521,0,108,700,-600,174.113332130275
-1000,-500,4940.65560965525,4940.65560965525,0,0.356451526135661,0.643548473864344,0,38.0350598993995,0,108,700,-500,174.113332130275
-1000,-400,5051.55605157819,5051.55605157819,0,0.27875809453011,0.721241905469896,0,38.5407571870891,0,108,700,-400,174.113332130275
-1000,-300,5368.46314343367,5368.46314343367,0,0.216444923655026,0.783555076344979,0,39.9578774281003,0,108,700,-300,174.113332130275
-1000,-200,5874.275459639,5874.275459639,0,0.170838809407516,0.829161190592487,0,42.2061256543336,0,108,700,-200,174.113332130275
-1000,-100,6517.62524535633,6517.62524535633,0,0.143008462670634,0.856991537329322,0,45.0458988272523,0,108,700,-100,174.113332130275
-1000,0,7062.52476446296,7062.52476446296,0,0.133650858355862,0.866349141301393,0,47.3895866935044,0,156,700,0,174.113332130275
-1000,100,6517.62524535626,6517.62524535626,0,0.143008462670634,0.856991537329313,0,45.0458988272518,0,108,700,100,174.113332130275
-1000,200,5874.27545963891,5874.27545963891,0,0.170838809407516,0.829161190592478,0,42.2061256543331,0,108,700,200,174.113332130275
-1000,300,5368.46314343359,5368.46314343359,0,0.216444923655026,0.78355507634497,0,39.9578774280998,0,108,700,300,174.113332130275
-1000,400,5051.55605157812,5051.55605157812,0,0.27875809453011,0.721241905469885,0,38.5407571870887,0,108,700,400,174.113332130275
-1000,500,4940.65560965509,4940.65560965509,0,0.356451526135661,0.643548473864327,0,38.0350598993985,0,108,700,500,174.113332130275
-1000,600,5030.5553654048,5030.5553654048,0,0.448059706057222,0.551940293942783,0,38.4158316650522,0,108,700,600,174.113332130275
-1000,700,5298.59599444606,5298.59599444606,0,0.552083392652255,0.447916607347734,0,39.5782290221961,0,108,700,700,174.113332130275
-1000,800,5703.22865670717,5703.22865670717,0,0.667069373295864,0.33293062670414,0,41.3545238213221,0,108,700,800,174.113332130275
-1000,900,6205.55219355374,6205.55219355374,0,0.791662841427314,0.208337158572683,0,43.5808776147412,0,108,700,900,174.113332130275
-1000,1000,6774.83983654756,6774.83983654756,0,0.924635876195116,0.0753641238048819,0,46.1188967786312,0,108,700,1000,174.113332130275
-1000,1100,7090.91137840596,7090.91137840596,0,0.999698111270302,0.000296240419348679,0,47.5037923060821,0,108,700,1100,174.113332130275
-1000,1200,7093.00434635886,7093.00434635886,0,0.999999999999998,0,0,47.5160331487238,0,12,700,1200,174.113332130275
-1000,1300,7093.00434635886,7093.00434635886,0,0.999999999999998,0,0,47.5160331487238,0,12,700,1300,174.113332130275
-1000,1400,7093.00434635886,7093.00434635886,0,0.999999999999998,0,0,47.5160331487238,0,12,700,1400,174.113332130275
-1000,1500,7093.00434635886,7093.00434635886,0,0.999999999999998,0,0,47.5160331487238,0,12,700,1500,174.113332130275
-1000,1600,7093.00434635886,7093.00434635886,0,0.999999999999998,0,0,47.5160331487238,0,12,700,1600,174.113332130275
-900,-1600,7093.00434635886,7093.00434635886,0,0.999999999999998,0,0,47.5160331487238,0,12,800,-1600,174.113332130275
-900,-1500,7093.00434635886,7093.00434635886,0,0.999999999999998,0,0,47.5160331487238,0,12,800,-1500,174.113332130275
-900,-1400,7093.00434635886,7093.00434635886,0,0.999999999999998,0,0,47.5160331487238,0,12,800,-1400,174.113332130275
-900,-1300,7093.00434635886,7093.00434635886,0,0.999999999999998,0,0,47.5160331487238,0,12,800,-1300,174.113332130275
-900,-1200,7093.00434635886,7093.00434635886,0,0.999999999999998,0,0,47.5160331487238,0,12,800,-1200,174.113332130275
-900,-1100,6769.87107243806,6769.87107243806,0,0.92920573570905,0.0707942642909497,0,46.0825598346707,0,108,800,-1100,174.113332130275
-900,-1000,6075.17932733675,6075.17932733675,0,0.782111251562628,0.217888748437373,0,42.9467903358603,0,108,800,-1000,174.113332130275
-900,-900,5419.62216216497,5419.62216216497,0,0.641974271246051,0.358025728753953,0,39.9944962858553,0,108,800,-900,174.113332130275
-900,-800,4828.57362002918,4828.57362002918,0,0.509960452374089,0.490039547625915,0,37.3538212870066,0,108,800,-800,174.113332130275
-900,-700,4336.48333813559,4336.48333813559,0,0.387417949311927,0.612582050688077,0,35.1927710929291,0,108,800,-700,174.113332130275
-900,-600,3991.4357969112,3991.4357969112,0,0.275877802924626,0.724122197075381,0,33.7293318804353,0,108,800,-600,174.113332130275
-900,-500,3860.47885696349,3860.47885696349,0,0.177032900193489,0.82296709980652,0,33.2355473837159,0,108,800,-500,174.113332130275
-900,-400,3873.69482571138,3873.69482571138,0,0.0928999428146007,0.907099634888807,0,33.4705189028713,0,132,800,-400,174.113332130275
-900,-300,4332.34987975755,4332.34987975755,0,0.0343993295207587,0.96560067047925,0,35.382025130531,0,156,800,-300,174.113332130275
-900,-200,5247.64333856443,5247.64333856443,0,0.00748173369405671,0.992518266305948,0,39.3999868634312,0,156,800,-200,174.113332130275
-900,-100,6247.52093571173,6247.52093571172,0,0.000493098191144351,0.999506901808717,0,43.8668718871752,0,108,800,-100,174.113332130275
-900,0,7053.20572570431,7053.20572570431,0,1.83817734791246e-12,0.99999999656432,0,47.3507354220191,0,156,800,0,174.113332130275
-900,100,6247.52093571166,6247.52093571166,0,0.000493098191144348,0.999506901808705,0,43.8668718871747,0,108,800,100,174.113332130275
-900,200,5247.64333856438,5247.64333856438,0,0.00748173369405663,0.992518266305933,0,39.3999868634306,0,156,800,200,174.113332130275
-900,300,4332.34987975753,4332.34987975753,0,0.0343993295207587,0.965600670479238,0,35.3820251305307,0,156,800,300,174.113332130275
-900,400,3873.69482571126,3873.69482571126,0,0.0928999428146007,0.907099634888799,0,33.4705189028707,0,132,800,400,174.113332130275
-900,500,3860.47885696337,3860.47885696337,0,0.177032900193489,0.822967099806498,0,33.235547383715,0,108,800,500,174.113332130275
-900,600,3991.43579691112,3991.43579691112,0,0.275877802924626,0.724122197075364,0,33.7293318804347,0,108,800,600,174.113332130275
-900,700,4336.48333813554,4336.48333813554,0,0.387417949311927,0.612582050688067,0,35.1927710929288,0,108,800,700,174.113332130275
-900,800,4828.57362002913,4828.57362002913,0,0.509960452374089,0.490039547625904,0,37.3538212870062,0,108,800,800,174.113332130275
-900,900,5419.62216216494,5419.62216216494,0,0.641974271246051,0.358025728753946,0,39.994496285855,0,108,800,900,174.113332130275
-900,1000,6075.17932733674,6075.17932733674,0,0.782111251562628,0.217888748437369,0,42.9467903358602,0,108,800,1000,174.113332130275
-900,1100,6769.87107243804,6769.87107243804,0,0.929205735709049,0.0707942642909462,0,46.0825598346706,0,108,800,1100,174.113332130275
-900,1200,7093.00434635886,7093.00434635886,0,0.999999999999998,0,0,47.5160331487238,0,12,800,1200,174.113332130275
-900,1300,7093.00434635886,7093.00434635886,0,0.999999999999998,0,0,47.5160331487238,0,12,800,1300,174.113332130275
-900,1400,7093.00434635886,7093.00434635886,0,0.999999999999998,0,0,47.5160331487238,0,12,800,1400,174.113332130275
-900,1500,7093.00434635886,7093.00434635886,0,0.999999999999998,0,0,47.5160331487238,0,12,800,1500,174.113332130275
-900,1600,7093.00434635886,7093.00434635886,0,0.999999999999998,0,0,47.5160331487238,0,12,800,1600,174.113332130275
-800,-1600,7093.00434635886,7093.00434635886,0,0.999999999999998,0,0,47.5160331487238,0,12,900,-1600,174.113332130275
-800,-1500,7093.00434635886,7093.00434635886,0,0.999999999999998,0,0,47.5160331487238,0,12,900,-1500,174.113332130275
-800,-1400,7093.00434635886,7093.00434635886,0,0.999999999999998,0,0,47.5160331487238,0,12,900,-1400,174.113332130275
-800,-1300,7093.00434635886,7093.00434635886,0,0.999999999999998,0,0,47.5160331487238,0,12,900,-1300,174.113332130275
-800,-1200,6908.34316355462,6908.34316355462,0,0.960900063578017,0.0391004031982204,0,46.6983062532846,0,132,900,-1200,174.113332130275
-800,-1100,6109.40749007766,6109.40749007766,0,0.801232205200155,0.198767794799846,0,43.0492939598298,0,108,900,-1100,174.113332130275
-800,-1000,5322.96897883727,5322.96897883727,0,0.647036422242397,0.352963577757606,0,39.4432358247473,0,108,900,-1000,174.113332130275
-800,-900,4568.13051358493,4568.13051358493,0,0.499337500706408,0.500662499293598,0,35.9822358118652,0,108,900,-900,174.113332130275
-800,-800,3870.16712915641,3870.16712915641,0,0.359355731335051,0.640644268664957,0,32.8041228211802,0,108,900,-800,174.113332130275
-800,-700,3264.10112996237,3264.10112996237,0,0.228545849509785,0.771454150490225,0,30.097500419533,0,108,900,-700,174.113332130275
-800,-600,2800.92005713052,2800.92005713052,0,0.108615956367588,0.891384043632424,0,28.122235729545,0,108,900,-600,174.113332130275
-800,-500,2521.85132420052,2521.85132420052,0,0.0178332963341592,0.982166651659858,0,27.0201656816269,0,156,900,-500,174.113332130275
-800,-400,3018.37915843742,3018.37915843742,0,0,1.00000000000001,0,29.477179828562,0,108,900,-400,174.113332130275
-800,-300,3798.20978323268,3798.20978323268,0,0,1.00000000000001,0,33.0223107018774,0,108,900,-300,174.113332130275
-800,-200,4829.26064350311,4829.26064350311,0,0,1.00000000000001,0,37.6103034825343,0,108,900,-200,174.113332130275
-800,-100,6021.42691487266,6021.42691487265,0,0,1,0,42.8890217191808,0,108,900,-100,174.113332130275
-800,0,7048.92229276586,7048.92229276586,0,0,0.999999996038927,0,47.3331039689653,0,156,900,0,174.113332130275
-800,100,6021.42691487254,6021.42691487254,0,0,0.999999999999992,0,42.8890217191801,0,108,900,100,174.113332130275
-800,200,4829.26064350295,4829.26064350295,0,0,0.999999999999993,0,37.6103034825334,0,108,900,200,174.113332130275
-800,300,3798.20978323243,3798.20978323243,0,0,0.999999999999977,0,33.0223107018757,0,108,900,300,174.113332130275
-800,400,3018.37915843728,3018.37915843728,0,0,0.999999999999986,0,29.4771798285609,0,108,900,400,174.113332130275
-800,500,2521.85132420046,2521.85132420046,0,0.0178332963341592,0.98216665165984,0,27.0201656816264,0,156,900,500,174.113332130275
-800,600,2800.92005713047,2800.92005713047,0,0.108615956367588,0.891384043632412,0,28.1222357295446,0,108,900,600,174.113332130275
-800,700,3264.10112996232,3264.10112996232,0,0.228545849509785,0.771454150490212,0,30.0975004195326,0,108,900,700,174.113332130275
-800,800,3870.16712915635,3870.16712915635,0,0.359355731335051,0.640644268664946,0,32.8041228211797,0,108,900,800,174.113332130275
-800,900,4568.1305135849,4568.1305135849,0,0.499337500706408,0.50066249929359,0,35.982235811865,0,108,900,900,174.113332130275
-800,1000,5322.96897883725,5322.96897883725,0,0.647036422242397,0.352963577757603,0,39.4432358247472,0,108,900,1000,174.113332130275
-800,1100,6109.40749007763,6109.40749007763,0,0.801232205200155,0.198767794799836,0,43.0492939598294,0,108,900,1100,174.113332130275
-800,1200,6908.34316355461,6908.34316355461,0,0.960900063578017,0.0391004031982179,0,46.6983062532845,0,132,900,1200,174.113332130275
-800,1300,7093.00434635886,7093.00434635886,0,0.999999999999998,0,0,47.5160331487238,0,12,900,1300,174.113332130275
-800,1400,7093.00434635886,7093.00434635886,0,0.999999999999998,0,0,47.5160331487238,0,12,900,1400,174.113332130275
-800,1500,7093.00434635886,7093.00434635886,0,0.999999999999998,0,0,47.5160331487238,0,12,900,1500,174.113332130275
-800,1600,7093.00434635886,7093.00434635886,0,0.999999999999998,0,0,47.5160331487238,0,12,900,1600,174.113332130275
-700,-1600,7093.00434635886,7093.00434635886,0,0.999999999999998,0,0,47.5160331487238,0,12,1000,-1600,174.113332130275
-700,-1500,7093.00434635886,7093.00434635886,0,0.999999999999998,0,0,47.5160331487238,0,12,1000,-1500,174.113332130275
-700,-1400,7093.00434635886,7093.00434635886,0,0.999999999999998,0,0,47.5160331487238,0,12,1000,-1400,174.113332130275
-700,-1300,7071.22316320066,7071.22316320066,0,0.996407040959442,0.00361178990703821,0,47.407933603356,0,108,1000,-1300,174.113332130275
-700,-1200,6317.67011590555,6317.67011590555,0,0.848446080190843,0.151553919809157,0,43.966798882248,0,132,1000,-1200,174.113332130275
-700,-1100,5430.40902676656,5430.40902676656,0,0.682082138140002,0.31791786186,0,39.84437509407,0,132,1000,-1100,174.113332130275
-700,-1000,4546.85982790259,4546.85982790259,0,0.52060917907228,0.479390820927725,0,35.7072115656669,0,132,1000,-1000,174.113332130275
-700,-900,3684.82359494734,3684.82359494734,0,0.365028778571642,0.634971221428366,0,31.654036313371,0,108,1000,-900,174.113332130275
-700,-800,2868.11018083328,2868.11018083328,0,0.216581642801376,0.783418357198633,0,27.8239578337237,0,108,1000,-800,174.113332130275
-700,-700,2033.05213729797,2033.05213729797,0,0.0768938625929268,0.923106402037339,0,24.0751429781317,0,108,1000,-700,174.113332130275
-700,-600,1789.15431234518,1789.15431234518,0,4.52838693189386e-06,0.999995469617483,0,22.9318438521692,0,108,1000,-600,174.113332130275
-700,-500,1969.49715075434,1969.49715075434,0,0,1.00000000000001,0,24.0225885605747,0,108,1000,-500,174.113332130275
-700,-400,2325.37332450017,2325.37332450017,0,0,1.00000000000001,0,26.0235143421447,0,108,1000,-400,174.113332130275
-700,-300,3009.13041840276,3009.13041840276,0,0,1.00000000000001,0,29.4639254931221,0,108,1000,-300,174.113332130275
-700,-200,4197.41296279411,4197.41296279411,0,0,1.00000000000001,0,34.8284939936198,0,108,1000,-200,174.113332130275
-700,-100,5693.05380090772,5693.05380090772,0,0,0.999999999999999,0,41.456986453119,0,108,1000,-100,174.113332130275
-700,0,7043.61252687311,7043.61252687311,0,0,0.999999995369816,0,47.3112951342004,0,156,1000,0,174.113332130275
-700,100,5693.05380090767,5693.05380090767,0,0,0.999999999999989,0,41.4569864531186,0,108,1000,100,174.113332130275
-700,200,4197.41296279401,4197.412962794,0,0,0.999999999999996,0,34.8284939936191,0,108,1000,200,174.113332130275
-700,300,3009.13041840269,3009.13041840269,0,0,1,0,29.4639254931216,0,108,1000,300,174.113332130275
-700,400,2325.37332450007,2325.37332450007,0,0,0.999999999999996,0,26.023514342144,0,108,1000,400,174.113332130275
-700,500,1969.49715075427,1969.49715075426,0,0,0.999999999999993,0,24.022588560574,0,108,1000,500,174.113332130275
-700,600,1789.15431234512,1789.15431234512,0,4.52838693189381e-06,0.999995469617471,0,22.9318438521688,0,108,1000,600,174.113332130275
-700,700,2033.05213729791,2033.05213729791,0,0.0768938625929268,0.923106402037328,0,24.0751429781312,0,108,1000,700,174.113332130275
-700,800,2868.11018083326,2868.11018083326,0,0.216581642801376,0.783418357198631,0,27.8239578337236,0,108,1000,800,174.113332130275
-700,900,3684.82359494729,3684.82359494729,0,0.365028778571642,0.634971221428347,0,31.6540363133705,0,108,1000,900,174.113332130275
-700,1000,4546.85982790257,4546.85982790257,0,0.52060917907228,0.479390820927721,0,35.7072115656667,0,132,1000,1000,174.113332130275
-700,1100,5430.40902676653,5430.40902676653,0,0.682082138140002,0.317917861859989,0,39.8443750940697,0,132,1000,1100,174.113332130275
-700,1200,6317.67011590553,6317.67011590553,0,0.848446080190843,0.151553919809152,0,43.9667988822478,0,132,1000,1200,174.113332130275
-700,1300,7071.22316320066,7071.22316320066,0,0.996407040959442,0.00361178990703812,0,47.407933603356,0,108,1000,1300,174.113332130275
-700,1400,7093.00434635886,7093.00434635886,0,0.999999999999998,0,0,47.5160331487238,0,12,1000,1400,174.113332130275
-700,1500,7093.00434635886,7093.00434635886,0,0.999999999999998,0,0,47.5160331487238,0,12,1000,1500,174.113332130275
-700,1600,7093.00434635886,7093.00434635886,0,0.999999999999998,0,0,47.5160331487238,0,12,1000,1600,174.113332130275
-600,-1600,7093.00434635886,7093.00434635886,0,0.999999999999998,0,0,47.5160331487238,0,12,1100,-1600,174.113332130275
-600,-1500,7093.00434635886,7093.00434635886,0,0.999999999999998,0,0,47.5160331487238,0,12,1100,-1500,174.113332130275
-600,-1400,7093.00434635886,7093.00434635886,0,0.999999999999998,0,0,47.5160331487238,0,12,1100,-1400,174.113332130275
-600,-1300,6690.934815375,6690.934815375,0,0.922389888522351,0.0776101114776483,0,45.6734020159549,0,108,1100,-1300,174.113332130275
-600,-1200,5734.30979002538,5734.30979002538,0,0.745961210463431,0.25403878953657,0,41.2007104807687,0,132,1100,-1200,174.113332130275
-600,-1100,4759.03329084659,4759.03329084659,0,0.572981159098545,0.427018840901458,0,36.5783927684864,0,132,1100,-1100,174.113332130275
-600,-1000,3777.49906408623,3777.49906408623,0,0.40419372197783,0.595806278022177,0,31.8678987796389,0,132,1100,-1000,174.113332130275
-600,-900,2805.83442662425,2805.83442662425,0,0.240545994461463,0.759454005538547,0,27.1592679122194,0,132,1100,-900,174.113332130275
-600,-800,1865.50070586718,1865.50070586718,0,0.0832488174373616,0.91675118256265,0,22.5836975276278,0,108,1100,-800,174.113332130275
-600,-700,1360.31296056433,1360.31296056433,0,0,1.00000000000001,0,20.0974256494851,0,108,1100,-700,174.113332130275
-600,-600,1380.86578031223,1380.86578031223,0,0,1.00000000000001,0,20.2514324362787,0,108,1100,-600,174.113332130275
-600,-500,1474.64743831987,1474.64743831987,0,0,1.00000000000001,0,20.9117578025812,0,108,1100,-500,174.113332130275
-600,-400,1699.80197159487,1699.80197159487,0,0,1.00000000000001,0,22.4020893121201,0,108,1100,-400,174.113332130275
-600,-300,2193.77211600996,2193.77211600996,0,0,1.00000000000001,0,25.3341714011067,0,108,1100,-300,174.113332130275
-600,-200,3298.75100575321,3298.75100575321,0,0,1.00000000000001,0,30.847541844641,0,108,1100,-200,174.113332130275
-600,-100,5200.62471876993,5200.62471876993,0,0,1.00000000000001,0,39.3063259399757,0,108,1100,-100,174.113332130275
-600,0,7036.86184154394,7036.86184154394,0,0,0.999999994508895,0,47.283646230811,0,156,1100,0,174.113332130275
-600,100,5200.62471876989,5200.62471876989,0,0,0.999999999999995,0,39.3063259399754,0,108,1100,100,174.113332130275
-600,200,3298.75100575314,3298.75100575314,0,0,1,0,30.8475418446407,0,108,1100,200,174.113332130275
-600,300,2193.77211600988,2193.77211600988,0,0,0.999999999999995,0,25.334171401106,0,108,1100,300,174.113332130275
-600,400,1699.80197159477,1699.80197159477,0,0,0.999999999999985,0,22.4020893121191,0,108,1100,400,174.113332130275
-600,500,1474.64743831981,1474.64743831981,0,0,0.999999999999987,0,20.9117578025805,0,108,1100,500,174.113332130275
-600,600,1380.8657803122,1380.8657803122,0,0,1,0,20.2514324362784,0,108,1100,600,174.113332130275
-600,700,1360.3129605643,1360.3129605643,0,0,1.00000000000001,0,20.0974256494849,0,108,1100,700,174.113332130275
-600,800,1865.50070586713,1865.50070586713,0,0.0832488174373616,0.916751182562634,0,22.5836975276272,0,108,1100,800,174.113332130275
-600,900,2805.83442662421,2805.83442662421,0,0.240545994461464,0.759454005538533,0,27.159267912219,0,132,1100,900,174.113332130275
-600,1000,3777.4990640862,3777.4990640862,0,0.40419372197783,0.595806278022172,0,31.8678987796387,0,132,1100,1000,174.113332130275
-600,1100,4759.03329084656,4759.03329084656,0,0.572981159098545,0.427018840901453,0,36.5783927684862,0,132,1100,1100,174.113332130275
-600,1200,5734.30979002537,5734.30979002537,0,0.745961210463431,0.254038789536569,0,41.2007104807686,0,132,1100,1200,174.113332130275
-600,1300,6690.934815375,6690.934815375,0,0.922389888522351,0.0776101114776472,0,45.6734020159549,0,108,1100,1300,174.113332130275
-600,1400,7093.00434635886,7093.00434635886,0,0.999999999999998,0,0,47.5160331487238,0,12,1100,1400,174.113332130275
-600,1500,7093.00434635886,7093.00434635886,0,0.999999999999998,0,0,47.5160331487238,0,12,1100,1500,174.113332130275
-600,1600,7093.00434635886,7093.00434635886,0,0.999999999999998,0,0,47.5160331487238,0,12,1100,1600,174.113332130275
-500,-1600,7093.00434635886,7093.00434635886,0,0.999999999999998,0,0,47.5160331487238,0,12,1200,-1600,174.113332130275
-500,-1500,7093.00434635886,7093.00434635886,0,0.999999999999998,0,0,47.5160331487238,0,12,1200,-1500,174.113332130275
-500,-1400,7084.68237158446,7084.68237158446,0,0.998701383289458,0.00129089135069583,0,47.4727385597445,0,108,1200,-1400,174.113332130275
-500,-1300,6212.82617134472,6212.82617134472,0,0.836724921264222,0.163275078735778,0,43.4148862115837,0,132,1200,-1300,174.113332130275
-500,-1200,5180.80801829629,5180.80801829629,0,0.65461098989232,0.345389010107683,0,38.5077734518867,0,132,1200,-1200,174.113332130275
-500,-1100,4121.31674360151,4121.31674360151,0,0.475257665957155,0.524742334042852,0,33.3791094487207,0,132,1200,-1100,174.113332130275
-500,-1000,3045.2956273334,3045.2956273334,0,0.299310466197287,0.700689533802721,0,28.077842549776,0,132,1200,-1000,174.113332130275
-500,-900,1966.8909931119,1966.8909931119,0,0.127613789315428,0.872386210684581,0,22.679269578239,0,132,1200,-900,174.113332130275
-500,-800,1132.04518963722,1132.04518963722,0,1.06304632103146e-05,0.999989400047454,0,18.3872373725294,0,132,1200,-800,174.113332130275
-500,-700,1073.98161442241,1073.98161442241,0,0,1,0,17.9320810729479,0,132,1200,-700,174.113332130275
-500,-600,1047.97855340855,1047.97855340855,0,0,1.00000000000001,0,17.7275576122171,0,108,1200,-600,174.113332130275
-500,-500,1071.83450628237,1071.83450628237,0,0,1.00000000000001,0,17.9289679620852,0,108,1200,-500,174.113332130275
-500,-400,1184.04859979712,1184.04859979712,0,0,1.00000000000001,0,18.8223794076596,0,108,1200,-400,174.113332130275
-500,-300,1482.4425716368,1482.4425716368,0,0,1.00000000000001,0,20.9927309819554,0,108,1200,-300,174.113332130275
-500,-200,2270.70424496918,2270.70424496918,0,0,1.00000000000001,0,25.7925983283889,0,108,1200,-200,174.113332130275
-500,-100,4418.36543139123,4418.36543139122,0,0,1.00000000000001,0,35.8854382304109,0,108,1200,-100,174.113332130275
-500,0,7028.00249357888,7028.00249357887,0,0,0.999999993392517,0,47.2475004363168,0,156,1200,0,174.113332130275
-500,100,4418.36543139115,4418.36543139115,0,0,0.999999999999997,0,35.8854382304104,0,108,1200,100,174.113332130275
-500,200,2270.7042449691,2270.7042449691,0,0,0.999999999999997,0,25.7925983283883,0,108,1200,200,174.113332130275
-500,300,1482.44257163676,1482.44257163676,0,0,1,0,20.992730981955,0,108,1200,300,174.113332130275
-500,400,1184.04859979705,1184.04859979705,0,0,0.999999999999988,0,18.8223794076589,0,108,1200,400,174.113332130275
-500,500,1071.83450628234,1071.83450628234,0,0,1.00000000000001,0,17.928967962085,0,108,1200,500,174.113332130275
-500,600,1047.97855340852,1047.97855340852,0,0,0.999999999999998,0,17.7275576122167,0,108,1200,600,174.113332130275
-500,700,1073.98161442237,1073.98161442237,0,0,0.999999999999991,0,17.9320810729475,0,132,1200,700,174.113332130275
-500,800,1132.04518963714,1132.04518963714,0,1.06304632103146e-05,0.999989400047407,0,18.3872373725284,0,132,1200,800,174.113332130275
-500,900,1966.89099311188,1966.89099311188,0,0.127613789315429,0.87238621068457,0,22.6792695782387,0,132,1200,900,174.113332130275
-500,1000,3045.29562733337,3045.29562733337,0,0.299310466197287,0.700689533802713,0,28.0778425497758,0,132,1200,1000,174.113332130275
-500,1100,4121.3167436015,4121.3167436015,0,0.475257665957155,0.524742334042845,0,33.3791094487205,0,132,1200,1100,174.113332130275
-500,1200,5180.80801829627,5180.80801829627,0,0.65461098989232,0.345389010107674,0,38.5077734518864,0,132,1200,1200,174.113332130275
-500,1300,6212.8261713447,6212.8261713447,0,0.836724921264222,0.163275078735773,0,43.4148862115836,0,132,1200,1300,174.113332130275
-500,1400,7084.68237158446,7084.68237158446,0,0.998701383289458,0.00129089135069573,0,47.4727385597445,0,108,1200,1400,174.113332130275
-500,1500,7093.00434635886,7093.00434635886,0,0.999999999999998,0,0,47.5160331487238,0,12,1200,1500,174.113332130275
-500,1600,7093.00434635886,7093.00434635886,0,0.999999999999998,0,0,47.5160331487238,0,12,1200,1600,174.113332130275
-400,-1600,7093.00434635886,7093.00434635886,0,0.999999999999998,0,0,47.5160331487238,0,12,1300,-1600,174.113332130275
-400,-1500,7093.00434635886,7093.00434635886,0,0.999999999999998,0,0,47.5160331487238,0,12,1300,-1500,174.113332130275
-400,-1400,6836.28248494605,6836.28248494605,0,0.951893838846204,0.0481061611537941,0,46.3289487918415,0,108,1300,-1400,174.113332130275
-400,-1300,5778.94029518766,5778.94029518766,0,0.762905532070058,0.237094467929943,0,41.3221966222521,0,132,1300,-1300,174.113332130275
-400,-1200,4678.33505629879,4678.33505629879,0,0.575579575610642,0.424420424389363,0,36.0012513116036,0,132,1300,-1200,174.113332130275
-400,-1100,3541.84762960227,3541.84762960227,0,0.390306431748243,0.609693568251763,0,30.3843068807075,0,132,1300,-1100,174.113332130275
-400,-1000,2378.89801741542,2378.89801741542,0,0.207602422397066,0.792397577602944,0,24.5047363609709,0,132,1300,-1000,174.113332130275
-400,-900,1099.65399287311,1099.65399287311,0,0.0294180172208796,0.970581819633466,0,18.0231401124254,0,156,1300,-900,174.113332130275
-400,-800,929.575654746703,929.575654746703,0,0,1.00000000000001,0,16.7150313658108,0,132,1300,-800,174.113332130275
-400,-700,847.975270075496,847.975270075495,0,0,1.00000000000001,0,15.9923408536052,0,132,1300,-700,174.113332130275
-400,-600,788.823507385987,788.823507385987,0,0,1.00000000000001,0,15.4456651714703,0,132,1300,-600,174.113332130275
-400,-500,762.2706492636,762.2706492636,0,0,1.00000000000002,0,15.1952656607589,0,108,1300,-500,174.113332130275
-400,-400,790.302315840668,790.302315840668,0,0,1.00000000000001,0,15.4690422458645,0,108,1300,-400,174.113332130275
-400,-300,930.711680353214,930.711680353214,0,0,1.00000000000001,0,16.7557954685212,0,108,1300,-300,174.113332130275
-400,-200,1381.65072939938,1381.65072939938,0,0,1.00000000000001,0,20.3102415704664,0,108,1300,-200,174.113332130275
-400,-100,3135.25056605409,3135.25056605409,0,0,1.00000000000001,0,30.1978988221899,0,108,1300,-100,174.113332130275
-400,0,7015.89434532278,7015.89434532278,0,0,0.999999991965624,0,47.1983749268783,0,156,1300,0,174.113332130275
-400,100,3135.25056605401,3135.25056605401,0,0,0.999999999999995,0,30.1978988221894,0,108,1300,100,174.113332130275
-400,200,1381.65072939935,1381.65072939935,0,0,1.00000000000001,0,20.3102415704662,0,108,1300,200,174.113332130275
-400,300,930.711680353194,930.711680353193,0,0,1,0,16.7557954685209,0,108,1300,300,174.113332130275
-400,400,790.30231584064,790.30231584064,0,0,0.999999999999997,0,15.4690422458641,0,108,1300,400,174.113332130275
-400,500,762.270649263579,762.270649263579,0,0,1,0,15.1952656607587,0,108,1300,500,174.113332130275
-400,600,788.823507385949,788.823507385949,0,0,0.999999999999993,0,15.4456651714697,0,132,1300,600,174.113332130275
-400,700,847.975270075471,847.975270075471,0,0,0.999999999999997,0,15.9923408536049,0,132,1300,700,174.113332130275
-400,800,929.575654746666,929.575654746666,0,0,0.999999999999991,0,16.7150313658103,0,132,1300,800,174.113332130275
-400,900,1099.65399287304,1099.65399287304,0,0.0294180172208786,0.970581819633421,0,18.0231401124244,0,156,1300,900,174.113332130275
-400,1000,2378.89801741539,2378.89801741539,0,0.207602422397066,0.792397577602936,0,24.5047363609707,0,132,1300,1000,174.113332130275
-400,1100,3541.84762960225,3541.84762960225,0,0.390306431748243,0.609693568251758,0,30.3843068807074,0,132,1300,1100,174.113332130275
-400,1200,4678.33505629876,4678.33505629876,0,0.575579575610642,0.424420424389353,0,36.0012513116033,0,132,1300,1200,174.113332130275
-400,1300,5778.94029518764,5778.94029518764,0,0.762905532070058,0.237094467929938,0,41.322196622252,0,132,1300,1300,174.113332130275
-400,1400,6836.28248494605,6836.28248494605,0,0.951893838846205,0.0481061611537938,0,46.3289487918415,0,108,1300,1400,174.113332130275
-400,1500,7093.00434635886,7093.00434635886,0,0.999999999999998,0,0,47.5160331487238,0,12,1300,1500,174.113332130275
-400,1600,7093.00434635886,7093.00434635886,0,0.999999999999998,0,0,47.5160331487238,0,12,1300,1600,174.113332130275
-300,-1600,7093.00434635886,7093.00434635886,0,0.999999999999998,0,0,47.5160331487238,0,12,1400,-1600,174.113332130275
-300,-1500,7093.00434635886,7093.00434635886,0,0.999999999999998,0,0,47.5160331487238,0,12,1400,-1500,174.113332130275
-300,-1400,6515.8437586168,6515.8437586168,0,0.894873828879049,0.105126171120951,0,44.8075765072138,0,132,1400,-1400,174.113332130275
-300,-1300,5405.7702487824,5405.7702487824,0,0.701901986080266,0.298098013919736,0,39.4872310613941,0,132,1400,-1300,174.113332130275
-300,-1200,4245.99047531132,4245.99047531132,0,0.510029784369516,0.489970215630489,0,33.7941628286638,0,156,1400,-1200,174.113332130275
-300,-1100,3042.79570685516,3042.79570685516,0,0.319529802688356,0.680470197311654,0,27.7334691413933,0,156,1400,-1100,174.113332130275
-300,-1000,1804.13531541851,1804.13531541851,0,0.130769619818304,0.869230380181708,0,21.3214363885614,0,156,1400,-1000,174.113332130275
-300,-900,884.320456878543,884.320456878543,0,0,1.00000000000001,0,16.3083708067569,0,132,1400,-900,174.113332130275
-300,-800,773.90062410436,773.90062410436,0,0,1.00000000000002,0,15.2915561441193,0,132,1400,-800,174.113332130275
-300,-700,676.937864789855,676.937864789855,0,0,1.00000000000001,0,14.3325736901932,0,132,1400,-700,174.113332130275
-300,-600,596.457760347649,596.457760347649,0,0,1.00000000000001,0,13.4791703452082,0,132,1400,-600,174.113332130275
-300,-500,537.613034258123,537.613034258123,0,0,1.00000000000002,0,12.8150893628363,0,108,1400,-500,174.113332130275
-300,-400,511.087401744594,511.087401744594,0,0,1.00000000000002,0,12.5019969101286,0,108,1400,-400,174.113332130275
-300,-300,544.910770800638,544.910770800638,0,0,1.00000000000001,0,12.8976453844939,0,108,1400,-300,174.113332130275
-300,-200,739.945578126098,739.945578126098,0,0,1.00000000000001,0,14.9790064257883,0,108,1400,-200,174.113332130275
-300,-100,1716.60685402188,1716.60685402188,0,0,1.00000000000001,0,22.5973404438484,0,108,1400,-100,174.113332130275
-300,0,6998.4576666326,6998.4576666326,0,0,0.999999990314442,0,47.1282562051392,0,156,1400,0,174.113332130275
-300,100,1716.60685402181,1716.60685402181,0,0,0.999999999999993,0,22.5973404438478,0,108,1400,100,174.113332130275
-300,200,739.945578126076,739.945578126075,0,0,0.999999999999998,0,14.979006425788,0,108,1400,200,174.113332130275
-300,300,544.910770800627,544.910770800627,0,0,1.00000000000001,0,12.8976453844938,0,108,1400,300,174.113332130275
-300,400,511.087401744579,511.087401744579,0,0,1.00000000000001,0,12.5019969101284,0,108,1400,400,174.113332130275
-300,500,537.613034258102,537.613034258102,0,0,0.999999999999996,0,12.8150893628359,0,108,1400,500,174.113332130275
-300,600,596.457760347638,596.457760347638,0,0,1.00000000000001,0,13.4791703452081,0,132,1400,600,174.113332130275
-300,700,676.937864789824,676.937864789824,0,0,0.999999999999996,0,14.3325736901928,0,132,1400,700,174.113332130275
-300,800,773.900624104334,773.900624104334,0,0,0.999999999999997,0,15.2915561441189,0,132,1400,800,174.113332130275
-300,900,884.320456878505,884.320456878505,0,0,0.999999999999987,0,16.3083708067564,0,132,1400,900,174.113332130275
-300,1000,1804.13531541848,1804.13531541848,0,0.130769619818304,0.869230380181693,0,21.321436388561,0,156,1400,1000,174.113332130275
-300,1100,3042.79570685513,3042.79570685513,0,0.319529802688356,0.68047019731164,0,27.7334691413929,0,156,1400,1100,174.113332130275
-300,1200,4245.9904753113,4245.9904753113,0,0.510029784369516,0.489970215630487,0,33.7941628286637,0,156,1400,1200,174.113332130275
-300,1300,5405.77024878239,5405.77024878239,0,0.701901986080266,0.298098013919735,0,39.4872310613941,0,132,1400,1300,174.113332130275
-300,1400,6515.84375861679,6515.84375861679,0,0.894873828879048,0.105126171120948,0,44.8075765072137,0,132,1400,1400,174.113332130275
-300,1500,7093.00434635886,7093.00434635886,0,0.999999999999998,0,0,47.5160331487238,0,12,1400,1500,174.113332130275
-300,1600,7093.00434635886,7093.00434635886,0,0.999999999999998,0,0,47.5160331487238,0,12,1400,1600,174.113332130275
-200,-1600,7093.00434635886,7093.00434635886,0,0.999999999999998,0,0,47.5160331487238,0,12,1500,-1600,174.113332130275
-200,-1500,7093.00434635886,7093.00434635886,0,0.999999999999998,0,0,47.5160331487238,0,12,1500,-1500,174.113332130275
-200,-1400,6259.74559086534,6259.74559086534,0,0.850771304114037,0.149228695885961,0,43.5742896415285,0,132,1500,-1400,174.113332130275
-200,-1300,5107.42883262334,5107.42883262334,0,0.654597106702463,0.34540289329754,0,37.9947605744779,0,156,1500,-1300,174.113332130275
-200,-1200,3900.11898658779,3900.11898658779,0,0.459038799701982,0.540961200298024,0,31.9918754236958,0,156,1500,-1200,174.113332130275
-200,-1100,2643.1587502885,2643.1587502885,0,0.264255756216776,0.735744243783234,0,25.5584058588974,0,156,1500,-1100,174.113332130275
-200,-1000,1343.20369259263,1343.20369259263,0,0.0704664525987868,0.929533547401225,0,18.694100691784,0,156,1500,-1000,174.113332130275
-200,-900,777.84239313165,777.84239313165,0,0,1.00000000000001,0,15.3217689248293,0,132,1500,-900,174.113332130275
-200,-800,660.127192297828,660.127192297828,0,0,1.00000000000001,0,14.1515989298708,0,132,1500,-800,174.113332130275
-200,-700,554.067683724175,554.067683724175,0,0,1.00000000000001,0,12.9978913753953,0,132,1500,-700,174.113332130275
-200,-600,461.385893177029,461.385893177029,0,0,1.00000000000002,0,11.889143229572,0,132,1500,-600,174.113332130275
-200,-500,384.540426648494,384.540426648494,0,0,1.00000000000001,0,10.8756876381115,0,132,1500,-500,174.113332130275
-200,-400,327.939556324764,327.939556324763,0,0,1.00000000000001,0,10.0557437801881,0,108,1500,-400,174.113332130275
-200,-300,302.269566341768,302.269566341768,0,0,1.00000000000001,0,9.65084584008618,0,108,1500,-300,174.113332130275
-200,-200,345.820921338889,345.820921338889,0,0,1.00000000000001,0,10.2902399462384,0,108,1500,-200,174.113332130275
-200,-100,718.932988971965,718.932988971965,0,0,1.00000000000001,0,14.7348054640294,0,108,1500,-100,174.113332130275
-200,0,6971.72572132132,6971.72572132132,0,0,0.999999989350292,0,47.0225317191538,0,156,1500,0,174.113332130275
-200,100,718.932988971939,718.932988971938,0,0,0.999999999999999,0,14.734805464029,0,108,1500,100,174.113332130275
-200,200,345.820921338874,345.820921338874,0,0,0.999999999999993,0,10.290239946238,0,108,1500,200,174.113332130275
-200,300,302.269566341759,302.269566341759,0,0,1,0,9.65084584008598,0,108,1500,300,174.113332130275
-200,400,327.939556324751,327.939556324751,0,0,0.999999999999996,0,10.0557437801879,0,108,1500,400,174.113332130275
-200,500,384.540426648477,384.540426648477,0,0,0.999999999999992,0,10.8756876381111,0,132,1500,500,174.113332130275
-200,600,461.385893177011,461.385893177011,0,0,1,0,11.8891432295717,0,132,1500,600,174.113332130275
-200,700,554.067683724154,554.067683724154,0,0,1,0,12.997891375395,0,132,1500,700,174.113332130275
-200,800,660.127192297808,660.127192297808,0,0,0.999999999999998,0,14.1515989298705,0,132,1500,800,174.113332130275
-200,900,777.842393131624,777.842393131624,0,0,0.999999999999997,0,15.3217689248289,0,132,1500,900,174.113332130275
-200,1000,1343.20369259261,1343.20369259261,0,0.0704664525987868,0.929533547401216,0,18.6941006917837,0,156,1500,1000,174.113332130275
-200,1100,2643.15875028848,2643.15875028848,0,0.264255756216776,0.735744243783226,0,25.5584058588972,0,156,1500,1100,174.113332130275
-200,1200,3900.11898658776,3900.11898658776,0,0.459038799701982,0.540961200298008,0,31.9918754236954,0,156,1500,1200,174.113332130275
-200,1300,5107.42883262333,5107.42883262333,0,0.654597106702463,0.345402893297537,0,37.9947605744778,0,156,1500,1300,174.113332130275
-200,1400,6259.74559086533,6259.74559086533,0,0.850771304114037,0.149228695885961,0,43.5742896415284,0,132,1500,1400,174.113332130275
-200,1500,7093.00434635886,7093.00434635886,0,0.999999999999998,0,0,47.5160331487238,0,12,1500,1500,174.113332130275
-200,1600,7093.00434635886,7093.00434635886,0,0.999999999999998,0,0,47.5160331487238,0,12,1500,1600,174.113332130275
-100,-1600,7093.00434635886,7093.00434635886,0,0.999999999999998,0,0,47.5160331487238,0,12,1600,-1600,174.113332130275
-100,-1500,7093.00434635886,7093.00434635886,0,0.999999999999998,0,0,47.5160331487238,0,12,1600,-1500,174.113332130275
-100,-1400,6077.71823215349,6077.71823215349,0,0.82019176581294,0.179808234187061,0,42.6867682114862,0,132,1600,-1400,174.113332130275
-100,-1300,4895.16195747152,4895.16195747152,0,0.621731703258911,0.378268296741093,0,36.9166461097894,0,156,1600,-1300,174.113332130275
-100,-1200,3653.75922893562,3653.75922893562,0,0.42352460589107,0.576475394108938,0,30.6845603265719,0,156,1600,-1200,174.113332130275
-100,-1100,2358.13273558742,2358.13273558742,0,0.225637965493705,0.774362034506303,0,23.9732913999947,0,156,1600,-1100,174.113332130275
-100,-1000,1013.94619871771,1013.94619871771,0,0.0281654303575533,0.971834569642459,0,16.7689056921577,0,156,1600,-1000,174.113332130275
-100,-900,705.256417996448,705.256417996448,0,0,1.00000000000001,0,14.6061698458669,0,132,1600,-900,174.113332130275
-100,-800,583.447669641164,583.447669641164,0,0,1.00000000000001,0,13.3225034704019,0,132,1600,-800,174.113332130275
-100,-700,472.57286093027,472.57286093027,0,0,1.00000000000001,0,12.023898675016,0,132,1600,-700,174.113332130275
-100,-600,373.82834678526,373.82834678526,0,0,1.00000000000001,0,10.7238401120664,0,132,1600,-600,174.113332130275
-100,-500,288.56941098478,288.56941098478,0,0,1.00000000000001,0,9.44619855198179,0,132,1600,-500,174.113332130275
-100,-400,218.578732953583,218.578732953583,0,0,1.00000000000001,0,8.23766794782472,0,108,1600,-400,174.113332130275
-100,-300,167.045642311171,167.045642311171,0,0,1.00000000000001,0,7.20403817064847,0,108,1600,-300,174.113332130275
-100,-200,143.566411788045,143.566411788045,0,0,1.00000000000001,0,6.65054507822484,0,108,1600,-200,174.113332130275
-100,-100,213.610924209291,213.610924209291,0,0,1.00000000000001,0,8.00529137581263,0,132,1600,-100,174.113332130275
-100,0,6930.66718940286,6930.66718940286,0,0,0.999999993626812,0,46.8675443439625,0,156,1600,0,174.113332130275
-100,100,213.610924209286,213.610924209286,0,0,1,0,8.00529137581248,0,132,1600,100,174.113332130275
-100,200,143.566411788042,143.566411788042,0,0,1,0,6.65054507822472,0,108,1600,200,174.113332130275
-100,300,167.045642311167,167.045642311167,0,0,1.00000000000001,0,7.20403817064838,0,108,1600,300,174.113332130275
-100,400,218.578732953578,218.578732953578,0,0,1,0,8.23766794782459,0,108,1600,400,174.113332130275
-100,500,288.569410984771,288.569410984771,0,0,0.999999999999998,0,9.44619855198158,0,132,1600,500,174.113332130275
-100,600,373.828346785242,373.828346785242,0,0,0.999999999999991,0,10.7238401120661,0,132,1600,600,174.113332130275
-100,700,472.572860930259,472.572860930259,0,0,1,0,12.0238986750159,0,132,1600,700,174.113332130275
-100,800,583.447669641146,583.447669641146,0,0,1,0,13.3225034704016,0,132,1600,800,174.113332130275
-100,900,705.256417996425,705.256417996425,0,0,0.999999999999999,0,14.6061698458666,0,132,1600,900,174.113332130275
-100,1000,1013.94619871768,1013.94619871768,0,0.0281654303575534,0.97183456964245,0,16.7689056921574,0,156,1600,1000,174.113332130275
-100,1100,2358.1327355874,2358.1327355874,0,0.225637965493705,0.774362034506288,0,23.9732913999943,0,156,1600,1100,174.113332130275
-100,1200,3653.7592289356,3653.7592289356,0,0.42352460589107,0.576475394108929,0,30.6845603265717,0,156,1600,1200,174.113332130275
-100,1300,4895.1619574715,4895.16195747149,0,0.621731703258912,0.378268296741087,0,36.9166461097892,0,156,1600,1300,174.113332130275
-100,1400,6077.71823215348,6077.71823215348,0,0.82019176581294,0.179808234187058,0,42.6867682114861,0,132,1600,1400,174.113332130275
-100,1500,7093.00434635886,7093.00434635886,0,0.999999999999998,0,0,47.5160331487238,0,12,1600,1500,174.113332130275
-100,1600,7093.00434635886,7093.00434635886,0,0.999999999999998,0,0,47.5160331487238,0,12,1600,1600,174.113332130275
0,-1600,7093.00434635886,7093.00434635886,0,0.999999999999998,0,0,47.5160331487238,0,12,1700,-1600,174.113332130275
0,-1500,7092.95374592763,7092.95374592763,0,0.999991663937204,8.30768174017781e-06,0,47.5157813371419,0,108,1700,-1500,174.113332130275
0,-1400,5976.68475691964,5976.68475691964,0,0.803577298620378,0.196422701379624,0,42.1878690955981,0,156,1700,-1400,174.113332130275
0,-1300,4776.97273486044,4776.97273486044,0,0.603851953987428,0.396148046012577,0,36.3066153191426,0,180,1700,-1300,174.113332130275
0,-1200,3516.20112994498,3516.20112994498,0,0.404172238700313,0.595827761299693,0,29.9401719786187,0,180,1700,-1200,174.113332130275
0,-1100,2198.57374387124,2198.57374387124,0,0.204550536704452,0.795449463295559,0,23.0650437849916,0,180,1700,-1100,174.113332130275
0,-1000,829.190359383603,829.190359383603,0,0.00500657295292104,0.994993428800099,0,15.6586703424147,0,180,1700,-1000,174.113332130275
0,-900,663.769252759818,663.769252759818,0,0,1.00000000000002,0,14.1773072855409,0,156,1700,-900,174.113332130275
0,-800,539.932622618037,539.932622618036,0,0,1.00000000000001,0,12.8241687285601,0,156,1700,-800,174.113332130275
0,-700,426.836598589597,426.836598589597,0,0,1.00000000000001,0,11.4365054985293,0,156,1700,-700,174.113332130275
0,-600,325.54681001154,325.54681001154,0,0,1.00000000000001,0,10.0183194741513,0,156,1700,-600,174.113332130275
0,-500,237.140579334307,237.140579334307,0,0,1.00000000000001,0,8.57668955565855,0,156,1700,-500,174.113332130275
0,-400,162.727371775855,162.727371775855,0,0,1.00000000000001,0,7.12540331290371,0,132,1700,-400,174.113332130275
0,-300,103.525171958109,103.525171958109,0,0,1.00000000000002,0,5.69528874538974,0,132,1700,-300,174.113332130275
0,-200,61.2635498285349,61.2635498285347,0,0,1.00000000000001,0,4.37244334737175,0,108,1700,-200,174.113332130275
0,-100,42.4429646620765,42.4429646620764,0,0,1.00000000000001,0,3.5428847002431,0,132,1700,-100,174.113332130275
0,100,42.4429646620756,42.4429646620756,0,0,0.999999999999997,0,3.54288470024304,0,132,1700,100,174.113332130275
0,200,61.2635498285332,61.2635498285331,0,0,1,0,4.37244334737167,0,108,1700,200,174.113332130275
0,300,103.525171958106,103.525171958106,0,0,1,0,5.69528874538962,0,132,1700,300,174.113332130275
0,400,162.72737177585,162.727371775849,0,0,0.999999999999997,0,7.12540331290353,0,132,1700,400,174.113332130275
0,500,237.140579334299,237.140579334299,0,0,1,0,8.57668955565835,0,156,1700,500,174.113332130275
0,600,325.546810011528,325.546810011528,0,0,0.999999999999995,0,10.018319474151,0,156,1700,600,174.113332130275
0,700,426.836598589584,426.836598589584,0,0,1,0,11.436505498529,0,156,1700,700,174.113332130275
0,800,539.932622618017,539.932622618017,0,0,0.999999999999996,0,12.8241687285598,0,156,1700,800,174.113332130275
0,900,663.769252759791,663.769252759791,0,0,0.999999999999997,0,14.1773072855405,0,156,1700,900,174.113332130275
0,1000,829.190359383516,829.190359383516,0,0.00500657295292093,0.994993428800008,0,15.6586703424132,0,180,1700,1000,174.113332130275
0,1100,2198.57374387121,2198.57374387121,0,0.204550536704452,0.795449463295549,0,23.0650437849913,0,180,1700,1100,174.113332130275
0,1200,3516.20112994495,3516.20112994495,0,0.404172238700313,0.595827761299681,0,29.9401719786184,0,180,1700,1200,174.113332130275
0,1300,4776.97273486043,4776.97273486043,0,0.603851953987428,0.396148046012575,0,36.3066153191425,0,180,1700,1300,174.113332130275
0,1400,5976.68475691963,5976.68475691963,0,0.803577298620378,0.19642270137962,0,42.187869095598,0,156,1700,1400,174.113332130275
0,1500,7092.95374592763,7092.95374592763,0,0.999991663937204,8.30768174017173e-06,0,47.5157813371419,0,108,1700,1500,174.113332130275
0,1600,7093.00434635886,7093.00434635886,0,0.999999999999998,0,0,47.5160331487238,0,12,1700,1600,174.113332130275
100,-1600,7093.00434635886,7093.00434635886,0,0.999999999999998,0,0,47.5160331487238,0,12,1800,-1600,174.113332130275
100,-1500,7090.71833051046,7090.71833051046,0,0.999622921054795,0.000376176344267779,0,47.5045332967491,0,84,1800,-1500,174.113332130275
100,-1400,5961.46978379819,5961.46978379819,0,0.80117614897156,0.19882385102844,0,42.1093804889158,0,180,1800,-1400,174.113332130275
100,-1300,4759.30755438988,4759.30755438988,0,0.601266520949507,0.398733479050496,0,36.2112146662331,0,180,1800,-1300,174.113332130275
100,-1200,3495.70274183783,3495.70274183783,0,0.401371926504407,0.5986280734956,0,29.8238424577126,0,180,1800,-1200,174.113332130275
100,-1100,2174.77987612665,2174.77987612665,0,0.201496453968577,0.798503546031433,0,22.9225584318923,0,180,1800,-1100,174.113332130275
100,-1000,803.693319574422,803.693319574422,0,0.00198324890690424,0.998016740270758,0,15.4944981964389,0,180,1800,-1000,174.113332130275
100,-900,657.240189969858,657.240189969858,0,0,1.00000000000001,0,14.1040873673495,0,156,1800,-900,174.113332130275
100,-800,532.864162149614,532.864162149614,0,0,1.00000000000002,0,12.7365991398787,0,156,1800,-800,174.113332130275
100,-700,419.179931496673,419.179931496673,0,0,1.00000000000001,0,11.3302401161484,0,156,1800,-700,174.113332130275
100,-600,317.243092106826,317.243092106826,0,0,1.00000000000002,0,9.88691368166966,0,156,1800,-600,174.113332130275
100,-500,228.111122454477,228.111122454477,0,0,1.00000000000001,0,8.41001807426164,0,156,1800,-500,174.113332130275
100,-400,152.84619077515,152.846190775149,0,0,1.00000000000001,0,6.90624963160937,0,132,1800,-400,174.113332130275
100,-300,92.5257100925425,92.5257100925424,0,0,1.00000000000001,0,5.39080080102099,0,132,1800,-300,174.113332130275
100,-200,48.3026958835161,48.302695883516,0,0,1.00000000000002,0,3.90674502581027,0,132,1800,-200,174.113332130275
100,-100,22.0387048760792,22.0387048760792,0,0,1.00000000000001,0,2.63820391103891,0,156,1800,-100,174.113332130275
100,0,3732.18939559933,3732.18939559933,0.0959552847977246,0,0.904044487655456,0.180682956193502,29.4632363543897,0,324,1800,0,174.113332130275
100,100,22.0387048760786,22.0387048760786,0,0,1,0,2.63820391103887,0,156,1800,100,174.113332130275
100,200,48.3026958835141,48.302695883514,0,0,1,0,3.90674502581016,0,132,1800,200,174.113332130275
100,300,92.5257100925381,92.5257100925381,0,0,0.999999999999996,0,5.39080080102081,0,132,1800,300,174.113332130275
100,400,152.846190775143,152.846190775143,0,0,0.999999999999998,0,6.90624963160915,0,132,1800,400,174.113332130275
100,500,228.111122454468,228.111122454468,0,0,1,0,8.41001807426143,0,156,1800,500,174.113332130275
100,600,317.243092106817,317.243092106816,0,0,1.00000000000001,0,9.88691368166947,0,156,1800,600,174.113332130275
100,700,419.179931496656,419.179931496656,0,0,1,0,11.3302401161481,0,156,1800,700,174.113332130275
100,800,532.864162149592,532.864162149592,0,0,1.00000000000001,0,12.7365991398784,0,156,1800,800,174.113332130275
100,900,657.240189969835,657.240189969835,0,0,0.999999999999995,0,14.1040873673491,0,156,1800,900,174.113332130275
100,1000,803.693319574345,803.693319574345,0,0.00198324890690425,0.998016740270693,0,15.4944981964376,0,180,1800,1000,174.113332130275
100,1100,2174.77987612662,2174.77987612662,0,0.201496453968577,0.798503546031421,0,22.922558431892,0,180,1800,1100,174.113332130275
100,1200,3495.70274183779,3495.70274183779,0,0.401371926504407,0.598628073495587,0,29.8238424577122,0,180,1800,1200,174.113332130275
100,1300,4759.30755438986,4759.30755438986,0,0.601266520949507,0.398733479050491,0,36.2112146662329,0,180,1800,1300,174.113332130275
100,1400,5961.46978379818,5961.46978379818,0,0.801176148971561,0.198823851028437,0,42.1093804889156,0,180,1800,1400,174.113332130275
100,1500,7090.71833051046,7090.71833051046,0,0.999622921054796,0.000376176344267412,0,47.5045332967492,0,84,1800,1500,174.113332130275
100,1600,7093.00434635886,7093.00434635886,0,0.999999999999998,0,0,47.5160331487238,0,12,1800,1600,174.113332130275
200,-1600,7093.00434635886,7093.00434635886,0,0.999999999999998,0,0,47.5160331487238,0,12,1900,-1600,174.113332130275
200,-1500,7093.00434635886,7093.00434635886,0,0.999999999999998,0,0,47.5160331487238,0,12,1900,-1500,174.113332130275
200,-1400,6033.54573081413,6033.54573081413,0,0.813024689221787,0.186975310778214,0,42.4623719721075,0,132,1900,-1400,174.113332130275
200,-1300,4844.84200570771,4844.84200570771,0,0.614020750191581,0.385979249808422,0,36.6522770820156,0,156,1900,-1300,174.113332130275
200,-1200,3596.32135814327,3596.32135814327,0,0.415181191744924,0.584818808255083,0,30.3712930546206,0,156,1900,-1200,174.113332130275
200,-1100,2292.39433300071,2292.39433300071,0,0.216550179593699,0.783449820406311,0,23.5995781754788,0,156,1900,-1100,174.113332130275
200,-1000,938.441787124996,938.441787124995,0,0.0181891698460991,0.981810830153911,0,16.3195577074629,0,156,1900,-1000,174.113332130275
200,-900,692.391913676787,692.391913676786,0,0,1.00000000000001,0,14.4675663053405,0,132,1900,-900,174.113332130275
200,-800,569.376440752509,569.376440752509,0,0,1.00000000000002,0,13.1563942767159,0,132,1900,-800,174.113332130275
200,-700,457.13186134789,457.13186134789,0,0,1.00000000000001,0,11.8220375289202,0,132,1900,-700,174.113332130275
200,-600,356.781268843575,356.781268843574,0,0,1.00000000000001,0,10.4740721132867,0,132,1900,-600,174.113332130275
200,-500,269.525658084863,269.525658084863,0,0,1.00000000000002,0,9.12954684258095,0,132,1900,-500,174.113332130275
200,-400,196.774919141435,196.774919141435,0,0,1.00000000000001,0,7.82202794377074,0,108,1900,-400,174.113332130275
200,-300,140.629524366995,140.629524366995,0,0,1.00000000000001,0,6.6280808307116,0,108,1900,-300,174.113332130275
200,-200,106.398299832919,106.398299832919,0,0,1,0,5.77046898973724,0,108,1900,-200,174.113332130275
200,-100,129.383592935152,129.383592935152,0,0,1,0,6.32937618969334,0,132,1900,-100,174.113332130275
200,0,6651.63662343535,6651.63662343535,0,0,0.999999535488441,0,45.5719615102218,0,252,1900,0,174.113332130275
200,100,129.383592935152,129.383592935152,0,0,1,0,6.32937618969332,0,132,1900,100,174.113332130275
200,200,106.398299832919,106.398299832919,0,0,1,0,5.77046898973723,0,108,1900,200,174.113332130275
200,300,140.629524366992,140.629524366992,0,0,1,0,6.62808083071151,0,108,1900,300,174.113332130275
200,400,196.774919141427,196.774919141427,0,0,1,0,7.82202794377051,0,108,1900,400,174.113332130275
200,500,269.525658084851,269.525658084851,0,0,0.999999999999997,0,9.12954684258066,0,132,1900,500,174.113332130275
200,600,356.78126884356,356.78126884356,0,0,0.999999999999993,0,10.4740721132864,0,132,1900,600,174.113332130275
200,700,457.131861347874,457.131861347874,0,0,1,0,11.8220375289199,0,132,1900,700,174.113332130275
200,800,569.376440752488,569.376440752487,0,0,0.999999999999996,0,13.1563942767155,0,132,1900,800,174.113332130275
200,900,692.391913676753,692.391913676753,0,0,0.999999999999996,0,14.46756630534,0,132,1900,900,174.113332130275
200,1000,938.441787124959,938.441787124959,0,0.018189169846099,0.981810830153886,0,16.3195577074624,0,156,1900,1000,174.113332130275
200,1100,2292.39433300067,2292.39433300067,0,0.216550179593699,0.783449820406294,0,23.5995781754783,0,156,1900,1100,174.113332130275
200,1200,3596.32135814326,3596.32135814326,0,0.415181191744924,0.584818808255079,0,30.3712930546204,0,156,1900,1200,174.113332130275
200,1300,4844.84200570769,4844.84200570769,0,0.614020750191581,0.385979249808414,0,36.6522770820153,0,156,1900,1300,174.113332130275
200,1400,6033.54573081412,6033.54573081412,0,0.813024689221787,0.186975310778211,0,42.4623719721074,0,132,1900,1400,174.113332130275
200,1500,7093.00434635886,7093.00434635886,0,0.999999999999998,0,0,47.5160331487238,0,12,1900,1500,174.113332130275
200,1600,7093.00434635886,7093.00434635886,0,0.999999999999998,0,0,47.5160331487238,0,12,1900,1600,174.113332130275
300,-1600,7093.00434635886,7093.00434635886,0,0.999999999999998,0,0,47.5160331487238,0,12,2000,-1600,174.113332130275
300,-1500,7093.00434635886,7093.00434635886,0,0.999999999999998,0,0,47.5160331487238,0,12,2000,-1500,174.113332130275
300,-1400,6188.01914834417,6188.01914834417,0,0.838944715466435,0.161055284533566,0,43.2131232131396,0,132,2000,-1400,174.113332130275
300,-1300,5026.15186541901,5026.15186541901,0,0.641892782802885,0.358107217197119,0,37.5731798919546,0,156,2000,-1300,174.113332130275
300,-1200,3807.80415707773,3807.80415707773,0,0.445319094905997,0.554680905094009,0,31.4969452771137,0,156,2000,-1200,174.113332130275
300,-1100,2538.00061856624,2538.00061856624,0,0.249348852285325,0.750651147714684,0,24.9735699550942,0,156,2000,-1100,174.113332130275
300,-1000,1222.97674491923,1222.97674491923,0,0.0541544712388165,0.945845528761195,0,17.9978669233304,0,156,2000,-1000,174.113332130275
300,-900,758.534616627021,758.534616627021,0,0,1.00000000000001,0,15.1240637798366,0,132,2000,-900,174.113332130275
300,-800,638.788237892538,638.788237892538,0,0,1.00000000000002,0,13.9152158753387,0,132,2000,-800,174.113332130275
300,-700,530.319655142141,530.319655142141,0,0,1.00000000000001,0,12.7116369612835,0,132,2000,-700,174.113332130275
300,-600,434.636016776883,434.636016776883,0,0,1.00000000000001,0,11.5367677334086,0,132,2000,-600,174.113332130275
300,-500,353.747640657493,353.747640657493,0,0,1.00000000000001,0,10.432329030556,0,132,2000,-500,174.113332130275
300,-400,291.008289867779,291.008289867779,0,0,0.999999999999999,0,9.48056693481051,0,108,2000,-400,174.113332130275
300,-300,254.17810367584,254.178103675839,0,0,1,0,8.86985227079857,0,108,2000,-300,174.113332130275
300,-200,271.155115269257,271.155115269257,0,0,1,0,9.15069213877591,0,108,2000,-200,174.113332130275
300,-100,548.721775572314,548.721775572313,0,0,1,0,12.9091705065918,0,108,2000,-100,174.113332130275
300,0,6875.72631715939,6875.72631715939,0,0,0.999999470222134,0,46.5795163688108,0,252,2000,0,174.113332130275
300,100,548.721775572313,548.721775572312,0,0,1,0,12.9091705065918,0,108,2000,100,174.113332130275
300,200,271.155115269258,271.155115269257,0,0,1,0,9.15069213877593,0,108,2000,200,174.113332130275
300,300,254.178103675839,254.178103675839,0,0,1,0,8.86985227079855,0,108,2000,300,174.113332130275
300,400,291.008289867779,291.008289867779,0,0,1,0,9.48056693481052,0,108,2000,400,174.113332130275
300,500,353.747640657487,353.747640657487,0,0,1,0,10.4323290305559,0,132,2000,500,174.113332130275
300,600,434.636016776869,434.636016776869,0,0,1,0,11.5367677334084,0,132,2000,600,174.113332130275
300,700,530.319655142124,530.319655142123,0,0,0.999999999999999,0,12.7116369612833,0,132,2000,700,174.113332130275
300,800,638.788237892516,638.788237892515,0,0,1,0,13.9152158753384,0,132,2000,800,174.113332130275
300,900,758.534616626988,758.534616626988,0,0,0.999999999999998,0,15.1240637798361,0,132,2000,900,174.113332130275
300,1000,1222.97674491918,1222.97674491918,0,0.0541544712388166,0.945845528761169,0,17.9978669233298,0,156,2000,1000,174.113332130275
300,1100,2538.00061856623,2538.00061856623,0,0.249348852285325,0.750651147714679,0,24.973569955094,0,156,2000,1100,174.113332130275
300,1200,3807.80415707771,3807.80415707771,0,0.445319094905997,0.554680905094,0,31.4969452771135,0,156,2000,1200,174.113332130275
300,1300,5026.15186541899,5026.15186541899,0,0.641892782802885,0.358107217197112,0,37.5731798919544,0,156,2000,1300,174.113332130275
300,1400,6188.01914834416,6188.01914834416,0,0.838944715466435,0.161055284533561,0,43.2131232131395,0,132,2000,1400,174.113332130275
300,1500,7093.00434635886,7093.00434635886,0,0.999999999999998,0,0,47.5160331487238,0,12,2000,1500,174.113332130275
300,1600,7093.00434635886,7093.00434635886,0,0.999999999999998,0,0,47.5160331487238,0,12,2000,1600,174.113332130275
400,-1600,7093.00434635886,7093.00434635886,0,0.999999999999998,0,0,47.5160331487238,0,12,2100,-1600,174.113332130275
400,-1500,7093.00434635886,7093.00434635886,0,0.999999999999998,0,0,47.5160331487238,0,12,2100,-1500,174.113332130275
400,-1400,6418.73349708086,6418.73349708086,0,0.878556534280579,0.12144346571942,0,44.3232921609275,0,132,2100,-1400,174.113332130275
400,-1300,5296.14858512428,5296.14858512428,0,0.684412329911415,0.315587670088587,0,38.9257959835719,0,156,2100,-1300,174.113332130275
400,-1200,4121.96785601224,4121.96785601224,0,0.491193914536086,0.50880608546392,0,33.1399051912093,0,156,2100,-1200,174.113332130275
400,-1100,2902.09834142189,2902.09834142189,0,0.299134404135216,0.700865595864794,0,26.9666410828274,0,156,2100,-1100,174.113332130275
400,-1000,1643.99117583156,1643.99117583156,0,0.108550029241645,0.891449970758367,0,20.4168914247267,0,156,2100,-1000,174.113332130275
400,-900,858.520254112123,858.520254112123,0,0,1.00000000000001,0,16.0603451136704,0,132,2100,-900,174.113332130275
400,-800,745.098369013069,745.098369013069,0,0,1.00000000000001,0,14.9965644677168,0,132,2100,-800,174.113332130275
400,-700,644.449382088872,644.449382088872,0,0,1.00000000000001,0,13.9778346606421,0,132,2100,-700,174.113332130275
400,-600,559.185798527197,559.185798527197,0,0,0.999999999999999,0,13.0466532746146,0,132,2100,-600,174.113332130275
400,-500,493.626846978307,493.626846978307,0,0,1,0,12.2783347795053,0,132,2100,-500,174.113332130275
400,-400,456.600898740044,456.600898740044,0,0,0.999999999999999,0,11.8203805115154,0,108,2100,-400,174.113332130275
400,-300,471.465912735356,471.465912735355,0,0,1.00000000000001,0,12.0063594873207,0,108,2100,-300,174.113332130275
400,-200,625.650248431779,625.650248431779,0,0,1.00000000000001,0,13.7808742000116,0,108,2100,-200,174.113332130275
400,-100,1513.56293304631,1513.56293304631,0,0,1,0,21.1329707227347,0,108,2100,-100,174.113332130275
400,0,6950.06786396713,6950.06786396713,0,0,0.999999988168027,0,46.9053097012632,0,204,2100,0,174.113332130275
400,100,1513.56293304631,1513.56293304631,0,0,1,0,21.1329707227347,0,108,2100,100,174.113332130275
400,200,625.65024843177,625.65024843177,0,0,0.999999999999996,0,13.7808742000114,0,108,2100,200,174.113332130275
400,300,471.465912735351,471.465912735351,0,0,0.999999999999999,0,12.0063594873206,0,108,2100,300,174.113332130275
400,400,456.600898740046,456.600898740046,0,0,1,0,11.8203805115154,0,108,2100,400,174.113332130275
400,500,493.626846978304,493.626846978304,0,0,0.999999999999998,0,12.2783347795052,0,132,2100,500,174.113332130275
400,600,559.185798527196,559.185798527196,0,0,0.999999999999998,0,13.0466532746145,0,132,2100,600,174.113332130275
400,700,644.449382088863,644.449382088863,0,0,0.999999999999998,0,13.9778346606419,0,132,2100,700,174.113332130275
400,800,745.098369013048,745.098369013048,0,0,1,0,14.9965644677165,0,132,2100,800,174.113332130275
400,900,858.520254112091,858.520254112091,0,0,0.999999999999999,0,16.06034511367,0,132,2100,900,174.113332130275
400,1000,1643.99117583153,1643.99117583153,0,0.108550029241645,0.891449970758351,0,20.4168914247263,0,156,2100,1000,174.113332130275
400,1100,2902.09834142187,2902.09834142187,0,0.299134404135216,0.700865595864786,0,26.9666410828271,0,156,2100,1100,174.113332130275
400,1200,4121.96785601222,4121.96785601222,0,0.491193914536086,0.508806085463913,0,33.1399051912091,0,156,2100,1200,174.113332130275
400,1300,5296.14858512426,5296.14858512426,0,0.684412329911416,0.315587670088582,0,38.9257959835717,0,156,2100,1300,174.113332130275
400,1400,6418.73349708085,6418.73349708085,0,0.878556534280579,0.121443465719418,0,44.3232921609275,0,132,2100,1400,174.113332130275
400,1500,7093.00434635886,7093.00434635886,0,0.999999999999998,0,0,47.5160331487238,0,12,2100,1500,174.113332130275
400,1600,7093.00434635886,7093.00434635886,0,0.999999999999998,0,0,47.5160331487238,0,12,2100,1600,174.113332130275
500,-1600,7093.00434635886,7093.00434635886,0,0.999999999999998,0,0,47.5160331487238,0,12,2200,-1600,174.113332130275
500,-1500,7093.00434635886,7093.00434635886,0,0.999999999999998,0,0,47.5160331487238,0,12,2200,-1500,174.113332130275
500,-1400,6716.62946364314,6716.62946364314,0,0.93130566784277,0.0686943321572292,0,45.7387645043081,0,132,2200,-1400,174.113332130275
500,-1300,5644.38120298111,5644.38120298111,0,0.740898540492431,0.259101459507572,0,40.6425654661602,0,132,2200,-1300,174.113332130275
500,-1200,4526.72054417599,4526.72054417599,0,0.551958169980159,0.448041830019847,0,35.2151939700986,0,156,2200,-1200,174.113332130275
500,-1100,3370.62448509391,3370.62448509391,0,0.364835755230564,0.635164244769443,0,29.4708689894351,0,156,2200,-1100,174.113332130275
500,-1000,2185.00308069501,2185.00308069501,0,0.179998906461609,0.8200010935384,0,23.4379144509545,0,156,2200,-1000,174.113332130275
500,-900,1010.78695317007,1010.78695317007,0,0.00777105878987843,0.992228896853481,0,17.3557350503771,0,156,2200,-900,174.113332130275
500,-800,893.398228315495,893.398228315495,0,0,0.999999999999997,0,16.3757932314241,0,132,2200,-800,174.113332130275
500,-700,806.737573489471,806.737573489471,0,0,1,0,15.5885409093572,0,132,2200,-700,174.113332130275
500,-600,740.907332677924,740.907332677924,0,0,1,0,14.9601244062848,0,132,2200,-600,174.113332130275
500,-500,704.92193740119,704.92193740119,0,0,1,0,14.6046127737368,0,108,2200,-500,174.113332130275
500,-400,718.480538814318,718.480538814318,0,0,1,0,14.7418743095222,0,108,2200,-400,174.113332130275
500,-300,834.644156027348,834.644156027348,0,0,1,0,15.8550797954248,0,108,2200,-300,174.113332130275
500,-200,1244.08858925398,1244.08858925398,0,0,1,0,19.2306835160039,0,108,2200,-200,174.113332130275
500,-100,2979.96035809219,2979.96035809219,0,0,0.999999999999999,0,29.2602000546706,0,108,2200,-100,174.113332130275
500,0,6986.76577558074,6986.76577558074,0,0,1.00000005432404,0,47.0642584718506,0,156,2200,0,174.113332130275
500,100,2979.96035809215,2979.96035809215,0,0,0.999999999999992,0,29.2602000546703,0,108,2200,100,174.113332130275
500,200,1244.08858925398,1244.08858925398,0,0,0.999999999999998,0,19.2306835160038,0,108,2200,200,174.113332130275
500,300,834.644156027346,834.644156027346,0,0,1,0,15.8550797954248,0,108,2200,300,174.113332130275
500,400,718.480538814318,718.480538814318,0,0,1,0,14.7418743095222,0,108,2200,400,174.113332130275
500,500,704.921937401192,704.921937401192,0,0,1.00000000000001,0,14.6046127737369,0,108,2200,500,174.113332130275
500,600,740.907332677921,740.907332677921,0,0,1,0,14.9601244062847,0,132,2200,600,174.113332130275
500,700,806.737573489469,806.737573489469,0,0,1,0,15.5885409093571,0,132,2200,700,174.113332130275
500,800,893.398228315497,893.398228315496,0,0,1,0,16.3757932314241,0,132,2200,800,174.113332130275
500,900,1010.78695317005,1010.78695317005,0,0.0077710587898784,0.992228896853459,0,17.3557350503767,0,156,2200,900,174.113332130275
500,1000,2185.00308069498,2185.00308069498,0,0.179998906461609,0.820001093538387,0,23.4379144509541,0,156,2200,1000,174.113332130275
500,1100,3370.62448509389,3370.62448509389,0,0.364835755230564,0.635164244769437,0,29.4708689894349,0,156,2200,1100,174.113332130275
500,1200,4526.72054417596,4526.72054417596,0,0.551958169980159,0.448041830019838,0,35.2151939700983,0,156,2200,1200,174.113332130275
500,1300,5644.3812029811,5644.3812029811,0,0.740898540492431,0.259101459507566,0,40.64256546616,0,132,2200,1300,174.113332130275
500,1400,6716.62946364314,6716.62946364314,0,0.93130566784277,0.068694332157227,0,45.738764504308,0,132,2200,1400,174.113332130275
500,1500,7093.00434635886,7093.00434635886,0,0.999999999999998,0,0,47.5160331487238,0,12,2200,1500,174.113332130275
500,1600,7093.00434635886,7093.00434635886,0,0.999999999999998,0,0,47.5160331487238,0,12,2200,1600,174.113332130275
600,-1600,7093.00434635886,7093.00434635886,0,0.999999999999998,0,0,47.5160331487238,0,12,2300,-1600,174.113332130275
600,-1500,7093.00434635886,7093.00434635886,0,0.999999999999998,0,0,47.5160331487238,0,12,2300,-1500,174.113332130275
600,-1400,7036.09985116169,7036.09985116169,0,0.990883037298408,0.00911721530800484,0,47.2255824411227,0,108,2300,-1400,174.113332130275
600,-1300,6057.35614158028,6057.35614158028,0,0.810510233991112,0.189489766008888,0,42.6413733230953,0,132,2300,-1300,174.113332130275
600,-1200,5006.43539574627,5006.43539574627,0,0.626579795630385,0.373420204369618,0,37.6203454368994,0,132,2300,-1200,174.113332130275
600,-1100,3925.41254656146,3925.41254656146,0,0.445171803869213,0.554828196130786,0,32.357463464061,0,132,2300,-1100,174.113332130275
600,-1000,2824.77452721224,2824.77452721224,0,0.266891323456512,0.733108676543485,0,26.8976170614877,0,132,2300,-1000,174.113332130275
600,-900,1718.10945050046,1718.10945050046,0,0.0925370556578031,0.907462944342187,0,21.3113782703999,0,132,2300,-900,174.113332130275
600,-800,1089.0546386792,1089.0546386792,0,0,0.999999999999999,0,18.0197948222484,0,132,2300,-800,174.113332130275
600,-700,1024.69952331362,1024.69952331362,0,0,1,0,17.5004262906899,0,132,2300,-700,174.113332130275
600,-600,990.452405844921,990.452405844921,0,0,1,0,17.2179310196574,0,108,2300,-600,174.113332130275
600,-500,1002.96202771719,1002.96202771719,0,0,0.999999999999999,0,17.3250727105185,0,108,2300,-500,174.113332130275
600,-400,1098.86897719227,1098.86897719227,0,0,0.999999999999995,0,18.1084986583821,0,108,2300,-400,174.113332130275
600,-300,1373.93068563019,1373.93068563019,0,0,0.999999999999997,0,20.1684017320363,0,108,2300,-300,174.113332130275
600,-200,2138.23628092321,2138.23628092321,0,0,1,0,24.9362191505996,0,108,2300,-200,174.113332130275
600,-100,4326.75394710596,4326.75394710596,0,0,0.999999999999997,0,35.3469550237587,0,108,2300,-100,174.113332130275
600,0,7008.55148956179,7008.55148956179,0,0,0.999999996996513,0,47.1579706195895,0,108,2300,0,174.113332130275
600,100,4326.75394710595,4326.75394710595,0,0,0.999999999999996,0,35.3469550237587,0,108,2300,100,174.113332130275
600,200,2138.23628092318,2138.23628092318,0,0,0.999999999999996,0,24.9362191505994,0,108,2300,200,174.113332130275
600,300,1373.93068563018,1373.93068563018,0,0,0.999999999999992,0,20.1684017320361,0,108,2300,300,174.113332130275
600,400,1098.86897719227,1098.86897719227,0,0,0.999999999999997,0,18.1084986583822,0,108,2300,400,174.113332130275
600,500,1002.9620277172,1002.9620277172,0,0,1,0,17.3250727105185,0,108,2300,500,174.113332130275
600,600,990.452405844928,990.452405844927,0,0,1,0,17.2179310196575,0,108,2300,600,174.113332130275
600,700,1024.69952331362,1024.69952331362,0,0,0.999999999999997,0,17.5004262906899,0,132,2300,700,174.113332130275
600,800,1089.05463867921,1089.05463867921,0,0,1,0,18.0197948222485,0,132,2300,800,174.113332130275
600,900,1718.10945050047,1718.10945050047,0,0.0925370556578031,0.907462944342195,0,21.3113782704,0,132,2300,900,174.113332130275
600,1000,2824.77452721225,2824.77452721225,0,0.266891323456512,0.733108676543487,0,26.8976170614878,0,132,2300,1000,174.113332130275
600,1100,3925.41254656147,3925.41254656147,0,0.445171803869213,0.554828196130793,0,32.3574634640612,0,132,2300,1100,174.113332130275
600,1200,5006.43539574624,5006.43539574624,0,0.626579795630385,0.37342020436961,0,37.6203454368991,0,132,2300,1200,174.113332130275
600,1300,6057.35614158028,6057.35614158028,0,0.810510233991113,0.189489766008888,0,42.6413733230953,0,132,2300,1300,174.113332130275
600,1400,7036.09985116169,7036.09985116169,0,0.990883037298408,0.00911721530800472,0,47.2255824411227,0,108,2300,1400,174.113332130275
600,1500,7093.00434635886,7093.00434635886,0,0.999999999999998,0,0,47.5160331487238,0,12,2300,1500,174.113332130275
600,1600,7093.00434635886,7093.00434635886,0,0.999999999999998,0,0,47.5160331487238,0,12,2300,1600,174.113332130275
700,-1600,7093.00434635886,7093.00434635886,0,0.999999999999998,0,0,47.5160331487238,0,12,2400,-1600,174.113332130275
700,-1500,7093.00434635886,7093.00434635886,0,0.999999999999998,0,0,47.5160331487238,0,12,2400,-1500,174.113332130275
700,-1400,7093.00434635886,7093.00434635886,0,0.999999999999998,0,0,47.5160331487238,0,12,2400,-1400,174.113332130275
700,-1300,6519.00540948482,6519.00540948482,0,0.892300630961503,0.107699369038496,0,44.8313554433779,0,132,2400,-1300,174.113332130275
700,-1200,5542.48210029997,5542.48210029997,0,0.713916983436474,0.286083016563525,0,40.2430563926038,0,132,2400,-1200,174.113332130275
700,-1100,4544.80363347088,4544.80363347088,0,0.538754962630269,0.461245037369731,0,35.4869980097646,0,132,2400,-1100,174.113332130275
700,-1000,3538.02010849883,3538.02010849883,0,0.367529204690687,0.632470795309312,0,30.6219586382722,0,132,2400,-1000,174.113332130275
700,-900,2537.87994688753,2537.87994688752,0,0.201157817631404,0.798842182368601,0,25.7354003620173,0,132,2400,-900,174.113332130275
700,-800,1565.42838552581,1565.42838552581,0,0.0408381154266907,0.959161895609802,0,20.9566960771025,0,132,2400,-800,174.113332130275
700,-700,1304.56382200075,1304.56382200075,0,0,1.00000000000001,0,19.6589561057956,0,108,2400,-700,174.113332130275
700,-600,1316.11746787688,1316.11746787688,0,0,0.999999999999996,0,19.7453910434679,0,108,2400,-600,174.113332130275
700,-500,1398.24970021449,1398.24970021449,0,0,1,0,20.331273056371,0,108,2400,-500,174.113332130275
700,-400,1608.6565806732,1608.6565806732,0,0,0.999999999999999,0,21.749202997062,0,108,2400,-400,174.113332130275
700,-300,2087.27382531505,2087.27382531505,0,0,1,0,24.6407241173497,0,108,2400,-300,174.113332130275
700,-200,3193.24773791333,3193.24773791333,0,0,0.999999999999999,0,30.2283614221103,0,108,2400,-200,174.113332130275
700,-100,5147.07174082788,5147.07174082788,0,0,0.999999999999995,0,38.9881709334809,0,108,2400,-100,174.113332130275
700,0,7022.95545708531,7022.95545708531,0,0,0.999999996069381,0,47.2196490075998,0,108,2400,0,174.113332130275
700,100,5147.07174082792,5147.07174082792,0,0,0.999999999999994,0,38.9881709334811,0,108,2400,100,174.113332130275
700,200,3193.24773791334,3193.24773791334,0,0,1,0,30.2283614221104,0,108,2400,200,174.113332130275
700,300,2087.27382531506,2087.27382531506,0,0,1.00000000000001,0,24.6407241173498,0,108,2400,300,174.113332130275
700,400,1608.6565806732,1608.6565806732,0,0,0.999999999999998,0,21.749202997062,0,108,2400,400,174.113332130275
700,500,1398.24970021448,1398.24970021448,0,0,0.999999999999994,0,20.3312730563709,0,108,2400,500,174.113332130275
700,600,1316.11746787688,1316.11746787688,0,0,0.999999999999995,0,19.7453910434679,0,108,2400,600,174.113332130275
700,700,1304.56382200073,1304.56382200073,0,0,0.999999999999996,0,19.6589561057954,0,108,2400,700,174.113332130275
700,800,1565.42838552578,1565.42838552578,0,0.0408381154266901,0.959161895609789,0,20.9566960771021,0,132,2400,800,174.113332130275
700,900,2537.87994688752,2537.87994688752,0,0.201157817631404,0.798842182368592,0,25.7354003620172,0,132,2400,900,174.113332130275
700,1000,3538.02010849883,3538.02010849883,0,0.367529204690687,0.632470795309307,0,30.6219586382721,0,132,2400,1000,174.113332130275
700,1100,4544.80363347087,4544.80363347087,0,0.538754962630269,0.46124503736973,0,35.4869980097645,0,132,2400,1100,174.113332130275
700,1200,5542.48210029997,5542.48210029997,0,0.713916983436474,0.286083016563524,0,40.2430563926038,0,132,2400,1200,174.113332130275
700,1300,6519.00540948481,6519.00540948481,0,0.892300630961503,0.107699369038495,0,44.8313554433779,0,132,2400,1300,174.113332130275
700,1400,7093.00434635886,7093.00434635886,0,0.999999999999998,0,0,47.5160331487238,0,12,2400,1400,174.113332130275
700,1500,7093.00434635886,7093.00434635886,0,0.999999999999998,0,0,47.5160331487238,0,12,2400,1500,174.113332130275
700,1600,7093.00434635886,7093.00434635886,0,0.999999999999998,0,0,47.5160331487238,0,12,2400,1600,174.113332130275
800,-1600,7093.00434635886,7093.00434635886,0,0.999999999999998,0,0,47.5160331487238,0,12,2500,-1600,174.113332130275
800,-1500,7093.00434635886,7093.00434635886,0,0.999999999999998,0,0,47.5160331487238,0,12,2500,-1500,174.113332130275
800,-1400,7093.00434635886,7093.00434635886,0,0.999999999999998,0,0,47.5160331487238,0,12,2500,-1400,174.113332130275
800,-1300,6978.48154632418,6978.48154632418,0,0.980715136871953,0.0192691148486454,0,46.9496306973195,0,108,2500,-1300,174.113332130275
800,-1200,6113.91132207137,6113.91132207137,0,0.812786366787295,0.187213633212702,0,42.9689409071768,0,132,2500,-1200,174.113332130275
800,-1100,5204.40683812329,5204.40683812329,0,0.64418010731115,0.355819892688849,0,38.7193904794887,0,132,2500,-1100,174.113332130275
800,-1000,4296.23858069733,4296.23858069733,0,0.480241146238677,0.519758853761319,0,34.4390734728859,0,132,2500,-1000,174.113332130275
800,-900,3407.07547225704,3407.07547225704,0,0.321957799899778,0.678042200100221,0,30.2263625799459,0,132,2500,-900,174.113332130275
800,-800,2560.71910690602,2560.71910690602,0,0.170567194417832,0.829432805582164,0,26.2216808612413,0,108,2500,-800,174.113332130275
800,-700,1753.87516496716,1753.87516496716,0,0.0303420875117627,0.969657685257954,0,22.5219471336054,0,132,2500,-700,174.113332130275
800,-600,1720.73884855338,1720.73884855338,0,0,0.999999999999992,0,22.4529569723217,0,108,2500,-600,174.113332130275
800,-500,1891.10491579692,1891.10491579692,0,0,0.999999999999998,0,23.4937167535392,0,108,2500,-500,174.113332130275
800,-400,2237.06754069748,2237.06754069748,0,0,0.999999999999992,0,25.4615772895375,0,108,2500,-400,174.113332130275
800,-300,2917.0351033036,2917.0351033036,0,0,1.00000000000001,0,28.9178589045024,0,108,2500,-300,174.113332130275
800,-200,4124.20924235257,4124.20924235257,0,0,0.999999999999997,0,34.4052680603962,0,108,2500,-200,174.113332130275
800,-100,5659.64881017918,5659.64881017918,0,0,0.999999999999994,0,41.2562264733359,0,108,2500,-100,174.113332130275
800,0,7033.17682913278,7033.17682913278,0,0,0.999999995701452,0,47.2632753458519,0,108,2500,0,174.113332130275
800,100,5659.64881017917,5659.64881017917,0,0,0.999999999999993,0,41.2562264733358,0,108,2500,100,174.113332130275
800,200,4124.20924235257,4124.20924235257,0,0,0.999999999999996,0,34.4052680603961,0,108,2500,200,174.113332130275
800,300,2917.03510330353,2917.03510330353,0,0,0.999999999999994,0,28.9178589045019,0,108,2500,300,174.113332130275
800,400,2237.06754069747,2237.06754069747,0,0,0.999999999999991,0,25.4615772895375,0,108,2500,400,174.113332130275
800,500,1891.10491579693,1891.10491579693,0,0,1,0,23.4937167535393,0,108,2500,500,174.113332130275
800,600,1720.73884855339,1720.73884855339,0,0,0.999999999999997,0,22.4529569723218,0,108,2500,600,174.113332130275
800,700,1753.87516496715,1753.87516496715,0,0.0303420875117627,0.969657685257949,0,22.5219471336053,0,132,2500,700,174.113332130275
800,800,2560.71910690601,2560.71910690601,0,0.170567194417832,0.829432805582159,0,26.2216808612412,0,108,2500,800,174.113332130275
800,900,3407.07547225702,3407.07547225702,0,0.321957799899778,0.678042200100213,0,30.2263625799457,0,132,2500,900,174.113332130275
800,1000,4296.23858069734,4296.23858069734,0,0.480241146238677,0.519758853761317,0,34.4390734728859,0,132,2500,1000,174.113332130275
800,1100,5204.40683812329,5204.40683812329,0,0.64418010731115,0.355819892688848,0,38.7193904794887,0,132,2500,1100,174.113332130275
800,1200,6113.91132207138,6113.91132207138,0,0.812786366787295,0.187213633212703,0,42.9689409071768,0,132,2500,1200,174.113332130275
800,1300,6978.48154632418,6978.48154632418,0,0.980715136871953,0.019269114848645,0,46.9496306973195,0,108,2500,1300,174.113332130275
800,1400,7093.00434635886,7093.00434635886,0,0.999999999999998,0,0,47.5160331487238,0,12,2500,1400,174.113332130275
800,1500,7093.00434635886,7093.00434635886,0,0.999999999999998,0,0,47.5160331487238,0,12,2500,1500,174.113332130275
800,1600,7093.00434635886,7093.00434635886,0,0.999999999999998,0,0,47.5160331487238,0,12,2500,1600,174.113332130275
900,-1600,7093.00434635886,7093.00434635886,0,0.999999999999998,0,0,47.5160331487238,0,12,2600,-1600,174.113332130275
900,-1500,7093.00434635886,7093.00434635886,0,0.999999999999998,0,0,47.5160331487238,0,12,2600,-1500,174.113332130275
900,-1400,7093.00434635886,7093.00434635886,0,0.999999999999999,0,0,47.5160331487238,0,12,2600,-1400,174.113332130275
900,-1300,7093.00434635886,7093.00434635886,0,0.999999999999998,0,0,47.5160331487238,0,12,2600,-1300,174.113332130275
900,-1200,6698.34883598056,6698.34883598056,0,0.922018208213589,0.0779817917864098,0,45.688855474208,0,132,2600,-1200,174.113332130275
900,-1100,5878.09440669971,5878.09440669971,0,0.760091337053629,0.239908662946369,0,41.922959027873,0,132,2600,-1100,174.113332130275
900,-1000,5068.80905992409,5068.80905992409,0,0.603460226400584,0.396539773599414,0,38.1904033066823,0,132,2600,-1000,174.113332130275
900,-900,4289.57420072435,4289.57420072435,0,0.453139189496411,0.546860810503586,0,34.593877758586,0,108,2600,-900,174.113332130275
900,-800,3566.10854431443,3566.10854431443,0,0.310360016345248,0.689639983654752,0,31.2752348363591,0,108,2600,-800,174.113332130275
900,-700,2934.44241537466,2934.44241537466,0,0.176607376198358,0.823392623801639,0,28.4313180018046,0,108,2600,-700,174.113332130275
900,-600,2447.67601094042,2447.67601094042,0,0.053650612100963,0.946349381369492,0,26.3375490722864,0,108,2600,-600,174.113332130275
900,-500,2462.57182463103,2462.57182463103,0,0.00214195127637339,0.997857931436663,0,26.6442207798914,0,132,2600,-500,174.113332130275
900,-400,2940.22493768961,2940.22493768961,0,0,0.999999999999998,0,29.0163219400287,0,108,2600,-400,174.113332130275
900,-300,3726.69021801566,3726.69021801566,0,0,0.999999999999998,0,32.6118781247564,0,108,2600,-300,174.113332130275
900,-200,4778.79266553116,4778.79266553116,0,0,0.999999999999996,0,37.3171833237265,0,108,2600,-200,174.113332130275
900,-100,5999.53136277729,5999.53136277729,0,0,0.999999999999993,0,42.7557786420466,0,108,2600,-100,174.113332130275
900,0,7040.80559418954,7040.80559418954,0,0,1.00000041216893,0,47.2957639154627,0,204,2600,0,174.113332130275
900,100,5999.53136277729,5999.53136277729,0,0,0.999999999999992,0,42.7557786420465,0,108,2600,100,174.113332130275
900,200,4778.79266553114,4778.79266553114,0,0,0.999999999999995,0,37.3171833237264,0,108,2600,200,174.113332130275
900,300,3726.69021801573,3726.69021801573,0,0,1,0,32.6118781247567,0,108,2600,300,174.113332130275
900,400,2940.22493768961,2940.22493768961,0,0,0.999999999999998,0,29.0163219400287,0,108,2600,400,174.113332130275
900,500,2462.57182463091,2462.57182463091,0,0.00214195127637334,0.997857931436621,0,26.6442207798901,0,132,2600,500,174.113332130275
900,600,2447.67601094042,2447.67601094042,0,0.0536506121009631,0.946349381369491,0,26.3375490722864,0,108,2600,600,174.113332130275
900,700,2934.44241537469,2934.44241537469,0,0.176607376198358,0.823392623801648,0,28.4313180018049,0,108,2600,700,174.113332130275
900,800,3566.10854431443,3566.10854431443,0,0.310360016345248,0.689639983654749,0,31.275234836359,0,108,2600,800,174.113332130275
900,900,4289.57420072435,4289.57420072435,0,0.453139189496412,0.546860810503587,0,34.593877758586,0,108,2600,900,174.113332130275
900,1000,5068.80905992409,5068.80905992409,0,0.603460226400584,0.396539773599414,0,38.1904033066823,0,132,2600,1000,174.113332130275
900,1100,5878.09440669972,5878.09440669972,0,0.760091337053629,0.239908662946371,0,41.9229590278731,0,132,2600,1100,174.113332130275
900,1200,6698.34883598055,6698.34883598055,0,0.922018208213589,0.077981791786409,0,45.688855474208,0,132,2600,1200,174.113332130275
900,1300,7093.00434635886,7093.00434635886,0,0.999999999999998,0,0,47.5160331487238,0,12,2600,1300,174.113332130275
900,1400,7093.00434635887,7093.00434635887,0,0.999999999999999,0,0,47.5160331487238,0,12,2600,1400,174.113332130275
900,1500,7093.00434635886,7093.00434635886,0,0.999999999999998,0,0,47.5160331487238,0,12,2600,1500,174.113332130275
900,1600,7093.00434635886,7093.00434635886,0,0.999999999999998,0,0,47.5160331487238,0,12,2600,1600,174.113332130275
1000,-1600,7093.00434635886,7093.00434635886,0,0.999999999999998,0,0,47.5160331487238,0,12,2700,-1600,174.113332130275
1000,-1500,7093.00434635886,7093.00434635886,0,0.999999999999998,0,0,47.5160331487238,0,12,2700,-1500,174.113332130275
1000,-1400,7093.00434635886,7093.00434635886,0,0.999999999999998,0,0,47.5160331487238,0,12,2700,-1400,174.113332130275
1000,-1300,7093.00434635886,7093.00434635886,0,0.999999999999998,0,0,47.5160331487238,0,12,2700,-1300,174.113332130275
1000,-1200,7092.93271285176,7092.93271285176,0,0.999989891550244,1.05919422139318e-05,0,47.5155677011298,0,84,2700,-1200,174.113332130275
1000,-1100,6539.36178250412,6539.36178250412,0,0.885225579403425,0.114774420596574,0,44.9822678441881,0,132,2700,-1100,174.113332130275
1000,-1000,5824.55917558538,5824.55917558538,0,0.7357675093238,0.2642324906762,0,41.7399088564052,0,108,2700,-1000,174.113332130275
1000,-900,5148.45763339006,5148.45763339006,0,0.593127242913374,0.406872757086627,0,38.6789737048412,0,108,2700,-900,174.113332130275
1000,-800,4537.34000541217,4537.34000541217,0,0.458491754519046,0.541508245480951,0,35.9336399846724,0,108,2700,-800,174.113332130275
1000,-700,4027.36631676958,4027.36631676958,0,0.333247373571421,0.666752626428579,0,33.6824388571034,0,108,2700,-700,174.113332130275
1000,-600,3669.86989585851,3669.86989585851,0,0.218985424604024,0.781014575395973,0,32.1612311309725,0,108,2700,-600,174.113332130275
1000,-500,3538.08947687734,3538.08947687734,0,0.117485668884174,0.882514331115825,0,31.6714633476431,0,108,2700,-500,174.113332130275
1000,-400,3664.32109155825,3664.32109155825,0,0.0353977801272215,0.964602151834192,0,32.3592716203616,0,156,2700,-400,174.113332130275
1000,-300,4344.18160740769,4344.18160740769,0,0.00603248064500996,0.993967514888645,0,35.356302801144,0,180,2700,-300,174.113332130275
1000,-200,5243.01644852392,5243.01644852392,0,0.000457313024148868,0.999542686975846,0,39.3751073916425,0,156,2700,-200,174.113332130275
1000,-100,6235.4894473974,6235.4894473974,0,1.89847708744217e-10,0.999999999810144,0,43.7939914302397,0,108,2700,-100,174.113332130275
1000,0,7046.70842383973,7046.70842383973,0,0,1.00000000445092,0,47.3208418563713,0,108,2700,0,174.113332130275
1000,100,6235.48944739722,6235.48944739722,0,1.89847708744213e-10,0.999999999810121,0,43.7939914302386,0,108,2700,100,174.113332130275
1000,200,5243.01644852378,5243.01644852378,0,0.000457313024148864,0.999542686975831,0,39.3751073916416,0,156,2700,200,174.113332130275
1000,300,4344.18160740752,4344.18160740752,0,0.00603248064500987,0.99396751488862,0,35.3563028011428,0,180,2700,300,174.113332130275
1000,400,3664.32109155817,3664.32109155817,0,0.0353977801272214,0.96460215183418,0,32.359271620361,0,156,2700,400,174.113332130275
1000,500,3538.08947687731,3538.08947687731,0,0.117485668884174,0.882514331115817,0,31.6714633476428,0,108,2700,500,174.113332130275
1000,600,3669.86989585851,3669.86989585851,0,0.218985424604024,0.781014575395968,0,32.1612311309725,0,108,2700,600,174.113332130275
1000,700,4027.36631676955,4027.36631676955,0,0.333247373571421,0.666752626428576,0,33.6824388571033,0,108,2700,700,174.113332130275
1000,800,4537.34000541217,4537.34000541217,0,0.458491754519046,0.541508245480949,0,35.9336399846723,0,108,2700,800,174.113332130275
1000,900,5148.45763339007,5148.45763339007,0,0.593127242913374,0.406872757086627,0,38.6789737048413,0,108,2700,900,174.113332130275
1000,1000,5824.55917558537,5824.55917558537,0,0.7357675093238,0.264232490676195,0,41.7399088564051,0,108,2700,1000,174.113332130275
1000,1100,6539.36178250412,6539.36178250412,0,0.885225579403425,0.114774420596574,0,44.9822678441882,0,132,2700,1100,174.113332130275
1000,1200,7092.93271285176,7092.93271285176,0,0.999989891550244,1.05919422139326e-05,0,47.5155677011298,0,84,2700,1200,174.113332130275
1000,1300,7093.00434635886,7093.00434635886,0,0.999999999999998,0,0,47.5160331487238,0,12,2700,1300,174.113332130275
1000,1400,7093.00434635886,7093.00434635886,0,0.999999999999999,0,0,47.5160331487238,0,12,2700,1400,174.113332130275
1000,1500,7093.00434635886,7093.00434635886,0,0.999999999999998,0,0,47.5160331487238,0,12,2700,1500,174.113332130275
1000,1600,7093.00434635886,7093.00434635886,0,0.999999999999998,0,0,47.5160331487238,0,12,2700,1600,174.113332130275
1100,-1600,7093.00434635886,7093.00434635886,0,0.999999999999998,0,0,47.5160331487238,0,12,2800,-1600,174.113332130275
1100,-1500,7093.00434635886,7093.00434635886,0,0.999999999999998,0,0,47.5160331487238,0,12,2800,-1500,174.113332130275
1100,-1400,7093.00434635886,7093.00434635886,0,0.999999999999998,0,0,47.5160331487238,0,12,2800,-1400,174.113332130275
1100,-1300,7093.00434635886,7093.00434635886,0,0.999999999999998,0,0,47.5160331487238,0,12,2800,-1300,174.113332130275
1100,-1200,7093.00434635886,7093.00434635886,0,0.999999999999998,0,0,47.5160331487238,0,12,2800,-1200,174.113332130275
1100,-1100,7059.07102386186,7059.07102386186,0,0.994993964141105,0.00498355319097755,0,47.3272819674056,0,108,2800,-1100,174.113332130275
1100,-1000,6534.02843426549,6534.02843426549,0,0.875909124403025,0.124090875596974,0,44.9815365691791,0,108,2800,-1000,174.113332130275
1100,-900,5948.83654544873,5948.83654544873,0,0.740572797035805,0.259427202964196,0,42.3623283437834,0,108,2800,-900,174.113332130275
1100,-800,5432.65560781207,5432.65560781207,0,0.613544694259081,0.386455305740917,0,40.0660257765272,0,108,2800,-800,174.113332130275
1100,-700,5018.43529406152,5018.43529406152,0,0.496093909615599,0.503906090384401,0,38.2423670757764,0,108,2800,-700,174.113332130275
1100,-600,4748.77161949611,4748.77161949611,0,0.389633680075683,0.610366319924316,0,37.0722658709978,0,108,2800,-600,174.113332130275
1100,-500,4670.58781363296,4670.58781363296,0,0.295694577142497,0.704305422857497,0,36.7459370725455,0,108,2800,-500,174.113332130275
1100,-400,4809.48207267098,4809.48207267098,0,0.215871115948094,0.784128884051903,0,37.38313067614,0,108,2800,-400,174.113332130275
1100,-300,5170.79519434498,5170.79519434497,0,0.151736722328868,0.848263277671128,0,39.0125864469726,0,108,2800,-300,174.113332130275
1100,-200,5736.78903852191,5736.78903852191,0,0.1047282137825,0.895271786217494,0,41.5509260217731,0,108,2800,-200,174.113332130275
1100,-100,6451.87166828157,6451.87166828157,0,0.0760112816102562,0.923988718389736,0,44.7363893826408,0,108,2800,-100,174.113332130275
1100,0,7053.03809087627,7053.03809087627,0,0.0663501123109626,0.933649733057544,0,47.3473620458311,0,156,2800,0,174.113332130275
1100,100,6451.87166828156,6451.87166828156,0,0.0760112816102562,0.923988718389735,0,44.7363893826407,0,108,2800,100,174.113332130275
1100,200,5736.78903852188,5736.78903852188,0,0.1047282137825,0.895271786217492,0,41.5509260217729,0,108,2800,200,174.113332130275
1100,300,5170.79519434495,5170.79519434495,0,0.151736722328868,0.848263277671124,0,39.0125864469724,0,108,2800,300,174.113332130275
1100,400,4809.482072671,4809.482072671,0,0.215871115948094,0.784128884051899,0,37.38313067614,0,108,2800,400,174.113332130275
1100,500,4670.58781363301,4670.58781363301,0,0.295694577142497,0.704305422857502,0,36.7459370725458,0,108,2800,500,174.113332130275
1100,600,4748.77161949607,4748.77161949607,0,0.389633680075683,0.610366319924306,0,37.0722658709975,0,108,2800,600,174.113332130275
1100,700,5018.43529406152,5018.43529406152,0,0.496093909615599,0.5039060903844,0,38.2423670757764,0,108,2800,700,174.113332130275
1100,800,5432.65560781206,5432.65560781206,0,0.61354469425908,0.386455305740917,0,40.0660257765272,0,108,2800,800,174.113332130275
1100,900,5948.83654544871,5948.83654544871,0,0.740572797035805,0.259427202964192,0,42.3623283437833,0,108,2800,900,174.113332130275
1100,1000,6534.02843426549,6534.02843426549,0,0.875909124403026,0.124090875596972,0,44.981536569179,0,108,2800,1000,174.113332130275
1100,1100,7059.07102386186,7059.07102386186,0,0.994993964141105,0.00498355319097725,0,47.3272819674056,0,108,2800,1100,174.113332130275
1100,1200,7093.00434635886,7093.00434635886,0,0.999999999999998,0,0,47.5160331487238,0,12,2800,1200,174.113332130275
1100,1300,7093.00434635886,7093.00434635886,0,0.999999999999998,0,0,47.5160331487238,0,12,2800,1300,174.113332130275
1100,1400,7093.00434635886,7093.00434635886,0,0.999999999999998,0,0,47.5160331487238,0,12,2800,1400,174.113332130275
1100,1500,7093.00434635886,7093.00434635886,0,0.999999999999998,0,0,47.5160331487238,0,12,2800,1500,174.113332130275
1100,1600,7093.00434635886,7093.00434635886,0,0.999999999999998,0,0,47.5160331487238,0,12,2800,1600,174.113332130275
1200,-1500,7093.00434635886,7093.00434635886,0,0.999999999999998,0,0,47.5160331487238,0,12,2900,-1500,174.113332130275
1200,-1400,7093.00434635886,7093.00434635886,0,0.999999999999998,0,0,47.5160331487238,0,12,2900,-1400,174.113332130275
1200,-1300,7093.00434635886,7093.00434635886,0,0.999999999999998,0,0,47.5160331487238,0,12,2900,-1300,174.113332130275
1200,-1200,7093.00434635886,7093.00434635886,0,0.999999999999998,0,0,47.5160331487238,0,12,2900,-1200,174.113332130275
1200,-1100,7093.00434635886,7093.00434635886,0,0.999999999999998,0,0,47.5160331487238,0,12,2900,-1100,174.113332130275
1200,-1000,7061.99551718764,7061.99551718764,0,0.99545494253699,0.00456343747160688,0,47.3417784283484,0,108,2900,-1000,174.113332130275
1200,-900,6661.94389953217,6661.94389953217,0,0.894336248139888,0.105663751860111,0,45.5706847711605,0,108,2900,-900,174.113332130275
1200,-800,6218.39299176227,6218.39299176227,0,0.774358359468443,0.225641640531556,0,43.6009594724758,0,108,2900,-800,174.113332130275
1200,-700,5868.18897258498,5868.18897258498,0,0.664008547297532,0.335991452702469,0,42.0506220968112,0,108,2900,-700,174.113332130275
1200,-600,5638.59640383081,5638.5964038308,0,0.564530593985506,0.43546940601449,0,41.0383317976182,0,108,2900,-600,174.113332130275
1200,-500,5551.28999468394,5551.28999468394,0,0.477235476184766,0.52276452381523,0,40.6618863285336,0,108,2900,-500,174.113332130275
1200,-400,5620.48078647829,5620.48078647829,0,0.403452202710026,0.596547797289971,0,40.9844463488205,0,108,2900,-400,174.113332130275
1200,-300,5847.39056000306,5847.39056000306,0,0.344458223743589,0.655541776256407,0,42.0100262451057,0,108,2900,-300,174.113332130275
1200,-200,6214.75208034069,6214.75208034069,0,0.301392617260508,0.698607382739486,0,43.6582801854019,0,108,2900,-200,174.113332130275
1200,-100,6680.93883809566,6680.93883809566,0,0.275161388112239,0.724838611887754,0,45.7334162318602,0,108,2900,-100,174.113332130275
1200,0,7064.28132261841,7064.28132261841,0,0.266350067719691,0.733649932510041,0,47.3948331903005,0,108,2900,0,174.113332130275
1200,100,6680.93883809565,6680.93883809565,0,0.275161388112239,0.724838611887754,0,45.7334162318602,0,108,2900,100,174.113332130275
1200,200,6214.75208034068,6214.75208034068,0,0.301392617260508,0.698607382739485,0,43.6582801854018,0,108,2900,200,174.113332130275
1200,300,5847.39056000306,5847.39056000305,0,0.344458223743589,0.655541776256405,0,42.0100262451057,0,108,2900,300,174.113332130275
1200,400,5620.48078647828,5620.48078647828,0,0.403452202710026,0.59654779728997,0,40.9844463488204,0,108,2900,400,174.113332130275
1200,500,5551.28999468396,5551.28999468396,0,0.477235476184766,0.52276452381523,0,40.6618863285337,0,108,2900,500,174.113332130275
1200,600,5638.5964038308,5638.5964038308,0,0.564530593985506,0.435469406014489,0,41.0383317976181,0,108,2900,600,174.113332130275
1200,700,5868.18897258495,5868.18897258495,0,0.664008547297532,0.335991452702464,0,42.050622096811,0,108,2900,700,174.113332130275
1200,800,6218.39299176227,6218.39299176227,0,0.774358359468443,0.225641640531556,0,43.6009594724759,0,108,2900,800,174.113332130275
1200,900,6661.94389953217,6661.94389953217,0,0.894336248139888,0.10566375186011,0,45.5706847711604,0,108,2900,900,174.113332130275
1200,1000,7061.99551718764,7061.99551718764,0,0.995454942536991,0.00456343747160672,0,47.3417784283485,0,108,2900,1000,174.113332130275
1200,1100,7093.00434635886,7093.00434635886,0,0.999999999999998,0,0,47.5160331487238,0,12,2900,1100,174.113332130275
1200,1200,7093.00434635886,7093.00434635886,0,0.999999999999998,0,0,47.5160331487238,0,12,2900,1200,174.113332130275
1200,1300,7093.00434635886,7093.00434635886,0,0.999999999999998,0,0,47.5160331487238,0,12,2900,1300,174.113332130275
1200,1400,7093.00434635886,7093.00434635886,0,0.999999999999998,0,0,47.5160331487238,0,12,2900,1400,174.113332130275
1200,1500,7093.00434635886,7093.00434635886,0,0.999999999999998,0,0,47.5160331487238,0,12,2900,1500,174.113332130275
1300,-1300,7093.00434635886,7093.00434635886,0,0.999999999999998,0,0,47.5160331487238,0,12,3000,-1300,174.113332130275
1300,-1200,7093.00434635886,7093.00434635886,0,0.999999999999998,0,0,47.5160331487238,0,12,3000,-1200,174.113332130275
1300,-1100,7093.00434635886,7093.00434635886,0,0.999999999999998,0,0,47.5160331487238,0,12,3000,-1100,174.113332130275
1300,-1000,7093.00434635886,7093.00434635886,0,0.999999999999999,0,0,47.5160331487238,0,12,3000,-1000,174.113332130275
1300,-900,7092.96931147688,7092.96931147688,0,0.999995058362595,4.51112198505788e-06,0,47.5158031544183,0,84,3000,-900,174.113332130275
1300,-800,6806.23652442855,6806.23652442855,0,0.938376438715766,0.061605140152076,0,46.2207018042697,0,108,3000,-800,174.113332130275
1300,-700,6560.62297390766,6560.62297390766,0,0.836090805507202,0.163909194492796,0,45.1304050504669,0,108,3000,-700,174.113332130275
1300,-600,6339.62063677429,6339.62063677429,0,0.742863004994416,0.257136995005582,0,44.1543124471313,0,108,3000,-600,174.113332130275
1300,-500,6227.18779856092,6227.18779856092,0,0.661426013211684,0.338573986788314,0,43.6634689314044,0,108,3000,-500,174.113332130275
1300,-400,6230.45698199591,6230.45698199591,0,0.592891953199054,0.407108046800943,0,43.6891428606291,0,108,3000,-400,174.113332130275
1300,-300,6346.8998691049,6346.8998691049,0,0.538307204237121,0.461692795762875,0,44.2189279259033,0,108,3000,-300,174.113332130275
1300,-200,6561.58396292383,6561.58396292383,0,0.4985871915868,0.501412808413195,0,45.1838095153264,0,108,3000,-200,174.113332130275
1300,-100,6843.82075751518,6843.82075751518,0,0.474448749203768,0.525551250796226,0,46.4399115157729,0,108,3000,-100,174.113332130275
1300,0,7073.62295027196,7073.62295027196,0,0.466350030442637,0.53364996613789,0,47.4342302448521,0,108,3000,0,174.113332130275
1300,100,6843.8207575152,6843.8207575152,0,0.474448749203768,0.525551250796226,0,46.4399115157729,0,108,3000,100,174.113332130275
1300,200,6561.58396292384,6561.58396292384,0,0.4985871915868,0.501412808413195,0,45.1838095153264,0,108,3000,200,174.113332130275
1300,300,6346.89986910489,6346.89986910489,0,0.538307204237121,0.461692795762874,0,44.2189279259032,0,108,3000,300,174.113332130275
1300,400,6230.45698199589,6230.45698199589,0,0.592891953199054,0.407108046800942,0,43.689142860629,0,108,3000,400,174.113332130275
1300,500,6227.18779856092,6227.18779856091,0,0.661426013211684,0.338573986788312,0,43.6634689314043,0,108,3000,500,174.113332130275
1300,600,6339.62063677428,6339.62063677428,0,0.742863004994416,0.257136995005582,0,44.1543124471312,0,108,3000,600,174.113332130275
1300,700,6560.62297390766,6560.62297390766,0,0.836090805507202,0.163909194492796,0,45.1304050504669,0,108,3000,700,174.113332130275
1300,800,6806.23652442854,6806.23652442854,0,0.938376438715766,0.0616051401520707,0,46.2207018042695,0,108,3000,800,174.113332130275
1300,900,7092.96931147688,7092.96931147688,0,0.999995058362595,4.51112198505766e-06,0,47.5158031544183,0,84,3000,900,174.113332130275
1300,1000,7093.00434635886,7093.00434635886,0,0.999999999999999,0,0,47.5160331487238,0,12,3000,1000,174.113332130275
1300,1100,7093.00434635886,7093.00434635886,0,0.999999999999998,0,0,47.5160331487238,0,12,3000,1100,174.113332130275
1300,1200,7093.00434635886,7093.00434635886,0,0.999999999999998,0,0,47.5160331487238,0,12,3000,1200,174.113332130275
1300,1300,7093.00434635886,7093.00434635886,0,0.999999999999998,0,0,47.5160331487238,0,12,3000,1300,174.113332130275
1400,-1100,7093.00434635886,7093.00434635886,0,0.999999999999998,0,0,47.5160331487238,0,12,3100,-1100,174.113332130275
1400,-1000,7093.00434635886,7093.00434635886,0,0.999999999999999,0,0,47.5160331487238,0,12,3100,-1000,174.113332130275
1400,-900,7093.00434635887,7093.00434635887,0,0.999999999999999,0,0,47.5160331487238,0,12,3100,-900,174.113332130275
1400,-800,7093.00434635886,7093.00434635886,0,0.999999999999998,0,0,47.5160331487238,0,12,3100,-800,174.113332130275
1400,-700,7017.55176937071,7017.55176937071,0,0.98849639826176,0.0114597413547805,0,47.1171754094654,0,108,3100,-700,174.113332130275
1400,-600,6790.69491881608,6790.69491881608,0,0.92310501047007,0.0768815315454394,0,46.2000930350601,0,108,3100,-600,174.113332130275
1400,-500,6748.70617283009,6748.70617283009,0,0.847751684554705,0.152248315445293,0,45.976423300031,0,108,3100,-500,174.113332130275
1400,-400,6693.36059951547,6693.36059951547,0,0.783810572062989,0.216189427937008,0,45.7385082357209,0,108,3100,-400,174.113332130275
1400,-300,6720.1513007058,6720.1513007058,0,0.733043493836751,0.266956506163246,0,45.8663366863265,0,108,3100,-300,174.113332130275
1400,-200,6816.91075531072,6816.91075531072,0,0.696195466370304,0.303804533629692,0,46.3040439298604,0,108,3100,-200,174.113332130275
1400,-100,6961.44272091279,6961.44272091279,0,0.673842634443377,0.326157365556614,0,46.9483080657236,0,108,3100,-100,174.113332130275
1400,0,7081.50849445373,7081.50849445373,0,0.666349998816361,0.333650075662892,0,47.467457256116,0,108,3100,0,174.113332130275
1400,100,6961.4427209128,6961.4427209128,0,0.673842634443377,0.326157365556614,0,46.9483080657236,0,108,3100,100,174.113332130275
1400,200,6816.91075531072,6816.91075531072,0,0.696195466370304,0.303804533629692,0,46.3040439298604,0,108,3100,200,174.113332130275
1400,300,6720.1513007058,6720.1513007058,0,0.733043493836751,0.266956506163246,0,45.8663366863265,0,108,3100,300,174.113332130275
1400,400,6693.36059951547,6693.36059951547,0,0.783810572062989,0.216189427937008,0,45.7385082357209,0,108,3100,400,174.113332130275
1400,500,6748.70617283009,6748.70617283009,0,0.847751684554705,0.152248315445292,0,45.9764233000309,0,108,3100,500,174.113332130275
1400,600,6790.69491881605,6790.69491881605,0,0.92310501047007,0.0768815315454316,0,46.2000930350599,0,108,3100,600,174.113332130275
1400,700,7017.55176937071,7017.55176937071,0,0.98849639826176,0.0114597413547806,0,47.1171754094654,0,108,3100,700,174.113332130275
1400,800,7093.00434635886,7093.00434635886,0,0.999999999999998,0,0,47.5160331487238,0,12,3100,800,174.113332130275
1400,900,7093.00434635887,7093.00434635887,0,1,0,0,47.5160331487238,0,12,3100,900,174.113332130275
1400,1000,7093.00434635886,7093.00434635886,0,0.999999999999998,0,0,47.5160331487238,0,12,3100,1000,174.113332130275
1400,1100,7093.00434635886,7093.00434635886,0,0.999999999999998,0,0,47.5160331487238,0,12,3100,1100,174.113332130275
1500,-800,7093.00434635886,7093.00434635886,0,0.999999999999998,0,0,47.5160331487238,0,12,3200,-800,174.113332130275
1500,-700,7093.00434635886,7093.00434635886,0,0.999999999999998,0,0,47.5160331487238,0,12,3200,-700,174.113332130275
1500,-600,7093.00434635886,7093.00434635886,0,0.999999999999998,0,0,47.5160331487238,0,12,3200,-600,174.113332130275
1500,-500,7067.59493920668,7067.59493920668,0,0.996328329252191,0.00363790078446765,0,47.3685919568525,0,108,3200,-500,174.113332130275
1500,-400,6902.13747242147,6902.13747242147,0,0.965831104669403,0.0341596783346866,0,46.6307682523145,0,108,3200,-400,174.113332130275
1500,-300,6820.90442387629,6820.90442387629,0,0.926784111826126,0.0732007268901359,0,46.3949953720198,0,108,3200,-300,174.113332130275
1500,-200,6903.8010124921,6903.8010124921,0,0.894023189768947,0.105976552841584,0,46.7708141363865,0,108,3200,-200,174.113332130275
1500,-100,7047.37579763131,7047.37579763131,0,0.873320841728464,0.126679158267011,0,47.3184116425352,0,108,3200,-100,174.113332130275
1500,0,7088.25213382553,7088.25213382553,0,0.866349971646349,0.133650049522875,0,47.4958480794437,0,108,3200,0,174.113332130275
1500,100,7047.37579763131,7047.37579763131,0,0.873320841728464,0.126679158267011,0,47.3184116425351,0,108,3200,100,174.113332130275
1500,200,6903.80101249209,6903.80101249209,0,0.894023189768947,0.105976552841581,0,46.7708141363864,0,108,3200,200,174.113332130275
1500,300,6820.90442387627,6820.90442387627,0,0.926784111826126,0.0732007268901333,0,46.3949953720197,0,108,3200,300,174.113332130275
1500,400,6902.13747242147,6902.13747242147,0,0.965831104669403,0.034159678334686,0,46.6307682523144,0,108,3200,400,174.113332130275
1500,500,7067.59493920668,7067.59493920668,0,0.99632832925219,0.00363790078446753,0,47.3685919568525,0,108,3200,500,174.113332130275
1500,600,7093.00434635886,7093.00434635886,0,0.999999999999998,0,0,47.5160331487238,0,12,3200,600,174.113332130275
1500,700,7093.00434635886,7093.00434635886,0,0.999999999999998,0,0,47.5160331487238,0,12,3200,700,174.113332130275
1500,800,7093.00434635886,7093.00434635886,0,0.999999999999998,0,0,47.5160331487238,0,12,3200,800,174.113332130275
1600,0,7093.00434635886,7093.00434635886,0,0.999999999999998,0,0,47.5160331487238,0,12,3300,0,174.113332130275
