r_m,T_C,T0_C
0,10.301613703249316,33.575344821417033
1.5625000000000001e-06,10.301613707295742,33.575344840609176
3.1250000000000001e-06,10.301613719435025,33.575344898185492
4.6875000000000004e-06,10.301613739667154,33.575344994146008
6.2500000000000003e-06,10.30161376799208,33.575345128490561
7.8125000000000002e-06,10.301613804409868,33.57534530121935
9.3750000000000009e-06,10.301613848920477,33.575345512332454
1.09375e-05,10.301613901523988,33.57534576182961
1.2500000000000001e-05,10.301613962220278,33.575346049710909
1.4062500000000001e-05,10.301614031009445,33.575346375976551
1.5625e-05,10.30161410789151,33.575346740626166
1.7187500000000001e-05,10.301614192866403,33.575347143660053
1.8750000000000002e-05,10.301614285934209,33.575347585078205
2.0312500000000002e-05,10.301614387094848,33.575348064880487
2.1875e-05,10.301614496348433,33.575348583066905
2.34375e-05,10.301614613694928,33.575349139637488
2.5000000000000001e-05,10.301614739134257,33.575349734592237
2.6562500000000002e-05,10.301614872666548,33.575350367931101
2.8125000000000003e-05,10.301615014291752,33.5753510396544
2.96875e-05,10.30161516400989,33.575351749761609
3.1250000000000001e-05,10.301615321820996,33.575352498253181
3.2812500000000005e-05,10.301615487725062,33.575353285128934
3.4375000000000002e-05,10.30161566172206,33.575354110388943
3.5937499999999999e-05,10.301615843812112,33.57535497403299
3.7500000000000003e-05,10.301616033995073,33.575355876061195
3.9062500000000001e-05,10.301616232271128,33.575356816473672
4.0625000000000005e-05,10.301616438640174,33.575357795270364
4.2187500000000002e-05,10.301616653102348,33.57535881245105
4.375e-05,10.301616875657475,33.575359868016115
4.5312500000000004e-05,10.301617106305747,33.575360961965266
4.6875000000000001e-05,10.301617345047056,33.575362094298796
4.8437500000000005e-05,10.301617591881547,33.575363265016342
5.0000000000000002e-05,10.301617846809107,33.575364474118139
5.15625e-05,10.30161810982991,33.575365721604072
5.3125000000000004e-05,10.301618380943799,33.575367007474192
5.4687500000000001e-05,10.301618660150924,33.575368331728697
5.6250000000000005e-05,10.301618947451226,33.575369694367161
5.7812500000000003e-05,10.301619242844799,33.575371095389947
5.9375e-05,10.301619546331624,33.575372534796855
6.0937500000000004e-05,10.301619857911748,33.575374012587986
6.2500000000000001e-05,10.301620177585159,33.575375528763388
6.4062500000000005e-05,10.301620505351899,33.575377083323012
6.5625000000000009e-05,10.301620841212056,33.575378676266659
6.71875e-05,10.301621185165512,33.575380307594578
6.8750000000000004e-05,10.301621537212423,33.575381977306712
7.0312500000000008e-05,10.301621897352712,33.57538368540321
7.1874999999999999e-05,10.301622265586559,33.575385431883767
7.3437500000000003e-05,10.301622641913795,33.575387216748446
7.5000000000000007e-05,10.301623026334614,33.575389039997475
7.6562499999999998e-05,10.301623418848955,33.575390901630726
7.8125000000000002e-05,10.301623819456919,33.575392801647979
7.9687500000000006e-05,10.301624228158468,33.575394740049632
8.125000000000001e-05,10.301624644953602,33.575396716835343
8.28125e-05,10.301625069842455,33.575398732005567
8.4375000000000004e-05,10.30162550282502,33.575400785559808
8.5937500000000009e-05,10.301625943901286,33.575402877498249
8.7499999999999999e-05,10.301626393071373,33.575405007820969
8.9062500000000003e-05,10.301626850335216,33.57540717652779
9.0625000000000007e-05,10.301627315692933,33.575409383618897
9.2187499999999998e-05,10.301627789144534,33.575411629094312
9.3750000000000002e-05,10.301628270690026,33.575413912953842
9.5312500000000006e-05,10.301628760329436,33.575416235197622
9.687500000000001e-05,10.301629258062874,33.575418595825795
9.8437500000000001e-05,10.301629763890343,33.575420994837962
0.0001,10.301630277811807,33.575423432234544
0.00010156250000000001,10.301630799827439,33.575425908015205
0.000103125,10.301631329937157,33.57542842218016
0.0001046875,10.301631868141127,33.575430974729443
0.00010625000000000001,10.301632414439267,33.575433565662827
0.00010781250000000001,10.301632968831655,33.575436194980561
0.000109375,10.301633531318405,33.575438862682439
0.00011093750000000001,10.301634101899511,33.575441568768618
0.00011250000000000001,10.301634680574976,33.575444313239046
0.0001140625,10.301635267344853,33.575447096093711
0.00011562500000000001,10.301635862209222,33.575449917332648
0.00011718750000000001,10.30163646516818,33.575452776955828
0.00011875,10.301637076221716,33.575455674963223
0.0001203125,10.301637695369802,33.575458611354968
0.00012187500000000001,10.301638322612558,33.575461586130878
0.00012343750000000001,10.301638957950059,33.57546459929106
0.000125,10.301639601382329,33.575467650835606
0.00012656249999999999,10.301640252909401,33.575470740764352
0.00012812500000000001,10.301640912531365,33.575473869077257
0.0001296875,10.301641580248209,33.575477035774576
0.00013125000000000002,10.301642256059937,33.575480240856272
0.00013281250000000001,10.301642939966793,33.575483484322135
0.000134375,10.301643631968702,33.575486766172077
0.00013593750000000002,10.301644332065726,33.575490086406475
0.00013750000000000001,10.301645040257869,33.575493445025046
0.0001390625,10.301645756545303,33.57549684202813
0.00014062500000000002,10.301646480927998,33.575500277415237
0.00014218750000000001,10.301647213406005,33.575503751186808
0.00014375,10.301647953979412,33.575507263342566
0.00014531250000000002,10.301648702648277,33.575510813882694
0.00014687500000000001,10.301649459412666,33.575514402807173
0.0001484375,10.301650224272617,33.575518030115703
0.00015000000000000001,10.301650997228144,33.57552169580876
0.0001515625,10.301651778279394,33.575525399886047
0.000153125,10.301652567426386,33.575529142347555
0.00015468750000000001,10.301653364669177,33.575532923193421
0.00015625,10.301654170007795,33.575536742423751
0.00015781250000000002,10.30165498344237,33.575540600038231
0.00015937500000000001,10.301655804972917,33.57554449603704
0.0001609375,10.30165663459953,33.575548430420206
0.00016250000000000002,10.30165747232226,33.575552403187714
0.00016406250000000001,10.301658318141142,33.575556414339502
0.000165625,10.301659172056244,33.57556046387564
0.00016718750000000002,10.301660034067678,33.575564551795992
0.00016875000000000001,10.301660904175511,33.575568678100794
0.0001703125,10.301661782379682,33.575572842789875
0.00017187500000000002,10.301662668680432,33.575577045863405
0.00017343750000000001,10.301663563077728,33.575581287321263
0.000175,10.301664465571717,33.57558556716328
0.00017656250000000002,10.301665376162354,33.575589885389761
0.00017812500000000001,10.301666294849742,33.57559424200069
0.0001796875,10.301667221634039,33.575598636995949
0.00018125000000000001,10.301668156515245,33.575603070375401
0.00018281250000000001,10.301669099493425,33.575607542139103
0.000184375,10.301670050568683,33.575612052287447
0.00018593750000000001,10.30167100974106,33.575616600820027
0.0001875,10.301671977010662,33.575621187737006
0.00018906250000000002,10.301672952377514,33.575625813038364
0.00019062500000000001,10.301673935841752,33.575630476724164
0.0001921875,10.30167492740337,33.575635178794307
0.00019375000000000002,10.301675927062565,33.575639919248765
0.00019531250000000001,10.301676934819314,33.575644698087522
0.000196875,10.301677950673689,33.575649515310843
0.00019843750000000002,10.301678974625835,33.575654370918414
0.00020000000000000001,10.301680006675785,33.575659264910577
0.0002015625,10.301681046823653,33.575664197287033
0.00020312500000000002,10.301682095069424,33.57566916804786
0.00020468750000000001,10.301683151413316,33.575674177193193
0.00020625,10.301684215855316,33.575679224722947
0.00020781250000000002,10.301685288395563,33.575684310637044
0.00020937500000000001,10.301686369034037,33.575689434935519
0.0002109375,10.30168745777096,33.575694597618309
0.00021250000000000002,10.301688554606343,33.575699798685633
0.00021406250000000001,10.301689659540198,33.575705038137492
0.00021562500000000002,10.301690772572719,33.575710315973716
0.00021718750000000001,10.301691893703957,33.575715632194388
0.00021875,10.301693022934014,33.575720986799482
0.00022031250000000002,10.301694160262915,33.575726379789046
0.00022187500000000001,10.301695305690812,33.575731811162981
0.0002234375,10.301696459217773,33.575737280921345
0.00022500000000000002,10.301697620843868,33.575742789064257
0.00022656250000000001,10.301698790569256,33.575748335591612
0.000228125,10.301699968393907,33.575753920503402
0.00022968750000000002,10.301701154317994,33.575759543799663
0.00023125000000000001,10.301702348341585,33.575765205480423
0.0002328125,10.301703550464776,33.575770905545568
0.00023437500000000002,10.30170476068764,33.575776643995312
0.00023593750000000001,10.301705979010316,33.575782420829427
0.0002375,10.301707205432814,33.575788236048119
0.00023906250000000002,10.301708439955318,33.575794089651218
0.00024062500000000001,10.301709682577854,33.575799981638852
0.0002421875,10.301710933300575,33.575805912010964
0.00024375000000000002,10.301712192123539,33.575811880767588
0.00024531250000000003,10.301713459046836,33.575817887908705
0.00024687500000000002,10.301714734070575,33.575823933434371
0.00024843750000000001,10.301716017194906,33.575830017344472
0.00025000000000000001,10.301717308419814,33.575836139639101
0.0002515625,10.301718607745482,33.575842300318314
0.00025312499999999999,10.301719915171949,33.575848499382111
0.00025468750000000003,10.301721230699359,33.575854736830493
0.00025625000000000002,10.301722554327867,33.575861012663154
0.00025781250000000001,10.301723886057488,33.57586732688037
0.000259375,10.301725225888323,33.575873679482285
0.00026093749999999999,10.301726573820465,33.575880070468699
0.00026250000000000004,10.30172792985412,33.575886499839633
0.00026406250000000003,10.301729293989323,33.575892967595102
0.00026562500000000002,10.301730666226151,33.575899473735227
0.00026718750000000001,10.301732046564693,33.575906018259737
0.00026875,10.301733435005113,33.575912601168994
0.00027031249999999999,10.301734831547519,33.575919222462893
0.00027187500000000004,10.301736236191985,33.575925882141327
0.00027343750000000003,10.301737648938651,33.575932580204132
0.00027500000000000002,10.301739069787603,33.575939316651748
0.00027656250000000001,10.301740498738939,33.575946091483743
0.000278125,10.301741935792771,33.575952904700522
0.00027968749999999999,10.30174338094921,33.575959756301891
0.00028125000000000003,10.301744834208403,33.575966646287661
0.00028281250000000002,10.301746295570416,33.575973574658377
0.00028437500000000001,10.301747765035341,33.575980541413514
0.0002859375,10.301749242603412,33.575987546553201
0.0002875,10.301750728274582,33.575994590077642
0.00028906250000000004,10.301752222049055,33.576001671986695
0.00029062500000000003,10.301753723926902,33.57600879228044
0.00029218750000000002,10.301755233908287,33.576015950958663
0.00029375000000000001,10.301756751993285,33.576023148021704
0.0002953125,10.301758278182049,33.576030383469366
0.00029687499999999999,10.301759812474666,33.576037657301669
0.00029843750000000004,10.30176135487126,33.576044969518527
0.00030000000000000003,10.301762905371929,33.576052320120276
0.00030156250000000002,10.301764463976889,33.576059709106552
0.00030312500000000001,10.301766030686094,33.57606713647737
0.0003046875,10.301767605499734,33.576074602233099
0.00030624999999999999,10.301769188418007,33.576082106373434
0.00030781250000000003,10.301770779440922,33.576089648898503
0.00030937500000000003,10.30177237856868,33.576097229808205
0.00031093750000000002,10.301773985801367,33.576104849102691
0.00031250000000000001,10.301775601139129,33.57611250678174
0.0003140625,10.301777224582057,33.576120202845715
0.00031562500000000004,10.301778856130284,33.576127937294238
0.00031718750000000003,10.301780495783962,33.576135710127645
0.00031875000000000002,10.301782143543171,33.576143521345642
0.00032031250000000001,10.301783799408046,33.576151370948345
0.000321875,10.301785463378746,33.576159258935846
0.00032343749999999999,10.301787135455326,33.576167185308279
0.00032500000000000004,10.301788815638039,33.576175150065311
0.00032656250000000003,10.301790503926908,33.576183153206884
0.00032812500000000002,10.301792200322078,33.576191194733575
0.00032968750000000001,10.301793904823716,33.576199274644829
0.00033125,10.30179561743193,33.576207392940887
0.00033281249999999999,10.301797338146864,33.576215549621821
0.00033437500000000004,10.301799066968593,33.576223744687482
0.00033593750000000003,10.301800803897315,33.576231978137841
0.00033750000000000002,10.301802548933118,33.576240249973054
0.00033906250000000001,10.301804302076176,33.576248560193179
0.000340625,10.301806063326575,33.576256908798058
0.00034218749999999999,10.301807832684508,33.576265295787749
0.00034375000000000003,10.301809610150052,33.576273721162252
0.00034531250000000002,10.301811395723416,33.576282184921574
0.00034687500000000002,10.301813189404648,33.576290687065665
0.00034843750000000001,10.301814991193957,33.576299227594703
0.00035,10.301816801091377,33.576307806508545
0.00035156250000000004,10.301818619097174,33.576316423807306
0.00035312500000000003,10.301820445211435,33.576325079490893
0.00035468750000000002,10.301822279434283,33.576333773559327
0.00035625000000000001,10.301824121765815,33.576342506012523
0.0003578125,10.301825972206315,33.576351276850616
0.00035937499999999999,10.301827830755782,33.576360086073805
0.00036093750000000004,10.301829697414403,33.576368933681756
0.00036250000000000003,10.301831572182376,33.576377819674562
0.00036406250000000002,10.301833455059734,33.57638674405235
0.00036562500000000001,10.301835346046703,33.576395706814971
0.0003671875,10.301837245143398,33.576404707962425
0.00036874999999999999,10.301839152349986,33.576413747494897
0.00037031250000000004,10.301841067666601,33.576422825412394
0.00037187500000000003,10.301842991093402,33.576431941714738
0.00037343750000000002,10.301844922630483,33.57644109640195
0.00037500000000000001,10.30184686227806,33.576450289474131
0.0003765625,10.301848810036224,33.576459520931301
0.00037812500000000004,10.301850765905121,33.576468790773475
0.00037968750000000003,10.301852729885013,33.576478099000482
0.00038125000000000002,10.301854701975845,33.576487445612429
0.00038281250000000001,10.301856682177958,33.576496830609543
0.00038437500000000001,10.301858670491431,33.576506253991532
0.0003859375,10.301860666916397,33.576515715758546
0.00038750000000000004,10.301862671453021,33.576525215910692
0.00038906250000000003,10.301864684101467,33.576534754447479
0.00039062500000000002,10.301866704861869,33.576544331369512
0.00039218750000000001,10.301868733734452,33.576553946676626
0.00039375,10.301870770719232,33.576563600368701
0.00039531249999999999,10.301872815816502,33.576573292445687
0.00039687500000000004,10.301874869026324,33.576583022907997
0.00039843750000000003,10.301876930348934,33.576592791755012
0.00040000000000000002,10.301878999784412,33.576602598987364
0.00040156250000000001,10.301881077332895,33.576612444604592
0.000403125,10.301883162994683,33.576622328606938
0.00040468750000000005,10.301885256769836,33.57663225099423
0.00040625000000000004,10.301887358658512,33.576642211766675
0.00040781250000000003,10.301889468660882,33.57665221092433
0.00040937500000000002,10.301891586777099,33.576662248466889
0.00041093750000000001,10.301893713007356,33.576672324394785
0.0004125,10.30189584735176,33.576682438707628
0.00041406250000000004,10.301897989810563,33.576692591405632
0.00041562500000000003,10.30190014038379,33.576702782488709
0.00041718750000000002,10.301902299071779,33.576713011956905
0.00041875000000000001,10.301904465874498,33.576723279810388
0.0004203125,10.30190664079233,33.57673358604881
0.000421875,10.301908823825256,33.576743930672507
0.00042343750000000004,10.301911014973527,33.576754313681292
0.00042500000000000003,10.301913214237285,33.576764735075173
0.00042656250000000002,10.301915421616741,33.576775194854349
0.00042812500000000001,10.301917637112011,33.576785693018685
0.0004296875,10.301919860723299,33.576796229568103
0.00043125000000000005,10.301922092450736,33.576806804502851
0.00043281250000000004,10.301924332294508,33.576817417822689
0.00043437500000000003,10.301926580254854,33.576828069527892
0.00043593750000000002,10.301928836331861,33.576838759618177
0.00043750000000000001,10.301931100525676,33.576849488093671
0.0004390625,10.30193337283656,33.576860254954511
0.00044062500000000004,10.301935653264643,33.576871060200595
0.00044218750000000003,10.301937941810095,33.576881903831811
0.00044375000000000003,10.301940238473071,33.576892785848386
0.00044531250000000002,10.301942543253803,33.576903706250128
0.00044687500000000001,10.30194485615246,33.576914665037094
0.0004484375,10.301947177169129,33.576925662209561
0.00045000000000000004,10.3019495063041,33.57693669776711
0.00045156250000000003,10.301951843557521,33.576947771709918
0.00045312500000000002,10.301954188929489,33.576958884038177
0.00045468750000000001,10.301956542420287,33.576970034751596
0.00045625,10.30195890403002,33.576981223850559
0.00045781250000000005,10.301961273758945,33.576992451334675
0.00045937500000000004,10.301963651607162,33.577003717204001
0.00046093750000000003,10.301966037574898,33.577015021458806
0.00046250000000000002,10.301968431662353,33.577026364099027
0.00046406250000000001,10.301970833869595,33.5770377451245
0.000465625,10.301973244196969,33.577049164535332
0.00046718750000000005,10.301975662644589,33.577060622331629
0.00046875000000000004,10.301978089212612,33.577072118513165
0.00047031250000000003,10.301980523901237,33.57708365308028
0.00047187500000000002,10.301982966710645,33.577095226032618
0.00047343750000000001,10.301985417641054,33.577106837370444
0.000475,10.30198787669266,33.577118487093543
0.00047656250000000004,10.30199034386556,33.5771301752022
0.00047812500000000003,10.301992819159983,33.577141901696223
0.00047968750000000002,10.301995302576254,33.577153666575704
0.00048125000000000002,10.301997794114294,33.577165469840693
0.00048281250000000001,10.30200029377451,33.577177311491162
0.000484375,10.302002801557032,33.577189191526891
0.00048593750000000004,10.302005317462074,33.577201109948227
0.00048750000000000003,10.302007841489738,33.577213066754979
0.00048906250000000002,10.30201037364032,33.577225061947303
0.00049062500000000007,10.302012913913943,33.577237095525
0.0004921875,10.302015462310852,33.577249167488411
0.00049375000000000005,10.302018018831195,33.577261277837209
0.00049531249999999998,10.302020583475201,33.577273426571431
0.00049687500000000003,10.30202315624306,33.577285613691224
0.00049843750000000007,10.302025737134953,33.577297839196724
0.00050000000000000001,10.302028326151074,33.577310103087555
0.00050156250000000006,10.302030923291632,33.577322405364093
0.00050312499999999999,10.302033528556821,33.577334746026068
0.00050468750000000004,10.302036141946859,33.577347125073636
0.00050624999999999997,10.302038763461871,33.577359542506869
0.00050781250000000002,10.302041393102167,33.577371998325503
0.00050937500000000006,10.302044030867854,33.577384492529916
0.0005109375,10.302046676759257,33.57739702511995
0.00051250000000000004,10.302049330776397,33.577409596095464
0.00051406249999999998,10.302051992919573,33.577422205456706
0.00051562500000000002,10.302054663189065,33.577434853203499
0.00051718750000000007,10.302057341584932,33.577447539335935
0.00051875000000000001,10.302060028107443,33.577460263854114
0.00052031250000000005,10.302062722756851,33.577473026757851
0.00052187499999999999,10.302065425533284,33.577485828047394
0.00052343750000000003,10.302068136436967,33.577498667722445
0.00052500000000000008,10.302070855468118,33.577511545783253
0.00052656250000000001,10.302073582626955,33.577524462229754
0.00052812500000000006,10.30207631791364,33.577537417061926
0.00052968749999999999,10.30207906132849,33.577550410279919
0.00053125000000000004,10.302081812871547,33.577563441883605
0.00053281249999999997,10.302084572543148,33.577576511872991
0.00053437500000000002,10.302087340343519,33.577589620248112
0.00053593750000000006,10.302090116272751,33.577602767008884
0.0005375,10.302092900331143,33.577615952155597
0.00053906250000000005,10.302095692518906,33.577629175687903
0.00054062499999999998,10.302098492836192,33.577642437606016
0.00054218750000000003,10.30210130128326,33.577655737910014
0.00054375000000000007,10.302104117860331,33.577669076599719
0.00054531250000000001,10.302106942567667,33.577682453675259
0.00054687500000000005,10.302109775405359,33.577695869136811
0.00054843749999999999,10.302112616373737,33.577709322984013
0.00055000000000000003,10.302115465472916,33.577722815217058
0.00055156250000000008,10.302118322703175,33.577736345835866
0.00055312500000000001,10.302121188064749,33.577749914840602
0.00055468750000000006,10.302124061557826,33.577763522231088
0.00055625,10.302126943182607,33.577777168007515
0.00055781250000000004,10.302129832939306,33.57779085216999
0.00055937499999999998,10.302132730828221,33.577804574718208
0.00056093750000000002,10.302135636849494,33.57781833565231
0.00056250000000000007,10.302138551003372,33.577832134972418
0.0005640625,10.302141473290057,33.577845972678382
0.00056562500000000005,10.30214440370983,33.577859848770231
0.00056718749999999998,10.302147342262888,33.577873763248071
0.00056875000000000003,10.302150288949397,33.577887716111825
0.00057031250000000007,10.302153243769645,33.577901707361626
0.00057187500000000001,10.302156206723845,33.577915736997177
0.00057343750000000005,10.302159177812214,33.577929805018911
0.00057499999999999999,10.302162157034989,33.577943911426537
0.00057656250000000004,10.302165144392374,33.577958056220211
0.00057812500000000008,10.30216813988463,33.577972239399884
0.00057968750000000002,10.302171143511961,33.577986460965448
0.00058125000000000006,10.302174155274578,33.578000720917068
0.0005828125,10.302177175172753,33.578015019254842
0.00058437500000000004,10.302180203206657,33.578029355978707
0.00058593749999999998,10.302183239376605,33.578043731088549
0.00058750000000000002,10.302186283682746,33.578058144584489
0.00058906250000000007,10.302189336125414,33.578072596466491
0.000590625,10.30219239670471,33.578087086734605
0.00059218750000000005,10.302195465420995,33.578101615388817
0.00059374999999999999,10.302198542274391,33.578116182429035
0.00059531250000000003,10.302201627265166,33.578130787855535
0.00059687500000000007,10.302204720393622,33.578145431668105
0.00059843750000000001,10.302207821659998,33.578160113866822
0.00060000000000000006,10.302210931064305,33.578174834451616
0.00060156249999999999,10.302214048607075,33.578189593422543
0.00060312500000000004,10.302217174288366,33.57820439077976
0.00060468750000000008,10.302220308108522,33.578219226523082
0.00060625000000000002,10.302223450067663,33.578234100652686
0.00060781250000000006,10.30222660016616,33.57824901316846
0.000609375,10.302229758404163,33.578263964070324
0.00061093750000000004,10.302232924781938,33.578278953358527
0.00061249999999999998,10.302236099299726,33.578293981033035
0.00061406250000000002,10.302239281957709,33.578309047093541
0.00061562500000000007,10.302242472756287,33.578324151540528
0.00061718750000000001,10.302245671695516,33.578339294373777
0.00061875000000000005,10.302248878775792,33.578354475593102
0.00062031249999999999,10.30225209399725,33.578369695198838
0.00062187500000000003,10.30225531736021,33.578384953190806
0.00062343750000000008,10.302258548864877,33.578400249569242
0.00062500000000000001,10.302261788511528,33.578415584333833
0.00062656250000000006,10.302265036300325,33.578430957484834
0.00062812499999999999,10.302268292231606,33.578446369022181
0.00062968750000000004,10.302271556305623,33.578461818945883
0.00063125000000000008,10.302274828522512,33.578477307255888
0.00063281250000000002,10.302278108882659,33.578492833952374
0.00063437500000000006,10.302281397386245,33.578508399035108
0.0006359375,10.302284694033554,33.578524002504388
0.00063750000000000005,10.30228799882477,33.578539644360006
0.00063906249999999998,10.302291311760257,33.578555324601894
0.00064062500000000003,10.302294632840178,33.578571043230269
0.00064218750000000007,10.302297962064737,33.578586800245354
0.00064375000000000001,10.302301299434319,33.578602595646636
0.00064531250000000005,10.302304644949118,33.578618429434343
0.00064687499999999999,10.30230799860939,33.578634301608595
0.00064843750000000003,10.302311360415334,33.578650212169372
0.00065000000000000008,10.302314730367291,33.578666161116544
0.00065156250000000001,10.302318108465505,33.578682148450376
0.00065312500000000006,10.302321494710187,33.578698174170619
0.0006546875,10.302324889101621,33.578714238277428
0.00065625000000000004,10.302328291640102,33.578730340770797
0.00065781250000000009,10.302331702325809,33.578746481650661
0.00065937500000000002,10.302335121159043,33.578762660917121
0.00066093750000000007,10.302338548140106,33.578778878570148
0.0006625,10.302341983269187,33.578795134609678
0.00066406250000000005,10.302345426546591,33.578811429035888
0.00066562499999999998,10.302348877972555,33.578827761848807
0.00066718750000000003,10.302352337547376,33.578844133048179
0.00066875000000000007,10.302355805271239,33.578860542634231
0.00067031250000000001,10.302359281144563,33.578876990606965
0.00067187500000000005,10.302362765167434,33.578893476966201
0.00067343749999999999,10.302366257340227,33.578910001712245
0.00067500000000000004,10.302369757663223,33.578926564845062
0.00067656250000000008,10.302373266136575,33.578943166364432
0.00067812500000000002,10.302376782760636,33.578959806270667
0.00067968750000000006,10.302380307535634,33.578976484563348
0.00068125,10.302383840461911,33.578993201242874
0.00068281250000000004,10.302387381539658,33.579009956309186
0.00068437499999999998,10.302390930769127,33.579026749762193
0.00068593750000000002,10.302394488150687,33.579043581601958
0.00068750000000000007,10.302398053684547,33.579060451828425
0.0006890625,10.302401627370953,33.579077360441758
0.00069062500000000005,10.302405209210219,33.579094307441906
0.00069218749999999999,10.302408799202622,33.579111292828856
0.00069375000000000003,10.302412397348405,33.579128316602684
0.00069531250000000008,10.302416003647883,33.579145378763236
0.00069687500000000001,10.302419618101197,33.579162479310604
0.00069843750000000006,10.302423240708844,33.579179618244879
0.00069999999999999999,10.302426871470972,33.579196795566119
0.00070156250000000004,10.302430510387829,33.579214011274097
0.00070312500000000008,10.302434157459739,33.579231265369067
0.00070468750000000002,10.302437812686993,33.579248557850789
0.00070625000000000006,10.30244147606984,33.579265888719526
0.0007078125,10.30244514760855,33.579283257975241
0.00070937500000000004,10.302448827303449,33.579300665617929
0.00071093749999999998,10.302452515154746,33.579318111647481
0.00071250000000000003,10.302456211162784,33.579335596064048
0.00071406250000000007,10.302459915327821,33.579353118867417
0.00071562500000000001,10.302463627650127,33.579370680057941
0.00071718750000000005,10.302467348130012,33.579388279635467
0.00071874999999999999,10.302471076767739,33.579405917600013
0.00072031250000000003,10.302474813563625,33.579423593951574
0.00072187500000000008,10.302478558517869,33.579441308690086
0.00072343750000000001,10.302482311630843,33.57945906181569
0.00072500000000000006,10.302486072902788,33.579476853328366
0.00072656249999999999,10.302489842334044,33.579494683228077
0.00072812500000000004,10.302493619924835,33.579512551514973
0.00072968750000000008,10.302497405675462,33.579530458188863
0.00073125000000000002,10.302501199586251,33.579548403250023
0.00073281250000000007,10.302505001657448,33.579566386698318
0.000734375,10.302508811889377,33.579584408533599
0.00073593750000000005,10.302512630282294,33.57960246875605
0.00073749999999999998,10.302516456836466,33.579620567365772
0.00073906250000000003,10.302520291552225,33.579638704362694
0.00074062500000000007,10.302524134429866,33.579656879746686
0.00074218750000000001,10.302527985469702,33.579675093517892
0.00074375000000000005,10.30253184467195,33.579693345676382
0.00074531249999999999,10.302535712037036,33.579711636222022
0.00074687500000000003,10.302539587565077,33.579729965154947
0.00074843750000000008,10.302543471256481,33.579748332475148
0.00075000000000000002,10.302547363111572,33.579766738182542
0.00075156250000000006,10.302551263130518,33.579785182277298
0.000753125,10.302555171313765,33.579803664759318
0.00075468750000000004,10.302559087661486,33.579822185628785
0.00075625000000000009,10.302563012174081,33.579840744885402
0.00075781250000000002,10.302566944851726,33.579859342529431
0.00075937500000000007,10.302570885694843,33.579877978560802
0.0007609375,10.302574834703643,33.579896652979443
0.00076250000000000005,10.30257879187849,33.57991536578546
0.00076406249999999998,10.302582757219719,33.579934116979004
0.00076562500000000003,10.302586730727484,33.579952906559811
0.00076718750000000007,10.302590712402202,33.579971734527987
0.00076875000000000001,10.302594702244161,33.579990600883818
0.00077031250000000006,10.302598700253593,33.580009505626812
0.00077187499999999999,10.302602706430937,33.580028448757332
0.00077343750000000004,10.302606720776343,33.580047430275542
0.00077500000000000008,10.302610743290249,33.580066450181036
0.00077656250000000002,10.302614773972941,33.580085508473999
0.00077812500000000006,10.302618812824607,33.580104605154581
0.0007796875,10.302622859845691,33.580123740222767
0.00078125000000000004,10.302626915036404,33.580142913678372
0.00078281250000000009,10.302630978397135,33.580162125521454
0.00078437500000000002,10.302635049928142,33.580181375752204
0.00078593750000000007,10.302639129629783,33.580200664370444
0.00078750000000000001,10.302643217502244,33.580219991376282
0.00078906250000000005,10.302647313546041,33.580239356769603
0.00079062499999999999,10.30265141776127,33.580258760550699
0.00079218750000000003,10.302655530148417,33.580278202719413
0.00079375000000000008,10.302659650707628,33.580297683275873
0.00079531250000000001,10.302663779439403,33.580317202219895
0.00079687500000000006,10.302667916343925,33.580336759551528
0.00079843749999999999,10.302672061421553,33.580356355271014
0.00080000000000000004,10.302676214672575,33.580375989377956
0.00080156250000000008,10.302680376097358,33.580395661872764
0.00080312500000000002,10.302684545696129,33.580415372755176
0.00080468750000000006,10.302688723469304,33.58043512202557
0.00080625,10.302692909417141,33.580454909683503
0.00080781250000000005,10.302697103539964,33.58047473572914
0.00080937500000000009,10.302701305838141,33.580494600162758
0.00081093750000000003,10.302705516311917,33.580514502984087
0.00081250000000000007,10.302709734961706,33.580534444193304
0.00081406250000000001,10.302713961787683,33.580554423790254
0.00081562500000000005,10.302718196790327,33.580574441775163
0.00081718749999999999,10.302722439969845,33.580594498147718
0.00081875000000000003,10.302726691326637,33.580614592908375
0.00082031250000000008,10.302730950860967,33.580634726056708
0.00082187500000000001,10.30273521857321,33.580654897593014
0.00082343750000000006,10.302739494463626,33.580675107517258
0.000825,10.30274377853261,33.580695355829427
0.00082656250000000004,10.302748070780421,33.580715642529462
0.00082812500000000009,10.302752371207443,33.580735967617542
0.00082968750000000002,10.302756679814024,33.580756331093561
0.00083125000000000007,10.302760996600403,33.580776732957453
0.0008328125,10.302765321566923,33.580797173209419
0.00083437500000000005,10.302769654714014,33.580817651849451
0.00083593750000000009,10.302773996041864,33.580838168877449
0.00083750000000000003,10.302778345550957,33.580858724293456
0.00083906250000000007,10.302782703241453,33.580879318097558
0.00084062500000000001,10.302787069113796,33.580899950289854
0.00084218750000000005,10.302791443168283,33.580920620869804
0.00084374999999999999,10.302795825405301,33.580941329838247
0.00084531250000000004,10.30280021582511,33.580962077194648
0.00084687500000000008,10.302804614428016,33.580982862939287
0.00084843750000000002,10.302809021214504,33.581003687071977
0.00085000000000000006,10.302813436184731,33.581024549592819
0.0008515625,10.30281785933914,33.58104545050184
0.00085312500000000004,10.302822290678083,33.581066389799041
0.00085468750000000009,10.302826730201808,33.581087367484479
0.00085625000000000002,10.30283117791071,33.581108383558124
0.00085781250000000007,10.302835633805095,33.581129438020113
0.000859375,10.30284009788534,33.581150530870275
0.00086093750000000005,10.302844570151725,33.58117166210868
0.00086250000000000009,10.302849050604742,33.581192831735294
0.00086406250000000003,10.302853539244513,33.581214039750087
0.00086562500000000007,10.302858036071527,33.581235286153458
0.00086718750000000001,10.302862541086107,33.581256570944959
0.00086875000000000006,10.302867054288535,33.581277894124817
0.00087031249999999999,10.302871575679218,33.58129925569316
0.00087187500000000004,10.302876105258465,33.581320655649861
0.00087343750000000008,10.302880643026594,33.58134209399487
0.00087500000000000002,10.302885188983984,33.58136357072825
0.00087656250000000006,10.302889743131042,33.58138508585008
0.000878125,10.302894305467994,33.581406639360296
0.00087968750000000004,10.302898875995318,33.581428231258947
0.00088125000000000009,10.302903454713237,33.581449861546098
0.00088281250000000003,10.30290804162215,33.581471530221819
0.00088437500000000007,10.302912636722438,33.581493237285848
0.00088593750000000001,10.302917240014374,33.581514982738391
0.00088750000000000005,10.302921851498374,33.581536766579653
0.0008890625000000001,10.302926471174713,33.581558588809315
0.00089062500000000003,10.302931099043869,33.581580449427513
0.00089218750000000008,10.302935735106097,33.581602348434188
0.00089375000000000001,10.302940379361738,33.581624285829712
0.00089531250000000006,10.302945031811191,33.581646261613493
0.00089687499999999999,10.302949692454813,33.581668275786122
0.00089843750000000004,10.302954361292954,33.581690328347236
0.00090000000000000008,10.302959038325879,33.581712419297197
0.00090156250000000002,10.302963723554086,33.581734548635623
0.00090312500000000006,10.302968416977873,33.581756716362705
0.0009046875,10.302973118597519,33.581778922478613
0.00090625000000000005,10.302977828413557,33.581801166983233
0.00090781250000000009,10.302982546426083,33.581823449876381
0.00090937500000000003,10.30298727263574,33.581845771158349
0.00091093750000000007,10.302992007042679,33.581868130829221
0.00091250000000000001,10.302996749647411,33.581890528888643
0.00091406250000000005,10.30300150045019,33.581912965337061
0.0009156250000000001,10.303006259451417,33.581935440174149
0.00091718750000000003,10.30301102665139,33.581957953400085
0.00091875000000000008,10.303015802050538,33.581980505014847
0.00092031250000000002,10.303020585649275,33.582003095018464
0.00092187500000000006,10.303025377447835,33.582025723410844
0.0009234375,10.303030177446711,33.582048390192334
0.00092500000000000004,10.303034985646189,33.582071095362636
0.00092656250000000009,10.303039802046623,33.582093838921786
0.00092812500000000002,10.303044626648393,33.58211662086989
0.00092968750000000007,10.303049459451895,33.582139441206913
0.00093125,10.303054300457497,33.582162299932932
0.00093281250000000005,10.303059149665552,33.58218519704802
0.00093437500000000009,10.30306400707636,33.58220813255182
0.00093593750000000003,10.303068872690423,33.582231106444915
0.00093750000000000007,10.303073746507989,33.582254118726972
0.00093906250000000001,10.30307862852951,33.582277169397997
0.00094062500000000005,10.303083518755331,33.582300258458147
0.00094218749999999999,10.303088417185787,33.582323385907387
0.00094375000000000004,10.303093323821358,33.582346551745751
0.00094531250000000008,10.303098238662255,33.582369755973097
0.00094687500000000002,10.303103161709004,33.582392998589668
0.00094843750000000006,10.303108092961885,33.582416279595378
0.00095,10.303113032421235,33.582439598990163
0.00095156250000000004,10.303117980087542,33.582462956774187
0.00095312500000000009,10.303122935961163,33.582486352947242
0.00095468750000000002,10.303127900042433,33.582509787509686
0.00095625000000000007,10.30313287233167,33.582533260461304
0.00095781250000000001,10.303137852829355,33.582556771802317
0.00095937500000000005,10.303142841535889,33.582580321532376
0.00096093750000000009,10.303147838451551,33.582603909651837
0.00096250000000000003,10.303152843576715,33.582627536160636
0.00096406250000000008,10.303157856911902,33.582651201058532
0.00096562500000000001,10.303162878457339,33.582674904345915
0.00096718750000000006,10.303167908213464,33.582698646022571
0.00096874999999999999,10.303172946180675,33.582722426088552
0.00097031250000000004,10.303177992359348,33.582746244544019
0.00097187500000000008,10.303183046749851,33.582770101388689
0.00097343750000000002,10.303188109352543,33.582793996623074
0.00097500000000000006,10.303193180167886,33.582817930246605
0.0009765625,10.303198259196222,33.582841902259673
0.00097812500000000004,10.303203346437888,33.582865912662228
0.00097968750000000009,10.303208441893331,33.582889961454221
0.00098125000000000013,10.303213545562972,33.582914048635729
0.00098281249999999996,10.303218657447058,33.582938174206781
0.00098437500000000001,10.303223777546147,33.58296233816732
0.00098593750000000005,10.303228905860488,33.582986540517524
0.0009875000000000001,10.303234042390574,33.583010781257244
0.00098906250000000014,10.303239187136738,33.583035060386543
0.00099062499999999997,10.303244340099392,33.583059377905272
0.00099218750000000001,10.303249501278932,33.583083733813801
0.00099375000000000006,10.303254670675672,33.583108128111945
0.0009953125000000001,10.303259848290137,33.583132560799697
0.00099687500000000015,10.303265034122605,33.583157031877136
0.00099843749999999998,10.303270228173536,33.583181541344267
0.001,10.303275430443289,33.583206089201077
0.0010015625000000001,10.303280640932334,33.583230675447602
0.0010031250000000001,10.303285859640944,33.583255300083827
0.0010046875000000002,10.303291086569613,33.583279963110002
0.00100625,10.303296321718653,33.583304664525748
0.0010078125,10.303301565088544,33.583329404331515
0.0010093750000000001,10.303306816679601,33.58335418252701
0.0010109375000000001,10.303312076492382,33.583378999112107
0.0010124999999999999,10.303317344527088,33.58340385408723
0.0010140625,10.303322620784261,33.583428747452167
0.001015625,10.303327905264165,33.58345367920699
0.0010171875000000001,10.303333197967332,33.583478649351839
0.0010187500000000001,10.303338498894073,33.583503657886524
0.0010203125,10.303343808044893,33.583528704810917
0.001021875,10.303349125420066,33.583553790125436
0.0010234375,10.303354451020132,33.583578913830024
0.0010250000000000001,10.303359784845318,33.583604075924619
0.0010265625000000001,10.303365126896265,33.583629276409063
0.001028125,10.303370477173134,33.583654515283655
0.0010296875,10.303375835676482,33.583679792548224
0.00103125,10.303381202406673,33.583705108202743
0.0010328125000000001,10.303386577364167,33.583730462247416
0.0010343750000000001,10.303391960549295,33.58375585468216
0.0010359375,10.303397351962467,33.583781285507129
0.0010375,10.303402751604153,33.58380675472219
0.0010390625000000001,10.303408159474726,33.583832262327412
0.0010406250000000001,10.30341357557457,33.583857808322698
0.0010421875000000001,10.30341899990413,33.583883392708195
0.00104375,10.303424432463833,33.583909015483869
0.0010453125,10.303429873254021,33.583934676649854
0.0010468750000000001,10.30343532227519,33.583960376206093
0.0010484375000000001,10.303440779527714,33.583986114152623
0.0010500000000000002,10.303446245012017,33.584011890489407
0.0010515625,10.303451718728502,33.584037705216424
0.001053125,10.303457200677602,33.58406355833371
0.0010546875000000001,10.303462690859741,33.584089449841443
0.0010562500000000001,10.303468189275238,33.584115379739465
0.0010578125000000002,10.303473695924609,33.584141348027821
0.001059375,10.303479210808295,33.584167354706665
0.0010609375,10.303484733926593,33.584193399775728
0.0010625000000000001,10.303490265280066,33.584219483235415
0.0010640625000000001,10.303495804869046,33.584245605085549
0.0010656249999999999,10.303501352694024,33.58427176532615
0.0010671875,10.303506908755223,33.584297963957063
0.00106875,10.30351247305336,33.584324200978593
0.0010703125000000001,10.303518045588614,33.584350476390568
0.0010718750000000001,10.303523626361555,33.584376790193247
0.0010734375,10.303529215372524,33.584403142386236
0.001075,10.303534812621942,33.584429532969963
0.0010765625,10.303540418110316,33.584455961944286
0.0010781250000000001,10.30354603183798,33.584482429309119
0.0010796875000000001,10.303551653805417,33.584508935064719
0.00108125,10.303557284013014,33.584535479210835
0.0010828125,10.303562922461266,33.584562061747697
0.0010843750000000001,10.303568569150483,33.584588682675275
0.0010859375000000001,10.303574224081149,33.584615341993505
0.0010875000000000001,10.303579887253793,33.584642039702608
0.0010890625,10.303585558668692,33.584668775802434
0.001090625,10.303591238326375,33.584695550292913
0.0010921875000000001,10.3035969262272,33.584722363174095
0.0010937500000000001,10.303602622371704,33.584749214446127
0.0010953125000000001,10.303608326760154,33.584776104108975
0.001096875,10.303614039393146,33.584803032162775
0.0010984375,10.303619760270998,33.584829998607397
0.0011000000000000001,10.303625489394229,33.584857003442821
0.0011015625000000001,10.303631226763276,33.584884046669181
0.0011031250000000002,10.303636972378486,33.584911128286514
0.0011046875,10.303642726240293,33.58493824829484
0.00110625,10.303648488349232,33.584965406694003
0.0011078125000000001,10.303654258705691,33.584992603484217
0.0011093750000000001,10.303660037310118,33.585019838665374
0.0011109374999999999,10.303665824162888,33.585047112237554
0.0011125,10.303671619264534,33.58507442420084
0.0011140625,10.303677422615415,33.585101774555149
0.0011156250000000001,10.303683234216026,33.585129163300536
0.0011171875000000001,10.303689054066853,33.585156590436924
0.00111875,10.303694882168154,33.58518405596454
0.0011203125,10.303700718520556,33.58521155988317
0.001121875,10.303706563124436,33.585239102192986
0.0011234375000000001,10.303712415980222,33.58526668289403
0.0011250000000000001,10.303718277088407,33.585294301986259
0.0011265625,10.303724146449357,33.585321959469717
0.001128125,10.303730024063553,33.585349655344388
0.0011296875,10.303735909931419,33.585377389610386
0.0011312500000000001,10.303741804053505,33.585405162267563
0.0011328125000000001,10.303747706430139,33.585432973315996
0.001134375,10.303753617061814,33.585460822755905
0.0011359375,10.303759535948963,33.585488710587001
0.0011375000000000001,10.303765463092072,33.585516636809523
0.0011390625000000001,10.303771398491488,33.585544601423294
0.0011406250000000001,10.303777342147814,33.585572604428563
0.0011421875,10.303783294061416,33.585600645825224
0.00114375,10.303789254232736,33.585628725613411
0.0011453125000000001,10.303795222662211,33.585656843793004
0.0011468750000000001,10.303801199350355,33.585685000363952
0.0011484375000000002,10.303807184297593,33.585713195326342
0.00115,10.303813177504342,33.585741428680336
0.0011515625,10.303819178971098,33.585769700425978
0.0011531250000000001,10.303825188698296,33.585798010563138
0.0011546875000000001,10.303831206686407,33.585826359091818
0.0011562500000000002,10.303837232935878,33.585854746011989
0.0011578125,10.303843267447222,33.585883171323992
0.001159375,10.303849310220771,33.585911635027479
0.0011609375000000001,10.303855361257083,33.585940137122613
0.0011625000000000001,10.303861420556563,33.585968677609436
0.0011640624999999999,10.303867488119719,33.58599725648812
0.001165625,10.303873563946965,33.586025873758416
0.0011671875,10.303879648038807,33.586054529420423
0.0011687500000000001,10.303885740395664,33.586083223474148
0.0011703125000000001,10.303891841018014,33.586111955919705
0.001171875,10.303897949906313,33.586140726757101
0.0011734375,10.303904067061033,33.586169535986294
0.001175,10.303910192482636,33.586198383607389
0.0011765625000000001,10.303916326171594,33.586227269620167
0.0011781250000000001,10.303922468128313,33.586256194025047
0.0011796875,10.303928618353359,33.586285156821717
0.00118125,10.303934776847116,33.58631415801041
0.0011828125000000001,10.303940943610096,33.586343197590871
0.0011843750000000001,10.303947118642741,33.586372275563456
0.0011859375000000001,10.303953301945496,33.586401391927922
0.0011875,10.303959493518862,33.586430546684497
0.0011890625,10.303965693363363,33.586459739832904
0.0011906250000000001,10.303971901479404,33.586488971373655
0.0011921875000000001,10.30397811786743,33.586518241306315
0.0011937500000000001,10.303984342527913,33.586547549631128
0.0011953125,10.303990575461381,33.586576896348006
0.001196875,10.30399681666832,33.586606281457108
0.0011984375000000001,10.304003066149109,33.586635704958177
0.0012000000000000001,10.304009323904271,33.586665166851525
0.0012015625000000002,10.304015589934327,33.586694667137088
0.001203125,10.304021864239669,33.586724205814903
0.0012046875,10.304028146820793,33.586753782884898
0.0012062500000000001,10.304034437678251,33.58678339834718
0.0012078125000000001,10.304040736812425,33.586813052201805
0.0012093750000000002,10.30404704422379,33.586842744448703
0.0012109375,10.304053359912922,33.586872475087809
0.0012125,10.304059683880229,33.586902244119322
0.0012140625000000001,10.304066016126143,33.586932051543307
0.0012156250000000001,10.304072356651224,33.586961897359622
0.0012171875,10.304078705455934,33.586991781568344
0.00121875,10.304085062540745,33.587021704169565
0.0012203125,10.304091427906149,33.58705166516301
0.0012218750000000001,10.304097801552565,33.587081664549082
0.0012234375000000001,10.304104183480614,33.587111702327775
0.001225,10.304110573690629,33.587141778498776
0.0012265625,10.304116972183143,33.587171893062397
0.001228125,10.304123378958714,33.587202046018589
0.0012296875000000001,10.304129794017705,33.587232237367367
0.0012312500000000001,10.304136217360709,33.58726246710868
0.0012328125,10.304142648988144,33.587292735242862
0.001234375,10.304149088900488,33.587323041769473
0.0012359375000000001,10.304155537098323,33.587353386688811
0.0012375000000000001,10.304161993582021,33.587383770000891
0.0012390625000000001,10.304168458352182,33.587414191705641
0.001240625,10.304174931409156,33.587444651802961
0.0012421875,10.304181412753532,33.587475150293123
0.0012437500000000001,10.304187902385777,33.587505687176304
0.0012453125000000001,10.304194400306445,33.587536262452225
0.0012468750000000002,10.304200906515938,33.587566876120867
0.0012484375,10.304207421014777,33.587597528182272
0.00125,10.304213943803456,33.587628218636645
0.0012515625000000001,10.304220474882431,33.587658947483916
0.0012531250000000001,10.304227014252257,33.587689714724107
0.0012546875000000002,10.304233561913396,33.587720520357287
0.00125625,10.304240117866367,33.587751364383294
0.0012578125,10.304246682111687,33.587782246802298
0.0012593750000000001,10.304253254649765,33.587813167614335
0.0012609375000000001,10.304259835481172,33.587844126819355
0.0012625000000000002,10.304266424606352,33.587875124417543
0.0012640625,10.304273022025905,33.587906160408714
0.001265625,10.304279627740218,33.58793723479306
0.0012671875000000001,10.304286241749852,33.587968347570445
0.0012687500000000001,10.304292864055254,33.587999498740949
0.0012703125,10.304299494656952,33.588030688304642
0.001271875,10.304306133555516,33.588061916261537
0.0012734375,10.304312780751324,33.588093182611559
0.0012750000000000001,10.304319436245004,33.588124487354861
0.0012765625000000001,10.304326100036933,33.588155830491537
0.001278125,10.304332772127735,33.588187212021332
0.0012796875,10.304339452517812,33.588218631944443
0.0012812500000000001,10.304346141207736,33.588250090260701
0.0012828125000000001,10.304352838197985,33.588281586970695
0.0012843750000000001,10.30435954348906,33.588313122073728
0.0012859375,10.304366257081497,33.588344695570264
0.0012875,10.304372978975831,33.588376307460308
0.0012890625000000001,10.304379709172474,33.58840795774362
0.0012906250000000001,10.304386447672016,33.588439646420532
0.0012921875000000002,10.304393194474921,33.588471373490798
0.00129375,10.304399949581711,33.588503138954586
0.0012953125,10.304406712992924,33.588534942811876
0.0012968750000000001,10.304413484709048,33.588566785062739
0.0012984375000000001,10.304420264730579,33.588598665707224
0.0013000000000000002,10.304427053058108,33.588630584745353
0.0013015625,10.304433849692044,33.588662542176948
0.001303125,10.304440654632916,33.588694538002294
0.0013046875000000001,10.304447467881301,33.588726572221162
0.0013062500000000001,10.304454289437695,33.588758644833895
0.0013078125000000002,10.304461119302564,33.588790755840243
0.001309375,10.304467957476481,33.588822905240271
0.0013109375,10.304474803959891,33.588855093034162
0.0013125000000000001,10.304481658753426,33.588887319221833
0.0013140625000000001,10.304488521857561,33.588919583803253
0.0013156250000000002,10.304495393272722,33.588951886778517
0.0013171875,10.304502272999544,33.588984228147702
0.00131875,10.304509161038492,33.589016607910565
0.0013203125000000001,10.304516057390105,33.589049026067499
0.0013218750000000001,10.3045229620549,33.589081482618312
0.0013234375,10.304529875033358,33.589113977562974
0.001325,10.304536796326069,33.589146510901756
0.0013265625000000001,10.304543725933518,33.589179082634359
0.0013281250000000001,10.304550663856253,33.589211692761147
0.0013296875000000001,10.304557610094786,33.589244341281926
0.00133125,10.304564564649617,33.589277028196776
0.0013328125,10.304571527521356,33.589309753505667
0.0013343750000000001,10.304578498710391,33.589342517208685
0.0013359375000000001,10.30458547821735,33.589375319305795
0.0013375000000000001,10.304592466042706,33.589408159796989
0.0013390625,10.304599462187063,33.589441038682615
0.001340625,10.30460646665092,33.589473955962248
0.0013421875000000001,10.304613479434723,33.5895069116362
0.0013437500000000001,10.304620500539114,33.589539905704342
0.0013453125000000002,10.304627529964542,33.589572938166839
0.001346875,10.304634567711629,33.589606009023505
0.0013484375,10.304641613780781,33.589639118274611
0.0013500000000000001,10.304648668172671,33.5896722659201
0.0013515625000000001,10.30465573088776,33.589705451959844
0.0013531250000000002,10.304662801926513,33.589738676393928
0.0013546875,10.304669881289609,33.589771939222565
0.00135625,10.304676968977502,33.589805240445621
0.0013578125000000001,10.304684064990665,33.589838580063109
0.0013593750000000001,10.304691169329743,33.589871958075094
0.0013609375000000002,10.304698281995263,33.589905374481646
0.0013625,10.304705402987661,33.589938829282652
0.0013640625,10.304712532307635,33.589972322478438
0.0013656250000000001,10.304719669955537,33.590005854068536
0.0013671875000000001,10.30472681593205,33.590039424053401
0.00136875,10.304733970237702,33.590073032432784
0.0013703125,10.304741132872961,33.590106679207018
0.001371875,10.304748303838414,33.590140364375699
0.0013734375000000001,10.304755483134588,33.590174087939211
0.0013750000000000001,10.304762670762052,33.590207849897553
0.0013765625,10.304769866721296,33.590241650250583
0.001378125,10.304777071012888,33.590275488998351
0.0013796875000000001,10.304784283637408,33.590309366141
0.0013812500000000001,10.304791504595379,33.590343281678415
0.0013828125000000001,10.304798733887376,33.590377235610774
0.001384375,10.304805971513867,33.59041122793785
0.0013859375,10.304813217475402,33.59044525866004
0.0013875000000000001,10.304820471772585,33.59047932777694
0.0013890625000000001,10.304827734406013,33.590513435288933
0.0013906250000000002,10.304835005376091,33.590547581196006
0.0013921875,10.304842284683495,33.59058176549793
0.00139375,10.304849572328683,33.590615988194834
0.0013953125000000001,10.304856868312276,33.590650249286945
0.0013968750000000001,10.304864172634762,33.590684548774199
0.0013984375000000002,10.304871485296742,33.590718886656269
0.0014,10.304878806298781,33.590753262933816
0.0014015625,10.304886135641375,33.59078767760635
0.0014031250000000001,10.30489347332507,33.59082213067397
0.0014046875000000001,10.304900819350545,33.590856622136954
0.0014062500000000002,10.304908173718168,33.590891151995024
0.0014078125,10.304915536428677,33.590925720248428
0.001409375,10.304922907482487,33.590960326897097
0.0014109375000000001,10.304930286880206,33.5909949719411
0.0014125000000000001,10.304937674622382,33.591029655380417
0.0014140625000000002,10.304945070709641,33.591064377215233
0.001415625,10.304952475142443,33.591099137445283
0.0014171875,10.304959887921388,33.591133936070676
0.0014187500000000001,10.304967309047093,33.591168773091518
0.0014203125000000001,10.304974738520007,33.591203648507893
0.001421875,10.304982176340722,33.591238562319752
0.0014234375,10.304989622509888,33.591273514527245
0.0014250000000000001,10.304997077027979,33.591308505130122
0.0014265625000000001,10.305004539895544,33.591343534128605
0.0014281250000000001,10.305012011113238,33.591378601522592
0.0014296875,10.305019490681559,33.591413707312505
0.00143125,10.305026978601061,33.591448851497532
0.0014328125000000001,10.305034474872356,33.591484034078469
0.0014343750000000001,10.305041979495925,33.591519255055275
0.0014359375000000001,10.305049492472465,33.59155451442755
0.0014375,10.305057013802415,33.59158981219565
0.0014390625,10.305064543486433,33.591625148359512
0.0014406250000000001,10.305072081525045,33.591660522919227
0.0014421875000000001,10.305079627918879,33.591695935874718
0.0014437500000000002,10.305087182668382,33.591731387226062
0.0014453125,10.305094745774205,33.591766876973161
0.001446875,10.30510231723694,33.591802405116375
0.0014484375000000001,10.305109897057092,33.591837971655401
0.0014500000000000001,10.305117485235316,33.591873576590324
0.0014515625000000002,10.305125081772117,33.591909219921327
0.001453125,10.305132686668051,33.591944901648198
0.0014546875,10.305140299923757,33.591980621771164
0.0014562500000000001,10.305147921539783,33.592016380290254
0.0014578125000000001,10.305155551516753,33.59205217720541
0.0014593750000000002,10.305163189855117,33.592088012516491
0.0014609375,10.305170836555527,33.592123886223803
0.0014625,10.305178491618598,33.592159798327337
0.0014640625000000001,10.305186155044867,33.592195748827073
0.0014656250000000001,10.305193826834905,33.592231737722898
0.0014671875000000002,10.305201506989288,33.592267765015038
0.00146875,10.305209195508615,33.592303830703507
0.0014703125,10.305216892393446,33.592339934788043
0.0014718750000000001,10.305224597644381,33.592376077269073
0.0014734375000000001,10.305232311261989,33.592412258146453
0.001475,10.305240033246884,33.59244847742027
0.0014765625,10.305247763599596,33.592484735090274
0.0014781250000000001,10.305255502320703,33.59252103115675
0.0014796875000000001,10.305263249410867,33.592557365619776
0.0014812500000000001,10.305271004870608,33.59259373847911
0.0014828125,10.305278768700539,33.592630149735122
0.001484375,10.305286540901214,33.592666599387577
0.0014859375000000001,10.305294321473294,33.592703087436576
0.0014875000000000001,10.305302110417207,33.592739613882152
0.0014890625000000002,10.305309907733713,33.59277617872435
0.001490625,10.3053177134233,33.592812781963261
0.0014921875,10.305325527486605,33.592849423598651
0.0014937500000000001,10.305333349924158,33.592886103630789
0.0014953125000000001,10.305341180736658,33.592922822059698
0.0014968750000000002,10.305349019924552,33.592959578885228
0.0014984375,10.305356867488575,33.592996374107734
0.0015,10.305364723429152,33.59303320772694
0.0015015625000000001,10.305372587747076,33.593070079742994
0.0015031250000000001,10.305380460442819,33.593106990155761
0.0015046875000000002,10.305388341516959,33.593143938965611
0.00150625,10.305396230970134,33.593180926172209
0.0015078125,10.305404128802905,33.593217951775692
0.0015093750000000001,10.305412035015927,33.593255015776286
0.0015109375000000001,10.305419949609743,33.593292118173643
0.0015125000000000002,10.305427872584984,33.593329258968183
0.0015140625,10.305435803942194,33.593366438159833
0.001515625,10.305443743682025,33.593403655748482
0.0015171875000000001,10.305451691805079,33.593440911734149
0.0015187500000000001,10.30545964831189,33.593478206116984
0.0015203125000000002,10.305467613203126,33.593515538896931
0.001521875,10.305475586479345,33.593552910074109
0.0015234375000000001,10.305483568141199,33.593590319648371
0.0015250000000000001,10.305491558189217,33.593627767619999
0.0015265625000000001,10.305499556624051,33.59366525398876
0.001528125,10.3055075634463,33.593702778754974
0.0015296875,10.305515578656575,33.593740341918235
0.0015312500000000001,10.305523602255429,33.593777943479012
0.0015328125000000001,10.305531634243474,33.593815583437276
0.0015343750000000001,10.305539674621405,33.593853261792717
0.0015359375,10.305547723389774,33.593890978545694
0.0015375,10.305555780549115,33.593928733696224
0.0015390625000000001,10.305563846100144,33.593966527243929
0.0015406250000000001,10.3055719200434,33.594004359189306
0.0015421875000000002,10.305580002379516,33.594042229532164
0.00154375,10.305588093109138,33.594080138272638
0.0015453125,10.305596192232821,33.594118085410763
0.0015468750000000001,10.305604299751186,33.594156070946518
0.0015484375000000001,10.305612415664857,33.59419409487986
0.0015500000000000002,10.305620539974392,33.594232157210826
0.0015515625,10.305628672680518,33.594270257939407
0.001553125,10.305636813783748,33.594308397065866
0.0015546875000000001,10.305644963284699,33.594346574589942
0.0015562500000000001,10.305653121184088,33.594384790511981
0.0015578125000000002,10.305661287482351,33.5944230448318
0.001559375,10.305669462180276,33.594461337549355
0.0015609375,10.305677645278417,33.594499668664859
0.0015625000000000001,10.305685836777354,33.594538038178321
0.0015640625000000001,10.305694036677728,33.594576446089462
0.0015656250000000002,10.305702244980177,33.594614892398845
0.0015671875,10.305710461685306,33.594653377106063
0.00156875,10.305718686793748,33.594691900211245
0.0015703125000000001,10.305726920306068,33.594730461714597
0.0015718750000000001,10.305735162222927,33.59476906161607
0.0015734375000000002,10.305743412544953,33.594807699915357
0.001575,10.305751671272771,33.594846376613056
0.0015765625000000001,10.305759938406984,33.594885091708647
0.0015781250000000001,10.30576821394817,33.594923845202551
0.0015796875000000001,10.305776497897062,33.594962637094703
0.00158125,10.305784790254171,33.595001467385046
0.0015828125,10.305793091020215,33.595040336073801
0.0015843750000000001,10.305801400195818,33.595079243160654
0.0015859375000000001,10.305809717781504,33.595118188645884
0.0015875000000000002,10.30581804377797,33.595157172529547
0.0015890625,10.305826378185824,33.595196194811528
0.001590625,10.305834721005715,33.595235255491737
0.0015921875000000001,10.305843072238245,33.595274354570719
0.0015937500000000001,10.305851431884065,33.595313492047985
0.0015953125000000002,10.305859799943788,33.595352667923862
0.001596875,10.305868176418079,33.595391882198193
0.0015984375,10.30587656130753,33.59543113487107
0.0016000000000000001,10.305884954612772,33.595470425942437
0.0016015625000000001,10.305893356334481,33.595509755412557
0.0016031250000000002,10.305901766473276,33.595549123281195
0.0016046875,10.305910185029692,33.595588529548586
0.00160625,10.305918612004451,33.595627974214686
0.0016078125000000001,10.305927047398237,33.59566745727944
0.0016093750000000001,10.305935491211578,33.595706978743053
0.0016109375000000002,10.305943943445174,33.595746538605418
0.0016125,10.305952404099635,33.595786136866565
0.0016140625,10.305960873175614,33.595825773526563
0.0016156250000000001,10.305969350673758,33.595865448585471
0.0016171875000000001,10.305977836594643,33.595905162043202
0.0016187500000000002,10.305986330939003,33.59594491389992
0.0016203125,10.305994833707357,33.595984704155605
0.0016218750000000001,10.306003344900523,33.596024532810375
0.0016234375000000001,10.306011864518938,33.596064399863948
0.0016250000000000001,10.306020392563385,33.59610430531675
0.0016265625,10.306028929034477,33.596144249168653
0.001628125,10.306037473932797,33.596184231419592
0.0016296875000000001,10.306046027259052,33.596224252069497
0.0016312500000000001,10.306054589013854,33.596264311118858
0.0016328125000000001,10.306063159197864,33.596304408567178
0.001634375,10.306071737811674,33.596344544414841
0.0016359375,10.306080324856028,33.596384718661831
0.0016375000000000001,10.306088920331552,33.596424931307965
0.0016390625000000001,10.306097524238792,33.596465182353604
0.0016406250000000002,10.306106136578462,33.59650547179843
0.0016421875,10.306114757351208,33.596545799642605
0.00164375,10.306123386557717,33.596586165886151
0.0016453125000000001,10.306132024198629,33.59662657052921
0.0016468750000000001,10.306140670274516,33.596667013571796
0.0016484375000000002,10.306149324786054,33.596707495013945
0.00165,10.306157987733991,33.5967480148555
0.0016515625,10.306166659118871,33.59678857309661
0.0016531250000000001,10.306175338941387,33.59682916973734
0.0016546875000000001,10.30618402720213,33.596869804777782
0.0016562500000000002,10.306192723901876,33.596910478217758
0.0016578125,10.306201429041188,33.596951190057389
0.001659375,10.306210142620765,33.596991940296661
0.0016609375000000001,10.306218864641252,33.597032728935773
0.0016625000000000001,10.306227595103266,33.597073555974724
0.0016640625000000002,10.30623633400749,33.597114421413252
0.001665625,10.306245081354575,33.597155325251805
0.0016671875,10.306253837145279,33.597196267490062
0.0016687500000000001,10.306262601380025,33.597237248128295
0.0016703125000000001,10.306271374059715,33.597278267166381
0.0016718750000000002,10.306280155184913,33.597319324604513
0.0016734375,10.306288944756222,33.597360420442563
0.0016750000000000001,10.306297742774376,33.597401554680523
0.0016765625000000001,10.306306549240059,33.597442727318644
0.0016781250000000001,10.306315364153839,33.597483938356895
0.0016796875,10.306324187516486,33.597525187795114
0.00168125,10.30633301932853,33.597566475633563
0.0016828125000000001,10.306341859590768,33.597607801872101
0.0016843750000000001,10.306350708303786,33.597649166510841
0.0016859375000000002,10.306359565468323,33.597690569549862
0.0016875,10.306368431084927,33.59773201098902
0.0016890625,10.306377305154411,33.597773490828715
0.0016906250000000001,10.306386187677278,33.597815009068299
0.0016921875000000001,10.306395078654347,33.597856565708568
0.0016937500000000002,10.306403978086184,33.597898160749153
0.0016953125,10.306412885973508,33.597939794190076
0.001696875,10.306421802316956,33.59798146603157
0.0016984375000000001,10.306430727117245,33.598023176273266
0.0017000000000000001,10.306439660374989,33.598064924915704
0.0017015625000000002,10.306448602090924,33.598106711958508
0.001703125,10.306457552265668,33.598148537402018
0.0017046875,10.30646651089989,33.598190401246228
0.0017062500000000001,10.306475477994335,33.59823230349096
0.0017078125000000001,10.306484453549604,33.598274244136157
0.0017093750000000002,10.306493437566386,33.598316223182117
0.0017109375,10.306502430045366,33.59835824062889
0.0017125,10.306511430987237,33.598400296476299
0.0017140625000000001,10.306520440392626,33.598442390724642
0.0017156250000000001,10.306529458262274,33.59848452337372
0.0017171875000000002,10.306538484596796,33.59852669442364
0.00171875,10.306547519396904,33.598568903874394
0.0017203125000000001,10.30655656266325,33.598611151726111
0.0017218750000000001,10.306565614396581,33.598653437978818
0.0017234375000000001,10.306574674597519,33.598695762632317
0.0017250000000000002,10.30658374326671,33.598738125686999
0.0017265625,10.30659282040495,33.598780527142665
0.0017281250000000001,10.306601906012787,33.598822966999286
0.0017296875000000001,10.306611000091017,33.598865445256997
0.0017312500000000001,10.306620102640245,33.598907961915934
0.0017328125,10.306629213661207,33.598950516976124
0.001734375,10.306638333154565,33.598993110437291
0.0017359375000000001,10.306647461120988,33.599035742299797
0.0017375000000000001,10.306656597561192,33.599078412563628
0.0017390625000000002,10.306665742475831,33.599121121228521
0.001740625,10.306674895865628,33.599163868294966
0.0017421875,10.306684057731248,33.599206653762607
0.0017437500000000001,10.306693228073401,33.599249477631581
0.0017453125000000001,10.306702406892711,33.599292339902171
0.0017468750000000002,10.306711594189979,33.599335240574042
0.0017484375,10.306720789965766,33.599378179647445
0.00175,10.306729994220873,33.599421157122364
0.0017515625000000001,10.306739206955895,33.599464172998694
0.0017531250000000001,10.306748428171622,33.599507227276817
0.0017546875000000002,10.306757657868705,33.599550319956471
0.00175625,10.306766896047787,33.599593451037656
0.0017578125,10.306776142709628,33.599636620520634
0.0017593750000000001,10.306785397854874,33.599679828405279
0.0017609375000000001,10.306794661484277,33.599723074691568
0.0017625000000000002,10.306803933598495,33.59976635937975
0.0017640625,10.306813214198179,33.599809682469797
0.0017656250000000001,10.306822503284113,33.59985304396146
0.0017671875000000001,10.306831800856951,33.599896443854938
0.0017687500000000001,10.306841106917425,33.599939882150473
0.0017703125000000002,10.306850421466201,33.599983358847815
0.001771875,10.306859744503933,33.600026873947407
0.0017734375000000001,10.306869076031404,33.60007042744877
0.0017750000000000001,10.306878416049292,33.60011401935207
0.0017765625000000001,10.306887764558242,33.60015764965744
0.0017781250000000002,10.306897121559041,33.600201318365144
0.0017796875,10.306906487052355,33.600245025474784
0.0017812500000000001,10.306915861038839,33.600288770986559
0.0017828125000000001,10.306925243519247,33.600332554900533
0.0017843750000000002,10.306934634494294,33.600376377216747
0.0017859375,10.306944033964687,33.600420237935353
0.0017875,10.306953441931087,33.600464137056058
0.0017890625000000001,10.306962858394222,33.600508074579139
0.0017906250000000001,10.306972283354785,33.60055205050449
0.0017921875000000002,10.306981716813501,33.600596064832331
0.00179375,10.306991158771085,33.600640117562442
0.0017953125,10.307000609228242,33.600684208695206
0.0017968750000000001,10.307010068185686,33.600728338230262
0.0017984375000000001,10.307019535644109,33.600772506167935
0.0018000000000000002,10.307029011604202,33.600816712508141
0.0018015625,10.307038496066696,33.600860957251008
0.001803125,10.307047989032377,33.600905240396351
0.0018046875000000001,10.307057490501823,33.60094956194439
0.0018062500000000001,10.307067000475804,33.600993921895189
0.0018078125000000002,10.307076518955068,33.601038320248598
0.001809375,10.307086045940293,33.601082757004818
0.0018109375,10.307095581432216,33.60112723216379
0.0018125000000000001,10.307105125431542,33.601171745725601
0.0018140625000000001,10.307114677938948,33.60121629769025
0.0018156250000000002,10.307124238955272,33.601260888057695
0.0018171875,10.307133808481023,33.601305516828255
0.0018187500000000001,10.307143386517099,33.601350184001511
0.0018203125000000001,10.307152973064165,33.601394889577747
0.0018218750000000001,10.307162568122909,33.601439633557128
0.0018234375000000002,10.307172171694079,33.601484415939581
0.001825,10.307181783778439,33.601529236725092
0.0018265625000000001,10.307191404376647,33.601574095913598
0.0018281250000000001,10.307201033489411,33.601618993505475
0.0018296875000000002,10.307210671117517,33.601663929500347
0.0018312500000000002,10.307220317261647,33.601708903898491
0.0018328125,10.307229971922521,33.601753916699764
0.0018343750000000001,10.307239635100872,33.601798967904578
0.0018359375000000001,10.307249306797432,33.601844057512594
0.0018375000000000002,10.307258987012876,33.601889185523937
0.0018390625,10.307268675748009,33.601934351938624
0.001840625,10.307278373003577,33.601979556756753
0.0018421875000000001,10.307288078780177,33.602024799978366
0.0018437500000000001,10.307297793078627,33.602070081603479
0.0018453125000000002,10.307307515899625,33.602115401632069
0.001846875,10.307317247243894,33.602160760064194
0.0018484375,10.307326987112262,33.602206156899967
0.0018500000000000001,10.30733673550534,33.602251592139382
0.0018515625000000001,10.307346492423912,33.602297065782437
0.0018531250000000002,10.307356257868696,33.602342577829127
0.0018546875,10.307366031840392,33.6023881282795
0.00185625,10.307375814339805,33.602433717133671
0.0018578125000000001,10.307385605367553,33.602479344391618
0.0018593750000000001,10.307395404924526,33.602525010053569
0.0018609375000000002,10.307405213011345,33.602570714119267
0.0018625,10.307415029628787,33.602616456588834
0.0018640625000000001,10.30742485477754,33.602662237462226
0.0018656250000000001,10.307434688458427,33.602708056739608
0.0018671875000000001,10.307444530672131,33.602753914421207
0.0018687500000000002,10.307454381419367,33.602799810506696
0.0018703125,10.307464240700909,33.60284574499638
0.0018718750000000001,10.307474108517475,33.602891717890003
0.0018734375000000001,10.307483984869812,33.602937729187808
0.0018750000000000001,10.307493869758723,33.602983778889772
0.0018765625000000002,10.307503763184844,33.603029866995804
0.001878125,10.307513665148948,33.603075993506337
0.0018796875000000001,10.307523575651803,33.603122158421165
0.0018812500000000001,10.307533494694145,33.603168361740082
0.0018828125000000002,10.307543422276733,33.603214603463421
0.001884375,10.307553358400202,33.603260883591282
0.0018859375,10.307563303065486,33.603307202123403
0.0018875000000000001,10.307573256273201,33.603353559060004
0.0018890625000000001,10.307583218024101,33.603399954401141
0.0018906250000000002,10.307593188318959,33.603446388146665
0.0018921875,10.307603167158538,33.603492860296782
0.00189375,10.307613154543496,33.603539370851543
0.0018953125000000001,10.307623150474651,33.603585919810953
0.0018968750000000001,10.307633154952789,33.603632507174979
0.0018984375000000002,10.307643167978584,33.603679132943682
0.0019,10.307653189552823,33.603725797117249
0.0019015625,10.307663219676297,33.603772499695459
0.0019031250000000001,10.307673258349642,33.603819240678455
0.0019046875000000001,10.307683305573704,33.603866020066455
0.0019062500000000002,10.307693361349207,33.603912837859092
0.0019078125,10.307703425676884,33.603959694056698
0.001909375,10.307713498557552,33.604006588659196
0.0019109375000000001,10.30772357999191,33.604053521666785
0.0019125000000000001,10.30773366998068,33.604100493079358
0.0019140625000000002,10.307743768524729,33.604147502897014
0.001915625,10.307753875624739,33.604194551119583
0.0019171875000000001,10.307763991281487,33.604241637747407
0.0019187500000000001,10.307774115495677,33.604288762780449
0.0019203125000000001,10.30778424826811,33.604335926218646
0.0019218750000000002,10.307794389599566,33.604383128062054
0.0019234375,10.307804539490744,33.604430368310844
0.0019250000000000001,10.307814697942487,33.604477646964668
0.0019265625000000001,10.307824864955498,33.604524964023888
0.0019281250000000002,10.307835040530527,33.604572319488682
0.0019296875000000002,10.307845224668382,33.604619713358595
0.00193125,10.307855417369773,33.604667145634011
0.0019328125000000001,10.307865618635509,33.604714616315007
0.0019343750000000001,10.307875828466322,33.60476212540145
0.0019359375000000002,10.307886046863002,33.604809672893474
0.0019375,10.307896273826339,33.604857258791093
0.0019390625,10.307906509356986,33.604904883094328
0.0019406250000000001,10.307916753455826,33.604952545803044
0.0019421875000000001,10.307927006123542,33.605000246917761
0.0019437500000000002,10.307937267360995,33.605047986438002
0.0019453125,10.307947537168848,33.605095764363966
0.001946875,10.307957815547939,33.605143580695888
0.0019484375000000001,10.307968102499061,33.605191435433426
0.0019500000000000001,10.307978398022923,33.605239328577092
0.0019515625000000002,10.307988702120252,33.605287260126502
0.001953125,10.307999014791896,33.605335230081799
0.0019546875000000003,10.308009336038664,33.605383238443181
0.0019562500000000001,10.308019665861224,33.605431285210642
0.0019578124999999999,10.308030004260456,33.605479370384103
0.0019593750000000002,10.308040351237011,33.605527493963606
0.0019609375,10.308050706791782,33.605575655949309
0.0019625000000000003,10.308061070925506,33.605623856341062
0.0019640625000000001,10.308071443638866,33.605672095139077
0.0019656249999999999,10.30808182493274,33.60572037234337
0.0019671875000000002,10.308092214807868,33.605768687953862
0.00196875,10.308102613265085,33.605817041970781
0.0019703125000000003,10.308113020305056,33.605865434394055
0.0019718750000000001,10.308123435928668,33.605913865223386
0.0019734374999999999,10.308133860136644,33.60596233445942
0.0019750000000000002,10.3081442929298,33.606010842101782
0.0019765625,10.308154734308873,33.60605938815069
0.0019781250000000003,10.308165184274666,33.606107972606218
0.0019796875000000001,10.308175642827901,33.606156595468271
0.0019812499999999999,10.308186109969537,33.606205256736878
0.0019828125000000002,10.308196585700131,33.606253956412054
0.001984375,10.308207070020604,33.606302694494005
0.0019859375000000003,10.308217562931652,33.606351470982652
0.0019875000000000001,10.308228064434187,33.606400285878102
0.0019890624999999999,10.3082385745289,33.606449139180057
0.0019906250000000002,10.308249093216595,33.606498030889128
0.0019921875,10.308259620498076,33.60654696100513
0.0019937500000000003,10.308270156374071,33.606595929527856
0.0019953125000000001,10.30828070084544,33.606644936457521
0.001996875,10.308291253912932,33.606693981794166
0.0019984375000000002,10.308301815577376,33.606743065537863
0.002,10.308312385839475,33.606792187688647
0.0020015625000000003,10.308322964700123,33.606841348246377
0.0020031250000000001,10.308333552160068,33.606890547211279
0.0020046875,10.308344148220055,33.606939784583375
0.0020062500000000002,10.308354752880915,33.606989060362693
0.0020078125,10.308365366143466,33.607038374549205
0.0020093750000000003,10.308375988008502,33.60708772714294
0.0020109375000000001,10.308386618476712,33.607137118144109
0.0020125,10.308397257549057,33.607186547552551
0.0020140625000000002,10.308407905226211,33.6072360153685
0.0020156250000000001,10.308418561508994,33.607285521591571
0.0020171874999999999,10.30842922639825,33.60733506622234
0.0020187500000000001,10.308439899894713,33.607384649260517
0.0020203125,10.308450581999136,33.607434270706435
0.0020218750000000002,10.30846127271249,33.607483930559717
0.0020234375000000001,10.308471972035379,33.607533628820498
0.0020249999999999999,10.30848267996878,33.607583365489212
0.0020265625000000002,10.308493396513372,33.607633140565468
0.002028125,10.308504121669971,33.607682954049274
0.0020296875000000002,10.308514855439393,33.607732805940998
0.0020312500000000001,10.308525597822461,33.607782696240719
0.0020328124999999999,10.308536348819983,33.607832624948038
0.0020343750000000002,10.308547108432711,33.607882592063334
0.0020359375,10.30855787666149,33.607932597586547
0.0020375000000000002,10.30856865350707,33.607982641517559
0.0020390625000000001,10.308579438970305,33.60803272385666
0.0020406249999999999,10.308590233051996,33.608082844603871
0.0020421875000000002,10.308601035752984,33.608133003759058
0.00204375,10.308611847074028,33.608183201322419
0.0020453125000000003,10.308622667015891,33.60823343729384
0.0020468750000000001,10.308633495579468,33.608283711673451
0.0020484374999999999,10.308644332765535,33.608334024461371
0.0020500000000000002,10.308655178574886,33.608384375657458
0.0020515625,10.308666033008338,33.60843476526194
0.0020531250000000003,10.308676896066759,33.608485193274809
0.0020546875000000001,10.30868776775084,33.608535659695754
0.0020562499999999999,10.308698648061521,33.608586164525335
0.0020578125000000002,10.308709536999524,33.608636707763239
0.002059375,10.308720434565641,33.608687289409808
0.0020609375000000003,10.30873134076081,33.608737909464701
0.0020625000000000001,10.308742255585747,33.608788567928258
0.0020640624999999999,10.308753179041306,33.60883926480038
0.0020656250000000002,10.308764111128243,33.608890000081267
0.0020671875,10.308775051847453,33.60894077377084
0.0020687500000000003,10.308786001199719,33.608991585868878
0.0020703125000000001,10.308796959185839,33.60904243637583
0.0020718749999999999,10.308807925806633,33.609093325291639
0.0020734375000000002,10.308818901063004,33.609144252616389
0.002075,10.308829884955609,33.609195218349811
0.0020765625000000003,10.308840877485427,33.609246222492281
0.0020781250000000001,10.308851878653229,33.609297265043672
0.0020796874999999999,10.308862888459785,33.609348346003863
0.0020812500000000002,10.308873906905886,33.609399465373293
0.0020828125,10.308884933992555,33.609450623151638
0.0020843750000000003,10.308895969720375,33.609501819339336
0.0020859375000000001,10.30890701409027,33.60955305393626
0.0020874999999999999,10.308918067103109,33.609604326942105
0.0020890625000000002,10.308929128759669,33.609655638357125
0.002090625,10.308940199060798,33.6097069881816
0.0020921875000000003,10.308951278007283,33.609758376415215
0.0020937500000000001,10.308962365599919,33.609809803058354
0.0020953125,10.308973461839708,33.60986126811072
0.0020968750000000002,10.308984566727226,33.609912771572581
0.0020984375,10.308995680263534,33.609964313443903
0.0021000000000000003,10.309006802449252,33.610015893724686
0.0021015625000000001,10.309017933285409,33.610067512415036
0.002103125,10.309029072772669,33.610119169515073
0.0021046875000000002,10.309040220911987,33.610170865024607
0.00210625,10.309051377704183,33.610222598943984
0.0021078125000000003,10.309062543149951,33.610274371272965
0.0021093750000000001,10.30907371725031,33.610326182011605
0.0021109375,10.309084900005923,33.610378031159954
0.0021125000000000002,10.309096091417748,33.610429918718374
0.0021140625000000001,10.309107291486585,33.61048184468649
0.0021156250000000003,10.309118500213227,33.610533809064478
0.0021171875000000001,10.309129717598593,33.61058581185258
0.00211875,10.309140943643413,33.610637853050484
0.0021203125000000002,10.309152178348594,33.610689932658389
0.0021218750000000001,10.309163421714997,33.610742050676471
0.0021234374999999999,10.309174673743351,33.610794207104696
0.0021250000000000002,10.309185934434629,33.610846401942922
0.0021265625,10.309197203789601,33.610898635191482
0.0021281250000000002,10.309208481809115,33.610950906850057
0.0021296875000000001,10.309219768493989,33.611003216919109
0.0021312499999999999,10.309231063845109,33.611055565398388
0.0021328125000000002,10.309242367863272,33.611107952287959
0.002134375,10.309253680549388,33.611160377588007
0.0021359375000000002,10.309265001904203,33.611212841298425
0.0021375000000000001,10.309276331928633,33.611265343419227
0.0021390624999999999,10.309287670623529,33.611317883950576
0.0021406250000000002,10.309299017989696,33.611370462892395
0.0021421875,10.309310374027978,33.611423080244947
0.0021437500000000003,10.309321738739234,33.611475736008067
0.0021453125000000001,10.3093331121243,33.611528430181842
0.0021468749999999999,10.309344494184055,33.61158116276647
0.0021484375000000002,10.30935588491934,33.611633933761581
0.00215,10.309367284330978,33.611686743167638
0.0021515625000000003,10.309378692419807,33.611739590984484
0.0021531250000000001,10.309390109186779,33.611792477212241
0.0021546874999999999,10.309401534632595,33.611845401850708
0.0021562500000000002,10.309412968758219,33.611898364900313
0.0021578125,10.309424411564459,33.611951366360948
0.0021593750000000003,10.309435863052164,33.612004406232593
0.0021609375000000001,10.309447323222168,33.612057484515233
0.0021624999999999999,10.309458792075436,33.612110601208911
0.0021640625000000002,10.309470269612655,33.612163756313812
0.002165625,10.309481755834781,33.612216949829914
0.0021671875000000003,10.309493250742641,33.612270181757268
0.0021687500000000001,10.309504754337118,33.6123234520959
0.0021703124999999999,10.309516266619033,33.612376760845834
0.0021718750000000002,10.309527787589298,33.612430108007132
0.0021734375,10.309539317248708,33.612483493579937
0.0021750000000000003,10.309550855598168,33.612536917564015
0.0021765625000000001,10.309562402638493,33.61259037995967
0.0021781249999999999,10.309573958370596,33.612643880766782
0.0021796875000000002,10.309585522795301,33.612697419985629
0.00218125,10.309597095913476,33.612750997615848
0.0021828125000000003,10.309608677725963,33.612804613657723
0.0021843750000000001,10.309620268233626,33.612858268111346
0.0021859374999999999,10.309631867437401,33.612911960976703
0.0021875000000000002,10.309643475338081,33.612965692253937
0.0021890625,10.309655091936541,33.613019461942855
0.0021906250000000003,10.309666717233645,33.613073270043579
0.0021921875000000001,10.309678351230286,33.613127116556285
0.00219375,10.309689993927259,33.613181001481024
0.0021953125000000002,10.309701645325546,33.613234924817668
0.002196875,10.309713305425884,33.613288886566252
0.0021984375000000003,10.309724974229255,33.613342886726883
0.0022000000000000001,10.309736651736442,33.613396925299625
0.0022015625,10.309748337948385,33.613451002284613
0.0022031250000000002,10.309760032865924,33.613505117681854
0.0022046875,10.309771736489861,33.613559271491106
0.0022062500000000003,10.309783448821207,33.613613463712632
0.0022078125000000001,10.309795169860719,33.613667694346667
0.002209375,10.309806899609306,33.613721963392926
0.0022109375000000002,10.309818638067823,33.613776270851616
0.0022125000000000001,10.309830385237204,33.61383061672278
0.0022140625000000003,10.309842141118262,33.613885001006523
0.0022156250000000001,10.309853905711872,33.613939423702512
0.0022171875,10.309865679018984,33.613993884811222
0.0022187500000000002,10.309877461040392,33.614048384332513
0.0022203125000000001,10.309889251776983,33.614102922266476
0.0022218749999999999,10.309901051229659,33.614157498613032
0.0022234375000000002,10.309912859399262,33.614212113372453
0.002225,10.309924676286734,33.614266766544731
0.0022265625000000002,10.309936501892892,33.614321458129616
0.0022281250000000001,10.309948336218671,33.614376188127423
0.0022296874999999999,10.309960179264856,33.614430956538165
0.0022312500000000002,10.309972031032512,33.614485763361806
0.0022328125,10.309983891522247,33.614540608598446
0.0022343750000000002,10.309995760735202,33.614595492248142
0.0022359375000000001,10.310007638672108,33.614650414310944
0.0022374999999999999,10.310019525333891,33.614705374786759
0.0022390625000000002,10.310031420721476,33.614760373675821
0.002240625,10.310043324835705,33.614815410978004
0.0022421875000000003,10.310055237677442,33.614870486693441
0.0022437500000000001,10.310067159247605,33.614925600822325
0.0022453124999999999,10.310079089547088,33.614980753364215
0.0022468750000000002,10.310091028576741,33.615035944319736
0.0022484375,10.310102976337507,33.615091173688668
0.0022500000000000003,10.310114932830214,33.615146441470955
0.0022515625000000001,10.310126898055829,33.615201747666859
0.0022531249999999999,10.310138872015166,33.61525709227621
0.0022546875000000002,10.310150854709134,33.615312475299135
0.00225625,10.310162846138629,33.615367896735613
0.0022578125000000003,10.310174846304573,33.615423356585865
0.0022593750000000001,10.31018685520775,33.615478854849805
0.0022609374999999999,10.310198872849224,33.615534391527568
0.0022625000000000002,10.310210899229723,33.615589966619162
0.0022640625,10.310222934350289,33.615645580124394
0.0022656250000000003,10.310234978211668,33.615701232043683
0.0022671875000000001,10.31024703081486,33.615756922376846
0.0022687499999999999,10.31025909216075,33.615812651123953
0.0022703125000000002,10.310271162250181,33.615868418285231
0.002271875,10.310283241084088,33.615924223860503
0.0022734375000000003,10.310295328663342,33.615980067849755
0.0022750000000000001,10.310307424988887,33.616035950253284
0.0022765624999999999,10.310319530061614,33.616091871070843
0.0022781250000000002,10.310331643882401,33.616147830302701
0.0022796875,10.310343766452155,33.616203827949036
0.0022812500000000003,10.310355897771752,33.616259864009656
0.0022828125000000001,10.310368037842135,33.616315938484433
0.0022843749999999999,10.310380186664151,33.616372051373681
0.0022859375000000002,10.310392344238762,33.616428202677341
0.0022875,10.310404510566862,33.616484392395613
0.0022890625000000003,10.310416685649319,33.616540620528369
0.0022906250000000001,10.310428869487099,33.616596887075765
0.0022921875,10.310441062081022,33.616653192037752
0.0022937500000000002,10.310453263431972,33.616709535414479
0.0022953125,10.310465473541033,33.616765917205811
0.0022968750000000003,10.310477692408959,33.616822337411975
0.0022984375000000001,10.31048992003673,33.616878796032978
0.0023,10.310502156425175,33.616935293068714
0.0023015625000000002,10.310514401575277,33.61699182851946
0.0023031250000000001,10.310526655487882,33.617048402385116
0.0023046875000000003,10.310538918163969,33.617105014665654
0.0023062500000000001,10.310551189604434,33.617161665361252
0.0023078125,10.310563469810162,33.617218354472001
0.0023093750000000002,10.310575758782033,33.617275081997747
0.0023109375000000001,10.310588056521006,33.617331847938743
0.0023125000000000003,10.310600363028028,33.61738865229492
0.0023140625000000001,10.310612678303876,33.617445495066328
0.002315625,10.310625002349669,33.61750237625305
0.0023171875000000002,10.310637335166142,33.617559295855067
0.0023187500000000001,10.310649676754339,33.617616253872484
0.0023203125000000003,10.310662027115109,33.617673250305252
0.0023218750000000002,10.310674386249294,33.617730285153634
0.0023234375,10.31068675415794,33.617787358417452
0.0023250000000000002,10.310699130841973,33.617844470096827
0.0023265625000000001,10.310711516302201,33.617901620191716
0.0023281249999999999,10.310723910539627,33.617958808702383
0.0023296875000000002,10.310736313555136,33.618016035628699
0.00233125,10.310748725349663,33.618073300970785
0.0023328125000000003,10.310761145924111,33.618130604728591
0.0023343750000000001,10.310773575279425,33.618187946902253
0.0023359374999999999,10.31078601341653,33.618245327491806
0.0023375000000000002,10.310798460336288,33.618302746497186
0.0023390625,10.310810916039703,33.618360203918598
0.0023406250000000003,10.31082338052766,33.618417699756058
0.0023421875000000001,10.310835853801077,33.618475234009551
0.0023437499999999999,10.310848335860872,33.618532806678992
0.0023453125000000002,10.310860826708049,33.618590417764636
0.002346875,10.310873326343456,33.618648067266626
0.0023484375000000003,10.310885834768015,33.618705755184784
0.0023500000000000001,10.310898351982701,33.61876348151916
0.0023515624999999999,10.310910877988404,33.618821246269832
0.0023531250000000002,10.310923412786098,33.618879049436856
0.0023546875,10.310935956376674,33.618936891020304
0.0023562500000000003,10.31094850876103,33.618994771020311
0.0023578125000000001,10.3109610699402,33.619052689436664
0.0023593749999999999,10.310973639915003,33.619110646269796
0.0023609375000000002,10.310986218686484,33.619168641519408
0.0023625,10.310998806255494,33.619226675185494
0.0023640625000000003,10.311011402622995,33.619284747268487
0.0023656250000000001,10.311024007789852,33.619342857768068
0.0023671874999999999,10.311036621757122,33.61940100668469
0.0023687500000000002,10.311049244525652,33.619459194017814
0.0023703125,10.311061876096426,33.619517419768023
0.0023718750000000003,10.311074516470368,33.619575683935082
0.0023734375000000001,10.311087165648356,33.619633986519034
0.0023749999999999999,10.311099823631411,33.619692327520028
0.0023765625000000002,10.311112490420463,33.619750706937992
0.002378125,10.311125166016387,33.619809124773191
0.0023796875000000003,10.311137850420165,33.619867581025431
0.0023812500000000001,10.311150543632767,33.619926075694998
0.0023828124999999999,10.311163245655074,33.619984608781635
0.0023843750000000002,10.311175956488087,33.620043180285577
0.0023859375,10.311188676132652,33.620101790207002
0.0023875000000000003,10.311201404589877,33.620160438545653
0.0023890625000000001,10.311214141860557,33.620219125301823
0.002390625,10.311226887945624,33.620277850475354
0.0023921875000000002,10.311239642846164,33.620336614066346
0.00239375,10.311252406562959,33.620395416074999
0.0023953125000000003,10.311265179097088,33.620454256501247
0.0023968750000000001,10.311277960449425,33.620513135345192
0.0023984375,10.31129075062101,33.620572052606626
0.0024000000000000002,10.311303549612628,33.620631008286146
0.0024015625000000001,10.311316357425341,33.620690002383228
0.0024031250000000003,10.31132917406007,33.620749034898211
0.0024046875000000001,10.311341999517801,33.620808105831053
0.00240625,10.311354833799424,33.620867215181818
0.0024078125000000002,10.31136767690592,33.620926362950428
0.0024093750000000001,10.311380528838248,33.620985549137238
0.0024109375000000003,10.311393389597345,33.621044773741986
0.0024125000000000001,10.31140625918413,33.621104036764983
0.0024140625,10.311419137599646,33.621163338206088
0.0024156250000000002,10.311432024844768,33.621222678065443
0.0024171875000000001,10.311444920920502,33.621282056343077
0.0024187500000000003,10.311457825827731,33.621341473038846
0.0024203125000000002,10.311470739567493,33.621400928153001
0.002421875,10.311483662140695,33.621460421685583
0.0024234375000000002,10.311496593548366,33.621519953636721
0.0024250000000000001,10.311509533791316,33.621579524006208
0.0024265624999999999,10.311522482870656,33.621639132794343
0.0024281250000000002,10.311535440787232,33.621698780000969
0.0024296875,10.311548407542073,33.621758465626222
0.0024312500000000003,10.311561383136153,33.621818189670201
0.0024328125000000001,10.311574367570374,33.621877952132735
0.0024343749999999999,10.311587360845682,33.621937753014272
0.0024359375000000002,10.31160036296315,33.6219975923146
0.0024375,10.311613373923596,33.622057470033738
0.0024390625000000003,10.311626393728101,33.62211738617188
0.0024406250000000001,10.311639422377567,33.62217734072879
0.0024421874999999999,10.311652459873009,33.622237333704824
0.0024437500000000002,10.311665506215297,33.622297365099946
0.0024453125,10.311678561405506,33.622357434914115
0.0024468750000000003,10.311691625444537,33.622417543147357
0.0024484375000000001,10.311704698333395,33.622477689799915
0.0024499999999999999,10.31171778007301,33.622537874871782
0.0024515625000000002,10.311730870664414,33.622598098362836
0.002453125,10.311743970108468,33.622658360273192
0.0024546875000000003,10.311757078406229,33.622718660602885
0.0024562500000000001,10.311770195558552,33.622778999352157
0.0024578124999999999,10.311783321566601,33.622839376520972
0.0024593750000000002,10.311796456431217,33.622899792109266
0.0024609375,10.311809600153362,33.622960246117081
0.0024625000000000003,10.311822752734052,33.623020738544568
0.0024640625000000001,10.311835914174257,33.623081269391591
0.0024656249999999999,10.311849084474973,33.623141838658405
0.0024671875000000002,10.311862263637103,33.623202446345047
0.00246875,10.311875451661681,33.623263092451566
0.0024703125000000003,10.311888648549685,33.623323776977792
0.0024718750000000001,10.31190185430202,33.623384499924008
0.0024734374999999999,10.311915068919774,33.623445261290193
0.0024750000000000002,10.311928292403788,33.623506061076412
0.0024765625,10.31194152475515,33.623566899282707
0.0024781250000000003,10.311954765974814,33.623627775909
0.0024796875000000001,10.311968016063821,33.623688690955554
0.0024812499999999999,10.311981275022919,33.623749644422226
0.0024828125000000002,10.311994542853355,33.623810636309237
0.002484375,10.312007819555983,33.623871666616488
0.0024859375000000003,10.312021105131837,33.62393273534407
0.0024875000000000001,10.312034399581821,33.623993842491998
0.0024890625,10.312047702907021,33.624054988060564
0.0024906250000000002,10.312061015108249,33.624116172049497
0.0024921875,10.312074336186708,33.624177394459103
0.0024937500000000003,10.312087666143226,33.624238655289119
0.0024953125000000001,10.312101004978873,33.6242999545399
0.002496875,10.312114352694589,33.624361292211262
0.0024984375000000002,10.31212770929139,33.624422668303581
0.0025000000000000001,10.312141074770246,33.624484082816352
0.0025015625000000003,10.31215444913213,33.624545535750322
0.0025031250000000001,10.31216783237805,33.624607027104872
0.0025046875,10.312181224508997,33.624668556880458
0.0025062500000000002,10.312194625525953,33.624730125077065
0.0025078125000000001,10.312208035429919,33.624791731694764
0.0025093750000000003,10.312221454221909,33.624853376733348
0.0025109375000000001,10.312234881902803,33.624915060193224
0.0025125,10.312248318473733,33.624976782074199
0.0025140625000000002,10.312261763935606,33.625038542376387
0.0025156250000000001,10.312275218289466,33.625100341099959
0.0025171875000000003,10.312288681536256,33.6251621782448
0.0025187500000000002,10.312302153677022,33.625224053810911
0.0025203125,10.312315634712727,33.625285967798582
0.0025218750000000002,10.312329124644371,33.625347920207702
0.0025234375000000001,10.312342623472933,33.625409911038339
0.0025250000000000003,10.312356131199483,33.625471940290574
0.0025265625000000002,10.312369647824937,33.625534007964255
0.002528125,10.312383173350302,33.625596114059839
0.0025296875000000003,10.312396707776619,33.625658258576998
0.0025312500000000001,10.312410251104884,33.625720441516066
0.0025328124999999999,10.312423803336046,33.625782662876745
0.0025343750000000002,10.312437364471156,33.625844922659354
0.0025359375,10.312450934511212,33.625907220863915
0.0025375000000000003,10.312464513457183,33.625969557490556
0.0025390625000000001,10.312478101310099,33.626031932539014
0.0025406249999999999,10.312491698070993,33.626094346009801
0.0025421875000000002,10.31250530374078,33.626156797902489
0.00254375,10.31251891832053,33.626219288217349
0.0025453125000000003,10.312532541811246,33.626281816954545
0.0025468750000000001,10.312546174213933,33.626344384114084
0.0025484374999999999,10.312559815529593,33.626406989695717
0.0025500000000000002,10.31257346575919,33.626469633699948
0.0025515625,10.312587124903743,33.626532316126415
0.0025531250000000003,10.31260079296435,33.626595036975367
0.0025546875000000001,10.312614469941927,33.626657796246974
0.0025562499999999999,10.312628155837553,33.62672059394091
0.0025578125000000002,10.3126418506522,33.626783430057635
0.002559375,10.312655554386797,33.62684630459718
0.0025609375000000003,10.312669267042494,33.626909217559096
0.0025625000000000001,10.312682988620223,33.626972168943915
0.0025640624999999999,10.312696719121046,33.627035158751688
0.0025656250000000002,10.312710458545926,33.627098186982231
0.0025671875,10.312724206895886,33.627161253635627
0.0025687500000000003,10.312737964171951,33.627224358712112
0.0025703125000000001,10.312751730375147,33.627287502211594
0.0025718749999999999,10.312765505506508,33.627350684134115
0.0025734375000000002,10.312779289566993,33.627413904479781
0.002575,10.312793082557675,33.627477163248649
0.0025765625000000003,10.312806884479535,33.627540460440578
0.0025781250000000001,10.312820695333597,33.627603796055979
0.0025796874999999999,10.31283451512088,33.627667170094597
0.0025812500000000002,10.312848343842422,33.627730582556758
0.0025828125,10.312862181499192,33.627794033442079
0.0025843750000000003,10.312876028092267,33.627857522751128
0.0025859375000000001,10.312889883622683,33.627921050483657
0.0025875,10.312903748091353,33.627984616639559
0.0025890625000000002,10.312917621499446,33.628048221219167
0.002590625,10.312931503847862,33.628111864222582
0.0025921875000000003,10.312945395137701,33.628175545649604
0.0025937500000000001,10.312959295369934,33.628239265500483
0.0025953125,10.312973204545635,33.628303023775317
0.0025968750000000002,10.312987122665808,33.628366820473786
0.0025984375000000001,10.313001049731477,33.628430655596269
0.0026000000000000003,10.313014985743687,33.628494529142891
0.0026015625000000001,10.313028930703428,33.628558441113498
0.002603125,10.313042884611807,33.628622391508017
0.0026046875000000002,10.313056847469706,33.628686380326769
0.0026062500000000001,10.313070819278291,33.628750407569889
0.0026078125000000003,10.313084800038515,33.628814473237085
0.0026093750000000001,10.313098789751486,33.628878577328614
0.0026109375,10.313112788418143,33.628942719844453
0.0026125000000000002,10.313126796039551,33.629006900784766
0.0026140625000000001,10.313140812616792,33.629071120149483
0.0026156250000000003,10.313154838150899,33.629135377938638
0.0026171875000000002,10.313168872642763,33.629199674152382
0.00261875,10.313182916093615,33.629264008790706
0.0026203125000000002,10.313196968504355,33.629328381853767
0.0026218750000000001,10.313211029876069,33.629392793341573
0.0026234375000000003,10.31322510020977,33.62945724325413
0.0026250000000000002,10.313239179506548,33.629521731591531
0.0026265625,10.31325326776739,33.629586258353655
0.0026281250000000003,10.313267364993344,33.629650823540949
0.0026296875000000001,10.313281471185421,33.629715427153023
0.0026312500000000003,10.313295586344724,33.62978006919014
0.0026328125000000002,10.313309710472261,33.629844749652371
0.002634375,10.313323843569012,33.629909468539736
0.0026359375000000003,10.31333798563613,33.629974225852138
0.0026375000000000001,10.313352136674576,33.630039021589887
0.0026390624999999999,10.313366296685491,33.630103855752935
0.0026406250000000002,10.313380465669781,33.630168728341317
0.0026421875,10.313394643628568,33.630233639355104
0.0026437500000000003,10.313408830562846,33.630298588794332
0.0026453125000000001,10.313423026473762,33.630363576658894
0.0026468749999999999,10.313437231362226,33.630428602949131
0.0026484375000000002,10.313451445229381,33.630493667664972
0.00265,10.313465668076306,33.630558770806296
0.0026515625000000003,10.31347989990388,33.630623912373522
0.0026531250000000001,10.31349414071334,33.630689092366538
0.0026546874999999999,10.313508390505651,33.63075431078525
0.0026562500000000002,10.313522649281822,33.630819567629807
0.0026578125,10.313536917042953,33.630884862900423
0.0026593750000000003,10.313551193790097,33.630950196596885
0.0026609375000000001,10.313565479524312,33.631015568719455
0.0026624999999999999,10.313579774246566,33.631080979267828
0.0026640625000000002,10.313594077958049,33.631146428242545
0.002665625,10.313608390659743,33.631211915643419
0.0026671875000000003,10.313622712352659,33.631277441470552
0.0026687500000000001,10.313637043037922,33.631343005723942
0.0026703124999999999,10.313651382716509,33.631408608403703
0.0026718750000000002,10.313665731389571,33.631474249509779
0.0026734375,10.313680089058092,33.631539929042177
0.0026750000000000003,10.313694455723162,33.631605647001187
0.0026765625000000001,10.31370883138583,33.63167140338674
0.002678125,10.313723216047148,33.631737198199147
0.0026796875000000002,10.31373760970823,33.631803031438061
0.00268125,10.313752012370024,33.631868903103623
0.0026828125000000003,10.313766424033663,33.631934813195869
0.0026843750000000001,10.313780844700235,33.632000761715098
0.0026859375,10.313795274370705,33.632066748661003
0.0026875000000000002,10.313809713046215,33.632132774033984
0.0026890625,10.313824160727833,33.632198837833862
0.0026906250000000003,10.313838617416462,33.632264940060807
0.0026921875000000001,10.313853083113409,33.632331080714756
0.00269375,10.313867557819611,33.632397259795788
0.0026953125000000002,10.313882041536111,33.632463477304334
0.0026968750000000001,10.313896534264039,33.632529733239807
0.0026984375000000003,10.313911036004386,33.632596027602645
0.0027000000000000001,10.31392554675832,33.632662360392921
0.0027015625,10.313940066526797,33.632728731610584
0.0027031250000000002,10.313954595310966,33.632795141255642
0.0027046875000000001,10.313969133111877,33.632861589328321
0.0027062500000000003,10.313983679930574,33.632928075828524
0.0027078125000000001,10.313998235768098,33.632994600756291
0.002709375,10.314012800625594,33.633061164111794
0.0027109375000000002,10.314027374504143,33.633127765894962
0.0027125000000000001,10.314041957404699,33.633194406105893
0.0027140625000000003,10.314056549328438,33.633261084744731
0.0027156250000000002,10.314071150276426,33.633327801811426
0.0027171875,10.314085760249677,33.633394557306033
0.0027187500000000002,10.314100379249359,33.633461351228732
0.0027203125000000001,10.314115007276397,33.633528183579379
0.0027218750000000003,10.314129644332064,33.633595054358345
0.0027234375000000002,10.314144290417261,33.63366196356516
0.002725,10.314158945533112,33.633728911200336
0.0027265625000000003,10.314173609680804,33.633795897263894
0.0027281250000000001,10.314188282861286,33.633862921755693
0.0027296875000000003,10.314202965075648,33.633929984675774
0.0027312500000000002,10.314217656324987,33.633997086024365
0.0027328125,10.314232356610416,33.634064225801502
0.0027343750000000003,10.314247065932987,33.634131404007157
0.0027359375000000001,10.314261784293775,33.634198620641342
0.0027374999999999999,10.314276511693912,33.634265875704266
0.0027390625000000002,10.314291248134429,33.634333169195791
0.002740625,10.314305993616381,33.634400501116112
0.0027421875000000003,10.314320748140894,33.634467871465304
0.0027437500000000001,10.314335511709055,33.634535280243362
0.0027453124999999999,10.314350284321936,33.634602727450378
0.0027468750000000002,10.314365065980601,33.634670213086174
0.0027484375,10.314379856686188,33.634737737151184
0.0027500000000000003,10.314394656439758,33.634805299645151
0.0027515625000000001,10.314409465242361,33.634872900568531
0.0027531249999999999,10.314424283095169,33.634940539920891
0.0027546875000000002,10.31443910999919,33.635008217702662
0.00275625,10.314453945955544,33.635075933913569
0.0027578125000000003,10.314468790965334,33.635143688553953
0.0027593750000000001,10.314483645029613,33.63521148162382
0.0027609374999999999,10.314498508149541,33.635279313123149
0.0027625000000000002,10.314513380326096,33.635347183051898
0.0027640625,10.314528261560467,33.635415091410302
0.0027656250000000003,10.314543151853707,33.63548303819838
0.0027671875000000001,10.314558051206928,33.635551023416035
0.0027687499999999999,10.314572959621188,33.635619047063507
0.0027703125000000002,10.314587877097587,33.635687109140783
0.002771875,10.314602803637284,33.635755209648075
0.0027734375000000003,10.314617739241324,33.635823348585063
0.0027750000000000001,10.314632683910791,33.635891525952175
0.0027765625,10.314647637646763,33.635959741749296
0.0027781250000000002,10.314662600450433,33.636027995976633
0.0027796875,10.314677572322825,33.636096288633887
0.0027812500000000003,10.314692553265068,33.636164619721484
0.0027828125000000001,10.314707543278244,33.636232989239254
0.002784375,10.314722542363384,33.636301397187417
0.0027859375000000002,10.314737550521713,33.636369843565973
0.0027875,10.314752567754281,33.636438328374808
0.0027890625000000003,10.31476759406215,33.636506851614186
0.0027906250000000001,10.314782629446489,33.636575413284142
0.0027921875,10.314797673908341,33.636644013384725
0.0027937500000000002,10.314812727448849,33.636712651915964
0.0027953125000000001,10.31482779006917,33.636781328877824
0.0027968750000000003,10.314842861770208,33.63685004427046
0.0027984375000000001,10.314857942553289,33.636918798093994
0.0028,10.314873032419452,33.636987590348284
0.0028015625000000002,10.314888131369761,33.637056421033577
0.0028031250000000001,10.314903239405352,33.637125290149939
0.0028046875000000003,10.314918356527329,33.637194197697234
0.0028062500000000002,10.314933482736787,33.637263143675504
0.0028078125,10.314948618034913,33.637332128085085
0.0028093750000000002,10.314963762422698,33.637401150925882
0.0028109375000000001,10.314978915901317,33.637470212197911
0.0028125000000000003,10.314994078471843,33.637539311901484
0.0028140625000000002,10.315009250135486,33.637608450036204
0.002815625,10.315024430893263,33.637677626602418
0.0028171875000000002,10.31503962074626,33.63774684160024
0.0028187500000000001,10.315054819695696,33.637816095029486
0.0028203125000000003,10.315070027742598,33.637885386890268
0.0028218750000000002,10.315085244888124,33.637954717182765
0.0028234375,10.315100471133368,33.638024085907006
0.0028250000000000003,10.315115706479483,33.638093493063089
0.0028265625000000001,10.315130950927593,33.638162938651107
0.0028281250000000003,10.315146204478726,33.638232422670832
0.0028296875000000002,10.315161467134077,33.638301945122613
0.00283125,10.315176738894751,33.638371506006244
0.0028328125000000003,10.315192019761827,33.638441105322144
0.0028343750000000001,10.315207309736499,33.638510743070164
0.0028359375000000004,10.315222608819811,33.638580419250225
0.0028375000000000002,10.315237917012986,33.638650133862591
0.0028390625,10.315253234316978,33.638719886907325
0.0028406250000000003,10.315268560733061,33.63878967838437
0.0028421875000000001,10.315283896262356,33.638859508293827
0.0028437499999999999,10.315299240905818,33.638929376635815
0.0028453125000000002,10.315314594664748,33.638999283410186
0.002846875,10.315329957540234,33.639069228617238
0.0028484375000000003,10.315345329533372,33.639139212256921
0.0028500000000000001,10.315360710645255,33.639209234329201
0.0028515624999999999,10.315376100877103,33.639279294834367
0.0028531250000000002,10.315391500229966,33.639349393772292
0.0028546875,10.31540690870494,33.639419531143062
0.0028562500000000003,10.31542232630329,33.639489706946989
0.0028578125000000001,10.315437753026037,33.639559921183661
0.0028593749999999999,10.315453188874317,33.639630173853483
0.0028609375000000002,10.31546863384934,33.639700464956213
0.0028625,10.315484087952118,33.639770794492485
0.0028640625000000003,10.315499551183878,33.639841162461785
0.0028656250000000001,10.315515023545681,33.639911568864399
0.0028671874999999999,10.315530505038732,33.639982013700148
0.0028687500000000002,10.315545995664074,33.640052496969425
0.0028703125,10.315561495422937,33.640123018672277
0.0028718750000000003,10.315577004316381,33.640193578808571
0.0028734375000000001,10.315592522345556,33.64026417737827
0.002875,10.315608049511706,33.640334814381838
0.0028765625000000002,10.315623585815743,33.64040548981901
0.002878125,10.315639131259021,33.640476203689808
0.0028796875000000003,10.315654685842579,33.640546955994559
0.0028812500000000001,10.31567024956756,33.640617746733234
0.0028828125,10.315685822435126,33.640688575905841
0.0028843750000000002,10.315701404446406,33.640759443512245
0.0028859375,10.315716995602497,33.640830349552736
0.0028875000000000003,10.315732595904626,33.640901294027415
0.0028890625000000001,10.315748205353831,33.640972276936139
0.002890625,10.315763823951322,33.641043298279165
0.0028921875000000002,10.315779451698319,33.641114358056448
0.0028937500000000001,10.315795088595799,33.641185456268005
0.0028953125000000003,10.315810734645,33.64125659291399
0.0028968750000000001,10.315826389847025,33.641327767994454
0.0028984375,10.31584205420306,33.641398981509433
0.0029000000000000002,10.315857727714246,33.641470233458939
0.0029015625000000001,10.315873410381647,33.641541523843173
0.0029031250000000003,10.315889102206555,33.641612852662021
0.0029046875000000002,10.315904803190007,33.641684219915454
0.00290625,10.315920513333179,33.641755625603807
0.0029078125000000002,10.315936232637283,33.641827069727093
0.0029093750000000001,10.315951961103359,33.641898552285248
0.0029109375000000003,10.315967698732631,33.641970073278507
0.0029125000000000002,10.315983445526252,33.642041632706587
0.0029140625,10.315999201485297,33.64211323056994
0.0029156250000000002,10.316014966610981,33.642184866868519
0.0029171875000000001,10.31603074090445,33.642256541602173
0.0029187500000000003,10.316046524366872,33.642328254771165
0.0029203125000000002,10.316062316999391,33.642400006375361
0.002921875,10.316078118803139,33.642471796415172
0.0029234375000000003,10.316093929779264,33.642543624890379
0.0029250000000000001,10.316109749928982,33.642615491800996
0.0029265625000000003,10.316125579253374,33.642687397147277
0.0029281250000000002,10.316141417753592,33.64275934092916
0.0029296875,10.316157265430883,33.642831323146822
0.0029312500000000003,10.316173122286374,33.642903343800157
0.0029328125000000001,10.316188988321157,33.642975402889377
0.0029343750000000004,10.316204863536479,33.643047500414475
0.0029359375000000002,10.316220747933476,33.643119636375474
0.0029375,10.316236641513218,33.643191810772478
0.0029390625000000003,10.316252544277004,33.643264023605468
0.0029406250000000001,10.316268456225915,33.643336274874649
0.0029421874999999999,10.316284377361121,33.643408564580021
0.0029437500000000002,10.316300307683797,33.643480892721577
0.0029453125,10.316316247195154,33.643553259299559
0.0029468750000000003,10.316332195896209,33.643625664313745
0.0029484375000000001,10.316348153788285,33.643698107764379
0.0029499999999999999,10.316364120872487,33.643770589651588
0.0029515625000000002,10.316380097149933,33.643843109975215
0.002953125,10.316396082621917,33.643915668735559
0.0029546875000000003,10.316412077289479,33.643988265932499
0.0029562500000000001,10.316428081153829,33.644060901566142
0.0029578124999999999,10.316444094216166,33.644133575636786
0.0029593750000000002,10.316460116477632,33.644206288143877
0.0029609375,10.316476147939346,33.644279039088033
0.0029625000000000003,10.316492188602593,33.644351828469276
0.0029640625000000001,10.316508238468415,33.644424656287519
0.0029656249999999999,10.316524297538134,33.644497522542771
0.0029671875000000002,10.316540365812807,33.644570427235116
0.00296875,10.316556443293635,33.64464337036484
0.0029703125000000003,10.316572529981803,33.644716351931777
0.0029718750000000001,10.316588625878463,33.644789371935872
0.0029734375,10.316604730984842,33.644862430377557
0.0029750000000000002,10.316620845302014,33.644935527256642
0.0029765625,10.316636968831277,33.645008662573225
0.0029781250000000003,10.31665310157368,33.645081836327513
0.0029796875000000001,10.316669243530551,33.645155048519236
0.00298125,10.316685394702956,33.645228299148741
0.0029828125000000002,10.316701555092083,33.645301588215887
0.002984375,10.316717724699155,33.645374915721014
0.0029859375000000003,10.316733903525357,33.645448281664081
0.0029875000000000001,10.316750091571789,33.645521686044937
0.0029890625,10.316766288839709,33.64559512886369
0.0029906250000000002,10.316782495330257,33.645668610120737
0.0029921875000000001,10.316798711044644,33.645742129815908
0.0029937500000000003,10.316814935984034,33.645815687949124
0.0029953125000000001,10.316831170149626,33.64588928452072
0.002996875,10.31684741354259,33.645962919530504
0.0029984375000000002,10.316863666164116,33.646036592978746
0.0030000000000000001,10.316879928015384,33.646110304865331
0.0030015625000000003,10.316896199097576,33.646184055190538
0.0030031250000000002,10.316912479411947,33.646257843954245
0.0030046875,10.316928768959519,33.646331671156595
0.0030062500000000002,10.316945067741669,33.646405536797545
0.0030078125000000001,10.316961375759478,33.646479440877243
0.0030093750000000003,10.316977693014113,33.646553383395812
0.0030109375000000002,10.316994019506922,33.646627364353243
0.0030125,10.317010355238883,33.646701383749452
0.0030140625000000002,10.317026700211306,33.6467754415849
0.0030156250000000001,10.31704305442538,33.646849537859353
0.0030171875000000003,10.317059417882257,33.646923672572889
0.0030187500000000002,10.317075790583145,33.646997845725529
0.0030203125,10.317092172529307,33.647072057317487
0.0030218750000000003,10.31710856372181,33.647146307348628
0.0030234375000000001,10.317124964161968,33.647220595819135
0.0030250000000000003,10.317141373850871,33.647294922729287
0.0030265625000000002,10.317157792789754,33.647369288078799
0.003028125,10.317174220979899,33.647443691867799
0.0030296875000000003,10.317190658422367,33.647518134096465
0.0030312500000000001,10.317207105118442,33.647592614764839
0.0030328125000000004,10.317223561069335,33.647667133872979
0.0030343750000000002,10.317240026276126,33.647741691420876
0.0030359375,10.31725650074012,33.647816287408602
0.0030375000000000003,10.317272984462489,33.64789092183625
0.0030390625000000001,10.317289477444501,33.64796559470399
0.0030406250000000004,10.317305979687234,33.648040306011687
0.0030421875000000002,10.317322491191936,33.648115055759583
0.00304375,10.31733901195987,33.648189843947627
0.0030453125000000003,10.317355541992166,33.648264670576005
0.0030468750000000001,10.317372081290003,33.648339535644503
0.0030484374999999999,10.317388629854781,33.648414439153605
0.0030500000000000002,10.317405187687465,33.648489381102905
0.0030515625,10.317421754789349,33.648564361492724
0.0030531250000000003,10.317438331161682,33.648639380323161
0.0030546875000000001,10.317454916805589,33.648714437594229
0.0030562499999999999,10.317471511722358,33.648789533306051
0.0030578125000000002,10.317488115913163,33.648864667458582
0.003059375,10.317504729379188,33.648939840051838
0.0030609375000000003,10.317521352121753,33.64901505108589
0.0030625000000000001,10.317537984141898,33.649090300561156
0.0030640624999999999,10.317554625440946,33.649165588477167
0.0030656250000000002,10.317571276020042,33.649240914834429
0.0030671875,10.317587935880528,33.649316279632757
0.0030687500000000003,10.317604605023446,33.649391682872263
0.0030703125000000001,10.317621283450112,33.649467124553055
0.003071875,10.317637971161707,33.649542604675155
0.0030734375000000002,10.317654668159475,33.649618123238568
0.003075,10.317671374444643,33.649693680243537
0.0030765625000000003,10.317688090018331,33.649769275689984
0.0030781250000000001,10.317704814881825,33.649844909578071
0.0030796875,10.31772154903638,33.649920581907679
0.0030812500000000002,10.317738292483131,33.649996292679106
0.0030828125,10.317755045223366,33.650072041892287
0.0030843750000000003,10.317771807258255,33.650147829547265
0.0030859375000000001,10.317788578588992,33.65022365564419
0.0030875,10.317805359216933,33.650299520182912
0.0030890625000000002,10.317822149143112,33.650375423163688
0.0030906250000000001,10.317838948368905,33.650451364586729
0.0030921875000000003,10.317855756895467,33.650527344451802
0.0030937500000000001,10.317872574724021,33.650603362759114
0.0030953125,10.317889401855753,33.650679419508855
0.0030968750000000002,10.317906238291989,33.65075551470067
0.0030984375000000001,10.317923084033842,33.650831648335043
0.0031000000000000003,10.317939939082581,33.650907820411824
0.0031015625000000002,10.317956803439479,33.650984030931276
0.003103125,10.317973677105707,33.651060279893244
0.0031046875000000002,10.317990560082524,33.651136567297883
0.0031062500000000001,10.318007452371139,33.651212893145306
0.0031078125000000003,10.318024353972735,33.651289257435558
0.0031093750000000002,10.318041264888601,33.651365660168501
0.0031109375,10.31805818511994,33.651442101344522
0.0031125000000000002,10.318075114668055,33.651518580963561
0.0031140625000000001,10.318092053534043,33.651595099025592
0.0031156250000000003,10.318109001719268,33.651671655530741
0.0031171875000000002,10.318125959224851,33.651748250479073
0.00311875,10.318142926052088,33.651824883870646
0.0031203125000000003,10.318159902202193,33.651901555705614
0.0031218750000000001,10.318176887676437,33.651978265983843
0.0031234375000000003,10.318193882475981,33.652055014705638
0.0031250000000000002,10.318210886602097,33.652131801870972
0.0031265625,10.318227900056081,33.652208627479801
0.0031281250000000003,10.318244922839035,33.652285491532211
0.0031296875000000001,10.318261954952341,33.652362394028344
0.0031312500000000004,10.318278996397135,33.652439334968349
0.0031328125000000002,10.31829604717468,33.652516314352262
0.003134375,10.318313107286242,33.652593332180096
0.0031359375000000003,10.318330176732973,33.652670388451654
0.0031375000000000001,10.318347255516276,33.652747483167566
0.0031390625000000004,10.318364343637246,33.652824616327223
0.0031406250000000002,10.318381441097173,33.652901787931434
0.0031421875,10.318398547897319,33.652978997979723
0.0031437500000000003,10.31841566403889,33.65305624647214
0.0031453125000000001,10.318432789523126,33.65313353340909
0.0031468750000000004,10.318449924351331,33.653210858790381
0.0031484375000000002,10.318467068524692,33.653288222616197
0.00315,10.318484222044431,33.653365624886796
0.0031515625000000003,10.318501384911887,33.653443065601756
0.0031531250000000001,10.318518557128249,33.653520544761378
0.0031546874999999999,10.318535738694706,33.653598062366051
0.0031562500000000002,10.318552929612659,33.653675618415328
0.0031578125,10.318570129883167,33.653753212909535
0.0031593750000000003,10.318587339507614,33.653830845848823
0.0031609375000000001,10.318604558487182,33.653908517232992
0.0031624999999999999,10.318621786823202,33.653986227062283
0.0031640625000000002,10.318639024516811,33.654063975336726
0.003165625,10.31865627156936,33.654141762056298
0.0031671875000000003,10.31867352798203,33.654219587221469
0.0031687500000000001,10.318690793756096,33.654297450831791
0.0031703125,10.31870806889283,33.654375352887492
0.0031718750000000002,10.31872535339353,33.654453293388762
0.0031734375,10.318742647259331,33.654531272335632
0.0031750000000000003,10.318759950491538,33.654609289728043
0.0031765625000000001,10.318777263091414,33.654687345566273
0.003178125,10.318794585060225,33.654765439850195
0.0031796875000000002,10.318811916399277,33.654843572579942
0.00318125,10.318829257109705,33.654921743755573
0.0031828125000000003,10.318846607192848,33.654999953377136
0.0031843750000000001,10.318863966649941,33.655078201444745
0.0031859375,10.318881335482278,33.655156487958507
0.0031875000000000002,10.318898713691079,33.655234812918472
0.0031890625000000001,10.318916101277624,33.655313176324597
0.0031906250000000003,10.318933498243174,33.65539157817701
0.0031921875000000001,10.318950904588942,33.655470018475739
0.00319375,10.318968320316234,33.655548497220948
0.0031953125000000002,10.318985745426337,33.655627014412573
0.0031968750000000001,10.31900317992047,33.655705570050884
0.0031984375000000003,10.319020623799931,33.65578416413576
0.0032000000000000002,10.319038077065976,33.6558627966674
0.0032015625,10.319055539719782,33.655941467645661
0.0032031250000000002,10.319073011762764,33.656020177070872
0.0032046875000000001,10.319090493196109,33.656098924943009
0.0032062500000000003,10.319107984021116,33.65617771126216
0.0032078125000000002,10.319125484239001,33.656256536028174
0.003209375,10.319142993851022,33.656335399241442
0.0032109375000000002,10.319160512858558,33.656414300901844
0.0032125000000000001,10.319178041262814,33.656493241009464
0.0032140625000000003,10.319195579065029,33.65657221956446
0.0032156250000000002,10.319213126266479,33.656651236566724
0.0032171875,10.319230682868481,33.656730292016583
0.0032187500000000003,10.319248248872269,33.656809385913881
0.0032203125000000001,10.319265824279126,33.656888518258732
0.0032218750000000003,10.319283409090369,33.656967689051228
0.0032234375000000002,10.319301003307158,33.657046898291377
0.003225,10.319318606930869,33.657126145979419
0.0032265625000000003,10.319336219962748,33.657205432115354
0.0032281250000000001,10.319353842404077,33.657284756699049
0.0032296875000000004,10.319371474256059,33.657364119730794
0.0032312500000000002,10.319389115520146,33.65744352121061
0.0032328125,10.319406766197456,33.657522961138611
0.0032343750000000003,10.319424426289363,33.657602439514832
0.0032359375000000001,10.319442095797033,33.657681956339111
0.0032375000000000004,10.31945977472186,33.657761511611994
0.0032390625000000002,10.319477463065041,33.657841105333119
0.003240625,10.319495160827922,33.657920737502714
0.0032421875000000003,10.319512868011762,33.658000408120934
0.0032437500000000001,10.319530584617757,33.658080117187708
0.0032453125000000004,10.319548310647388,33.658159864703094
0.0032468750000000002,10.319566046101718,33.658239650667326
0.0032484375,10.319583790982181,33.658319475080148
0.0032500000000000003,10.319601545290036,33.658399337942008
0.0032515625000000001,10.319619309026502,33.65847923925282
0.0032531249999999999,10.31963708219293,33.658559179012649
0.0032546875000000002,10.319654864790527,33.658639157221671
0.00325625,10.31967265682068,33.658719173879774
0.0032578125000000003,10.31969045828464,33.658799228987
0.0032593750000000001,10.319708269183664,33.658879322543619
0.0032609374999999999,10.319726089519072,33.658959454549652
0.0032625000000000002,10.319743919292176,33.659039625004901
0.0032640625,10.31976175850421,33.659119833909891
0.0032656250000000003,10.319779607156502,33.659200081264345
0.0032671875000000001,10.319797465250327,33.659280367068433
0.00326875,10.31981533278697,33.659360691322391
0.0032703125000000002,10.319833209767737,33.659441054025933
0.003271875,10.319851096193943,33.659521455179366
0.0032734375000000003,10.319868992066842,33.659601894782782
0.0032750000000000001,10.319886897387741,33.65968237283618
0.0032765625,10.319904812157905,33.659762889339412
0.0032781250000000002,10.319922736378716,33.659843444293095
0.0032796875000000001,10.31994067005135,33.659924037696804
0.0032812500000000003,10.319958613177228,33.660004669550837
0.0032828125000000001,10.319976565757553,33.660085339855087
0.003284375,10.319994527793691,33.660166048609945
0.0032859375000000002,10.320012499286912,33.660246795815176
0.0032875000000000001,10.320030480238477,33.660327581470938
0.0032890625000000003,10.320048470649748,33.660408405577414
0.0032906250000000001,10.320066470522002,33.660489268134562
0.0032921875,10.320084479856499,33.660570169142325
0.0032937500000000002,10.320102498654606,33.660651108601023
0.0032953125000000001,10.320120526917616,33.660732086510642
0.0032968750000000003,10.320138564646783,33.660813102871153
0.0032984375000000002,10.320156611843471,33.660894157682748
0.0033,10.320174668508933,33.660975250945263
0.0033015625000000002,10.320192734644484,33.66105638265924
0.0033031250000000001,10.320210810251465,33.661137552824279
0.0033046875000000003,10.320228895331127,33.6612187614408
0.0033062500000000002,10.320246989884831,33.661300008508576
0.0033078125,10.320265093913862,33.661381294027905
0.0033093750000000003,10.320283207419489,33.661462617998637
0.0033109375000000001,10.320301330403119,33.661543980421072
0.0033125000000000003,10.320319462865948,33.66162538129516
0.0033140625000000002,10.320337604809396,33.661706820621021
0.003315625,10.320355756234646,33.66178829839869
0.0033171875000000003,10.320373917143133,33.66186981462824
0.0033187500000000001,10.320392087536128,33.661951369309698
0.0033203125000000003,10.320410267414893,33.662032962443156
0.0033218750000000002,10.320428456780764,33.662114594028758
0.0033234375,10.320446655635099,33.66219626406653
0.0033250000000000003,10.320464863979135,33.66227797255663
0.0033265625000000001,10.320483081814315,33.662359719498916
0.0033281250000000004,10.320501309141843,33.662441504893557
0.0033296875000000002,10.320519545963002,33.662523328740946
0.00333125,10.320537792279215,33.662605191040505
0.0033328125000000003,10.320556048091719,33.662687091792819
0.0033343750000000001,10.320574313401922,33.66276903099785
0.0033359375000000004,10.320592588211102,33.662851008655458
0.0033375000000000002,10.320610872520531,33.662933024765977
0.0033390625,10.320629166331535,33.663015079329227
0.0033406250000000003,10.320647469645507,33.663097172345729
0.0033421875000000001,10.320665782463713,33.663179303814921
0.0033437500000000004,10.320684104787496,33.663261473737414
0.0033453125000000002,10.320702436618127,33.663343682113208
0.003346875,10.32072077795698,33.663425928941983
0.0033484375000000003,10.320739128805391,33.66350821422423
0.0033500000000000001,10.320757489164674,33.663590537959728
0.0033515625000000004,10.320775859036091,33.663672900148782
0.0033531250000000002,10.320794238421042,33.663755300791308
0.0033546875,10.320812627320809,33.663837739887562
0.0033562500000000003,10.320831025736748,33.663920217437386
0.0033578125000000001,10.320849433670178,33.664002733440981
0.0033593749999999999,10.320867851122451,33.664085287898281
0.0033609375000000002,10.320886278094834,33.664167880809593
0.0033625,10.320904714588696,33.664250512174782
0.0033640625000000003,10.320923160605345,33.664333181994074
0.0033656250000000001,10.320941616146118,33.664415890267371
0.0033671875,10.320960081212412,33.664498636994963
0.0033687500000000002,10.320978555805432,33.664581422176703
0.0033703125,10.320997039926572,33.664664245812929
0.0033718750000000003,10.321015533577256,33.664747107903331
0.0033734375000000001,10.321034036758702,33.664830008448362
0.003375,10.321052549472274,33.664912947448016
0.0033765625000000002,10.321071071719313,33.664995924902179
0.0033781250000000001,10.321089603501109,33.665078940811163
0.0033796875000000003,10.321108144819073,33.665161995174579
0.0033812500000000001,10.321126695674462,33.665245087993029
0.0033828125,10.321145256068698,33.66532821926635
0.0033843750000000002,10.321163826003085,33.665411388994627
0.0033859375000000001,10.321182405478948,33.665494597177997
0.0033875000000000003,10.321200994497612,33.665577843816401
0.0033890625000000001,10.321219593060418,33.665661128910109
0.003390625,10.321238201168773,33.665744452458988
0.0033921875000000002,10.321256818823953,33.665827814463391
0.0033937500000000001,10.321275446027361,33.665911214923142
0.0033953125000000003,10.321294082780215,33.665994653838318
0.0033968750000000002,10.321312729083957,33.666078131209019
0.0033984375,10.321331384939944,33.666161647035629
0.0034000000000000002,10.321350050349444,33.666245201317608
0.0034015625000000001,10.32136872531386,33.666328794055474
0.0034031250000000003,10.321387409834538,33.666412425249256
0.0034046875000000002,10.321406103912786,33.666496094898839
0.00340625,10.321424807550004,33.666579803004566
0.0034078125000000003,10.321443520747444,33.666663549566337
0.0034093750000000001,10.321462243506584,33.666747334584173
0.0034109375000000003,10.321480975828619,33.666831158058329
0.0034125000000000002,10.321499717715092,33.6669150199886
0.0034140625,10.321518469167174,33.666998920375534
0.0034156250000000003,10.321537230186282,33.667082859218688
0.0034171875000000001,10.321556000773796,33.66716683651844
0.0034187500000000003,10.321574780931035,33.667250852274776
0.0034203125000000002,10.321593570659331,33.667334906487739
0.003421875,10.321612369960079,33.667418999157476
0.0034234375000000003,10.321631178834616,33.667503130284082
0.0034250000000000001,10.321649997284233,33.667587299867563
0.0034265625000000004,10.321668825310468,33.66767150790789
0.0034281250000000002,10.321687662914467,33.667755754405441
0.0034296875,10.321706510097696,33.667840039359987
0.0034312500000000003,10.321725366861482,33.667924362771714
0.0034328125000000001,10.321744233207218,33.668008724640679
0.0034343750000000004,10.321763109136167,33.668093124966937
0.0034359375000000002,10.32178199464979,33.66817756375066
0.0034375,10.321800889749426,33.668262040991976
0.0034390625000000003,10.321819794436403,33.668346556690757
0.0034406250000000001,10.321838708712061,33.668431110847166
0.0034421875000000004,10.321857632577858,33.668515703461225
0.0034437500000000002,10.32187656603503,33.668600334533274
0.0034453125,10.321895509085032,33.668685004063093
0.0034468750000000003,10.321914461729154,33.668769712050839
0.0034484375000000001,10.321933423968867,33.668854458496469
0.0034500000000000004,10.321952395805431,33.668939243400253
0.0034515625000000002,10.321971377240239,33.669024066762148
0.003453125,10.321990368274706,33.669108928582347
0.0034546875000000003,10.322009368910058,33.669193828860934
0.0034562500000000001,10.322028379147831,33.669278767597675
0.0034578125000000004,10.322047398989316,33.669363744793117
0.0034593750000000002,10.322066428435864,33.669448760447025
0.0034609375,10.322085467488902,33.669533814559387
0.0034625000000000003,10.322104516149718,33.669618907130562
0.0034640625000000001,10.322123574419763,33.669704038160461
0.003465625,10.322142642300319,33.669789207649281
0.0034671875000000002,10.322161719792849,33.669874415596993
0.00346875,10.322180806898618,33.669959662003563
0.0034703125000000003,10.322199903619078,33.670044946869268
0.0034718750000000001,10.32221900995563,33.670130270194058
0.0034734375,10.3222381259096,33.67021563197811
0.0034750000000000002,10.322257251482307,33.670301032221623
0.0034765625000000001,10.322276386675187,33.670386470924299
0.0034781250000000003,10.322295531489663,33.670471948086387
0.0034796875000000001,10.322314685927017,33.670557463708086
0.00348125,10.322333849988643,33.670643017789331
0.0034828125000000002,10.322353023675975,33.670728610330272
0.0034843750000000001,10.322372206990316,33.670814241330788
0.0034859375000000003,10.322391399933082,33.670899910791412
0.0034875000000000001,10.322410602505705,33.67098561871169
0.0034890625,10.322429814709452,33.671071365092054
0.0034906250000000002,10.322449036545802,33.671157149932377
0.0034921875000000001,10.322468268016037,33.671242973232836
0.0034937500000000003,10.322487509121661,33.67132883499373
0.0034953125000000002,10.322506759863925,33.671414735214718
0.003496875,10.322526020244334,33.671500673895935
0.0034984375000000002,10.322545290264211,33.671586651037728
0.0035000000000000001,10.322564569924936,33.671672666639992
0.0035015625000000003,10.322583859227857,33.67175872070284
0.0035031250000000002,10.322603158174433,33.671844813226379
0.0035046875,10.322622466765987,33.671930944210665
0.0035062500000000003,10.322641785004015,33.672017113655677
0.0035078125000000001,10.322661112889721,33.672103321561622
0.0035093750000000003,10.322680450424693,33.672189567928434
0.0035109375000000002,10.322699797610143,33.6722758527564
0.0035125,10.32271915444757,33.672362176045567
0.0035140625000000003,10.322738520938342,33.672448537795823
0.0035156250000000001,10.322757897083815,33.672534938007296
0.0035171875000000003,10.322777282885419,33.672621376680162
0.0035187500000000002,10.32279667834452,33.672707853814572
0.0035203125,10.322816083462527,33.672794369410227
0.0035218750000000003,10.322835498240815,33.672880923467609
0.0035234375000000001,10.32285492268081,33.672967515986684
0.0035250000000000004,10.322874356783833,33.673054146967594
0.0035265625000000002,10.322893800551363,33.673140816410182
0.003528125,10.322913253984677,33.673227524314562
0.0035296875000000003,10.322932717085337,33.673314270681061
0.0035312500000000001,10.322952189854627,33.673401055509515
0.0035328125000000004,10.322971672294029,33.673487878800167
0.0035343750000000002,10.32299116440481,33.673574740553015
0.0035359375,10.323010666188408,33.673661640767996
0.0035375000000000003,10.323030177646327,33.67374857944543
0.0035390625000000001,10.323049698779885,33.67383555658536
0.0035406250000000004,10.323069229590478,33.673922572187841
0.0035421875000000002,10.323088770079458,33.674009626252825
0.00354375,10.323108320248334,33.674096718780397
0.0035453125000000003,10.323127880098449,33.674183849770728
0.0035468750000000001,10.323147449631204,33.67427101922393
0.0035484375000000004,10.323167028848015,33.67435822714009
0.0035500000000000002,10.323186617750325,33.674445473519214
0.0035515625,10.323206216339429,33.674532758361352
0.0035531250000000003,10.323225824616848,33.674620081666596
0.0035546875000000001,10.323245442583948,33.674707443435047
0.0035562500000000004,10.323265070242043,33.674794843666795
0.0035578125000000002,10.323284707592677,33.674882282361942
0.003559375,10.323304354637241,33.674969759520643
0.0035609375000000003,10.323324011377007,33.675057275142734
0.0035625000000000001,10.323343677813527,33.675144829228401
0.0035640625,10.32336335394813,33.675232421777849
0.0035656250000000002,10.323383039782341,33.675320052791051
0.0035671875,10.323402735317437,33.675407722267984
0.0035687500000000003,10.323422440554825,33.675495430208898
0.0035703125000000001,10.323442155496068,33.675583176613799
0.003571875,10.323461880142403,33.675670961482787
0.0035734375000000002,10.323481614495316,33.675758784815947
0.0035750000000000001,10.323501358556285,33.675846646613323
0.0035765625000000003,10.323521112326647,33.675934546874956
0.0035781250000000001,10.323540875807771,33.676022485600932
0.0035796875,10.323560649001184,33.676110462791613
0.0035812500000000002,10.323580431908253,33.676198478446715
0.0035828125000000001,10.323600224530384,33.676286532566387
0.0035843750000000003,10.32362002686904,33.676374625150828
0.0035859375000000001,10.323639838925528,33.676462756200053
0.0035875,10.3236596607014,33.67655092571421
0.0035890625000000002,10.32367949219798,33.676639133693108
0.0035906250000000001,10.323699333416767,33.676727380137208
0.0035921875000000003,10.323719184359078,33.676815665046369
0.0035937500000000002,10.323739045026418,33.676903988420733
0.0035953125,10.323758915420198,33.676992350260534
0.0035968750000000002,10.3237787955418,33.677080750565288
0.0035984375000000001,10.323798685392701,33.677169189335771
0.0036000000000000003,10.32381858497428,33.677257666571492
0.0036015625000000002,10.323838494287982,33.677346182273034
0.003603125,10.323858413335193,33.67743473644007
0.0036046875000000003,10.323878342117402,33.677523329072798
0.0036062500000000001,10.323898280636014,33.677611960171511
0.0036078125000000003,10.323918228892403,33.677700629736115
0.0036093750000000002,10.323938186888066,33.677789337766775
0.0036109375,10.323958154624416,33.677878084263256
0.0036125000000000003,10.323978132102816,33.67796686922614
0.0036140625000000001,10.323998119324767,33.678055692655043
0.0036156250000000003,10.324018116291699,33.678144554550322
0.0036171875000000002,10.324038123005003,33.678233454911862
0.00361875,10.324058139466143,33.678322393740089
0.0036203125000000003,10.324078165676536,33.67841137103472
0.0036218750000000001,10.324098201637607,33.678500386796003
0.0036234375000000004,10.324118247350793,33.678589441024023
0.0036250000000000002,10.324138302817534,33.678678533718767
0.0036265625,10.324158368039257,33.678767664880304
0.0036281250000000003,10.324178443017411,33.678856834508977
0.0036296875000000001,10.324198527753344,33.678946042604636
0.0036312500000000004,10.32421862224864,33.679035289167309
0.0036328125000000002,10.324238726504646,33.679124574197132
0.003634375,10.324258840522814,33.679213897694346
0.0036359375000000003,10.324278964304593,33.679303259658852
0.0036375000000000001,10.324299097851355,33.679392660090691
0.0036390625000000004,10.324319241164648,33.679482098990249
0.0036406250000000002,10.324339394245886,33.679571576357276
0.0036421875,10.324359557096408,33.679661092191878
0.0036437500000000003,10.324379729717748,33.679750646494334
0.0036453125000000001,10.324399912111362,33.679840239264657
0.0036468750000000004,10.3244201042786,33.679929870502818
0.0036484375000000002,10.324440306220978,33.680019540209102
0.00365,10.32446051793992,33.680109248383367
0.0036515625000000003,10.3244807394369,33.680198995025854
0.0036531250000000001,10.324500970713308,33.680288780136422
0.0036546875000000004,10.324521211770604,33.680378603715411
0.0036562500000000002,10.324541462610298,33.680468465762779
0.0036578125,10.324561723233709,33.680558366278717
0.0036593750000000003,10.324581993642411,33.680648305263162
0.0036609375000000001,10.324602273837773,33.68073828271627
0.0036625000000000004,10.324622563821283,33.680828298637998
0.0036640625000000002,10.324642863594354,33.680918353028645
0.003665625,10.324663173158459,33.68100844588821
0.0036671875000000003,10.324683492515055,33.681098577216773
0.0036687500000000001,10.324703821665585,33.681188747014318
0.0036703125,10.324724160611497,33.681278955280973
0.0036718750000000002,10.324744509354225,33.68136920201691
0.0036734375000000001,10.324764867895233,33.681459487222178
0.0036750000000000003,10.324785236236044,33.681549810896691
0.0036765625000000001,10.324805614377992,33.681640173040755
0.003678125,10.324826002322604,33.681730573654285
0.0036796875000000002,10.324846400071287,33.681821012737558
0.0036812500000000001,10.324866807625526,33.681911490290481
0.0036828125000000003,10.324887224986796,33.682002006313326
0.0036843750000000001,10.324907652156595,33.682092560805842
0.0036859375,10.324928089136298,33.682183153768506
0.0036875000000000002,10.324948535927339,33.68227378520109
0.0036890625000000001,10.324968992531238,33.682364455103873
0.0036906250000000003,10.324989458949478,33.682455163476845
0.0036921875000000002,10.325009935183433,33.682545910320052
0.00369375,10.325030421234638,33.682636695633732
0.0036953125000000002,10.325050917104525,33.68272751941786
0.0036968750000000001,10.325071422794554,33.682818381672412
0.0036984375000000003,10.325091938306194,33.682909282397617
0.0037000000000000002,10.325112463640956,33.683000221593609
0.0037015625,10.3251329988002,33.683091199260382
0.0037031250000000003,10.325153543785486,33.683182215398013
0.0037046875000000001,10.325174098598181,33.683273270006474
0.0037062500000000003,10.325194663239817,33.683364363086071
0.0037078125000000002,10.325215237711879,33.683455494636746
0.003709375,10.325235822015774,33.683546664658714
0.0037109375000000003,10.325256416153048,33.683637873151952
0.0037125000000000001,10.325277020125087,33.683729120116482
0.0037140625000000003,10.325297633933411,33.683820405552552
0.0037156250000000002,10.32531825757949,33.683911729460078
0.0037171875,10.325338891064741,33.684003091839266
0.0037187500000000003,10.325359534390664,33.684094492690122
0.0037203125000000001,10.325380187558734,33.684185932012966
0.0037218750000000004,10.325400850570434,33.684277409807507
0.0037234375000000002,10.325421523427236,33.684368926074107
0.003725,10.325442206130608,33.684460480812511
0.0037265625000000003,10.325462898682023,33.684552074023124
0.0037281250000000001,10.325483601082921,33.684643705705959
0.0037296875000000004,10.325504313334811,33.684735375861266
0.0037312500000000002,10.325525035439151,33.684827084488695
0.0037328125,10.325545767397481,33.684918831588746
0.0037343750000000003,10.325566509211164,33.685010617161311
0.0037359375000000001,10.325587260881823,33.685102441206482
0.0037375000000000004,10.325608022410746,33.685194303724224
0.0037390625000000002,10.325628793799627,33.685286204714892
0.003740625,10.325649575049756,33.685378144178536
0.0037421875000000003,10.325670366162727,33.685470122114985
0.0037437500000000001,10.325691167139981,33.685562138524617
0.0037453125000000004,10.325711977983023,33.685654193407281
0.0037468750000000002,10.325732798693265,33.68574628676312
0.0037484375,10.325753629272313,33.685838418592397
0.0037500000000000003,10.325774469721511,33.685930588895005
0.0037515625000000001,10.325795320042442,33.686022797671036
0.0037531250000000004,10.325816180236567,33.686115044920697
0.0037546875000000002,10.325837050305331,33.686207330643974
0.00375625,10.32585793025029,33.686299654840965
0.0037578125000000003,10.325878820072848,33.686392017511722
0.0037593750000000001,10.325899719774561,33.686484418656413
0.0037609375000000004,10.325920629356858,33.68657685827516
0.0037625000000000002,10.325941548821241,33.686669336367672
0.0037640625,10.325962478169274,33.686761852934659
0.0037656250000000003,10.325983417402355,33.686854407975773
0.0037671875000000001,10.326004366521989,33.686947001491248
0.00376875,10.326025325529676,33.68703963348112
0.0037703125000000002,10.326046294426927,33.687132303945369
0.0037718750000000001,10.326067273215253,33.68722501288439
0.0037734375000000003,10.326088261896116,33.687317760297844
0.0037750000000000001,10.326109260470952,33.687410546186292
0.0037765625,10.326130268941336,33.687503370549436
0.0037781250000000002,10.32615128730869,33.687596233387467
0.0037796875000000001,10.326172315574597,33.687689134700555
0.0037812500000000003,10.3261933537405,33.687782074488659
0.0037828125000000002,10.326214401807896,33.687875052751934
0.003784375,10.326235459778317,33.687968069490509
0.0037859375000000002,10.326256527653168,33.688061124704468
0.0037875000000000001,10.326277605434067,33.68815421839389
0.0037890625000000003,10.326298693122428,33.68824735055874
0.0037906250000000002,10.326319790719772,33.688340521199116
0.0037921875,10.326340898227594,33.688433730315346
0.0037937500000000002,10.326362015647428,33.688526977907223
0.0037953125000000001,10.326383142980774,33.688620263974997
0.0037968750000000003,10.326404280229081,33.688713588518851
0.0037984375000000002,10.326425427393863,33.688806951538552
0.0038,10.326446584476683,33.688900353034413
0.0038015625000000003,10.326467751478964,33.688993793006503
0.0038031250000000001,10.326488928402252,33.689087271454973
0.0038046875000000003,10.326510115248027,33.689180788379758
0.0038062500000000002,10.326531312017867,33.689274343781058
0.0038078125,10.326552518713202,33.689367937658758
0.0038093750000000003,10.326573735335547,33.689461570013293
0.0038109375000000001,10.326594961886448,33.689555240844363
0.0038125000000000004,10.326616198367354,33.689648950152183
0.0038140625000000002,10.326637444779786,33.689742697937071
0.003815625,10.326658701125321,33.689836484198892
0.0038171875000000003,10.326679967405399,33.689930308937825
0.0038187500000000001,10.326701243621592,33.690024172153883
0.0038203125000000004,10.326722529775363,33.690118073847209
0.0038218750000000002,10.326743825868165,33.690212014017902
0.0038234375,10.326765131901649,33.690305992665962
0.0038250000000000003,10.326786447877263,33.690400009791574
0.0038265625000000001,10.326807773796457,33.690494065394731
0.0038281250000000004,10.32682910966078,33.690588159475674
0.0038296875000000002,10.326850455471835,33.690682292034332
0.00383125,10.326871811231047,33.690776463070833
0.0038328125000000003,10.326893176939969,33.69087067258522
0.0038343750000000001,10.326914552600087,33.69096492057762
0.0038359375000000004,10.326935938212941,33.691059207048099
0.0038375000000000002,10.326957333780028,33.691153531996882
0.0038390625,10.326978739302897,33.691247895424112
0.0038406250000000003,10.327000154782997,33.691342297329541
0.0038421875000000001,10.327021580221952,33.691436737713381
0.0038437500000000004,10.327043015621248,33.691531216575804
0.0038453125000000002,10.327064460982337,33.69162573391705
0.003846875,10.327085916306784,33.691720289736885
0.0038484375000000003,10.327107381596194,33.691814884035644
0.0038500000000000001,10.327128856851946,33.691909516813212
0.0038515625000000004,10.327150342075621,33.692004188069795
0.0038531250000000002,10.327171837268814,33.692098897805408
0.0038546875,10.327193342432954,33.692193646020286
0.0038562500000000003,10.327214857569579,33.692288432714463
0.0038578125000000001,10.327236382680267,33.692383257887919
0.0038593750000000004,10.327257917766513,33.692478121540695
0.0038609375000000002,10.327279462829809,33.692573023673255
0.0038625,10.327301017871759,33.692667964285214
0.0038640625000000003,10.327322582893824,33.692762943376863
0.0038656250000000001,10.327344157897571,33.692857960948452
0.0038671875000000004,10.327365742884471,33.69295301699993
0.0038687500000000002,10.327387337856136,33.693048111531311
0.0038703125000000001,10.327408942814101,33.693143244542561
0.0038718750000000003,10.327430557759786,33.693238416034205
0.0038734375000000001,10.327452182694815,33.693333626006066
0.003875,10.327473817620692,33.693428874458156
0.0038765625000000002,10.327495462538984,33.693524161390876
0.0038781250000000001,10.327517117451174,33.693619486803875
0.0038796875000000003,10.327538782358827,33.693714850697425
0.0038812500000000002,10.327560457263488,33.693810253071767
0.0038828125,10.327582142166642,33.693905693926794
0.0038843750000000002,10.327603837069892,33.694001173262777
0.0038859375000000001,10.327625541974754,33.694096691079721
0.0038875000000000003,10.327647256882701,33.694192247377622
0.0038890625000000002,10.32766898179533,33.694287842156641
0.003890625,10.32769071671424,33.694383475416821
0.0038921875000000002,10.327712461640809,33.694479147158447
0.0038937500000000001,10.327734216576731,33.69457485738144
0.0038953125000000003,10.327755981523456,33.694670606085857
0.0038968750000000002,10.327777756482561,33.694766393271792
0.0038984375,10.327799541455603,33.694862218939512
0.0039000000000000003,10.32782133644408,33.694958083088899
0.0039015625000000001,10.327843141449613,33.695053985720271
0.0039031250000000003,10.327864956473643,33.695149926833444
0.0039046875000000002,10.327886781517789,33.695245906428646
0.00390625,10.327908616583567,33.695341924506053
0.0039078124999999998,10.327930461672523,33.695437981065652
0.0039093750000000005,10.327952316786126,33.695534076107499
0.0039109375000000004,10.327974181926116,33.695630209631624
0.0039125000000000002,10.327996057093891,33.695726381638359
0.0039140625,10.328017942291009,33.695822592127577
0.0039156249999999998,10.3280398375191,33.695918841099363
0.0039171875000000005,10.328061742779592,33.69601512855413
0.0039187500000000004,10.328083658074162,33.696111454491472
0.0039203125000000002,10.32810558340425,33.69620781891193
0.003921875,10.32812751877146,33.69630422181514
0.0039234374999999998,10.328149464177352,33.696400663201686
0.0039250000000000005,10.328171419623486,33.696497143071483
0.0039265625000000004,10.328193385111364,33.696593661424508
0.0039281250000000002,10.328215360642568,33.696690218260947
0.0039296875,10.3282373462187,33.696786813580673
0.0039312499999999998,10.328259341841235,33.696883447384039
0.0039328125000000005,10.328281347511776,33.69698011967111
0.0039343750000000004,10.328303363231814,33.69707683044188
0.0039359375000000002,10.328325389003053,33.697173579696539
0.0039375,10.328347424826918,33.697270367435038
0.0039390624999999999,10.328369470704985,33.697367193657399
0.0039406250000000006,10.328391526638836,33.697464058363948
0.0039421875000000004,10.328413592630071,33.697560961554991
0.0039437500000000002,10.328435668680131,33.697657903230123
0.0039453125,10.328457754790669,33.697754883389536
0.0039468749999999999,10.328479850963296,33.697851902033456
0.0039484375000000006,10.32850195719945,33.697948959162083
0.0039500000000000004,10.328524073500699,33.698046054775212
0.0039515625000000002,10.328546199868732,33.698143188873161
0.003953125,10.328568336305041,33.698240361455952
0.0039546874999999999,10.328590482811141,33.698337572523599
0.0039562500000000006,10.328612639388714,33.69843482207618
0.0039578125000000004,10.328634806039206,33.698532110114137
0.0039593750000000002,10.328656982764187,33.698629436637184
0.0039609375,10.328679169565373,33.698726801645485
0.0039624999999999999,10.328701366444122,33.698824205139061
0.0039640625000000006,10.328723573402138,33.698921647118176
0.0039656250000000004,10.32874579044098,33.699019127583114
0.0039671875000000002,10.32876801756216,33.699116646533412
0.0039687500000000001,10.328790254767284,33.699214203969497
0.0039703124999999999,10.328812502057934,33.699311799891568
0.0039718750000000006,10.328834759435699,33.69940943429944
0.0039734375000000004,10.328857026902089,33.69950710719354
0.0039750000000000002,10.328879304458725,33.699604818573519
0.0039765625000000001,10.328901592107098,33.699702568439932
0.0039781249999999999,10.328923889848896,33.699800356792529
0.0039796875000000006,10.328946197685617,33.69989818363161
0.0039812500000000004,10.32896851561887,33.699996048956976
0.0039828125000000002,10.328990843650232,33.700093952769102
0.0039843750000000001,10.329013181781281,33.700191895067846
0.0039859374999999999,10.329035530013552,33.700289875853372
0.0039875000000000006,10.329057888348682,33.700387895125864
0.0039890625000000004,10.329080256788156,33.700485952885138
0.0039906250000000002,10.329102635333664,33.700584049131592
0.0039921875000000001,10.329125023986725,33.700682183865261
0.0039937499999999999,10.329147422748912,33.700780357085939
0.0039953125000000006,10.329169831621869,33.70087856879416
0.0039968750000000004,10.329192250607054,33.700976818989567
0.0039984375000000003,10.329214679706208,33.701075107672573
0.0040000000000000001,10.329237118920735,33.701173434843341
0.0040015624999999999,10.329259568252368,33.7012718005018
0.0040031250000000006,10.329282027702629,33.701370204647908
0.0040046875000000004,10.329304497273101,33.701468647281928
0.0040062500000000003,10.329326976965385,33.701567128403966
0.0040078125000000001,10.329349466781059,33.701665648014014
0.0040093749999999999,10.329371966721689,33.701764206112216
0.0040109375000000006,10.329394476788879,33.701862802698869
0.0040125000000000004,10.329416996984213,33.701961437773733
0.0040140625000000003,10.329439527309317,33.702060111337012
0.0040156250000000001,10.329462067765707,33.70215882338892
0.0040171874999999999,10.329484618355023,33.702257573929558
0.0040187500000000006,10.329507179078862,33.702356362958668
0.0040203125000000004,10.329529749938773,33.702455190476684
0.0040218750000000003,10.329552330936368,33.702554056483571
0.0040234375000000001,10.329574922073219,33.702652960979599
0.0040249999999999999,10.329597523350955,33.702751903964838
0.0040265624999999998,10.329620134771169,33.702850885439084
0.0040281250000000005,10.329642756335428,33.702949905402797
0.0040296875000000003,10.32966538804534,33.703048963855778
0.0040312500000000001,10.329688029902458,33.703148060798384
0.0040328124999999999,10.329710681908463,33.703247196230421
0.0040343749999999998,10.329733344064833,33.703346370151998
0.0040359375000000005,10.329756016373295,33.70344558256366
0.0040375000000000003,10.329778698835334,33.70354483346496
0.0040390625000000001,10.329801391452639,33.703644122856211
0.0040406249999999999,10.329824094226757,33.703743450737576
0.0040421874999999998,10.329846807159292,33.703842817109155
0.0040437500000000005,10.32986953025182,33.703942221970969
0.0040453125000000003,10.329892263506039,33.704041665323132
0.0040468750000000001,10.329915006923398,33.704141147165586
0.0040484375,10.329937760505628,33.704240667498809
0.0040499999999999998,10.329960524254286,33.704340226322373
0.0040515625000000005,10.329983298170948,33.704439823636854
0.0040531250000000003,10.330006082257297,33.704539459442046
0.0040546875000000001,10.330028876514781,33.704639133738233
0.00405625,10.330051680945171,33.704738846525316
0.0040578124999999998,10.330074495550022,33.704838597803537
0.0040593750000000005,10.330097320330879,33.704938387573065
0.0040609375000000003,10.330120155289414,33.70503821583371
0.0040625000000000001,10.330143000427251,33.705138082585805
0.0040640625,10.330165855745884,33.705237987829264
0.0040656249999999998,10.330188721247049,33.705337931564443
0.0040671875000000005,10.330211596932287,33.705437913791116
0.0040687500000000003,10.330234482803245,33.705537934509856
0.0040703125000000001,10.330257378861496,33.705637993720302
0.004071875,10.330280285108676,33.705738091422845
0.0040734374999999998,10.330303201546343,33.705838227617271
0.0040750000000000005,10.330326128176225,33.705938402303843
0.0040765625000000003,10.33034906499981,33.706038615482704
0.0040781250000000002,10.330372012018769,33.70613886715401
0.0040796875,10.330394969234733,33.706239157317661
0.0040812499999999998,10.330417936649313,33.7063394859738
0.0040828125000000005,10.330440914264029,33.706439853122603
0.0040843750000000003,10.330463902080638,33.706540258764207
0.0040859375000000002,10.330486900100674,33.70664070289849
0.0040875,10.330509908325771,33.706741185525786
0.0040890624999999998,10.330532926757547,33.706841706646117
0.0040906250000000005,10.33055595539763,33.706942266259517
0.0040921875000000003,10.330578994247583,33.707042864366088
0.0040937500000000002,10.330602043309138,33.707143500965962
0.0040953125,10.330625102583783,33.707244176059483
0.0040968749999999998,10.330648172073269,33.707344889646272
0.0040984375000000005,10.330671251779128,33.707445641726586
0.0041000000000000003,10.330694341702968,33.707546432300788
0.0041015625000000002,10.330717441846506,33.707647261368635
0.004103125,10.330740552211275,33.707748128930405
0.0041046874999999998,10.33076367279897,33.707849034986161
0.0041062500000000005,10.330786803611158,33.707949979536053
0.0041078125000000004,10.330809944649454,33.708050962579982
0.0041093750000000002,10.330833095915528,33.708151984118302
0.0041109375,10.330856257411027,33.708253044151007
0.0041124999999999998,10.330879429137529,33.708354142678154
0.0041140625000000005,10.330902611096644,33.708455279699805
0.0041156250000000004,10.330925803290048,33.708556455216289
0.0041171875000000002,10.330949005719349,33.708657669227406
0.00411875,10.330972218386224,33.708758921733249
0.0041203124999999998,10.330995441292217,33.708860212734294
0.0041218750000000005,10.331018674438997,33.70896154223027
0.0041234375000000004,10.331041917828287,33.709062910221355
0.0041250000000000002,10.331065171461544,33.709164316707898
0.0041265625,10.331088435340492,33.709265761689622
0.0041281249999999999,10.331111709466777,33.709367245166874
0.0041296875000000005,10.33113499384203,33.709468767139541
0.0041312500000000004,10.331158288467849,33.709570327607921
0.0041328125000000002,10.331181593345928,33.709671926572156
0.004134375,10.331204908477831,33.709773564032155
0.0041359374999999999,10.331228233865254,33.709875239987987
0.0041375000000000006,10.331251569509792,33.709976954439895
0.0041390625000000004,10.331274915413113,33.710078707387957
0.0041406250000000002,10.331298271576831,33.710180498832351
0.0041421875,10.331321638002603,33.710282328772912
0.0041437499999999999,10.331345014692062,33.710384197210061
0.0041453125000000006,10.331368401646873,33.710486104143655
0.0041468750000000004,10.331391798868637,33.710588049573936
0.0041484375000000002,10.331415206358988,33.710690033500889
0.00415,10.331438624119583,33.710792055924614
0.0041515624999999999,10.331462052152087,33.710894116845346
0.0041531250000000006,10.331485490458169,33.710996216262942
0.0041546875000000004,10.331508939039386,33.711098354177786
0.0041562500000000002,10.331532397897389,33.711200530589885
0.0041578125,10.331555867033922,33.711302745499196
0.0041593749999999999,10.33157934645053,33.711404998905948
0.0041609375000000006,10.331602836148912,33.71150729081031
0.0041625000000000004,10.331626336130745,33.711609621212077
0.0041640625000000002,10.331649846397545,33.711711990111773
0.0041656250000000001,10.331673366951129,33.711814397509272
0.0041671874999999999,10.331696897793018,33.711916843404637
0.0041687500000000006,10.331720438924931,33.712019327797869
0.0041703125000000004,10.331743990348482,33.712121850689343
0.0041718750000000002,10.331767552065312,33.712224412078918
0.0041734375000000001,10.331791124077126,33.712327011967076
0.0041749999999999999,10.331814706385545,33.712429650353464
0.0041765625000000006,10.33183829899224,33.712532327238399
0.0041781250000000004,10.331861901898769,33.712635042621898
0.0041796875000000002,10.33188551510694,33.712737796504058
0.0041812500000000001,10.331909138618272,33.712840588885179
0.0041828124999999999,10.331932772434509,33.712943419765217
0.0041843750000000006,10.331956416557304,33.713046289144103
0.0041859375000000004,10.331980070988223,33.713149197022091
0.0041875000000000002,10.332003735728994,33.713252143399437
0.0041890625000000001,10.332027410781304,33.713355128275971
0.0041906249999999999,10.332051096146735,33.713458151652013
0.0041921875000000006,10.332074791826994,33.713561213527498
0.0041937500000000004,10.332098497823702,33.713664313902598
0.0041953125000000003,10.332122214138556,33.713767452777574
0.0041968750000000001,10.332145940773197,33.713870630152044
0.0041984374999999999,10.332169677729356,33.713973846026775
0.0042000000000000006,10.332193425008551,33.714077100401184
0.0042015625000000004,10.332217182612586,33.714180393275853
0.0042031250000000003,10.332240950543026,33.714283724650869
0.0042046875000000001,10.332264728801581,33.714387094526053
0.0042062499999999999,10.332288517389973,33.714490502901704
0.0042078125000000006,10.332312316309707,33.714593949777885
0.0042093750000000004,10.332336125562565,33.71469743515464
0.0042109375000000003,10.332359945150177,33.714800959032033
0.0042125000000000001,10.33238377507425,33.714904521410254
0.0042140624999999999,10.332407615336406,33.715008122289497
0.0042156250000000006,10.332431465938365,33.715111761669732
0.0042171875000000004,10.332455326881719,33.715215439551187
0.0042187500000000003,10.332479198168198,33.715319155933706
0.0042203125000000001,10.332503079799459,33.715422910817587
0.0042218749999999999,10.332526971777149,33.715526704202944
0.0042234375000000006,10.332550874102992,33.715630536089712
0.0042250000000000005,10.332574786778588,33.715734406478283
0.0042265625000000003,10.332598709805669,33.715838315368629
0.0042281250000000001,10.332622643185861,33.715942262760642
0.0042296874999999999,10.332646586920855,33.716046248654692
0.0042312500000000006,10.332670541012359,33.716150273050644
0.0042328125000000005,10.332694505462015,33.716254335948904
0.0042343750000000003,10.332718480271543,33.716358437349413
0.0042359375000000001,10.33274246544252,33.716462577252045
0.0042374999999999999,10.332766460976664,33.71656675565724
0.0042390624999999998,10.332790466875744,33.716670972565019
0.0042406250000000005,10.332814483141343,33.716775227975312
0.0042421875000000003,10.332838509775135,33.716879521888515
0.0042437500000000001,10.332862546778808,33.716983854304566
0.0042453125,10.332886594154111,33.717088225223456
0.0042468749999999998,10.332910651902647,33.717192634645528
0.0042484375000000005,10.332934720026103,33.717297082570738
0.0042500000000000003,10.332958798526217,33.717401568999094
0.0042515625000000001,10.332982887404635,33.717506093930858
0.004253125,10.333006986662992,33.71761065736618
0.0042546874999999998,10.33303109630304,33.717715259305066
0.0042562500000000005,10.333055216326446,33.717819899747695
0.0042578125000000003,10.333079346734946,33.717924578693953
0.0042593750000000001,10.333103487530069,33.718029296143989
0.0042609375,10.333127638713709,33.718134052098137
0.0042624999999999998,10.333151800287325,33.718238846556368
0.0042640625000000005,10.333175972252832,33.718343679518775
0.0042656250000000003,10.333200154611752,33.718448550985499
0.0042671875000000001,10.333224347365789,33.718553460956613
0.00426875,10.333248550516783,33.718658409432159
0.0042703124999999998,10.333272764066264,33.718763396412513
0.0042718750000000005,10.333296988015983,33.718868421897326
0.0042734375000000003,10.333321222367621,33.718973485887098
0.0042750000000000002,10.333345467122868,33.719078588381841
0.0042765625,10.333369722283406,33.719183729381491
0.0042781249999999998,10.333393987850933,33.719288908886199
0.0042796875000000005,10.333418263827204,33.719394126896091
0.0042812500000000003,10.333442550213817,33.719499383411637
0.0042828125000000002,10.33346684701252,33.719604678432276
0.004284375,10.333491154224989,33.719710011958739
0.0042859374999999998,10.333515471852946,33.719815383990515
0.0042875000000000005,10.333539799898025,33.719920794528186
0.0042890625000000003,10.333564138361998,33.720026243571745
0.0042906250000000002,10.333588487246562,33.720131731121363
0.0042921875,10.333612846553351,33.720237257176819
0.0042937499999999998,10.333637216284126,33.720342821738434
0.0042953125000000005,10.333661596440535,33.720448424806285
0.0042968750000000003,10.333685987024325,33.720554066380558
0.0042984375000000002,10.333710388037124,33.720659746461457
0.0043,10.333734799480725,33.720765465048821
0.0043015624999999998,10.333759221356836,33.72087122214289
0.0043031250000000005,10.333783653667037,33.720977017743635
0.0043046875000000004,10.333808096413126,33.721082851851378
0.0043062500000000002,10.333832549596776,33.721188724466046
0.0043078125,10.333857013219749,33.721294635587888
0.0043093749999999998,10.333881487283669,33.721400585216969
0.0043109375000000005,10.333905971790283,33.721506573353174
0.0043125000000000004,10.333930466741309,33.721612599996895
0.0043140625000000002,10.333954972138446,33.721718665148217
0.004315625,10.333979487983376,33.721824768807068
0.0043171874999999998,10.334004014277825,33.721930910973605
0.0043187500000000005,10.334028551023522,33.722037091648062
0.0043203125000000004,10.334053098222148,33.722143310830404
0.0043218750000000002,10.334077655875404,33.722249568520908
0.0043234375,10.334102223984981,33.72235586471934
0.0043249999999999999,10.334126802552674,33.722462199426147
0.0043265625000000005,10.334151391580159,33.7225685726414
0.0043281250000000004,10.334175991069142,33.722674984365007
0.0043296875000000002,10.33420060102131,33.722781434597081
0.00433125,10.334225221438418,33.722887923337943
0.0043328124999999999,10.334249852322186,33.722994450587713
0.0043343750000000006,10.33427449367424,33.723101016346249
0.0043359375000000004,10.334299145496416,33.723207620613756
0.0043375000000000002,10.334323807790394,33.723314263390392
0.0043390625,10.334348480557804,33.723420944676342
0.0043406249999999999,10.334373163800475,33.723527664471476
0.0043421875000000006,10.334397857520075,33.723634422776044
0.0043437500000000004,10.334422561718393,33.723741219590039
0.0043453125000000002,10.334447276396954,33.723848054913702
0.004346875,10.334472001557721,33.723954928747226
0.0043484374999999999,10.334496737202283,33.724061841090631
0.0043500000000000006,10.334521483332358,33.724168791943889
0.0043515625000000004,10.334546239949738,33.724275781307213
0.0043531250000000002,10.334571007056041,33.724382809180533
0.0043546875000000001,10.334595784653104,33.724489875564281
0.0043562499999999999,10.334620572742564,33.724596980458458
0.0043578125000000006,10.334645371326188,33.724704123862985
0.0043593750000000004,10.334670180405695,33.724811305778161
0.0043609375000000002,10.3346949999828,33.724918526204057
0.0043625000000000001,10.334719830059244,33.725025785140822
0.0043640624999999999,10.334744670636772,33.725133082588414
0.0043656250000000006,10.334769521717055,33.725240418547067
0.0043671875000000004,10.334794383301851,33.725347793016695
0.0043687500000000002,10.334819255392897,33.725455205997754
0.0043703125000000001,10.334844137991915,33.725562657490066
0.0043718749999999999,10.334869031100684,33.725670147493645
0.0043734375000000006,10.334893934720819,33.725777676008917
0.0043750000000000004,10.334918848854164,33.725885243035982
0.0043765625000000002,10.334943773502371,33.72599284857457
0.0043781250000000001,10.33496870866723,33.726100492625235
0.0043796874999999999,10.334993654350438,33.726208175187722
0.0043812500000000006,10.335018610553771,33.726315896262442
0.0043828125000000004,10.335043577278958,33.726423655849239
0.0043843750000000003,10.335068554527643,33.726531453948525
0.0043859375000000001,10.335093542301667,33.726639290560016
0.0043874999999999999,10.335118540602775,33.726747165684131
0.0043890625000000006,10.335143549432569,33.726855079320856
0.0043906250000000004,10.335168568792959,33.726963031470355
0.0043921875000000003,10.335193598685537,33.727071022132641
0.0043937500000000001,10.335218639112114,33.727179051307907
0.0043953124999999999,10.335243690074474,33.727287118996301
0.0043968750000000006,10.335268751574265,33.727395225197689
0.0043984375000000004,10.335293823613265,33.727503369912341
0.0044000000000000003,10.335318906193255,33.727611553140655
0.0044015625000000001,10.335343999315905,33.72771977488221
0.0044031249999999999,10.335369102982945,33.727828035137449
0.0044046875000000006,10.335394217196257,33.72793633390642
0.0044062500000000004,10.335419341957458,33.72804467118906
0.0044078125000000003,10.335444477268336,33.728153046985796
0.0044093750000000001,10.335469623130589,33.72826146129654
0.0044109374999999999,10.335494779546046,33.72836991412148
0.0044125000000000006,10.335519946516426,33.7284784054605
0.0044140625000000005,10.335545124043438,33.728586935313977
0.0044156250000000003,10.335570312128777,33.728695503681941
0.0044171875000000001,10.335595510774317,33.728804110564553
0.0044187499999999999,10.335620719981756,33.728912755961765
0.0044203125000000006,10.335645939752855,33.729021439873819
0.0044218750000000005,10.335671170089338,33.729130162300756
0.0044234375000000003,10.335696410993004,33.729238923242541
0.0044250000000000001,10.335721662465494,33.729347722699615
0.0044265624999999999,10.335746924508683,33.729456560671942
0.0044281250000000006,10.33577219712428,33.729565437159621
0.0044296875000000005,10.335797480314035,33.729674352162796
0.0044312500000000003,10.335822774079659,33.729783305681437
0.0044328125000000001,10.335848078423014,33.729892297715779
0.0044343749999999999,10.335873393345727,33.730001328265935
0.0044359375000000006,10.335898718849649,33.730110397331941
0.0044375000000000005,10.33592405493644,33.730219504914032
0.0044390625000000003,10.335949401608,33.730328651012258
0.0044406250000000001,10.335974758865961,33.73043783562661
0.0044421875,10.336000126712173,33.730547058757089
0.0044437499999999998,10.336025505148328,33.730656320404307
0.0044453125000000005,10.336050894176152,33.730765620567986
0.0044468750000000003,10.336076293797499,33.730874959248325
0.0044484375000000001,10.336101704014094,33.730984336445623
0.00445,10.336127124827669,33.731093752159524
0.0044515624999999998,10.336152556240023,33.731203206390539
0.0044531250000000005,10.336177998252916,33.731312699138677
0.0044546875000000003,10.336203450868098,33.731422230404043
0.0044562500000000001,10.336228914087304,33.731531800186666
0.0044578125,10.336254387912353,33.731641408486659
0.0044593749999999998,10.336279872344999,33.73175105530435
0.0044609375000000005,10.336305367386982,33.731860740639618
0.0044625000000000003,10.336330873040048,33.731970464492633
0.0044640625000000001,10.336356389306044,33.732080226863651
0.004465625,10.336381916186683,33.732190027752544
0.0044671874999999998,10.33640745368368,33.732299867159711
0.0044687500000000005,10.336433001798952,33.732409745084887
0.0044703125000000003,10.336458560534121,33.732519661528407
0.0044718750000000002,10.33648412989103,33.732629616490549
0.0044734375,10.336509709871484,33.732739609970963
0.0044749999999999998,10.336535300477159,33.732849641970205
0.0044765625000000005,10.336560901709941,33.732959712488324
0.0044781250000000003,10.33658651357144,33.733069821525135
0.0044796875000000002,10.336612136063561,33.733179969081036
0.00448125,10.336637769188005,33.733290155155899
0.0044828124999999998,10.336663412946631,33.733400379750051
0.0044843750000000005,10.336689067341164,33.733510642863649
0.0044859375000000003,10.336714732373384,33.733620944496622
0.0044875000000000002,10.336740408045015,33.733731284649153
0.0044890625,10.336766094357959,33.733841663321257
0.0044906249999999998,10.336791791313845,33.733952080513177
0.0044921875000000005,10.33681749891455,33.734062536224982
0.0044937500000000003,10.336843217161805,33.73417303045683
0.0044953125000000002,10.336868946057466,33.734283563208685
0.004496875,10.336894685603236,33.734394134480866
0.0044984374999999998,10.33692043580089,33.734504744273337
0.0045000000000000005,10.33694619665223,33.734615392586278
0.0045015625000000004,10.33697196815908,33.734726079419808
0.0045031250000000002,10.33699775032315,33.734836804773977
0.0045046875,10.337023543146282,33.734947568649012
0.0045062499999999998,10.337049346630263,33.735058371044886
0.0045078125000000005,10.337075160776813,33.735169211961768
0.0045093750000000004,10.337100985587774,33.735280091399787
0.0045109375000000002,10.337126821064892,33.73539100935885
0.0045125,10.337152667209976,33.735501965839546
0.0045140624999999998,10.337178524024797,33.735612960841429
0.0045156250000000005,10.337204391511195,33.735723994365166
0.0045171875000000004,10.33723026967092,33.735835066410438
0.0045187500000000002,10.337256158505731,33.735946176977585
0.0045203125,10.337282058017447,33.736057326066472
0.0045218749999999999,10.33730796820789,33.736168513677548
0.0045234375000000005,10.337333889078741,33.736279739810776
0.0045250000000000004,10.33735982063191,33.736391004466199
0.0045265625000000002,10.33738576286915,33.736502307643939
0.004528125,10.337411715792225,33.736613649344228
0.0045296874999999999,10.337437679403038,33.736725029567182
0.0045312500000000006,10.337463653703209,33.736836448312729
0.0045328125000000004,10.337489638694635,33.73694790558114
0.0045343750000000002,10.337515634379104,33.737059401372505
0.0045359375,10.33754164075838,33.737170935686926
0.0045374999999999999,10.337567657834294,33.737282508524459
0.0045390625000000006,10.337593685608642,33.73739411988538
0.0045406250000000004,10.337619724083238,33.737505769769598
0.0045421875000000002,10.337645773259831,33.737617458177311
0.00454375,10.337671833140236,33.737729185108712
0.0045453124999999999,10.337697903726239,33.737840950563616
0.0045468750000000006,10.337723985019672,33.737952754542647
0.0045484375000000004,10.337750077022308,33.738064597045458
0.0045500000000000002,10.337776179735988,33.738176478072482
0.0045515625000000001,10.337802293162447,33.738288397623663
0.0045531249999999999,10.337828417303578,33.738400355699028
0.0045546875000000006,10.337854552161089,33.738512352298983
0.0045562500000000004,10.337880697736852,33.738624387423471
0.0045578125000000002,10.337906854032596,33.73873646107247
0.0045593750000000001,10.337933021050246,33.738848573246294
0.0045609374999999999,10.337959198791543,33.73896072394507
0.0045625000000000006,10.337985387258238,33.739072913168719
0.0045640625000000004,10.338011586452224,33.739185140917606
0.0045656250000000002,10.338037796375229,33.739297407191664
0.0045671875000000001,10.33806401702912,33.739409711991044
0.0045687499999999999,10.338090248415714,33.73952205531576
0.0045703125000000006,10.338116490536745,33.739634437166231
0.0045718750000000004,10.338142743394162,33.739746857542393
0.0045734375000000002,10.338169006989601,33.73985931644426
0.0045750000000000001,10.338195281325001,33.739971813872131
0.0045765624999999999,10.338221566402135,33.740084349826034
0.0045781250000000006,10.338247862222794,33.740196924305891
0.0045796875000000004,10.338274168788843,33.740309537312186
0.0045812500000000003,10.338300486101996,33.740422188844775
0.0045828125000000001,10.338326814164143,33.740534878903937
0.0045843749999999999,10.338353152977097,33.740647607489606
0.0045859375000000006,10.338379502542674,33.740760374602125
0.0045875000000000004,10.338405862862706,33.740873180241564
0.0045890625000000003,10.338432233938988,33.740986024407782
0.0045906250000000001,10.338458615773302,33.741098907101062
0.0045921874999999999,10.338485008367501,33.741211828321646
0.0045937500000000006,10.338511411723415,33.741324788069477
0.0045953125000000004,10.338537825842797,33.741437786344633
0.0045968750000000003,10.338564250727574,33.741550823147435
0.0045984375000000001,10.338590686379503,33.741663898477945
0.0045999999999999999,10.338617132800426,33.741777012336193
0.0046015625000000006,10.338643589992085,33.741890164722271
0.0046031250000000004,10.338670057956419,33.742003355636498
0.0046046875000000003,10.338696536695171,33.742116585078605
0.0046062500000000001,10.338723026210207,33.742229853049139
0.0046078124999999999,10.338749526503372,33.742343159547929
0.0046093750000000006,10.338776037576407,33.742456504575223
0.0046109375000000005,10.338802559431207,33.742569888131122
0.0046125000000000003,10.338829092069588,33.742683310215853
0.0046140625000000001,10.338855635493331,33.742796770829237
0.0046156249999999999,10.338882189704355,33.742910269971624
0.0046171875000000006,10.33890875470434,33.743023807643006
0.0046187500000000005,10.338935330495293,33.743137383843546
0.0046203125000000003,10.338961917078892,33.743250998573508
0.0046218750000000001,10.338988514457064,33.743364651832827
0.0046234374999999999,10.339015122631631,33.743478343621653
0.0046250000000000006,10.339041741604348,33.743592073940157
0.0046265625000000005,10.339068371377111,33.743705842788451
0.0046281250000000003,10.339095011951786,33.7438196501666
0.0046296875000000001,10.339121663330106,33.743933496074433
0.00463125,10.339148325513946,33.744047380512782
0.0046328125000000006,10.33917499850517,33.744161303481263
0.0046343750000000005,10.339201682305548,33.744275264980082
0.0046359375000000003,10.33922837691706,33.744389265009467
0.0046375000000000001,10.339255082341358,33.744503303569367
0.0046390625,10.339281798580426,33.74461738065984
0.0046406250000000007,10.339308525636035,33.744731496281325
0.0046421875000000005,10.33933526350995,33.74484565043366
0.0046437500000000003,10.33936201220417,33.744959843117087
0.0046453125000000001,10.339388771720396,33.745074074331583
0.004646875,10.339415542060552,33.745188344077619
0.0046484374999999998,10.339442323226379,33.745302652354859
0.0046500000000000005,10.339469115219845,33.745416999163837
0.0046515625000000003,10.339495918042749,33.745531384504254
0.0046531250000000001,10.339522731696885,33.74564580837648
0.0046546875,10.339549556184174,33.745760270780515
0.0046562499999999998,10.339576391506361,33.745874771716771
0.0046578125000000005,10.339603237665321,33.745989311185056
0.0046593750000000003,10.339630094663001,33.746103889185576
0.0046609375000000001,10.33965696250111,33.746218505718531
0.0046625,10.339683841181552,33.746333160783841
0.0046640624999999998,10.339710730706198,33.746447854381941
0.0046656250000000005,10.339737631076831,33.746562586512681
0.0046671875000000003,10.339764542295406,33.746677357176232
0.0046687500000000002,10.339791464363589,33.746792166372728
0.0046703125,10.339818397283432,33.746907014102305
0.0046718749999999998,10.339845341056657,33.747021900365191
0.0046734375000000005,10.339872295685142,33.747136825161299
0.0046750000000000003,10.339899261170739,33.747251788490871
0.0046765625000000002,10.339926237515362,33.747366790354086
0.004678125,10.339953224720759,33.747481830750942
0.0046796874999999998,10.339980222788878,33.747596909681597
0.0046812500000000005,10.340007231721485,33.747712027146122
0.0046828125000000003,10.340034251520485,33.7478271831447
0.0046843750000000002,10.340061282187717,33.74794237767761
0.0046859375,10.340088323725029,33.74805761074456
0.0046874999999999998,10.340115376134362,33.74817288234587
0.0046890625000000005,10.340142439417436,33.748288192481979
0.0046906250000000003,10.340169513576182,33.74840354115247
0.0046921875000000002,10.340196598612474,33.748518928357832
0.00469375,10.340223694528094,33.748634354098073
0.0046953124999999998,10.340250801325022,33.748749818373291
0.0046968750000000005,10.340277919004965,33.748865321183729
0.0046984375000000004,10.340305047569876,33.748980862529294
0.0047000000000000002,10.340332187021652,33.749096442410426
0.0047015625,10.340359337362111,33.749212060826807
0.0047031249999999998,10.340386498593086,33.74932771777884
0.0047046875000000005,10.340413670716481,33.74944341326664
0.0047062500000000004,10.340440853734155,33.749559147290284
0.0047078125000000002,10.34046804764794,33.749674919849888
0.004709375,10.340495252459716,33.749790730945627
0.0047109374999999998,10.34052246817137,33.74990658057758
0.0047125000000000005,10.340549694784748,33.75002246874579
0.0047140625000000004,10.340576932301719,33.750138395450577
0.0047156250000000002,10.340604180724135,33.750254360691777
0.0047171875,10.34063144005388,33.750370364469745
0.0047187499999999999,10.340658710292843,33.750486406784617
0.0047203125000000005,10.340685991442887,33.750602487636264
0.0047218750000000004,10.340713283505815,33.750718607025163
0.0047234375000000002,10.340740586483587,33.750834764951279
0.004725,10.340767900378006,33.750950961414581
0.0047265624999999999,10.340795225191023,33.751067196415313
0.0047281250000000006,10.340822560924437,33.751183469953631
0.0047296875000000004,10.340849907580157,33.751299782029527
0.0047312500000000002,10.340877265159993,33.751416132643371
0.0047328125,10.340904633665939,33.751532521795006
0.0047343749999999999,10.340932013099758,33.751648949484718
0.0047359375000000006,10.340959403463351,33.751765415712633
0.0047375000000000004,10.340986804758623,33.751881920478858
0.0047390625000000002,10.341014216987503,33.751998463783302
0.004740625,10.341041640151742,33.752115045626461
0.0047421874999999999,10.341069074253246,33.7522316660082
0.0047437500000000006,10.341096519293982,33.752348324928754
0.0047453125000000004,10.341123975275723,33.752465022388229
0.0047468750000000002,10.341151442200434,33.752581758386576
0.0047484375000000001,10.34117892006997,33.752698532924178
0.0047499999999999999,10.341206408886174,33.752815346001064
0.0047515625000000006,10.341233908650933,33.752932197617348
0.0047531250000000004,10.341261419366214,33.753049087773086
0.0047546875000000002,10.34128894103379,33.753166016468555
0.0047562500000000001,10.341316473655601,33.753282983703734
0.0047578124999999999,10.341344017233506,33.75339998947873
0.0047593750000000006,10.341371571769438,33.753517033793706
0.0047609375000000004,10.341399137265251,33.75363411664889
0.0047625000000000002,10.341426713722745,33.753751238044266
0.0047640625000000001,10.34145430114398,33.753868397980114
0.0047656249999999999,10.341481899530697,33.753985596456474
0.0047671875000000006,10.341509508884851,33.754102833473226
0.0047687500000000004,10.341537129208325,33.754220109030946
0.0047703125000000002,10.341564760502989,33.754337423129343
0.0047718750000000001,10.341592402770779,33.754454775768806
0.0047734374999999999,10.341620056013484,33.754572166949416
0.0047750000000000006,10.341647720233132,33.754689596671241
0.0047765625000000004,10.341675395431491,33.754807064934525
0.0047781250000000003,10.341703081610508,33.75492457173921
0.0047796875000000001,10.341730778772094,33.755042117085679
0.0047812499999999999,10.341758486918101,33.755159700973692
0.0047828125000000006,10.34178620605045,33.755277323403533
0.0047843750000000004,10.341813936171043,33.755394984375506
0.0047859375000000003,10.341841677281726,33.755512683889407
0.0047875000000000001,10.34186942938446,33.755630421945739
0.0047890624999999999,10.341897192481129,33.755748198544325
0.0047906250000000006,10.341924966573556,33.755866013685541
0.0047921875000000004,10.341952751663747,33.755983867369196
0.0047937500000000003,10.341980547753503,33.756101759595694
0.0047953125000000001,10.342008354844788,33.756219690364979
0.0047968749999999999,10.342036172939483,33.756337659677214
0.0047984375000000006,10.342064002039487,33.756455667532599
0.0048000000000000004,10.342091842146717,33.756573713931168
0.0048015625000000003,10.342119693262955,33.756691798873106
0.0048031250000000001,10.342147555390328,33.756809922358677
0.0048046874999999999,10.342175428530597,33.756928084387731
0.0048062500000000006,10.342203312685623,33.757046284960467
0.0048078125000000005,10.342231207857445,33.757164524077304
0.0048093750000000003,10.342259114047822,33.757282801737944
0.0048109375000000001,10.342287031258735,33.757401117942706
0.0048124999999999999,10.342314959492157,33.757519472691698
0.0048140625000000006,10.342342898749829,33.757637865984854
0.0048156250000000005,10.342370849033784,33.757756297822795
0.0048171875000000003,10.342398810345932,33.757874768205262
0.0048187500000000001,10.342426782688074,33.757993277132513
0.0048203124999999999,10.342454766062239,33.758111824604661
0.0048218750000000006,10.342482760470268,33.758230410621607
0.0048234375000000005,10.342510765914108,33.758349035183812
0.0048250000000000003,10.342538782395645,33.758467698291398
0.0048265625000000001,10.342566809916828,33.758586399944122
0.004828125,10.342594848479466,33.758705140142361
0.0048296875000000006,10.342622898085567,33.758823918886165
0.0048312500000000005,10.342650958737057,33.758942736175847
0.0048328125000000003,10.342679030435816,33.759061592011356
0.0048343750000000001,10.342707113183735,33.759180486392864
0.0048359375,10.342735206982713,33.759299419320676
0.0048375000000000007,10.342763311834776,33.75941839079443
0.0048390625000000005,10.342791427741707,33.759537400814828
0.0048406250000000003,10.342819554705539,33.759656449381673
0.0048421875000000001,10.342847692728093,33.759775536495134
0.00484375,10.342875841811342,33.759894662155233
0.0048453125000000007,10.342904001957148,33.760013826362361
0.0048468750000000005,10.342932173167549,33.760133029116517
0.0048484375000000003,10.342960355444319,33.76025227041773
0.0048500000000000001,10.342988548789492,33.760371550266399
0.0048515625,10.343016753204951,33.760490868662117
0.0048531249999999998,10.343044968692563,33.760610225605745
0.0048546875000000005,10.343073195254352,33.760729621096786
0.0048562500000000003,10.343101432892189,33.760849055135658
0.0048578125000000002,10.343129681607952,33.760968527722433
0.004859375,10.343157941403625,33.761088038857267
0.0048609374999999998,10.343186212281138,33.761207588540273
0.0048625000000000005,10.343214494242382,33.76132717677163
0.0048640625000000003,10.343242787289338,33.761446803551301
0.0048656250000000002,10.343271091423851,33.761566468879742
0.0048671875,10.343299406647898,33.761686172756562
0.0048687499999999998,10.343327732963433,33.761805915182244
0.0048703125000000005,10.343356070372302,33.761925696156979
0.0048718750000000003,10.3433844188765,33.762045515680718
0.0048734375000000002,10.343412778477949,33.762165373753604
0.004875,10.343441149178588,33.762285270375884
0.0048765624999999998,10.3434695309803,33.762405205547516
0.0048781250000000005,10.343497923885078,33.762525179268749
0.0048796875000000003,10.343526327894841,33.762645191539704
0.0048812500000000002,10.343554743011497,33.762765242360508
0.0048828125,10.343583169236945,33.762885331731233
0.0048843749999999998,10.343611606573234,33.763005459652049
0.0048859375000000005,10.343640055022135,33.763125626123191
0.0048875000000000004,10.343668514585756,33.763245831144687
0.0048890625000000002,10.34369698526595,33.763366074716494
0.004890625,10.34372546706466,33.763486356838911
0.0048921874999999998,10.343753959983783,33.763606677512257
0.0048937500000000005,10.343782464025329,33.763727036736441
0.0048953125000000004,10.343810979191158,33.763847434511426
0.0048968750000000002,10.343839505483327,33.763967870837682
0.0048984375,10.343868042903676,33.764088345715095
0.0048999999999999998,10.343896591454129,33.764208859144041
0.0049015625000000005,10.343925151136785,33.764329411124329
0.0049031250000000004,10.34395372195336,33.764450001656328
0.0049046875000000002,10.34398230390592,33.764570630740103
0.00490625,10.344010896996492,33.76469129837578
0.0049078124999999998,10.344039501226789,33.764812004563417
0.0049093750000000005,10.344068116598972,33.764932749303284
0.0049109375000000004,10.3440967431149,33.76505353259536
0.0049125000000000002,10.344125380776497,33.765174354439992
0.0049140625,10.3441540295858,33.765295214837103
0.0049156249999999999,10.34418268954464,33.76541611378692
0.0049171875000000006,10.344211360655031,33.765537051289456
0.0049187500000000004,10.344240042918914,33.765658027345019
0.0049203125000000002,10.344268736338206,33.765779041953621
0.004921875,10.344297440914904,33.765900095115391
0.0049234374999999999,10.34432615665091,33.766021186830592
0.0049250000000000006,10.344354883548176,33.766142317099231
0.0049265625000000004,10.344383621608747,33.766263485921321
0.0049281250000000002,10.344412370834471,33.766384693297134
0.0049296875,10.344441131227349,33.766505939227159
0.0049312499999999999,10.344469902789326,33.766627223710771
0.0049328125000000006,10.344498685522286,33.766748546748772
0.0049343750000000004,10.344527479428249,33.766869908340915
0.0049359375000000002,10.344556284509254,33.766991308487434
0.0049375,10.344585100767107,33.76711274718842
0.0049390624999999999,10.344613928203838,33.767234224444103
0.0049406250000000006,10.344642766821412,33.767355740254487
0.0049421875000000004,10.34467161662171,33.767477294619773
0.0049437500000000002,10.344700477606823,33.767598887540274
0.0049453125000000001,10.344729349778603,33.76772051901586
0.0049468749999999999,10.344758233139029,33.76784218904664
0.0049484375000000006,10.344787127690076,33.767963897632988
0.0049500000000000004,10.344816033433672,33.76808564477475
0.0049515625000000002,10.344844950371867,33.768207430472437
0.0049531250000000001,10.344873878506485,33.768329254725764
0.0049546874999999999,10.344902817839648,33.768451117535058
0.0049562500000000006,10.34493176837319,33.76857301890049
0.0049578125000000004,10.344960730109129,33.768694958822344
0.0049593750000000002,10.344989703049395,33.768816937300166
0.0049609375000000001,10.345018687195999,33.768938954334679
0.0049624999999999999,10.345047682550968,33.769061009925913
0.0049640625000000006,10.345076689116055,33.769183104073811
0.0049656250000000004,10.345105706893401,33.76930523677845
0.0049671875000000002,10.345134735884965,33.769427408040322
0.0049687500000000001,10.345163776092638,33.769549617859212
0.0049703124999999999,10.345192827518481,33.769671866235313
0.0049718750000000006,10.345221890164385,33.769794153168924
0.0049734375000000004,10.345250964032349,33.769916478660193
0.0049750000000000003,10.345280049124352,33.770038842709049
0.0049765625000000001,10.345309145442366,33.77016124531572
0.0049781249999999999,10.345338252988281,33.770283686480262
0.0049796875000000006,10.345367371764247,33.770406166202925
0.0049812500000000004,10.345396501772099,33.770528684483992
0.0049828125000000003,10.345425643013787,33.770651241323179
0.0049843750000000001,10.34545479549138,33.770773836720998
0.0049859374999999999,10.345483959206856,33.770896470677258
0.0049875000000000006,10.345513134162056,33.771019143192326
0.0049890625000000004,10.345542320359113,33.771141854266354
0.0049906250000000003,10.345571517799915,33.771264603899382
0.0049921875000000001,10.345600726486486,33.771387392091597
0.0049937499999999999,10.345629946420784,33.771510218842927
0.0049953125000000006,10.345659177604794,33.771633084153706
0.0049968750000000004,10.345688420040462,33.771755988024076
0.0049984375000000003,10.345717673729778,33.771878930454335
0.0050000000000000001,10.345746938674763,33.772001911443994
0.0050015624999999999,10.345776214877391,33.772124930993854
0.0050031250000000006,10.345805502339596,33.772247989104017
0.0050046875000000005,10.345834801063374,33.772371085773941
0.0050062500000000003,10.345864111050728,33.772494221004408
0.0050078125000000001,10.345893432303656,33.772617394795482
0.0050093749999999999,10.345922764824142,33.772740607147092
0.0050109375000000006,10.345952108614121,33.772863858059388
0.0050125000000000005,10.345981463675614,33.772987147532604
0.0050140625000000003,10.3460108300106,33.773110475566988
0.0050156250000000001,10.346040207621051,33.773233842162441
0.0050171874999999999,10.346069596509015,33.773357247319268
0.0050187500000000006,10.34609899667643,33.77348069103747
0.0050203125000000005,10.346128408125281,33.773604173317267
0.0050218750000000003,10.346157830857578,33.773727694158637
0.0050234375000000001,10.346187264875255,33.773851253561929
0.005025,10.346216710180361,33.773974851527264
0.0050265625000000006,10.346246166774934,33.774098488054584
0.0050281250000000005,10.346275634660833,33.774222163144195
0.0050296875000000003,10.346305113840149,33.774345876796225
0.0050312500000000001,10.346334604314846,33.774469629010767
0.0050328125,10.346364106086966,33.774593419787799
0.0050343750000000007,10.346393619158388,33.774717249127832
0.0050359375000000005,10.346423143531219,33.77484111703064
0.0050375000000000003,10.346452679207404,33.774965023496627
0.0050390625000000001,10.346482226188915,33.775088968525687
0.005040625,10.34651178447781,33.775212952118288
0.0050421875000000007,10.346541354076065,33.775336974274147
0.0050437500000000005,10.346570934985666,33.775461034993612
0.0050453125000000003,10.346600527208583,33.775585134276902
0.0050468750000000001,10.346630130746835,33.775709272124033
0.0050484375,10.346659745602508,33.775833448535252
0.0050500000000000007,10.346689371777515,33.775957663510511
0.0050515625000000005,10.346719009273825,33.77608191704995
0.0050531250000000003,10.346748658093491,33.776206209154132
0.0050546875000000002,10.346778318238567,33.776330539822659
0.00505625,10.346807989710918,33.776454909055765
0.0050578125000000007,10.346837672512697,33.776579316853827
0.0050593750000000005,10.346867366645794,33.776703763216808
0.0050609375000000003,10.346897072112279,33.776828248145065
0.0050625000000000002,10.346926788914127,33.77695277163842
0.0050640625,10.346956517053366,33.777077333697278
0.0050656249999999998,10.346986256532018,33.777201934321596
0.0050671875000000005,10.347016007352025,33.77732657351148
0.0050687500000000003,10.347045769515454,33.777451251267131
0.0050703125000000002,10.347075543024264,33.777575967588817
0.005071875,10.347105327880499,33.777700722476482
0.0050734374999999998,10.347135124086218,33.777825515930473
0.0050750000000000005,10.347164931643261,33.777950347950707
0.0050765625000000003,10.34719475055384,33.778075218537396
0.0050781250000000002,10.347224580819876,33.778200127690766
0.0050796875,10.34725442244341,33.778325075410805
0.0050812499999999998,10.347284275426365,33.778450061697697
0.0050828125000000005,10.347314139770894,33.778575086551804
0.0050843750000000004,10.347344015478875,33.77870014997297
0.0050859375000000002,10.347373902552413,33.778825251961536
0.0050875,10.347403800993513,33.778950392517409
0.0050890624999999998,10.347433710804152,33.779075571640931
0.0050906250000000005,10.347463631986384,33.779200789332101
0.0050921875000000004,10.347493564542177,33.779326045591134
0.0050937500000000002,10.347523508473607,33.779451340418255
0.0050953125,10.347553463782685,33.779576673813402
0.0050968749999999998,10.347583430471415,33.779702045776922
0.0050984375000000005,10.347613408541791,33.779827456308752
0.0051000000000000004,10.34764339799581,33.779952905409168
0.0051015625000000002,10.347673398835617,33.780078393078348
0.005103125,10.347703411063117,33.780203919316314
0.0051046874999999999,10.347733434680407,33.78032948412325
0.0051062500000000005,10.347763469689477,33.78045508749927
0.0051078125000000004,10.347793516092329,33.78058072944453
0.0051093750000000002,10.347823573891015,33.780706409959059
0.0051109375,10.34785364308755,33.780832129043283
0.0051124999999999999,10.347883723683964,33.780957886697244
0.0051140625000000006,10.347913815682256,33.781083682920965
0.0051156250000000004,10.34794391908448,33.781209517714537
0.0051171875000000002,10.347974033892685,33.781335391078102
0.00511875,10.348004160108884,33.78146130301203
0.0051203124999999999,10.348034297735072,33.781587253516285
0.0051218750000000006,10.348064446773298,33.781713242590968
0.0051234375000000004,10.348094607225576,33.781839270236404
0.0051250000000000002,10.34812477909399,33.781965336452494
0.0051265625,10.348154962380585,33.782091441239686
0.0051281249999999999,10.348185157087253,33.782217584597809
0.0051296875000000006,10.348215363216163,33.782343766527255
0.0051312500000000004,10.348245580769268,33.782469987027724
0.0051328125000000002,10.348275809748701,33.782596246100042
0.005134375,10.348306050156365,33.782722543743766
0.0051359374999999999,10.348336301994401,33.782848879959225
0.0051375000000000006,10.348366565264797,33.782975254746702
0.0051390625000000004,10.348396839969579,33.783101668106127
0.0051406250000000002,10.348427126110824,33.783228120037876
0.0051421875000000001,10.348457423690544,33.783354610541899
0.0051437499999999999,10.348487732710758,33.783481139618331
0.0051453125000000006,10.348518053173523,33.783607707267336
0.0051468750000000004,10.348548385080898,33.783734313489113
0.0051484375000000002,10.348578728434905,33.783860958283945
0.0051500000000000001,10.348609083237564,33.783987641651692
0.0051515624999999999,10.348639449490973,33.784114363592487
0.0051531250000000006,10.348669827197124,33.784241124106799
0.0051546875000000004,10.348700216358058,33.784367923194509
0.0051562500000000002,10.348730616975836,33.784494760855672
0.0051578125000000001,10.348761029052527,33.784621637090673
0.0051593749999999999,10.348791452590087,33.784748551899511
0.0051609375000000006,10.348821887590649,33.784875505282365
0.0051625000000000004,10.348852334056241,33.78500249723951
0.0051640625000000002,10.348882791988885,33.785129527770799
0.0051656250000000001,10.348913261390653,33.785256596876643
0.0051671874999999999,10.348943742263584,33.785383704556985
0.0051687500000000006,10.348974234609731,33.785510850812109
0.0051703125000000004,10.349004738431086,33.785638035642172
0.0051718750000000003,10.349035253729761,33.785765259047004
0.0051734375000000001,10.3490657805078,33.785892521027264
0.0051749999999999999,10.349096318767229,33.786019821582663
0.0051765625000000006,10.349126868510135,33.786147160713597
0.0051781250000000004,10.349157429738522,33.786274538420024
0.0051796875000000003,10.349188002454481,33.786401954702299
0.0051812500000000001,10.349218586660063,33.786529409560259
0.0051828124999999999,10.349249182357289,33.786656902994295
0.0051843750000000006,10.349279789548227,33.786784435004662
0.0051859375000000004,10.349310408234969,33.786912005591198
0.0051875000000000003,10.349341038419496,33.787039614754171
0.0051890625000000001,10.349371680103902,33.787167262493639
0.0051906249999999999,10.349402333290316,33.787294948809986
0.0051921875000000006,10.349432997980673,33.787422673703041
0.0051937500000000004,10.349463674177109,33.787550437173103
0.0051953125000000003,10.349494361881666,33.787678239220533
0.0051968750000000001,10.349525061096374,33.787806079845119
0.0051984374999999999,10.349555771823375,33.78793395904713
0.0052000000000000006,10.349586494064562,33.788061876826781
0.0052015625000000005,10.349617227822183,33.78818983318407
0.0052031250000000003,10.349647973098177,33.788317828119411
0.0052046875000000001,10.34967872989467,33.78844586163261
0.0052062499999999999,10.349709498213739,33.788573933724052
0.0052078125000000006,10.349740278057354,33.788702044393858
0.0052093750000000005,10.349771069427691,33.788830193642021
0.0052109375000000003,10.349801872326713,33.788958381468809
0.0052125000000000001,10.349832686756553,33.789086607874161
0.0052140624999999999,10.349863512719262,33.789214872858594
0.0052156250000000006,10.349894350216905,33.789343176421916
0.0052171875000000005,10.349925199251564,33.78947151856454
0.0052187500000000003,10.349956059825265,33.789599899286401
0.0052203125000000001,10.349986931940085,33.789728318587827
0.005221875,10.35001781559812,33.789856776468746
0.0052234375000000006,10.350048710801424,33.789985272929442
0.0052250000000000005,10.350079617552106,33.790113807969902
0.0052265625000000003,10.350110535852133,33.790242381590701
0.0052281250000000001,10.350141465703686,33.790370993791313
0.0052296875,10.35017240710885,33.790499644572634
0.0052312500000000007,10.3502033600696,33.790628333934237
0.0052328125000000005,10.350234324588047,33.790757061876462
0.0052343750000000003,10.350265300666265,33.790885828399468
0.0052359375000000001,10.350296288306339,33.791014633503423
0.0052375,10.350327287510336,33.791143477188328
0.0052390625000000007,10.350358298280403,33.791272359454538
0.0052406250000000005,10.350389320618516,33.791401280302097
0.0052421875000000003,10.350420354526781,33.791530239731053
0.0052437500000000001,10.350451400007257,33.791659237741705
0.0052453125,10.350482457062066,33.791788274334245
0.0052468750000000007,10.350513525693286,33.791917349508417
0.0052484375000000005,10.350544605902973,33.792046463264853
0.0052500000000000003,10.350575697693168,33.792175615603547
0.0052515625000000002,10.350606801066036,33.792304806524598
0.005253125,10.350637916023667,33.792434036028013
0.0052546875000000007,10.350669042568043,33.792563304114388
0.0052562500000000005,10.350700180701295,33.792692610783455
0.0052578125000000003,10.350731330425537,33.792821956035255
0.0052593750000000002,10.350762491742824,33.792951339870363
0.0052609375,10.350793664655237,33.793080762288746
0.0052625000000000007,10.350824849164878,33.793210223290409
0.0052640625000000005,10.350856045273822,33.793339722875587
0.0052656250000000003,10.350887252984105,33.793469261044578
0.0052671875000000002,10.350918472297908,33.793598837797362
0.00526875,10.350949703217307,33.793728453134044
0.0052703124999999998,10.35098094574432,33.79385810705503
0.0052718750000000005,10.351012199881128,33.793987799560014
0.0052734375000000003,10.351043465629681,33.794117530649501
0.0052750000000000002,10.351074742992198,33.794247300323697
0.0052765625,10.351106031970753,33.794377108582538
0.0052781249999999998,10.351137332567397,33.794506955426144
0.0052796875000000005,10.351168644784252,33.794636840854814
0.0052812500000000004,10.351199968623373,33.794766764868783
0.0052828125000000002,10.35123130408688,33.794896727467858
0.005284375,10.35126265117688,33.79502672865253
0.0052859374999999998,10.351294009895465,33.795156768422665
0.0052875000000000005,10.351325380244669,33.795286846778644
0.0052890625000000004,10.351356762226724,33.795416963720555
0.0052906250000000002,10.351388155843551,33.795547119248425
0.0052921875,10.351419561097373,33.795677313362617
0.0052937499999999998,10.351450977990252,33.795807546063067
0.0052953125000000005,10.351482406524289,33.795937817349923
0.0052968750000000004,10.351513846701547,33.796068127223307
0.0052984375000000002,10.351545298524202,33.796198475683767
0.0053,10.351576761994261,33.796328862731158
0.0053015624999999999,10.351608237113943,33.796459288365504
0.0053031250000000005,10.351639723885182,33.796589752587103
0.0053046875000000004,10.351671222310275,33.796720255396018
0.0053062500000000002,10.351702732391157,33.79685079679259
0.0053078125,10.35173425413001,33.796981376776678
0.0053093749999999999,10.351765787528995,33.797111995348679
0.0053109375000000006,10.351797332590069,33.79724265250875
0.0053125000000000004,10.351828889315488,33.797373348256713
0.0053140625000000002,10.351860457707266,33.797504082593115
0.005315625,10.351892037767522,33.79763485551792
0.0053171874999999999,10.351923629498398,33.797765667031321
0.0053187500000000006,10.351955232901924,33.797896517133488
0.0053203125000000004,10.35198684798034,33.798027405824364
0.0053218750000000002,10.352018474735637,33.79815833310446
0.0053234375,10.35205011316995,33.798289298973522
0.0053249999999999999,10.352081763285465,33.798420303432003
0.0053265625000000006,10.352113425084168,33.798551346480032
0.0053281250000000004,10.352145098568249,33.798682428117694
0.0053296875000000002,10.352176783739829,33.798813548344782
0.0053312500000000001,10.35220848060097,33.798944707162086
0.0053328124999999999,10.352240189153827,33.799075904569378
0.0053343750000000006,10.35227190940048,33.799207140566892
0.0053359375000000004,10.352303641343093,33.799338415154878
0.0053375000000000002,10.352335384983746,33.799469728333342
0.0053390625000000001,10.352367140324537,33.799601080102448
0.0053406249999999999,10.352398907367641,33.799732470462132
0.0053421875000000006,10.35243068611514,33.799863899413147
0.0053437500000000004,10.352462476569134,33.799995366955152
0.0053453125000000002,10.352494278731763,33.800126873088502
0.0053468750000000001,10.352526092605105,33.800258417813311
0.0053484374999999999,10.352557918191373,33.800390001129543
0.0053500000000000006,10.352589755492625,33.800521623037397
0.0053515625000000004,10.352621604510965,33.800653283537365
0.0053531250000000002,10.352653465248592,33.800784982629331
0.0053546875000000001,10.352685337707481,33.800916720313445
0.0053562499999999999,10.352717221889899,33.801048496589779
0.0053578125000000006,10.352749117797964,33.801180311458744
0.0053593750000000004,10.35278102543368,33.801312164920311
0.0053609375000000003,10.352812944799282,33.801444056974596
0.0053625000000000001,10.352844875896871,33.801575987621881
0.0053640624999999999,10.352876818728541,33.801707956862217
0.0053656250000000006,10.352908773296438,33.801839964695901
0.0053671875000000004,10.352940739602669,33.801972011122828
0.0053687500000000003,10.352972717649394,33.802104096143324
0.0053703125000000001,10.353004707438773,33.802236219757511
0.0053718749999999999,10.353036708972859,33.802368381965579
0.0053734375000000006,10.353068722253781,33.802500582767507
0.0053750000000000004,10.353100747283731,33.802632822163758
0.0053765625000000003,10.353132784064833,33.802765100154431
0.0053781250000000001,10.353164832599187,33.802897416739278
0.0053796874999999999,10.353196892888931,33.803029771918801
0.0053812500000000006,10.353228964936161,33.80316216569318
0.0053828125000000004,10.353261048743084,33.803294598062593
0.0053843750000000003,10.353293144311793,33.803427069026839
0.0053859375000000001,10.353325251644433,33.803559578586359
0.0053874999999999999,10.35335737074314,33.803692126741403
0.0053890625000000006,10.353389501610069,33.803824713491657
0.0053906250000000005,10.353421644247298,33.803957338837797
0.0053921875000000003,10.353453798657021,33.804090002779908
0.0053937500000000001,10.353485964841349,33.804222705317684
0.0053953124999999999,10.353518142802441,33.804355446451744
0.0053968750000000006,10.353550332542396,33.804488226182187
0.0053984375000000005,10.353582534063392,33.804621044509041
0.0054000000000000003,10.353614747367548,33.804753901432271
0.0054015625000000001,10.353646972456994,33.804886796952424
0.0054031249999999999,10.353679209333906,33.805019731069549
0.0054046875000000006,10.353711458000397,33.805152703783563
0.0054062500000000005,10.353743718458661,33.80528571509489
0.0054078125000000003,10.353775990710798,33.805418765003708
0.0054093750000000001,10.353808274758929,33.805551853509947
0.0054109374999999999,10.353840570605255,33.805684980613755
0.0054125000000000006,10.353872878251851,33.805818146315573
0.0054140625000000005,10.353905197700962,33.805951350615295
0.0054156250000000003,10.353937528954656,33.806084593513006
0.0054171875000000001,10.353969872015076,33.806217875009253
0.00541875,10.354002226884397,33.80635119510378
0.0054203125000000007,10.354034593564792,33.806484553796935
0.0054218750000000005,10.354066972058382,33.806617951088846
0.0054234375000000003,10.354099362367288,33.806751386979727
0.0054250000000000001,10.354131764493738,33.806884861469634
0.0054265625,10.354164178439767,33.807018374558652
0.0054281250000000007,10.354196604207599,33.807151926247172
0.0054296875000000005,10.354229041799464,33.807285516535281
0.0054312500000000003,10.354261491217381,33.807419145423005
0.0054328125000000001,10.354293952463573,33.807552812910551
0.005434375,10.354326425540117,33.807686518998082
0.0054359375000000007,10.354358910449287,33.807820263685805
0.0054375000000000005,10.35439140719317,33.807954046973855
0.0054390625000000003,10.3544239157739,33.808087868862309
0.0054406250000000001,10.354456436193667,33.808221729351317
0.0054421875,10.354488968454659,33.80835562844112
0.0054437500000000007,10.354521512558961,33.808489566131982
0.0054453125000000005,10.354554068508786,33.808623542423824
0.0054468750000000003,10.354586636306262,33.808757557316873
0.0054484375000000002,10.354619215953601,33.8088916108115
0.00545,10.354651807452887,33.809025702907476
0.0054515625000000007,10.354684410806266,33.809159833605236
0.0054531250000000005,10.354717026016079,33.809294002904906
0.0054546875000000003,10.354749653084294,33.80942821080658
0.0054562500000000002,10.354782292013136,33.80956245731025
0.0054578125,10.35481494280477,33.809696742416456
0.0054593750000000007,10.354847605461359,33.809831066125135
0.0054609375000000005,10.354880279985068,33.809965428436541
0.0054625000000000003,10.354912966378064,33.81009982935052
0.0054640625000000002,10.354945664642544,33.810234268867688
0.005465625,10.354978374780639,33.810368746987827
0.0054671875000000007,10.355011096794513,33.810503263711084
0.0054687500000000005,10.355043830686355,33.810637819038014
0.0054703125000000003,10.355076576458277,33.810772412968518
0.0054718750000000002,10.355109334112546,33.810907045502745
0.0054734375,10.355142103651257,33.811041716640929
0.0054749999999999998,10.355174885076568,33.811176426383028
0.0054765625000000005,10.355207678390757,33.811311174729461
0.0054781250000000004,10.355240483595853,33.811445961680164
0.0054796875000000002,10.355273300694094,33.811580787235521
0.00548125,10.355306129687721,33.811715651395595
0.0054828124999999998,10.355338970578785,33.811850554160415
0.0054843750000000005,10.355371823369513,33.811985495530266
0.0054859375000000004,10.355404688062112,33.812120475505168
0.0054875000000000002,10.355437564658724,33.812255494085541
0.0054890625,10.355470453161525,33.812390551271271
0.0054906249999999998,10.355503353572674,33.812525647062699
0.0054921875000000005,10.355536265894367,33.812660781460018
0.0054937500000000004,10.355569190128801,33.812795954463141
0.0054953125000000002,10.355602126278175,33.812931166072431
0.005496875,10.355635074344557,33.813066416288038
0.0054984374999999999,10.355668034330282,33.813201705109982
0.0055000000000000005,10.355701006237364,33.813337032538641
0.0055015625000000004,10.355733990068083,33.813472398574035
0.0055031250000000002,10.355766985824694,33.813607803216279
0.0055046875,10.355799993509162,33.813743246465556
0.0055062499999999999,10.355833013123851,33.813878728322059
0.0055078125000000006,10.355866044670918,33.814014248786059
0.0055093750000000004,10.355899088152462,33.81414980785754
0.0055109375000000002,10.355932143570804,33.814285405536637
0.0055125,10.355965210927939,33.814421041823621
0.0055140624999999999,10.355998290226246,33.81455671671862
0.0055156250000000006,10.356031381467799,33.814692430221825
0.0055171875000000004,10.356064484654862,33.814828182333478
0.0055187500000000002,10.356097599789587,33.814963973053409
0.0055203125,10.356130726874071,33.815099802382207
0.0055218749999999999,10.356163865910583,33.815235670319709
0.0055234375000000006,10.356197016901357,33.815371576866127
0.0055250000000000004,10.356230179848517,33.815507522021761
0.0055265625000000002,10.356263354754311,33.815643505786703
0.0055281250000000001,10.356296541620884,33.815779528161094
0.0055296874999999999,10.356329740450423,33.815915589145227
0.0055312500000000006,10.35636295124514,33.816051688738952
0.0055328125000000004,10.356396174007259,33.816187826942659
0.0055343750000000002,10.356429408738876,33.816324003756499
0.0055359375000000001,10.356462655442304,33.81646021918062
0.0055374999999999999,10.356495914119632,33.816596473215
0.0055390625000000006,10.35652918477316,33.816732765860159
0.0055406250000000004,10.356562467405048,33.816869097116019
0.0055421875000000002,10.356595762017424,33.817005466982636
0.0055437500000000001,10.356629068612575,33.81714187546045
0.0055453124999999999,10.356662387192632,33.817278322549441
0.0055468750000000006,10.356695717759862,33.817414808249872
0.0055484375000000004,10.356729060316376,33.817551332561806
0.0055500000000000002,10.356762414864455,33.817687895485591
0.0055515625000000001,10.356795781406257,33.817824497021078
0.0055531249999999999,10.356829159944041,33.817961137168545
0.0055546875000000006,10.356862550479903,33.818097815928269
0.0055562500000000004,10.356895953016164,33.818234533300334
0.0055578125000000003,10.356929367554949,33.81837128928511
0.0055593750000000001,10.356962794098489,33.818508083882264
0.0055609374999999999,10.356996232648983,33.818644917092428
0.0055625000000000006,10.357029683208605,33.818781788915523
0.0055640625000000004,10.357063145779653,33.818918699351869
0.0055656250000000003,10.357096620364207,33.819055648401523
0.0055671875000000001,10.357130106964595,33.819192636064557
0.0055687499999999999,10.357163605582945,33.819329662341254
0.0055703125000000006,10.35719711622148,33.81946672723187
0.0055718750000000004,10.357230638882418,33.819603830736256
0.0055734375000000003,10.357264173567986,33.819740972855094
0.0055750000000000001,10.357297720280391,33.819878153588022
0.0055765624999999999,10.357331279021812,33.820015372935416
0.0055781250000000006,10.357364849794466,33.82015263089756
0.0055796875000000004,10.35739843260059,33.820289927474441
0.0055812500000000003,10.357432027442403,33.820427262666108
0.0055828125000000001,10.357465634322056,33.820564636473073
0.0055843749999999999,10.357499253241853,33.820702048895178
0.0055859375000000006,10.357532884203934,33.820839499932752
0.0055875000000000005,10.357566527210523,33.820976989586001
0.0055890625000000003,10.357600182263917,33.821114517855058
0.0055906250000000001,10.357633849366234,33.821252084739911
0.0055921874999999999,10.357667528519732,33.821389690240899
0.0055937500000000006,10.357701219726634,33.821527334358159
0.0055953125000000005,10.357734922989112,33.821665017091824
0.0055968750000000003,10.357768638309462,33.821802738442123
0.0055984375000000001,10.357802365689858,33.821940498408985
0.0055999999999999999,10.357836105132506,33.822078296992963
0.0056015625000000006,10.357869856639644,33.822216134193972
0.0056031250000000005,10.357903620213511,33.822354010012155
0.0056046875000000003,10.357937395856279,33.822491924447853
0.0056062500000000001,10.357971183570262,33.822629877500958
0.0056078125,10.358004983357565,33.82276786917204
0.0056093750000000006,10.358038795220539,33.822905899460821
0.0056109375000000005,10.358072619161282,33.823043968367642
0.0056125000000000003,10.358106455182124,33.823182075892746
0.0056140625000000001,10.358140303285245,33.823320222036308
0.005615625,10.35817416347286,33.823458406798196
0.0056171875000000007,10.358208035747188,33.823596630178947
0.0056187500000000005,10.358241920110489,33.823734892178756
0.0056203125000000003,10.358275816565019,33.823873192797294
0.0056218750000000001,10.358309725112914,33.824011532035165
0.0056234375,10.358343645756472,33.824149909892604
0.0056250000000000007,10.358377578497922,33.824288326369512
0.0056265625000000005,10.358411523339479,33.82442678146603
0.0056281250000000003,10.358445480283383,33.824565275182422
0.0056296875000000001,10.358479449331876,33.82470380751888
0.00563125,10.3585134304871,33.824842378475523
0.0056328125000000007,10.358547423751444,33.824980988052516
0.0056343750000000005,10.35858142912701,33.825119636250093
0.0056359375000000003,10.358615446616144,33.825258323068411
0.0056375000000000001,10.358649476220947,33.825397048507654
0.0056390625,10.358683517943776,33.825535812567715
0.0056406250000000007,10.358717571786791,33.825674615249326
0.0056421875000000005,10.358751637752308,33.825813456552055
0.0056437500000000003,10.358785715842425,33.825952336476277
0.0056453125000000002,10.35881980605957,33.826091255022249
0.005646875,10.358853908405829,33.826230212190104
0.0056484375000000007,10.35888802288348,33.826369207979972
0.0056500000000000005,10.358922149494827,33.826508242392116
0.0056515625000000003,10.358956288242041,33.826647315426627
0.0056531250000000002,10.358990439127361,33.826786427083618
0.0056546875,10.359024602153069,33.826925577363376
0.0056562500000000007,10.359058777321403,33.827064766265892
0.0056578125000000005,10.359092964634542,33.8272039937915
0.0056593750000000003,10.359127164094842,33.827343259940292
0.0056609375000000002,10.359161375704444,33.827482564712369
0.0056625,10.359195599465661,33.827621908108014
0.0056640625000000007,10.359229835380708,33.827761290127526
0.0056656250000000005,10.359264083451858,33.827900710770741
0.0056671875000000003,10.359298343681296,33.828040170038165
0.0056687500000000002,10.359332616071326,33.828179667929675
0.0056703125,10.359366900624158,33.828319204445506
0.0056718750000000007,10.359401197342098,33.828458779585837
0.0056734375000000005,10.359435506227365,33.828598393351221
0.0056750000000000004,10.359469827282174,33.82873804574109
0.0056765625000000002,10.35950416050887,33.828877736756176
0.005678125,10.359538505909603,33.829017466396458
0.0056796874999999998,10.35957286348663,33.829157234662098
0.0056812500000000005,10.359607233242256,33.829297041553367
0.0056828125000000004,10.359641615178758,33.829436887070322
0.0056843750000000002,10.359676009298328,33.829576771213191
0.0056859375,10.359710415603255,33.829716693982007
0.0056874999999999998,10.35974483409575,33.829856655377021
0.0056890625000000005,10.359779264778092,33.82999665539861
0.0056906250000000004,10.359813707652572,33.830136694046608
0.0056921875000000002,10.359848162721379,33.830276771321358
0.00569375,10.359882629986844,33.830416887222981
0.0056953124999999999,10.359917109451192,33.83055704175171
0.0056968750000000005,10.359951601116663,33.830697234907753
0.0056984375000000004,10.359986104985543,33.830837466691122
0.0057000000000000002,10.360020621060135,33.830977737102216
0.0057015625,10.360055149342585,33.831118046140851
0.0057031249999999999,10.360089689835196,33.83125839380736
0.0057046875000000006,10.360124242540339,33.831398780102248
0.0057062500000000004,10.36015880746015,33.831539205025116
0.0057078125000000002,10.360193384596917,33.831679668576569
0.005709375,10.360227973952961,33.831820170756494
0.0057109374999999999,10.360262575530472,33.831960711565237
0.0057125000000000006,10.360297189331733,33.832101291002964
0.0057140625000000004,10.360331815359045,33.832241909069666
0.0057156250000000002,10.36036645361466,33.832382565765819
0.0057171875,10.360401104100831,33.832523261091303
0.0057187499999999999,10.360435766819853,33.832663995046389
0.0057203125000000006,10.360470441773961,33.83280476763138
0.0057218750000000004,10.360505128965372,33.832945578846171
0.0057234375000000002,10.360539828396535,33.833086428691075
0.0057250000000000001,10.360574540069567,33.833227317166525
0.0057265624999999999,10.36060926398679,33.833368244272357
0.0057281250000000006,10.360644000150417,33.833509210008614
0.0057296875000000004,10.360678748562805,33.833650214375815
0.0057312500000000002,10.360713509226148,33.833791257374038
0.0057328125000000001,10.360748282142845,33.833932339003255
0.0057343749999999999,10.360783067315028,33.834073459263962
0.0057359375000000006,10.360817864745021,33.834214618156011
0.0057375000000000004,10.360852674435103,33.834355815680041
0.0057390625000000002,10.360887496387612,33.834497051835612
0.0057406250000000001,10.360922330604705,33.834638326623285
0.0057421874999999999,10.360957177088777,33.834779640043145
0.0057437500000000006,10.360992035841997,33.834920992095391
0.0057453125000000004,10.361026906866659,33.835062382780016
0.0057468750000000002,10.361061790165159,33.835203812097362
0.0057484375000000001,10.361096685739668,33.83534528004764
0.0057499999999999999,10.361131593592491,33.835486786630796
0.0057515625000000006,10.361166513725889,33.835628331847566
0.0057531250000000004,10.361201446142161,33.835769915697327
0.0057546875000000003,10.361236390843645,33.835911538180753
0.0057562500000000001,10.361271347832554,33.836053199297922
0.0057578124999999999,10.361306317111188,33.83619489904909
0.0057593750000000006,10.361341298681802,33.836336637434194
0.0057609375000000004,10.361376292546726,33.836478414453552
0.0057625000000000003,10.361411298708258,33.836620230107421
0.0057640625000000001,10.361446317168609,33.836762084395716
0.0057656249999999999,10.361481347930164,33.83690397731894
0.0057671875000000006,10.361516390995115,33.837045908877137
0.0057687500000000004,10.361551446365828,33.837187879070413
0.0057703125000000003,10.361586514044543,33.837329887898939
0.0057718750000000001,10.36162159403359,33.8374719353628
0.0057734374999999999,10.361656686335166,33.837614021462272
0.0057750000000000006,10.361691790951667,33.837756146197741
0.0057765625000000004,10.361726907885339,33.83789830956902
0.0057781250000000003,10.361762037138472,33.838040511576658
0.0057796875000000001,10.361797178713386,33.838182752220462
0.0057812499999999999,10.361832332612318,33.83832503150078
0.0057828125000000006,10.36186749883762,33.838467349417861
0.0057843750000000005,10.361902677391562,33.838609705971649
0.0057859375000000003,10.361937868276405,33.838752101162584
0.0057875000000000001,10.36197307149453,33.838894534990779
0.0057890624999999999,10.362008287048127,33.839037007456113
0.0057906250000000006,10.362043514939543,33.839179518559177
0.0057921875000000005,10.362078755171131,33.839322068299765
0.0057937500000000003,10.362114007745079,33.839464656678381
0.0057953125000000001,10.362149272663764,33.839607283694924
0.0057968749999999999,10.362184549929445,33.839749949349859
0.0057984375000000006,10.362219839544458,33.839892653643098
0.0058000000000000005,10.362255141511081,33.840035396575097
0.0058015625000000003,10.362290455831598,33.840178178145742
0.0058031250000000001,10.362325782508343,33.840320998355381
0.0058046875,10.362361121543604,33.840463857204135
0.0058062500000000006,10.362396472939688,33.840606754692182
0.0058078125000000005,10.362431836698885,33.840749690819692
0.0058093750000000003,10.362467212823514,33.840892665586757
0.0058109375000000001,10.362502601315873,33.841035678993514
0.0058125,10.362538002178225,33.84117873104055
0.0058140625000000007,10.362573415412985,33.841321821727647
0.0058156250000000005,10.362608841022391,33.84146495105503
0.0058171875000000003,10.362644279008677,33.841608119023
0.0058187500000000001,10.362679729374328,33.841751325631698
0.0058203125,10.362715192121492,33.841894570881145
0.0058218750000000007,10.362750667252513,33.842037854771817
0.0058234375000000005,10.362786154769772,33.842181177303623
0.0058250000000000003,10.362821654675514,33.842324538476653
0.0058265625000000001,10.362857166972042,33.842467938291442
0.005828125,10.362892691661745,33.842611376747975
0.0058296875000000007,10.36292822874678,33.842754853846351
0.0058312500000000005,10.362963778229647,33.842898369586969
0.0058328125000000003,10.362999340112562,33.843041923969793
0.0058343750000000002,10.363034914397844,33.84318551699505
0.0058359375,10.363070501087849,33.843329148662896
0.0058375000000000007,10.363106100184753,33.843472818973574
0.0058390625000000005,10.363141711691069,33.843616527927288
0.0058406250000000003,10.363177335608988,33.843760275524204
0.0058421875000000002,10.363212971940881,33.843904061764391
0.00584375,10.363248620688992,33.844047886648156
0.0058453125000000007,10.363284281855741,33.844191750175533
0.0058468750000000005,10.363319955443394,33.844335652346928
0.0058484375000000003,10.363355641454252,33.844479593162184
0.0058500000000000002,10.363391339890688,33.844623572621956
0.0058515625,10.36342705075498,33.844767590725979
0.0058531250000000007,10.363462774049447,33.844911647474468
0.0058546875000000005,10.363498509776445,33.845055742867849
0.0058562500000000003,10.363534257938268,33.845199876906136
0.0058578125000000002,10.363570018537207,33.845344049589542
0.005859375,10.363605791575658,33.84548826091828
0.0058609375000000007,10.363641577055946,33.845632510892386
0.0058625000000000005,10.363677374980353,33.845776799512315
0.0058640625000000004,10.363713185351189,33.845921126777888
0.0058656250000000002,10.363749008170844,33.846065492689554
0.0058671875,10.363784843441609,33.846209897247512
0.0058687500000000007,10.363820691165778,33.846354340451725
0.0058703125000000005,10.363856551345716,33.846498822302614
0.0058718750000000004,10.36389242398376,33.846643342800064
0.0058734375000000002,10.363928309082251,33.846787901944495
0.005875,10.36396420664348,33.846932499736091
0.0058765625000000007,10.364000116669787,33.847077136174832
0.0058781250000000005,10.364036039163528,33.847221811261001
0.0058796875000000004,10.364071974126997,33.847366524994861
0.0058812500000000002,10.364107921562541,33.847511277376491
0.0058828125,10.364143881472527,33.847656068406167
0.0058843749999999998,10.364179853859229,33.847800898083932
0.0058859375000000005,10.364215838725084,33.847945766410078
0.0058875000000000004,10.364251836072308,33.848090673384718
0.0058890625000000002,10.364287845903259,33.848235619008008
0.005890625,10.364323868220316,33.848380603280212
0.0058921874999999999,10.36435990302582,33.84852562620155
0.0058937500000000006,10.364395950322082,33.848670687771929
0.0058953125000000004,10.364432010111461,33.848815787991903
0.0058968750000000002,10.364468082396256,33.84896092686143
0.0058984375,10.364504167178888,33.849106104380823
0.0058999999999999999,10.364540264461599,33.849251320550025
0.0059015625000000006,10.364576374246765,33.849396575369418
0.0059031250000000004,10.36461249653672,33.849541868839218
0.0059046875000000002,10.364648631333875,33.849687200959472
0.00590625,10.364684778640495,33.849832571730452
0.0059078124999999999,10.364720938458953,33.849977981152144
0.0059093750000000006,10.364757110791574,33.850123429224915
0.0059109375000000004,10.364793295640753,33.850268915949073
0.0059125000000000002,10.364829493008759,33.850414441324517
0.0059140625,10.364865702897992,33.850560005351525
0.0059156249999999999,10.364901925310766,33.850705608030353
0.0059171875000000006,10.364938160249455,33.850851249361156
0.0059187500000000004,10.364974407716444,33.850996929344127
0.0059203125000000002,10.365010667713973,33.851142647979415
0.0059218750000000001,10.365046940244509,33.851288405267127
0.0059234374999999999,10.365083225310292,33.85143420120751
0.0059250000000000006,10.365119522913735,33.851580035800609
0.0059265625000000004,10.365155833057244,33.851725909047119
0.0059281250000000002,10.365192155743035,33.851871820946641
0.0059296875000000001,10.365228490973536,33.852017771499668
0.0059312499999999999,10.365264838751123,33.852163760706048
0.0059328125000000006,10.365301199078113,33.852309788566444
0.0059343750000000004,10.365337571956832,33.852455855080677
0.0059359375000000002,10.365373957389762,33.852601960249046
0.0059375000000000001,10.365410355379074,33.852748104071772
0.0059390624999999999,10.365446765927247,33.852894286548953
0.0059406250000000006,10.365483189036606,33.85304050768093
0.0059421875000000004,10.365519624709538,33.853186767467719
0.0059437500000000002,10.365556072948285,33.853333065909467
0.0059453125000000001,10.365592533755379,33.853479403006638
0.0059468749999999999,10.365629007133043,33.853625778758968
0.0059484375000000006,10.365665493083695,33.853772193167053
0.0059500000000000004,10.365701991609733,33.853918646230888
0.0059515625000000003,10.365738502713405,33.854065137950677
0.0059531250000000001,10.365775026397172,33.854211668326748
0.0059546874999999999,10.365811562663396,33.85435823735903
0.0059562500000000006,10.365848111514371,33.85450484504787
0.0059578125000000004,10.365884672952493,33.854651491393518
0.0059593750000000003,10.365921246980083,33.854798176395811
0.0059609375000000001,10.365957833599666,33.854944900055337
0.0059624999999999999,10.365994432813411,33.855091662372047
0.0059640625000000006,10.366031044623721,33.855238463346041
0.0059656250000000004,10.366067669033042,33.855385302977922
0.0059671875000000003,10.366104306043754,33.855532181267449
0.0059687500000000001,10.366140955658148,33.85567909821517
0.0059703124999999999,10.366177617878616,33.855826053820813
0.0059718750000000006,10.36621429270753,33.855973048084977
0.0059734375000000004,10.36625098014728,33.856120081007688
0.0059750000000000003,10.366287680200177,33.856267152588956
0.0059765625000000001,10.366324392868687,33.856414262829205
0.0059781249999999999,10.366361118155071,33.856561411728649
0.0059796875000000006,10.366397856061761,33.85670859928738
0.0059812500000000005,10.366434606591131,33.856855825505598
0.0059828125000000003,10.366471369745572,33.857003090383344
0.0059843750000000001,10.366508145527433,33.857150393920982
0.0059859374999999999,10.366544933939059,33.857297736118561
0.0059875000000000006,10.366581734982882,33.857445116976464
0.0059890625000000005,10.366618548661258,33.85759253649487
0.0059906250000000003,10.366655374976558,33.857739994673665
0.0059921875000000001,10.366692213931124,33.857887491513289
0.0059937499999999999,10.366729065527355,33.858035027013898
0.0059953125000000006,10.366765929767698,33.858182601175606
0.0059968750000000005,10.366802806654428,33.858330213998656
0.0059984375000000003,10.366839696190004,33.858477865483138
0.0060000000000000001,10.366876598376781,33.858625555629374
0.0060015625,10.366913513217119,33.858773284437447
0.0060031250000000006,10.366950440713433,33.858921051907679
0.0060046875000000005,10.366987380868034,33.85906885804016
0.0060062500000000003,10.367024333683409,33.859216702834992
0.0060078125000000001,10.367061299161877,33.85936458629255
0.006009375,10.367098277305796,33.859512508412891
0.0060109375000000007,10.367135268117668,33.859660469196193
0.0060125000000000005,10.367172271599708,33.859808468642726
0.0060140625000000003,10.367209287754427,33.85995650675261
0.0060156250000000001,10.367246316584229,33.860104583526095
0.0060171875,10.367283358091376,33.860252698963272
0.0060187500000000007,10.367320412278362,33.860400853064284
0.0060203125000000005,10.367357479147559,33.860549045829686
0.0060218750000000003,10.367394558701299,33.860697277259234
0.0060234375000000001,10.367431650942054,33.860845547353335
0.006025,10.367468755872141,33.860993856112174
0.0060265625000000007,10.367505873494018,33.861142203535771
0.0060281250000000005,10.367543003809962,33.861290589624488
0.0060296875000000003,10.367580146822501,33.861439014378469
0.0060312500000000002,10.367617302533978,33.861587477797798
0.0060328125,10.367654470946748,33.861735979882987
0.0060343750000000007,10.36769165206328,33.861884520633801
0.0060359375000000005,10.367728845885898,33.862033100050688
0.0060375000000000003,10.367766052417032,33.862181718133705
0.0060390625000000002,10.367803271659037,33.862330374883129
0.006040625,10.36784050361436,33.862479070299131
0.0060421875000000007,10.367877748285379,33.862627804381766
0.0060437500000000005,10.367915005674499,33.862776577131505
0.0060453125000000003,10.367952275784109,33.862925388548362
0.0060468750000000002,10.367989558616625,33.863074238632613
0.0060484375,10.368026854174417,33.863223127384302
0.0060500000000000007,10.368064162459916,33.863372054803691
0.0060515625000000005,10.368101483475515,33.863521020890879
0.0060531250000000003,10.36813881722356,33.863670025646265
0.0060546875000000002,10.368176163706522,33.86381906906999
0.00605625,10.368213522926808,33.863968151162041
0.0060578125000000007,10.368250894886765,33.864117271922872
0.0060593750000000005,10.36828827958886,33.864266431352384
0.0060609375000000004,10.368325677035426,33.86441562945091
0.0060625000000000002,10.368363087228968,33.864564866218956
0.0060640625,10.368400510171762,33.864714141656158
0.0060656250000000007,10.368437945866297,33.864863455762986
0.0060671875000000005,10.368475394314993,33.865012808539682
0.0060687500000000004,10.36851285552026,33.865162199986315
0.0060703125000000002,10.368550329484421,33.865311630103008
0.006071875,10.36858781620994,33.865461098890229
0.0060734375000000007,10.368625315699253,33.865610606347893
0.0060750000000000005,10.368662827954745,33.865760152476255
0.0060765625000000004,10.368700352978829,33.865909737275658
0.0060781250000000002,10.368737890773927,33.866059360746178
0.0060796875,10.368775441342413,33.866209022888178
0.0060812500000000007,10.368813004686764,33.866358723701396
0.0060828125000000005,10.368850580809351,33.866508463186506
0.0060843750000000004,10.368888169712593,33.866658241343281
0.0060859375000000002,10.368925771398837,33.866808058172381
0.0060875,10.368963385870625,33.866957913673652
0.0060890625000000007,10.369001013130299,33.867107807847248
0.0060906250000000006,10.369038653180306,33.867257740693773
0.0060921875000000004,10.369076306023036,33.867407712213002
0.0060937500000000002,10.369113971660893,33.867557722405216
0.0060953125,10.369151650096381,33.867707771270801
0.0060968749999999999,10.369189341331799,33.867857858809771
0.0060984375000000006,10.36922704536966,33.868007985022096
0.0061000000000000004,10.369264762212314,33.868158149908588
0.0061015625000000002,10.369302491862292,33.868308353468748
0.006103125,10.369340234321873,33.868458595703359
0.0061046874999999999,10.369377989593549,33.868608876612171
0.0061062500000000006,10.369415757679763,33.868759196195718
0.0061078125000000004,10.369453538582915,33.868909554453928
0.0061093750000000002,10.369491332305421,33.869059951387158
0.0061109375,10.369529138849687,33.869210386995441
0.0061124999999999999,10.369566958218208,33.869360861279191
0.0061140625000000006,10.369604790413367,33.869511374238314
0.0061156250000000004,10.369642635437595,33.869661925873416
0.0061171875000000002,10.369680493293234,33.869812516184368
0.0061187500000000001,10.369718363982942,33.869963145171283
0.0061203124999999999,10.369756247508908,33.870113812834674
0.0061218750000000006,10.369794143873653,33.870264519174448
0.0061234375000000004,10.369832053079653,33.870415264190981
0.0061250000000000002,10.369869975129227,33.870566047884431
0.0061265625000000001,10.369907910024921,33.870716870254917
0.0061281249999999999,10.369945857769077,33.870867731302646
0.0061296875000000006,10.369983818364187,33.871018631027958
0.0061312500000000004,10.370021791812629,33.871169569430883
0.0061328125000000002,10.370059778116888,33.871320546511669
0.0061343750000000001,10.370097777279391,33.871471562270287
0.0061359374999999999,10.37013578930255,33.871622616707448
0.0061375000000000006,10.370173814188833,33.871773709822989
0.0061390625000000004,10.37021185194067,33.871924841617165
0.0061406250000000002,10.370249902560438,33.872076012090204
0.0061421875000000001,10.370287966050602,33.872227221242255
0.0061437499999999999,10.370326042413641,33.87237846907346
0.0061453125000000006,10.370364131651973,33.872529755584047
0.0061468750000000004,10.370402233768017,33.87268108077452
0.0061484375000000003,10.370440348764237,33.872832444644445
0.0061500000000000001,10.370478476643076,33.872983847194568
0.0061515624999999999,10.370516617406956,33.873135288424756
0.0061531250000000006,10.370554771058297,33.873286768335397
0.0061546875000000004,10.370592937599646,33.873438286926685
0.0061562500000000003,10.37063111703328,33.87358984419879
0.0061578125000000001,10.370669309361773,33.873741440151711
0.0061593749999999999,10.370707514587513,33.87389307478589
0.0061609375000000006,10.370745732712987,33.874044748101525
0.0061625000000000004,10.370783963740559,33.874196460098609
0.0061640625000000003,10.370822207672793,33.874348210777512
0.0061656250000000001,10.370860464512019,33.874500000138319
0.0061671874999999999,10.370898734260775,33.874651828181349
0.0061687500000000006,10.370937016921438,33.874803694906689
0.0061703125000000004,10.370975312496508,33.874955600314578
0.0061718750000000003,10.371013620988396,33.875107544405147
0.0061734375000000001,10.37105194239955,33.875259527178692
0.0061749999999999999,10.371090276732494,33.875411548635363
0.0061765625000000006,10.371128623989604,33.875563608775401
0.0061781250000000005,10.37116698417335,33.875715707598928
0.0061796875000000003,10.371205357286163,33.875867845106157
0.0061812500000000001,10.371243743330542,33.876020021297386
0.0061828124999999999,10.371282142308878,33.876172236172856
0.0061843750000000006,10.371320554223724,33.876324489732497
0.0061859375000000005,10.371358979077444,33.876476781976457
0.0061875000000000003,10.371397416872529,33.876629112905363
0.0061890625000000001,10.371435867611416,33.876781482519178
0.0061906249999999999,10.371474331296589,33.876933890817902
0.0061921875000000006,10.371512807930532,33.877086337802176
0.0061937500000000005,10.371551297515595,33.87723882347187
0.0061953125000000003,10.371589800054352,33.877391347827164
0.0061968750000000001,10.371628315549177,33.877543910868525
0.0061984375,10.371666844002581,33.87769651259601
0.0062000000000000006,10.371705385417023,33.877849153009642
0.0062015625000000005,10.371743939794975,33.87800183210976
0.0062031250000000003,10.371782507138864,33.878154549896635
0.0062046875000000001,10.371821087451075,33.878307306370509
0.00620625,10.37185968073425,33.878460101531182
0.0062078125000000007,10.371898286990762,33.87861293537928
0.0062093750000000005,10.371936906223056,33.878765807914846
0.0062109375000000003,10.371975538433601,33.878918719138134
0.0062125000000000001,10.372014183624891,33.879071669049324
0.0062140625,10.372052841799341,33.879224657648692
0.0062156250000000007,10.372091512959491,33.879377684936188
0.0062171875000000005,10.372130197107763,33.879530750912139
0.0062187500000000003,10.372168894246609,33.879683855576907
0.0062203125000000001,10.372207604378564,33.879836998930529
0.006221875,10.372246327506012,33.879990180973138
0.0062234375000000007,10.372285063631537,33.880143401705119
0.0062250000000000005,10.372323812757459,33.880296661126444
0.0062265625000000003,10.37236257488634,33.88044995923768
0.0062281250000000002,10.372401350020663,33.880603296038572
0.0062296875,10.372440138162844,33.880756671529582
0.0062312500000000007,10.372478939315393,33.880910085710845
0.0062328125000000005,10.372517753480821,33.881063538582623
0.0062343750000000003,10.37255658066154,33.881217030145116
0.0062359375000000002,10.372595420860016,33.881370560398508
0.0062375,10.372634274078774,33.881524129342914
0.0062390625000000007,10.37267314032024,33.881677736978588
0.0062406250000000005,10.372712019586965,33.881831383305745
0.0062421875000000003,10.372750911881335,33.88198506832456
0.0062437500000000002,10.372789817205916,33.882138792035398
0.0062453125,10.372828735563138,33.882292554438287
0.0062468750000000007,10.372867666955454,33.882446355533382
0.0062484375000000005,10.372906611385387,33.882600195320961
0.0062500000000000003,10.372945568855416,33.882754073801244
0.0062515625000000002,10.372984539368002,33.882907990974374
0.006253125,10.373023522925596,33.883061946840655
0.0062546875000000007,10.373062519530777,33.88321594140011
0.0062562500000000005,10.373101529185917,33.883369974653192
0.0062578125000000004,10.373140551893574,33.883524046599931
0.0062593750000000002,10.373179587656269,33.883678157240524
0.0062609375,10.373218636476336,33.883832306575229
0.0062625000000000007,10.373257698356404,33.883986494604173
0.0062640625000000005,10.373296773298904,33.884140721327753
0.0062656250000000004,10.37333586130633,33.884294986745964
0.0062671875000000002,10.373374962381162,33.884449290859173
0.00626875,10.373414076525854,33.884603633667332
0.0062703125000000007,10.373453203742985,33.884758015170881
0.0062718750000000005,10.373492344034959,33.884912435369941
0.0062734375000000004,10.373531497404313,33.88506689426459
0.0062750000000000002,10.373570663853526,33.885221391855225
0.0062765625,10.373609843385058,33.885375928141933
0.0062781250000000007,10.373649036001447,33.885530503124983
0.0062796875000000005,10.373688241705159,33.885685116804673
0.0062812500000000004,10.373727460498701,33.885839769181047
0.0062828125000000002,10.373766692384496,33.885994460254423
0.006284375,10.373805937365146,33.886149190024646
0.0062859375000000007,10.373845195443124,33.886303958492483
0.0062875000000000006,10.373884466620886,33.886458765657871
0.0062890625000000004,10.373923750900943,33.886613611520929
0.0062906250000000002,10.373963048285828,33.88676849608175
0.0062921875,10.37400235877794,33.886923419341038
0.0062937500000000007,10.374041682379858,33.887078381298608
0.0062953125000000006,10.374081019094096,33.887233381954637
0.0062968750000000004,10.374120368923077,33.88738842130951
0.0062984375000000002,10.374159731869362,33.88754349936336
0.0063,10.374199107935404,33.887698616116325
0.0063015624999999999,10.374238497123798,33.887853771568714
0.0063031250000000006,10.374277899436908,33.888008965720616
0.0063046875000000004,10.374317314877336,33.88816419857217
0.0063062500000000002,10.374356743447574,33.888319470123996
0.0063078125000000001,10.374396185150086,33.888474780375887
0.0063093749999999999,10.374435639987393,33.888630129328249
0.0063109375000000006,10.374475107961988,33.888785516981081
0.0063125000000000004,10.374514589076421,33.888940943334973
0.0063140625000000002,10.374554083333186,33.889096408389719
0.0063156250000000001,10.374593590734747,33.889251912145589
0.0063171874999999999,10.374633111283707,33.889407454602853
0.0063187500000000006,10.374672644982383,33.889563035762009
0.0063203125000000004,10.374712191833474,33.889718655622907
0.0063218750000000002,10.374751751839403,33.889874314185768
0.0063234375000000001,10.374791325002697,33.890030011450939
0.0063249999999999999,10.37483091132588,33.890185747418542
0.0063265625000000006,10.374870510811453,33.890341522088832
0.0063281250000000004,10.374910123461907,33.890497335462022
0.0063296875000000002,10.374949749279795,33.890653187538156
0.0063312500000000001,10.374989388267554,33.890809078317609
0.0063328124999999999,10.375029040427791,33.890965007800695
0.0063343750000000006,10.375068705763004,33.891120975987306
0.0063359375000000004,10.375108384275634,33.891276982877812
0.0063375000000000003,10.37514807596826,33.891433028472584
0.0063390625000000001,10.37518778084341,33.891589112771577
0.0063406249999999999,10.375227498903561,33.891745235775012
0.0063421875000000006,10.375267230151199,33.891901397483267
0.0063437500000000004,10.375306974588923,33.892057597896567
0.0063453125000000003,10.375346732219187,33.892213837014872
0.0063468750000000001,10.375386503044554,33.892370114838435
0.0063484374999999999,10.37542628706754,33.892526431367756
0.0063500000000000006,10.375466084290577,33.892682786602677
0.0063515625000000004,10.375505894716325,33.892839180543582
0.0063531250000000003,10.375545718347272,33.892995613190628
0.0063546875000000001,10.375585555185843,33.893152084544234
0.0063562499999999999,10.375625405234691,33.893308594604278
0.0063578125000000006,10.375665268496226,33.893465143371166
0.0063593750000000004,10.375705144973042,33.893621730844977
0.0063609375000000003,10.375745034667652,33.893778357026065
0.0063625000000000001,10.375784937582571,33.893935021914636
0.0063640624999999999,10.375824853720303,33.894091725510748
0.0063656250000000006,10.375864783083411,33.894248467814847
0.0063671875000000005,10.375904725674436,33.894405248826914
0.0063687500000000003,10.375944681495817,33.89456206854738
0.0063703125000000001,10.375984650550205,33.894718926976033
0.0063718749999999999,10.376024632840068,33.894875824113377
0.0063734375000000006,10.376064628367894,33.895032759959946
0.0063750000000000005,10.376104637136276,33.895189734515434
0.0063765625000000003,10.37614465914775,33.895346747780117
0.0063781250000000001,10.376184694404763,33.895503799754287
0.0063796874999999999,10.376224742909979,33.895660890438386
0.0063812500000000006,10.376264804665832,33.895818019832291
0.0063828125000000005,10.376304879674839,33.895975187936223
0.0063843750000000003,10.376344967939604,33.896132394750623
0.0063859375000000001,10.376385069462716,33.896289640275633
0.0063874999999999999,10.376425184246523,33.896446924511331
0.0063890625000000006,10.376465312293734,33.896604247458036
0.0063906250000000005,10.376505453606793,33.896761609116012
0.0063921875000000003,10.376545608188263,33.896919009485316
0.0063937500000000001,10.376585776040672,33.897076448566125
0.0063953125,10.376625957166601,33.897233926358751
0.0063968750000000007,10.376666151568532,33.89739144286365
0.0063984375000000005,10.376706359249038,33.897548998080573
0.0064000000000000003,10.376746580210659,33.897706592009996
0.0064015625000000001,10.376786814455913,33.897864224652224
0.006403125,10.376827061987328,33.898021896007208
0.0064046875000000007,10.37686732280755,33.898179606075104
0.0064062500000000005,10.376907596918999,33.898337354856565
0.0064078125000000003,10.376947884324288,33.898495142351393
0.0064093750000000001,10.376988185025919,33.898652968559823
0.0064109375,10.377028499026469,33.89881083348245
0.0064125000000000007,10.377068826328468,33.898968737119056
0.0064140625000000005,10.377109166934487,33.899126679470086
0.0064156250000000003,10.377149520846991,33.899284660535585
0.0064171875000000001,10.377189888068663,33.899442680315794
0.00641875,10.377230268601927,33.899600738811117
0.0064203125000000007,10.377270662449387,33.899758836021704
0.0064218750000000005,10.377311069613592,33.89991697194769
0.0064234375000000003,10.377351490097098,33.900075146589018
0.0064250000000000002,10.377391923902433,33.900233359946554
0.0064265625,10.377432371032166,33.900391612019853
0.0064281250000000007,10.377472831488845,33.900549902809587
0.0064296875000000005,10.377513305274993,33.900708232315658
0.0064312500000000003,10.377553792393174,33.900866600538571
0.0064328125000000002,10.377594292845959,33.901025007478331
0.006434375,10.377634806635966,33.901183453135054
0.0064359375000000007,10.377675333765632,33.901341937509152
0.0064375000000000005,10.377715874237547,33.901500460600843
0.0064390625000000003,10.377756428054305,33.901659022410279
0.0064406250000000002,10.377796995218487,33.90181762293777
0.0064421875,10.377837575732546,33.901976262183133
0.0064437500000000007,10.377878169599072,33.902134940147029
0.0064453125000000005,10.377918776820671,33.902293656829563
0.0064468750000000003,10.377959397399881,33.902452412230872
0.0064484375000000002,10.378000031339276,33.902611206351288
0.00645,10.378040678641399,33.902770039190955
0.0064515625000000007,10.378081339308803,33.902928910750042
0.0064531250000000005,10.378122013344054,33.903087821028699
0.0064546875000000004,10.378162700749742,33.903246770027266
0.0064562500000000002,10.378203401528372,33.903405757746022
0.0064578125,10.378244115682618,33.90356478418488
0.0064593750000000007,10.378284843214892,33.903723849344424
0.0064609375000000005,10.378325584127824,33.903882953224745
0.0064625000000000004,10.378366338424057,33.904042095825943
0.0064640625000000002,10.37840710610608,33.904201277148424
0.006465625,10.378447887176456,33.904360497192194
0.0064671875000000007,10.378488681637769,33.904519755957608
0.0064687500000000005,10.378529489492571,33.904679053444632
0.0064703125000000004,10.378570310743475,33.904838389653882
0.0064718750000000002,10.378611145393016,33.904997764585417
0.0064734375,10.378651993443682,33.905157178239371
0.0064750000000000007,10.378692854898262,33.905316630615879
0.0064765625000000005,10.378733729759139,33.905476121715466
0.0064781250000000004,10.378774618028965,33.905635651537899
0.0064796875000000002,10.378815519710217,33.905795220083689
0.00648125,10.378856434805602,33.905954827353398
0.0064828125000000007,10.378897363317627,33.90611447334647
0.0064843750000000006,10.378938305248868,33.906274158063574
0.0064859375000000004,10.378979260601868,33.906433881505052
0.0064875000000000002,10.379020229379234,33.906593643670689
0.0064890625,10.379061211583561,33.906753444561012
0.0064906250000000007,10.379102207217418,33.906913284176206
0.0064921875000000006,10.379143216283374,33.907073162516447
0.0064937500000000004,10.379184238783997,33.907233079582099
0.0064953125000000002,10.379225274721875,33.907393035372927
0.006496875,10.379266324099595,33.907553029889606
0.0064984375000000007,10.379307386919731,33.907713063132185
0.0065000000000000006,10.379348463184819,33.907873135100935
0.0065015625000000004,10.379389552897525,33.908033245795892
0.0065031250000000002,10.379430656060384,33.908193395217616
0.0065046875000000001,10.379471772675954,33.908353583366001
0.0065062499999999999,10.37951290274686,33.908513810241438
0.0065078125000000006,10.379554046275695,33.908674075843933
0.0065093750000000004,10.379595203264977,33.90883438017412
0.0065109375000000002,10.379636373717368,33.9089947232318
0.0065125000000000001,10.379677557635379,33.90915510501749
0.0065140624999999999,10.379718755021695,33.909315525531113
0.0065156250000000006,10.379759965878806,33.909475984773081
0.0065171875000000004,10.379801190209337,33.909636482743622
0.0065187500000000002,10.379842428015904,33.909797019442912
0.0065203125000000001,10.379883679300995,33.909957594871074
0.0065218749999999999,10.379924944067325,33.910118209028496
0.0065234375000000006,10.379966222317432,33.910278861915351
0.0065250000000000004,10.380007514053897,33.910439553531717
0.0065265625000000002,10.380048819279326,33.91060028387794
0.0065281250000000001,10.380090137996298,33.910761052954257
0.0065296874999999999,10.380131470207369,33.910921860760837
0.0065312500000000006,10.380172815915255,33.911082707297865
0.0065328125000000004,10.380214175122406,33.911243592565661
0.0065343750000000003,10.380255547831508,33.911404516564261
0.0065359375000000001,10.380296934045083,33.911565479294197
0.0065374999999999999,10.38033833376581,33.911726480755448
0.0065390625000000006,10.380379746996256,33.911887520948213
0.0065406250000000004,10.380421173738982,33.912048599872719
0.0065421875000000003,10.38046261399661,33.912209717529457
0.0065437500000000001,10.380504067771723,33.912370873918384
0.0065453124999999999,10.380545535066972,33.912532069039678
0.0065468750000000006,10.380587015884894,33.912693302893736
0.0065484375000000004,10.380628510228123,33.912854575480679
0.0065500000000000003,10.380670018099227,33.913015886800743
0.0065515625000000001,10.380711539500853,33.913177236854139
0.0065531249999999999,10.380753074435562,33.913338625641138
0.0065546875000000006,10.38079462290597,33.913500053161918
0.0065562500000000004,10.380836184914717,33.913661519416713
0.0065578125000000003,10.380877760464355,33.913823024405652
0.0065593750000000001,10.380919349557491,33.913984568129088
0.0065609374999999999,10.380960952196759,33.914146150587165
0.0065625000000000006,10.381002568384753,33.914307771780159
0.0065640625000000005,10.381044198124073,33.914469431708319
0.0065656250000000003,10.38108584141734,33.914631130371859
0.0065671875000000001,10.381127498267171,33.914792867770892
0.0065687499999999999,10.381169168676115,33.914954643905567
0.0065703125000000006,10.381210852646831,33.915116458776559
0.0065718750000000005,10.38125255018188,33.915278312383414
0.0065734375000000003,10.381294261283946,33.915440204726842
0.0065750000000000001,10.381335985955648,33.915602135806978
0.0065765624999999999,10.381377724199449,33.915764105623943
0.0065781250000000006,10.381419476018168,33.91592611417807
0.0065796875000000005,10.381461241414259,33.916088161469489
0.0065812500000000003,10.381503020390353,33.916250247498624
0.0065828125000000001,10.38154481294916,33.916412372265235
0.006584375,10.381586619093191,33.916574535769975
0.0065859375000000006,10.381628438825128,33.916736738012922
0.0065875000000000005,10.381670272147581,33.916898978994382
0.0065890625000000003,10.381712119063089,33.917061258714313
0.0065906250000000001,10.381753979574366,33.917223577173331
0.0065921875,10.381795853683991,33.917385934371424
0.0065937500000000007,10.38183774139457,33.917548330308868
0.0065953125000000005,10.381879642708759,33.917710764985941
0.0065968750000000003,10.381921557629113,33.91787323840267
0.0065984375000000001,10.381963486158272,33.918035750559341
0.0066,10.382005428298935,33.918198301456357
0.0066015625000000007,10.38204738405361,33.918360891093712
0.0066031250000000005,10.382089353425009,33.918523519471869
0.0066046875000000003,10.382131336415727,33.918686186590833
0.0066062500000000001,10.382173333028339,33.91884889245096
0.0066078125,10.3822153432655,33.919011637052499
0.0066093750000000007,10.382257367129849,33.919174420395493
0.0066109375000000005,10.38229940462405,33.919337242480275
0.0066125000000000003,10.382341455750602,33.919500103307165
0.0066140625000000001,10.382383520512274,33.91966300287622
0.006615625,10.382425598911585,33.919825941187753
0.0066171875000000007,10.382467690951234,33.919988918241906
0.0066187500000000005,10.382509796633787,33.92015193403904
0.0066203125000000003,10.382551915961923,33.920314988579442
0.0066218750000000002,10.38259404893828,33.920478081862996
0.0066234375,10.382636195565446,33.920641213890292
0.0066250000000000007,10.382678355846014,33.92080438466143
0.0066265625000000005,10.382720529782764,33.920967594176538
0.0066281250000000003,10.382762717378171,33.921130842435915
0.0066296875000000002,10.382804918634925,33.921294129439865
0.00663125,10.38284713355571,33.921457455188261
0.0066328125000000007,10.382889362143063,33.92162081968187
0.0066343750000000005,10.382931604399721,33.9217842229205
0.0066359375000000003,10.382973860328205,33.921947664904721
0.0066375000000000002,10.383016129931269,33.922111145634261
0.0066390625,10.383058413211449,33.922274665109818
0.0066406250000000007,10.383100710171451,33.922438223331532
0.0066421875000000005,10.383143020813867,33.922601820299363
0.0066437500000000003,10.383185345141335,33.9227654560137
0.0066453125000000002,10.383227683156514,33.922929130475055
0.006646875,10.3832700348621,33.923092843683349
0.0066484375000000007,10.383312400260635,33.923256595638513
0.0066500000000000005,10.383354779354807,33.923420386341384
0.0066515625000000004,10.383397172147239,33.923584215791841
0.0066531250000000002,10.383439578640626,33.923748083990233
0.0066546875,10.383481998837482,33.92391199093678
0.0066562500000000007,10.383524432740591,33.924075936631446
0.0066578125000000005,10.383566880352561,33.924239921074808
0.0066593750000000004,10.383609341675964,33.924403944267148
0.0066609375000000002,10.38365181671352,33.92456800620824
0.0066625,10.383694305467889,33.924732106898645
0.0066640625000000007,10.383736807941645,33.924896246338534
0.0066656250000000005,10.383779324137423,33.925060424528226
0.0066671875000000004,10.383821854057979,33.925224641467771
0.0066687500000000002,10.383864397705908,33.925388897157347
0.0066703125,10.383906955083818,33.92555319159748
0.0066718750000000007,10.383949526194399,33.925717524788169
0.0066734375000000005,10.383992111040293,33.925881896729827
0.0066750000000000004,10.384034709624185,33.92604630742246
0.0066765625000000002,10.384077321948615,33.926210756866425
0.006678125,10.38411994801633,33.926375245061706
0.0066796875000000007,10.384162587830003,33.926539772009043
0.0066812500000000006,10.384205241392207,33.926704337708387
0.0066828125000000004,10.384247908705655,33.926868942159729
0.0066843750000000002,10.384290589772991,33.927033585363603
0.0066859375,10.38433328459686,33.927198267320193
0.0066875000000000007,10.384375993179912,33.9273629880296
0.0066890625000000006,10.384418715524765,33.92752774749227
0.0066906250000000004,10.384461451634159,33.927692545708105
0.0066921875000000002,10.38450420151076,33.927857382677665
0.00669375,10.384546965157115,33.928022258401057
0.0066953125000000007,10.384589742575953,33.928187172878509
0.0066968750000000006,10.384632533769972,33.928352126110205
0.0066984375000000004,10.384675338741713,33.928517118096487
0.0067000000000000002,10.384718157493962,33.928682148837417
0.0067015625000000001,10.384760990029317,33.92884721833331
0.0067031250000000007,10.384803836350422,33.929012326584441
0.0067046875000000006,10.384846696460059,33.929177473591025
0.0067062500000000004,10.384889570360704,33.929342659353274
0.0067078125000000002,10.384932458055159,33.929507883871516
0.0067093750000000001,10.384975359545992,33.929673147145685
0.0067109374999999999,10.385018274836005,33.929838449176266
0.0067125000000000006,10.385061203927728,33.930003789963529
0.0067140625000000004,10.38510414682392,33.930169169507536
0.0067156250000000002,10.385147103527164,33.930334587808538
0.0067171875000000001,10.385190074040191,33.930500044866861
0.0067187499999999999,10.385233058365662,33.930665540682853
0.0067203125000000006,10.385276056506237,33.930831075256528
0.0067218750000000004,10.385319068464531,33.930996648588049
0.0067234375000000002,10.385362094243328,33.931162260677837
0.0067250000000000001,10.385405133845179,33.931327911525976
0.0067265624999999999,10.385448187272857,33.931493601132935
0.0067281250000000006,10.385491254528995,33.931659329498906
0.0067296875000000004,10.385534335616203,33.931825096623655
0.0067312500000000003,10.385577430537232,33.931990902507927
0.0067328125000000001,10.385620539294742,33.932156747151943
0.0067343749999999999,10.385663661891412,33.932322630555717
0.0067359375000000006,10.385706798329901,33.932488552719555
0.0067375000000000004,10.385749948612844,33.932654513643662
0.0067390625000000003,10.385793112743007,33.932820513328323
0.0067406250000000001,10.385836290723011,33.93298655177378
0.0067421874999999999,10.385879482555518,33.93315262898016
0.0067437500000000006,10.385922688243259,33.933318744947712
0.0067453125000000004,10.385965907788865,33.933484899676728
0.0067468750000000003,10.386009141195055,33.933651093167597
0.0067484375000000001,10.386052388464471,33.933817325420307
0.0067499999999999999,10.38609564959981,33.933983596435183
0.0067515625000000006,10.386138924603769,33.934149906212419
0.0067531250000000004,10.386182213479008,33.934316254752268
0.0067546875000000003,10.386225516228214,33.93448264205518
0.0067562500000000001,10.386268832854055,33.93464906812094
0.0067578124999999999,10.386312163359229,33.934815532950104
0.0067593750000000006,10.38635550774648,33.934982036542799
0.0067609375000000005,10.386398866018389,33.935148578899444
0.0067625000000000003,10.386442238177716,33.935315160020018
0.0067640625000000001,10.386485624227088,33.935481779904933
0.0067656249999999999,10.386529024169231,33.935648438554253
0.0067671875000000006,10.38657243800686,33.935815135968198
0.0067687500000000005,10.386615865742559,33.935981872147366
0.0067703125000000003,10.386659307379151,33.936148647091677
0.0067718750000000001,10.386702762919215,33.936315460801218
0.0067734374999999999,10.386746232365534,33.936482313276677
0.0067750000000000006,10.38678971572071,33.936649204517863
0.0067765625000000005,10.386833212987506,33.936816134525351
0.0067781250000000003,10.386876724168561,33.936983103299106
0.0067796875000000001,10.386920249266618,33.937150110839625
0.00678125,10.386963788284296,33.937317157146936
0.0067828125000000006,10.387007341224363,33.937484242221352
0.0067843750000000005,10.387050908089497,33.937651366063058
0.0067859375000000003,10.387094488882363,33.937818528672288
0.0067875000000000001,10.387138083605672,33.937985730049469
0.0067890625,10.387181692262134,33.938152970194459
0.0067906250000000007,10.387225314854414,33.938320249107804
0.0067921875000000005,10.387268951385249,33.938487566789803
0.0067937500000000003,10.387312601857321,33.938654923240193
0.0067953125000000001,10.387356266273336,33.938822318459877
0.006796875,10.387399944635943,33.93898975244862
0.0067984375000000007,10.387443636947896,33.939157225206941
0.0068000000000000005,10.387487343211907,33.939324736734953
0.0068015625000000003,10.387531063430597,33.93949228703277
0.0068031250000000001,10.387574797606803,33.939659876100862
0.0068046875,10.387618545743074,33.939827503939213
0.0068062500000000007,10.387662307842239,33.939995170548308
0.0068078125000000005,10.387706083906888,33.940162875928372
0.0068093750000000003,10.387749873939812,33.94033062007945
0.0068109375000000002,10.387793677943742,33.940498403001847
0.0068125,10.387837495921254,33.940666224695661
0.0068140625000000007,10.387881327875192,33.940834085161491
0.0068156250000000005,10.387925173808229,33.941001984399421
0.0068171875000000003,10.387969033722964,33.941169922409529
0.0068187500000000002,10.388012907622208,33.941337899192419
0.0068203125,10.388056795508689,33.941505914747843
0.0068218750000000007,10.388100697385024,33.94167396907639
0.0068234375000000005,10.388144613253985,33.94184206217826
0.0068250000000000003,10.388188543118279,33.942010194053495
0.0068265625000000002,10.388232486980643,33.942178364702656
0.006828125,10.388276444843738,33.942346574125573
0.0068296875000000007,10.3883204167103,33.942514822322821
0.0068312500000000005,10.388364402583045,33.942683109294293
0.0068328125000000003,10.38840840246467,33.942851435040787
0.0068343750000000002,10.388452416357872,33.943019799561974
0.0068359375,10.388496444265444,33.943188202858487
0.0068375000000000007,10.388540486190029,33.94335664493029
0.0068390625000000005,10.388584542134351,33.943525125777725
0.0068406250000000004,10.388628612101138,33.943693645401062
0.0068421875000000002,10.388672696093176,33.94386220380067
0.00684375,10.388716794113034,33.944030800976542
0.0068453125000000007,10.388760906163537,33.944199436928905
0.0068468750000000005,10.38880503224738,33.94436811165815
0.0068484375000000004,10.388849172367321,33.944536825164569
0.0068500000000000002,10.388893326525976,33.944705577448474
0.0068515625,10.388937494726228,33.944874368509737
0.0068531250000000007,10.388981676970632,33.945043198348806
0.0068546875000000005,10.389025873261984,33.94521206696583
0.0068562500000000004,10.389070083603047,33.945380974361356
0.0068578125000000002,10.389114307996467,33.945549920535257
0.006859375,10.389158546445028,33.945718905487993
0.0068609375000000007,10.389202798951441,33.945887929219744
0.0068625000000000005,10.389247065518376,33.946056991730686
0.0068640625000000004,10.389291346148692,33.946226093021281
0.0068656250000000002,10.389335640844946,33.946395233091508
0.0068671875,10.389379949610005,33.946564411941651
0.0068687500000000007,10.389424272446529,33.94673362957203
0.0068703125000000006,10.389468609357259,33.946902885982873
0.0068718750000000004,10.389512960344893,33.947072181174505
0.0068734375000000002,10.389557325412271,33.947241515147105
0.006875,10.389601704561999,33.947410887900752
0.0068765625000000007,10.389646097796822,33.947580299435884
0.0068781250000000006,10.389690505119566,33.947749749752809
0.0068796875000000004,10.389734926532869,33.947919238851597
0.0068812500000000002,10.389779362039519,33.948088766732518
0.0068828125,10.389823811642223,33.948258333395813
0.0068843750000000007,10.389868275343662,33.94842793884176
0.0068859375000000006,10.389912753146705,33.948597583070431
0.0068875000000000004,10.38995724505399,33.948767266082477
0.0068890625000000002,10.390001751068271,33.948936987877616
0.006890625,10.390046271192316,33.949106748456494
0.0068921875000000007,10.390090805428816,33.949276547819395
0.0068937500000000006,10.390135353780535,33.94944638596634
0.0068953125000000004,10.390179916250197,33.949616262897571
0.0068968750000000002,10.39022449284051,33.94978617861333
0.0068984375000000001,10.390269083554301,33.949956133114
0.0069000000000000008,10.390313688394286,33.950126126399631
0.0069015625000000006,10.39035830736319,33.950296158470799
0.0069031250000000004,10.390402940463684,33.950466229327319
0.0069046875000000002,10.390447587698613,33.950636338969815
0.0069062500000000001,10.390492249070693,33.950806487398147
0.0069078125000000008,10.390536924582619,33.950976674612861
0.0069093750000000006,10.390581614237231,33.951146900614191
0.0069109375000000004,10.390626318037199,33.951317165402273
0.0069125000000000002,10.390671035985259,33.951487468977405
0.0069140625000000001,10.390715768084206,33.951657811339686
0.0069156250000000008,10.390760514336758,33.95182819248955
0.0069171875000000006,10.390805274745697,33.951998612427175
0.0069187500000000004,10.390850049313716,33.952169071152952
0.0069203125000000002,10.390894838043632,33.952339568666822
0.0069218750000000001,10.39093964093807,33.952510104969271
0.0069234374999999999,10.390984457999945,33.952680680060439
0.0069250000000000006,10.391029289231886,33.952851293940498
0.0069265625000000004,10.39107413463673,33.953021946609944
0.0069281250000000003,10.391118994217162,33.953192638068892
0.0069296875000000001,10.391163867975967,33.953363368317383
0.0069312499999999999,10.39120875591588,33.953534137355909
0.0069328125000000006,10.391253658039648,33.953704945184711
0.0069343750000000004,10.391298574350056,33.95387579180403
0.0069359375000000003,10.391343504849829,33.954046677213924
0.0069375000000000001,10.391388449541747,33.95421760141484
0.0069390624999999999,10.391433408428579,33.954388564407068
0.0069406250000000006,10.391478381513023,33.95455956619044
0.0069421875000000004,10.391523368797939,33.954730606765793
0.0069437500000000003,10.391568370285945,33.954901686133077
0.0069453125000000001,10.391613385979918,33.955072804292406
0.0069468749999999999,10.391658415882549,33.955243961244207
0.0069484375000000006,10.391703459996588,33.955415156988764
0.0069500000000000004,10.391748518324899,33.955586391526211
0.0069515625000000003,10.391793590870165,33.95575766485684
0.0069531250000000001,10.391838677635162,33.955928976980864
0.0069546874999999999,10.391883778622622,33.956100327898774
0.0069562500000000006,10.391928893835356,33.956271717610385
0.0069578125000000005,10.391974023276067,33.956443146116243
0.0069593750000000003,10.392019166947652,33.956614613416377
0.0069609375000000001,10.392064324852683,33.956786119511378
0.0069624999999999999,10.392109496994044,33.956957664401173
0.0069640625000000006,10.39215468337451,33.957129248086282
0.0069656250000000005,10.392199883996794,33.95730087056662
0.0069671875000000003,10.392245098863713,33.957472531842598
0.0069687500000000001,10.392290327977989,33.957644231914735
0.0069703124999999999,10.392335571342453,33.957815970782931
0.0069718750000000006,10.392380828959812,33.957987748447415
0.0069734375000000005,10.392426100832859,33.958159564908676
0.0069750000000000003,10.392471386964324,33.958331420166708
0.0069765625000000001,10.392516687357075,33.958503314222035
0.006978125,10.392562002013838,33.95867524707478
0.0069796875000000006,10.392607330937343,33.958847218724969
0.0069812500000000005,10.392652674130373,33.959019229173379
0.0069828125000000003,10.392698031595769,33.95919127841961
0.0069843750000000001,10.392743403336258,33.959363366464373
0.0069859375,10.392788789354569,33.959535493307804
0.0069875000000000007,10.3928341896536,33.959707658950144
0.0069890625000000005,10.392879604236036,33.95987986339172
0.0069906250000000003,10.392925033104635,33.96005210663256
0.0069921875000000001,10.392970476262239,33.960224388673005
0.00699375,10.393015933711618,33.96039670951356
0.0069953125000000007,10.393061405455516,33.960569069154147
0.0069968750000000005,10.393106891496704,33.960741467595021
0.0069984375000000003,10.393152391838035,33.960913904836872
0.0070000000000000001,10.393197906482159,33.961086380879259
0.0070015625,10.393243435432012,33.961258895722985
0.0070031250000000007,10.393288978690258,33.96143144936805
0.0070046875000000005,10.39333453625979,33.961604041814944
0.0070062500000000003,10.393380108143283,33.961776673063547
0.0070078125000000002,10.393425694343575,33.961949343114384
0.007009375,10.393471294863414,33.96212205196754
0.0070109375000000007,10.393516909705642,33.962294799623599
0.0070125000000000005,10.393562538873011,33.962467586082397
0.0070140625000000003,10.393608182368274,33.962640411344537
0.0070156250000000002,10.393653840194286,33.962813275409836
0.0070171875,10.393699512353761,33.962986178278868
0.0070187500000000007,10.393745198849574,33.963159119951861
0.0070203125000000005,10.393790899684461,33.963332100429213
0.0070218750000000003,10.393836614861227,33.963505119710788
0.0070234375000000002,10.393882344382613,33.963678177797114
0.007025,10.393928088251483,33.963851274688295
0.0070265625000000007,10.393973846470608,33.964024410384596
0.0070281250000000005,10.394019619042725,33.964197584886449
0.0070296875000000003,10.394065405970688,33.964370798194018
0.0070312500000000002,10.394111207257291,33.964544050307509
0.0070328125,10.394157022905265,33.964717341227193
0.0070343750000000007,10.394202852917449,33.964890670953316
0.0070359375000000005,10.39424869729663,33.965064039486208
0.0070375000000000004,10.39429455604567,33.965237446825938
0.0070390625000000002,10.394340429167292,33.965410892972827
0.007040625,10.394386316664292,33.965584377927357
0.0070421875000000007,10.39443221853946,33.965757901689578
0.0070437500000000005,10.39447813479565,33.965931464259725
0.0070453125000000004,10.394524065435602,33.966105065638139
0.0070468750000000002,10.394570010462127,33.966278705825083
0.0070484375,10.394615969878126,33.966452384820606
0.0070500000000000007,10.394661943686231,33.966626102625099
0.0070515625000000005,10.394707931889336,33.966799859238975
0.0070531250000000004,10.394753934490252,33.966973654662304
0.0070546875000000002,10.394799951491732,33.96714748889562
0.00705625,10.39484598289663,33.967321361938481
0.0070578125000000007,10.394892028707723,33.96749527379184
0.0070593750000000005,10.394938088927802,33.967669224455598
0.0070609375000000004,10.394984163559707,33.967843213930387
0.0070625000000000002,10.395030252606229,33.968017242215886
0.0070640625,10.395076356070126,33.968191309312907
0.0070656250000000007,10.39512247395432,33.968365415221506
0.0070671875000000006,10.395168606261564,33.968539559941775
0.0070687500000000004,10.395214752994585,33.968713743473913
0.0070703125000000002,10.395260914156314,33.968887965818688
0.007071875,10.39530708974945,33.969062226975836
0.0070734375000000007,10.395353279776852,33.96923652694592
0.0070750000000000006,10.395399484241446,33.969410865729131
0.0070765625000000004,10.39544570314585,33.969585243325561
0.0070781250000000002,10.395491936492961,33.969759659735466
0.0070796875,10.395538184285586,33.969934114959294
0.0070812500000000007,10.395584446526568,33.970108608997272
0.0070828125000000006,10.395630723218693,33.970283141849599
0.0070843750000000004,10.395677014364781,33.970457713516552
0.0070859375000000002,10.395723319967628,33.970632323998508
0.0070875,10.395769640030093,33.970806973295431
0.0070890625000000007,10.39581597455496,33.970981661407691
0.0070906250000000006,10.395862323545026,33.9711563883358
0.0070921875000000004,10.395908687003237,33.971331154079515
0.0070937500000000002,10.395955064932137,33.971505958639497
0.0070953125000000001,10.396001457334856,33.971680802015996
0.0070968750000000008,10.396047864214006,33.971855684209181
0.0070984375000000006,10.396094285572467,33.972030605219302
0.0071000000000000004,10.396140721413119,33.972205565046437
0.0071015625000000002,10.396187171738703,33.972380563691083
0.0071031250000000001,10.396233636552072,33.972555601153466
0.0071046875000000008,10.396280115856046,33.972730677433873
0.0071062500000000006,10.396326609653427,33.972905792532444
0.0071078125000000004,10.396373117947084,33.973080946449365
0.0071093750000000002,10.396419640739824,33.973256139185281
0.0071109375000000001,10.396466178034458,33.97343137074008
0.0071125000000000008,10.39651272983383,33.973606641114053
0.0071140625000000006,10.39655929614077,33.973781950307604
0.0071156250000000004,10.396605876958047,33.973957298320947
0.0071171875000000002,10.396652472288579,33.974132685154352
0.0071187500000000001,10.396699082135132,33.974308110807939
0.0071203125000000008,10.39674570650055,33.974483575282157
0.0071218750000000006,10.396792345387633,33.974659078577311
0.0071234375000000004,10.39683899879928,33.974834620693336
0.0071250000000000003,10.396885666738248,33.975010201630774
0.0071265625000000001,10.396932349207434,33.97518582138958
0.0071281249999999999,10.396979046209626,33.975361479970744
0.0071296875000000006,10.397025757747695,33.975537177373653
0.0071312500000000004,10.397072483824434,33.97571291359899
0.0071328125000000003,10.397119224442683,33.975888688646904
0.0071343750000000001,10.397165979605271,33.97606450251785
0.0071359374999999999,10.397212749315042,33.9762403552119
0.0071375000000000006,10.397259533574941,33.976416246729407
0.0071390625000000004,10.397306332387608,33.976592177070451
0.0071406250000000003,10.397353145755975,33.9767681462355
0.0071421875000000001,10.39739997368291,33.976944154224796
0.0071437499999999999,10.397446816171144,33.977120201038481
0.0071453125000000006,10.397493673223677,33.977296286676882
0.0071468750000000004,10.397540544843212,33.97747241114039
0.0071484375000000003,10.397587431032672,33.977648574429061
0.0071500000000000001,10.397634331794858,33.97782477654313
0.0071515624999999999,10.397681247132619,33.978001017483109
0.0071531250000000006,10.397728177048766,33.978177297249104
0.0071546875000000005,10.397775121546227,33.978353615841264
0.0071562500000000003,10.397822080627725,33.97852997326013
0.0071578125000000001,10.397869054296194,33.97870636950573
0.0071593749999999999,10.397916042554476,33.978882804578433
0.0071609375000000006,10.397963045405374,33.97905927847841
0.0071625000000000005,10.39801006285176,33.979235791206008
0.0071640625000000003,10.398057094896455,33.979412342761556
0.0071656250000000001,10.398104141542351,33.979588933145088
0.0071671874999999999,10.398151202792238,33.979765562357137
0.0071687500000000006,10.398198278649044,33.979942230397754
0.0071703125000000005,10.398245369115489,33.980118937267221
0.0071718750000000003,10.398292474194575,33.980295682965931
0.0071734375000000001,10.39833959388903,33.980472467494224
0.007175,10.398386728201787,33.980649290851972
0.0071765625000000006,10.398433877135618,33.980826153039935
0.0071781250000000005,10.398481040693525,33.981003054058
0.0071796875000000003,10.398528218878143,33.981179993906515
0.0071812500000000001,10.398575411692532,33.981356972585822
0.0071828125,10.398622619139378,33.981533990096146
0.0071843750000000007,10.398669841221672,33.981711046437965
0.0071859375000000005,10.398717077942127,33.98188814161108
0.0071875000000000003,10.398764329303766,33.982065275616108
0.0071890625000000001,10.398811595309331,33.982242448453228
0.007190625,10.398858875961693,33.982419660122623
0.0071921875000000007,10.398906171263762,33.982596910624686
0.0071937500000000005,10.398953481218301,33.982774199959472
0.0071953125000000003,10.3990008058282,33.982951528127707
0.0071968750000000001,10.399048145096405,33.983128895129106
0.0071984375,10.399095499025696,33.983306300964209
0.0072000000000000007,10.399142867618957,33.983483745633258
0.0072015625000000005,10.399190250879087,33.983661229136558
0.0072031250000000003,10.399237648808876,33.983838751474259
0.0072046875000000002,10.399285061411218,33.984016312646688
0.00720625,10.399332488688939,33.984193912654142
0.0072078125000000007,10.399379930644965,33.984371551496892
0.0072093750000000005,10.399427387282127,33.984549229175229
0.0072109375000000003,10.399474858603311,33.984726945689268
0.0072125000000000002,10.399522344611384,33.984904701039376
0.0072140625,10.39956984530917,33.985082495225818
0.0072156250000000007,10.399617360699528,33.985260328248778
0.0072171875000000005,10.399664890785417,33.985438200108618
0.0072187500000000003,10.399712435569649,33.985616110805552
0.0072203125000000002,10.399759995055076,33.985794060340012
0.007221875,10.399807569244567,33.985972048712092
0.0072234375000000007,10.399855158141053,33.986150075922055
0.0072250000000000005,10.399902761747347,33.986328141970425
0.0072265625000000003,10.399950380066327,33.986506246856962
0.0072281250000000002,10.399998013100872,33.986684390582305
0.0072296875,10.400045660853868,33.986862573146702
0.0072312500000000007,10.400093323328147,33.987040794550239
0.0072328125000000005,10.400141000526633,33.987219054793464
0.0072343750000000004,10.400188692452208,33.987397353876467
0.0072359375000000002,10.400236399107627,33.987575691799499
0.0072375,10.400284120495931,33.987754068562793
0.0072390625000000007,10.40033185661993,33.987932484166699
0.0072406250000000005,10.400379607482462,33.988110938611634
0.0072421875000000004,10.400427373086417,33.988289431897691
0.0072437500000000002,10.400475153434762,33.988467964025155
0.0072453125,10.400522948530242,33.988646534994189
0.0072468750000000007,10.4005707583758,33.988825144805134
0.0072484375000000005,10.400618582974362,33.989003793458295
0.0072500000000000004,10.400666422328715,33.989182480954085
0.0072515625000000002,10.400714276441812,33.989361207292426
0.007253125,10.400762145316548,33.989539972473956
0.0072546875000000007,10.400810028955719,33.989718776498769
0.0072562500000000005,10.40085792736223,33.989897619366999
0.0072578125000000004,10.400905840539066,33.990076501079166
0.0072593750000000002,10.400953768488998,33.990255421635567
0.0072609375,10.401001711214974,33.990434381036088
0.0072625000000000007,10.401049668719805,33.990613379281399
0.0072640625000000006,10.401097641006453,33.99079241637147
0.0072656250000000004,10.401145628077805,33.990971492306869
0.0072671875000000002,10.401193629936746,33.991150607087619
0.00726875,10.401241646586072,33.991329760714287
0.0072703125000000007,10.401289678028789,33.991508953186724
0.0072718750000000006,10.40133772426776,33.991688184505477
0.0072734375000000004,10.401385785305795,33.99186745467069
0.0072750000000000002,10.401433861145899,33.992046763682808
0.0072765625,10.401481951790874,33.992226111542038
0.0072781250000000007,10.401530057243656,33.992405498248537
0.0072796875000000006,10.401578177507165,33.992584923802561
0.0072812500000000004,10.401626312584234,33.992764388204662
0.0072828125000000002,10.401674462477745,33.992943891454708
0.0072843750000000001,10.401722627190685,33.993123433553393
0.0072859375000000007,10.401770806725871,33.993303014500611
0.0072875000000000006,10.40181900108621,33.993482634296903
0.0072890625000000004,10.401867210274599,33.99366229294251
0.0072906250000000002,10.401915434294013,33.993841990437389
0.0072921875000000001,10.401963673147206,33.994021726782272
0.0072937500000000008,10.402011926837174,33.994201501977052
0.0072953125000000006,10.402060195366829,33.99438131602232
0.0072968750000000004,10.402108478739004,33.994561168918203
0.0072984375000000002,10.40215677695663,33.994741060664872
0.0073000000000000001,10.402205090022575,33.994920991262703
0.0073015625000000008,10.402253417939837,33.995100960711895
0.0073031250000000006,10.402301760711198,33.995280969012818
0.0073046875000000004,10.402350118339674,33.995461016165812
0.0073062500000000002,10.402398490828041,33.995641102170893
0.0073078125000000001,10.402446878179347,33.9958212270285
0.0073093750000000008,10.402495280396371,33.996001390738954
0.0073109375000000006,10.402543697482093,33.99618159330236
0.0073125000000000004,10.402592129439382,33.996361834719252
0.0073140625000000003,10.402640576271164,33.996542114989758
0.0073156250000000001,10.402689037980345,33.996722434114076
0.0073171875000000008,10.402737514569807,33.996902792092534
0.0073187500000000006,10.402786006042513,33.997083188925536
0.0073203125000000004,10.402834512401309,33.997263624613041
0.0073218750000000003,10.402883033649173,33.997444099155757
0.0073234375000000001,10.402931569788921,33.997624612553551
0.0073250000000000008,10.402980120823546,33.997805164807012
0.0073265625000000006,10.403028686755919,33.997985755916169
0.0073281250000000004,10.403077267588996,33.998166385881447
0.0073296875000000003,10.403125863325615,33.99834705470316
0.0073312500000000001,10.403174473968738,33.998527762381272
0.0073328124999999999,10.403223099521306,33.998708508916465
0.0073343750000000006,10.403271739986151,33.998889294308761
0.0073359375000000004,10.403320395366285,33.999070118558535
0.0073375000000000003,10.403369065664561,33.999250981666123
0.0073390625000000001,10.403417750883881,33.999431883631665
0.0073406249999999999,10.403466451027246,33.999612824455298
0.0073421875000000006,10.40351516609746,33.999793804137688
0.0073437500000000005,10.403563896097545,33.999974822678851
0.0073453125000000003,10.403612641030348,34.000155880079134
0.0073468750000000001,10.40366140089882,34.000336976338929
0.0073484374999999999,10.403710175705864,34.000518111458099
0.0073500000000000006,10.403758965454449,34.000699285437342
0.0073515625000000005,10.403807770147461,34.000880498276913
0.0073531250000000003,10.403856589787802,34.001061749976721
0.0073546875000000001,10.403905424378406,34.001243040537624
0.0073562499999999999,10.403954273922228,34.001424369959331
0.0073578125000000006,10.404003138422123,34.001605738242404
0.0073593750000000005,10.404052017881117,34.00178714538702
0.0073609375000000003,10.404100912302043,34.001968591393684
0.0073625000000000001,10.40414982168787,34.002150076262389
0.0073640624999999999,10.404198746041528,34.002331599993582
0.0073656250000000006,10.404247685365917,34.002513162587398
0.0073671875000000005,10.404296639663976,34.002694764044215
0.0073687500000000003,10.404345608938669,34.002876404364201
0.0073703125000000001,10.404394593192885,34.003058083547849
0.007371875,10.40444359242955,34.003239801595363
0.0073734375000000007,10.404492606651615,34.003421558506965
0.0073750000000000005,10.404541635861998,34.003603354282987
0.0073765625000000003,10.404590680063601,34.003785188923466
0.0073781250000000001,10.40463973925946,34.003967062428977
0.0073796875,10.404688813452349,34.004148974799691
0.0073812500000000007,10.404737902645373,34.004330926035976
0.0073828125000000005,10.404787006841339,34.004512916137912
0.0073843750000000003,10.404836126043202,34.00469494510584
0.0073859375000000001,10.404885260253975,34.004877012940291
0.0073875,10.404934409476505,34.005059119641139
0.0073890625000000007,10.404983573713755,34.005241265209214
0.0073906250000000005,10.405032752968673,34.005423449644084
0.0073921875000000003,10.405081947244245,34.005605672946501
0.0073937500000000001,10.405131156543284,34.005787935116743
0.0073953125,10.405180380868817,34.005970236154916
0.0073968750000000007,10.405229620223782,34.006152576061396
0.0073984375000000005,10.40527887461111,34.006334954836547
0.0074000000000000003,10.405328144033753,34.006517372480268
0.0074015625000000002,10.405377428494608,34.006699828993312
0.007403125,10.405426727996611,34.006882324375745
0.0074046875000000007,10.405476042542807,34.00706485862775
0.0074062500000000005,10.405525372136035,34.007247431749803
0.0074078125000000003,10.405574716779244,34.00743004374204
0.0074093750000000002,10.405624076475451,34.007612694604916
0.0074109375,10.405673451227543,34.007795384338529
0.0074125000000000007,10.405722841038497,34.007978112943235
0.0074140625000000005,10.405772245911226,34.008160880419339
0.0074156250000000003,10.405821665848695,34.008343686767219
0.0074171875000000002,10.405871100853878,34.008526531986845
0.00741875,10.405920550929649,34.008709416078688
0.0074203125000000007,10.405970016079021,34.008892339043079
0.0074218750000000005,10.406019496304943,34.009075300880276
0.0074234375000000003,10.406068991610358,34.009258301590457
0.0074250000000000002,10.406118501998186,34.009441341174018
0.0074265625,10.406168027471388,34.009624419631237
0.0074281250000000007,10.406217568032973,34.009807536962299
0.0074296875000000005,10.406267123685765,34.009990693167722
0.0074312500000000004,10.406316694432872,34.010173888247358
0.0074328125000000002,10.406366280277172,34.01035712220186
0.007434375,10.406415881221612,34.010540395031484
0.0074359375000000007,10.406465497269121,34.010723706736314
0.0074375000000000005,10.406515128422749,34.010907057316736
0.0074390625000000004,10.406564774685398,34.011090446773032
0.0074406250000000002,10.406614436059971,34.011273875105559
0.0074421875,10.406664112549532,34.011457342314586
0.0074437500000000007,10.406713804156944,34.011640848400319
0.0074453125000000005,10.406763510885208,34.011824393363128
0.0074468750000000004,10.406813232737324,34.012007977203112
0.0074484375000000002,10.406862969716174,34.012191599920783
0.00745,10.406912721824737,34.012375261516326
0.0074515625000000007,10.406962489066025,34.012558961989924
0.0074531250000000005,10.40701227144295,34.012742701341942
0.0074546875000000004,10.407062068958508,34.012926479572684
0.0074562500000000002,10.40711188161565,34.013110296682548
0.0074578125,10.407161709417299,34.01329415267174
0.0074593750000000007,10.407211552366482,34.013478047540467
0.0074609375000000006,10.407261410466129,34.013661981288969
0.0074625000000000004,10.407311283719235,34.013845953917702
0.0074640625000000002,10.407361172128732,34.014029965426808
0.007465625,10.407411075697576,34.014214015816748
0.0074671875000000007,10.407460994428803,34.01439810508748
0.0074687500000000006,10.407510928325291,34.014582233239729
0.0074703125000000004,10.407560877390052,34.014766400273558
0.0074718750000000002,10.407610841626125,34.014950606189061
0.0074734375,10.407660821036334,34.015134850986826
0.0074750000000000007,10.407710815623805,34.015319134667003
0.0074765625000000006,10.407760825391373,34.015503457229762
0.0074781250000000004,10.407810850342063,34.015687818675623
0.0074796875000000002,10.407860890478894,34.015872219004834
0.0074812500000000001,10.407910945804801,34.016056658217522
0.0074828125000000007,10.40796101632276,34.016241136314157
0.0074843750000000006,10.408011102035704,34.016425653294945
0.0074859375000000004,10.408061202946689,34.016610209160021
0.0074875000000000002,10.40811131905863,34.016794803909939
0.0074890625000000001,10.40816145037453,34.016979437544926
0.0074906250000000008,10.408211596897331,34.017164110065167
0.0074921875000000006,10.40826175863006,34.017348821470961
0.0074937500000000004,10.408311935575655,34.017533571762542
0.0074953125000000002,10.408362127737133,34.01771836094052
0.0074968750000000001,10.408412335117442,34.017903189004649
0.0074984375000000008,10.408462557719567,34.018088055955651
0.0075000000000000006,10.408512795546491,34.01827296179377
0.0075015625000000004,10.408563048601211,34.018457906519096
0.0075031250000000002,10.408613316886697,34.018642890131957
0.0075046875000000001,10.408663600405932,34.018827912632808
0.0075062500000000008,10.408713899161881,34.019012974021784
0.0075078125000000006,10.408764213157564,34.019198074299318
0.0075093750000000004,10.408814542395913,34.019383213465453
0.0075109375000000003,10.408864886879975,34.019568391520785
0.0075125000000000001,10.408915246612676,34.019753608465315
0.0075140625000000008,10.408965621597048,34.019938864299469
0.0075156250000000006,10.409016011836078,34.020124159023631
0.0075171875000000004,10.409066417332721,34.02030949263785
0.0075187500000000003,10.40911683809,34.020494865142609
0.0075203125000000001,10.40916727411086,34.020680276538094
0.0075218750000000008,10.409217725398358,34.02086572682478
0.0075234375000000006,10.40926819195542,34.02105121600276
0.0075250000000000004,10.409318673785037,34.021236744072418
0.0075265625000000003,10.409369170890225,34.02142231103393
0.0075281250000000001,10.409419683273965,34.021607916887639
0.0075296875000000008,10.409470210939316,34.021793561633991
0.0075312500000000006,10.409520753889185,34.021979245273116
0.0075328125000000004,10.409571312126609,34.022164967805118
0.0075343750000000003,10.409621885654531,34.022350729230695
0.0075359375000000001,10.409672474475988,34.022536529549939
0.0075374999999999999,10.409723078594,34.022722368763148
0.0075390625000000006,10.409773698011509,34.022908246870578
0.0075406250000000005,10.409824332731548,34.023094163872678
0.0075421875000000003,10.409874982757083,34.023280119769375
0.0075437500000000001,10.409925648091141,34.023466114561352
0.0075453124999999999,10.409976328736706,34.02365214824885
0.0075468750000000006,10.41002702469677,34.02383822083199
0.0075484375000000005,10.410077735974408,34.024024332311058
0.0075500000000000003,10.410128462572498,34.024210482686449
0.0075515625000000001,10.410179204494129,34.024396671958307
0.0075531249999999999,10.410229961742258,34.024582900127136
0.0075546875000000006,10.410280734319928,34.024769167193121
0.0075562500000000005,10.410331522230074,34.024955473156588
0.0075578125000000003,10.410382325475766,34.025141818017936
0.0075593750000000001,10.410433144059997,34.025328201777221
0.0075609375,10.410483977985745,34.025514624434933
0.0075625000000000006,10.410534827256047,34.02570108599101
0.0075640625000000005,10.410585691873885,34.025887586446302
0.0075656250000000003,10.410636571842319,34.026074125800704
0.0075671875000000001,10.410687467164294,34.026260704054778
0.00756875,10.410738377842758,34.026447321208231
0.0075703125000000007,10.410789303880907,34.026633977262065
0.0075718750000000005,10.410840245281586,34.026820672216445
0.0075734375000000003,10.41089120204788,34.02700740607127
0.0075750000000000001,10.410942174182777,34.02719417882723
0.0075765625,10.410993161689271,34.027380990484154
0.0075781250000000007,10.411044164570422,34.02756784104313
0.0075796875000000005,10.411095182829241,34.027754730503581
0.0075812500000000003,10.411146216468651,34.027941658866212
0.0075828125000000001,10.411197265491772,34.028128626131398
0.007584375,10.4112483299016,34.028315632299353
0.0075859375000000007,10.411299409701076,34.028502677370234
0.0075875000000000005,10.411350504893274,34.028689761344609
0.0075890625000000003,10.411401615481232,34.028876884222335
0.0075906250000000001,10.411452741467913,34.029064046004173
0.0075921875,10.411503882856357,34.029251246690229
0.0075937500000000007,10.41155503964958,34.029438486280881
0.0075953125000000005,10.411606211850607,34.029625764776171
0.0075968750000000003,10.411657399462454,34.02981308217651
0.0075984375000000002,10.411708602488186,34.030000438482361
0.0076,10.411759820930728,34.030187833693994
0.0076015625000000007,10.411811054793187,34.030375267811579
0.0076031250000000005,10.411862304078525,34.030562740835308
0.0076046875000000003,10.411913568789805,34.030750252765728
0.0076062500000000002,10.411964848930049,34.030937803602924
0.0076078125,10.412016144502234,34.031125393347473
0.0076093750000000007,10.412067455509439,34.031313021999459
0.0076109375000000005,10.412118781954641,34.031500689559039
0.0076125000000000003,10.412170123840909,34.03168839602688
0.0076140625000000002,10.412221481171237,34.031876141402932
0.007615625,10.412272853948688,34.032063925687602
0.0076171875000000007,10.41232424217629,34.032251748881286
0.0076187500000000005,10.412375645856978,34.032439610984113
0.0076203125000000003,10.412427064993942,34.032627511996722
0.0076218750000000002,10.412478499590033,34.032815451919134
0.0076234375,10.412529949648425,34.033003430751577
0.0076250000000000007,10.412581415172074,34.033191448494499
0.0076265625000000005,10.412632896164043,34.03337950514814
0.0076281250000000004,10.412684392627362,34.033567600712978
0.0076296875000000002,10.412735904564979,34.033755735188791
0.00763125,10.412787431980099,34.033943908576511
0.0076328125000000007,10.412838974875596,34.034132120876066
0.0076343750000000005,10.412890533254602,34.034320372087905
0.0076359375000000004,10.412942107120072,34.034508662212097
0.0076375000000000002,10.412993696475132,34.034696991249312
0.0076390625,10.413045301322718,34.034885359199563
0.0076406250000000007,10.41309692166597,34.035073766063228
0.0076421875000000005,10.41314855750784,34.035262211840703
0.0076437500000000004,10.413200208851393,34.035450696532109
0.0076453125000000002,10.41325187569975,34.035639220137824
0.007646875,10.413303558055798,34.035827782658274
0.0076484375000000007,10.413355255922667,34.036016384093408
0.0076500000000000005,10.41340696930342,34.036205024443873
0.0076515625000000004,10.41345869820106,34.036393703709884
0.0076531250000000002,10.413510442618595,34.036582421891715
0.0076546875,10.413562202559122,34.036771178989568
0.0076562500000000007,10.413613978025653,34.036959975003953
0.0076578125000000006,10.413665769021241,34.037148809935019
0.0076593750000000004,10.413717575549006,34.037337683782994
0.0076609375000000002,10.413769397611837,34.037526596548361
0.0076625,10.413821235212907,34.037715548231382
0.0076640625000000007,10.413873088355189,34.037904538832201
0.0076656250000000006,10.413924957041781,34.038093568351407
0.0076671875000000004,10.413976841275753,34.038282636788963
0.0076687500000000002,10.414028741060024,34.038471744145404
0.0076703125,10.414080656397781,34.038660890420829
0.0076718750000000007,10.414132587291963,34.038850075615954
0.0076734375000000006,10.414184533745752,34.039039299730639
0.0076750000000000004,10.414236495762099,34.039228562765359
0.0076765625000000002,10.414288473344072,34.039417864720392
0.0076781250000000001,10.41434046649473,34.039607205596027
0.0076796875000000007,10.414392475217111,34.03979658539258
0.0076812500000000006,10.414444499514303,34.039986004110482
0.0076828125000000004,10.414496539389326,34.040175461749762
0.0076843750000000002,10.414548594845225,34.040364958310931
0.0076859375000000001,10.41460066588515,34.040554493794296
0.0076875000000000008,10.41465275251204,34.040744068200006
0.0076890625000000006,10.414704854728983,34.040933681528585
0.0076906250000000004,10.414756972539061,34.041123333780163
0.0076921875000000002,10.414809105945302,34.041313024955016
0.0076937500000000001,10.414861254950809,34.041502755053372
0.0076953125000000008,10.414913419558646,34.041692524076083
0.0076968750000000006,10.414965599771742,34.041882332022716
0.0076984375000000004,10.415017795593322,34.042072178893953
0.0077000000000000002,10.415070007026332,34.042262064690263
0.0077015625000000001,10.415122234073923,34.042451989411461
0.0077031250000000008,10.4151744767391,34.042641953058286
0.0077046875000000006,10.415226735024957,34.04283195563093
0.0077062500000000004,10.415279008934462,34.043021997129465
0.0077078125000000003,10.415331298470816,34.043212077554465
0.0077093750000000001,10.41538360363705,34.043402196906236
0.0077109375000000008,10.415435924436126,34.04359235518497
0.0077125000000000006,10.415488260871248,34.043782552390923
0.0077140625000000004,10.415540612945376,34.043972788524457
0.0077156250000000003,10.415592980661659,34.044163063585891
0.0077171875000000001,10.415645364023057,34.044353377575661
0.0077187500000000008,10.415697763032767,34.044543730493835
0.0077203125000000006,10.415750177693727,34.044734122340934
0.0077218750000000004,10.415802608009168,34.044924553116978
0.0077234375000000003,10.415855053981989,34.045115022822522
0.0077250000000000001,10.415907515615334,34.045305531457785
0.0077265625000000008,10.415959992912315,34.045496079023295
0.0077281250000000006,10.416012485875996,34.045686665518936
0.0077296875000000004,10.416064994509329,34.045877290945256
0.0077312500000000003,10.416117518815593,34.046067955302526
0.0077328125000000001,10.416170058797658,34.046258658591064
0.0077343750000000008,10.416222614458709,34.046449400811184
0.0077359375000000006,10.416275185801814,34.046640181963092
0.0077375000000000005,10.416327772830025,34.046831002047277
0.0077390625000000003,10.416380375546415,34.047021861063996
0.0077406250000000001,10.416432993954093,34.047212759013448
0.0077421874999999999,10.416485628056098,34.047403695896037
0.0077437500000000006,10.41653827785554,34.047594671711863
0.0077453125000000005,10.416590943355443,34.047785686461651
0.0077468750000000003,10.416643624558967,34.047976740145458
0.0077484375000000001,10.416696321469122,34.048167832763511
0.0077499999999999999,10.41674903408904,34.04835896431598
0.0077515625000000006,10.416801762421757,34.048550134803612
0.0077531250000000005,10.416854506470383,34.048741344226485
0.0077546875000000003,10.416907266238031,34.048932592584997
0.0077562500000000001,10.416960041727719,34.049123879879197
0.0077578125,10.417012832942504,34.049315206109668
0.0077593750000000006,10.41706563988561,34.049506571276538
0.0077609375000000005,10.417118462560017,34.049697975380283
0.0077625000000000003,10.417171300968832,34.049889418421216
0.0077640625000000001,10.417224155115072,34.05008090039955
0.007765625,10.417277025001971,34.050272421315441
0.0077671875000000007,10.417329910632505,34.05046398116945
0.0077687500000000005,10.417382812009782,34.050655579961784
0.0077703125000000003,10.417435729136919,34.050847217692706
0.0077718750000000001,10.417488662016986,34.051038894362634
0.0077734375,10.417541610653048,34.051230609971832
0.0077750000000000007,10.41759457504819,34.051422364520619
0.0077765625000000005,10.417647555205637,34.051614158009201
0.0077781250000000003,10.417700551128313,34.051805990438012
0.0077796875000000001,10.417753562819415,34.051997861807372
0.00778125,10.417806590281932,34.052189772117543
0.0077828125000000007,10.417859633519061,34.052381721368647
0.0077843750000000005,10.417912692533834,34.052573709561344
0.0077859375000000003,10.417965767329397,34.05276573669591
0.0077875000000000002,10.418018857908807,34.052957802772347
0.0077890625,10.41807196427512,34.053149907791237
0.0077906250000000007,10.418125086431601,34.053342051752715
0.0077921875000000005,10.418178224381119,34.053534234657207
0.0077937500000000003,10.41823137812692,34.053726456505018
0.0077953125000000002,10.418284547672016,34.053918717296376
0.007796875,10.418337733019611,34.054111017031673
0.0077984375000000007,10.418390934172775,34.054303355711113
0.0078000000000000005,10.418444151134507,34.054495733335294
0.0078015625000000003,10.41849738390801,34.054688149904194
0.0078031250000000002,10.418550632496373,34.054880605418198
0.0078046875,10.418603896902672,34.055073099877923
0.0078062500000000007,10.418657177130033,34.055265633283248
0.0078078125000000005,10.418710473181507,34.0554582056347
0.0078093750000000003,10.418763785060269,34.055650816932484
0.0078109375000000002,10.418817112769366,34.055843467176985
0.0078125,10.418870456311959,34.056036156368599
0.0078140624999999998,10.418923815691127,34.056228884507597
0.0078156249999999997,10.418977190909926,34.056421651594214
0.0078171875000000012,10.419030581971597,34.056614457628712
0.007818750000000001,10.419083988879091,34.056807302611638
0.0078203125000000009,10.419137411635601,34.057000186542972
0.0078218750000000007,10.419190850244233,34.057193109423537
0.0078234375000000005,10.419244304708078,34.057386071253248
0.0078250000000000004,10.419297775030275,34.05757907203219
0.0078265625000000002,10.419351261213892,34.057772111761253
0.007828125,10.419404763262104,34.057965190440491
0.0078296874999999998,10.419458281177935,34.058158308069977
0.0078312499999999997,10.419511814964581,34.058351464650571
0.0078328125000000012,10.419565364625095,34.058544660181994
0.0078343750000000011,10.419618930162635,34.058737894664922
0.0078359375000000009,10.41967251158027,34.058931168099704
0.0078375000000000007,10.419726108881139,34.059124480486474
0.0078390625000000005,10.419779722068371,34.059317831825503
0.0078406250000000004,10.419833351145099,34.059511222117393
0.0078421875000000002,10.419886996114331,34.059704651362182
0.00784375,10.419940656979344,34.059898119560181
0.0078453124999999999,10.419994333743224,34.060091626711909
0.0078468749999999997,10.420048026408965,34.060285172817672
0.0078484374999999995,10.420101734979777,34.060478757877469
0.0078500000000000011,10.420155459458774,34.060672381891891
0.0078515625000000009,10.420209199849069,34.060866044861484
0.0078531250000000007,10.420262956153808,34.061059746786029
0.0078546875000000006,10.420316728376042,34.061253487666043
0.0078562500000000004,10.420370516518974,34.061447267501933
0.0078578125000000002,10.420424320585729,34.06164108629401
0.007859375,10.420478140579375,34.061834944042516
0.0078609374999999999,10.420531976503083,34.062028840747779
0.0078624999999999997,10.420585828359922,34.062222776410287
0.0078640624999999995,10.420639696153094,34.062416751030099
0.0078656250000000011,10.420693579885649,34.062610764607591
0.0078671875000000009,10.420747479560756,34.062804817143096
0.0078687500000000007,10.420801395181519,34.062998908637205
0.0078703125000000006,10.42085532675115,34.063193039089811
0.0078718750000000004,10.420909274272645,34.063387208501496
0.0078734375000000002,10.4209632377492,34.063581416872474
0.0078750000000000001,10.421017217183993,34.06377566420305
0.0078765624999999999,10.421071212580074,34.063969950493821
0.0078781249999999997,10.42112522394056,34.064164275744652
0.0078796874999999995,10.42117925126872,34.06435863995587
0.0078812500000000011,10.421233294567564,34.064553043128271
0.0078828125000000009,10.421287353840242,34.064747485261712
0.0078843750000000008,10.42134142908993,34.064941966356841
0.0078859375000000006,10.421395520319702,34.065136486413664
0.0078875000000000004,10.421449627532724,34.065331045432849
0.0078890625000000002,10.421503750732189,34.065525643414517
0.0078906250000000001,10.421557889921141,34.065720280359002
0.0078921874999999999,10.421612045102775,34.065914956266532
0.0078937499999999997,10.421666216280187,34.066109671137681
0.0078953124999999996,10.421720403456558,34.066304424972365
0.0078968750000000011,10.421774606635006,34.066499217771359
0.0078984375000000009,10.421828825818677,34.066694049534561
0.0079000000000000008,10.421883061010698,34.066888920262606
0.0079015625000000006,10.421937312214212,34.067083829955763
0.0079031250000000004,10.421991579432394,34.067278778614224
0.0079046875000000003,10.422045862668348,34.067473766238351
0.0079062500000000001,10.422100161925178,34.067668792828464
0.0079078124999999999,10.42215447720611,34.067863858384953
0.0079093749999999997,10.422208808514259,34.068058962908083
0.0079109374999999996,10.422263155852759,34.068254106398172
0.0079125000000000011,10.422317519224784,34.068449288855604
0.007914062500000001,10.422371898633402,34.068644510280642
0.0079156250000000008,10.422426294081852,34.06883977067352
0.0079171875000000006,10.422480705573244,34.069035070034722
0.0079187500000000004,10.422535133110705,34.069230408364426
0.0079203125000000003,10.422589576697412,34.069425785663128
0.0079218750000000001,10.422644036336512,34.069621201931056
0.0079234374999999999,10.422698512031161,34.069816657168431
0.0079249999999999998,10.422753003784461,34.070012151375607
0.0079265624999999996,10.422807511599594,34.070207684553111
0.0079281250000000011,10.422862035479689,34.070403256701113
0.007929687500000001,10.422916575427996,34.070598867819861
0.0079312500000000008,10.422971131447545,34.070794517909746
0.0079328125000000006,10.423025703541565,34.07099020697116
0.0079343750000000005,10.423080291713209,34.071185935004337
0.0079359375000000003,10.42313489596553,34.071381702009752
0.0079375000000000001,10.423189516301877,34.071577507987492
0.0079390624999999999,10.423244152725154,34.071773352937981
0.0079406249999999998,10.423298805238717,34.071969236861491
0.0079421874999999996,10.423353473845685,34.072165159758413
0.0079437500000000012,10.423408158549119,34.072361121629207
0.007945312500000001,10.42346285935227,34.072557122473995
0.0079468750000000008,10.423517576258282,34.072753162293068
0.0079484375000000006,10.423572309270313,34.072949241086881
0.0079500000000000005,10.423627058391498,34.073145358855726
0.0079515625000000003,10.423681823625005,34.0733415155999
0.0079531250000000001,10.423736604974057,34.073537711319801
0.0079546875,10.423791402441699,34.073733946015643
0.0079562499999999998,10.423846216031205,34.073930219687753
0.0079578124999999996,10.423901045745676,34.074126532336599
0.0079593750000000012,10.423955891588255,34.074322883962466
0.007960937500000001,10.424010753562191,34.074519274565517
0.0079625000000000008,10.424065631670572,34.0747157041462
0.0079640625000000007,10.424120525916614,34.0749121727047
0.0079656250000000005,10.42417543630345,34.075108680241541
0.0079671875000000003,10.424230362834285,34.075305226757102
0.0079687500000000001,10.424285305512219,34.075501812251453
0.0079703125,10.424340264340477,34.07569843672502
0.0079718749999999998,10.424395239322179,34.075895100178172
0.0079734374999999996,10.424450230460589,34.076091802611316
0.0079750000000000012,10.424505237758813,34.076288544024571
0.007976562500000001,10.424560261219971,34.076485324418343
0.0079781250000000008,10.424615300847325,34.076682143793086
0.0079796875000000007,10.424670356643981,34.076879002148885
0.0079812500000000005,10.424725428613161,34.07707589948631
0.0079828125000000003,10.424780516758013,34.077272835805573
0.0079843750000000002,10.424835621081751,34.077469811106965
0.0079859375,10.424890741587463,34.077666825390942
0.0079874999999999998,10.424945878278391,34.077863878657652
0.0079890624999999996,10.425001031157668,34.078060970907501
0.0079906250000000012,10.425056200228546,34.07825810214095
0.007992187500000001,10.425111385494127,34.078455272357942
0.0079937500000000009,10.425166586957577,34.078652481559395
0.0079953125000000007,10.425221804622186,34.078849729745194
0.0079968750000000005,10.425277038491011,34.079047016915787
0.0079984375000000003,10.425332288567246,34.079244343071437
0.0080000000000000002,10.425387554854165,34.079441708212528
0.0080015625,10.425442837354865,34.079639112339379
0.0080031249999999998,10.425498136072555,34.079836555452431
0.0080046874999999997,10.425553451010385,34.080034037551876
0.0080062500000000012,10.425608782171539,34.080231558638054
0.008007812500000001,10.425664129559266,34.080429118711251
0.0080093750000000009,10.4257194931767,34.080626717771992
0.0080109375000000007,10.425774873027034,34.080824355820347
0.0080125000000000005,10.425830269113414,34.081022032856659
0.0080140625000000004,10.425885681439144,34.081219748881587
0.0080156250000000002,10.425941110007219,34.081417503895238
0.0080171875,10.425996554821038,34.081615297897685
0.0080187499999999998,10.426052015883638,34.081813130889849
0.0080203124999999997,10.426107493198215,34.082011002871724
0.0080218750000000012,10.426162986768022,34.082208913843459
0.0080234375000000011,10.426218496596263,34.082406863805758
0.0080250000000000009,10.426274022686075,34.082604852758443
0.0080265625000000007,10.42632956504066,34.082802880702467
0.0080281250000000005,10.426385123663206,34.083000947637736
0.0080296875000000004,10.42644069855689,34.083199053564726
0.0080312500000000002,10.426496289724957,34.083397198483638
0.0080328125,10.426551897170544,34.083595382394904
0.0080343749999999999,10.426607520896896,34.083793605299
0.0080359374999999997,10.426663160907097,34.083991867196033
0.0080375000000000012,10.426718817204527,34.084190168086472
0.0080390625000000011,10.426774489792205,34.084388507970523
0.0080406250000000009,10.426830178673422,34.08458688684852
0.0080421875000000007,10.426885883851391,34.084785304721024
0.0080437500000000006,10.426941605329214,34.084983761588063
0.0080453125000000004,10.426997343110154,34.085182257450143
0.0080468750000000002,10.427053097197472,34.085380792307511
0.0080484375,10.42710886759421,34.085579366160431
0.0080499999999999999,10.427164654303684,34.085777979009507
0.0080515624999999997,10.427220457329083,34.085976630854894
0.0080531249999999995,10.427276276673563,34.086175321697063
0.0080546875000000011,10.427332112340405,34.086374051536204
0.0080562500000000009,10.427387964332723,34.086572820372517
0.0080578125000000007,10.427443832653713,34.086771628206542
0.0080593750000000006,10.427499717306711,34.086970475038548
0.0080609375000000004,10.42755561829477,34.087169360868927
0.0080625000000000002,10.427611535621187,34.087368285697899
0.0080640625,10.427667469289084,34.087567249525883
0.0080656249999999999,10.427723419301731,34.087766252353276
0.0080671874999999997,10.427779385662339,34.087965294180094
0.0080687499999999995,10.427835368374156,34.088164375007125
0.0080703125000000011,10.427891367440253,34.08836349483434
0.0080718750000000009,10.427947382863934,34.088562653662201
0.0080734375000000008,10.428003414648405,34.088761851491221
0.0080750000000000006,10.428059462796879,34.088961088321312
0.0080765625000000004,10.428115527312517,34.089160364153379
0.0080781250000000002,10.428171608198603,34.089359678987186
0.0080796875000000001,10.428227705458259,34.089559032823423
0.0080812499999999999,10.42828381909481,34.089758425662225
0.0080828124999999997,10.428339949111342,34.089957857504039
0.0080843749999999995,10.428396095511175,34.090157328349228
0.0080859375000000011,10.428452258297478,34.090356838198055
0.0080875000000000009,10.428508437473486,34.090556387050974
0.0080890625000000008,10.428564633042335,34.090755974908035
0.0080906250000000006,10.428620845007371,34.090955601769949
0.0080921875000000004,10.428677073371697,34.091155267636758
0.0080937500000000002,10.428733318138606,34.09135497250896
0.0080953125000000001,10.428789579311264,34.091554716386817
0.0080968749999999999,10.428845856892877,34.091754499270593
0.0080984374999999997,10.428902150886806,34.091954321160785
0.0080999999999999996,10.428958461296125,34.09215418205774
0.0081015625000000011,10.429014788123999,34.092354081961595
0.008103125000000001,10.429071131373789,34.092554020872946
0.0081046875000000008,10.429127491048718,34.092753998791856
0.0081062500000000006,10.429183867151886,34.092954015718874
0.0081078125000000004,10.429240259686667,34.093154071654318
0.0081093750000000003,10.429296668656209,34.093354166598431
0.0081109375000000001,10.429353094063678,34.093554300551403
0.0081124999999999999,10.429409535912365,34.093754473513904
0.0081140624999999997,10.429465994205486,34.093954685485997
0.0081156249999999996,10.429522468946265,34.094154936468271
0.0081171875000000011,10.429578960137967,34.094355226460976
0.008118750000000001,10.429635467783715,34.094555555464204
0.0081203125000000008,10.42969199188682,34.094755923478452
0.0081218750000000006,10.429748532450516,34.094956330504431
0.0081234375000000004,10.429805089478032,34.095156776541891
0.0081250000000000003,10.429861662972485,34.095357261591502
0.0081265625000000001,10.429918252937306,34.095557785653554
0.0081281249999999999,10.429974859375482,34.095758348728296
0.0081296874999999998,10.430031482290531,34.095958950816197
0.0081312499999999996,10.430088121685392,34.09615959191752
0.0081328125000000012,10.430144777563578,34.096360272032626
0.008134375000000001,10.430201449928061,34.096560991161645
0.0081359375000000008,10.430258138782268,34.096761749305188
0.0081375000000000006,10.430314844129311,34.096962546463573
0.0081390625000000005,10.43037156597248,34.097163382637177
0.0081406250000000003,10.430428304315019,34.097364257826065
0.0081421875000000001,10.43048505916013,34.097565172030819
0.0081437499999999999,10.430541830511096,34.097766125251688
0.0081453124999999998,10.430598618371102,34.097967117489141
0.0081468749999999996,10.430655422743479,34.098168148743369
0.0081484375000000012,10.430712243631332,34.098369219014693
0.008150000000000001,10.430769081038012,34.09857032830358
0.0081515625000000008,10.430825934966659,34.098771476610359
0.0081531250000000006,10.430882805420611,34.098972663935086
0.0081546875000000005,10.430939692403129,34.099173890278571
0.0081562500000000003,10.430996595917295,34.099375155640921
0.0081578125000000001,10.431053515966481,34.099576460022448
0.008159375,10.431110452553927,34.099777803423407
0.0081609374999999998,10.431167405682828,34.099979185844298
0.0081624999999999996,10.431224375356456,34.100180607285516
0.0081640625000000012,10.431281361578044,34.100382067747148
0.008165625000000001,10.43133836435087,34.100583567229897
0.0081671875000000008,10.431395383678115,34.100785105733792
0.0081687500000000007,10.431452419563115,34.100986683259222
0.0081703125000000005,10.431509472009058,34.101188299806587
0.0081718750000000003,10.43156654101916,34.101389955376241
0.0081734375000000001,10.431623626596759,34.101591649968555
0.008175,10.431680728745041,34.101793383583839
0.0081765624999999998,10.431737847467311,34.101995156222451
0.0081781249999999996,10.431794982766696,34.102196967884652
0.0081796875000000012,10.431852134646624,34.102398818570869
0.008181250000000001,10.431909303110201,34.102600708281379
0.0081828125000000008,10.43196648816077,34.10280263701658
0.0081843750000000007,10.432023689801524,34.103004604776878
0.0081859375000000005,10.432080908035747,34.103206611562392
0.0081875000000000003,10.432138142866661,34.103408657373777
0.0081890625000000002,10.432195394297606,34.103610742211018
0.008190625,10.432252662331736,34.103812866074797
0.0081921874999999998,10.432309946972346,34.104015028965328
0.0081937499999999996,10.432367248222715,34.104217230882789
0.0081953125000000012,10.432424566086125,34.104419471827818
0.008196875000000001,10.432481900565685,34.104621751800565
0.0081984375000000009,10.432539251664846,34.104824070801271
0.0082000000000000007,10.432596619386752,34.105026428830719
0.0082015625000000005,10.432654003734688,34.105228825888794
0.0082031250000000003,10.432711404711981,34.105431261976044
0.0082046875000000002,10.432768822321751,34.10563373709288
0.00820625,10.432826256567381,34.105836251239381
0.0082078124999999998,10.432883707452085,34.106038804416045
0.0082093749999999997,10.432941174979142,34.106241396623417
0.0082109375000000012,10.432998659151803,34.1064440278615
0.008212500000000001,10.433056159973333,34.106646698131009
0.0082140625000000009,10.433113677446974,34.106849407431795
0.0082156250000000007,10.433171211576052,34.107052155764713
0.0082171875000000005,10.433228762363793,34.107254943129782
0.0082187500000000004,10.433286329813461,34.107457769527414
0.0082203125000000002,10.433343913928361,34.107660634958066
0.008221875,10.433401514711688,34.107863539421906
0.0082234374999999998,10.433459132166762,34.108066482919504
0.0082249999999999997,10.433516766296842,34.108269465450974
0.0082265625000000012,10.433574417105191,34.108472487016883
0.0082281250000000011,10.43363208459512,34.108675547617374
0.0082296875000000009,10.433689768769884,34.108878647252936
0.0082312500000000007,10.433747469632669,34.10908178592387
0.0082328125000000005,10.433805187186895,34.109284963630571
0.0082343750000000004,10.433862921435736,34.109488180373184
0.0082359375000000002,10.433920672382481,34.109691436152382
0.0082375,10.433978440030392,34.109894730968314
0.0082390624999999999,10.434036224382785,34.110098064821237
0.0082406249999999997,10.43409402544293,34.110301437711662
0.0082421875000000012,10.434151843214055,34.110504849639923
0.0082437500000000011,10.434209677699483,34.110708300606277
0.0082453125000000009,10.434267528902456,34.11091179061134
0.0082468750000000007,10.434325396826253,34.111115319654928
0.0082484375000000006,10.434383281474224,34.111318887737909
0.0082500000000000004,10.434441182849577,34.111522494860402
0.0082515625000000002,10.434499100955607,34.111726141022693
0.008253125,10.434557035795569,34.111929826225236
0.0082546874999999999,10.434614987372798,34.112133550468428
0.0082562499999999997,10.434672955690562,34.112337313752661
0.0082578125000000013,10.434730940752143,34.112541116078162
0.0082593750000000011,10.434788942560774,34.112744957445166
0.0082609375000000009,10.434846961119773,34.112948837854262
0.0082625000000000007,10.434904996432424,34.11315275730562
0.0082640625000000006,10.434963048502032,34.113356715799675
0.0082656250000000004,10.435021117331884,34.113560713336803
0.0082671875000000002,10.435079202925259,34.113764749917401
0.0082687500000000001,10.435137305285405,34.113968825541463
0.0082703124999999999,10.435195424415626,34.114172940209869
0.0082718749999999997,10.435253560319241,34.114377093922599
0.0082734374999999995,10.435311712999498,34.114581286680149
0.0082750000000000011,10.435369882459709,34.114785518482847
0.0082765625000000009,10.435428068703201,34.114989789331183
0.0082781250000000008,10.435486271733163,34.115194099225043
0.0082796875000000006,10.435544491552992,34.115398448165273
0.0082812500000000004,10.43560272816587,34.115602836152078
0.0082828125000000002,10.435660981575225,34.115807263185687
0.0082843750000000001,10.43571925178426,34.116011729266511
0.0082859374999999999,10.435777538796293,34.116216234395104
0.0082874999999999997,10.435835842614585,34.116420778571602
0.0082890624999999996,10.435894163242446,34.116625361796295
0.0082906250000000011,10.435952500683234,34.116829984069696
0.0082921875000000009,10.436010854940157,34.117034645391996
0.0082937500000000008,10.436069226016544,34.117239345763771
0.0082953125000000006,10.436127613915676,34.117444085185276
0.0082968750000000004,10.436186018640939,34.117648863656896
0.0082984375000000003,10.436244440195502,34.117853681178794
0.0083000000000000001,10.436302878582762,34.118058537751459
0.0083015624999999999,10.436361333805932,34.118263433375311
0.0083031249999999997,10.436419805868404,34.11846836805055
0.0083046874999999996,10.436478294773428,34.118673341777672
0.0083062500000000011,10.436536800524326,34.11887835455709
0.008307812500000001,10.436595323124358,34.119083406388974
0.0083093750000000008,10.436653862576856,34.119288497273637
0.0083109375000000006,10.436712418885154,34.119493627211575
0.0083125000000000004,10.436770992052489,34.119698796203132
0.0083140625000000003,10.436829582082213,34.119904004248625
0.0083156250000000001,10.436888188977644,34.120109251348559
0.0083171874999999999,10.436946812742056,34.120314537503013
0.0083187499999999998,10.437005453378751,34.120519862712534
0.0083203124999999996,10.437064110891033,34.120725226977321
0.0083218750000000011,10.437122785282245,34.120930630297941
0.008323437500000001,10.437181476555669,34.12113607267456
0.0083250000000000008,10.437240184714623,34.121341554107772
0.0083265625000000006,10.43729890976239,34.121547074597679
0.0083281250000000005,10.437357651702351,34.121752634144713
0.0083296875000000003,10.437416410537717,34.121958232749279
0.0083312500000000001,10.437475186271881,34.122163870411711
0.0083328124999999999,10.437533978908133,34.122369547132152
0.0083343749999999998,10.437592788449773,34.122575262911262
0.0083359374999999996,10.437651614900078,34.122781017749382
0.0083375000000000012,10.437710458262456,34.122986811646761
0.008339062500000001,10.437769318540152,34.12319264460362
0.0083406250000000008,10.437828195736456,34.123398516620746
0.0083421875000000006,10.437887089854762,34.123604427698083
0.0083437500000000005,10.437946000898325,34.123810377836143
0.0083453125000000003,10.438004928870548,34.124016367035118
0.0083468750000000001,10.438063873774611,34.124222395295668
0.0083484375,10.43812283561396,34.124428462617708
0.0083499999999999998,10.438181814391791,34.12463456900219
0.0083515624999999996,10.438240810111571,34.124840714449242
0.0083531250000000012,10.438299822776484,34.125046898958921
0.008354687500000001,10.438358852389973,34.125253122531845
0.0083562500000000008,10.438417898955249,34.12545938516832
0.0083578125000000007,10.438476962475667,34.125665686868743
0.0083593750000000005,10.438536042954579,34.125872027633449
0.0083609375000000003,10.438595140395336,34.12607840746287
0.0083625000000000001,10.438654254801151,34.126284826357058
0.0083640625,10.438713386175444,34.126491284316764
0.0083656249999999998,10.438772534521499,34.126697781341953
0.0083671874999999996,10.438831699842629,34.126904317433606
0.0083687500000000012,10.438890882142218,34.127110892591368
0.008370312500000001,10.438950081423577,34.127317506815935
0.0083718750000000008,10.439009297689996,34.127524160107633
0.0083734375000000007,10.439068530944807,34.127730852466932
0.0083750000000000005,10.439127781191326,34.127937583894024
0.0083765625000000003,10.439187048432943,34.128144354389512
0.0083781250000000002,10.439246332672974,34.12835116395344
0.0083796875,10.439305633914701,34.128558012586247
0.0083812499999999998,10.439364952161487,34.128764900288566
0.0083828124999999996,10.439424287416655,34.128971827060361
0.0083843750000000012,10.439483639683527,34.129178792902259
0.008385937500000001,10.439543008965504,34.129385797814436
0.0083875000000000009,10.439602395265828,34.129592841797475
0.0083890625000000007,10.43966179858786,34.129799924851454
0.0083906250000000005,10.439721218934986,34.130007046976949
0.0083921875000000003,10.439780656310461,34.130214208174422
0.0083937500000000002,10.439840110717714,34.130421408443922
0.0083953125,10.439899582159985,34.130628647786004
0.0083968749999999998,10.439959070640688,34.130835926200952
0.0083984374999999997,10.44001857616308,34.131043243689071
0.0084000000000000012,10.44007809873057,34.131250600251001
0.008401562500000001,10.440137638346497,34.131457995887047
0.0084031250000000009,10.440197195014182,34.131665430597138
0.0084046875000000007,10.440256768736948,34.13187290438205
0.0084062500000000005,10.440316359518134,34.132080417242101
0.0084078125000000004,10.440375967361108,34.132287969177526
0.0084093750000000002,10.44043559226921,34.132495560188879
0.0084109375,10.44049523424578,34.132703190276153
0.0084124999999999998,10.44055489329414,34.132910859440102
0.0084140624999999997,10.440614569417665,34.133118567680988
0.0084156250000000012,10.440674262619694,34.133326314998953
0.0084171875000000011,10.440733972903558,34.133534101394623
0.0084187500000000009,10.440793700272561,34.133741926868275
0.0084203125000000007,10.440853444730175,34.133949791420235
0.0084218750000000005,10.440913206279637,34.134157695051009
0.0084234375000000004,10.440972984924283,34.134365637760816
0.0084250000000000002,10.441032780667561,34.134573619550032
0.0084265625,10.441092593512735,34.134781640419114
0.0084281249999999999,10.441152423463231,34.13498970036806
0.0084296874999999997,10.441212270522268,34.135197799397773
0.0084312500000000012,10.441272134693348,34.135405937508246
0.0084328125000000011,10.441332015979764,34.135614114700083
0.0084343750000000009,10.44139191438483,34.135822330973419
0.0084359375000000007,10.441451829911914,34.136030586328779
0.0084375000000000006,10.441511762564373,34.136238880766548
0.0084390625000000004,10.441571712345567,34.136447214286989
0.0084406250000000002,10.441631679258883,34.136655586890484
0.0084421875,10.441691663307653,34.136863998577446
0.0084437499999999999,10.441751664495227,34.137072449348047
0.0084453124999999997,10.441811682824948,34.137280939203066
0.0084468750000000013,10.441871718300201,34.137489468142419
0.0084484375000000011,10.441931770924338,34.137698036166775
0.0084500000000000009,10.441991840700679,34.137906643276295
0.0084515625000000007,10.442051927632626,34.138115289471543
0.0084531250000000006,10.442112031723498,34.138323974752744
0.0084546875000000004,10.44217215297669,34.13853269912039
0.0084562500000000002,10.442232291395571,34.138741462574615
0.0084578125000000001,10.442292446983473,34.138950265116044
0.0084593749999999999,10.442352619743742,34.139159106744941
0.0084609374999999997,10.442412809679833,34.139367987461661
0.0084625000000000013,10.442473016795013,34.139576907266509
0.0084640625000000011,10.442533241092679,34.139785866159897
0.0084656250000000009,10.44259348257618,34.139994864142118
0.0084671875000000008,10.442653741248948,34.140203901213994
0.0084687500000000006,10.442714017114238,34.140412977375256
0.0084703125000000004,10.442774310175491,34.140622092626586
0.0084718750000000002,10.44283462043612,34.140831246968354
0.0084734375000000001,10.442894947899338,34.141040440400772
0.0084749999999999999,10.44295529256863,34.141249672924552
0.0084765624999999997,10.443015654447352,34.141458944539757
0.0084781249999999996,10.443076033538841,34.141668255246643
0.0084796875000000011,10.443136429846531,34.141877605045963
0.0084812500000000009,10.443196843373713,34.142086993937745
0.0084828125000000008,10.443257274123805,34.142296421922559
0.0084843750000000006,10.443317722100129,34.14250588900078
0.0084859375000000004,10.443378187306147,34.142715395172772
0.0084875000000000003,10.443438669745188,34.142924940438725
0.0084890625000000001,10.44349916942058,34.143134524799144
0.0084906249999999999,10.443559686335741,34.143344148254435
0.0084921874999999997,10.443620220494024,34.143553810804818
0.0084937499999999996,10.443680771898855,34.143763512450839
0.0084953125000000011,10.443741340553556,34.143973253192598
0.008496875000000001,10.443801926461537,34.14418303303097
0.0084984375000000008,10.443862529626136,34.144392851965804
0.0085000000000000006,10.44392315005082,34.14460270999782
0.0085015625000000004,10.443983787738819,34.144812607127129
0.0085031250000000003,10.444044442693647,34.145022543354152
0.0085046875000000001,10.444105114918653,34.145232518679464
0.0085062499999999999,10.444165804417144,34.145442533103328
0.0085078124999999998,10.444226511192609,34.145652586626085
0.0085093749999999996,10.44428723524832,34.14586267924799
0.0085109375000000011,10.444347976587716,34.146072810969422
0.008512500000000001,10.444408735214239,34.146282981790982
0.0085140625000000008,10.444469511131182,34.146493191712914
0.0085156250000000006,10.444530304341974,34.146703440735685
0.0085171875000000005,10.444591114849963,34.146913728859502
0.0085187500000000003,10.444651942658561,34.147124056084813
0.0085203125000000001,10.444712787771163,34.147334422412037
0.0085218749999999999,10.444773650191117,34.147544827841323
0.0085234374999999998,10.444834529921845,34.147755272373402
0.0085249999999999996,10.444895426966749,34.147965756008453
0.0085265625000000012,10.444956341329169,34.148176278746661
0.008528125000000001,10.445017273012539,34.148386840588856
0.0085296875000000008,10.445078222020244,34.148597441534946
0.0085312500000000006,10.445139188355633,34.148808081585578
0.0085328125000000005,10.445200172022117,34.149018760740915
0.0085343750000000003,10.445261173023072,34.149229479001761
0.0085359375000000001,10.445322191361969,34.149440236368079
0.0085375,10.445383227042125,34.149651032840175
0.0085390624999999998,10.445444280066916,34.149861868418817
0.0085406249999999996,10.445505350439797,34.150072743104012
0.0085421875000000012,10.445566438164152,34.150283656896463
0.008543750000000001,10.445627543243365,34.150494609796162
0.0085453125000000008,10.445688665680812,34.150705601803772
0.0085468750000000007,10.445749805479892,34.150916632919802
0.0085484375000000005,10.445810962644011,34.151127703144134
0.0085500000000000003,10.445872137176579,34.151338812477434
0.0085515625000000001,10.445933329080995,34.151549960920057
0.008553125,10.445994538360635,34.151761148472545
0.0085546874999999998,10.446055765018967,34.151972375135038
0.0085562499999999996,10.446117009059252,34.152183640907971
0.0085578125000000012,10.446178270485024,34.152394945791656
0.008559375000000001,10.446239549299625,34.152606289786604
0.0085609375000000008,10.44630084550645,34.152817672893157
0.0085625000000000007,10.446362159108949,34.153029095111641
0.0085640625000000005,10.446423490110512,34.153240556442455
0.0085656250000000003,10.446484838514479,34.153452056886024
0.0085671875000000001,10.446546204324358,34.153663596442513
0.00856875,10.446607587543438,34.153875175112724
0.0085703124999999998,10.446668988175201,34.154086792896607
0.0085718749999999996,10.446730406223061,34.154298449794574
0.0085734375000000012,10.446791841690382,34.154510145807315
0.008575000000000001,10.446853294580619,34.1547218809349
0.0085765625000000009,10.446914764897086,34.154933655177977
0.0085781250000000007,10.446976252643287,34.155145468536631
0.0085796875000000005,10.447037757822596,34.155357321011302
0.0085812500000000003,10.447099280438444,34.155569212602472
0.0085828125000000002,10.447160820494219,34.155781143310641
0.008584375,10.447222377993336,34.155993113136098
0.0085859374999999998,10.447283952939209,34.156205122078902
0.0085874999999999996,10.447345545335226,34.156417170139861
0.0085890625000000012,10.447407155184885,34.156629257319018
0.008590625000000001,10.447468782491486,34.156841383617078
0.0085921875000000009,10.447530427258554,34.157053549034316
0.0085937500000000007,10.447592089489396,34.15726575357079
0.0085953125000000005,10.44765376918747,34.157477997227232
0.0085968750000000003,10.447715466356238,34.157690280003912
0.0085984375000000002,10.447777180999045,34.157902601901242
0.0086,10.447838913119393,34.15811496291964
0.0086015624999999998,10.447900662720617,34.1583273630593
0.0086031249999999997,10.447962429806179,34.158539802320824
0.0086046875000000012,10.448024214379453,34.158752280704448
0.0086062500000000011,10.448086016443925,34.158964798210654
0.0086078125000000009,10.448147836002962,34.159177354839578
0.0086093750000000007,10.448209673059976,34.159389950592029
0.0086109375000000005,10.448271527618548,34.159602585467987
0.0086125000000000004,10.448333399681839,34.159815259467969
0.0086140625000000002,10.448395289253448,34.160027972592488
0.008615625,10.448457196336731,34.160240724841614
0.0086171874999999998,10.44851912093516,34.160453516216009
0.0086187499999999997,10.448581063052153,34.160666346716106
0.0086203125000000012,10.448643022691082,34.160879216341947
0.0086218750000000011,10.448704999855421,34.161092125094193
0.0086234375000000009,10.448766994548551,34.161305072973299
0.0086250000000000007,10.448829006773982,34.1615180599794
0.0086265625000000005,10.44889103653513,34.161731086112809
0.0086281250000000004,10.44895308383529,34.161944151374207
0.0086296875000000002,10.449015148677992,34.162157255763738
0.00863125,10.449077231066717,34.16237039928189
0.0086328124999999999,10.449139331004789,34.162583581929077
0.0086343749999999997,10.449201448495751,34.162796803705703
0.0086359375000000013,10.449263583542885,34.16301006461191
0.0086375000000000011,10.449325736149778,34.163223364648353
0.0086390625000000009,10.449387906319792,34.163436703815535
0.0086406250000000007,10.449450094056358,34.163650082113278
0.0086421875000000006,10.44951229936288,34.163863499542437
0.0086437500000000004,10.449574522242862,34.164076956103209
0.0086453125000000002,10.449636762699663,34.164290451796163
0.008646875,10.449699020736801,34.164503986621327
0.0086484374999999999,10.449761296357632,34.164717560579561
0.0086499999999999997,10.449823589565662,34.164931173670908
0.0086515625000000013,10.449885900364286,34.165144825895808
0.0086531250000000011,10.449948228756991,34.165358517254639
0.0086546875000000009,10.450010574747139,34.165572247747932
0.0086562500000000007,10.450072938338216,34.165786017375879
0.0086578125000000006,10.450135319533663,34.165999826138943
0.0086593750000000004,10.450197718336936,34.166213674037586
0.0086609375000000002,10.450260134751398,34.166427561071927
0.0086625000000000001,10.450322568780575,34.166641487242806
0.0086640624999999999,10.450385020427936,34.166855452550024
0.0086656249999999997,10.450447489696773,34.167069456994568
0.0086671875000000013,10.450509976590668,34.16728350057631
0.0086687500000000011,10.450572481113047,34.167497583295962
0.0086703125000000009,10.450635003267305,34.167711705153884
0.0086718750000000008,10.450697543056943,34.167925866150178
0.0086734375000000006,10.450760100485336,34.168140066285574
0.0086750000000000004,10.450822675556028,34.168354305560449
0.0086765625000000002,10.450885268272362,34.168568583974832
0.0086781250000000001,10.450947878637855,34.168782901529504
0.0086796874999999999,10.451010506655962,34.168997258224572
0.0086812499999999997,10.451073152330062,34.169211654060582
0.0086828124999999996,10.451135815663633,34.169426089037863
0.0086843750000000011,10.451198496660183,34.169640563156811
0.0086859375000000009,10.451261195323127,34.16985507641779
0.0086875000000000008,10.451323911655871,34.170069628821253
0.0086890625000000006,10.451386645661968,34.170284220367371
0.0086906250000000004,10.451449397344749,34.170498851056905
0.0086921875000000003,10.451512166707804,34.170713520889812
0.0086937500000000001,10.451574953754436,34.170928229866945
0.0086953124999999999,10.451637758488234,34.171142977988374
0.0086968749999999997,10.451700580912563,34.171357765254569
0.0086984374999999996,10.451763421030934,34.171572591665807
0.0087000000000000011,10.451826278846747,34.171787457222663
0.008701562500000001,10.451889154363538,34.172002361925401
0.0087031250000000008,10.451952047584708,34.17221730577451
0.0087046875000000006,10.452014958513679,34.172432288770231
0.0087062500000000004,10.452077887154029,34.172647310913227
0.0087078125000000003,10.452140833509064,34.172862372203461
0.0087093750000000001,10.452203797582399,34.173077472641644
0.0087109374999999999,10.452266779377412,34.173292612228167
0.0087124999999999998,10.452329778897621,34.173507790963129
0.0087140624999999996,10.452392796146359,34.173723008847318
0.0087156250000000011,10.452455831127214,34.173938265880949
0.008717187500000001,10.45251888384362,34.174153562064269
0.0087187500000000008,10.452581954299013,34.174368897397692
0.0087203125000000006,10.452645042496876,34.174584271881955
0.0087218750000000005,10.452708148440717,34.174799685517058
0.0087234375000000003,10.452771272133871,34.175015138303628
0.0087250000000000001,10.452834413579961,34.175230630241785
0.0087265624999999999,10.45289757278235,34.175446161332118
0.0087281249999999998,10.452960749744541,34.175661731575033
0.0087296874999999996,10.453023944470008,34.175877340970857
0.0087312500000000012,10.453087156962246,34.176092989519994
0.008732812500000001,10.453150387224619,34.176308677222757
0.0087343750000000008,10.453213635260745,34.176524404079714
0.0087359375000000006,10.453276901073963,34.176740170091172
0.0087375000000000005,10.453340184667796,34.176955975257442
0.0087390625000000003,10.453403486045731,34.177171819579094
0.0087406250000000001,10.453466805211292,34.177387703056361
0.0087421875,10.453530142167793,34.177603625689642
0.0087437499999999998,10.453593496918879,34.177819587479455
0.0087453124999999996,10.453656869467935,34.178035588425843
0.0087468750000000012,10.453720259818436,34.178251628529708
0.008748437500000001,10.453783667973889,34.17846770779105
0.0087500000000000008,10.45384709393775,34.178683826210559
0.0087515625000000007,10.453910537713467,34.178899983788305
0.0087531250000000005,10.453973999304599,34.179116180524979
0.0087546875000000003,10.454037478714568,34.179332416420777
0.0087562500000000001,10.454100975946828,34.179548691476214
0.0087578125,10.454164491004954,34.179765005691557
0.0087593749999999998,10.454228023892282,34.179981359067263
0.0087609374999999996,10.454291574612428,34.180197751603785
0.0087625000000000012,10.454355143168772,34.180414183301437
0.008764062500000001,10.454418729564912,34.180630654160609
0.0087656250000000008,10.454482333804178,34.180847164181777
0.0087671875000000007,10.454545955890209,34.181063713365127
0.0087687500000000005,10.454609595826406,34.181280301711311
0.0087703125000000003,10.454673253616226,34.181496929220678
0.0087718750000000002,10.454736929263168,34.181713595893605
0.0087734375,10.454800622770826,34.181930301730347
0.0087749999999999998,10.454864334142501,34.182147046731181
0.0087765624999999996,10.454928063381891,34.182363830896939
0.0087781250000000012,10.454991810492277,34.182580654227799
0.008779687500000001,10.455055575477287,34.182797516724129
0.0087812500000000009,10.455119358340344,34.183014418386314
0.0087828125000000007,10.455183159084992,34.183231359214773
0.0087843750000000005,10.455246977714664,34.183448339209811
0.0087859375000000003,10.455310814232837,34.18366535837206
0.0087875000000000002,10.455374668643046,34.183882416701778
0.0087890625,10.455438540948853,34.184099514199289
0.0087906249999999998,10.45550243115358,34.184316650865021
0.0087921874999999997,10.455566339260836,34.184533826699408
0.0087937500000000012,10.455630265274049,34.184751041703052
0.008795312500000001,10.45569420919683,34.184968295875905
0.0087968750000000009,10.455758171032558,34.185185589218626
0.0087984375000000007,10.455822150784751,34.18540292173175
0.0088000000000000005,10.455886148456932,34.185620293415262
0.0088015625000000004,10.455950164052641,34.18583770427005
0.0088031250000000002,10.456014197575218,34.186055154295993
0.0088046875,10.456078249028314,34.186272643493865
0.0088062499999999998,10.456142318415386,34.186490171863994
0.0088078124999999997,10.456206405739902,34.186707739406849
0.0088093750000000012,10.456270511005389,34.186925346122536
0.0088109375000000011,10.456334634215329,34.187142992011772
0.0088125000000000009,10.456398775373215,34.187360677074558
0.0088140625000000007,10.456462934482651,34.18757840131174
0.0088156250000000005,10.45652711154694,34.187796164723395
0.0088171875000000004,10.456591306569818,34.188013967310255
0.0088187500000000002,10.456655519554541,34.188231809072398
0.0088203125,10.456719750504826,34.188449690010366
0.0088218749999999999,10.456783999424095,34.188667610124519
0.0088234374999999997,10.456848266315831,34.188885569415277
0.0088250000000000012,10.456912551183585,34.189103567883052
0.0088265625000000011,10.456976854030817,34.189321605528171
0.0088281250000000009,10.457041174861013,34.189539682351125
0.0088296875000000007,10.457105513677785,34.189757798352034
0.0088312500000000006,10.457169870484549,34.189975953531864
0.0088328125000000004,10.457234245284804,34.190194147890487
0.0088343750000000002,10.457298638082154,34.190412381428551
0.0088359375,10.457363048880046,34.190630654146432
0.0088374999999999999,10.457427477681986,34.190848966044477
0.0088390624999999997,10.457491924491507,34.191067317123085
0.0088406250000000013,10.457556389312106,34.19128570738274
0.0088421875000000011,10.457620872147254,34.191504136823703
0.0088437500000000009,10.457685373000587,34.191722605446493
0.0088453125000000007,10.457749891875521,34.191941113251559
0.0088468750000000006,10.457814428775547,34.192159660238978
0.0088484375000000004,10.45787898370423,34.192378246409682
0.0088500000000000002,10.457943556665127,34.192596871763612
0.0088515625000000001,10.45800814766166,34.192815536301396
0.0088531249999999999,10.458072756697391,34.193034240023259
0.0088546874999999997,10.458137383775853,34.193252982929891
0.0088562500000000013,10.458202028900534,34.193471765021442
0.0088578125000000011,10.458266692074996,34.193690586298281
0.0088593750000000009,10.458331373302711,34.19390944676104
0.0088609375000000008,10.458396072587201,34.194128346409904
0.0088625000000000006,10.45846078993206,34.194347285245414
0.0088640625000000004,10.458525525340683,34.194566263267973
0.0088656250000000002,10.458590278816686,34.194785280478001
0.0088671875000000001,10.458655050363554,34.195004336875677
0.0088687499999999999,10.458719839984832,34.195223432461717
0.0088703124999999997,10.458784647684018,34.195442567236299
0.0088718750000000013,10.458849473464669,34.19566174119992
0.0088734375000000011,10.458914317330281,34.195880954352887
0.0088750000000000009,10.458979179284341,34.196100206695924
0.0088765625000000008,10.459044059330468,34.196319498228803
0.0088781250000000006,10.459108957472163,34.19653882895264
0.0088796875000000004,10.459173873712931,34.1967581988674
0.0088812500000000003,10.459238808056234,34.196977607973544
0.0088828125000000001,10.459303760505763,34.19719705627157
0.0088843749999999999,10.459368731064862,34.197416543761868
0.0088859374999999997,10.459433719737191,34.197636070444752
0.0088874999999999996,10.459498726526254,34.19785563632081
0.0088890625000000011,10.459563751435542,34.198075241390278
0.008890625000000001,10.459628794468566,34.198294885653588
0.0088921875000000008,10.459693855629,34.198514569111197
0.0088937500000000006,10.459758934920169,34.198734291763245
0.0088953125000000004,10.459824032345811,34.198954053610755
0.0088968750000000003,10.459889147909305,34.199173854653509
0.0088984375000000001,10.459954281614293,34.199393694892301
0.0088999999999999999,10.460019433464209,34.199613574327266
0.0089015624999999998,10.46008460346267,34.199833492959023
0.0089031249999999996,10.460149791613171,34.200053450787813
0.0089046875000000011,10.460214997919255,34.20027344781419
0.008906250000000001,10.460280222384496,34.200493484038276
0.0089078125000000008,10.46034546501236,34.200713559461015
0.0089093750000000006,10.460410725806456,34.200933674082243
0.0089109375000000005,10.46047600477028,34.201153827902736
0.0089125000000000003,10.460541301907428,34.201374020922557
0.0089140625000000001,10.460606617221286,34.201594253142524
0.0089156249999999999,10.46067195071562,34.201814524562799
0.0089171874999999998,10.46073730239382,34.202034835183845
0.0089187499999999996,10.460802672259479,34.202255185006017
0.0089203125000000012,10.460868060316127,34.202475574029911
0.008921875000000001,10.460933466567258,34.202696002255522
0.0089234375000000008,10.460998891016503,34.202916469683743
0.0089250000000000006,10.461064333667446,34.203136976314752
0.0089265625000000005,10.461129794523393,34.203357522148885
0.0089281250000000003,10.461195273588213,34.203578107186679
0.0089296875000000001,10.46126077086519,34.203798731428442
0.00893125,10.461326286358013,34.204019394874713
0.0089328124999999998,10.461391820070215,34.204240097525719
0.0089343749999999996,10.461457372005244,34.204460839382151
0.0089359375000000012,10.461522942166788,34.204681620444155
0.008937500000000001,10.461588530558307,34.204902440712374
0.0089390625000000008,10.461654137183432,34.20512330018687
0.0089406250000000007,10.461719762045606,34.205344198868211
0.0089421875000000005,10.461785405148481,34.205565136756967
0.0089437500000000003,10.461851066495498,34.205786113853293
0.0089453125000000001,10.461916746090296,34.20600713015795
0.008946875,10.46198244393644,34.206228185670874
0.0089484374999999998,10.462048160037433,34.206449280393059
0.0089499999999999996,10.462113894396778,34.206670414324556
0.0089515625000000012,10.462179647018221,34.206891587465506
0.008953125000000001,10.462245417905113,34.207112799816947
0.0089546875000000008,10.462311207061125,34.207334051378588
0.0089562500000000007,10.462377014489739,34.207555342151295
0.0089578125000000005,10.462442840194599,34.207776672135665
0.0089593750000000003,10.462508684179189,34.207998041331599
0.0089609375000000002,10.462574546447138,34.2082194497399
0.0089625,10.46264042700197,34.208440897360695
0.0089640624999999998,10.462706325847179,34.208662384194625
0.0089656249999999996,10.462772242986398,34.208883910241994
0.0089671875000000012,10.462838178423212,34.209105475503137
0.008968750000000001,10.462904132161137,34.209327079978749
0.0089703125000000009,10.462970104203746,34.209548723668902
0.0089718750000000007,10.463036094554562,34.209770406574151
0.0089734375000000005,10.463102103217237,34.209992128695035
0.0089750000000000003,10.463168130195296,34.210213890031632
0.0089765625000000002,10.463234175492296,34.210435690584596
0.008978125,10.46330023911176,34.210657530354482
0.0089796874999999998,10.463366321057332,34.210879409341359
0.0089812499999999997,10.463432421332516,34.211101327545961
0.0089828125000000012,10.463498539940876,34.211323284968422
0.008984375000000001,10.463564676886051,34.211545281609588
0.0089859375000000009,10.463630832171589,34.211767317469189
0.0089875000000000007,10.463697005801066,34.211989392548141
0.0089890625000000005,10.463763197777912,34.212211506846685
0.0089906250000000004,10.463829408105894,34.212433660365363
0.0089921875000000002,10.463895636788463,34.212655853104359
0.00899375,10.46396188382926,34.212878085064261
0.0089953124999999998,10.464028149231773,34.213100356245619
0.0089968749999999997,10.464094432999669,34.2133226666487
0.0089984375000000012,10.464160735136453,34.21354501627394
0.0090000000000000011,10.464227055645683,34.213767405121516
0.0090015625000000009,10.464293394531046,34.213989833192137
0.0090031250000000007,10.464359751795996,34.214212300486075
0.0090046875000000005,10.464426127444186,34.214434807003862
0.0090062500000000004,10.464492521479166,34.214657352745817
0.0090078125000000002,10.464558933904442,34.214879937712276
0.009009375,10.464625364723718,34.215102561903841
0.0090109374999999999,10.464691813940547,34.21532522532096
0.0090124999999999997,10.464758281558415,34.215547927963783
0.0090140625000000012,10.464824767580975,34.215770669832921
0.0090156250000000011,10.46489127201175,34.21599345092875
0.0090171875000000009,10.464957794854456,34.21621627125171
0.0090187500000000007,10.465024336112524,34.216439130802272
0.0090203125000000006,10.465090895789556,34.216662029580682
0.0090218750000000004,10.46515747388929,34.216884967587333
0.0090234375000000002,10.465224070415079,34.217107944822821
0.009025,10.465290685370656,34.21733096128758
0.0090265624999999999,10.465357318759548,34.217554016981893
0.0090281249999999997,10.465423970585432,34.217777111906223
0.0090296875000000013,10.465490640851746,34.218000246061067
0.0090312500000000011,10.465557329562149,34.218223419446616
0.0090328125000000009,10.465624036720261,34.218446632063483
0.0090343750000000007,10.465690762329647,34.218669883911957
0.0090359375000000006,10.465757506393851,34.218893174992537
0.0090375000000000004,10.465824268916533,34.219116505305941
0.0090390625000000002,10.465891049901249,34.219339874852018
0.009040625,10.465957849351515,34.219563283631707
0.0090421874999999999,10.466024667271027,34.219786731644909
0.0090437499999999997,10.466091503663364,34.220010218892327
0.0090453125000000013,10.46615835853212,34.220233745374387
0.0090468750000000011,10.466225231880829,34.220457311091593
0.0090484375000000009,10.46629212371311,34.220680916044081
0.0090500000000000008,10.466359034032511,34.220904560232647
0.0090515625000000006,10.466425962842782,34.221128243657319
0.0090531250000000004,10.466492910147368,34.221351966318721
0.0090546875000000002,10.466559875949883,34.221575728217339
0.0090562500000000001,10.466626860253974,34.221799529353653
0.0090578124999999999,10.466693863063236,34.222023369727737
0.0090593749999999997,10.466760884381205,34.222247249340214
0.0090609375000000013,10.466827924211588,34.222471168191468
0.0090625000000000011,10.466894982557802,34.222695126282062
0.0090640625000000009,10.466962059423595,34.2229191236123
0.0090656250000000008,10.467029154812542,34.223143160182516
0.0090671875000000006,10.46709626872827,34.22336723599328
0.0090687500000000004,10.467163401174275,34.223591351044796
0.0090703125000000002,10.467230552154239,34.223815505337917
0.0090718750000000001,10.467297721671779,34.224039698872737
0.0090734374999999999,10.467364909730437,34.224263931649539
0.0090749999999999997,10.467432116333823,34.22448820366909
0.0090765625000000013,10.467499341485617,34.224712514931618
0.0090781250000000011,10.46756658518933,34.224936865437648
0.009079687500000001,10.467633847448598,34.225161255187622
0.0090812500000000008,10.467701128267029,34.225385684181788
0.0090828125000000006,10.467768427648245,34.225610152420465
0.0090843750000000004,10.467835745595879,34.2258346599045
0.0090859375000000003,10.467903082113448,34.226059206633899
0.0090875000000000001,10.46797043720467,34.226283792609379
0.0090890624999999999,10.468037810873055,34.226508417831198
0.0090906249999999997,10.46810520312224,34.22673308229998
0.0090921874999999996,10.468172613955858,34.22695778601588
0.0090937500000000011,10.468240043377511,34.227182528979498
0.009095312500000001,10.46830749139084,34.227407311191072
0.0090968750000000008,10.4683749579994,34.227632132651287
0.0090984375000000006,10.468442443206808,34.227856993360504
0.0091000000000000004,10.468509947016717,34.228081893318922
0.0091015625000000003,10.468577469432693,34.228306832527196
0.0091031250000000001,10.468645010458436,34.228531810985537
0.0091046874999999999,10.468712570097489,34.228756828694607
0.0091062499999999998,10.468780148353469,34.228981885654669
0.0091078124999999996,10.46884774522999,34.229206981866305
0.0091093750000000012,10.468915360730692,34.229432117329864
0.009110937500000001,10.468982994859163,34.229657292045601
0.0091125000000000008,10.469050647619065,34.229882506014199
0.0091140625000000006,10.469118319013996,34.230107759235992
0.0091156250000000005,10.469186009047524,34.23033305171127
0.0091171875000000003,10.469253717723358,34.230558383440446
0.0091187500000000001,10.469321445045066,34.230783754424394
0.0091203124999999999,10.469389191016237,34.231009164663149
0.0091218749999999998,10.469456955640601,34.231234614157074
0.0091234374999999996,10.469524738921672,34.231460102906759
0.0091250000000000012,10.469592540863099,34.231685630912452
0.009126562500000001,10.469660361468524,34.231911198174998
0.0091281250000000008,10.46972820074159,34.232136804694285
0.0091296875000000006,10.469796058685878,34.232362450471115
0.0091312500000000005,10.469863935305025,34.232588135505743
0.0091328125000000003,10.469931830602675,34.232813859798711
0.0091343750000000001,10.469999744582411,34.233039623350471
0.0091359375,10.470067677247927,34.233265426161267
0.0091374999999999998,10.470135628602803,34.233491268231639
0.0091390624999999996,10.470203598650697,34.233717149561869
0.0091406250000000012,10.470271587395159,34.233943070152762
0.009142187500000001,10.470339594839961,34.234169030004374
0.0091437500000000008,10.470407620988542,34.234395029117103
0.0091453125000000007,10.470475665844722,34.234621067491787
0.0091468750000000005,10.470543729412023,34.23484714512837
0.0091484375000000003,10.470611811694097,34.235073262027562
0.0091500000000000001,10.470679912694598,34.23529941818974
0.0091515625,10.470748032417106,34.235525613615408
0.0091531249999999998,10.470816170865337,34.235751848304837
0.0091546874999999996,10.470884328042853,34.235978122258643
0.0091562500000000012,10.47095250395332,34.236204435476985
0.009157812500000001,10.471020698600398,34.236430787960586
0.0091593750000000008,10.471088911987664,34.236657179709766
0.0091609375000000007,10.471157144118775,34.236883610724767
0.0091625000000000005,10.471225394997413,34.2371100810062
0.0091640625000000003,10.471293664627112,34.237336590554662
0.0091656250000000002,10.47136195301162,34.237563139370224
0.0091671875,10.4714302601546,34.237789727453553
0.0091687499999999998,10.471498586059539,34.238016354804863
0.0091703124999999996,10.471566930730145,34.238243021425014
0.0091718750000000012,10.471635294170149,34.238469727314012
0.009173437500000001,10.471703676383083,34.238696472472377
0.0091750000000000009,10.471772077372627,34.238923256900534
0.0091765625000000007,10.47184049714245,34.239150080599174
0.0091781250000000005,10.471908935696161,34.239376943568324
0.0091796875000000003,10.471977393037388,34.239603845808716
0.0091812500000000002,10.472045869169772,34.239830787320699
0.0091828125,10.472114364097058,34.240057768104691
0.0091843749999999998,10.472182877822732,34.240284788160999
0.0091859374999999997,10.472251410350633,34.240511847490446
0.0091875000000000012,10.472319961684239,34.240738946092868
0.009189062500000001,10.472388531827226,34.240966083969099
0.0091906250000000009,10.472457120783311,34.241193261119562
0.0091921875000000007,10.472525728556084,34.241420477544601
0.0091937500000000005,10.47259435514928,34.241647733244712
0.0091953125000000004,10.472663000566412,34.241875028220136
0.0091968750000000002,10.472731664811286,34.242102362471606
0.0091984375,10.472800347887381,34.242329735999292
0.0091999999999999998,10.472869049798474,34.242557148803847
0.0092015624999999997,10.472937770548175,34.242784600885415
0.0092031250000000012,10.473006510140154,34.243012092244633
0.0092046875000000011,10.473075268578075,34.243239622882051
0.0092062500000000009,10.473144045865517,34.243467192797965
0.0092078125000000007,10.473212842006223,34.243694801992675
0.0092093750000000005,10.473281657003817,34.243922450466791
0.0092109375000000004,10.473350490861941,34.244150138220597
0.0092125000000000002,10.473419343584277,34.244377865254869
0.0092140625,10.473488215174422,34.244605631569478
0.0092156249999999999,10.473557105636097,34.244833437165319
0.0092171874999999997,10.473626014972922,34.245061282042727
0.0092187500000000012,10.47369494318864,34.245289166202035
0.0092203125000000011,10.473763890286774,34.245517089643755
0.0092218750000000009,10.473832856271073,34.24574505236825
0.0092234375000000007,10.47390184114524,34.245973054376151
0.0092250000000000006,10.473970844912859,34.246201095667644
0.0092265625000000004,10.474039867577535,34.246429176243346
0.0092281250000000002,10.474108909143043,34.246657296103365
0.0092296875,10.474177969613018,34.246885455248588
0.0092312499999999999,10.474247048991149,34.247113653679286
0.0092328124999999997,10.474316147281016,34.247341891395727
0.0092343750000000013,10.474385264486335,34.247570168398497
0.0092359375000000011,10.47445440061079,34.247798484688104
0.0092375000000000009,10.474523555657996,34.248026840264629
0.0092390625000000007,10.474592729631672,34.248255235129029
0.0092406250000000006,10.474661922535462,34.248483669281406
0.0092421875000000004,10.474731134373018,34.248712142722383
0.0092437500000000002,10.474800365148027,34.248940655451989
0.0092453125000000001,10.474869614864195,34.249169207471219
0.0092468749999999999,10.474938883525066,34.249397798780223
0.0092484374999999997,10.475008171134455,34.249626429379255
0.0092500000000000013,10.47507747769602,34.24985509926919
0.0092515625000000011,10.475146803213311,34.250083808450249
0.0092531250000000009,10.475216147690118,34.250312556922744
0.0092546875000000008,10.475285511130059,34.250541344687178
0.0092562500000000006,10.475354893536791,34.25077017174408
0.0092578125000000004,10.47542429491406,34.250999038093951
0.0092593750000000002,10.475493715265516,34.251227943736865
0.0092609375000000001,10.475563154594788,34.251456888673779
0.0092624999999999999,10.475632612905578,34.25168587290478
0.0092640624999999997,10.475702090201603,34.251914896430314
0.0092656250000000013,10.475771586486447,34.252143959251001
0.0092671875000000011,10.475841101763857,34.25237306136723
0.0092687500000000009,10.475910636037554,34.252602202779222
0.0092703125000000008,10.475980189311088,34.252831383487603
0.0092718750000000006,10.476049761588239,34.253060603492898
0.0092734375000000004,10.476119352872674,34.253289862795413
0.0092750000000000003,10.476188963167996,34.253519161395637
0.0092765625000000001,10.476258592478013,34.253748499293984
0.0092781249999999999,10.476328240806321,34.253977876490872
0.0092796874999999997,10.476397908156619,34.254207292986798
0.0092812500000000013,10.476467594532592,34.254436748782219
0.0092828125000000011,10.476537299937958,34.254666243877374
0.009284375000000001,10.476607024376307,34.254895778272974
0.0092859375000000008,10.476676767851407,34.255125351969156
0.0092875000000000006,10.476746530366901,34.255354964966713
0.0092890625000000004,10.476816311926527,34.255584617265974
0.0092906250000000003,10.476886112533945,34.255814308867187
0.0092921875000000001,10.4769559321928,34.256044039770934
0.0092937499999999999,10.477025770906865,34.256273809977806
0.0092953124999999998,10.47709562867977,34.256503619488051
0.0092968749999999996,10.477165505515176,34.256733468301888
0.0092984375000000011,10.477235401416891,34.256963356420265
0.009300000000000001,10.477305316388415,34.2571932838433
0.0093015625000000008,10.477375250433637,34.257423250571577
0.0093031250000000006,10.47744520355614,34.257653256605437
0.0093046875000000005,10.477515175759645,34.257883301945554
0.0093062500000000003,10.477585167047815,34.25811338659193
0.0093078125000000001,10.477655177424346,34.25834351054516
0.0093093749999999999,10.47772520689297,34.258573673806147
0.0093109374999999998,10.477795255457389,34.258803876374799
0.0093124999999999996,10.477865323121222,34.259034118251598
0.0093140625000000012,10.477935409888259,34.259264399437214
0.009315625000000001,10.478005515762124,34.259494719931972
0.0093171875000000008,10.478075640746544,34.259725079736285
0.0093187500000000006,10.478145784845186,34.259955478850806
0.0093203125000000005,10.4782159480618,34.260185917275699
0.0093218750000000003,10.478286130400051,34.260416395011546
0.0093234375000000001,10.478356331863658,34.260646912058682
0.009325,10.478426552456275,34.260877468417853
0.0093265624999999998,10.478496792181685,34.2611080640891
0.0093281249999999996,10.478567051043498,34.261338699073256
0.0093296875000000012,10.47863732904548,34.261569373370364
0.009331250000000001,10.47870762619133,34.261800086981125
0.0093328125000000008,10.47877794248468,34.262030839905933
0.0093343750000000007,10.478848277929304,34.262261632145261
0.0093359375000000005,10.478918632528902,34.262492463699502
0.0093375000000000003,10.478989006287181,34.262723334569138
0.0093390625000000001,10.479059399207779,34.262954244754582
0.009340625,10.479129811294472,34.263185194256351
0.0093421874999999998,10.479200242550975,34.263416183074582
0.0093437499999999996,10.479270692980954,34.263647211210255
0.0093453125000000012,10.479341162588149,34.263878278663569
0.009346875000000001,10.479411651376187,34.264109385434772
0.0093484375000000008,10.479482159348869,34.26434053152456
0.0093500000000000007,10.479552686509889,34.264571716933276
0.0093515625000000005,10.479623232862938,34.264802941661415
0.0093531250000000003,10.47969379841166,34.265034205709313
0.0093546875000000002,10.479764383159933,34.265265509077501
0.00935625,10.479834987111367,34.265496851766649
0.0093578124999999998,10.479905610269652,34.265728233776741
0.0093593749999999996,10.479976252638545,34.265959655108553
0.0093609375000000012,10.480046914221704,34.266191115762354
0.009362500000000001,10.480117595022941,34.266422615739039
0.0093640625000000009,10.48018829504584,34.266654155038331
0.0093656250000000007,10.480259014294287,34.266885733661006
0.0093671875000000005,10.480329752771864,34.26711735160761
0.0093687500000000003,10.48040051048226,34.267349008878632
0.0093703125000000002,10.48047128742933,34.267580705474288
0.009371875,10.48054208361666,34.267812441395279
0.0093734374999999998,10.480612899048079,34.268044216641819
0.0093749999999999997,10.480683733727272,34.26827603121454
0.0093765625000000012,10.480754587657898,34.268507885113884
0.009378125000000001,10.480825460843693,34.268739778340198
0.0093796875000000009,10.480896353288475,34.26897171089383
0.0093812500000000007,10.480967264995886,34.269203682775405
0.0093828125000000005,10.481038195969578,34.269435693985443
0.0093843750000000004,10.481109146213402,34.269667744524114
0.0093859375000000002,10.481180115731057,34.269899834392191
0.0093875,10.481251104526217,34.270131963589947
0.0093890624999999998,10.481322112602626,34.270364132117905
0.0093906249999999997,10.481393139964069,34.270596339976443
0.0093921875000000012,10.481464186614181,34.270828587165987
0.0093937500000000011,10.481535252556721,34.271060873687055
0.0093953125000000009,10.48160633779543,34.271293199540033
0.0093968750000000007,10.481677442334009,34.271525564725508
0.0093984375000000005,10.481748566176194,34.271757969243851
0.0094000000000000004,10.481819709325761,34.271990413095359
0.0094015625000000002,10.481890871786364,34.272222896280645
0.009403125,10.481962053561789,34.272455418800192
0.0094046874999999999,10.482033254655741,34.272687980654439
0.0094062499999999997,10.482104475071996,34.272920581843863
0.0094078125000000012,10.48217571481419,34.273153222368663
0.0094093750000000011,10.482246973886111,34.27338590222972
0.0094109375000000009,10.482318252291492,34.273618621426976
0.0094125000000000007,10.482389550034108,34.273851379961251
0.0094140625000000006,10.482460867117618,34.274084177832876
0.0094156250000000004,10.48253220354583,34.274317015042364
0.0094171875000000002,10.482603559322396,34.274549891590112
0.00941875,10.482674934451142,34.274782807476583
0.0094203124999999999,10.482746328935718,34.275015762702395
0.0094218749999999997,10.482817742779922,34.275248757267498
0.0094234375000000013,10.482889175987486,34.275481791172929
0.0094250000000000011,10.482960628562092,34.275714864418845
0.0094265625000000009,10.483032100507577,34.275947977005657
0.0094281250000000007,10.483103591827565,34.276181128934155
0.0094296875000000006,10.483175102525857,34.276414320204346
0.0094312500000000004,10.483246632606201,34.276647550816925
0.0094328125000000002,10.48331818207236,34.276880820772497
0.0094343750000000001,10.48338975092806,34.277114130071027
0.0094359374999999999,10.483461339176955,34.277347478713466
0.0094374999999999997,10.483532946822924,34.277580866700099
0.0094390625000000013,10.483604573869577,34.277814294031245
0.0094406250000000011,10.483676220320801,34.278047760707594
0.0094421875000000009,10.483747886180243,34.278281266729302
0.0094437500000000008,10.483819571451686,34.278514812097065
0.0094453125000000006,10.483891276138834,34.278748396811238
0.0094468750000000004,10.483963000245501,34.278982020872419
0.0094484375000000002,10.484034743775375,34.279215684280921
0.0094500000000000001,10.484106506732232,34.279449387037168
0.0094515624999999999,10.484178289119837,34.279683129141759
0.0094531249999999997,10.48425009094187,34.279916910595048
0.0094546875000000013,10.484321912202157,34.280150731397569
0.0094562500000000011,10.484393752904433,34.280384591549648
0.0094578125000000009,10.484465613052409,34.280618491051854
0.0094593750000000008,10.48453749264986,34.280852429904549
0.0094609375000000006,10.484609391700575,34.281086408108322
0.0094625000000000004,10.484681310208233,34.281320425663424
0.0094640625000000003,10.484753248176652,34.281554482570684
0.0094656250000000001,10.484825205609523,34.281788578830231
0.0094671874999999999,10.48489718251073,34.282022714442462
0.0094687499999999997,10.484969178883837,34.282256889408053
0.0094703125000000013,10.485041194732739,34.28249110372748
0.0094718750000000011,10.485113230061144,34.282725357401006
0.009473437500000001,10.485185284872816,34.282959650429305
0.0094750000000000008,10.485257359171545,34.283193982812584
0.0094765625000000006,10.485329452960995,34.283428354551468
0.0094781250000000004,10.485401566245045,34.283662765646397
0.0094796875000000003,10.48547369902732,34.283897216097834
0.0094812500000000001,10.48554585131175,34.284131705906226
0.0094828124999999999,10.485618023101981,34.284366235072163
0.0094843749999999998,10.48569021440176,34.284600803595637
0.0094859375000000013,10.485762425214922,34.284835411477722
0.0094875000000000011,10.48583465554511,34.285070058718588
0.009489062500000001,10.485906905396272,34.285304745318562
0.0094906250000000008,10.485979174771998,34.285539471278263
0.0094921875000000006,10.486051463676139,34.285774236598208
0.0094937500000000005,10.486123772112448,34.286009041278774
0.0094953125000000003,10.486196100084687,34.286243885320431
0.0094968750000000001,10.486268447596595,34.286478768723576
0.0094984374999999999,10.486340814651996,34.286713691488679
0.0094999999999999998,10.486413201254582,34.286948653616321
0.0095015624999999996,10.486485607408186,34.287183655106915
0.0095031250000000012,10.486558033116545,34.287418695960852
0.009504687500000001,10.486630478383464,34.28765377617858
0.0095062500000000008,10.486702943212615,34.287888895760602
0.0095078125000000006,10.486775427607878,34.288124054707581
0.0095093750000000005,10.486847931573008,34.288359253019607
0.0095109375000000003,10.486920455111667,34.288594490697371
0.0095125000000000001,10.48699299822777,34.288829767741191
0.0095140625,10.487065560925046,34.289065084151723
0.0095156249999999998,10.487138143207227,34.289300439929335
0.0095171874999999996,10.487210745078118,34.289535835074446
0.0095187500000000012,10.487283366541462,34.289771269587597
0.009520312500000001,10.487356007601051,34.290006743469213
0.0095218750000000008,10.487428668260652,34.290242256719587
0.0095234375000000007,10.487501348524122,34.290477809339549
0.0095250000000000005,10.487574048395086,34.290713401329235
0.0095265625000000003,10.487646767877509,34.290949032689205
0.0095281250000000001,10.48771950697499,34.291184703419994
0.0095296875,10.487792265691402,34.291420413521827
0.0095312499999999998,10.487865044030491,34.291656162995743
0.0095328124999999996,10.487937841996105,34.291891951841528
0.0095343750000000012,10.488010659591893,34.29212778006
0.009535937500000001,10.48808349682179,34.292363647651548
0.0095375000000000008,10.488156353689423,34.292599554616743
0.0095390625000000007,10.488229230198712,34.292835500955853
0.0095406250000000005,10.488302126353345,34.293071486669504
0.0095421875000000003,10.488375042157141,34.293307511758051
0.0095437500000000001,10.488447977613891,34.293543576221964
0.0095453125,10.488520932727347,34.293779680061668
0.0095468749999999998,10.488593907501388,34.294015823277824
0.0095484374999999996,10.488666901939654,34.294252005870966
0.0095500000000000012,10.488739916046043,34.294488227841093
0.009551562500000001,10.48881294982429,34.2947244891891
0.0095531250000000009,10.488886003278159,34.294960789915159
0.0095546875000000007,10.488959076411545,34.295197130019908
0.0095562500000000005,10.489032169228109,34.295433509503873
0.0095578125000000003,10.489105281731716,34.295669928367367
0.0095593750000000002,10.489178413926172,34.295906386610966
0.0095609375,10.489251565815186,34.296142884235003
0.0095624999999999998,10.489324737402617,34.296379421240033
0.0095640624999999996,10.489397928692211,34.296615997626567
0.0095656250000000012,10.489471139687804,34.296852613395018
0.009567187500000001,10.489544370393196,34.297089268545832
0.0095687500000000009,10.489617620812087,34.297325963079459
0.0095703125000000007,10.489690890948369,34.297562696996444
0.0095718750000000005,10.489764180805846,34.297799470297072
0.0095734375000000003,10.489837490388254,34.298036282982132
0.0095750000000000002,10.489910819699372,34.298273135051772
0.0095765625,10.489984168743087,34.298510026506719
0.0095781249999999998,10.490057537523068,34.298746957347284
0.0095796874999999997,10.49013092604322,34.298983927573872
0.0095812500000000012,10.4902043343073,34.29922093718708
0.0095828125000000011,10.490277762319126,34.299457986187484
0.0095843750000000009,10.49035121008245,34.299695074575219
0.0095859375000000007,10.490424677601171,34.299932202351059
0.0095875000000000005,10.490498164878938,34.300169369515231
0.0095890625000000004,10.490571671919657,34.300406576068617
0.0095906250000000002,10.490645198727128,34.300643822011196
0.0095921875,10.49071874530514,34.300881107343642
0.0095937499999999998,10.490792311657444,34.301118432066474
0.0095953124999999997,10.490865897788023,34.30135579618004
0.0095968750000000012,10.490939503700432,34.301593199684831
0.0095984375000000011,10.491013129398581,34.30183064258155
0.0096000000000000009,10.491086774886368,34.302068124870203
0.0096015625000000007,10.491160440167457,34.302305646551758
0.0096031250000000005,10.49123412524574,34.302543207626456
0.0096046875000000004,10.491307830124953,34.30278080809461
0.0096062500000000002,10.491381554808989,34.303018447956944
0.0096078125,10.491455299301579,34.303256127213864
0.0096093749999999999,10.491529063606594,34.303493845865759
0.0096109374999999997,10.49160284772781,34.303731603913192
0.0096125000000000013,10.491676651669072,34.303969401356504
0.0096140625000000011,10.491750475434147,34.304207238196369
0.0096156250000000009,10.491824319026797,34.304445114433058
0.0096171875000000007,10.491898182450974,34.30468303006716
0.0096187500000000006,10.491972065710412,34.30492098509913
0.0096203125000000004,10.492045968808927,34.305158979529374
0.0096218750000000002,10.49211989175026,34.30539701335843
0.0096234375,10.492193834538392,34.30563508658674
0.0096249999999999999,10.492267797177009,34.305873199214759
0.0096265624999999997,10.492341779669957,34.306111351243025
0.0096281250000000013,10.492415782021061,34.306349542671974
0.0096296875000000011,10.492489804234124,34.306587773502088
0.0096312500000000009,10.492563846312965,34.306826043733849
0.0096328125000000007,10.492637908261406,34.307064353367593
0.0096343750000000006,10.492711990083281,34.307302702403916
0.0096359375000000004,10.492786091782422,34.307541090843472
0.0096375000000000002,10.492860213362558,34.30777951868636
0.0096390625000000001,10.492934354827593,34.308017985933255
0.0096406249999999999,10.493008516181355,34.308256492584512
0.0096421874999999997,10.493082697427607,34.30849503864102
0.0096437500000000013,10.493156898570225,34.308733624102679
0.0096453125000000011,10.493231119612979,34.308972248970193
0.0096468750000000009,10.493305360559742,34.3092109132443
0.0096484375000000008,10.493379621414309,34.309449616925001
0.0096500000000000006,10.493453902180503,34.309688360013091
0.0096515625000000004,10.493528202862205,34.309927142508883
0.0096531250000000002,10.493602523463116,34.310165964412917
0.0096546875000000001,10.493676863987156,34.310404825725769
0.0096562499999999999,10.493751224438169,34.310643726447807
0.0096578124999999997,10.493825604819946,34.31088266657958
0.0096593750000000013,10.49390000513632,34.311121646121364
0.0096609375000000011,10.493974425391054,34.311360665073835
0.0096625000000000009,10.494048865588107,34.311599723437432
0.0096640625000000008,10.494123325731215,34.311838821212518
0.0096656250000000006,10.494197805824255,34.312077958399691
0.0096671875000000004,10.494272305870995,34.312317134999432
0.0096687500000000003,10.494346825875326,34.312556351012219
0.0096703125000000001,10.494421365841063,34.312795606438478
0.0096718749999999999,10.494495925772032,34.313034901278513
0.0096734374999999997,10.494570505672108,34.313274235533164
0.0096750000000000013,10.49464510554505,34.313513609202509
0.0096765625000000011,10.494719725394731,34.313753022287422
0.009678125000000001,10.494794365224985,34.313992474788101
0.0096796875000000008,10.494869025039648,34.314231966705258
0.0096812500000000006,10.494943704842605,34.314471498039055
0.0096828125000000004,10.49501840463757,34.314711068790146
0.0096843750000000003,10.495093124428459,34.314950678959136
0.0096859375000000001,10.495167864219141,34.315190328546272
0.0096874999999999999,10.495242624013413,34.315430017552181
0.0096890624999999998,10.495317403815069,34.31566974597726
0.0096906250000000013,10.495392203628066,34.315909513822
0.0096921875000000011,10.495467023456145,34.316149321086968
0.009693750000000001,10.495541863303215,34.316389167772542
0.0096953125000000008,10.495616723173031,34.316629053879169
0.0096968750000000006,10.495691603069462,34.316868979407381
0.0096984375000000005,10.495766502996428,34.317108944357742
0.0097000000000000003,10.49584142295768,34.317348948730491
0.0097015625000000001,10.495916362957157,34.317588992526446
0.0097031249999999999,10.495991322998604,34.317829075745685
0.0097046874999999998,10.49606630308593,34.318069198389011
0.0097062499999999996,10.496141303222942,34.318309360456958
0.0097078125000000012,10.496216323413451,34.318549561949574
0.009709375000000001,10.496291363661442,34.318789802867684
0.0097109375000000008,10.496366423970599,34.3190300832117
0.0097125000000000006,10.496441504344931,34.319270402982298
0.0097140625000000005,10.496516604788123,34.31951076217954
0.0097156250000000003,10.496591725304135,34.319751160804067
0.0097171875000000001,10.496666865896788,34.319991598856404
0.00971875,10.49674202656991,34.320232076337312
0.0097203124999999998,10.496817207327409,34.320472593246748
0.0097218749999999996,10.496892408173052,34.32071314958543
0.0097234375000000012,10.496967629110761,34.320953745354039
0.009725000000000001,10.497042870144369,34.321194380552654
0.0097265625000000008,10.497118131277697,34.321435055181951
0.0097281250000000007,10.497193412514623,34.321675769242638
0.0097296875000000005,10.49726871385907,34.321916522734853
0.0097312500000000003,10.49734403531477,34.322157315659339
0.0097328125000000001,10.497419376885656,34.322398148016347
0.009734375,10.497494738575529,34.322639019806367
0.0097359374999999998,10.497570120388332,34.322879931030208
0.0097374999999999996,10.497645522327833,34.323120881688006
0.0097390625000000012,10.497720944397939,34.323361871780335
0.009740625000000001,10.497796386602529,34.32360290130773
0.0097421875000000008,10.497871848945383,34.323843970270531
0.0097437500000000007,10.497947331430447,34.32408507866942
0.0097453125000000005,10.498022834061521,34.324326226504709
0.0097468750000000003,10.498098356842499,34.324567413777075
0.0097484375000000002,10.498173899777205,34.324808640486786
0.00975,10.498249462869547,34.325049906634447
0.0097515624999999998,10.498325046123426,34.325291212220698
0.0097531249999999996,10.498400649542608,34.325532557245765
0.0097546875000000012,10.498476273130969,34.325773941710004
0.009756250000000001,10.498551916892401,34.326015365614303
0.0097578125000000009,10.498627580830789,34.326256828958947
0.0097593750000000007,10.498703264949963,34.326498331744311
0.0097609375000000005,10.498778969253864,34.3267398739711
0.0097625000000000003,10.498854693746257,34.326981455639761
0.0097640625000000002,10.498930438431039,34.327223076750464
0.009765625,10.499006203312113,34.327464737303977
0.0097671874999999998,10.499081988393343,34.32770643730094
0.0097687499999999997,10.499157793678522,34.327948176741664
0.0097703125000000012,10.499233619171589,34.328189955626399
0.009771875000000001,10.499309464876438,34.328431773956041
0.0097734375000000009,10.499385330796896,34.328673631730666
0.0097750000000000007,10.499461216936901,34.328915528951015
0.0097765625000000005,10.499537123300165,34.329157465617662
0.0097781250000000004,10.499613049890737,34.329399441730956
0.0097796875000000002,10.499688996712406,34.329641457291316
0.00978125,10.499764963769062,34.329883512299304
0.0097828124999999998,10.499840951064577,34.33012560675526
0.0097843749999999997,10.499916958602816,34.330367740659945
0.0097859375000000012,10.499992986387673,34.33060991401387
0.0097875000000000011,10.500069034422991,34.330852126817248
0.0097890625000000009,10.500145102712668,34.331094379070649
0.0097906250000000007,10.500221191260676,34.331336670774583
0.0097921875000000005,10.500297300070683,34.331579001929548
0.0097937500000000004,10.500373429146709,34.331821372536147
0.0097953125000000002,10.500449578492688,34.33206378259451
0.009796875,10.500525748112336,34.332306232105665
0.0097984374999999999,10.500601938009693,34.332548721069628
0.0097999999999999997,10.500678148188504,34.332791249487002
0.0098015625000000012,10.500754378652719,34.33303381735842
0.0098031250000000011,10.500830629406249,34.333276424684328
0.0098046875000000009,10.500906900452947,34.333519071465162
0.0098062500000000007,10.500983191796674,34.333761757701275
0.0098078125000000006,10.501059503441278,34.334004483393414
0.0098093750000000004,10.501135835390784,34.334247248541985
0.0098109375000000002,10.50121218764898,34.334490053147242
0.0098125,10.501288560219722,34.334732897210102
0.0098140624999999999,10.501364953106945,34.334975780730659
0.0098156249999999997,10.501441366314546,34.335218703709558
0.0098171875000000013,10.501517799846368,34.335461666147502
0.0098187500000000011,10.501594253706362,34.335704668044635
0.0098203125000000009,10.501670727898363,34.335947709401673
0.0098218750000000007,10.501747222426271,34.336190790218936
0.0098234375000000006,10.501823737293957,34.336433910497057
0.0098250000000000004,10.501900272505354,34.336677070236441
0.0098265625000000002,10.501976828064329,34.336920269437556
0.0098281250000000001,10.5020534039748,34.3371635081009
0.0098296874999999999,10.502130000240605,34.337406786227113
0.0098312499999999997,10.502206616865719,34.337650103816635
0.0098328125000000013,10.502283253853959,34.337893460869729
0.0098343750000000011,10.502359911209211,34.338136857387198
0.0098359375000000009,10.50243658893546,34.338380293369283
0.0098375000000000008,10.502513287036543,34.338623768816589
0.0098390625000000006,10.502590005516339,34.338867283729641
0.0098406250000000004,10.502666744378752,34.339110838109001
0.0098421875000000002,10.502743503627736,34.339354431954895
0.0098437500000000001,10.502820283267098,34.339598065268014
0.0098453124999999999,10.502897083300805,34.339841738048911
0.0098468749999999997,10.502973903732729,34.340085450297828
0.0098484375000000013,10.503050744566774,34.340329202015482
0.0098500000000000011,10.503127605806805,34.340572993202187
0.0098515625000000009,10.503204487456809,34.340816823858532
0.0098531250000000008,10.503281389520609,34.341060693985234
0.0098546875000000006,10.503358312002113,34.34130460358238
0.0098562500000000004,10.503435254905288,34.341548552650515
0.0098578125000000003,10.503512218233958,34.341792541190564
0.0098593750000000001,10.503589201992094,34.342036569202506
0.0098609374999999999,10.50366620618351,34.342280636687185
0.0098624999999999997,10.503743230812198,34.342524743644972
0.0098640625000000013,10.503820275882076,34.342768890076357
0.0098656250000000011,10.503897341396909,34.343013075981652
0.009867187500000001,10.503974427360744,34.34325730136149
0.0098687500000000008,10.504051533777465,34.343501566216631
0.0098703125000000006,10.504128660650903,34.343745870547231
0.0098718750000000004,10.504205807985091,34.343990214353894
0.0098734375000000003,10.504282975783809,34.344234597637062
0.0098750000000000001,10.50436016405102,34.344479020397323
0.0098765624999999999,10.504437372790676,34.344723482635146
0.0098781249999999998,10.504514602006635,34.344967984350951
0.0098796875000000013,10.50459185170287,34.345212525545271
0.0098812500000000011,10.504669121883186,34.345457106218738
0.009882812500000001,10.504746412551539,34.345701726371587
0.0098843750000000008,10.504823723711883,34.345946386004627
0.0098859375000000006,10.504901055368133,34.346191085118086
0.0098875000000000005,10.504978407524147,34.346435823712618
0.0098890625000000003,10.505055780183874,34.3466806017884
0.0098906250000000001,10.505133173351219,34.34692541934642
0.0098921874999999999,10.505210587030081,34.347170276386969
0.0098937499999999998,10.505288021224439,34.347415172910338
0.0098953125000000013,10.505365475938145,34.347660108917459
0.0098968750000000012,10.505442951175075,34.347905084408218
0.009898437500000001,10.505520446939279,34.348150099383766
0.0099000000000000008,10.505597963234655,34.348395153844152
0.0099015625000000006,10.505675500064987,34.348640247789973
0.0099031250000000005,10.505753057434328,34.348885381221905
0.0099046875000000003,10.505830635346562,34.349130554140203
0.0099062500000000001,10.505908233805593,34.3493757665454
0.0099078125,10.505985852815369,34.349621018438455
0.0099093749999999998,10.506063492379713,34.349866309819006
0.0099109374999999996,10.506141152502693,34.350111640688233
0.0099125000000000012,10.506218833188155,34.350357011046441
0.009914062500000001,10.506296534440056,34.350602420894042
0.0099156250000000008,10.50637425626226,34.35084787023159
0.0099171875000000007,10.506451998658731,34.351093359059597
0.0099187500000000005,10.506529761633441,34.351338887378525
0.0099203125000000003,10.50660754519024,34.351584455189119
0.0099218750000000001,10.506685349333083,34.351830062491423
0.0099234375,10.506763174065902,34.352075709286297
0.0099249999999999998,10.506841019392638,34.352321395574045
0.0099265624999999996,10.506918885317194,34.352567121355392
0.0099281250000000012,10.506996771843502,34.352812886630566
0.009929687500000001,10.507074678975449,34.353058691400129
0.0099312500000000008,10.507152606717121,34.353304535664634
0.0099328125000000007,10.507230555072285,34.353550419424707
0.0099343750000000005,10.507308524044959,34.353796342680717
0.0099359375000000003,10.507386513638997,34.354042305433232
0.0099375000000000002,10.507464523858449,34.354288307682538
0.0099390625,10.507542554707177,34.354534349429372
0.0099406249999999998,10.507620606189045,34.354780430674083
0.0099421874999999996,10.507698678308099,34.355026551417382
0.0099437500000000012,10.507776771068267,34.355272711659609
0.009945312500000001,10.50785488447343,34.355518911401354
0.0099468750000000009,10.507933018527583,34.35576515064276
0.0099484375000000007,10.508011173234612,34.3560114293849
0.0099500000000000005,10.508089348598434,34.356257747627772
0.0099515625000000003,10.508167544623026,34.356504105372309
0.0099531250000000002,10.508245761312356,34.356750502618759
0.0099546875,10.508323998670296,34.356996939367619
0.0099562499999999998,10.508402256700874,34.357243415619543
0.0099578124999999997,10.508480535407957,34.357489931374865
0.0099593750000000012,10.508558834795489,34.357736486634202
0.009960937500000001,10.508637154867451,34.357983081398068
0.0099625000000000009,10.508715495627765,34.358229715666795
0.0099640625000000007,10.508793857080329,34.358476389440938
0.0099656250000000005,10.508872239229179,34.358723102721271
0.0099671875000000004,10.508950642078201,34.358969855507901
0.0099687500000000002,10.509029065631342,34.359216647801482
0.0099703125,10.509107509892537,34.35946347960278
0.0099718749999999998,10.509185974865737,34.359710350912017
0.0099734374999999997,10.509264460554903,34.35995726172964
0.0099750000000000012,10.50934296696402,34.360204212056189
0.0099765625000000011,10.509421494096948,34.360451201892445
0.0099781250000000009,10.50950004195769,34.360698231238771
0.0099796875000000007,10.509578610550189,34.360945300095324
0.0099812500000000005,10.509657199878367,34.361192408463147
0.0099828125000000004,10.509735809946225,34.361439556342447
0.0099843750000000002,10.509814440757669,34.36168674373365
0.0099859375,10.509893092316673,34.361933970637565
0.0099874999999999999,10.509971764627155,34.362181237054344
0.0099890624999999997,10.510050457693128,34.362428542984844
0.0099906250000000012,10.510129171518459,34.362675888429159
0.0099921875000000011,10.510207906107144,34.362923273388134
0.0099937500000000009,10.51028666146321,34.363170697862152
0.0099953125000000007,10.510365437590533,34.363418161851811
0.0099968750000000006,10.510444234493022,34.363665665357495
0.0099984375000000004,10.51052305217471,34.363913208379714
0.01,10.510601890639563,34.364160790919151
0.0100015625,10.510680749891481,34.36440841297609
0.010003125,10.510759629934414,34.364656074551156
0.0100046875,10.51083853077243,34.364903775644891
0.010006250000000001,10.510917452409345,34.365151516257477
0.010007812500000001,10.510996394849226,34.365399296389981
0.010009375000000001,10.51107535809596,34.365647116042382
0.010010937500000001,10.511154342153539,34.365894975215468
0.010012500000000001,10.511233347025943,34.366142873909745
0.0100140625,10.51131237271712,34.366390812125708
0.010015625,10.511391419230964,34.366638789863728
0.0100171875,10.511470486571563,34.36688680712448
0.01001875,10.511549574742782,34.36713486390834
0.0100203125,10.511628683748611,34.367382960215927
0.010021875000000001,10.511707813593002,34.367631096047667
0.010023437500000001,10.511786964280018,34.367879271404099
0.010025000000000001,10.511866135813454,34.368127486285672
0.010026562500000001,10.511945328197411,34.368375740692926
0.010028125000000001,10.512024541435796,34.368624034626514
0.0100296875,10.512103775532612,34.368872368086812
0.01003125,10.512183030491789,34.369120741074319
0.0100328125,10.512262306317346,34.369369153589609
0.010034375,10.512341603013164,34.369617605633245
0.0100359375,10.512420920583285,34.369866097205524
0.010037500000000001,10.512500259031642,34.370114628306958
0.010039062500000001,10.512579618362299,34.370363198938314
0.010040625000000001,10.512658998579051,34.370611809099856
0.010042187500000001,10.512738399686016,34.370860458792208
0.010043750000000001,10.512817821687106,34.371109148015861
0.0100453125,10.512897264586339,34.37135787677142
0.010046875,10.512976728387608,34.371606645059359
0.0100484375,10.513056213094984,34.371855452880226
0.01005,10.513135718712389,34.372104300234234
0.0100515625,10.513215245243797,34.372353187121988
0.010053125000000001,10.513294792693209,34.372602113544296
0.010054687500000001,10.513374361064539,34.372851079501537
0.010056250000000001,10.513453950361855,34.373100084994071
0.010057812500000001,10.51353356058905,34.37334913002266
0.010059375000000001,10.51361319175013,34.373598214587631
0.0100609375,10.513692843849144,34.373847338689409
0.0100625,10.513772516889947,34.374096502328754
0.0100640625,10.513852210876637,34.374345705506038
0.010065625,10.513931925813138,34.374594948221748
0.0100671875,10.514011661703394,34.374844230476441
0.010068750000000001,10.514091418551425,34.375093552270606
0.010070312500000001,10.514171196361261,34.375342913604847
0.010071875000000001,10.514250995136841,34.375592314479597
0.010073437500000001,10.51433081488207,34.375841754895326
0.010075000000000001,10.51441065560109,34.376091234852701
0.0100765625,10.514490517297752,34.376340754351901
0.010078125,10.514570399976133,34.376590313393891
0.0100796875,10.514650303640163,34.376839911978834
0.01008125,10.51473022829382,34.377089550107506
0.0100828125,10.514810173941166,34.377339227780219
0.010084375000000001,10.514890140586097,34.377588944997527
0.010085937500000001,10.514970128232664,34.377838701760048
0.010087500000000001,10.515050136884799,34.378088498068067
0.010089062500000001,10.515130166546578,34.378338333922585
0.010090625000000001,10.515210217221899,34.378588209323496
0.0100921875,10.5152902889148,34.378838124271631
0.01009375,10.515370381629227,34.379088078767481
0.0100953125,10.515450495369256,34.379338072811571
0.010096875,10.515530630138775,34.379588106404434
0.0100984375,10.515610785941913,34.37983817954661
0.010100000000000001,10.515690962782532,34.380088292238568
0.010101562500000001,10.515771160664698,34.380338444480657
0.010103125000000001,10.515851379592391,34.380588636273608
0.010104687500000001,10.515931619569562,34.380838867618003
0.010106250000000001,10.516011880600292,34.38108913851417
0.0101078125,10.516092162688487,34.381339448962542
0.010109375,10.516172465838201,34.381589798963915
0.0101109375,10.516252790053398,34.381840188518673
0.0101125,10.516333135338167,34.382090617627377
0.0101140625,10.516413501696347,34.382341086290246
0.010115625000000001,10.516493889132027,34.382591594508284
0.010117187500000001,10.516574297649271,34.382842142281667
0.010118750000000001,10.516654727251971,34.383092729611043
0.010120312500000001,10.516735177944156,34.383343356496965
0.010121875000000001,10.51681564972986,34.383594022939995
0.0101234375,10.516896142613039,34.38384472894024
0.010125,10.516976656597745,34.384095474498722
0.0101265625,10.517057191687931,34.384346259615612
0.010128125,10.517137747887665,34.384597084291556
0.0101296875,10.517218325200869,34.384847948527231
0.01013125,10.517298923631625,34.385098852323075
0.010132812500000001,10.517379543183901,34.385349795679303
0.010134375000000001,10.517460183861669,34.385600778596846
0.010135937500000001,10.517540845669009,34.385851801076051
0.010137500000000001,10.517621528609878,34.386102863117408
0.010139062500000001,10.517702232688302,34.386353964721607
0.010140625,10.517782957908308,34.386605105888783
0.0101421875,10.517863704273843,34.386856286619754
0.01014375,10.517944471789022,34.387107506914838
0.0101453125,10.518025260457742,34.38735876677498
0.010146875,10.518106070284048,34.38761006620026
0.010148437500000001,10.51818690127195,34.38786140519138
0.010150000000000001,10.518267753425558,34.388112783748838
0.010151562500000001,10.518348626748702,34.388364201873259
0.010153125000000001,10.518429521245572,34.388615659564806
0.010154687500000001,10.518510436920034,34.388867156824475
0.01015625,10.518591373776227,34.389118693652442
0.0101578125,10.518672331818079,34.389370270049405
0.010159375,10.518753311049629,34.389621886015824
0.0101609375,10.518834311474945,34.389873541552156
0.0101625,10.518915333097913,34.390125236659124
0.010164062500000001,10.518996375922717,34.390376971337126
0.010165625000000001,10.519077439953293,34.390628745586511
0.010167187500000001,10.519158525193603,34.390880559407826
0.010168750000000001,10.519239631647766,34.391132412801902
0.010170312500000001,10.519320759319712,34.39138430576908
0.010171875,10.519401908213553,34.391636238310021
0.0101734375,10.519483078333208,34.39188821042503
0.010175,10.519564269682819,34.392140222114563
0.0101765625,10.519645482266322,34.392392273379379
0.010178125,10.51972671608773,34.392644364219983
0.010179687500000001,10.519807971151121,34.392896494636737
0.010181250000000001,10.519889247460476,34.393148664630196
0.010182812500000001,10.519970545019822,34.393400874201227
0.010184375000000001,10.520051863833221,34.393653123349743
0.010185937500000001,10.520133203904651,34.393905412076627
0.0101875,10.520214565238192,34.394157740382568
0.0101890625,10.52029594783779,34.394410108267678
0.010190625,10.520377351707531,34.394662515732705
0.0101921875,10.520458776851443,34.394914962778337
0.01019375,10.520540223273521,34.395167449404795
0.010195312500000001,10.520621690977876,34.395419975612803
0.010196875000000001,10.52070317996842,34.395672541402625
0.010198437500000001,10.520784690249251,34.395925146775184
0.010200000000000001,10.520866221824424,34.396177791730665
0.010201562500000001,10.520947774697863,34.396430476269856
0.010203125,10.52102934887372,34.396683200393028
0.0102046875,10.521110944355916,34.396935964100798
0.01020625,10.52119256114859,34.397188767393629
0.0102078125,10.521274199255721,34.397441610272303
0.010209375,10.521355858681359,34.397694492737017
0.010210937500000001,10.521437539429515,34.397947414788582
0.010212500000000001,10.521519241504189,34.39820037642739
0.010214062500000001,10.521600964909549,34.398453377653844
0.010215625000000001,10.521682709649498,34.398706418468628
0.010217187500000001,10.521764475728176,34.39895949887233
0.01021875,10.521846263149504,34.399212618865292
0.0102203125,10.521928071917634,34.399465778448082
0.010221875,10.522009902036483,34.399718977621504
0.0102234375,10.52209175351021,34.399972216385628
0.010225,10.522173626342759,34.400225494741164
0.010226562500000001,10.522255520538225,34.40047881268881
0.010228125000000001,10.52233743610071,34.400732170228885
0.010229687500000001,10.522419373034118,34.400985567362035
0.010231250000000001,10.522501331342539,34.401239004088744
0.010232812500000001,10.52258331103009,34.401492480409438
0.010234375,10.522665312100687,34.401745996324912
0.0102359375,10.522747334558474,34.40199955183548
0.0102375,10.522829378407486,34.402253146941803
0.0102390625,10.522911443651738,34.402506781644071
0.010240625,10.522993530295246,34.402760455943223
0.010242187500000001,10.523075638342085,34.403014169839679
0.010243750000000001,10.523157767796352,34.40326792333385
0.010245312500000001,10.523239918662046,34.403521716426319
0.010246875000000001,10.523322090943212,34.403775549117583
0.010248437500000001,10.523404284643853,34.404029421408325
0.01025,10.523486499768152,34.404283333298999
0.0102515625,10.523568736320055,34.404537284789896
0.010253125,10.523650994303573,34.404791275881927
0.0102546875,10.523733273722859,34.405045306575389
0.01025625,10.523815574581951,34.405299376870929
0.010257812500000001,10.523897896884804,34.405553486768852
0.010259375000000001,10.523980240635632,34.405807636269898
0.010260937500000001,10.524062605838285,34.406061825374522
0.010262500000000001,10.524144992496987,34.406316054083547
0.010264062500000001,10.524227400615702,34.406570322397101
0.010265625,10.524309830198504,34.406824630315761
0.0102671875,10.524392281249476,34.407078977839944
0.01026875,10.524474753772674,34.407333364970668
0.0102703125,10.524557247772083,34.407587791708245
0.010271875,10.524639763251825,34.407842258053037
0.010273437500000001,10.524722300215958,34.408096764005634
0.010275000000000001,10.524804858668499,34.408351309566605
0.010276562500000001,10.524887438613545,34.408605894736617
0.010278125000000001,10.524970040055178,34.408860519516075
0.010279687500000001,10.525052662997345,34.409115183905286
0.01028125,10.525135307444215,34.409369887905086
0.0102828125,10.525217973399808,34.409624631515939
0.010284375,10.52530066086819,34.409879414738427
0.0102859375,10.525383369853449,34.41013423757299
0.0102875,10.525466100359591,34.410389100020012
0.010289062500000001,10.525548852390752,34.410644002080488
0.010290625000000001,10.525631625950945,34.410898943754624
0.010292187500000001,10.525714421044226,34.411153925042868
0.010293750000000001,10.525797237674668,34.411408945946036
0.010295312500000001,10.525880075846416,34.41166400646437
0.010296875,10.525962935563388,34.411919106598482
0.0102984375,10.526045816829752,34.412174246349139
0.0103,10.526128719649551,34.412429425716446
0.0103015625,10.52621164402683,34.412684644701315
0.010303125,10.52629458996573,34.412939903304306
0.010304687500000001,10.526377557470296,34.413195201525618
0.010306250000000001,10.526460546544515,34.413450539365989
0.010307812500000001,10.526543557192506,34.413705916825997
0.010309375000000001,10.526626589418358,34.413961333905988
0.010310937500000001,10.526709643226132,34.414216790606616
0.0103125,10.526792718619891,34.414472286928515
0.0103140625,10.526875815603731,34.414727822872059
0.010315625,10.526958934181735,34.414983398437826
0.0103171875,10.52704207435788,34.415239013626532
0.01031875,10.527125236136348,34.41549466843837
0.010320312500000001,10.527208419521155,34.415750362874157
0.010321875000000001,10.527291624516447,34.416006096934183
0.010323437500000001,10.527374851126211,34.416261870619238
0.010325000000000001,10.527458099354524,34.416517683929833
0.010326562500000001,10.527541369205526,34.416773536866224
0.010328125,10.527624660683298,34.417029429429149
0.0103296875,10.527707973791868,34.417285361619221
0.01033125,10.52779130853528,34.417541333436937
0.0103328125,10.527874664917729,34.417797344882644
0.010334375,10.527958042943215,34.418053395957003
0.0103359375,10.528041442615827,34.418309486660611
0.010337500000000001,10.52812486393969,34.418565616994201
0.010339062500000001,10.528208306918813,34.418821786957764
0.010340625000000001,10.528291771557337,34.419077996552275
0.010342187500000001,10.528375257859288,34.419334245778195
0.010343750000000001,10.52845876582882,34.419590534635759
0.0103453125,10.528542295469945,34.419846863125954
0.010346875,10.528625846786783,34.420103231249094
0.0103484375,10.528709419783493,34.420359639005618
0.01035,10.528793014463988,34.420616086396358
0.0103515625,10.528876630832507,34.420872573421704
0.010353125000000001,10.528960268893039,34.421129100082133
0.010354687500000001,10.529043928649713,34.421385666378171
0.010356250000000001,10.52912761010667,34.421642272310294
0.010357812500000001,10.529211313267902,34.421898917879325
0.010359375000000001,10.529295038137509,34.422155603085599
0.0103609375,10.529378784719681,34.422412327929585
0.0103625,10.529462553018401,34.422669092412058
0.0103640625,10.529546343037763,34.422925896533194
0.010365625,10.529630154781962,34.423182740293818
0.0103671875,10.529713988254894,34.423439623694613
0.010368750000000001,10.529797843460923,34.423696546735819
0.010370312500000001,10.529881720403887,34.423953509417878
0.010371875000000001,10.529965619088062,34.424210511741727
0.010373437500000001,10.5300495395174,34.424467553707622
0.010375000000000001,10.530133481696073,34.42472463531616
0.0103765625,10.530217445628182,34.424981756568052
0.010378125,10.530301431317788,34.425238917463631
0.0103796875,10.530385438769009,34.425496118003537
0.01038125,10.53046946798599,34.425753358188231
0.0103828125,10.530553518972685,34.426010638018205
0.010384375000000001,10.53063759173336,34.426267957494112
0.010385937500000001,10.530721686272013,34.426525316616448
0.010387500000000001,10.530805802592742,34.426782715385883
0.010389062500000001,10.530889940699687,34.42704015380292
0.010390625000000001,10.530974100596891,34.427297631867908
0.0103921875,10.53105828228858,34.427555149581593
0.01039375,10.531142485778695,34.427812706944394
0.0103953125,10.53122671107144,34.428070303957
0.010396875,10.531310958170893,34.428327940619617
0.0103984375,10.531395227081147,34.42858561693324
0.010400000000000001,10.531479517806321,34.428843332898076
0.010401562500000001,10.531563830350477,34.429101088514798
0.010403125000000001,10.531648164717771,34.429358883783927
0.010404687500000001,10.531732520912303,34.429616718706043
0.010406250000000001,10.531816898938136,34.429874593281589
0.0104078125,10.531901298799447,34.430132507511374
0.010409375,10.531985720500279,34.430390461395618
0.0104109375,10.532070164044795,34.43064845493501
0.0104125,10.53215462943705,34.430906488130049
0.0104140625,10.532239116681129,34.431164560981308
0.010415625000000001,10.532323625781254,34.431422673489287
0.010417187500000001,10.532408156741385,34.431680825654638
0.010418750000000001,10.532492709565783,34.431939017477788
0.010420312500000001,10.532577284258492,34.432197248959341
0.010421875000000001,10.53266188082357,34.432455520099886
0.0104234375,10.53274649926519,34.432713830899985
0.010425,10.532831139587501,34.432972181359887
0.0104265625,10.532915801794525,34.4332305714806
0.010428125,10.533000485890438,34.433489001262224
0.0104296875,10.533085191879337,34.433747470705732
0.010431250000000001,10.533169919765299,34.434005979811147
0.010432812500000001,10.533254669552459,34.434264528579583
0.010434375000000001,10.533339441245023,34.434523117011089
0.010435937500000001,10.533424234847034,34.434781745106697
0.010437500000000001,10.533509050362612,34.435040412866478
0.0104390625,10.533593887795835,34.435299120291219
0.010440625,10.53367874715088,34.435557867381476
0.0104421875,10.533763628431785,34.435816654137952
0.01044375,10.53384853164283,34.436075480560866
0.0104453125,10.533933456787963,34.43633434665081
0.010446875000000001,10.534018403871404,34.436593252408372
0.010448437500000001,10.534103372897215,34.436852197834263
0.010450000000000001,10.534188363869584,34.437111182928852
0.010451562500000001,10.534273376792601,34.437370207692894
0.010453125000000001,10.534358411670375,34.437629272126713
0.0104546875,10.534443468507042,34.437888376230923
0.01045625,10.53452854730673,34.438147520006027
0.0104578125,10.534613648073538,34.438406703452777
0.010459375,10.534698770811637,34.438665926571467
0.0104609375,10.534783915525086,34.438925189362699
0.010462500000000001,10.534869082218091,34.439184491827163
0.010464062500000001,10.534954270894723,34.439443833965349
0.010465625000000001,10.535039481559119,34.439703215777598
0.010467187500000001,10.535124714215428,34.439962637264763
0.010468750000000001,10.535209968867752,34.440222098427242
0.0104703125,10.53529524552024,34.440481599265617
0.010471875,10.535380544176995,34.440741139780584
0.0104734375,10.535465864842193,34.441000719972209
0.010475,10.535551207519894,34.441260339841627
0.0104765625,10.535636572214351,34.441519999389016
0.010478125000000001,10.535721958929537,34.441779698614994
0.010479687500000001,10.535807367669712,34.442039437520165
0.010481250000000001,10.535892798438937,34.442299216105056
0.010482812500000001,10.53597825124139,34.442559034370312
0.010484375000000001,10.53606372608118,34.442818892316389
0.0104859375,10.536149222962422,34.443078789943897
0.0104875,10.536234741889322,34.443338727253106
0.0104890625,10.536320282865949,34.443598704244998
0.010490625,10.53640584589647,34.443858720919884
0.0104921875,10.536491430984972,34.44411877727827
0.010493750000000001,10.536577038135711,34.444378873320737
0.010495312500000001,10.536662667352697,34.444639009048025
0.010496875000000001,10.536748318640131,34.44489918446061
0.010498437500000001,10.536833992002112,34.445159399558818
0.010500000000000001,10.536919687442824,34.445419654343397
0.0105015625,10.537005404966402,34.445679948815055
0.010503125,10.537091144576936,34.445940282973901
0.0105046875,10.537176906278642,34.446200656820828
0.01050625,10.537262690075675,34.446461070356385
0.0105078125,10.537348495972049,34.446721523580891
0.010509375000000001,10.537434323972029,34.446982016495014
0.010510937500000001,10.537520174079717,34.447242549099542
0.010512500000000001,10.537606046299233,34.447503121394782
0.010514062500000001,10.537691940634787,34.44776373338118
0.010515625000000001,10.537777857090459,34.448024385059533
0.0105171875,10.53786379567042,34.448285076430231
0.01051875,10.537949756378811,34.448545807493801
0.0105203125,10.538035739219779,34.448806578251187
0.010521875,10.538121744197529,34.449067388702417
0.0105234375,10.538207771316106,34.449328238848338
0.010525000000000001,10.538293820579733,34.449589128689503
0.010526562500000001,10.538379891992514,34.449850058226168
0.010528125000000001,10.538465985558618,34.450111027459386
0.010529687500000001,10.538552101282235,34.450372036389304
0.010531250000000001,10.538638239167442,34.450633085016698
0.010532812500000001,10.538724399218475,34.450894173341865
0.010534375,10.538810581439417,34.451155301365624
0.0105359375,10.538896785834407,34.451416469088514
0.0105375,10.538983012407673,34.451677676511054
0.0105390625,10.539069261163339,34.451938923633612
0.010540625,10.539155532105543,34.45220021045693
0.010542187500000001,10.53924182523844,34.452461536981509
0.010543750000000001,10.539328140566186,34.452722903207956
0.010545312500000001,10.539414478092914,34.452984309136724
0.010546875000000001,10.539500837822885,34.453245754768538
0.010548437500000001,10.539587219760165,34.453507240103654
0.01055,10.53967362390889,34.45376876514306
0.0105515625,10.539760050273298,34.454030329886997
0.010553125,10.539846498857502,34.454291934336062
0.0105546875,10.539932969665667,34.454553578490845
0.01055625,10.540019462701915,34.454815262351779
0.010557812500000001,10.540105977970466,34.455076985919753
0.010559375000000001,10.540192515475409,34.455338749194993
0.010560937500000001,10.540279075221008,34.455600552178183
0.010562500000000001,10.54036565721141,34.455862394870024
0.010564062500000001,10.540452261450691,34.456124277270881
0.010565625,10.540538887943066,34.456386199381242
0.0105671875,10.54062553669271,34.456648161201777
0.01056875,10.540712207703775,34.456910162733166
0.0105703125,10.540798900980402,34.457172203975674
0.010571875,10.540885616526815,34.457434284930102
0.010573437500000001,10.540972354347135,34.457696405596984
0.010575000000000001,10.541059114445556,34.457958565976853
0.010576562500000001,10.541145896826194,34.458220766070276
0.010578125000000001,10.541232701493257,34.458483005877596
0.010579687500000001,10.541319528450947,34.458745285399672
0.01058125,10.541406377703392,34.459007604636952
0.0105828125,10.541493249254712,34.459269963590046
0.010584375,10.541580143109158,34.459532362259282
0.0105859375,10.541667059270884,34.459794800645618
0.0105875,10.541753997744026,34.460057278749147
0.010589062500000001,10.541840958532786,34.460319796570943
0.010590625000000001,10.541927941641335,34.460582354111054
0.010592187500000001,10.542014947073827,34.460844951370348
0.010593750000000001,10.542101974834456,34.461107588349186
0.010595312500000001,10.54218902492741,34.461370265048444
0.010596875,10.542276097356813,34.461632981468341
0.0105984375,10.542363192126921,34.461895737609737
0.0106,10.542450309241799,34.462158533473016
0.0106015625,10.542537448705719,34.462421369058823
0.010603125,10.542624610522759,34.462684244367665
0.010604687500000001,10.542711794697253,34.462947159400002
0.010606250000000001,10.542799001233258,34.463210114156496
0.010607812500000001,10.542886230134934,34.463473108637629
0.010609375000000001,10.542973481406532,34.463736142844134
0.010610937500000001,10.543060755052206,34.463999216776578
0.0106125,10.543148051076116,34.464262330435211
0.0106140625,10.543235369482508,34.464525483820928
0.010615625,10.543322710275442,34.464788676934219
0.0106171875,10.543410073459244,34.465051909775369
0.01061875,10.543497459038003,34.465315182345385
0.010620312500000001,10.543584867015921,34.46557849464444
0.010621875000000001,10.543672297397199,34.465841846673349
0.010623437500000001,10.54375975018602,34.466105238432533
0.010625000000000001,10.543847225386536,34.466368669922709
0.010626562500000001,10.543934723002955,34.466632141144444
0.010628125,10.544022243039519,34.466895652097897
0.0106296875,10.54410978550027,34.467159202784174
0.01063125,10.544197350389538,34.467422793203504
0.0106328125,10.544284937711401,34.467686423356596
0.010634375,10.544372547470179,34.467950093243758
0.010635937500000001,10.544460179669908,34.468213802865989
0.010637500000000001,10.544547834314905,34.46847755222349
0.010639062500000001,10.544635511409281,34.46874134131707
0.010640625000000001,10.544723210957272,34.469005170147156
0.010642187500000001,10.544810932962999,34.469269038714167
0.01064375,10.544898677430757,34.469532947018855
0.0106453125,10.544986444364632,34.469796895061911
0.010646875,10.545074233768913,34.47006088284364
0.0106484375,10.545162045647732,34.470324910364731
0.01065,10.545249880005274,34.470588977625766
0.010651562500000001,10.545337736845758,34.470853084627343
0.010653125000000001,10.545425616173423,34.471117231369874
0.010654687500000001,10.545513517992399,34.471381417853927
0.010656250000000001,10.545601442306911,34.471645644080184
0.010657812500000001,10.545689389121153,34.471909910049327
0.010659375,10.545777358439265,34.472174215761612
0.0106609375,10.545865350265505,34.472438561217842
0.0106625,10.545953364604159,34.472702946418394
0.0106640625,10.546041401459197,34.47296737136412
0.010665625,10.546129460835042,34.473231836055319
0.010667187500000001,10.546217542735723,34.473496340492645
0.010668750000000001,10.546305647165589,34.473760884676629
0.010670312500000001,10.546393774128708,34.474025468607849
0.010671875000000001,10.546481923629409,34.474290092286935
0.010673437500000001,10.546570095671768,34.474554755714372
0.010675,10.546658290260053,34.474819458890913
0.0106765625,10.546746507398492,34.475084201816877
0.010678125,10.546834747091241,34.475348984493053
0.0106796875,10.546923009342551,34.475613806919732
0.01068125,10.547011294156571,34.475878669097632
0.010682812500000001,10.547099601537507,34.476143571027528
0.010684375000000001,10.547187931489649,34.476408512709682
0.010685937500000001,10.547276284017082,34.476673494144663
0.010687500000000001,10.547364659124131,34.476938515333245
0.010689062500000001,10.547453056814945,34.47720357627594
0.010690625,10.547541477093713,34.477468676973047
0.0106921875,10.547629919964656,34.477733817425595
0.01069375,10.547718385432001,34.477998997633911
0.0106953125,10.547806873500013,34.478264217598422
0.010696875,10.547895384172712,34.478529477320016
0.010698437500000001,10.547983917454557,34.478794776799056
0.010700000000000001,10.548072473349595,34.479060116036024
0.010701562500000001,10.548161051862055,34.479325495031631
0.010703125000000001,10.54824965299618,34.479590913786474
0.010704687500000001,10.548338276756198,34.479856372301207
0.01070625,10.548426923146351,34.480121870576077
0.0107078125,10.548515592170732,34.480387408611932
0.010709375,10.548604283833672,34.480652986409225
0.0107109375,10.54869299813935,34.480918603968497
0.0107125,10.548781735091962,34.481184261290323
0.010714062500000001,10.548870494695688,34.481449958375528
0.010715625000000001,10.54895927695485,34.481715695224352
0.010717187500000001,10.549048081873627,34.481981471837656
0.010718750000000001,10.549136909456198,34.482247288215554
0.010720312500000001,10.549225759706809,34.482513144359118
0.010721875000000001,10.549314632629653,34.482779040268724
0.0107234375,10.549403528229025,34.483044975944907
0.010725,10.549492446509035,34.483310951388169
0.0107265625,10.549581387473994,34.483576966599372
0.010728125,10.549670351128061,34.483843021578735
0.010729687500000001,10.549759337475523,34.48410911632687
0.010731250000000001,10.549848346520553,34.484375250844764
0.010732812500000001,10.54993737826736,34.484641425132452
0.010734375000000001,10.550026432720244,34.484907639190737
0.010735937500000001,10.550115509883309,34.485173893020246
0.010737500000000001,10.550204609760932,34.48544018662151
0.0107390625,10.550293732357208,34.485706519995077
0.010740625,10.550382877676409,34.485972893141536
0.0107421875,10.550472045722799,34.486239306061542
0.01074375,10.55056123650056,34.486505758755669
0.0107453125,10.550650450013935,34.486772251224181
0.010746875000000001,10.550739686267134,34.487038783467902
0.010748437500000001,10.550828945264399,34.487305355487244
0.010750000000000001,10.550918227009959,34.487571967283372
0.010751562500000001,10.551007531508038,34.487838618856102
0.010753125000000001,10.551096858762879,34.488105310206215
0.0107546875,10.551186208778725,34.488372041334408
0.01075625,10.551275581559759,34.488638812241362
0.0107578125,10.55136497711023,34.488905622927369
0.010759375,10.551454395434424,34.489172473393332
0.0107609375,10.551543836536498,34.489439363639484
0.010762500000000001,10.551633300420717,34.4897062936666
0.010764062500000001,10.551722787091334,34.489973263475264
0.010765625000000001,10.551812296552539,34.490240273065936
0.010767187500000001,10.551901828808674,34.490507322439193
0.010768750000000001,10.551991383863813,34.490774411595822
0.0107703125,10.552080961722304,34.491041540536038
0.010771875,10.552170562388349,34.4913087092607
0.0107734375,10.552260185866237,34.491575917770383
0.010775,10.552349832160122,34.491843166065536
0.0107765625,10.552439501274261,34.492110454146868
0.010778125000000001,10.552529193212923,34.492377782014792
0.010779687500000001,10.552618907980349,34.492645149669841
0.010781250000000001,10.552708645580788,34.492912557112767
0.010782812500000001,10.552798406018455,34.493180004344175
0.010784375000000001,10.55288818929758,34.49344749136457
0.0107859375,10.552977995422417,34.493715018174498
0.0107875,10.553067824397242,34.493982584774628
0.0107890625,10.553157676226261,34.494250191165349
0.010790625,10.553247550913705,34.494517837347317
0.0107921875,10.553337448463861,34.494785523321312
0.010793750000000001,10.553427368880943,34.495053249087476
0.010795312500000001,10.553517312169209,34.495321014646812
0.010796875000000001,10.553607278332898,34.495588819999689
0.010798437500000001,10.553697267376267,34.495856665146718
0.010800000000000001,10.553787279303561,34.496124550088581
0.0108015625,10.553877314118974,34.496392474825782
0.010803125,10.553967371826856,34.49666043935882
0.0108046875,10.554057452431334,34.496928443688411
0.01080625,10.554147555936785,34.497196487814925
0.0108078125,10.55423768234742,34.497464571739094
0.010809375000000001,10.554327831667415,34.497732695461536
0.010810937500000001,10.554418003901112,34.498000858982756
0.010812500000000001,10.554508199052659,34.498269062303336
0.010814062500000001,10.554598417126371,34.498537305423866
0.010815625000000001,10.554688658126608,34.498805588345043
0.0108171875,10.554778922057427,34.49907391106715
0.01081875,10.554869208923172,34.499342273591061
0.0108203125,10.554959518728138,34.49961067591726
0.010821875,10.555049851476497,34.499879118046216
0.0108234375,10.555140207172567,34.500147599978575
0.010825000000000001,10.555230585820574,34.500416121714949
0.010826562500000001,10.555320987424755,34.500684683256033
0.010828125000000001,10.555411411989384,34.500953284602183
0.010829687500000001,10.555501859518809,34.501221925753981
0.010831250000000001,10.555592330017115,34.501490606712153
0.0108328125,10.555682823488677,34.501759327477338
0.010834375,10.555773339937719,34.502028088050011
0.0108359375,10.555863879368534,34.502296888430593
0.0108375,10.55595444178531,34.502565728619913
0.0108390625,10.556045027192361,34.502834608618421
0.010840625000000001,10.556135635593982,34.503103528426841
0.010842187500000001,10.556226266994374,34.503372488045578
0.010843750000000001,10.556316921397801,34.503641487475399
0.010845312500000001,10.556407598808535,34.503910526716581
0.010846875000000001,10.556498299230867,34.504179605770041
0.0108484375,10.556589022669064,34.504448724636113
0.01085,10.556679769127342,34.50471788331545
0.0108515625,10.556770538610014,34.504987081808835
0.010853125,10.556861331121283,34.505256320116558
0.0108546875,10.556952146665511,34.505525598239423
0.010856250000000001,10.557042985246849,34.505794916177862
0.010857812500000001,10.557133846869647,34.506064273932488
0.010859375000000001,10.557224731538161,34.506333671504038
0.010860937500000001,10.557315639256618,34.506603108892854
0.010862500000000001,10.557406570029324,34.506872586099483
0.0108640625,10.557497523860581,34.507142103124792
0.010865625,10.557588500754576,34.507411659969172
0.0108671875,10.557679500715656,34.507681256633411
0.01086875,10.557770523748017,34.507950893117872
0.0108703125,10.557861569856001,34.508220569423123
0.010871875000000001,10.557952639043867,34.508490285549875
0.010873437500000001,10.558043731315806,34.508760041498718
0.010875000000000001,10.558134846676195,34.509029837270241
0.010876562500000001,10.558225985129289,34.509299672864685
0.010878125000000001,10.558317146679292,34.509569548283217
0.0108796875,10.558408331330581,34.50983946352607
0.01088125,10.55849953908737,34.510109418593871
0.0108828125,10.558590769953936,34.510379413487144
0.010884375,10.558682023934546,34.510649448206692
0.0108859375,10.558773301033542,34.510919522752914
0.010887500000000001,10.558864601255097,34.5111896371264
0.010889062500000001,10.558955924603556,34.511459791327752
0.010890625000000001,10.559047271083237,34.511729985357618
0.010892187500000001,10.559138640698299,34.512000219216631
0.010893750000000001,10.559230033453161,34.512270492905117
0.0108953125,10.559321449351989,34.512540806423885
0.010896875,10.55941288839912,34.512811159773506
0.0108984375,10.559504350598859,34.513081552954439
0.0109,10.559595835955394,34.513351985967581
0.0109015625,10.55968734447309,34.513622458813145
0.010903125000000001,10.559778876156223,34.513892971491771
0.010904687500000001,10.559870431009063,34.514163524004289
0.010906250000000001,10.559962009035884,34.514434116351197
0.010907812500000001,10.560053610240955,34.514704748532935
0.010909375000000001,10.560145234628605,34.51497542055025
0.0109109375,10.560236882203077,34.51524613240359
0.0109125,10.560328552968739,34.515516884093579
0.0109140625,10.560420246929764,34.515787675620885
0.010915625,10.56051196409053,34.516058506986177
0.0109171875,10.560603704455255,34.51632937818966
0.010918750000000001,10.560695468028268,34.516600289232613
0.010920312500000001,10.560787254813869,34.516871240114753
0.010921875000000001,10.560879064816293,34.517142230837251
0.010923437500000001,10.560970898039921,34.517413261400506
0.010925000000000001,10.561062754488951,34.517684331805079
0.010926562500000001,10.561154634167734,34.517955442051779
0.010928125,10.561246537080528,34.518226592141048
0.0109296875,10.561338463231593,34.518497782073325
0.01093125,10.561430412625311,34.518769011849464
0.0109328125,10.561522385265947,34.519040281469884
0.010934375000000001,10.561614381157764,34.519311590935246
0.010935937500000001,10.561706400305056,34.51958294024611
0.010937500000000001,10.561798442712179,34.519854329403145
0.010939062500000001,10.561890508383328,34.520125758406657
0.010940625000000001,10.561982597322872,34.520397227257483
0.010942187500000001,10.562074709535041,34.520668735956285
0.01094375,10.562166845024262,34.520940284503588
0.0109453125,10.562259003794654,34.521211872899947
0.010946875,10.562351185850684,34.521483501145717
0.0109484375,10.562443391196544,34.521755169241821
0.01095,10.562535619836606,34.522026877188736
0.010951562500000001,10.562627871775119,34.522298624987151
0.010953125000000001,10.56272014701638,34.522570412637556
0.010954687500000001,10.562812445564708,34.522842240140463
0.010956250000000001,10.562904767424412,34.523114107496518
0.010957812500000001,10.562997112599733,34.523386014706368
0.010959375,10.563089481095101,34.523657961770603
0.0109609375,10.563181872914686,34.523929948689734
0.0109625,10.563274288062845,34.524201975464464
0.0109640625,10.563366726543956,34.524474042095413
0.010965625,10.563459188362216,34.524746148582942
0.010967187500000001,10.563551673521937,34.525018294927818
0.010968750000000001,10.563644182027474,34.525290481130696
0.010970312500000001,10.56373671388311,34.525562707191902
0.010971875000000001,10.563829269093182,34.525834973112495
0.010973437500000001,10.563921847661939,34.526107278892425
0.010975,10.564014449593738,34.526379624532822
0.0109765625,10.56410707489286,34.526652010034027
0.010978125,10.564199723563638,34.526924435396936
0.0109796875,10.564292395610382,34.527196900621597
0.01098125,10.564385091037375,34.527469405709049
0.010982812500000001,10.564477809848915,34.527741950659653
0.010984375000000001,10.564570552049382,34.528014535474114
0.010985937500000001,10.564663317642999,34.52828716015317
0.010987500000000001,10.564756106634158,34.52855982469702
0.010989062500000001,10.564848919027138,34.528832529106666
0.010990625,10.564941754826261,34.529105273382378
0.0109921875,10.565034614035808,34.529378057525065
0.01099375,10.565127496660185,34.529650881535026
0.0109953125,10.565220402703597,34.529923745412958
0.010996875,10.565313332170394,34.530196649159585
0.010998437500000001,10.565406285064908,34.530469592775276
0.011000000000000001,10.565499261391462,34.530742576260899
0.011001562500000001,10.565592261154352,34.531015599616751
0.011003125000000001,10.565685284357874,34.531288662843636
0.011004687500000001,10.565778331006412,34.531561765942122
0.01100625,10.565871401104236,34.531834908912693
0.0110078125,10.565964494655699,34.532108091756193
0.011009375,10.566057611665084,34.532381314472829
0.0110109375,10.566150752136769,34.532654577063489
0.0110125,10.566243916074972,34.532927879528543
0.011014062500000001,10.566337103484098,34.53320122186895
0.011015625000000001,10.56643031436845,34.533474604084965
0.011017187500000001,10.566523548732368,34.533748026177371
0.011018750000000001,10.566616806580136,34.534021488146777
0.011020312500000001,10.56671008791607,34.534294989993427
0.011021875,10.566803392744584,34.53456853171835
0.0110234375,10.56689672106989,34.534842113322064
0.011025,10.566990072896353,34.535115734804897
0.0110265625,10.567083448228372,34.535389396167915
0.011028125,10.567176847070158,34.535663097411195
0.011029687500000001,10.567270269426078,34.535936838535591
0.011031250000000001,10.567363715300536,34.536210619541684
0.011032812500000001,10.567457184697755,34.536484440430293
0.011034375000000001,10.567550677622096,34.536758301201523
0.011035937500000001,10.567644194077909,34.537032201856455
0.0110375,10.567737734069551,34.537306142395316
0.0110390625,10.567831297601222,34.537580122818923
0.011040625,10.567924884677367,34.537854143127639
0.0110421875,10.568018495302312,34.538128203322366
0.01104375,10.568112129480353,34.538402303403707
0.011045312500000001,10.5682057872159,34.538676443371905
0.011046875000000001,10.568299468513196,34.538950623227919
0.011048437500000001,10.56839317337653,34.539224842972132
0.011050000000000001,10.568486901810381,34.539499102605298
0.011051562500000001,10.56858065381901,34.5397734021277
0.011053125,10.568674429406729,34.540047741540477
0.0110546875,10.568768228577937,34.540322120843776
0.01105625,10.568862051336865,34.540596540038393
0.0110578125,10.568955897687959,34.540870999124849
0.011059375,10.569049767635502,34.54114549810361
0.011060937500000001,10.569143661183844,34.541420036975694
0.011062500000000001,10.569237578337333,34.541694615741399
0.011064062500000001,10.569331519100288,34.541969234401208
0.011065625000000001,10.569425483477053,34.542243892956037
0.011067187500000001,10.569519471471972,34.542518591406399
0.01106875,10.569613483089396,34.542793329752591
0.0110703125,10.569707518333598,34.543068107995587
0.011071875,10.569801577209034,34.543342926135935
0.0110734375,10.569895659719947,34.543617784173961
0.011075,10.569989765870746,34.543892682110567
0.011076562500000001,10.570083895665764,34.544167619946052
0.011078125000000001,10.570178049109311,34.544442597681524
0.011079687500000001,10.570272226205704,34.54471761531709
0.011081250000000001,10.570366426959385,34.544992672853489
0.011082812500000001,10.570460651374633,34.545267770291439
0.011084375,10.570554899455795,34.545542907631464
0.0110859375,10.570649171207235,34.545818084874107
0.0110875,10.570743466633298,34.546093302020125
0.0110890625,10.570837785738373,34.546368559069748
0.011090625,10.570932128526676,34.546643856024126
0.011092187500000001,10.571026495002688,34.546919192883585
0.011093750000000001,10.571120885170703,34.54719456964861
0.011095312500000001,10.571215299035103,34.547469986320102
0.011096875000000001,10.571309736600163,34.547745442898389
0.011098437500000001,10.571404197870335,34.548020939384209
0.0111,10.571498682849915,34.548296475777974
0.0111015625,10.571593191543213,34.548572052080594
0.011103125,10.571687723954652,34.548847668292382
0.0111046875,10.571782280088577,34.549123324414204
0.01110625,10.571876859949294,34.549399020446529
0.011107812500000001,10.571971463541214,34.549674756389905
0.011109375000000001,10.572066090868683,34.549950532245077
0.011110937500000001,10.572160741936015,34.550226348012345
0.011112500000000001,10.572255416747563,34.550502203692858
0.011114062500000001,10.572350115307744,34.550778099286767
0.011115625000000001,10.572444837620846,34.551054034794831
0.0111171875,10.572539583691324,34.551330010217647
0.01111875,10.572634353523338,34.551606025555685
0.0111203125,10.572729147121484,34.551882080809726
0.011121875,10.572823964490002,34.552158175980402
0.011123437500000001,10.572918805633243,34.552434311068104
0.011125000000000001,10.573013670555579,34.5527104860736
0.011126562500000001,10.573108559261437,34.552986700997515
0.011128125000000001,10.573203471755043,34.553262955840438
0.011129687500000001,10.573298408040825,34.553539250602874
0.011131250000000001,10.573393368123179,34.553815585285562
0.0111328125,10.573488352006478,34.554091959888879
0.011134375,10.573583359695023,34.554368374413663
0.0111359375,10.573678391193157,34.554644828860468
0.0111375,10.573773446505335,34.554921323229955
0.011139062500000001,10.573868525635865,34.555197857522451
0.011140625000000001,10.573963628589164,34.555474431738894
0.011142187500000001,10.574058755369478,34.555751045879738
0.011143750000000001,10.574153905981321,34.556027699945616
0.011145312500000001,10.574249080428929,34.556304393937161
0.011146875000000001,10.574344278716794,34.556581127854898
0.0111484375,10.574439500849186,34.55685790169953
0.01115,10.57453474683048,34.557134715471697
0.0111515625,10.574630016665095,34.557411569171755
0.011153125,10.574725310357371,34.557688462800499
0.0111546875,10.574820627911668,34.557965396358561
0.011156250000000001,10.574915969332432,34.558242369846489
0.011157812500000001,10.575011334623925,34.558519383265057
0.011159375000000001,10.575106723790567,34.558796436614486
0.011160937500000001,10.575202136836726,34.559073529895798
0.011162500000000001,10.575297573766823,34.559350663109399
0.0111640625,10.575393034585124,34.559627836255842
0.011165625,10.575488519296135,34.55990504933596
0.0111671875,10.575584027904089,34.560182302350078
0.01116875,10.575679560413457,34.560459595298909
0.0111703125,10.575775116828588,34.560736928183232
0.011171875000000001,10.575870697153833,34.561014301003553
0.011173437500000001,10.575966301393619,34.561291713760355
0.011175000000000001,10.576061929552303,34.561569166454213
0.011176562500000001,10.576157581634208,34.561846659086065
0.011178125000000001,10.576253257643806,34.562124191656238
0.0111796875,10.576348957585408,34.562401764165273
0.01118125,10.576444681463466,34.562679376614184
0.0111828125,10.576540429282257,34.562957029003236
0.011184375,10.576636201046158,34.563234721333146
0.0111859375,10.576731996759658,34.563512453604474
0.011187500000000001,10.576827816427119,34.563790225817897
0.011189062500000001,10.576923660052833,34.564068037973854
0.011190625000000001,10.57701952764123,34.564345890073355
0.011192187500000001,10.577115419196712,34.564623782116506
0.011193750000000001,10.577211334723625,34.564901714104238
0.0111953125,10.577307274226442,34.56517968603697
0.011196875,10.577403237709394,34.565457697915527
0.0111984375,10.577499225176986,34.565735749740483
0.0112,10.577595236633584,34.566013841512415
0.0112015625,10.577691272083527,34.566291973231685
0.011203125000000001,10.577787331531217,34.566570144899394
0.011204687500000001,10.577883414981093,34.56684835651577
0.011206250000000001,10.577979522437488,34.567126608081459
0.011207812500000001,10.578075653904815,34.567404899597143
0.011209375000000001,10.578171809387429,34.567683231063576
0.0112109375,10.578267988889779,34.567961602481169
0.0112125,10.578364192416212,34.568240013850534
0.0112140625,10.578460419971069,34.568518465172374
0.011215625,10.578556671558845,34.568796956447287
0.0112171875,10.578652947183874,34.569075487675832
0.011218750000000001,10.578749246850595,34.5693540588586
0.011220312500000001,10.578845570563303,34.569632669996466
0.011221875000000001,10.578941918326437,34.569911321089712
0.011223437500000001,10.579038290144462,34.570190012139214
0.011225000000000001,10.579134686021639,34.570468743145298
0.0112265625,10.579231105962512,34.570747514108753
0.011228125,10.579327549971328,34.571026325030125
0.0112296875,10.579424018052562,34.571305175909991
0.01123125,10.579520510210632,34.57158406674931
0.0112328125,10.579617026449892,34.571862997548408
0.011234375000000001,10.579713566774704,34.57214196830779
0.011235937500000001,10.579810131189559,34.572420979028315
0.011237500000000001,10.579906719698801,34.572700029710447
0.011239062500000001,10.580003332306847,34.57297912035466
0.011240625000000001,10.580099969018056,34.573258250961885
0.0112421875,10.580196629836818,34.573537421532613
0.01124375,10.5802933147676,34.573816632067491
0.0112453125,10.580390023814768,34.574095882567065
0.011246875,10.580486756982699,34.574375173031797
0.0112484375,10.580583514275881,34.574654503462625
0.011250000000000001,10.580680295698619,34.574933873860004
0.011251562500000001,10.580777101255334,34.575213284224489
0.011253125000000001,10.580873930950506,34.575492734556846
0.011254687500000001,10.580970784788411,34.575772224857594
0.011256250000000001,10.581067662773572,34.57605175512731
0.0112578125,10.581164564910324,34.576331325366759
0.011259375,10.581261491203049,34.576610935576369
0.0112609375,10.581358441656269,34.5768905857569
0.0112625,10.581455416274222,34.577170275908955
0.0112640625,10.581552415061482,34.57745000603304
0.011265625000000001,10.581649438022382,34.577729776129864
0.011267187500000001,10.581746485161325,34.578009586199748
0.011268750000000001,10.581843556482713,34.578289436243963
0.011270312500000001,10.581940651990976,34.578569326262659
0.011271875000000001,10.582037771690519,34.578849256256468
0.0112734375,10.582134915585714,34.579129226226065
0.011275,10.582232083681046,34.579409236172069
0.0112765625,10.582329275980896,34.579689286095245
0.011278125,10.582426492489615,34.579969375995979
0.0112796875,10.582523733211701,34.580249505874924
0.011281250000000001,10.582620998151496,34.580529675732713
0.011282812500000001,10.582718287313492,34.580809885570282
0.011284375000000001,10.582815600702004,34.581090135387619
0.011285937500000001,10.582912938321511,34.581370425185931
0.011287500000000001,10.583010300176474,34.581650754965573
0.0112890625,10.583107686271202,34.58193112472707
0.011290625,10.583205096610168,34.582211534471277
0.0112921875,10.583302531197774,34.582491984198761
0.01129375,10.583399990038453,34.582772473909834
0.0112953125,10.583497473136598,34.583053003605436
0.011296875000000001,10.583594980496681,34.58333357328614
0.011298437500000001,10.58369251212301,34.583614182952616
0.011300000000000001,10.583790068020143,34.583894832605324
0.011301562500000001,10.583887648192395,34.584175522244813
0.011303125000000001,10.583985252644228,34.584456251872034
0.0113046875,10.584082881380027,34.584737021487534
0.01130625,10.58418053440429,34.585017831091491
0.0113078125,10.584278211721339,34.58529868068495
0.011309375,10.584375913335686,34.585579570268628
0.0113109375,10.584473639251712,34.585860499842788
0.011312500000000001,10.584571389473822,34.586141469408162
0.011314062500000001,10.584669164006488,34.58642247896551
0.011315625000000001,10.584766962854077,34.586703528515308
0.011317187500000001,10.584864786021011,34.586984618058196
0.011318750000000001,10.58496263351182,34.587265747594898
0.011320312500000001,10.585060505330807,34.587546917126041
0.011321875,10.585158401482463,34.5878281266519
0.0113234375,10.585256321971206,34.588109376173414
0.011325,10.585354266801451,34.588390665691215
0.0113265625,10.585452235977623,34.58867199520602
0.011328125000000001,10.585550229504157,34.588953364718165
0.011329687500000001,10.58564824738548,34.589234774228316
0.011331250000000001,10.58574628962605,34.589516223737263
0.011332812500000001,10.585844356230222,34.589797713245552
0.011334375000000001,10.585942447202559,34.59007924275376
0.011335937500000001,10.586040562547346,34.590360812262503
0.0113375,10.586138702269054,34.590642421772493
0.0113390625,10.586236866372179,34.590924071284341
0.011340625,10.586335054861109,34.591205760798623
0.0113421875,10.586433267740242,34.59148749031587
0.011343750000000001,10.586531505014083,34.59176925983688
0.011345312500000001,10.586629766687079,34.592051069362121
0.011346875000000001,10.586728052763503,34.592332918892275
0.011348437500000001,10.586826363247967,34.592614808428138
0.011350000000000001,10.586924698144859,34.592896737970023
0.011351562500000001,10.587023057458573,34.593178707518796
0.011353125,10.587121441193608,34.593460717074933
0.0113546875,10.587219849354339,34.59374276663911
0.01135625,10.587318281945208,34.594024856211796
0.0113578125,10.587416738970679,34.594306985793978
0.011359375,10.587515220435272,34.594589155386153
0.011360937500000001,10.587613726343225,34.59487136498867
0.011362500000000001,10.587712256699149,34.59515361460253
0.011364062500000001,10.587810811507426,34.595435904227983
0.011365625000000001,10.587909390772479,34.595718233865874
0.011367187500000001,10.588007994498826,34.596000603516963
0.01136875,10.588106622690812,34.59628301318152
0.0113703125,10.588205275352959,34.59656546286044
0.011371875,10.588303952489582,34.596847952554128
0.0113734375,10.588402654105261,34.597130482263644
0.011375,10.588501380204413,34.597413051989051
0.011376562500000001,10.588600130791464,34.597695661731329
0.011378125000000001,10.58869890587081,34.597978311491161
0.011379687500000001,10.588797705446991,34.598261001268625
0.011381250000000001,10.588896529524384,34.598543731065043
0.011382812500000001,10.588995378107429,34.598826500880612
0.011384375,10.589094251200674,34.599109310716166
0.0113859375,10.589193148808409,34.599392160572208
0.0113875,10.589292070935226,34.599675050449633
0.0113890625,10.589391017585504,34.599957980348393
0.011390625,10.589489988763685,34.600240950269907
0.011392187500000001,10.589588984474213,34.600523960214396
0.011393750000000001,10.5896880047216,34.600807010182557
0.011395312500000001,10.589787049510253,34.601090100174751
0.011396875000000001,10.589886118844609,34.601373230192117
0.011398437500000001,10.589985212729141,34.601656400235058
0.0114,10.590084331168317,34.601939610304029
0.0114015625,10.590183474166535,34.60222286039987
0.011403125,10.590282641728313,34.602506150523148
0.0114046875,10.590381833858077,34.602789480674282
0.01140625,10.590481050560262,34.603072850854339
0.011407812500000001,10.59058029183935,34.603356261063553
0.011409375000000001,10.590679557699772,34.603639711302812
0.011410937500000001,10.590778848146021,34.603923201572556
0.011412500000000001,10.590878163182524,34.604206731873376
0.011414062500000001,10.590977502813747,34.604490302206187
0.011415625,10.591076867044126,34.604773912571225
0.0114171875,10.591176255878135,34.605057562969655
0.01141875,10.591275669320259,34.605341253401612
0.0114203125,10.591375107374899,34.605624983867841
0.011421875,10.591474570046602,34.605908754369153
0.011423437500000001,10.591574057339741,34.606192564905825
0.011425000000000001,10.59167356925879,34.606476415478866
0.011426562500000001,10.591773105808254,34.606760306088766
0.011428125000000001,10.591872666992593,34.607044236736172
0.011429687500000001,10.591972252816211,34.607328207421588
0.01143125,10.592071863283596,34.607612218145626
0.0114328125,10.592171498399267,34.607896268909066
0.011434375,10.592271158167597,34.608180359712691
0.0114359375,10.592370842593125,34.608464490556784
0.0114375,10.59247055168027,34.608748661442156
0.011439062500000001,10.592570285433492,34.609032872369191
0.011440625000000001,10.592670043857282,34.609317123339132
0.011442187500000001,10.592769826956129,34.6096014143518
0.011443750000000001,10.592869634734461,34.609885745408398
0.011445312500000001,10.592969467196747,34.610170116509458
0.011446875,10.59306932434745,34.61045452765552
0.0114484375,10.593169206191078,34.610738978847145
0.01145,10.59326911273206,34.611023470085023
0.0114515625,10.593369043974864,34.611308001369856
0.011453125,10.593468999923967,34.611592572702357
0.011454687500000001,10.593568980583839,34.611877184082985
0.011456250000000001,10.593668985958994,34.612161835512438
0.011457812500000001,10.593769016053859,34.612446526991285
0.011459375000000001,10.593869070872902,34.612731258520178
0.011460937500000001,10.593969150420609,34.613016030099651
0.0114625,10.594069254701425,34.61330084173057
0.0114640625,10.594169383719878,34.613585693413512
0.011465625,10.5942695374804,34.613870585149051
0.0114671875,10.594369715987487,34.614155516937757
0.01146875,10.59446991924559,34.614440488780261
0.011470312500000001,10.594570147259224,34.614725500677302
0.011471875000000001,10.594670400032861,34.615010552629407
0.011473437500000001,10.594770677570905,34.615295644637555
0.011475000000000001,10.594870979877875,34.615580776701869
0.011476562500000001,10.594971306958263,34.615865948823078
0.011478125,10.595071658816588,34.616151161002101
0.0114796875,10.595172035457217,34.61643641323932
0.01148125,10.595272436884722,34.61672170553544
0.0114828125,10.595372863103579,34.617007037891213
0.011484375,10.595473314118218,34.617292410307257
0.011485937500000001,10.595573789933143,34.617577822783929
0.011487500000000001,10.595674290552811,34.617863275322215
0.011489062500000001,10.595774815981786,34.618148767922598
0.011490625000000001,10.595875366224478,34.618434300585569
0.011492187500000001,10.595975941285367,34.618719873311747
0.01149375,10.596076541168962,34.619005486102097
0.0114953125,10.596177165879725,34.619291138957138
0.011496875,10.596277815422161,34.619576831877261
0.0114984375,10.596378489800763,34.619862564863297
0.0115,10.596479189020004,34.620148337916191
0.011501562500000001,10.596579913084339,34.620434151035916
0.011503125000000001,10.596680661998288,34.620720004223386
0.011504687500000001,10.596781435766298,34.621005897479321
0.011506250000000001,10.596882234392947,34.621291830804353
0.011507812500000001,10.596983057882634,34.621577804199163
0.011509375000000001,10.597083906239897,34.621863817664277
0.0115109375,10.597184779469153,34.622149871200229
0.0115125,10.597285677575009,34.622435964807856
0.0115140625,10.597386600561832,34.622722098487792
0.011515625,10.597487548434245,34.623008272240497
0.011517187500000001,10.597588521196586,34.623294486066833
0.011518750000000001,10.597689518853418,34.623580739967224
0.011520312500000001,10.597790541409291,34.623867033942311
0.011521875000000001,10.597891588868636,34.624153367992839
0.011523437500000001,10.597992661235931,34.624439742119513
0.011525000000000001,10.598093758515658,34.624726156322879
0.0115265625,10.598194880712358,34.625012610603463
0.011528125,10.598296027830608,34.625299104962124
0.0115296875,10.59839719987469,34.625585639399112
0.01153125,10.598498396849287,34.625872213915535
0.011532812500000001,10.598599618758817,34.626158828511898
0.011534375000000001,10.598700865607778,34.626445483188746
0.011535937500000001,10.598802137400638,34.626732177946693
0.011537500000000001,10.598903434141963,34.62701891278634
0.011539062500000001,10.59900475583617,34.627305687708493
0.011540625000000001,10.599106102487864,34.627592502713654
0.0115421875,10.599207474101453,34.627879357802506
0.01154375,10.599308870681474,34.628166252975639
0.0115453125,10.599410292232411,34.628453188233976
0.011546875,10.599511738758777,34.628740163577689
0.011548437500000001,10.599613210265071,34.629027179007728
0.011550000000000001,10.599714706755803,34.629314234524699
0.011551562500000001,10.599816228235399,34.629601330129134
0.011553125000000001,10.599917774708501,34.629888465821715
0.011554687500000001,10.600019346179515,34.630175641603024
0.011556250000000001,10.600120942652978,34.630462857473688
0.0115578125,10.60022256413335,34.630750113434509
0.011559375,10.600324210625187,34.63103740948624
0.0115609375,10.600425882132962,34.631324745629151
0.0115625,10.600527578661213,34.63161212186403
0.0115640625,10.600629300214424,34.631899538191526
0.011565625000000001,10.600731046797096,34.632186994612354
0.011567187500000001,10.600832818413704,34.632474491126949
0.011568750000000001,10.600934615068882,34.632762027736227
0.011570312500000001,10.601036436766982,34.633049604440657
0.011571875000000001,10.601138283512626,34.633337221240957
0.0115734375,10.601240155310247,34.63362487813761
0.011575,10.601342052164403,34.633912575131426
0.0115765625,10.601443974079578,34.634200312223022
0.011578125,10.601545921060309,34.634488089412891
0.0115796875,10.601647893111087,34.634775906701719
0.011581250000000001,10.601749890236338,34.635063764090447
0.011582812500000001,10.601851912440797,34.635351661579548
0.011584375000000001,10.601953959728752,34.635639599169345
0.011585937500000001,10.602056032104855,34.635927576860738
0.011587500000000001,10.602158129573535,34.636215594654388
0.0115890625,10.602260252139375,34.636503652550893
0.011590625,10.602362399806829,34.636791750551097
0.0115921875,10.602464572580429,34.63707988865518
0.01159375,10.602566770464767,34.637368066864148
0.0115953125,10.602668993464231,34.637656285178409
0.011596875000000001,10.602771241583403,34.637944543599012
0.011598437500000001,10.602873514826806,34.638232842126108
0.011600000000000001,10.602975813198992,34.638521180760698
0.011601562500000001,10.60307813670437,34.638809559503301
0.011603125000000001,10.603180485347568,34.639097978354471
0.0116046875,10.603282859133037,34.639386437315025
0.01160625,10.603385258065325,34.639674936385305
0.0116078125,10.60348768214897,34.63996347556629
0.011609375,10.603590131388438,34.640252054858379
0.0116109375,10.603692605788266,34.640540674262475
0.011612500000000001,10.603795105353047,34.640829333779038
0.011614062500000001,10.603897630087248,34.641118033408695
0.011615625000000001,10.604000179995374,34.641406773152028
0.011617187500000001,10.604102755081962,34.641695553009953
0.011618750000000001,10.604205355351533,34.641984372982868
0.0116203125,10.604307980808652,34.642273233071286
0.011621875,10.604410631457759,34.642562133276314
0.0116234375,10.604513307303453,34.642851073598273
0.011625,10.604616008350202,34.643140054037893
0.0116265625,10.604718734602622,34.643429074595758
0.011628125000000001,10.604821486065186,34.643718135272508
0.011629687500000001,10.604924262742385,34.644007236068859
0.011631250000000001,10.605027064638795,34.644296376985473
0.011632812500000001,10.605129891758935,34.644585558022882
0.011634375000000001,10.605232744107331,34.644874779181883
0.0116359375,10.605335621688491,34.64516404046288
0.0116375,10.605438524506964,34.645453341866656
0.0116390625,10.605541452567309,34.645742683393827
0.011640625,10.605644405873996,34.646032065045361
0.0116421875,10.605747384431634,34.646321486821329
0.011643750000000001,10.605850388244656,34.646610948722881
0.011645312500000001,10.605953417317654,34.646900450750366
0.011646875000000001,10.606056471655192,34.647189992904508
0.011648437500000001,10.606159551261767,34.647479575185905
0.011650000000000001,10.606262656141851,34.647769197595082
0.0116515625,10.60636578630012,34.648058860133155
0.011653125,10.606468941740969,34.648348562800344
0.0116546875,10.606572122469009,34.648638305597423
0.01165625,10.606675328488738,34.648928088524912
0.0116578125,10.606778559804736,34.649217911583762
0.011659375000000001,10.606881816421465,34.649507774774314
0.011660937500000001,10.606985098343577,34.649797678097549
0.011662500000000001,10.607088405575526,34.650087621553574
0.011664062500000001,10.607191738121848,34.650377605143525
0.011665625000000001,10.607295095987171,34.650667628867957
0.0116671875,10.607398479175886,34.650957692727296
0.01166875,10.607501887692635,34.651247796722409
0.0116703125,10.607605321541962,34.6515379408537
0.011671875,10.607708780728373,34.651828125122357
0.0116734375,10.607812265256426,34.652118349528401
0.011675000000000001,10.607915775130621,34.652408614072741
0.011676562500000001,10.608019310355552,34.652698918755966
0.011678125000000001,10.608122870935761,34.652989263578789
0.011679687500000001,10.608226456875723,34.653279648541812
0.011681250000000001,10.60833006818015,34.653570073645824
0.0116828125,10.608433704853372,34.653860538891429
0.011684375,10.60853736690003,34.654151044278926
0.0116859375,10.608641054324702,34.654441589809686
0.0116875,10.608744767131894,34.654732175483637
0.0116890625,10.608848505326142,34.655022801301591
0.011690625000000001,10.608952268912036,34.655313467264477
0.011692187500000001,10.60905605789408,34.655604173372744
0.011693750000000001,10.609159872276857,34.655894919627109
0.011695312500000001,10.609263712064923,34.656185706028054
0.011696875000000001,10.609367577262789,34.656476532576399
0.011698437500000001,10.609471467874949,34.656767399272759
0.0117,10.60957538390609,34.657058306117889
0.0117015625,10.609679325360684,34.657349253112166
0.011703125,10.609783292243304,34.657640240256406
0.0117046875,10.609887284558438,34.657931267551469
0.011706250000000001,10.609991302310728,34.658222334997454
0.011707812500000001,10.610095345504693,34.658513442595556
0.011709375000000001,10.610199414144873,34.658804590346179
0.011710937500000001,10.610303508235818,34.65909577824997
0.011712500000000001,10.610407627782097,34.659387006307476
0.011714062500000001,10.610511772788277,34.659678274519706
0.011715625,10.610615943258814,34.659969582887051
0.0117171875,10.610720139198433,34.660260931410093
0.01171875,10.610824360611536,34.660552320089501
0.0117203125,10.610928607502807,34.660843748926204
0.011721875000000001,10.611032879876703,34.661135217920574
0.011723437500000001,10.611137177737822,34.661426727073319
0.011725000000000001,10.611241501090738,34.661718276385216
0.011726562500000001,10.611345849939923,34.662009865856781
0.011728125000000001,10.611450224290063,34.662301495488684
0.011729687500000001,10.611554624145613,34.662593165281663
0.01173125,10.61165904951122,34.66288487523618
0.0117328125,10.611763500391353,34.663176625352953
0.011734375,10.611867976790652,34.663468415632849
0.0117359375,10.611972478713595,34.663760246076336
0.011737500000000001,10.612077006164849,34.664052116683962
0.011739062500000001,10.612181559148906,34.6643440274566
0.011740625000000001,10.612286137670306,34.664635978394706
0.011742187500000001,10.612390741733677,34.664927969499011
0.011743750000000001,10.612495371343552,34.665220000770205
0.011745312500000001,10.612600026504522,34.665512072209012
0.011746875,10.612704707221106,34.665804183815958
0.0117484375,10.612809413497867,34.666096335591604
0.01175,10.612914145339408,34.666388527536853
0.0117515625,10.613018902750262,34.666680759652188
0.011753125000000001,10.613123685735058,34.666973031938326
0.011754687500000001,10.613228494298301,34.667265344395965
0.011756250000000001,10.613333328444568,34.667557697025522
0.011757812500000001,10.613438188178479,34.667850089827994
0.011759375000000001,10.613543073504504,34.668142522803677
0.011760937500000001,10.613647984427269,34.668434995953461
0.0117625,10.613752920951368,34.668727509277979
0.0117640625,10.613857883081357,34.669020062777946
0.011765625,10.613962870821757,34.66931265645367
0.0117671875,10.614067884177219,34.669605290306158
0.01176875,10.614172923152267,34.669897964336059
0.011770312500000001,10.614277987751432,34.670190678543811
0.011771875000000001,10.614383077979339,34.670483432930347
0.011773437500000001,10.614488193840568,34.670776227495843
0.011775000000000001,10.614593335339697,34.671069062241408
0.011776562500000001,10.614698502481303,34.671361937167632
0.011778125,10.614803695269856,34.671654852274969
0.0117796875,10.614908913710064,34.671947807564308
0.01178125,10.615014157806501,34.672240803036196
0.0117828125,10.615119427563613,34.672533838691287
0.011784375,10.615224722986108,34.672826914529985
0.011785937500000001,10.615330044078499,34.673120030553434
0.011787500000000001,10.615435390845411,34.673413186761984
0.011789062500000001,10.615540763291351,34.67370638315635
0.011790625000000001,10.615646161420917,34.673999619737195
0.011792187500000001,10.615751585238753,34.674292896505165
0.01179375,10.615857034749361,34.674586213460834
0.0117953125,10.615962509957374,34.674879570605057
0.011796875,10.616068010867355,34.675172967938309
0.0117984375,10.616173537483855,34.675466405461457
0.0118,10.616279089811494,34.675759883175054
0.011801562500000001,10.616384667854868,34.676053401079429
0.011803125000000001,10.616490271618483,34.676346959175504
0.011804687500000001,10.61659590110699,34.676640557464296
0.011806250000000001,10.616701556324962,34.676934195945847
0.011807812500000001,10.61680723727692,34.677227874621195
0.011809375,10.616912943967584,34.677521593490823
0.0118109375,10.617018676401424,34.677815352555378
0.0118125,10.617124434583051,34.678109151815761
0.0118140625,10.617230218517062,34.678402991272314
0.011815625,10.617336028208019,34.678696870925933
0.011817187500000001,10.617441863660556,34.678990790777227
0.011818750000000001,10.617547724879243,34.679284750826632
0.011820312500000001,10.617653611868587,34.679578751075077
0.011821875000000001,10.617759524633357,34.67987279152306
0.011823437500000001,10.617865463177953,34.680166872171363
0.011825,10.617971427507035,34.680460993020588
0.0118265625,10.618077417625274,34.680755154071271
0.011828125,10.618183433537187,34.681049355324376
0.0118296875,10.618289475247291,34.681343596780266
0.01183125,10.618395542760291,34.681637878439673
0.011832812500000001,10.618501636080691,34.681932200303166
0.011834375000000001,10.618607755213189,34.682226562371788
0.011835937500000001,10.6187139001623,34.682520964645839
0.011837500000000001,10.61882007093266,34.682815407125872
0.011839062500000001,10.618926267528796,34.683109889812876
0.011840625,10.619032489955398,34.683404412707333
0.0118421875,10.619138738216988,34.683698975810046
0.01184375,10.619245012318133,34.683993579121505
0.0118453125,10.619351312263536,34.684288222642351
0.011846875,10.619457638057717,34.68458290637335
0.011848437500000001,10.619563989705277,34.684877630315249
0.011850000000000001,10.619670367210842,34.685172394468523
0.011851562500000001,10.619776770579016,34.685467198833891
0.011853125000000001,10.619883199814332,34.68576204341209
0.011854687500000001,10.619989654921437,34.68605692820347
0.01185625,10.620096135904934,34.686351853209203
0.0118578125,10.620202642769414,34.686646818429629
0.011859375,10.620309175519473,34.686941823865411
0.0118609375,10.620415734159691,34.687236869517172
0.0118625,10.620522318694738,34.68753195538585
0.011864062500000001,10.620628929129115,34.687827081471909
0.011865625000000001,10.620735565467486,34.688122247775837
0.011867187500000001,10.620842227714496,34.68841745429846
0.011868750000000001,10.620948915874683,34.688712701040608
0.011870312500000001,10.621055629952657,34.689007988002686
0.011871875,10.62116236995298,34.689303315185363
0.0118734375,10.62126913588037,34.689598682589356
0.011875,10.621375927739354,34.689894090215667
0.0118765625,10.621482745534532,34.690189538064452
0.011878125,10.621589589270522,34.690485026136642
0.011879687500000001,10.621696458951977,34.690780554432649
0.011881250000000001,10.62180335458344,34.691076122953476
0.011882812500000001,10.621910276169542,34.691371731699434
0.011884375000000001,10.622017223714883,34.691667380671419
0.011885937500000001,10.622124197224093,34.691963069870184
0.0118875,10.622231196701742,34.692258799296042
0.0118890625,10.622338222152514,34.69255456895003
0.011890625,10.622445273580915,34.692850378832496
0.0118921875,10.622552350991638,34.6931462289443
0.01189375,10.622659454389217,34.693442119286061
0.011895312500000001,10.622766583778375,34.693738049858496
0.011896875000000001,10.622873739163657,34.694034020662123
0.011898437500000001,10.622980920549642,34.694330031697746
0.011900000000000001,10.623088127940989,34.694626082965833
0.011901562500000001,10.623195361342304,34.694922174467223
0.011903125000000001,10.623302620758224,34.695218306202577
0.0119046875,10.623409906193313,34.695514478172555
0.01190625,10.623517217652195,34.69581069037779
0.0119078125,10.623624555139502,34.696106942818766
0.011909375,10.623731918659853,34.696403235496405
0.011910937500000001,10.623839308217853,34.696699568411333
0.011912500000000001,10.62394672381811,34.696995941563948
0.011914062500000001,10.624054165465294,34.697292354955216
0.011915625000000001,10.624161633163952,34.697588808585834
0.011917187500000001,10.624269126918801,34.697885302456164
0.011918750000000001,10.624376646734268,34.698181836567116
0.0119203125,10.624484192615146,34.698478410919442
0.011921875,10.624591764566054,34.698775025513584
0.0119234375,10.624699362591482,34.699071680350094
0.011925,10.62480698669621,34.699368375429913
0.011926562500000001,10.624914636884716,34.699665110753621
0.011928125000000001,10.625022313161711,34.699961886321823
0.011929687500000001,10.6251300155318,34.700258702135251
0.011931250000000001,10.625237743999543,34.70055555819448
0.011932812500000001,10.62534549856961,34.700852454500421
0.011934375000000001,10.62545327924667,34.701149391053356
0.0119359375,10.625561086035303,34.701446367854203
0.0119375,10.625668918940104,34.701743384903494
0.0119390625,10.625776777965767,34.702040442202211
0.011940625,10.625884663116864,34.702337539750495
0.011942187500000001,10.625992574398062,34.702634677549419
0.011943750000000001,10.626100511813892,34.702931855599573
0.011945312500000001,10.62620847536911,34.703229073901639
0.011946875000000001,10.626316465068271,34.703526332456036
0.011948437500000001,10.626424480915979,34.703823631263681
0.011950000000000001,10.626532522916973,34.704120970325143
0.0119515625,10.626640591075731,34.704418349641308
0.011953125,10.626748685396999,34.704715769212484
0.0119546875,10.626856805885341,34.70501322903948
0.01195625,10.626964952545404,34.705310729122999
0.011957812500000001,10.62707312538182,34.70560826946371
0.011959375000000001,10.627181324399274,34.705905850062372
0.011960937500000001,10.627289549602308,34.706203470919398
0.011962500000000001,10.627397800995553,34.706501132035676
0.011964062500000001,10.627506078583774,34.706798833411796
0.011965625000000001,10.627614382371403,34.707096575048439
0.0119671875,10.627722712363267,34.707394356946146
0.01196875,10.627831068563864,34.707692179105749
0.0119703125,10.627939450977967,34.707990041527786
0.011971875,10.628047859610019,34.70828794421309
0.011973437500000001,10.628156294464803,34.708585887162215
0.011975000000000001,10.628264755546898,34.708883870375807
0.011976562500000001,10.628373242860986,34.70918189385462
0.011978125000000001,10.628481756411652,34.7094799575992
0.011979687500000001,10.628590296203518,34.709778061610471
0.011981250000000001,10.628698862241258,34.710076205888761
0.0119828125,10.628807454529568,34.710374390434907
0.011984375,10.628916073072963,34.710672615249734
0.0119859375,10.629024717876183,34.710970880333619
0.0119875,10.629133388943769,34.711269185687335
0.0119890625,10.629242086280472,34.711567531311431
0.011990625000000001,10.629350809890896,34.711865917206993
0.011992187500000001,10.629459559779633,34.712164343374397
0.011993750000000001,10.629568335951392,34.712462809814205
0.011995312500000001,10.629677138410775,34.712761316527278
0.011996875000000001,10.629785967162414,34.713059863514083
0.0119984375,10.629894822210973,34.713358450775551
0.012,10.630003703561108,34.713657078312139
0.0120015625,10.630112611217474,34.713955746124618
0.012003125,10.63022154518462,34.714254454213695
0.0120046875,10.630330505467287,34.714553202580028
0.012006250000000001,10.63043949207011,34.714851991223995
0.012007812500000001,10.630548504997696,34.715150820146597
0.012009375000000001,10.630657544254724,34.715449689348524
0.012010937500000001,10.630766609845839,34.715748598830324
0.012012500000000001,10.630875701775642,34.716047548592712
0.0120140625,10.630984820048862,34.716346538636195
0.012015625,10.631093964670091,34.71664556896161
0.0120171875,10.63120313564391,34.716944639569654
0.01201875,10.631312332975174,34.717243750460774
0.0120203125,10.631421556668331,34.717542901636051
0.012021875000000001,10.631530806728135,34.717842093095662
0.012023437500000001,10.6316400831592,34.718141324840872
0.012025000000000001,10.63174938596616,34.718440596871488
0.012026562500000001,10.631858715153703,34.718739909189054
0.012028125000000001,10.631968070726481,34.719039261793974
0.0120296875,10.632077452689108,34.719338654686496
0.01203125,10.632186861046275,34.719638087867736
0.0120328125,10.632296295802636,34.719937561338298
0.012034375,10.632405756962818,34.720237075098716
0.0120359375,10.632515244531481,34.720536629149798
0.012037500000000001,10.632624758513305,34.720836223492007
0.012039062500000001,10.632734298912938,34.721135858126559
0.012040625000000001,10.632843865734998,34.721435533053381
0.012042187500000001,10.632953458984176,34.721735248273717
0.012043750000000001,10.633063078665106,34.722035003788044
0.0120453125,10.633172724782538,34.72233479959673
0.012046875,10.633282397340926,34.722634635700935
0.0120484375,10.633392096345144,34.72293451210102
0.01205,10.633501821799745,34.723234428797888
0.0120515625,10.633611573709407,34.723534385792163
0.012053125000000001,10.633721352078773,34.723834383084231
0.012054687500000001,10.633831156912526,34.724134420675156
0.012056250000000001,10.633940988215368,34.724434498565273
0.012057812500000001,10.634050845991814,34.724734616755498
0.012059375000000001,10.634160730246641,34.725034775246321
0.0120609375,10.634270640984491,34.725334974038439
0.0120625,10.634380578210044,34.725635213132747
0.0120640625,10.634490541927949,34.725935492529807
0.012065625,10.634600532142866,34.726235812230108
0.0120671875,10.634710548859458,34.726536172234603
0.012068750000000001,10.634820592082344,34.72683657254381
0.012070312500000001,10.634930661816291,34.727137013158213
0.012071875000000001,10.635040758065852,34.727437494078764
0.012073437500000001,10.635150880835793,34.727738015306215
0.012075000000000001,10.635261030130705,34.728038576840994
0.0120765625,10.635371205955279,34.728339178683825
0.012078125,10.63548140831422,34.728639820835447
0.0120796875,10.635591637212146,34.728940503296606
0.01208125,10.635701892653703,34.729241226067835
0.0120828125,10.635812174643673,34.729541989149794
0.012084375000000001,10.635922483186581,34.729842792543195
0.012085937500000001,10.636032818287196,34.730143636248727
0.012087500000000001,10.63614317995018,34.730444520267326
0.012089062500000001,10.636253568180109,34.730745444599286
0.012090625000000001,10.636363982981804,34.731046409245252
0.012092187500000001,10.636474424359813,34.731347414206056
0.01209375,10.636584892318856,34.731648459482621
0.0120953125,10.636695386863584,34.731949545075175
0.012096875,10.636805907998742,34.732250670984541
0.0120984375,10.636916455728915,34.732551837211666
0.012100000000000001,10.6370270300588,34.732853043756819
0.012101562500000001,10.637137630993079,34.73315429062108
0.012103125000000001,10.637248258536431,34.733455577804598
0.012104687500000001,10.63735891269355,34.733756905308525
0.012106250000000001,10.63746959346909,34.734058273133328
0.012107812500000001,10.6375803008677,34.734359681279784
0.012109375,10.637691034894114,34.734661129748403
0.0121109375,10.63780179555294,34.734962618540138
0.0121125,10.637912582848953,34.735264147655151
0.0121140625,10.638023396786689,34.735565717094843
0.012115625000000001,10.638134237370954,34.735867326859356
0.012117187500000001,10.638245104606405,34.736168976949422
0.012118750000000001,10.638355998497667,34.736470667365914
0.012120312500000001,10.638466919049455,34.736772398109366
0.012121875000000001,10.63857786626644,34.737074169180502
0.012123437500000001,10.638688840153344,34.737375980579984
0.012125,10.638799840714784,34.737677832308492
0.0121265625,10.63891086795544,34.73797972436666
0.012128125,10.639021921880051,34.738281656755305
0.0121296875,10.639133002493335,34.738583629474917
0.012131250000000001,10.639244109799845,34.738885642526299
0.012132812500000001,10.639355243804347,34.739187695910068
0.012134375000000001,10.639466404511467,34.739489789626823
0.012135937500000001,10.639577591925965,34.739791923677622
0.012137500000000001,10.639688806052527,34.740094098062663
0.012139062500000001,10.63980004689571,34.740396312782956
0.012140625,10.639911314460392,34.740698567838891
0.0121421875,10.640022608751165,34.741000863231278
0.01214375,10.640133929772613,34.741303198961113
0.0121453125,10.640245277529591,34.741605575028551
0.012146875000000001,10.640356652026702,34.741907991434417
0.012148437500000001,10.640468053268666,34.742210448179613
0.012150000000000001,10.64057948126014,34.742512945264558
0.012151562500000001,10.64069093600582,34.74281548269019
0.012153125000000001,10.64080241751045,34.743118060456879
0.012154687500000001,10.640913925778644,34.743420678565755
0.01215625,10.641025460815081,34.743723337016931
0.0121578125,10.641137022624545,34.744026035811352
0.012159375,10.641248611211688,34.744328774949942
0.0121609375,10.641360226581122,34.744631554432843
0.012162500000000001,10.641471868737643,34.744934374261291
0.012164062500000001,10.641583537685927,34.745237234435592
0.012165625000000001,10.641695233430628,34.745540134956492
0.012167187500000001,10.641806955976479,34.745843075824837
0.012168750000000001,10.641918705328131,34.746146057041194
0.012170312500000001,10.642030481490279,34.746449078606126
0.012171875,10.642142284467663,34.746752140520584
0.0121734375,10.642254114264988,34.747055242785052
0.012175,10.642365970886912,34.747358385400105
0.0121765625,10.642477854338107,34.747661568366468
0.012178125000000001,10.64258976462335,34.747964791685121
0.012179687500000001,10.642701701747262,34.748268055356689
0.012181250000000001,10.64281366571455,34.7485713593816
0.012182812500000001,10.642925656529941,34.748874703760393
0.012184375000000001,10.643037674198109,34.749178088494141
0.012185937500000001,10.643149718723819,34.74948151358354
0.0121875,10.643261790111669,34.749784979028853
0.0121890625,10.64337388836644,34.750088484831196
0.012190625,10.643486013492797,34.750392030990881
0.0121921875,10.643598165495456,34.750695617508939
0.01219375,10.643710344379063,34.750999244385746
0.012195312500000001,10.643822550148405,34.751302911622226
0.012196875000000001,10.64393478280811,34.751606619218883
0.012198437500000001,10.644047042362976,34.751910367176649
0.012200000000000001,10.644159328817638,34.752214155495921
0.012201562500000001,10.644271642176781,34.752517984177466
0.012203125,10.64438398244515,34.752821853221818
0.0122046875,10.644496349627415,34.753125762629971
0.01220625,10.644608743728334,34.753429712402564
0.0122078125,10.644721164752569,34.753733702540011
0.012209375,10.644833612704854,34.754037733043361
0.012210937500000001,10.644946087589854,34.754341803912787
0.012212500000000001,10.645058589412294,34.754645915149524
0.012214062500000001,10.645171118176942,34.754950066753707
0.012215625000000001,10.645283673888429,34.755254258726659
0.012217187500000001,10.645396256551489,34.755558491068548
0.01221875,10.645508866170825,34.7558627637803
0.0122203125,10.645621502751142,34.756167076862369
0.012221875,10.645734166297199,34.756471430315791
0.0122234375,10.64584685681365,34.756775824141044
0.012225,10.645959574305234,34.757080258338739
0.012226562500000001,10.646072318776637,34.757384732909692
0.012228125000000001,10.646185090232585,34.757689247854309
0.012229687500000001,10.646297888677806,34.757993803173754
0.012231250000000001,10.646410714116969,34.758298398868277
0.012232812500000001,10.646523566554865,34.758603034938957
0.012234375,10.646636445996114,34.758907711386172
0.0122359375,10.646749352445479,34.759212428210539
0.0122375,10.646862285907666,34.759517185412982
0.0122390625,10.646975246387385,34.759821982993984
0.012240625,10.647088233889383,34.76012682095444
0.012242187500000001,10.647201248418366,34.760431699294934
0.012243750000000001,10.647314289979006,34.760736618016111
0.012245312500000001,10.647427358576078,34.76104157711876
0.012246875000000001,10.647540454214253,34.761346576603394
0.012248437500000001,10.647653576898231,34.761651616470779
0.01225,10.647766726632842,34.76195669672164
0.0122515625,10.647879903422687,34.76226181735661
0.012253125,10.647993107272484,34.762566978376462
0.0122546875,10.648106338187109,34.762872179781894
0.01225625,10.648219596171087,34.763177421573253
0.012257812500000001,10.64833288122928,34.763482703751613
0.012259375000000001,10.648446193366256,34.763788026317549
0.012260937500000001,10.64855953258688,34.764093389271643
0.012262500000000001,10.648672898895832,34.76439879261477
0.012264062500000001,10.648786292297794,34.764704236347384
0.012265625,10.64889971279757,34.765009720470381
0.0122671875,10.649013160399763,34.765315244984443
0.01226875,10.649126635109246,34.765620809889818
0.0122703125,10.649240136930626,34.765926415187856
0.012271875,10.649353665868611,34.766232060878984
0.012273437500000001,10.649467221928091,34.766537746963735
0.012275000000000001,10.649580805113594,34.766843473442655
0.012276562500000001,10.649694415429975,34.767149240316982
0.012278125000000001,10.649808052881916,34.767455047586864
0.012279687500000001,10.649921717474125,34.767760895253218
0.01228125,10.65003540921137,34.768066783316819
0.0122828125,10.650149128098318,34.768372711778284
0.012284375,10.650262874139756,34.768678680638203
0.0122859375,10.650376647340458,34.768984689897302
0.0122875,10.650490447704978,34.769290739556261
0.012289062500000001,10.650604275238253,34.769596829615665
0.012290625000000001,10.650718129944858,34.769902960076536
0.012292187500000001,10.650832011829607,34.770209130939286
0.012293750000000001,10.650945920897186,34.770515342204639
0.012295312500000001,10.651059857152376,34.770821593873407
0.012296875000000001,10.651173820599849,34.771127885946107
0.0122984375,10.651287811244424,34.771434218423487
0.0123,10.651401829090709,34.771740591306305
0.0123015625,10.651515874143541,34.772047004595088
0.012303125,10.651629946407587,34.772353458290738
0.012304687500000001,10.651744045887678,34.772659952393667
0.012306250000000001,10.651858172588428,34.772966486904863
0.012307812500000001,10.651972326514628,34.773273061824817
0.012309375000000001,10.652086507671003,34.773579677154274
0.012310937500000001,10.652200716062337,34.773886332893902
0.012312500000000001,10.652314951693297,34.774193029044554
0.0123140625,10.652429214568652,34.7744997656065
0.012315625,10.652543504693167,34.774806542580848
0.0123171875,10.652657822071522,34.775113359968032
0.01231875,10.652772166708479,34.775420217768982
0.012320312500000001,10.652886538608794,34.775727115984097
0.012321875000000001,10.65300093777722,34.7760340546142
0.012323437500000001,10.653115364218458,34.776341033660117
0.012325000000000001,10.653229817937236,34.776648053122372
0.012326562500000001,10.653344298938363,34.776955113001804
0.012328125000000001,10.653458807226441,34.777262213298705
0.0123296875,10.65357334280638,34.777569354014254
0.01233125,10.653687905682878,34.777876535148899
0.0123328125,10.653802495860559,34.778183756703349
0.012334375,10.653917113344304,34.778491018678196
0.012335937500000001,10.654031758138746,34.778798321074362
0.012337500000000001,10.654146430248776,34.77910566389248
0.012339062500000001,10.654261129678968,34.779413047133005
0.012340625000000001,10.65437585643417,34.779720470796761
0.012342187500000001,10.654490610519151,34.780027934884487
0.012343750000000001,10.654605391938569,34.780335439397014
0.0123453125,10.654720200697254,34.780642984334712
0.012346875,10.654835036799845,34.780950569698547
0.0123484375,10.654949900251177,34.781258195488938
0.01235,10.655064791056004,34.781565861706795
0.012351562500000001,10.655179709218991,34.781873568352673
0.012353125000000001,10.655294654745006,34.782181315427259
0.012354687500000001,10.655409627638655,34.782489102931599
0.012356250000000001,10.655524627904732,34.7827969308658
0.012357812500000001,10.655639655548127,34.783104799230891
0.012359375000000001,10.655754710573426,34.783412708027718
0.0123609375,10.655869792985406,34.783720657256396
0.0123625,10.655984902788852,34.784028646918195
0.0123640625,10.656100039988486,34.784336677013819
0.012365625,10.656215204589166,34.784644747543389
0.012367187500000001,10.656330396595521,34.78495285850817
0.012368750000000001,10.656445616012283,34.785261009908524
0.012370312500000001,10.656560862844312,34.78556920174514
0.012371875000000001,10.656676137096317,34.785877434018921
0.012373437500000001,10.656791438773066,34.786185706730365
0.012375000000000001,10.656906767879207,34.786494019880514
0.0123765625,10.657022124419669,34.786802373469392
0.012378125,10.657137508399076,34.787110767498213
0.0123796875,10.657252919822264,34.787419201967502
0.01238125,10.657368358693907,34.787727676878113
0.012382812500000001,10.657483825018835,34.788036192230656
0.012384375000000001,10.657599318801717,34.788344748025672
0.012385937500000001,10.657714840047426,34.788653344263942
0.012387500000000001,10.657830388760686,34.788961980946034
0.012389062500000001,10.657945964946196,34.789270658073065
0.012390625000000001,10.658061568608773,34.789579375645282
0.0123921875,10.658177199753123,34.789888133663503
0.01239375,10.658292858384064,34.790196932128438
0.0123953125,10.658408544506356,34.79050577104087
0.012396875,10.658524258124704,34.790814650401401
0.0123984375,10.65863999924386,34.79112357021063
0.012400000000000001,10.658755767868678,34.791432530469486
0.012401562500000001,10.658871564003878,34.791741531178353
0.012403125000000001,10.658987387654177,34.792050572338354
0.012404687500000001,10.659103238824375,34.792359653949703
0.012406250000000001,10.659219117519269,34.792668776013514
0.0124078125,10.659335023743525,34.792977938530036
0.012409375,10.659450957501985,34.793287141500315
0.0124109375,10.659566918799403,34.793596384925053
0.0124125,10.659682907640564,34.793905668804683
0.0124140625,10.659798924030197,34.794214993140038
0.012415625000000001,10.659914967973098,34.794524357931778
0.012417187500000001,10.660031039473937,34.794833763180684
0.012418750000000001,10.660147138537569,34.795143208887453
0.012420312500000001,10.660263265168799,34.795452695052539
0.012421875000000001,10.660379419372356,34.795762221676959
0.0124234375,10.660495601152958,34.796071788761289
0.012425,10.660611810515435,34.796381396306188
0.0124265625,10.660728047464552,34.796691044312276
0.012428125,10.660844312004986,34.797000732780255
0.0124296875,10.660960604141644,34.797310461711
0.012431250000000001,10.661076923879218,34.797620231105036
0.012432812500000001,10.661193271222512,34.79793004096318
0.012434375000000001,10.661309646176228,34.79823989128603
0.012435937500000001,10.661426048745199,34.798549782074303
0.012437500000000001,10.661542478934301,34.798859713328561
0.0124390625,10.661658936748058,34.79916968504989
0.012440625,10.661775422191425,34.799479697238503
0.0124421875,10.661891935269102,34.799789749895545
0.01244375,10.66200847598591,34.800099843021336
0.0124453125,10.662125044346583,34.800409976616635
0.012446875000000001,10.662241640355935,34.800720150682359
0.012448437500000001,10.662358264018748,34.801030365219191
0.012450000000000001,10.662474915339729,34.801340620227379
0.012451562500000001,10.662591594323672,34.801650915708144
0.012453125000000001,10.662708300975451,34.801961251661851
0.0124546875,10.662825035299745,34.802271628089343
0.01245625,10.662941797301297,34.802582044991439
0.0124578125,10.663058586984997,34.802892502368458
0.012459375,10.663175404355547,34.803203000221451
0.0124609375,10.663292249417802,34.803513538550945
0.012462500000000001,10.663409122176365,34.803824117357564
0.012464062500000001,10.663526022636255,34.804134736642325
0.012465625000000001,10.663642950802076,34.804445396405455
0.012467187500000001,10.663759906678726,34.804756096648205
0.012468750000000001,10.66387689027089,34.80506683737093
0.0124703125,10.663993901583371,34.805377618574084
0.012471875,10.664110940620986,34.805688440258699
0.0124734375,10.664228007388502,34.805999302425548
0.012475,10.664345101890682,34.80631020507527
0.0124765625,10.664462224132309,34.806621148208329
0.012478125000000001,10.664579374118237,34.806932131825626
0.012479687500000001,10.664696551853163,34.807243155927758
0.012481250000000001,10.664813757341863,34.807554220515478
0.012482812500000001,10.664930990589212,34.807865325589646
0.012484375000000001,10.665048251599924,34.808176471150468
0.012485937500000001,10.665165540378828,34.808487657199024
0.0124875,10.665282856930711,34.808798883736188
0.0124890625,10.665400201260285,34.80911015076218
0.012490625,10.665517573372391,34.809421458278017
0.0124921875,10.665634973271841,34.809732806284352
0.012493750000000001,10.665752400963378,34.810044194781717
0.012495312500000001,10.665869856451813,34.810355623771123
0.012496875000000001,10.665987339741921,34.810667093252874
0.012498437500000001,10.666104850838513,34.810978603227774
0.012500000000000001,10.666222389746363,34.811290153696802
0.012501562500000001,10.666339956470292,34.811601744660464
0.012503125,10.666457551015025,34.811913376119378
0.0125046875,10.666575173385406,34.812225048074424
0.01250625,10.666692823586221,34.812536760526079
0.0125078125,10.666810501622246,34.812848513475188
0.012509375000000001,10.666928207498257,34.813160306922413
0.012510937500000001,10.667045941219149,34.813472140868477
0.012512500000000001,10.66716370278953,34.813784015313963
0.012514062500000001,10.667281492214334,34.814095930259825
0.012515625000000001,10.667399309498382,34.81440788570648
0.012517187500000001,10.667517154646353,34.814719881654732
0.01251875,10.667635027663108,34.815031918105333
0.0125203125,10.667752928553419,34.815343995058875
0.012521875,10.667870857322097,34.815656112516287
0.0125234375,10.667988813973887,34.815968270477995
0.012525000000000001,10.668106798513731,34.816280468944754
0.012526562500000001,10.668224810946274,34.816592707917195
0.012528125000000001,10.668342851276368,34.816904987396214
0.012529687500000001,10.668460919508821,34.817217307382485
0.012531250000000001,10.668579015648437,34.817529667876677
0.012532812500000001,10.668697139699933,34.817842068879493
0.012534375,10.668815291668215,34.818154510391565
0.0125359375,10.668933471558038,34.818466992413555
0.0125375,10.669051679374254,34.818779514946236
0.0125390625,10.66916991512157,34.819092077990227
0.012540625000000001,10.669288178804802,34.819404681546359
0.012542187500000001,10.669406470428841,34.819717325615393
0.012543750000000001,10.669524789998427,34.820030010197819
0.012545312500000001,10.669643137518314,34.820342735294531
0.012546875000000001,10.66976151299338,34.820655500905779
0.012548437500000001,10.669879916428403,34.820968307032807
0.01255,10.669998347828189,34.821281153676033
0.0125515625,10.670116807197557,34.821594040836402
0.012553125,10.670235294541289,34.821906968514291
0.0125546875,10.670353809864176,34.822219936710738
0.012556250000000001,10.670472353171062,34.822532945426012
0.012557812500000001,10.67059092446673,34.822845994661272
0.012559375000000001,10.670709523755955,34.823159084416929
0.012560937500000001,10.670828151043615,34.823472214693638
0.012562500000000001,10.670946806334497,34.823785385492286
0.012564062500000001,10.671065489633332,34.824098596813627
0.012565625,10.671184200945024,34.824411848658123
0.0125671875,10.671302940274389,34.82472514102664
0.01256875,10.671421707626143,34.825038473919811
0.0125703125,10.671540503005138,34.825351847338311
0.012571875000000001,10.671659326416174,34.825665261282865
0.012573437500000001,10.671778177864091,34.825978715754331
0.012575000000000001,10.671897057353698,34.826292210753046
0.012576562500000001,10.672015964889823,34.82660574628018
0.012578125000000001,10.672134900477216,34.826919322335947
0.012579687500000001,10.672253864120684,34.827232938921377
0.01258125,10.672372855825095,34.827546596037216
0.0125828125,10.672491875595258,34.827860293683855
0.012584375,10.67261092343599,34.828174031862318
0.0125859375,10.672729999352068,34.828487810572852
0.012587500000000001,10.672849103348288,34.828801629816809
0.012589062500000001,10.672968235429519,34.829115489594514
0.012590625000000001,10.673087395600584,34.829429389906544
0.012592187500000001,10.673206583866218,34.829743330753622
0.012593750000000001,10.673325800231362,34.830057312136802
0.012595312500000001,10.673445044700685,34.83037133405643
0.012596875,10.673564317279116,34.830685396513566
0.0125984375,10.673683617971399,34.830999499508472
0.0126,10.673802946782375,34.831313643042151
0.0126015625,10.673922303716953,34.831627827115192
0.012603125,10.674041688779786,34.831942051728397
0.012604687500000001,10.67416110197582,34.832256316882294
0.012606250000000001,10.674280543309839,34.832570622577762
0.012607812500000001,10.674400012786631,34.832884968815385
0.012609375000000001,10.674519510411036,34.83319935559576
0.012610937500000001,10.674639036187882,34.833513782920022
0.0126125,10.674758590121963,34.833828250788414
0.0126140625,10.674878172218158,34.834142759201832
0.012615625,10.674997782481254,34.834457308160879
0.0126171875,10.675117420916061,34.83477189766662
0.01261875,10.675237087527414,34.835086527719191
0.012620312500000001,10.67535678232017,34.83540119831968
0.012621875000000001,10.675476505299045,34.835715909468554
0.012623437500000001,10.675596256468982,34.836030661166738
0.012625000000000001,10.675716035834688,34.836345453414822
0.012626562500000001,10.675835843401131,34.836660286213728
0.012628125,10.675955679173033,34.836975159563707
0.0126296875,10.676075543155315,34.837290073465802
0.01263125,10.676195435352678,34.837605027920624
0.0126328125,10.676315355769992,34.837920022928849
0.012634375,10.676435304412141,34.838235058491229
0.012635937500000001,10.676555281283875,34.838550134608525
0.012637500000000001,10.676675286390061,34.83886525128132
0.012639062500000001,10.676795319735554,34.839180408510209
0.012640625000000001,10.676915381325095,34.839495606296232
0.012642187500000001,10.677035471163585,34.839810844639935
0.01264375,10.677155589255856,34.840126123541836
0.0126453125,10.677275735606704,34.840441443002845
0.012646875,10.677395910220994,34.840756803023723
0.0126484375,10.677516113103522,34.841072203604853
0.01265,10.677636344259161,34.84138764474752
0.012651562500000001,10.677756603692652,34.841703126451684
0.012653125000000001,10.677876891408966,34.842018648718678
0.012654687500000001,10.677997207412806,34.842334211548788
0.012656250000000001,10.678117551709086,34.842649814942952
0.012657812500000001,10.678237924302614,34.842965458901915
0.012659375,10.678358325198174,34.843281143426118
0.0126609375,10.67847875440069,34.843596868516435
0.0126625,10.678599211914939,34.843912634173563
0.0126640625,10.678719697745739,34.844228440398339
0.012665625,10.678840211898025,34.844544287191148
0.012667187500000001,10.678960754376497,34.844860174552984
0.012668750000000001,10.67908132518609,34.845176102484345
0.012670312500000001,10.679201924331625,34.845492070986168
0.012671875000000001,10.679322551817865,34.845808080058951
0.012673437500000001,10.679443207649767,34.846124129703369
0.012675000000000001,10.679563891832053,34.846440219920353
0.0126765625,10.679684604369621,34.846756350710223
0.012678125,10.67980534526734,34.847072522074363
0.0126796875,10.679926114529959,34.847388734012824
0.01268125,10.680046912162393,34.847704986526615
0.012682812500000001,10.680167738169484,34.848021279616425
0.012684375000000001,10.680288592556003,34.848337613282716
0.012685937500000001,10.680409475326865,34.848653987526475
0.012687500000000001,10.680530386486856,34.848970402348158
0.012689062500000001,10.68065132604085,34.849286857748837
0.012690625000000001,10.680772293993687,34.849603353729051
0.0126921875,10.680893290350223,34.849919890289321
0.01269375,10.681014315115211,34.850236467430449
0.0126953125,10.681135368293628,34.850553085153216
0.012696875,10.681256449890235,34.850869743458382
0.012698437500000001,10.681377559909899,34.851186442346716
0.012700000000000001,10.681498698357478,34.851503181818487
0.012701562500000001,10.681619865237742,34.851819961874789
0.012703125000000001,10.681741060555671,34.852136782516212
0.012704687500000001,10.681862284315985,34.852453643743559
0.012706250000000001,10.681983536523578,34.852770545557412
0.0127078125,10.682104817183287,34.853087487958391
0.012709375,10.682226126299982,34.853404470947375
0.0127109375,10.682347463878534,34.853721494525161
0.0127125,10.682468829923682,34.854038558692274
0.012714062500000001,10.682590224440421,34.854355663449525
0.012715625000000001,10.682711647433509,34.854672808797517
0.012717187500000001,10.682833098907746,34.85498999473689
0.012718750000000001,10.682954578868102,34.855307221268397
0.012720312500000001,10.683076087319357,34.855624488392984
0.012721875000000001,10.68319762426635,34.855941796111203
0.0127234375,10.683319189713997,34.85625914442366
0.012725,10.683440783667105,34.856576533331094
0.0127265625,10.68356240613052,34.856893962834405
0.012728125,10.68368405710911,34.857211432934136
0.012729687500000001,10.683805736607729,34.857528943630903
0.012731250000000001,10.683927444631216,34.857846494925845
0.012732812500000001,10.684049181184466,34.858164086818967
0.012734375000000001,10.684170946272223,34.858481719311513
0.012735937500000001,10.684292739899446,34.858799392404009
0.012737500000000001,10.684414562070955,34.859117106097109
0.0127390625,10.684536412791587,34.859434860391772
0.012740625,10.68465829206626,34.859752655288347
0.0127421875,10.684780199899789,34.860070490787891
0.01274375,10.684902136297012,34.860388366890909
0.012745312500000001,10.685024101262798,34.860706283598134
0.012746875000000001,10.685146094802015,34.861024240910204
0.012748437500000001,10.685268116919508,34.861342238827916
0.012750000000000001,10.685390167620151,34.861660277352129
0.012751562500000001,10.685512246908802,34.86197835648305
0.012753125000000001,10.685634354790315,34.862296476222177
0.0127546875,10.685756491269521,34.862614636569639
0.01275625,10.685878656351282,34.862932837526103
0.0127578125,10.686000850040543,34.863251079092471
0.012759375,10.68612307234199,34.863569361269512
0.012760937500000001,10.686245323260719,34.863887684057971
0.012762500000000001,10.686367602801424,34.86420604745831
0.012764062500000001,10.686489910968994,34.864524451471517
0.012765625000000001,10.686612247768288,34.864842896097912
0.012767187500000001,10.686734613204207,34.865161381338616
0.012768750000000001,10.686857007281601,34.865479907194015
0.0127703125,10.686979430005257,34.865798473665052
0.012771875,10.687101881380185,34.866117080752183
0.0127734375,10.687224361411115,34.866435728456615
0.012775,10.687346870103022,34.866754416778427
0.012776562500000001,10.687469407460686,34.867073145718926
0.012778125000000001,10.687591973488962,34.867391915278382
0.012779687500000001,10.687714568192799,34.867710725457343
0.012781250000000001,10.687837191577009,34.868029576257264
0.012782812500000001,10.687959843646503,34.868348467678111
0.012784375000000001,10.688082524406093,34.868667399720955
0.0127859375,10.688205233860664,34.868986372386566
0.0127875,10.688327972015067,34.869305385675425
0.0127890625,10.688450738874161,34.869624439588407
0.012790625,10.688573534442906,34.869943534126122
0.012792187500000001,10.688696358726084,34.870262669289311
0.012793750000000001,10.688819211728555,34.870581845078704
0.012795312500000001,10.688942093455275,34.870901061494948
0.012796875000000001,10.689065003911027,34.871220318538803
0.012798437500000001,10.68918794310073,34.871539616211074
0.012800000000000001,10.689310911029271,34.871858954512192
0.0128015625,10.689433907701396,34.872178333443244
0.012803125,10.689556933122157,34.872497753004538
0.0128046875,10.689679987296307,34.872817213197109
0.01280625,10.689803070228814,34.873136714021541
0.0128078125,10.689926181924388,34.873456255478544
0.012809375000000001,10.690049322388079,34.8737758375688
0.012810937500000001,10.690172491624644,34.874095460293084
0.012812500000000001,10.690295689639024,34.874415123652085
0.012814062500000001,10.690418916436052,34.874734827646421
0.012815625000000001,10.690542172020598,34.875054572277023
0.0128171875,10.690665456397634,34.875374357544473
0.01281875,10.690788769571867,34.875694183449333
0.0128203125,10.690912111548322,34.876014049992449
0.012821875,10.691035482331827,34.876333957174658
0.0128234375,10.691158881927215,34.876653904996502
0.012825000000000001,10.691282310339446,34.876973893458555
0.012826562500000001,10.691405767573363,34.877293922561954
0.012828125000000001,10.691529253633787,34.87761399230719
0.012829687500000001,10.691652768525675,34.87793410269493
0.012831250000000001,10.691776312253843,34.878254253725757
0.0128328125,10.69189988482324,34.878574445400375
0.012834375,10.692023486238712,34.878894677719963
0.0128359375,10.692147116505106,34.879214950684847
0.0128375,10.692270775627335,34.879535264295775
0.0128390625,10.692394463610301,34.879855618553542
0.012840625000000001,10.692518180458839,34.880176013458708
0.012842187500000001,10.692641926177849,34.880496449012099
0.012843750000000001,10.692765700772236,34.880816925214411
0.012845312500000001,10.692889504246837,34.881137442066411
0.012846875000000001,10.693013336606647,34.881457999568788
0.0128484375,10.693137197856416,34.881778597722061
0.01285,10.693261088001059,34.882099236527303
0.0128515625,10.693385007045523,34.882419915984933
0.012853125,10.693508954994629,34.882740636095654
0.0128546875,10.693632931853282,34.88306139686069
0.012856250000000001,10.69375693762637,34.883382198279826
0.012857812500000001,10.693880972318794,34.883703040354462
0.012859375000000001,10.694005035935421,34.88402392308523
0.012860937500000001,10.694129128481103,34.884344846472629
0.012862500000000001,10.694253249960811,34.884665810517667
0.0128640625,10.694377400379356,34.884986815220614
0.012865625,10.694501579741674,34.885307860582721
0.0128671875,10.694625788052607,34.885628946604328
0.01286875,10.694750025317148,34.885950073286189
0.0128703125,10.694874291540065,34.886271240629171
0.012871875000000001,10.69499858672628,34.886592448633898
0.012873437500000001,10.695122910880754,34.886913697301196
0.012875000000000001,10.695247264008264,34.887234986631199
0.012876562500000001,10.695371646113768,34.887556316625407
0.012878125000000001,10.695496057202185,34.887877687284217
0.012879687500000001,10.695620497278341,34.888199098608162
0.01288125,10.695744966347114,34.888520550598273
0.0128828125,10.695869464413512,34.888842043255103
0.012884375,10.695993991482299,34.889163576579215
0.0128859375,10.696118547558465,34.889485150571552
0.012887500000000001,10.696243132646861,34.889806765232755
0.012889062500000001,10.696367746752358,34.890128420563634
0.012890625000000001,10.696492389879886,34.890450116564814
0.012892187500000001,10.696617062034353,34.890771853236878
0.012893750000000001,10.696741763220611,34.891093630580713
0.012895312500000001,10.696866493443567,34.891415448596881
0.012896875,10.696991252708122,34.891737307286171
0.0128984375,10.69711604101918,34.892059206649407
0.0129,10.697240858381647,34.892381146687313
0.0129015625,10.697365704800381,34.89270312740036
0.012903125000000001,10.697490580280336,34.89302514878942
0.012904687500000001,10.697615484826375,34.893347210855154
0.012906250000000001,10.697740418443392,34.893669313598409
0.012907812500000001,10.697865381136289,34.893991457019723
0.012909375000000001,10.697990372909979,34.894313641119936
0.012910937500000001,10.698115393769351,34.894635865899687
0.0129125,10.698240443719301,34.894958131359736
0.0129140625,10.698365522764769,34.895280437500745
0.012915625,10.698490630910619,34.89560278432338
0.0129171875,10.698615768161787,34.895925171828594
0.012918750000000001,10.698740934523089,34.896247600016878
0.012920312500000001,10.698866129999479,34.896570068888998
0.012921875000000001,10.698991354595874,34.896892578445737
0.012923437500000001,10.699116608317222,34.897215128687712
0.012925000000000001,10.699241891168322,34.897537719615634
0.012926562500000001,10.699367203154162,34.897860351230293
0.012928125,10.699492544279561,34.898183023532361
0.0129296875,10.699617914549444,34.898505736522566
0.01293125,10.699743313968822,34.898828490201552
0.0129328125,10.699868742542515,34.899151284570245
0.012934375000000001,10.6999942002754,34.899474119629005
0.012935937500000001,10.700119687172446,34.899796995379099
0.012937500000000001,10.700245203238527,34.900119911820546
0.012939062500000001,10.70037074847858,34.900442868954563
0.012940625000000001,10.700496322897514,34.900765866781626
0.012942187500000001,10.700621926500133,34.901088905302792
0.01294375,10.700747559291466,34.901411984518212
0.0129453125,10.700873221276375,34.901735104429157
0.012946875,10.700998912459728,34.902058265035869
0.0129484375,10.701124632846538,34.90238146633957
0.012950000000000001,10.701250382441634,34.902704708340288
0.012951562500000001,10.701376161250007,34.903027991039508
0.012953125000000001,10.701501969276425,34.903351314437508
0.012954687500000001,10.701627806525909,34.903674678534799
0.012956250000000001,10.701753673003363,34.903998083332795
0.012957812500000001,10.701879568713684,34.904321528831467
0.012959375,10.702005493661723,34.904645015032109
0.0129609375,10.702131447852485,34.904968541934913
0.0129625,10.702257431290889,34.905292109541065
0.0129640625,10.702383443981772,34.905615717850949
0.012965625000000001,10.702509485930053,34.905939366865461
0.012967187500000001,10.702635557140693,34.906263056585274
0.012968750000000001,10.702761657618561,34.906586787010994
0.012970312500000001,10.702887787368661,34.906910558143743
0.012971875000000001,10.703013946395844,34.907234369983613
0.012973437500000001,10.703140134704958,34.907558222531719
0.012975,10.703266352301064,34.907882115788802
0.0129765625,10.703392599188952,34.908206049755314
0.012978125,10.703518875373595,34.908530024432082
0.0129796875,10.703645180859901,34.908854039820156
0.012981250000000001,10.703771515652823,34.90917809591955
0.012982812500000001,10.703897879757246,34.909502192731715
0.012984375000000001,10.704024273178089,34.909826330256898
0.012985937500000001,10.704150695920216,34.910150508496088
0.012987500000000001,10.704277147988643,34.910474727449767
0.012989062500000001,10.704403629388265,34.910798987118675
0.012990625,10.704530140123925,34.91112328750372
0.0129921875,10.704656680200682,34.911447628605536
0.01299375,10.704783249623336,34.911772010424855
0.0129953125,10.704909848396865,34.912096432962251
0.012996875000000001,10.705036476526146,34.912420896218563
0.012998437500000001,10.70516313401612,34.912745400194673
0.013000000000000001,10.70528982087176,34.913069944890808
0.013001562500000001,10.705416537097948,34.91339453030821
0.013003125000000001,10.705543282699585,34.913719156447222
0.013004687500000001,10.70567005768164,34.914043823308717
0.01300625,10.705796862048988,34.914368530893434
0.0130078125,10.705923695806566,34.914693279202062
0.013009375,10.706050558959371,34.915018068235362
0.0130109375,10.7061774515122,34.915342897993902
0.0130125,10.706304373470116,34.915667768478713
0.013014062500000001,10.706431324837885,34.915992679689957
0.013015625000000001,10.706558305620613,34.916317631628964
0.013017187500000001,10.70668531582306,34.916642624296053
0.013018750000000001,10.706812355450298,34.916967657692155
0.013020312500000001,10.706939424507146,34.917292731817916
0.013021875,10.707066522998593,34.917617846674105
0.0130234375,10.707193650929506,34.917943002261225
0.013025,10.70732080830488,34.918268198580201
0.0130265625,10.707447995129613,34.918593435631735
0.013028125,10.707575211408665,34.918918713416275
0.013029687500000001,10.707702457146908,34.919244031935129
0.013031250000000001,10.707829732349314,34.919569391188276
0.013032812500000001,10.707957037020803,34.919894791177008
0.013034375000000001,10.708084371166281,34.920220231901929
0.013035937500000001,10.708211734790755,34.920545713363609
0.0130375,10.708339127899098,34.920871235562608
0.0130390625,10.708466550496215,34.921196798500127
0.013040625,10.708594002587098,34.921522402176521
0.0130421875,10.708721484176634,34.921848046592686
0.01304375,10.708848995269815,34.92217373174919
0.013045312500000001,10.708976535871507,34.922499457646772
0.013046875000000001,10.709104105986665,34.922825224286207
0.013048437500000001,10.709231705620235,34.923151031668347
0.013050000000000001,10.709359334777186,34.923476879793625
0.013051562500000001,10.709486993462372,34.923802768662853
0.013053125,10.709614681680787,34.924128698276945
0.0130546875,10.709742399437369,34.924454668636486
0.01305625,10.709870146737002,34.924780679742049
0.0130578125,10.709997923584659,34.92510673159456
0.013059375,10.71012572998529,34.925432824194651
0.013060937500000001,10.710253565943839,34.925758957542868
0.013062500000000001,10.710381431465196,34.926085131640356
0.013064062500000001,10.710509326554307,34.926411346487434
0.013065625000000001,10.710637251216172,34.92673760208519
0.013067187500000001,10.71076520545566,34.927063898433978
0.013068750000000001,10.710893189277741,34.927390235534716
0.0130703125,10.711021202687355,34.927716613387958
0.013071875,10.711149245689471,34.928043031994619
0.0130734375,10.711277318288918,34.928369491355312
0.013075,10.711405420490768,34.92869599147069
0.013076562500000001,10.711533552299903,34.929022532341733
0.013078125000000001,10.711661713721307,34.92934911396889
0.013079687500000001,10.711789904759854,34.929675736352962
0.013081250000000001,10.711918125420496,34.930002399494832
0.013082812500000001,10.712046375708216,34.930329103394897
0.013084375000000001,10.712174655627907,34.930655848054101
0.0130859375,10.712302965184604,34.930982633473008
0.0130875,10.712431304383157,34.93130945965261
0.0130890625,10.712559673228547,34.931636326593399
0.013090625,10.712688071725752,34.931963234296148
0.013092187500000001,10.712816499879633,34.932290182761548
0.013093750000000001,10.712944957695186,34.932617171990316
0.013095312500000001,10.713073445177395,34.932944201983233
0.013096875000000001,10.713201962331144,34.933271272741081
0.013098437500000001,10.713330509161398,34.933598384264293
0.013100000000000001,10.713459085673108,34.933925536553957
0.0131015625,10.713587691871238,34.934252729610606
0.013103125,10.713716327760705,34.934579963434928
0.0131046875,10.713844993346472,34.934907238027634
0.01310625,10.713973688633509,34.935234553389577
0.013107812500000001,10.714102413626685,34.935561909521354
0.013109375000000001,10.714231168331079,34.93588930642359
0.013110937500000001,10.714359952751529,34.93621674409728
0.013112500000000001,10.714488766893028,34.936544222543013
0.013114062500000001,10.714617610760543,34.936871741761422
0.013115625000000001,10.714746484358965,34.937199301753488
0.0131171875,10.71487538769329,34.937526902519686
0.01311875,10.7150043207685,34.937854544060727
0.0131203125,10.7151332835895,34.938182226377364
0.013121875,10.715262276161214,34.93850994947023
0.013123437500000001,10.715391298488679,34.938837713340448
0.013125000000000001,10.715520350576805,34.939165517988322
0.013126562500000001,10.715649432430515,34.939493363414797
0.013128125000000001,10.715778544054832,34.939821249620316
0.013129687500000001,10.715907685454583,34.940149176605942
0.013131250000000001,10.716036856634902,34.940477144372259
0.0131328125,10.716166057600596,34.940805152919829
0.013134375,10.716295288356713,34.941133202249723
0.0131359375,10.716424548908149,34.94146129236222
0.0131375,10.716553839259889,34.941789423258335
0.013139062500000001,10.716683159416892,34.942117594938907
0.013140625000000001,10.71681250938409,34.942445807404184
0.013142187500000001,10.716941889166478,34.94277406065526
0.013143750000000001,10.717071298768964,34.943102354692982
0.013145312500000001,10.717200738196548,34.943430689517662
0.013146875000000001,10.717330207454204,34.943759065130216
0.0131484375,10.717459706546785,34.944087481531398
0.01315,10.717589235479378,34.94441593872191
0.0131515625,10.717718794256879,34.944744436702472
0.013153125,10.717848382884256,34.945072975473742
0.013154687500000001,10.717978001366484,34.945401555036547
0.013156250000000001,10.718107649708493,34.945730175391503
0.013157812500000001,10.718237327915261,34.946058836539372
0.013159375000000001,10.718367035991815,34.94638753848097
0.013160937500000001,10.718496773942949,34.946716281216709
0.013162500000000001,10.718626541773784,34.947045064747876
0.0131640625,10.718756339489257,34.947373889074754
0.013165625,10.718886167094203,34.947702754198012
0.0131671875,10.719016024593824,34.948031660118666
0.01316875,10.719145911992841,34.948360606837078
0.013170312500000001,10.71927582929632,34.948689594354342
0.013171875000000001,10.719405776509275,34.949018622670835
0.013173437500000001,10.719535753636611,34.949347691787651
0.013175000000000001,10.719665760683265,34.949676801705216
0.013176562500000001,10.719795797654253,34.950005952424341
0.013178125000000001,10.719925864554565,34.950335143945793
0.0131796875,10.720055961389134,34.950664376270339
0.01318125,10.72018608816286,34.950993649398399
0.0131828125,10.720316244880824,34.951322963331158
0.013184375,10.720446431547925,34.95165231806898
0.013185937500000001,10.720576648169125,34.951981713612668
0.013187500000000001,10.720706894749451,34.952311149963009
0.013189062500000001,10.720837171293843,34.952640627120822
0.013190625000000001,10.720967477807225,34.95297014508661
0.013192187500000001,10.721097814294628,34.953299703861099
0.013193750000000001,10.721228180760948,34.953629303445069
0.0131953125,10.721358577211287,34.953958943839538
0.013196875,10.721489003650504,34.954288625044697
0.0131984375,10.72161946008355,34.954618347061398
0.0132,10.7217499465155,34.954948109890807
0.013201562500000001,10.721880462951242,34.955277913533216
0.013203125000000001,10.722011009395787,34.955607757989526
0.013204687500000001,10.722141585854031,34.955937643260256
0.013206250000000001,10.722272192331111,34.956267569346437
0.013207812500000001,10.72240282883187,34.956597536248601
0.013209375000000001,10.722533495361292,34.956927543967403
0.0132109375,10.722664191924375,34.957257592503531
0.0132125,10.722794918526107,34.957587681857959
0.0132140625,10.722925675171433,34.957917812031184
0.013215625,10.723056461865374,34.958247983024215
0.0132171875,10.723187278612757,34.958578194837493
0.013218750000000001,10.723318125418777,34.958908447471792
0.013220312500000001,10.723449002288232,34.959238740927894
0.013221875000000001,10.723579909226221,34.959569075206474
0.013223437500000001,10.723710846237701,34.959899450308178
0.013225000000000001,10.72384181332751,34.960229866234066
0.0132265625,10.723972810500776,34.960560322984485
0.013228125,10.724103837762513,34.96089082056033
0.0132296875,10.724234895117517,34.961221358962334
0.01323125,10.724365982570893,34.961551938191057
0.0132328125,10.724497100127614,34.96188255824751
0.013234375000000001,10.724628247792639,34.962213219132096
0.013235937500000001,10.724759425570928,34.962543920845633
0.013237500000000001,10.724890633467545,34.962874663388988
0.013239062500000001,10.725021871487309,34.963205446762785
0.013240625000000001,10.725153139635353,34.963536270967808
0.0132421875,10.725284437916589,34.963867136004751
0.01324375,10.725415766336058,34.96419804187417
0.0132453125,10.725547124898643,34.964528988576937
0.013246875,10.725678513609386,34.964859976113807
0.0132484375,10.725809932473314,34.965191004485391
0.013250000000000001,10.725941381495304,34.965522073692654
0.013251562500000001,10.726072860680411,34.965853183736016
0.013253125000000001,10.726204370033603,34.966184334616294
0.013254687500000001,10.726335909559859,34.966515526334383
0.013256250000000001,10.726467479264144,34.966846758890803
0.0132578125,10.726599079151509,34.967178032286384
0.013259375,10.726730709226876,34.967509346521766
0.0132609375,10.726862369495269,34.96784070159763
0.0132625,10.72699405996166,34.96817209751481
0.0132640625,10.727125780630974,34.968503534274205
0.013265625000000001,10.7272575315083,34.968835011876102
0.013267187500000001,10.727389312598566,34.969166530321566
0.013268750000000001,10.727521123906794,34.969498089611136
0.013270312500000001,10.727652965437908,34.96982968974568
0.013271875000000001,10.727784837196985,34.970161330726
0.013273437500000001,10.727916739188936,34.97049301255241
0.013275,10.728048671418803,34.970824735226053
0.0132765625,10.728180633891506,34.971156498747312
0.013278125,10.728312626612123,34.971488303117226
0.0132796875,10.728444649585585,34.971820148336384
0.013281250000000001,10.728576702816879,34.972152034405525
0.013282812500000001,10.728708786311069,34.972483961325366
0.013284375000000001,10.728840900073017,34.972815929096463
0.013285937500000001,10.728973044107862,34.973147937719951
0.013287500000000001,10.729105218420493,34.973479987196058
0.013289062500000001,10.729237423015903,34.973812077525807
0.013290625,10.729369657899161,34.974144208709859
0.0132921875,10.729501923075151,34.974476380748975
0.01329375,10.729634218548956,34.974808593643886
0.0132953125,10.729766544325539,34.975140847395323
0.013296875000000001,10.729898900409896,34.975473142003935
0.013298437500000001,10.730031286807042,34.975805477470239
0.013300000000000001,10.730163703521885,34.97613785379535
0.013301562500000001,10.730296150559546,34.976470270979917
0.013303125000000001,10.730428627924942,34.976802729024648
0.013304687500000001,10.730561135623057,34.977135227930034
0.01330625,10.730693673658973,34.977467767696815
0.0133078125,10.730826242037571,34.977800348326106
0.013309375,10.730958840763954,34.978132969818368
0.0133109375,10.731091469843042,34.978465632174199
0.013312500000000001,10.731224129279825,34.978798335394671
0.013314062500000001,10.731356819079402,34.979131079480275
0.013315625000000001,10.731489539246684,34.979463864431708
0.013317187500000001,10.731622289786632,34.979796690249728
0.013318750000000001,10.731755070704363,34.980129556935061
0.013320312500000001,10.731887882004843,34.980462464488447
0.013321875,10.732020723692973,34.980795412910886
0.0133234375,10.732153595773857,34.981128402202465
0.013325,10.732286498252456,34.981461432364448
0.0133265625,10.73241943113382,34.981794503397296
0.013328125000000001,10.732552394422848,34.982127615301984
0.013329687500000001,10.732685388124631,34.982460768078894
0.013331250000000001,10.732818412244162,34.982793961729058
0.013332812500000001,10.732951466786368,34.983127196253079
0.013334375000000001,10.733084551756336,34.983460471651661
0.013335937500000001,10.733217667159032,34.983793787925649
0.0133375,10.733350812999484,34.984127145075469
0.0133390625,10.733483989282666,34.984460543102081
0.013340625,10.733617196013549,34.984793982006252
0.0133421875,10.733750433197244,34.985127461788487
0.013343750000000001,10.733883700838655,34.985460982449858
0.013345312500000001,10.734016998942847,34.985794543990572
0.013346875000000001,10.73415032751479,34.986128146411801
0.013348437500000001,10.734283686559515,34.986461789714248
0.013350000000000001,10.734417076081984,34.986795473898475
0.013351562500000001,10.734550496087275,34.987129198965242
0.013353125,10.734683946580347,34.987462964915181
0.0133546875,10.734817427566172,34.987796771749302
0.01335625,10.734950939049821,34.988130619468031
0.0133578125,10.735084481036253,34.988464508072205
0.013359375000000001,10.735218053530552,34.988798437562451
0.013360937500000001,10.735351656537645,34.989132407939735
0.013362500000000001,10.735485290062616,34.989466419204547
0.013364062500000001,10.735618954110388,34.98980047135786
0.013365625000000001,10.735752648686024,34.990134564400059
0.013367187500000001,10.73588637379458,34.990468698331973
0.01336875,10.736020129440961,34.990802873154585
0.0133703125,10.736153915630203,34.991137088868527
0.013371875,10.736287732367364,34.99147134547421
0.0133734375,10.736421579657449,34.991805642972672
0.013375000000000001,10.736555457505407,34.992139981364623
0.013376562500000001,10.736689365916357,34.992474360650611
0.013378125000000001,10.736823304895211,34.992808780831645
0.013379687500000001,10.736957274447017,34.99314324190815
0.013381250000000001,10.737091274576811,34.993477743880895
0.013382812500000001,10.737225305289595,34.993812286750732
0.013384375,10.737359366590381,34.994146870518392
0.0133859375,10.737493458484105,34.99448149518458
0.0133875,10.737627580975953,34.994816160749913
0.0133890625,10.737761734070757,34.995150867215074
0.013390625000000001,10.737895917773677,34.995485614581042
0.013392187500000001,10.738030132089628,34.995820402848366
0.013393750000000001,10.73816437702367,34.99615523201787
0.013395312500000001,10.738298652580804,34.996490102090164
0.013396875000000001,10.738432958766074,34.99682501306588
0.013398437500000001,10.738567295584502,34.997159964946114
0.0134,10.738701663041033,34.997494957731313
0.0134015625,10.738836061140789,34.997829991422165
0.013403125,10.738970489888667,34.998165066019517
0.0134046875,10.739104949289793,34.998500181523966
0.013406250000000001,10.73923943934914,34.998835337936512
0.013407812500000001,10.739373960071752,34.999170535257647
0.013409375000000001,10.739508511462596,34.999505773488309
0.013410937500000001,10.739643093526752,34.999841052628796
0.013412500000000001,10.739777706269185,35.000176372680272
0.013414062500000001,10.739912349694965,35.00051173364308
0.013415625,10.740047023809096,35.000847135518434
0.0134171875,10.740181728616591,35.001182578306647
0.01341875,10.740316464122404,35.001518062008593
0.0134203125,10.740451230331665,35.001853586625018
0.013421875,10.740586027249373,35.002189152156511
0.013423437500000001,10.740720854880569,35.002524758604089
0.013425000000000001,10.740855713230209,35.002860405968178
0.013426562500000001,10.740990602303361,35.003196094249645
0.013428125000000001,10.741125522105039,35.003531823449229
0.013429687500000001,10.741260472640246,35.003867593567492
0.01343125,10.741395453914045,35.004203404605214
0.0134328125,10.741530465931394,35.004539256563461
0.013434375,10.741665508697405,35.004875149442718
0.0134359375,10.741800582217081,35.005211083243438
0.0134375,10.741935686495385,35.00554705796656
0.013439062500000001,10.742070821537412,35.005883073612956
0.013440625000000001,10.742205987348171,35.006219130183311
0.013442187500000001,10.742341183932663,35.006555227678128
0.013443750000000001,10.74247641129595,35.006891366098415
0.013445312500000001,10.742611669442995,35.007227545444621
0.013446875,10.742746958378943,35.007563765717755
0.0134484375,10.742882278108745,35.007900026918257
0.01345,10.743017628637395,35.008236329047115
0.0134515625,10.74315300997001,35.008572672104869
0.013453125,10.743288422111572,35.008909056092399
0.013454687500000001,10.743423865067097,35.009245481010204
0.013456250000000001,10.743559338841621,35.0095819468592
0.013457812500000001,10.743694843440188,35.00991845364004
0.013459375000000001,10.743830378867825,35.010255001353528
0.013460937500000001,10.743965945129577,35.010591590000473
0.013462500000000001,10.744101542230451,35.010928219581253
0.0134640625,10.744237170175435,35.011264890096861
0.013465625,10.744372828969713,35.011601601548016
0.0134671875,10.744508518618161,35.011938353935449
0.01346875,10.744644239125863,35.012275147259636
0.013470312500000001,10.744779990497845,35.012611981521516
0.013471875000000001,10.74491577273916,35.012948856721877
0.013473437500000001,10.745051585854867,35.013285772861288
0.013475000000000001,10.745187429849965,35.013622729940778
0.013476562500000001,10.745323304729446,35.01395972796076
0.013478125000000001,10.745459210498423,35.014296766921809
0.0134796875,10.745595147161875,35.014633846825063
0.01348125,10.745731114724853,35.014970967671111
0.0134828125,10.745867113192423,35.015308129460607
0.013484375,10.746003142569599,35.015645332194254
0.013485937500000001,10.746139202861402,35.015982575872869
0.013487500000000001,10.746275294072873,35.016319860497376
0.013489062500000001,10.746411416209069,35.016657186067718
0.013490625000000001,10.746547569274997,35.016994552585793
0.013492187500000001,10.746683753275761,35.017331960051308
0.013493750000000001,10.74681996821632,35.017669408465629
0.0134953125,10.746956214101742,35.018006897829117
0.013496875,10.747092490937042,35.018344428142605
0.0134984375,10.747228798727315,35.018681999406887
0.0135,10.747365137477535,35.019019611622603
0.013501562500000001,10.747501507192821,35.01935726479055
0.013503125000000001,10.747637907878158,35.019694958911437
0.013504687500000001,10.74777433953858,35.020032693985854
0.013506250000000001,10.747910802179168,35.020370470014754
0.013507812500000001,10.748047295804936,35.020708286998705
0.013509375000000001,10.748183820420953,35.021046144938644
0.0135109375,10.748320376032177,35.021384043835027
0.0135125,10.748456962643743,35.0217219836886
0.0135140625,10.748593580260627,35.022059964500471
0.013515625,10.748730228887965,35.022397986270782
0.013517187500000001,10.748866908530687,35.022736049000585
0.013518750000000001,10.749003619193926,35.023074152690626
0.013520312500000001,10.749140360882636,35.023412297341544
0.013521875000000001,10.749277133601991,35.023750482954163
0.013523437500000001,10.749413937356946,35.024088709529131
0.013525000000000001,10.749550772152526,35.024426977067272
0.0135265625,10.749687637993816,35.024765285569167
0.013528125,10.749824534885894,35.025103635035578
0.0135296875,10.749961462833724,35.025442025467413
0.01353125,10.750098421842415,35.025780456865085
0.013532812500000001,10.750235411916998,35.026118929229547
0.013534375000000001,10.750372433062473,35.026457442561423
0.013535937500000001,10.75050948528397,35.026795996861416
0.013537500000000001,10.750646568586502,35.027134592130444
0.013539062500000001,10.75078368297507,35.027473228369175
0.013540625000000001,10.750920828454795,35.027811905578226
0.0135421875,10.751058005030659,35.028150623758201
0.01354375,10.751195212707826,35.028489382910173
0.0135453125,10.751332451491198,35.028828183034584
0.013546875,10.751469721385902,35.029167024132271
0.013548437500000001,10.751607022397007,35.029505906203951
0.013550000000000001,10.751744354529498,35.029844829250521
0.013551562500000001,10.751881717788491,35.030183793272293
0.013553125000000001,10.752019112178962,35.030522798270397
0.013554687500000001,10.752156537706043,35.030861844245429
0.013556250000000001,10.752293994374769,35.031200931197993
0.0135578125,10.752431482190158,35.031540059128844
0.013559375,10.752569001157246,35.031879228039053
0.0135609375,10.752706551281152,35.032218437928876
0.0135625,10.752844132566892,35.032557688799237
0.013564062500000001,10.75298174501949,35.03289698065084
0.013565625000000001,10.753119388644048,35.03323631348438
0.013567187500000001,10.753257063445634,35.033575687300782
0.013568750000000001,10.753394769429249,35.033915102100693
0.013570312500000001,10.753532506599967,35.034254557884729
0.013571875000000001,10.753670274962825,35.034594054653546
0.0135734375,10.753808074522921,35.034933592408038
0.013575,10.753945905285299,35.03527317114888
0.0135765625,10.754083767254953,35.035612790876669
0.013578125,10.754221660437073,35.035952451592586
0.013579687500000001,10.754359584836562,35.036292153296877
0.013581250000000001,10.754497540458571,35.036631895990269
0.013582812500000001,10.754635527308153,35.036971679673876
0.013584375000000001,10.754773545390291,35.037311504348239
0.013585937500000001,10.754911594710157,35.037651370013698
0.013587500000000001,10.755049675272717,35.037991276671583
0.0135890625,10.7551877870831,35.038331224322313
0.013590625,10.755325930146272,35.038671212966626
0.0135921875,10.755464104467352,35.039011242605419
0.01359375,10.755602310051485,35.039351313239138
0.013595312500000001,10.755740546903528,35.039691424868678
0.013596875000000001,10.755878815028703,35.040031577494965
0.013598437500000001,10.756017114431984,35.040371771118259
0.013600000000000001,10.756155445118527,35.040712005739564
0.013601562500000001,10.756293807093327,35.041052281359669
0.013603125000000001,10.756432200361425,35.041392597979204
0.0136046875,10.75657062492796,35.041732955598839
0.01360625,10.756709080797906,35.042073354219291
0.0136078125,10.756847567976386,35.042413793841646
0.013609375,10.756986086468428,35.042754274465977
0.013610937500000002,10.757124636279087,35.043094796093563
0.013612500000000001,10.757263217413474,35.043435358724857
0.013614062500000001,10.757401829876645,35.04377596236094
0.013615625000000001,10.757540473673615,35.044116607002145
0.013617187500000001,10.757679148809515,35.044457292649199
0.013618750000000001,10.757817855289362,35.04479801930308
0.0136203125,10.757956593118227,35.045138786964166
0.013621875,10.758095362301196,35.045479595633665
0.0136234375,10.75823416284331,35.045820445312017
0.013625,10.758372994749665,35.046161336000019
0.0136265625,10.758511858025289,35.046502267698337
0.013628125000000001,10.758650752675274,35.046843240407696
0.013629687500000001,10.758789678704682,35.047184254128851
0.013631250000000001,10.758928636118569,35.047525308862518
0.013632812500000001,10.759067624922075,35.047866404609387
0.013634375000000001,10.759206645120143,35.048207541370445
0.0136359375,10.75934569671791,35.048548719146069
0.0136375,10.759484779720459,35.048889937937041
0.0136390625,10.759623894132845,35.049231197744177
0.013640625,10.759763039960086,35.049572498568544
0.0136421875,10.759902217207378,35.049913840410206
0.013643750000000001,10.76004142587967,35.050255223270163
0.013645312500000001,10.760180665982121,35.050596647149348
0.013646875000000001,10.760319937519672,35.050938112048243
0.013648437500000001,10.760459240497491,35.051279617967765
0.013650000000000001,10.76059857492066,35.05162116490861
0.013651562500000001,10.760737940794249,35.051962752871276
0.013653125,10.760877338123288,35.052304381856594
0.0136546875,10.761016766912874,35.052646051865558
0.01365625,10.761156227168064,35.052987762898518
0.0136578125,10.761295718893967,35.053329514956403
0.013659375000000001,10.761435242095605,35.053671308039718
0.013660937500000001,10.76157479677804,35.054013142149543
0.013662500000000001,10.761714382946447,35.054355017286611
0.013664062500000001,10.761854000605805,35.054696933451162
0.013665625000000001,10.761993649761198,35.055038890644425
0.013667187500000001,10.76213333041777,35.055380888866928
0.01366875,10.762273042580523,35.055722928119437
0.0136703125,10.762412786254558,35.056065008402399
0.013671875,10.762552561444963,35.056407129717044
0.0136734375,10.762692368156769,35.056749292063891
0.013675000000000001,10.762832206395133,35.057091495443501
0.013676562500000001,10.762972076165092,35.057433739856563
0.013678125000000001,10.763111977471624,35.057776025304165
0.013679687500000001,10.763251910319964,35.058118351786916
0.013681250000000001,10.763391874715158,35.058460719305373
0.013682812500000001,10.763531870662154,35.058803127860202
0.013684375,10.763671898166221,35.059145577452476
0.0136859375,10.763811957232248,35.059488068082679
0.0136875,10.7639520478655,35.059830599751528
0.0136890625,10.764092170070915,35.060173172459884
0.013690625000000001,10.764232323853616,35.060515786208263
0.013692187500000001,10.764372509218742,35.060858440997663
0.013693750000000001,10.764512726171251,35.061201136828643
0.013695312500000001,10.764652974716389,35.061543873702014
0.013696875000000001,10.764793254859015,35.061886651618359
0.013698437500000001,10.764933566604423,35.0622294705786
0.0137,10.765073909957605,35.062572330583343
0.0137015625,10.765214284923637,35.062915231633191
0.013703125,10.765354691507586,35.063258173729054
0.0137046875,10.765495129714605,35.063601156871783
0.013706250000000001,10.765635599549668,35.063944181061807
0.013707812500000001,10.765776101017993,35.064287246299948
0.013709375000000001,10.765916634124524,35.064630352587088
0.013710937500000001,10.766057198874462,35.064973499923767
0.013712500000000001,10.766197795272834,35.065316688310851
0.013714062500000001,10.766338423324742,35.065659917748931
0.013715625,10.766479083035239,35.06600318823881
0.0137171875,10.766619774409417,35.066346499781233
0.01371875,10.766760497452401,35.066689852377031
0.0137203125,10.766901252169239,35.067033246026554
0.013721875000000001,10.767042038565062,35.067376680731002
0.013723437500000001,10.767182856644913,35.067720156490793
0.013725000000000001,10.767323706413864,35.068063673306625
0.013726562500000001,10.767464587877058,35.068407231179485
0.013728125000000001,10.767605501039521,35.068750830110034
0.013729687500000001,10.767746445906432,35.069094470098662
0.01373125,10.767887422482783,35.069438151146556
0.0137328125,10.7680284307737,35.069781873254158
0.013734375,10.768169470784239,35.070125636422432
0.0137359375,10.768310542519561,35.070469440651799
0.013737500000000001,10.768451645984733,35.070813285943188
0.013739062500000001,10.768592781184788,35.071157172297347
0.013740625000000001,10.768733948124858,35.071501099714844
0.013742187500000001,10.768875146810046,35.071845068196545
0.013743750000000001,10.769016377245398,35.072189077743069
0.013745312500000001,10.769157639436079,35.072533128355296
0.013746875,10.769298933387089,35.072877220033838
0.0137484375,10.769440259103627,35.073221352779342
0.01375,10.769581616590656,35.07356552659266
0.0137515625,10.76972300585337,35.073909741474637
0.013753125000000001,10.769864426896781,35.074253997425757
0.013754687500000001,10.770005879726074,35.074598294446822
0.013756250000000001,10.770147364346286,35.074942632538608
0.013757812500000001,10.770288880762509,35.075287011701953
0.013759375000000001,10.770430428979829,35.07563143193714
0.013760937500000001,10.770572009003374,35.075975893245513
0.0137625,10.770713620838226,35.076320395627285
0.0137640625,10.770855264489452,35.076664939083678
0.013765625,10.770996939962226,35.077009523615118
0.0137671875,10.771138647261525,35.077354149222032
0.013768750000000001,10.771280386392521,35.077698815905542
0.013770312500000001,10.771422157360297,35.078043523666416
0.013771875000000001,10.771563960169933,35.078388272505286
0.013773437500000001,10.771705794826579,35.078733062422792
0.013775000000000001,10.771847661335263,35.079077893419715
0.013776562500000001,10.771989559701108,35.079422765496759
0.013778125,10.772131489929228,35.079767678654846
0.0137796875,10.772273452024704,35.08011263289427
0.01378125,10.772415445992626,35.080457628216273
0.0137828125,10.772557471838102,35.080802664621196
0.013784375000000001,10.772699529566216,35.081147742110034
0.013785937500000001,10.772841619182145,35.08149286068322
0.013787500000000001,10.772983740690872,35.081838020341671
0.013789062500000001,10.773125894097591,35.082183221086204
0.013790625000000001,10.773268079407286,35.082528462917416
0.013792187500000001,10.773410296625228,35.08287374583594
0.01379375,10.773552545756397,35.083219069842833
0.0137953125,10.773694826805844,35.083564434938374
0.013796875,10.773837139778804,35.083909841123713
0.0137984375,10.773979484680284,35.084255288399262
0.013800000000000002,10.774121861515527,35.084600776765939
0.013801562500000001,10.774264270289409,35.084946306224168
0.013803125000000001,10.774406711007259,35.085291876775074
0.013804687500000001,10.774549183673985,35.085637488419252
0.013806250000000001,10.774691688294769,35.085983141157406
0.013807812500000001,10.774834224874791,35.086328834990418
0.013809375,10.774976793419015,35.086674569918564
0.0138109375,10.775119393932675,35.087020345942975
0.0138125,10.775262026420773,35.087366163064274
0.0138140625,10.775404690888472,35.087712021283139
0.013815625000000002,10.775547387340879,35.088057920600342
0.013817187500000001,10.775690115783044,35.088403861016459
0.013818750000000001,10.775832876220132,35.088749842532472
0.013820312500000001,10.775975668657262,35.089095865149162
0.013821875000000001,10.776118493099432,35.08944192886684
0.013823437500000001,10.776261349551884,35.089788033686702
0.013825,10.776404238019607,35.090134179608981
0.0138265625,10.776547158507771,35.090480366634736
0.013828125,10.776690111021498,35.0908265947647
0.0138296875,10.776833095565884,35.091172863999496
0.013831250000000002,10.776976112145974,35.091519174340107
0.013832812500000001,10.777119160767004,35.091865525786801
0.013834375000000001,10.777262241433936,35.092211918340496
0.013835937500000001,10.777405354151965,35.092558352002079
0.013837500000000001,10.777548498926166,35.092904826772276
0.013839062500000001,10.777691675761684,35.093251342651612
0.013840625,10.777834884663628,35.093597899640933
0.0138421875,10.777978125637057,35.093944497740864
0.01384375,10.778121398687107,35.094291136952165
0.0138453125,10.778264703818948,35.094637817275654
0.013846875,10.778408041037556,35.094984538712062
0.013848437500000001,10.778551410348202,35.095331301261929
0.013850000000000001,10.778694811755864,35.095678104926193
0.013851562500000001,10.778838245265772,35.096024949705594
0.013853125000000001,10.778981710882936,35.096371835600678
0.013854687500000001,10.779125208612522,35.096718762612348
0.013856250000000001,10.77926873845958,35.09706573074115
0.0138578125,10.779412300429344,35.097412739987867
0.013859375,10.779555894526805,35.097759790353386
0.0138609375,10.779699520757177,35.098106881838177
0.0138625,10.779843179125447,35.098454014443135
0.013864062500000001,10.779986869636891,35.098801188168814
0.013865625000000001,10.780130592296466,35.099148403016358
0.013867187500000001,10.780274347109389,35.099495658986122
0.013868750000000001,10.780418134080772,35.099842956078838
0.013870312500000001,10.780561953215674,35.10019029429516
0.013871875000000001,10.780705804519226,35.100537673636296
0.0138734375,10.780849687996527,35.100885094102644
0.013875,10.780993603652741,35.101232555694629
0.0138765625,10.781137551493044,35.101580058413454
0.013878125,10.781281531522421,35.101927602259707
0.013879687500000001,10.781425543746039,35.102275187234071
0.013881250000000001,10.781569588168976,35.102622813337256
0.013882812500000001,10.781713664796481,35.102970480569986
0.013884375000000001,10.781857773633574,35.103318188933208
0.013885937500000001,10.782001914685326,35.103665938427305
0.013887500000000001,10.782146087956951,35.104013729053001
0.0138890625,10.782290293453508,35.104361560811334
0.013890625,10.782434531180185,35.104709433702986
0.0138921875,10.782578801142019,35.105057347728447
0.01389375,10.782723103344171,35.105405302888585
0.013895312500000001,10.782867437791765,35.10575329918391
0.013896875000000001,10.783011804489908,35.106101336615453
0.013898437500000001,10.783156203443706,35.10644941518386
0.013900000000000001,10.783300634658332,35.106797534890021
0.013901562500000001,10.783445098138882,35.10714569573431
0.013903125000000001,10.783589593890463,35.107493897717596
0.0139046875,10.783734121918169,35.107842140840674
0.01390625,10.783878682227195,35.108190425104233
0.0139078125,10.784023274822637,35.10853875050887
0.013909375,10.784167899709534,35.108887117055566
0.013910937500000001,10.784312556893173,35.109235524744911
0.013912500000000001,10.784457246378546,35.109583973577429
0.013914062500000001,10.784601968170804,35.109932463554102
0.013915625000000001,10.784746722275143,35.110280994675762
0.013917187500000001,10.784891508696527,35.110629566942904
0.013918750000000001,10.785036327440277,35.110978180356355
0.0139203125,10.785181178511356,35.111326834916753
0.013921875,10.785326061915018,35.111675530624808
0.0139234375,10.785470977656296,35.112024267481367
0.013925,10.785615925740348,35.112373045487296
0.013926562500000001,10.785760906172328,35.112721864642872
0.013928125000000001,10.785905918957269,35.11307072494921
0.013929687500000001,10.786050964100408,35.113419626406959
0.013931250000000001,10.786196041606857,35.113768569016692
0.013932812500000001,10.786341151481654,35.114117552779234
0.013934375000000001,10.78648629372999,35.114466577695325
0.0139359375,10.786631468356997,35.114815643765745
0.0139375,10.786776675367776,35.115164750991099
0.0139390625,10.786921914767506,35.115513899372083
0.013940625,10.787067186561282,35.115863088909698
0.013942187500000001,10.787212490754193,35.116212319604301
0.013943750000000001,10.787357827351455,35.116561591456978
0.013945312500000001,10.787503196358109,35.116910904468064
0.013946875000000001,10.787648597779317,35.117260258638623
0.013948437500000001,10.787794031620257,35.117609653969296
0.013950000000000001,10.787939497886017,35.117959090460573
0.0139515625,10.788084996581761,35.118308568113591
0.013953125,10.78823052771256,35.11865808692869
0.0139546875,10.788376091283595,35.119007646906759
0.01395625,10.788521687299935,35.119357248048729
0.013957812500000001,10.788667315766771,35.11970689035499
0.013959375000000001,10.788812976689242,35.120056573826226
0.013960937500000001,10.788958670072454,35.120406298463543
0.013962500000000001,10.789104395921566,35.120756064267361
0.013964062500000001,10.789250154241671,35.121105871238562
0.013965625000000001,10.789395945037862,35.121455719377849
0.0139671875,10.789541768315406,35.121805608685875
0.01396875,10.789687624079308,35.122155539163387
0.0139703125,10.789833512334798,35.122505510811116
0.013971875,10.789979433086943,35.122855523629816
0.013973437500000001,10.790125386340934,35.123205577620183
0.013975000000000001,10.790271372101882,35.123555672783041
0.013976562500000001,10.790417390374879,35.123905809118902
0.013978125000000001,10.790563441165084,35.124255986628668
0.013979687500000001,10.790709524477679,35.12460620531305
0.013981250000000001,10.790855640317758,35.124956465172694
0.0139828125,10.791001788690481,35.125306766208311
0.013984375,10.791147969600958,35.125657108420789
0.0139859375,10.791294183054372,35.126007491810789
0.0139875,10.791440429055791,35.126357916378758
0.013989062500000001,10.791586707610396,35.126708382125791
0.013990625000000001,10.791733018723342,35.127058889052456
0.013992187500000001,10.791879362399678,35.127409437159642
0.013993750000000001,10.792025738644655,35.12776002644771
0.013995312500000001,10.79217214746336,35.128110656917876
0.013996875000000001,10.792318588860935,35.128461328570395
0.0139984375,10.792465062842517,35.128812041406235
0.014,10.792611569413275,35.129162795426069
0.0140015625,10.792758108578319,35.129513590630594
0.014003125,10.792904680342735,35.129864427020593
0.014004687500000002,10.793051284711774,35.130215304596881
0.014006250000000001,10.793197921690554,35.130566223359878
0.014007812500000001,10.793344591284116,35.130917183310686
0.014009375000000001,10.793491293497723,35.131268184449922
0.014010937500000001,10.793638028336408,35.131619226777971
0.014012500000000001,10.793784795805438,35.131970310296069
0.0140140625,10.793931595909829,35.132321435004613
0.014015625,10.794078428654817,35.132672600904449
0.0140171875,10.794225294045519,35.133023807996047
0.01401875,10.794372192087033,35.133375056280656
0.014020312500000002,10.79451912278461,35.133726345758369
0.014021875000000001,10.794666086143291,35.134077676430344
0.014023437500000001,10.794813082168242,35.134429048297356
0.014025000000000001,10.794960110864574,35.134780461359824
0.014026562500000001,10.795107172237532,35.135131915618629
0.014028125000000001,10.795254266292176,35.135483411074681
0.0140296875,10.795401393033695,35.135834947728334
0.01403125,10.795548552467185,35.136186525580527
0.0140328125,10.795695744597854,35.136538144631885
0.014034375,10.795842969430817,35.136889804883118
0.014035937500000002,10.795990226971188,35.137241506335144
0.014037500000000001,10.79613751722416,35.137593248988651
0.014039062500000001,10.796284840194915,35.137945032844208
0.014040625000000001,10.796432195888498,35.138296857902496
0.014042187500000001,10.796579584310143,35.13864872416454
0.014043750000000001,10.796727005464955,35.139000631630857
0.014045312500000001,10.796874459358067,35.139352580301932
0.014046875,10.797021945994683,35.139704570178992
0.0140484375,10.797169465379893,35.140056601262565
0.01405,10.79731701751887,35.140408673553267
0.0140515625,10.797464602416769,35.140760787051747
0.014053125000000001,10.797612220078756,35.141112941759047
0.014054687500000001,10.797759870509944,35.141465137675695
0.014056250000000001,10.797907553715511,35.141817374802322
0.014057812500000001,10.79805526970061,35.142169653139746
0.014059375000000001,10.798203018470311,35.142521972688975
0.014060937500000001,10.798350800029905,35.142874333450195
0.0140625,10.79849861438443,35.143226735424534
0.0140640625,10.798646461539086,35.143579178612654
0.014065625,10.798794341498986,35.143931663014953
0.0140671875,10.798942254269376,35.144284188632582
0.014068750000000001,10.799090199855275,35.144636755466067
0.014070312500000001,10.799238178261938,35.144989363516295
0.014071875000000001,10.799386189494454,35.145342012783722
0.014073437500000001,10.799534233557999,35.145694703269307
0.014075000000000001,10.799682310457765,35.146047434973397
0.014076562500000001,10.79983042019887,35.146400207897102
0.014078125,10.799978562786448,35.146753022041111
0.0140796875,10.800126738225675,35.147105877405941
0.01408125,10.800274946521737,35.147458773992795
0.0140828125,10.800423187679725,35.147811711801708
0.014084375000000001,10.800571461704827,35.148164690833831
0.014085937500000001,10.800719768602196,35.148517711089809
0.014087500000000001,10.800868108376971,35.148870772570397
0.014089062500000001,10.801016481034347,35.149223875276206
0.014090625000000001,10.801164886579443,35.149577019207925
0.014092187500000001,10.801313325017425,35.149930204366569
0.01409375,10.80146179635347,35.150283430752488
0.0140953125,10.801610300592715,35.150636698366803
0.014096875,10.801758837740291,35.150990007210062
0.0140984375,10.801907407801371,35.151343357282684
0.014100000000000001,10.802056010781216,35.151696748585863
0.014101562500000001,10.802204646684796,35.152050181120025
0.014103125000000001,10.802353315517411,35.152403654885966
0.014104687500000001,10.802502017284183,35.152757169884509
0.014106250000000001,10.802650751990212,35.153110726116275
0.014107812500000001,10.802799519640743,35.153464323582071
0.014109375,10.802948320240919,35.153817962282545
0.0141109375,10.803097153795811,35.154171642218223
0.0141125,10.803246020310748,35.154525363390256
0.0141140625,10.803394919790717,35.154879125799063
0.014115625000000001,10.803543852240946,35.155232929445638
0.014117187500000001,10.803692817666676,35.155586774330267
0.014118750000000001,10.803841816072937,35.155940660454014
0.014120312500000001,10.80399084746494,35.156294587817662
0.014121875000000001,10.80413991184786,35.156648556421572
0.014123437500000001,10.80428900922686,35.157002566266655
0.014125,10.804438139607074,35.157356617353841
0.0141265625,10.804587302993676,35.157710709683506
0.014128125,10.804736499391877,35.158064843256817
0.0141296875,10.804885728806765,35.158419018074063
0.014131250000000001,10.805034991243534,35.158773234136078
0.014132812500000001,10.805184286707389,35.15912749144357
0.014134375000000001,10.805333615203368,35.159481789997479
0.014135937500000001,10.805482976736824,35.159836129798293
0.014137500000000001,10.805632371312756,35.160190510846753
0.014139062500000001,10.805781798936383,35.160544933143719
0.014140625,10.805931259612912,35.160899396689921
0.0141421875,10.80608075334743,35.161253901485921
0.01414375,10.806230280145144,35.161608447532466
0.0141453125,10.806379840011282,35.161963034830293
0.014146875000000001,10.806529432950903,35.162317663380186
0.014148437500000001,10.806679058969211,35.162672333182805
0.014150000000000001,10.806828718071403,35.163027044239008
0.014151562500000001,10.806978410262589,35.163381796549345
0.014153125000000001,10.807128135547979,35.163736590114659
0.014154687500000001,10.807277893932749,35.164091424935656
0.01415625,10.807427685422017,35.164446301012831
0.0141578125,10.80757751002103,35.164801218347414
0.014159375,10.807727367734843,35.165156176939668
0.0141609375,10.807877258568762,35.165511176790368
0.014162500000000001,10.808027182527788,35.16586621790028
0.014164062500000001,10.808177139617252,35.16622130027023
0.014165625000000001,10.808327129842224,35.166576423901034
0.014167187500000001,10.808477153207905,35.166931588793211
0.014168750000000001,10.808627209719422,35.167286794947387
0.014170312500000001,10.808777299382053,35.167642042364683
0.014171875,10.808927422200858,35.167997331045392
0.0141734375,10.809077578181052,35.168352660990379
0.014175,10.809227767327808,35.168708032200442
0.0141765625,10.809377989646279,35.169063444676247
0.014178125000000001,10.809528245141687,35.169418898418584
0.014179687500000001,10.809678533819133,35.169774393427922
0.014181250000000001,10.809828855683795,35.17012992970551
0.014182812500000001,10.809979210740893,35.170485507251527
0.014184375000000001,10.810129598995569,35.170841126067067
0.014185937500000001,10.81028002045303,35.171196786152663
0.0141875,10.810430475118418,35.171552487508976
0.0141890625,10.81058096299685,35.171908230136822
0.014190625,10.810731484093639,35.172264014036898
0.0141921875,10.810882038413812,35.172619839210014
0.014193750000000002,10.811032625962609,35.172975705656718
0.014195312500000001,10.811183246745252,35.17333161337794
0.014196875000000001,10.811333900766835,35.17368756237417
0.014198437500000001,10.811484588032535,35.174043552646559
0.014200000000000001,10.811635308547599,35.174399584195221
0.014201562500000001,10.81178606231714,35.174755657021265
0.014203125,10.811936849346385,35.17511177112528
0.0142046875,10.812087669640421,35.175467926507984
0.01420625,10.812238523204442,35.175824123170365
0.0142078125,10.812389410043787,35.176180361112699
0.014209375000000002,10.812540330163404,35.176536640336153
0.014210937500000001,10.812691283568595,35.176892960841094
0.014212500000000001,10.812842270264554,35.177249322628448
0.014214062500000001,10.812993290256362,35.177605725698932
0.014215625000000001,10.813144343549281,35.177962170052993
0.014217187500000001,10.813295430148434,35.178318655691704
0.01421875,10.813446550059032,35.178675182615564
0.0142203125,10.813597703286284,35.17903175082553
0.014221875,10.813748889835296,35.179388360322051
0.0142234375,10.81390010971127,35.179745011105886
0.014225000000000002,10.814051362919413,35.180101703177925
0.014226562500000001,10.814202649464905,35.180458436538814
0.014228125000000001,10.814353969352856,35.180815211189206
0.014229687500000001,10.814505322588529,35.181172027129826
0.014231250000000001,10.814656709177012,35.181528884361569
0.014232812500000001,10.814808129123614,35.181885782885026
0.014234375,10.814959582433422,35.182242722700742
0.0142359375,10.815111069111676,35.182599703809665
0.0142375,10.815262589163503,35.182956726212574
0.0142390625,10.815414142594079,35.183313789909967
0.014240625000000002,10.815565729408608,35.183670894902605
0.014242187500000001,10.815717349612321,35.184028041191354
0.014243750000000001,10.815869003210308,35.184385228776968
0.014245312500000001,10.816020690207811,35.184742457659908
0.014246875000000001,10.816172410609962,35.185099727841134
0.014248437500000001,10.816324164421999,35.185457039321143
0.014250000000000001,10.816475951649105,35.185814392100966
0.0142515625,10.816627772296426,35.186171786181021
0.014253125,10.816779626369181,35.186529221562218
0.0142546875,10.816931513872513,35.186886698245097
0.01425625,10.817083434811645,35.187244216230475
0.014257812500000001,10.817235389191723,35.18760177551912
0.014259375000000001,10.81738737701796,35.187959376111763
0.014260937500000001,10.817539398295516,35.188317018009222
0.014262500000000001,10.817691453029623,35.188674701211802
0.014264062500000001,10.817843541225443,35.189032425720541
0.014265625000000001,10.817995662888151,35.189390191536226
0.0142671875,10.818147818022922,35.189747998659413
0.01426875,10.81830000663499,35.190105847090855
0.0142703125,10.818452228729454,35.190463736831219
0.014271875,10.818604484311592,35.190821667881352
0.014273437500000001,10.81875677338655,35.191179640241927
0.014275000000000001,10.818909095959514,35.191537653913656
0.014276562500000001,10.819061452035664,35.191895708897313
0.014278125000000001,10.819213841620236,35.19225380519331
0.014279687500000001,10.819366264718356,35.192611942802699
0.014281250000000001,10.819518721335267,35.192970121726233
0.0142828125,10.819671211476093,35.19332834196441
0.014284375,10.819823735146084,35.193686603517968
0.0142859375,10.819976292350411,35.194044906387859
0.0142875,10.820128883094217,35.194403250574645
0.014289062500000001,10.820281507382724,35.194761636078937
0.014290625000000001,10.82043416522119,35.19512006290153
0.014292187500000001,10.820586856614684,35.195478531043314
0.014293750000000001,10.820739581568462,35.195837040504692
0.014295312500000001,10.820892340087759,35.196195591286802
0.014296875000000001,10.821045132177689,35.196554183390013
0.0142984375,10.821197957843413,35.196912816814908
0.0143,10.82135081709025,35.197271491562752
0.0143015625,10.821503709923281,35.197630207633722
0.014303125,10.821656636347745,35.19798896502882
0.014304687500000001,10.821809596368785,35.198347763748906
0.014306250000000001,10.821962589991712,35.198706603794363
0.014307812500000001,10.822115617221591,35.19906548516601
0.014309375000000001,10.82226867806367,35.199424407864718
0.014310937500000001,10.822421772523109,35.199783371891186
0.014312500000000001,10.822574900605115,35.200142377245768
0.0143140625,10.82272806231493,35.200501423929424
0.014315625,10.82288125765769,35.200860511943262
0.0143171875,10.823034486638628,35.201219641287523
0.01431875,10.823187749262907,35.201578811962925
0.014320312500000001,10.823341045535747,35.201938023970293
0.014321875000000001,10.823494375462317,35.202297277310393
0.014323437500000001,10.823647739047793,35.202656571983944
0.014325000000000001,10.823801136297449,35.203015907991535
0.014326562500000001,10.823954567216413,35.203375285334118
0.014328125000000001,10.824108031809914,35.203734704012149
0.0143296875,10.824261530083106,35.204094164026515
0.01433125,10.824415062041256,35.204453665377905
0.0143328125,10.824568627689501,35.204813208066959
0.014334375,10.824722227032996,35.205172792094473
0.014335937500000001,10.824875860077057,35.205532417460994
0.014337500000000001,10.825029526826828,35.205892084167623
0.014339062500000001,10.82518322728745,35.206251792214623
0.014340625000000001,10.825336961464235,35.20661154160306
0.014342187500000001,10.825490729362244,35.206971332333431
0.014343750000000001,10.825644530986811,35.207331164406746
0.0143453125,10.825798366343024,35.207691037823373
0.014346875,10.825952235436173,35.208050952584145
0.0143484375,10.826106138271353,35.208410908689913
0.01435,10.826260074853852,35.208770906141119
0.014351562500000001,10.826414045188825,35.20913094493865
0.014353125000000001,10.826568049281516,35.209491025083366
0.014354687500000001,10.826722087137034,35.209851146575829
0.014356250000000001,10.826876158760692,35.210211309416707
0.014357812500000001,10.827030264157608,35.210571513606823
0.014359375000000001,10.827184403333026,35.210931759146668
0.0143609375,10.827338576292135,35.211292046037379
0.0143625,10.827492783040148,35.21165237427936
0.0143640625,10.827647023582228,35.212012743873352
0.014365625,10.827801297923573,35.212373154820014
0.014367187500000001,10.827955606069485,35.212733607120327
0.014368750000000001,10.828109948025048,35.213094100774825
0.014370312500000001,10.828264323795526,35.213454635784124
0.014371875000000001,10.828418733386108,35.213815212149214
0.014373437500000001,10.828573176801951,35.214175829870548
0.014375000000000001,10.82872765404832,35.214536488948916
0.0143765625,10.828882165130439,35.214897189385368
0.014378125,10.829036710053451,35.215257931180027
0.0143796875,10.829191288822543,35.215618714334028
0.01438125,10.829345901442972,35.215979538847826
0.014382812500000001,10.829500547919933,35.216340404722416
0.014384375000000001,10.82965522825865,35.216701311958303
0.014385937500000001,10.829809942464305,35.217062260556254
0.014387500000000001,10.829964690542061,35.217423250516916
0.014389062500000001,10.830119472497156,35.21778428184124
0.014390625000000001,10.830274288334811,35.218145354529732
0.0143921875,10.83042913806027,35.21850646858325
0.01439375,10.830584021678609,35.218867624002364
0.0143953125,10.830738939195189,35.219228820787862
0.014396875,10.83089389061511,35.219590058940341
0.014398437500000002,10.831048875943619,35.219951338460774
0.014400000000000001,10.831203895185897,35.220312659349659
0.014401562500000001,10.831358948347164,35.220674021607614
0.014403125000000001,10.831514035432624,35.221035425235776
0.014404687500000001,10.831669156447507,35.221396870234543
0.014406250000000001,10.831824311397046,35.22175835660444
0.0144078125,10.831979500286383,35.222119884346668
0.014409375,10.832134723120738,35.222481453461697
0.0144109375,10.832289979905344,35.222843063950251
0.0144125,10.832445270645421,35.223204715812955
0.014414062500000002,10.832600595346115,35.22356640905069
0.014415625000000001,10.832755954012674,35.223928143663926
0.014417187500000001,10.832911346650365,35.224289919653927
0.014418750000000001,10.833066773264294,35.224651737020551
0.014420312500000001,10.833222233859701,35.22501359576524
0.014421875000000001,10.83337772844189,35.225375495888386
0.0144234375,10.833533257015938,35.225737437390826
0.014425,10.833688819587133,35.226099420273158
0.0144265625,10.833844416160643,35.226461444536127
0.014428125,10.834000046741776,35.22682351018063
0.014429687500000002,10.834155711335599,35.22718561720707
0.014431250000000001,10.834311409947436,35.227547765616329
0.014432812500000001,10.834467142582417,35.227909955409231
0.014434375000000001,10.834622909245802,35.228272186586182
0.014435937500000001,10.834778709942809,35.228634459148253
0.014437500000000001,10.834934544678662,35.228996773095879
0.014439062500000001,10.835090413458516,35.229359128429984
0.014440625,10.835246316287611,35.229721525151113
0.0144421875,10.835402253171191,35.2300839632601
0.01444375,10.835558224114449,35.230446442757504
0.014445312500000002,10.835714229122601,35.230808963644137
0.014446875000000001,10.835870268200841,35.23117152592085
0.014448437500000001,10.836026341354343,35.231534129588127
0.014450000000000001,10.836182448588458,35.231896774646835
0.014451562500000001,10.836338589908276,35.232259461097584
0.014453125000000001,10.836494765319085,35.232622188941214
0.014454687500000001,10.836650974825995,35.232984958178228
0.01445625,10.836807218434378,35.233347768809573
0.0144578125,10.836963496149355,35.2337106208359
0.014459375,10.837119807976112,35.234073514257709
0.0144609375,10.837276153919973,35.234436449076135
0.014462500000000001,10.837432533986057,35.234799425291506
0.014464062500000001,10.837588948179567,35.235162442904546
0.014465625000000001,10.837745396505825,35.235525501916207
0.014467187500000001,10.837901878969943,35.235888602327023
0.014468750000000001,10.83805839557721,35.236251744137753
0.014470312500000001,10.838214946332812,35.23661492734918
0.014471875,10.838371531241956,35.236978151961878
0.0144734375,10.838528150309909,35.237341417976801
0.014475,10.838684803541808,35.237704725394494
0.0144765625,10.838841490942919,35.238068074215555
0.014478125000000001,10.838998212518506,35.238431464440929
0.014479687500000001,10.839154968273661,35.238794896071063
0.014481250000000001,10.839311758213777,35.239158369107123
0.014482812500000001,10.839468582343908,35.239521883549301
0.014484375000000001,10.839625440669392,35.239885439398435
0.014485937500000001,10.83978233319538,35.240249036655584
0.0144875,10.839939259927108,35.240612675321024
0.0144890625,10.84009622086983,35.240976355395759
0.014490625,10.840253216028712,35.24134007688027
0.0144921875,10.840410245408975,35.241703839775568
0.014493750000000001,10.840567309015913,35.242067644082134
0.014495312500000001,10.840724406854688,35.242431489800737
0.014496875000000001,10.840881538930503,35.242795376931859
0.014498437500000001,10.841038705248678,35.243159305476667
0.014500000000000001,10.841195905814292,35.243523275435614
0.014501562500000001,10.841353140632704,35.243887286809425
0.014503125,10.841510409709002,35.244251339598968
0.0145046875,10.841667713048542,35.244615433804519
0.01450625,10.841825050656441,35.244979569427286
0.0145078125,10.841982422537999,35.245343746467803
0.014509375000000001,10.842139828698352,35.245707964926652
0.014510937500000001,10.84229726914281,35.246072224804635
0.014512500000000001,10.842454743876587,35.246436526102485
0.014514062500000001,10.842612252904859,35.246800868821026
0.014515625000000001,10.842769796232893,35.24716525296072
0.014517187500000001,10.842927373865834,35.247529678522575
0.01451875,10.843084985809018,35.247894145506912
0.0145203125,10.84324263206762,35.248258653914739
0.014521875,10.843400312646834,35.248623203746732
0.0145234375,10.843558027551914,35.248987795003728
0.014525000000000001,10.843715776788134,35.249352427685935
0.014526562500000001,10.843873560360581,35.249717101794481
0.014528125000000001,10.844031378274675,35.25008181733012
0.014529687500000001,10.844189230535468,35.25044657429325
0.014531250000000001,10.844347117148278,35.250811372684865
0.014532812500000001,10.844505038118321,35.251176212505491
0.014534375,10.844662993450786,35.251541093756124
0.0145359375,10.844820983150925,35.251906016437097
0.0145375,10.844979007224007,35.252270980549476
0.0145390625,10.845137065675175,35.252635986093701
0.014540625000000001,10.845295158509703,35.253001033070426
0.014542187500000001,10.84545328573283,35.253366121480589
0.014543750000000001,10.845611447349796,35.253731251324851
0.014545312500000001,10.845769643365767,35.254096422603979
0.014546875000000001,10.845927873786025,35.254461635318307
0.014548437500000001,10.846086138615748,35.254826889469058
0.01455,10.846244437860232,35.255192185056721
0.0145515625,10.846402771524662,35.255557522081858
0.014553125,10.846561139614268,35.255922900545386
0.0145546875,10.846719542134304,35.256288320447943
0.014556250000000001,10.846877979090019,35.25665378179022
0.014557812500000001,10.847036450486547,35.257019284573026
0.014559375000000001,10.847194956329213,35.257384828796852
0.014560937500000001,10.847353496623226,35.257750414462656
0.014562500000000001,10.847512071373799,35.258116041571078
0.014564062500000001,10.847670680586125,35.258481710122567
0.014565625,10.847829324265565,35.258847420118322
0.0145671875,10.847988002417173,35.259213171558585
0.01456875,10.848146715046349,35.259578964444266
0.0145703125,10.848305462158208,35.25994479877621
0.014571875000000001,10.848464243758064,35.260310674554773
0.014573437500000001,10.848623059851066,35.260676591781078
0.014575000000000001,10.848781910442472,35.261042550455457
0.014576562500000001,10.848940795537581,35.261408550578956
0.014578125000000001,10.849099715141543,35.261774592151937
0.014579687500000001,10.849258669259623,35.262140675175402
0.01458125,10.849417657897083,35.262506799649913
0.0145828125,10.849576681059112,35.262872965576278
0.014584375,10.849735738750969,35.263239172954883
0.0145859375,10.849894830977886,35.263605421786984
0.014587500000000002,10.850053957745047,35.263971712072845
0.014589062500000001,10.85021311905775,35.264338043813297
0.014590625000000001,10.850372314921222,35.264704417009163
0.014592187500000001,10.850531545340669,35.265070831661021
0.014593750000000001,10.850690810321348,35.265437287769579
0.014595312500000001,10.850850109868517,35.265803785335699
0.014596875,10.851009443987358,35.266170324359827
0.0145984375,10.851168812683168,35.266536904842702
0.0146,10.851328215961086,35.266903526785306
0.0146015625,10.851487653826405,35.267270190188221
0.014603125000000002,10.85164712628443,35.267636895052078
0.014604687500000001,10.851806633340319,35.268003641377639
0.014606250000000001,10.851966174999248,35.268370429165508
0.014607812500000001,10.852125751266604,35.268737258416643
0.014609375000000001,10.852285362147533,35.269104129131449
0.014610937500000001,10.852445007647294,35.26947104131073
0.0146125,10.85260468777113,35.269837994955402
0.0146140625,10.852764402524214,35.270204990065757
0.014615625,10.85292415191188,35.270572026643059
0.0146171875,10.853083935939338,35.270939104687443
0.014618750000000002,10.853243754611768,35.271306224199911
0.014620312500000001,10.853403607934492,35.27167338518128
0.014621875000000001,10.853563495912658,35.272040587631878
0.014623437500000001,10.853723418551596,35.272407831552805
0.014625000000000001,10.853883375856512,35.272775116944587
0.014626562500000001,10.854043367832615,35.273142443807878
0.014628125000000001,10.854203394485177,35.273509812143494
0.0146296875,10.854363455819422,35.273877221952162
0.01463125,10.854523551840618,35.274244673234406
0.0146328125,10.854683682553988,35.274612165991101
0.014634375000000002,10.854843847964759,35.274979700222929
0.014635937500000001,10.855004048078142,35.275347275930471
0.014637500000000001,10.855164282899487,35.275714893114518
0.014639062500000001,10.855324552433972,35.276082551776078
0.014640625000000001,10.855484856686802,35.276450251915179
0.014642187500000001,10.85564519566325,35.276817993533129
0.014643750000000001,10.855805569368577,35.277185776630439
0.0146453125,10.855965977807948,35.2775536012077
0.014646875,10.856126420986742,35.277921467265749
0.0146484375,10.856286898910122,35.278289374805304
0.014650000000000002,10.856447411583275,35.278657323826927
0.014651562500000001,10.856607959011567,35.279025314331427
0.014653125000000001,10.856768541200102,35.279393346319587
0.014654687500000001,10.856929158154241,35.279761419791754
0.014656250000000001,10.857089809879197,35.280129534749094
0.014657812500000001,10.857250496380143,35.280497691192181
0.014659375000000001,10.857411217662401,35.280865889121507
0.0146609375,10.857571973731256,35.281234128537953
0.0146625,10.857732764591814,35.281602409442272
0.0146640625,10.857893590249411,35.281970731834953
0.014665625,10.858054450709323,35.282339095716985
0.014667187500000001,10.858215345976678,35.282707501088815
0.014668750000000001,10.858376276056863,35.283075947951389
0.014670312500000001,10.858537240955028,35.283444436305246
0.014671875000000001,10.858698240676418,35.283812966150869
0.014673437500000001,10.858859275226305,35.284181537489474
0.014675000000000001,10.859020344609959,35.284550150321564
0.0146765625,10.859181448832603,35.284918804647546
0.014678125,10.859342587899429,35.285287500468449
0.0146796875,10.859503761815816,35.285656237784771
0.01468125,10.859664970586872,35.286025016597442
0.014682812500000001,10.85982621421793,35.286393836907131
0.014684375000000001,10.859987492714149,35.286762698714391
0.014685937500000001,10.860148806080929,35.287131602019983
0.014687500000000001,10.860310154323395,35.287500546824795
0.014689062500000001,10.860471537446822,35.287869533129083
0.014690625000000001,10.860632955456449,35.288238560933927
0.0146921875,10.860794408357552,35.288607630239909
0.01469375,10.860955896155332,35.288976741047804
0.0146953125,10.861117418855144,35.289345893358451
0.014696875,10.861278976462073,35.289715087172169
0.014698437500000001,10.861440568981537,35.290084322489719
0.014700000000000001,10.861602196418644,35.290453599312045
0.014701562500000001,10.861763858778767,35.290822917639829
0.014703125000000001,10.861925556067076,35.291192277473684
0.014704687500000001,10.862087288288818,35.291561678814332
0.014706250000000001,10.862249055449251,35.29193112166233
0.0147078125,10.862410857553677,35.292300606018593
0.014709375,10.862572694607286,35.29267013188381
0.0147109375,10.862734566615366,35.293039699258458
0.0147125,10.862896473583152,35.293409308143531
0.014714062500000001,10.863058415515901,35.29377895853959
0.014715625000000001,10.863220392418866,35.294148650447248
0.014717187500000001,10.863382404297267,35.294518383867292
0.014718750000000001,10.863544451156404,35.294888158800461
0.014720312500000001,10.863706533001499,35.295257975247502
0.014721875000000001,10.863868649837805,35.295627833208904
0.0147234375,10.864030801670602,35.295997732685535
0.014725,10.864192988505067,35.29636767367812
0.0147265625,10.86435521034657,35.296737656187354
0.014728125,10.864517467200278,35.297107680213976
0.014729687500000001,10.864679759071466,35.297477745758336
0.014731250000000001,10.864842085965369,35.297847852821548
0.014732812500000001,10.865004447887296,35.298218001404102
0.014734375000000001,10.865166844842429,35.298588191506695
0.014735937500000001,10.865329276836073,35.298958423130152
0.014737500000000001,10.865491743873493,35.299328696275275
0.0147390625,10.865654245959897,35.299699010942362
0.014740625,10.865816783100524,35.300069367132615
0.0147421875,10.865979355300686,35.300439764846146
0.01474375,10.866141962565626,35.3008102040843
0.014745312500000001,10.866304604900575,35.301180684847317
0.014746875000000001,10.866467282310834,35.301551207135965
0.014748437500000001,10.866629994801599,35.301921770951154
0.014750000000000001,10.866792742378163,35.302292376293423
0.014751562500000001,10.866955525045768,35.302663023163475
0.014753125000000001,10.867118342809668,35.303033711561952
0.0147546875,10.867281195675121,35.303404441489732
0.01475625,10.867444083647436,35.303775212947393
0.0147578125,10.867607006731772,35.304146025935644
0.014759375,10.867769964933444,35.304516880455203
0.014760937500000001,10.867932958257716,35.304887776506732
0.014762500000000001,10.868095986709816,35.305258714091011
0.014764062500000001,10.868259050295038,35.305629693208687
0.014765625000000001,10.868422149018578,35.306000713860286
0.014767187500000001,10.868585282885761,35.306371776047015
0.014768750000000001,10.868748451901807,35.306742879769011
0.0147703125,10.868911656072008,35.307114025027367
0.014771875,10.869074895401569,35.307485211822481
0.0147734375,10.869238169895771,35.307856440155149
0.014775,10.86940147955996,35.308227710026209
0.014776562500000002,10.869564824399221,35.308599021436187
0.014778125000000001,10.869728204418953,35.308970374385837
0.014779687500000001,10.869891619624363,35.309341768876024
0.014781250000000001,10.870055070020726,35.309713204907183
0.014782812500000001,10.870218555613276,35.310084682480117
0.014784375000000001,10.870382076407328,35.310456201595592
0.0147859375,10.870545632408037,35.310827762254156
0.0147875,10.870709223620748,35.311199364456598
0.0147890625,10.870872850050761,35.3115710082036
0.014790625,10.871036511703256,35.311942693495929
0.014792187500000002,10.871200208583463,35.31231442033436
0.014793750000000001,10.871363940696748,35.312686188719177
0.014795312500000001,10.871527708048317,35.313057998651566
0.014796875000000001,10.871691510643451,35.31342985013184
0.014798437500000001,10.87185534848739,35.313801743161122
0.014800000000000001,10.872019221585397,35.314173677739731
0.0148015625,10.872183129942744,35.314545653868443
0.014803125,10.872347073564688,35.314917671548102
0.0148046875,10.872511052456485,35.315289730779149
0.01480625,10.872675066623442,35.315661831562473
0.014807812500000002,10.872839116070727,35.316033973898996
0.014809375000000001,10.873003200803721,35.316406157788926
0.014810937500000001,10.873167320827617,35.316778383233192
0.014812500000000001,10.873331476147701,35.317150650232342
0.014814062500000001,10.873495666769172,35.317522958787421
0.014815625000000001,10.873659892697367,35.317895308898912
0.0148171875,10.873824153937557,35.318267700567361
0.01481875,10.873988450494936,35.318640133793849
0.0148203125,10.874152782374862,35.319012608578646
0.014821875,10.87431714958255,35.319385124922725
0.014823437500000002,10.874481552123203,35.319757682826804
0.014825000000000001,10.874645990002213,35.320130282291409
0.014826562500000001,10.874810463224749,35.320502923317164
0.014828125000000001,10.874974971796124,35.32087560590508
0.014829687500000001,10.875139515721562,35.321248330055624
0.014831250000000001,10.875304095006403,35.321621095769615
0.014832812500000001,10.875468709655802,35.321993903047641
0.014834375,10.875633359675097,35.322366751890478
0.0148359375,10.875798045069578,35.322739642298508
0.0148375,10.87596276584444,35.323112574272812
0.014839062500000002,10.876127522005021,35.32348554781418
0.014840625000000001,10.876292313556517,35.323858562922887
0.014842187500000001,10.876457140504284,35.324231619599956
0.014843750000000001,10.876622002853454,35.324604717845922
0.014845312500000001,10.876786900609442,35.32497785766143
0.014846875000000001,10.876951833777408,35.325351039047504
0.014848437500000001,10.877116802362698,35.3257242620043
0.01485,10.877281806370535,35.326097526532998
0.0148515625,10.877446845806217,35.326470832634008
0.014853125,10.877611920674944,35.326844180308235
0.014854687500000002,10.877777030982086,35.327217569556048
0.014856250000000001,10.877942176732825,35.327591000378618
0.014857812500000001,10.878107357932439,35.327964472776095
0.014859375000000001,10.878272574586251,35.328337986749673
0.014860937500000001,10.878437826699491,35.328711542299757
0.014862500000000001,10.878603114277455,35.329085139427065
0.014864062500000001,10.878768437325355,35.32945877813227
0.014865625,10.878933795848566,35.329832458416334
0.0148671875,10.879099189852219,35.330206180279525
0.01486875,10.879264619341702,35.330579943722775
0.0148703125,10.87943008432226,35.330953748746936
0.014871875000000001,10.879595584799098,35.331327595352391
0.014873437500000001,10.879761120777561,35.331701483539852
0.014875000000000001,10.879926692262869,35.332075413310406
0.014876562500000001,10.880092299260328,35.332449384664194
0.014878125000000001,10.880257941775222,35.332823397602382
0.014879687500000001,10.880423619812735,35.333197452125425
0.01488125,10.880589333378268,35.333571548234033
0.0148828125,10.880755082477027,35.33394568592891
0.014884375,10.880920867114252,35.334319865210631
0.0148859375,10.881086687295237,35.334694086080169
0.014887500000000001,10.881252543025335,35.33506834853786
0.014889062500000001,10.881418434309664,35.335442652584682
0.014890625000000001,10.881584361153608,35.335816998221269
0.014892187500000001,10.88175032356242,35.33619138544833
0.014893750000000001,10.881916321541391,35.336565814266493
0.014895312500000001,10.882082355095745,35.336940284676359
0.014896875,10.882248424230731,35.337314796678648
0.0148984375,10.882414528951747,35.337689350274417
0.0149,10.882580669263923,35.338063945463951
0.0149015625,10.882746845172624,35.338438582248003
0.014903125000000001,10.882913056683128,35.338813260627312
0.014904687500000001,10.883079303800633,35.339187980602503
0.014906250000000001,10.883245586530499,35.339562742174408
0.014907812500000001,10.883411904877972,35.339937545343759
0.014909375000000001,10.883578258848241,35.340312390111052
0.014910937500000001,10.883744648446736,35.34068727647692
0.0149125,10.883911073678657,35.341062204442245
0.0149140625,10.884077534549206,35.341437174007801
0.014915625,10.884244031063799,35.341812185174085
0.0149171875,10.884410563227624,35.342187237941872
0.014918750000000001,10.884577131045939,35.342562332311736
0.014920312500000001,10.884743734524127,35.342937468284454
0.014921875000000001,10.884910373667337,35.343312645860884
0.014923437500000001,10.885077048480923,35.343687865041439
0.014925000000000001,10.885243758970118,35.344063125826935
0.014926562500000001,10.885410505140229,35.34443842821797
0.014928125,10.885577286996551,35.344813772215439
0.0149296875,10.885744104544312,35.345189157819725
0.01493125,10.885910957788811,35.345564585031944
0.0149328125,10.886077846735315,35.345940053852395
0.014934375000000001,10.886244771389112,35.346315564281902
0.014935937500000001,10.886411731755494,35.34669111632109
0.014937500000000001,10.886578727839717,35.347066709970761
0.014939062500000001,10.886745759647116,35.347442345231634
0.014940625000000001,10.886912827182867,35.347818022104398
0.014942187500000001,10.887079930452327,35.348193740589458
0.01494375,10.887247069460765,35.348569500687894
0.0149453125,10.88741424421344,35.348945302400175
0.014946875,10.88758145471559,35.349321145726897
0.0149484375,10.887748700972555,35.349697030669091
0.014950000000000001,10.887915982989638,35.350072957227034
0.014951562500000001,10.888083300772067,35.350448925401672
0.014953125000000001,10.88825065432516,35.350824935193685
0.014954687500000001,10.888418043654102,35.351200986603551
0.014956250000000001,10.888585468764338,35.351577079632214
0.014957812500000001,10.888752929661027,35.351953214280371
0.014959375,10.888920426349447,35.352329390548491
0.0149609375,10.889087958834889,35.352705608437404
0.0149625,10.889255527122716,35.35308186794785
0.0149640625,10.889423131218116,35.353458169080362
0.014965625000000001,10.88959077112639,35.353834511835814
0.014967187500000001,10.889758446852868,35.354210896214624
0.014968750000000001,10.889926158402712,35.354587322217562
0.014970312500000001,10.890093905781351,35.354963789845598
0.014971875000000001,10.890261688993963,35.355340299099055
0.014973437500000001,10.890429508045903,35.355716849978833
0.014975,10.890597362942422,35.356093442485438
0.0149765625,10.890765253688798,35.356470076619935
0.014978125,10.890933180290274,35.356846752382587
0.0149796875,10.891101142752213,35.357223469774148
0.014981250000000002,10.891269141079833,35.357600228795533
0.014982812500000001,10.891437175278444,35.357977029447284
0.014984375000000001,10.891605245353313,35.358353871730046
0.014985937500000001,10.891773351309762,35.358730755644679
0.014987500000000001,10.891941493153034,35.35910768119161
0.014989062500000001,10.89210967088844,35.359484648371733
0.014990625,10.892277884521237,35.359861657185611
0.0149921875,10.892446134056755,35.36023870763394
0.01499375,10.892614419500186,35.360615799717472
0.0149953125,10.892782740856902,35.360992933437011
0.014996875000000002,10.892951098132169,35.361370108792748
0.014998437500000001,10.893119491331294,35.361747325786027
0.015000000000000001,10.893287920459455,35.362124584417053
0.015001562500000001,10.893456385522061,35.362501884686786
0.015003125000000001,10.89362488652438,35.362879226595865
0.015004687500000001,10.893793423471562,35.36325661014471
0.01500625,10.893961996369077,35.363634035334428
0.0150078125,10.894130605222092,35.364011502165255
0.015009375,10.894299250035996,35.36438901063827
0.0150109375,10.894467930815937,35.364766560753971
0.015012500000000002,10.894636647567303,35.365144152512855
0.015014062500000001,10.894805400295333,35.365521785916108
0.015015625000000001,10.894974189005382,35.365899460963938
0.015017187500000001,10.895143013702636,35.366277177657352
0.015018750000000001,10.895311874392451,35.36665493599677
0.015020312500000001,10.895480771080116,35.367032735983159
0.015021875000000001,10.895649703770847,35.367410577616788
0.0150234375,10.89581867247003,35.367788460898723
0.015025,10.895987677182884,35.368166385829554
0.0150265625,10.896156717914728,35.368544352409749
0.015028125000000002,10.896325794670807,35.368922360640347
0.015029687500000001,10.896494907456455,35.369300410521888
0.015031250000000001,10.896664056276952,35.369678502054903
0.015032812500000001,10.896833241137539,35.370056635240275
0.015034375000000001,10.897002462043604,35.370434810078415
0.015035937500000001,10.897171719000351,35.370813026570396
0.015037500000000001,10.897341012013094,35.371191284716559
0.0150390625,10.897510341087134,35.371569584517744
0.015040625,10.897679706227732,35.37194792597456
0.0150421875,10.897849107440242,35.372326309087953
0.015043750000000002,10.898018544729865,35.372704733858178
0.015045312500000001,10.898188018101916,35.373083200286267
0.015046875000000001,10.89835752756173,35.373461708372616
0.015048437500000001,10.898527073114556,35.373840258118229
0.015050000000000001,10.89869665476569,35.374218849523658
0.015051562500000001,10.898866272520424,35.37459748258933
0.015053125000000001,10.899035926384078,35.374976157316297
0.0150546875,10.899205616361881,35.375354873704879
0.01505625,10.899375342459162,35.375733631756184
0.0150578125,10.899545104681254,35.376112431470538
0.015059375000000002,10.899714903033347,35.37649127284876
0.015060937500000001,10.899884737520805,35.376870155891638
0.015062500000000001,10.90005460814891,35.377249080599775
0.015064062500000001,10.900224514922986,35.377628046973641
0.015065625000000001,10.900394457848236,35.378007055014159
0.015067187500000001,10.900564436930015,35.378386104721891
0.015068750000000001,10.900734452173552,35.378765196097675
0.0150703125,10.900904503584252,35.379144329142008
0.015071875,10.901074591167305,35.379523503855665
0.0150734375,10.901244714928044,35.379902720239151
0.015075,10.901414874871785,35.380281978293439
0.015076562500000001,10.901585071003776,35.38066127801924
0.015078125000000001,10.901755303329326,35.38104061941695
0.015079687500000001,10.901925571853745,35.381420002487069
0.015081250000000001,10.902095876582324,35.381799427230938
0.015082812500000001,10.902266217520323,35.382178893648714
0.015084375000000001,10.902436594673022,35.382558401741242
0.0150859375,10.902607008045827,35.382937951509128
0.0150875,10.902777457643893,35.383317542953158
0.0150890625,10.902947943472585,35.383697176074136
0.015090625,10.903118465537178,35.384076850872283
0.015092187500000001,10.903289023843,35.384456567348636
0.015093750000000001,10.903459618395312,35.384836325503876
0.015095312500000001,10.903630249199431,35.385216125338566
0.015096875000000001,10.903800916260607,35.385595966853558
0.015098437500000001,10.903971619584167,35.385975850049299
0.015100000000000001,10.904142359175474,35.386355774926436
0.0151015625,10.904313135039676,35.386735741485765
0.015103125,10.904483947182213,35.387115749728117
0.0151046875,10.904654795608286,35.387495799654069
0.01510625,10.90482568032318,35.387875891264009
0.015107812500000001,10.904996601332281,35.388256024559077
0.015109375000000001,10.905167558640812,35.388636199539789
0.015110937500000001,10.905338552254095,35.389016416206623
0.015112500000000001,10.905509582177396,35.389396674560359
0.015114062500000001,10.905680648416087,35.389776974601851
0.015115625000000001,10.905851750975419,35.39015731633144
0.0151171875,10.906022889860646,35.390537699750254
0.01511875,10.906194065077129,35.39091812485853
0.0151203125,10.906365276630135,35.391298591657161
0.015121875,10.906536524524943,35.391679100146717
0.015123437500000001,10.906707808766933,35.392059650328129
0.015125000000000001,10.906879129361313,35.392440242202007
0.015126562500000001,10.907050486313393,35.392820875768798
0.015128125000000001,10.907221879628473,35.39320155102908
0.015129687500000001,10.90739330931191,35.39358226798376
0.015131250000000001,10.907564775368982,35.393963026633685
0.0151328125,10.907736277804917,35.394343826979402
0.015134375,10.907907816625103,35.394724669021436
0.0151359375,10.908079391834772,35.395105552760512
0.0151375,10.908251003439265,35.395486478197284
0.015139062500000001,10.90842265144383,35.395867445332634
0.015140625000000001,10.908594335853843,35.396248454166887
0.015142187500000001,10.908766056674517,35.396629504701174
0.015143750000000001,10.90893781391123,35.397010596935807
0.015145312500000001,10.909109607569231,35.397391730871604
0.015146875000000001,10.909281437653842,35.39777290650926
0.0151484375,10.909453304170365,35.398154123849402
0.01515,10.90962520712408,35.398535382892518
0.0151515625,10.909797146520299,35.398916683639627
0.015153125,10.909969122364339,35.399298026091181
0.015154687500000001,10.910141134661441,35.399679410247906
0.015156250000000001,10.910313183416973,35.400060836110498
0.015157812500000001,10.91048526863624,35.40044230367964
0.015159375000000001,10.910657390324467,35.400823812955998
0.015160937500000001,10.910829548487055,35.401205363940036
0.015162500000000001,10.911001743129203,35.401586956632862
0.0151640625,10.911173974256272,35.401968591034951
0.015165625,10.91134624187351,35.402350267146801
0.0151671875,10.911518545986318,35.402731984969108
0.01516875,10.911690886599898,35.403113744502939
0.015170312500000002,10.911863263719646,35.403495545748584
0.015171875000000001,10.912035677350788,35.403877388706668
0.015173437500000001,10.912208127498634,35.404259273377903
0.015175000000000001,10.912380614168544,35.404641199763205
0.015176562500000001,10.91255313736572,35.405023167863398
0.015178125000000001,10.912725697095549,35.405405177678475
0.0151796875,10.912898293363334,35.405787229209615
0.01518125,10.913070926174324,35.406169322457416
0.0151828125,10.913243595533865,35.406551457422545
0.015184375,10.913416301447224,35.406933634105606
0.015185937500000002,10.91358904391975,35.40731585250726
0.015187500000000001,10.913761822956717,35.407698112628374
0.015189062500000001,10.913934638563445,35.408080414469332
0.015190625000000001,10.914107490745256,35.408462758030929
0.015192187500000001,10.914280379507353,35.408845143313798
0.015193750000000001,10.914453304855122,35.409227570318777
0.0151953125,10.914626266793876,35.409610039046207
0.015196875,10.914799265328933,35.409992549497098
0.0151984375,10.914972300465525,35.410375101672059
0.0152,10.915145372208988,35.410757695571803
0.015201562500000002,10.915318480564675,35.411140331196492
0.015203125000000001,10.915491625537813,35.411523008547434
0.015204687500000001,10.915664807133769,35.411905727625147
0.015206250000000001,10.915838025357818,35.412288488430107
0.015207812500000001,10.916011280215246,35.41267129096309
0.015209375000000001,10.916184571711433,35.413054135224705
0.0152109375,10.916357899851624,35.413437021215749
0.0152125,10.916531264641097,35.413819948936862
0.0152140625,10.916704666085241,35.414202918388646
0.015215625,10.916878104189275,35.414585929571807
0.015217187500000002,10.91705157895858,35.414968982487011
0.015218750000000001,10.917225090398434,35.415352077135005
0.015220312500000001,10.917398638514129,35.415735213516143
0.015221875000000001,10.917572223310987,35.4161183916315
0.015223437500000001,10.917745844794329,35.416501611481429
0.015225000000000001,10.917919502969415,35.416884873067048
0.015226562500000001,10.918093197841603,35.417268176388468
0.015228125,10.918266929416127,35.417651521446473
0.0152296875,10.918440697698399,35.418034908242205
0.01523125,10.91861450269368,35.418418336775886
0.015232812500000002,10.918788344407213,35.418801807048233
0.015234375000000001,10.918962222844405,35.41918531905975
0.015235937500000001,10.919136138010488,35.419568872811745
0.015237500000000001,10.919310089910841,35.419952468304366
0.015239062500000001,10.919484078550726,35.420336105538176
0.015240625000000001,10.919658103935435,35.420719784514191
0.015242187500000001,10.919832166070345,35.421103505232793
0.01524375,10.920006264960676,35.421487267694964
0.0152453125,10.920180400611825,35.42187107190108
0.015246875,10.920354573029003,35.422254917852058
0.015248437500000002,10.920528782217652,35.422638805548381
0.015250000000000001,10.920703028182933,35.423022734990802
0.015251562500000001,10.920877310930289,35.423406706180025
0.015253125000000001,10.921051630464884,35.423790719116397
0.015254687500000001,10.921225986792136,35.424174773801006
0.015256250000000001,10.921400379917328,35.424558870234364
0.015257812500000001,10.921574809845808,35.424943008416967
0.015259375,10.92174927658283,35.425327188349655
0.0152609375,10.92192378013374,35.425711410033117
0.0152625,10.922098320503794,35.426095673468062
0.015264062500000002,10.92227289769831,35.426479978655003
0.015265625000000001,10.922447511722668,35.426864325594622
0.015267187500000001,10.922622162582112,35.427248714287678
0.015268750000000001,10.92279685028201,35.427633144734806
0.015270312500000001,10.922971574827645,35.428017616936657
0.015271875000000001,10.923146336224299,35.428402130893964
0.015273437500000001,10.923321134477318,35.428786686607019
0.015275,10.923495969592009,35.429171284077029
0.0152765625,10.923670841573673,35.429555923304441
0.015278125,10.923845750427599,35.42994060428969
0.0152796875,10.924020696159133,35.430325327033778
0.015281250000000001,10.924195678773577,35.430710091537314
0.015282812500000001,10.924370698276295,35.431094897800818
0.015284375000000001,10.924545754672511,35.431479745824888
0.015285937500000001,10.92472084796756,35.431864635610431
0.015287500000000001,10.924895978166775,35.432249567158102
0.015289062500000001,10.92507114527549,35.432634540468378
0.015290625,10.925246349298956,35.433019555541939
0.0152921875,10.925421590242527,35.433404612379519
0.01529375,10.925596868111542,35.43378971098192
0.0152953125,10.925772182911231,35.434174851349539
0.015296875000000001,10.925947534647007,35.434560033483116
0.015298437500000001,10.92612292332408,35.434945257383426
0.015300000000000001,10.926298348947862,35.435330523051036
0.015301562500000001,10.92647381152358,35.435715830486721
0.015303125000000001,10.926649311056641,35.436101179690972
0.015304687500000001,10.92682484755225,35.436486570664584
0.01530625,10.927000421015812,35.436872003408226
0.0153078125,10.927176031452623,35.437257477922302
0.015309375,10.927351678867929,35.437642994207955
0.0153109375,10.927527363267137,35.438028552265344
0.015312500000000001,10.927703084655498,35.438414152095447
0.015314062500000001,10.927878843038357,35.438799793698827
0.015315625000000001,10.928054638420976,35.43918547707613
0.015317187500000001,10.928230470808804,35.439571202228066
0.015318750000000001,10.928406340206983,35.439956969155354
0.015320312500000001,10.928582246621001,35.440342777858547
0.015321875,10.928758190055976,35.440728628338164
0.0153234375,10.928934170517403,35.441114520595377
0.015325,10.929110188010466,35.441500454630209
0.0153265625,10.9292862425406,35.441886430443567
0.015328125000000001,10.92946233411301,35.442272448036263
0.015329687500000001,10.929638462733088,35.442658507408765
0.015331250000000001,10.929814628406143,35.443044608562019
0.015332812500000001,10.929990831137456,35.443430751496251
0.015334375000000001,10.930167070932352,35.443816936212556
0.015335937500000001,10.930343347796164,35.444203162711148
0.0153375,10.930519661734149,35.444589430993204
0.0153390625,10.93069601275177,35.444975741059025
0.015340625,10.930872400854144,35.445362092909413
0.0153421875,10.931048826046714,35.445748486544801
0.015343750000000001,10.931225288334817,35.446134921966006
0.015345312500000001,10.931401787723702,35.446521399173875
0.015346875000000001,10.931578324218689,35.446907918168833
0.015348437500000001,10.931754897825165,35.447294478951505
0.015350000000000001,10.931931508548397,35.447681081522788
0.015351562500000001,10.932108156393648,35.44806772588295
0.015353125,10.932284841366323,35.448454412032994
0.0153546875,10.932461563471726,35.448841139973553
0.01535625,10.93263832271516,35.449227909705172
0.0153578125,10.932815119101946,35.449614721228606
0.015359375000000001,10.932991952637369,35.450001574544295
0.015360937500000001,10.933168823326804,35.450388469653205
0.015362500000000001,10.933345731175503,35.450775406555771
0.015364062500000001,10.933522676188865,35.451162385252708
0.015365625000000001,10.933699658372108,35.451549405744679
0.015367187500000001,10.933876677730655,35.451936468032272
0.01536875,10.934053734269796,35.45232357211642
0.0153703125,10.934230827994835,35.452710717997356
0.015371875,10.934407958911049,35.453097905676096
0.0153734375,10.934585127023784,35.453485135153038
0.015375000000000002,10.934762332338387,35.453872406429035
0.015376562500000001,10.934939574860206,35.454259719504677
0.015378125000000001,10.935116854594456,35.454647074380532
0.015379687500000001,10.935294171546575,35.455034471057516
0.015381250000000001,10.935471525721795,35.455421909535872
0.015382812500000001,10.935648917125484,35.455809389816572
0.015384375,10.935826345762942,35.456196911900257
0.0153859375,10.936003811639459,35.45658447578765
0.0153875,10.936181314760425,35.456972081478867
0.0153890625,10.936358855131123,35.457359728975156
0.015390625000000002,10.936536432756878,35.457747418277052
0.015392187500000001,10.936714047643024,35.458135149384937
0.015393750000000001,10.936891699794815,35.458522922299927
0.015395312500000001,10.937069389217648,35.458910737022151
0.015396875000000001,10.937247115916815,35.459298593552639
0.015398437500000001,10.937424879897678,35.459686491891901
0.0154,10.937602681165473,35.460074432040621
0.0154015625,10.937780519725601,35.460462413999529
0.015403125,10.937958395583356,35.460850437769174
0.0154046875,10.938136308744022,35.461238503350145
0.015406250000000002,10.938314259212968,35.461626610743302
0.015407812500000001,10.938492246995482,35.462014759949199
0.015409375000000001,10.938670272096941,35.462402950968375
0.015410937500000001,10.938848334522602,35.462791183801642
0.015412500000000001,10.939026434277865,35.463179458449687
0.015414062500000001,10.939204571367965,35.463567774912789
0.015415625000000001,10.939382745798301,35.463956133192106
0.0154171875,10.939560957574111,35.464344533287928
0.01541875,10.939739206700784,35.464732975201123
0.0154203125,10.939917493183671,35.465121458932224
0.015421875000000002,10.940095817028002,35.465509984482104
0.015423437500000001,10.940274178239132,35.465898551851076
0.015425000000000001,10.940452576822432,35.466287161039943
0.015426562500000001,10.940631012783211,35.466675812049431
0.015428125000000001,10.940809486126714,35.46706450488
0.015429687500000001,10.94098799685835,35.467453239532453
0.015431250000000001,10.941166544983437,35.467842016007474
0.0154328125,10.941345130507267,35.468230834305544
0.015434375,10.941523753435161,35.46861969442763
0.0154359375,10.941702413772466,35.469008596374202
0.015437500000000002,10.941881111524475,35.469397540145621
0.015439062500000001,10.942059846696591,35.469786525742904
0.015440625000000001,10.94223861929404,35.470175553166868
0.015442187500000001,10.942417429322203,35.470564622417619
0.015443750000000001,10.942596276786409,35.470953733496145
0.015445312500000001,10.942775161691902,35.471342886402773
0.015446875000000001,10.942954084044111,35.471732081138882
0.0154484375,10.943133043848304,35.472121317704456
0.01545,10.94331204110985,35.472510596100335
0.0154515625,10.943491075834004,35.472899916327066
0.015453125000000002,10.943670148026136,35.473289278385465
0.015454687500000001,10.943849257691578,35.473678682276145
0.015456250000000001,10.944028404835663,35.474068127999772
0.015457812500000001,10.944207589463677,35.474457615557043
0.015459375000000001,10.944386811581012,35.474847144948228
0.015460937500000001,10.94456607119289,35.475236716174564
0.015462500000000001,10.944745368304673,35.475626329236242
0.0154640625,10.944924702921753,35.476015984134044
0.015465625,10.945104075049418,35.476405680868808
0.0154671875,10.945283484692991,35.476795419440919
0.015468750000000002,10.945462931857779,35.477185199851185
0.015470312500000001,10.945642416549109,35.477575022100076
0.015471875000000001,10.945821938772339,35.477964886188531
0.015473437500000001,10.946001498532789,35.478354792116818
0.015475000000000001,10.946181095835739,35.478744739886018
0.015476562500000001,10.946360730686614,35.479134729496351
0.015478125000000001,10.946540403090683,35.479524760948706
0.0154796875,10.946720113053216,35.479914834243743
0.01548125,10.94689986057961,35.480304949382095
0.0154828125,10.947079645675165,35.480695106364337
0.015484375,10.947259468345221,35.481085305190987
0.015485937500000001,10.94743932859515,35.481475545863113
0.015487500000000001,10.947619226430229,35.481865828380954
0.015489062500000001,10.947799161855787,35.482256152745315
0.015490625000000001,10.947979134877114,35.482646518956813
0.015492187500000001,10.948159145499622,35.483036927016265
0.015493750000000001,10.948339193728584,35.483427376923956
0.0154953125,10.94851927956935,35.483817868680703
0.015496875,10.948699403027241,35.484208402287237
0.0154984375,10.948879564107539,35.484598977744348
0.0155,10.949059762815688,35.484989595052276
0.015501562500000001,10.949239999156894,35.485380254212004
0.015503125000000001,10.94942027313656,35.485770955223956
0.015504687500000001,10.949600584759953,35.486161698088843
0.015506250000000001,10.949780934032507,35.486552482807461
0.015507812500000001,10.949961320959423,35.486943309380187
0.015509375000000001,10.95014174554613,35.487334177807895
0.0155109375,10.950322207797898,35.487725088091054
0.0155125,10.950502707720116,35.488116040230373
0.0155140625,10.950683245318034,35.488507034226558
0.015515625,10.950863820597048,35.488898070080204
0.015517187500000001,10.951044433562407,35.489289147791986
0.015518750000000001,10.951225084219562,35.489680267362488
0.015520312500000001,10.951405772573795,35.490071428792369
0.015521875000000001,10.951586498630352,35.490462632082362
0.015523437500000001,10.951767262394663,35.490853877232979
0.015525000000000001,10.951948063872001,35.491245164244923
0.0155265625,10.952128903067715,35.491636493118747
0.015528125,10.952309779987171,35.492027863855242
0.0155296875,10.952490694635653,35.492419276455152
0.01553125,10.952671647018526,35.492810730918727
0.015532812500000001,10.952852637141115,35.493202227246947
0.015534375000000001,10.953033665008673,35.49359376544033
0.015535937500000001,10.953214730626611,35.49398534549956
0.015537500000000001,10.953395834000267,35.494376967425261
0.015539062500000001,10.953576975134954,35.494768631217909
0.015540625000000001,10.953758154035949,35.495160336878385
0.0155421875,10.953939370708696,35.495552084407407
0.01554375,10.954120625158458,35.495943873805146
0.0155453125,10.954301917390536,35.496335705072681
0.015546875,10.954483247410291,35.496727578210681
0.015548437500000001,10.95466461522309,35.497119493219451
0.015550000000000001,10.954846020834209,35.497511450099893
0.015551562500000001,10.955027464249053,35.497903448852448
0.015553125000000001,10.955208945472839,35.498295489477812
0.015554687500000001,10.955390464511035,35.498687571976859
0.015556250000000001,10.955572021368864,35.499079696350115
0.0155578125,10.955753616051712,35.499471862597971
0.015559375,10.955935248564877,35.499864070721351
0.0155609375,10.956116918913724,35.500256320720759
0.0155625,10.956298627103575,35.500648612596819
0.015564062500000002,10.956480373139755,35.501040946350216
0.015565625000000001,10.956662157027663,35.501433321981644
0.015567187500000001,10.956843978772508,35.501825739491757
0.015568750000000001,10.957025838379719,35.502218198881067
0.015570312500000001,10.957207735854562,35.502610700150221
0.015571875000000001,10.957389671202428,35.5030032433
0.0155734375,10.957571644428647,35.503395828330902
0.015575,10.957753655538523,35.50378845524363
0.0155765625,10.957935704537393,35.504181124038851
0.015578125,10.958117791430633,35.504573834717057
0.015579687500000002,10.95829991622346,35.504966587279107
0.015581250000000001,10.958482078921328,35.505359381725349
0.015582812500000001,10.958664279529525,35.505752218056799
0.015584375000000001,10.958846518053431,35.506145096273706
0.015585937500000001,10.959028794498328,35.506538016376972
0.015587500000000001,10.95921110886958,35.506930978367009
0.0155890625,10.959393461172439,35.507323982244763
0.015590625,10.959575851412362,35.507717028010767
0.0155921875,10.959758279594595,35.508110115665311
0.01559375,10.959940745724536,35.508503245209447
0.015595312500000002,10.960123249807474,35.508896416643672
0.015596875000000001,10.960305791848745,35.509289629968784
0.015598437500000001,10.960488371853696,35.509682885184965
0.015600000000000001,10.960670989827701,35.510076182293282
0.015601562500000001,10.960853645775986,35.510469521294311
0.015603125000000001,10.961036339704,35.510862902188407
0.015604687500000001,10.961219071616989,35.511256324976543
0.01560625,10.961401841520393,35.511649789659259
0.0156078125,10.961584649419473,35.512043296237216
0.015609375,10.961767495319535,35.512436844710635
0.015610937500000002,10.961950379225955,35.512830435080758
0.015612500000000001,10.962133301144089,35.513224067347814
0.015614062500000001,10.962316261079327,35.513617741512782
0.015615625000000001,10.96249925903685,35.514011457575748
0.015617187500000001,10.962682295022104,35.514405215537877
0.015618750000000001,10.962865369040381,35.514799015399603
0.015620312500000001,10.963048481097083,35.515192857161658
0.015621875,10.963231631197445,35.515586740824546
0.0156234375,10.963414819346839,35.515980666388948
0.015625,10.963598045550643,35.516374633855463
0.0156265625,10.963781309814175,35.516768643224765
0.015628125,10.96396461214276,35.51716269449738
0.015629687499999999,10.964147952541719,35.517556787674195
0.015631249999999999,10.964331331016437,35.51795092275561
0.015632812499999999,10.964514747572192,35.518345099742277
0.015634375000000002,10.964698202214391,35.518739318635127
0.015635937500000002,10.964881694948296,35.519133579434147
0.015637500000000002,10.96506522577932,35.519527882140551
0.015639062500000002,10.96524879471273,35.519922226754893
0.015640625000000002,10.96543240175391,35.520316613277522
0.015642187500000002,10.965616046908146,35.520711041709397
0.015643750000000001,10.96579973018085,35.521105512050774
0.015645312500000001,10.965983451577296,35.521500024302725
0.015646875000000001,10.966167211102825,35.521894578465592
0.015648437500000001,10.966351008762839,35.522289174540028
0.015650000000000001,10.966534844562606,35.522683812526928
0.015651562500000001,10.966718718507504,35.523078492426464
0.015653125,10.966902630602856,35.52347321423948
0.0156546875,10.967086580853977,35.523867977966766
0.01565625,10.967270569266217,35.524262783608833
0.0156578125,10.96745459584497,35.524657631166285
0.015659375,10.967638660595494,35.525052520639647
0.0156609375,10.967822763523186,35.525447452029724
0.015662499999999999,10.96800690463335,35.52584242533726
0.015664062499999999,10.968191083931313,35.526237440562397
0.015665625000000002,10.968375301422459,35.526632497706395
0.015667187500000002,10.968559557112123,35.527027596769322
0.015668750000000002,10.968743851005584,35.527422737752055
0.015670312500000002,10.968928183108233,35.527817920655387
0.015671875000000002,10.969112553425401,35.528213145479562
0.015673437500000002,10.969296961962437,35.528608412225594
0.015675000000000001,10.969481408724652,35.52900372089389
0.015676562500000001,10.969665893717396,35.529399071485152
0.015678125000000001,10.969850416946029,35.529794464000027
0.015679687500000001,10.97003497841588,35.530189898438955
0.015681250000000001,10.970219578132287,35.530585374802619
0.015682812500000001,10.970404216100549,35.530980893092135
0.015684375,10.970588892326044,35.531376453307395
0.0156859375,10.97077360681415,35.531772055449373
0.0156875,10.970958359570114,35.532167699518766
0.0156890625,10.971143150599397,35.532563385516113
0.015690625,10.971327979907194,35.532959113441969
0.0156921875,10.971512847498996,35.53335488329725
0.015693749999999999,10.971697753380004,35.533750695082084
0.015695312499999999,10.9718826975556,35.534146548797558
0.015696874999999999,10.9720676800312,35.534542444444156
0.015698437500000002,10.972252700812087,35.534938382022332
0.015700000000000002,10.972437759903638,35.535334361532733
0.015701562500000002,10.972622857311098,35.535730382976439
0.015703125000000002,10.972807993039908,35.536126446353684
0.015704687500000002,10.972993167095368,35.536522551664973
0.015706250000000001,10.973178379482802,35.536918698911087
0.015707812500000001,10.973363630207553,35.537314888092716
0.015709375000000001,10.973548919275004,35.537711119210392
0.015710937500000001,10.973734246690519,35.538107392264806
0.015712500000000001,10.973919612459312,35.53850370725651
0.015714062500000001,10.974105016586858,35.538900064186315
0.015715625,10.97429045907843,35.53929646305464
0.0157171875,10.974475939939383,35.539692903862068
0.01571875,10.97466145917506,35.540089386609303
0.0157203125,10.974847016790786,35.540485911297232
0.015721875,10.975032612791924,35.54088247792609
0.0157234375,10.975218247183847,35.541279086496623
0.015724999999999999,10.975403919971813,35.541675737009506
0.015726562499999999,10.975589631161254,35.542072429465321
0.015728124999999999,10.975775380757408,35.542469163864652
0.015729687500000002,10.975961168765748,35.54286594020828
0.015731250000000002,10.976146995191494,35.543262758496667
0.015732812500000002,10.976332860040069,35.543659618730473
0.015734375000000002,10.976518763316745,35.544056520910324
0.015735937500000002,10.976704705026938,35.544453465036881
0.015737500000000001,10.976890685175988,35.544850451110705
0.015739062500000001,10.977076703769136,35.545247479132478
0.015740625000000001,10.977262760811827,35.545644549102853
0.015742187500000001,10.977448856309364,35.546041661022265
0.015743750000000001,10.977634990267154,35.546438814891573
0.015745312500000001,10.977821162690418,35.546836010711118
0.015746875,10.978007373584596,35.547233248481945
0.0157484375,10.978193622955002,35.547630528204081
0.01575,10.978379910806993,35.548027849878707
0.0157515625,10.978566237145854,35.548425213506221
0.015753125,10.978752601976963,35.548822619087169
0.0157546875,10.978939005305682,35.549220066622247
0.015756249999999999,10.979125447137362,35.549617556112125
0.015757812499999999,10.979311927477315,35.550015087557249
0.015759374999999999,10.979498446330924,35.550412660958393
0.015760937500000002,10.979685003703452,35.550810276316135
0.015762500000000002,10.979871599600312,35.551207933631204
0.015764062500000002,10.980058234026872,35.551605632904042
0.015765625000000002,10.980244906988373,35.552003374135289
0.015767187500000002,10.980431618490265,35.552401157325633
0.015768750000000002,10.980618368537826,35.552798982475629
0.015770312500000001,10.980805157136432,35.553196849585945
0.015771875000000001,10.980991984291439,35.553594758657198
0.015773437500000001,10.981178850008149,35.553992709690007
0.015775000000000001,10.981365754291881,35.554390702685239
0.015776562500000001,10.981552697148112,35.554788737642866
0.015778125,10.981739678581967,35.555186814564046
0.0157796875,10.981926698599045,35.555584933449119
0.01578125,10.982113757204509,35.555983094298881
0.0157828125,10.9823008544038,35.556381297113973
0.015784375,10.982487990202179,35.556779541894905
0.0157859375,10.982675164605075,35.557177828642274
0.015787499999999999,10.982862377617796,35.557576157356742
0.015789062499999999,10.983049629245663,35.55797452803899
0.015790624999999999,10.983236919494042,35.558372940689409
0.015792187500000002,10.983424248368257,35.558771395308959
0.015793750000000002,10.983611615873723,35.559169891897994
0.015795312500000002,10.98379902201567,35.559568430457198
0.015796875000000002,10.983986466799593,35.559967010987108
0.015798437500000002,10.984173950230694,35.560365633488644
0.015800000000000002,10.984361472314403,35.560764297962088
0.015801562500000001,10.98454903305602,35.561163004408094
0.015803125000000001,10.984736632460912,35.561561752827274
0.015804687500000001,10.984924270534457,35.561960543220479
0.015806250000000001,10.985111947281936,35.562359375588144
0.015807812500000001,10.98529966270876,35.562758249930894
0.015809375000000001,10.985487416820193,35.563157166249177
0.0158109375,10.985675209621657,35.563556124544007
0.0158125,10.985863041118462,35.563955124815671
0.0158140625,10.986050911315974,35.564354167064934
0.015815625,10.986238820219508,35.564753251292395
0.0158171875,10.986426767834429,35.56515237749835
0.015818749999999999,10.986614754166121,35.565551545683967
0.015820312499999999,10.986802779219879,35.565950755849443
0.015821874999999999,10.986990843001017,35.566350007995695
0.015823437500000002,10.987178945514954,35.566749302122886
0.015825000000000002,10.987367086767009,35.567148638232148
0.015826562500000002,10.987555266762538,35.567548016323741
0.015828125000000002,10.987743485506861,35.567947436398306
0.015829687500000002,10.987931743005307,35.568346898456724
0.015831250000000002,10.988120039263331,35.568746402499265
0.015832812500000001,10.988308374286163,35.569145948526796
0.015834375000000001,10.988496748079207,35.569545536539835
0.015835937500000001,10.988685160647773,35.569945166539
0.015837500000000001,10.988873611997215,35.570344838524861
0.015839062500000001,10.98906210213292,35.570744552497914
0.015840625000000001,10.989250631060232,35.571144308459182
0.0158421875,10.989439198784471,35.57154410640873
0.01584375,10.989627805310953,35.571943946347595
0.0158453125,10.98981645064509,35.572343828276054
0.015846875,10.990005134792211,35.572743752195187
0.0158484375,10.990193857757637,35.573143718104973
0.01585,10.990382619546731,35.573543726006605
0.015851562499999999,10.99057142016485,35.573943775900425
0.015853124999999999,10.990760259617305,35.574343867786901
0.015854687500000002,10.990949137909519,35.574744001666978
0.015856250000000002,10.991138055046763,35.575144177541063
0.015857812500000002,10.991327011034414,35.575544395409636
0.015859375000000002,10.991516005877859,35.575944655273595
0.015860937500000002,10.991705039582397,35.576344957133458
0.015862500000000002,10.991894112153327,35.576745300989678
0.015864062500000001,10.992083223596119,35.577145686843032
0.015865625000000001,10.992272373916014,35.577546114694186
0.015867187500000001,10.992461563118402,35.577946584543398
0.015868750000000001,10.992650791208689,35.578347096391759
0.015870312500000001,10.992840058192114,35.578747650239393
0.015871875000000001,10.993029364074077,35.579148246087236
0.0158734375,10.99321870885994,35.579548883935786
0.015875,10.99340809255507,35.579949563785583
0.0158765625,10.99359751516478,35.580350285637422
0.015878125,10.993786976694373,35.580751049491603
0.0158796875,10.993976477149328,35.581151855349106
0.01588125,10.994166016534802,35.581552703210505
0.015882812499999999,10.994355594856348,35.581953593076108
0.015884374999999999,10.994545212119171,35.582354524946552
0.015885937500000002,10.994734868328738,35.582755498822728
0.015887500000000002,10.994924563490247,35.58315651470501
0.015889062500000002,10.995114297609229,35.583557572594081
0.015890625000000002,10.995304070690834,35.583958672490517
0.015892187500000002,10.995493882740577,35.584359814394873
0.015893750000000002,10.99568373376372,35.584760998307821
0.015895312500000001,10.995873623765664,35.58516222422999
0.015896875000000001,10.996063552751664,35.585563492162002
0.015898437500000001,10.996253520727198,35.585964802104421
0.015900000000000001,10.996443527697506,35.586366154057949
0.015901562500000001,10.996633573668005,35.586767548022863
0.015903125000000001,10.996823658644027,35.587168984000151
0.0159046875,10.997013782630905,35.587570461990033
0.01590625,10.997203945634046,35.587971981993476
0.0159078125,10.997394147658719,35.588373544010949
0.015909375,10.997584388710296,35.588775148043105
0.0159109375,10.997774668794158,35.589176794090399
0.0159125,10.997964987915644,35.589578482153428
0.015914062499999999,10.998155346080122,35.589980212233066
0.015915624999999999,10.998345743292827,35.590381984329696
0.015917187499999999,10.998536179559265,35.590783798443887
0.015918750000000002,10.998726654884754,35.5911856545764
0.015920312500000002,10.998917169274543,35.591587552727582
0.015921875000000002,10.999107722734058,35.591989492898271
0.015923437500000002,10.999298315268675,35.592391475089066
0.015925000000000002,10.999488946883689,35.592793499300456
0.015926562500000001,10.999679617584484,35.593195565533144
0.015928125000000001,10.999870327376378,35.593597673787528
0.015929687500000001,11.000061076264751,35.593999824064639
0.015931250000000001,11.000251864254945,35.594402016364526
0.015932812500000001,11.00044269135231,35.594804250688071
0.015934375000000001,11.000633557562189,35.595206527035934
0.0159359375,11.000824462889957,35.59560884540862
0.0159375,11.001015407340947,35.596011205806697
0.0159390625,11.001206390920515,35.596413608230883
0.015940625,11.001397413633992,35.596816052681611
0.0159421875,11.001588475486722,35.597218539159684
0.01594375,11.001779576484102,35.597621067665528
0.015945312499999999,11.001970716631478,35.598023638199635
0.015946874999999999,11.002161895934156,35.598426250763076
0.015948437499999999,11.002353114397501,35.598828905356022
0.015950000000000002,11.00254437202689,35.599231601979128
0.015951562500000002,11.002735668827667,35.59963434063306
0.015953125000000002,11.002927004805185,35.600037121318778
0.015954687500000002,11.003118379964739,35.600439944035969
0.015956250000000002,11.003309794311789,35.600842808785806
0.015957812500000002,11.003501247851604,35.601245715569121
0.015959375000000001,11.00369274058956,35.601648664386239
0.015960937500000001,11.003884272531019,35.602051655237737
0.015962500000000001,11.004075843681282,35.602454688124205
0.015964062500000001,11.004267454045751,35.60285776304621
0.015965625000000001,11.00445910362976,35.603260880004527
0.0159671875,11.004650792438694,35.603664038999483
0.01596875,11.004842520477892,35.604067240031966
0.0159703125,11.005034287752597,35.604470483102432
0.015971875,11.005226094268343,35.604873768211455
0.0159734375,11.005417940030338,35.605277095359639
0.015975,11.005609825044003,35.605680464547596
0.015976562499999999,11.005801749314715,35.606083875775887
0.015978124999999999,11.005993712847758,35.606487329045045
0.015979687499999999,11.006185715648524,35.606890824355837
0.015981250000000002,11.00637775772233,35.607294361708696
0.015982812500000002,11.006569839074547,35.607697941104426
0.015984375000000002,11.006761959710532,35.608101562543538
0.015985937500000002,11.006954119635674,35.608505226026359
0.015987500000000002,11.007146318855268,35.608908931553884
0.015989062500000002,11.007338557374691,35.609312679126411
0.015990625000000001,11.007530835199278,35.609716468744672
0.015992187500000001,11.007723152334433,35.610120300409264
0.015993750000000001,11.007915508785409,35.610524174120698
0.015995312500000001,11.008107904557653,35.610928089879756
0.015996875000000001,11.008300339656502,35.611332047686673
0.015998437500000001,11.00849281408729,35.611736047542394
0.016,11.008685327855339,35.612140089447458
0.0160015625,11.008877880966068,35.612544173402185
0.016003125,11.009070473424767,35.612948299407442
0.0160046875,11.009263105236858,35.613352467463663
0.01600625,11.009455776407624,35.613756677571693
0.016007812499999999,11.009648486942426,35.614160929731838
0.016009374999999999,11.00984123684669,35.614565223944815
0.016010937499999999,11.010034026125691,35.614969560211321
0.016012500000000002,11.01022685478482,35.615373938531427
0.016014062500000002,11.010419722829347,35.615778358906532
0.016015625000000002,11.010612630264777,35.61618282133653
0.016017187500000002,11.010805577096397,35.616587325822373
0.016018750000000002,11.010998563329533,35.616991872364665
0.016020312500000002,11.011191588969485,35.617396460963768
0.016021875000000001,11.011384654021771,35.617801091620443
0.016023437500000001,11.011577758491587,35.618205764335308
0.016025000000000001,11.011770902384345,35.61861047910876
0.016026562500000001,11.011964085705429,35.61901523594171
0.016028125000000001,11.012157308460123,35.619420034834384
0.016029687500000001,11.01235057065383,35.619824875787494
0.01603125,11.012543872291918,35.620229758801706
0.0160328125,11.012737213379699,35.620634683877661
0.016034375,11.012930593922542,35.621039651015607
0.0160359375,11.013124013925815,35.621444660216646
0.0160375,11.013317473394865,35.621849711481033
0.0160390625,11.013510972335059,35.622254804809337
0.016040624999999999,11.013704510751696,35.622659940202347
0.016042187499999999,11.013898088650157,35.623065117660509
0.016043750000000002,11.014091706035826,35.623470337184308
0.016045312500000002,11.014285362914075,35.623875598774532
0.016046875000000002,11.014479059290178,35.62428090243165
0.016048437500000002,11.014672795169522,35.624686248156479
0.016050000000000002,11.01486657055751,35.625091635949332
0.016051562500000002,11.015060385459417,35.625497065810755
0.016053125000000001,11.015254239880655,35.625902537741574
0.016054687500000001,11.015448133826533,35.626308051742164
0.016056250000000001,11.015642067302446,35.626713607813343
0.016057812500000001,11.015836040313717,35.627119205955474
0.016059375000000001,11.016030052865769,35.627524846169138
0.016060937500000001,11.016224104963889,35.627930528455039
0.0160625,11.016418196613442,35.628336252813945
0.0160640625,11.016612327819775,35.628742019246026
0.016065625,11.01680649858827,35.629147827752099
0.0160671875,11.017000708924217,35.629553678332755
0.01606875,11.017194958833073,35.629959570988369
0.0160703125,11.017389248320111,35.630365505719872
0.016071874999999999,11.017583577390758,35.630771482527699
0.016073437499999999,11.01777794605027,35.631177501412317
0.016075000000000002,11.01797235430414,35.631583562374452
0.016076562500000002,11.018166802157603,35.631989665414459
0.016078125000000002,11.018361289615992,35.632395810533204
0.016079687500000002,11.01855581668474,35.632801997731221
0.016081250000000002,11.018750383369195,35.633208227009042
0.016082812500000002,11.018944989674742,35.633614498367201
0.016084375000000001,11.019139635606653,35.634020811806153
0.016085937500000001,11.019334321170296,35.634427167326798
0.016087500000000001,11.019529046371105,35.634833564929551
0.016089062500000001,11.019723811214348,35.635240004614936
0.016090625000000001,11.019918615705468,35.635646486383678
0.016092187500000001,11.020113459849698,35.636053010236274
0.01609375,11.020308343652468,35.636459576173245
0.0160953125,11.02050326711916,35.636866184195192
0.016096875,11.020698230255109,35.637272834302919
0.0160984375,11.020893233065646,35.637679526496676
0.0161,11.021088275556105,35.638086260777214
0.0161015625,11.021283357731905,35.638493037145153
0.016103124999999999,11.021478479598381,35.638899855601046
0.016104687499999999,11.021673641160895,35.639306716145505
0.016106249999999999,11.02186884242472,35.639713618778821
0.016107812500000002,11.022064083395311,35.640120563501867
0.016109375000000002,11.022259364078034,35.640527550315163
0.016110937500000002,11.022454684478143,35.640934579219326
0.016112500000000002,11.022650044601054,35.641341650214848
0.016114062500000002,11.022845444452173,35.641748763302189
0.016115625000000001,11.023040884036686,35.642155918482274
0.016117187500000001,11.023236363360144,35.642563115755564
0.016118750000000001,11.023431882427817,35.642970355122301
0.016120312500000001,11.023627441245072,35.643377636583601
0.016121875000000001,11.023823039817255,35.643784960139563
0.016123437500000001,11.02401867814971,35.644192325790868
0.016125,11.024214356247796,35.644599733538243
0.0161265625,11.024410074116915,35.64500718338234
0.016128125,11.024605831762381,35.645414675323472
0.0161296875,11.024801629189533,35.645822209362414
0.01613125,11.024997466403844,35.646229785499791
0.0161328125,11.025193343410463,35.646637403735944
0.016134374999999999,11.025389260214936,35.647045064071413
0.016135937499999999,11.025585216822508,35.64745276650708
0.016137499999999999,11.025781213238577,35.647860511043397
0.016139062500000002,11.025977249468495,35.648268297680723
0.016140625000000002,11.02617332551762,35.648676126419957
0.016142187500000002,11.026369441391322,35.649083997261698
0.016143750000000002,11.026565597094905,35.649491910206166
0.016145312500000002,11.026761792633772,35.649899865254191
0.016146875000000002,11.026958028013279,35.650307862406194
0.016148437500000001,11.027154303238742,35.650715901662863
0.016150000000000001,11.027350618315612,35.65112398302481
0.016151562500000001,11.027546973249102,35.651532106492404
0.016153125000000001,11.027743368044685,35.651940272066611
0.016154687500000001,11.027939802707733,35.65234847974763
0.01615625,11.02813627724346,35.652756729536215
0.0161578125,11.028332791657341,35.653165021432748
0.016159375,11.028529345954663,35.6535733554378
0.0161609375,11.02872594014087,35.65398173155252
0.0161625,11.028922574221287,35.654390149776653
0.0161640625,11.029119248201212,35.6547986101113
0.016165624999999999,11.029315962086015,35.655207112556916
0.016167187499999999,11.029512715881179,35.655615657113977
0.016168749999999999,11.029709509591877,35.656024243783044
0.016170312500000002,11.029906343223583,35.65643287256497
0.016171875000000002,11.030103216781601,35.656841543459954
0.016173437500000002,11.03030013027135,35.65725025646887
0.016175000000000002,11.030497083698084,35.657659011592095
0.016176562500000002,11.030694077067281,35.658067808830182
0.016178125000000002,11.030891110384202,35.658476648183964
0.016179687500000001,11.031088183654237,35.658885529653539
0.016181250000000001,11.031285296882743,35.659294453239909
0.016182812500000001,11.031482450075114,35.659703418943373
0.016184375000000001,11.031679643236611,35.660112426764933
0.016185937500000001,11.031876876372689,35.660521476704687
0.0161875,11.032074149488666,35.660930568763256
0.0161890625,11.032271462589936,35.661339702941525
0.016190625,11.03246881568178,35.661748879239646
0.0161921875,11.032666208769585,35.662158097658526
0.01619375,11.032863641858722,35.662567358198508
0.0161953125,11.033061114954535,35.662976660860288
0.016196874999999999,11.033258628062432,35.663386005644426
0.016198437499999999,11.033456181187704,35.663795392551407
0.016199999999999999,11.033653774335745,35.664204821582054
0.016201562500000002,11.033851407511897,35.664614292736594
0.016203125000000002,11.034049080721537,35.665023806015839
0.016204687500000002,11.03424679396996,35.665433361420057
0.016206250000000002,11.034444547262595,35.665842958950172
0.016207812500000002,11.034642340604789,35.666252598606427
0.016209375000000002,11.034840174001856,35.666662280389723
0.016210937500000001,11.035038047459185,35.667072004300408
0.016212500000000001,11.035235960982135,35.667481770339073
0.016214062500000001,11.035433914576046,35.667891578506158
0.016215625000000001,11.035631908246314,35.668301428802629
0.016217187500000001,11.035829941998237,35.668711321228642
0.016218750000000001,11.036028015837227,35.66912125578493
0.0162203125,11.036226129768623,35.669531232472174
0.016221875,11.036424283797729,35.669941251290624
0.0162234375,11.036622477929996,35.670351312241124
0.016225,11.036820712170725,35.670761415324144
0.0162265625,11.037018986525295,35.671171560540309
0.016228124999999999,11.037217300999037,35.671581747889888
0.016229687499999999,11.037415655597325,35.671991977373921
0.016231249999999999,11.037614050325521,35.672402248992547
0.016232812500000002,11.037812485189002,35.672812562746635
0.016234375000000002,11.038010960193095,35.673222918636377
0.016235937500000002,11.038209475343084,35.673633316662851
0.016237500000000002,11.038408030644478,35.674043756826308
0.016239062500000002,11.038606626102574,35.674454239127328
0.016240625000000002,11.038805261722676,35.674864763566475
0.016242187500000001,11.039003937510225,35.675275330144338
0.016243750000000001,11.039202653470527,35.675685938861491
0.016245312500000001,11.039401409608958,35.67609658971832
0.016246875000000001,11.039600205930855,35.676507282715797
0.016248437500000001,11.039799042441576,35.676918017854078
0.016250000000000001,11.039997919146472,35.677328795133946
0.0162515625,11.040196836051022,35.67773961455589
0.016253125,11.040395793160391,35.678150476120379
0.0162546875,11.04059479048005,35.678561379828011
0.01625625,11.040793828015323,35.678972325679574
0.0162578125,11.040992905771569,35.679383313675359
0.016259375,11.041192023754242,35.679794343815985
0.016260937499999999,11.041391181968509,35.680205416102254
0.016262499999999999,11.041590380419887,35.68061653053428
0.016264062500000002,11.041789619113676,35.681027687112852
0.016265625000000002,11.041988898055232,35.681438885838752
0.016267187500000002,11.042188217249921,35.681850126712028
0.016268750000000002,11.042387576703137,35.682261409733819
0.016270312500000002,11.0425869764202,35.682672734904308
0.016271875000000002,11.042786416406388,35.683084102224115
0.016273437500000001,11.042985896667176,35.683495511693799
0.016275000000000001,11.043185417207912,35.683906963314065
0.016276562500000001,11.043384978033933,35.684318457085247
0.016278125000000001,11.043584579150551,35.68472999300797
0.016279687500000001,11.043784220563202,35.685141571082845
0.016281250000000001,11.043983902277187,35.685553191310547
0.0162828125,11.044183624297865,35.685964853691452
0.016284375,11.044383386630646,35.686376558226037
0.0162859375,11.044583189280861,35.686788304914927
0.0162875,11.044783032253843,35.68720009375884
0.0162890625,11.04498291555495,35.687611924758428
0.016290625,11.045182839189584,35.688023797913807
0.016292187499999999,11.045382803163077,35.688435713225708
0.016293749999999999,11.045582807480805,35.688847670694948
0.016295312500000003,11.045782852148049,35.689259670321718
0.016296875000000002,11.045982937170288,35.689671712106836
0.016298437500000002,11.046183062552823,35.690083796050629
0.016300000000000002,11.046383228300988,35.690495922153929
0.016301562500000002,11.04658343442016,35.690908090417189
0.016303125000000002,11.0467836809157,35.691320300840722
0.016304687500000001,11.046983967792944,35.691732553425346
0.016306250000000001,11.047184295057312,35.692144848171516
0.016307812500000001,11.047384662714107,35.69255718507987
0.016309375000000001,11.04758507076869,35.692969564150765
0.016310937500000001,11.047785519226466,35.693381985384917
0.016312500000000001,11.047986008092716,35.69379444878296
0.0163140625,11.048186537372887,35.694206954345276
0.016315625,11.048387107072276,35.694619502072456
0.0163171875,11.048587717196252,35.695032091965103
0.01631875,11.048788367750111,35.69544472402383
0.0163203125,11.048989058739359,35.695857398248904
0.016321875,11.049189790169251,35.696270114641273
0.016323437499999999,11.049390562045152,35.696682873201198
0.016324999999999999,11.049591374372506,35.697095673929056
0.016326562499999999,11.049792227156534,35.697508516826005
0.016328125000000002,11.049993120402636,35.697921401892167
0.016329687500000002,11.050194054116274,35.698334329127967
0.016331250000000002,11.050395028302711,35.698747298534542
0.016332812500000002,11.050596042967307,35.699160310111679
0.016334375000000002,11.050797098115426,35.699573363860502
0.016335937500000001,11.050998193752429,35.699986459781435
0.016337500000000001,11.051199329883705,35.700399597874842
0.016339062500000001,11.051400506514595,35.70081277814144
0.016340625000000001,11.051601723650435,35.701226000581677
0.016342187500000001,11.051802981296607,35.701639265196221
0.016343750000000001,11.052004279458457,35.702052571985398
0.0163453125,11.052205618141352,35.702465920950083
0.016346875,11.052406997350641,35.702879312090488
0.0163484375,11.052608417091738,35.703292745407509
0.01635,11.052809877369908,35.703706220901324
0.0163515625,11.053011378190496,35.704119738572786
0.016353125,11.053212919559005,35.704533298422369
0.016354687499999999,11.053414501480702,35.704946900450558
0.016356249999999999,11.053616123960932,35.705360544657516
0.016357812499999999,11.053817787005077,35.705774231044735
0.016359375000000002,11.054019490618508,35.706187959611903
0.016360937500000002,11.05422123480656,35.70660173036007
0.016362500000000002,11.054423019574573,35.707015543289437
0.016364062500000002,11.054624844927909,35.707429398400727
0.016365625000000002,11.054826710871986,35.707843295694673
0.016367187500000002,11.05502861741218,35.708257235171288
0.016368750000000001,11.055230564553716,35.708671216831554
0.016370312500000001,11.055432552302038,35.709085240676039
0.016371875000000001,11.055634580662497,35.709499306704807
0.016373437500000001,11.055836649640485,35.709913414919036
0.016375000000000001,11.056038759241293,35.710327565318941
0.0163765625,11.056240909470315,35.710741757904955
0.016378125,11.056443100332913,35.711155992677774
0.0163796875,11.056645331834428,35.711570269638166
0.01638125,11.056847603980271,35.711984588786223
0.0163828125,11.057049916775732,35.712398950122861
0.016384375,11.057252270226225,35.712813353648436
0.016385937499999999,11.057454664337083,35.713227799363388
0.016387499999999999,11.057657099113671,35.713642287268534
0.016389062499999999,11.057859574561304,35.714056817364039
0.016390625000000002,11.058062090685363,35.714471389650932
0.016392187500000002,11.058264647491244,35.714886004129561
0.016393750000000002,11.058467244984294,35.715300660800246
0.016395312500000002,11.058669883169888,35.715715359663811
0.016396875000000002,11.058872562053295,35.716130100720541
0.016398437500000002,11.059075281639968,35.716544883971196
0.016400000000000001,11.059278041935205,35.716959709416386
0.016401562500000001,11.059480842944414,35.717374577056184
0.016403125000000001,11.059683684672931,35.717789486891647
0.016404687500000001,11.059886567126098,35.718204438923124
0.016406250000000001,11.060089490309311,35.718619433151204
0.016407812500000001,11.060292454227895,35.719034469576243
0.016409375,11.060495458887244,35.719449548198924
0.0164109375,11.060698504292688,35.719864669019891
0.0164125,11.060901590449545,35.720279832039431
0.0164140625,11.0611047173633,35.720695037258359
0.016415625,11.061307885039168,35.721110284676996
0.016417187499999999,11.061511093482602,35.721525574295889
0.016418749999999999,11.061714342698908,35.721940906115634
0.016420312499999999,11.061917632693476,35.722356280136864
0.016421875000000002,11.062120963471694,35.722771696359935
0.016423437500000002,11.062324335038804,35.723187154785528
0.016425000000000002,11.062527747400278,35.723602655414098
0.016426562500000002,11.062731200561444,35.724018198246341
0.016428125000000002,11.062934694527643,35.72443378328262
0.016429687500000002,11.063138229304252,35.724849410523348
0.016431250000000001,11.063341804896648,35.725265079969425
0.016432812500000001,11.063545421310129,35.725680791621009
0.016434375000000001,11.063749078550101,35.726096545478967
0.016435937500000001,11.063952776621926,35.726512341543675
0.016437500000000001,11.064156515530934,35.726928179815651
0.016439062500000001,11.064360295282492,35.727344060295394
0.016440625,11.064564115881947,35.727759982983542
0.0164421875,11.064767977334714,35.728175947880629
0.01644375,11.064971879646071,35.728591954987131
0.0164453125,11.065175822821429,35.729008004303644
0.016446875,11.06537980686613,35.72942409583063
0.0164484375,11.065583831785549,35.729840229568772
0.016449999999999999,11.065787897585039,35.730256405518283
0.016451562499999999,11.06599200426988,35.730672623680078
0.016453125000000002,11.06619615184561,35.731088884054373
0.016454687500000002,11.06640034031739,35.731505186641954
0.016456250000000002,11.066604569690735,35.73192153144317
0.016457812500000002,11.066808839970921,35.73233791845864
0.016459375000000002,11.067013151163311,35.732754347688747
0.016460937500000002,11.067217503273246,35.733170819134372
0.016462500000000001,11.067421896306135,35.733587332795807
0.016464062500000001,11.06762633026729,35.734003888673598
0.016465625000000001,11.067830805162153,35.734420486768222
0.016467187500000001,11.068035320995964,35.734837127080198
0.016468750000000001,11.068239877774174,35.73525380961032
0.016470312500000001,11.068444475502066,35.735670534358952
0.016471875,11.068649114185073,35.736087301326371
0.0164734375,11.068853793828515,35.736504110513614
0.016475,11.069058514437739,35.736920961920767
0.0164765625,11.069263276018152,35.737337855548809
0.016478125,11.06946807857506,35.737754791397549
0.0164796875,11.069672922113828,35.738171769468202
0.016481249999999999,11.069877806639864,35.738588789760989
0.016482812499999999,11.070082732158514,35.739005852276634
0.016484375000000002,11.070287698675047,35.739422957015485
0.016485937500000002,11.070492706194898,35.739840103978111
0.016487500000000002,11.070697754723406,35.740257293164973
0.016489062500000002,11.070902844265989,35.740674524576775
0.016490625000000002,11.071107974827912,35.741091798213915
0.016492187500000002,11.071313146414573,35.741509114076955
0.016493750000000001,11.071518359031344,35.74192647216654
0.016495312500000001,11.071723612683575,35.742343872483026
0.016496875000000001,11.071928907376622,35.742761315026883
0.016498437500000001,11.072134243115809,35.74317879979894
0.016500000000000001,11.072339619906581,35.743596326799349
0.016501562500000001,11.072545037754214,35.744013896028932
0.016503125,11.072750496664026,35.744431507488109
0.0165046875,11.072955996641564,35.744849161177221
0.01650625,11.073161537692021,35.745266857097199
0.0165078125,11.073367119820778,35.745684595248427
0.016509375,11.073572743033255,35.746102375631096
0.0165109375,11.07377840733473,35.746520198246081
0.016512499999999999,11.073984112730596,35.746938063093843
0.016514062499999999,11.074189859226264,35.747355970174773
0.016515625000000003,11.074395646826995,35.747773919489639
0.016517187500000002,11.074601475538199,35.748191911038759
0.016518750000000002,11.074807345365267,35.748609944822618
0.016520312500000002,11.075013256313468,35.749028020842026
0.016521875000000002,11.07521920838823,35.749446139097138
0.016523437500000002,11.075425201594928,35.74986429958868
0.016525000000000001,11.075631235938847,35.750282502317248
0.016526562500000001,11.075837311425422,35.750700747283318
0.016528125000000001,11.076043428059936,35.751119034487289
0.016529687500000001,11.076249585847838,35.751537363929721
0.016531250000000001,11.076455784794407,35.751955735611411
0.016532812500000001,11.076662024905003,35.752374149532521
0.016534375,11.076868306184988,35.752792605693529
0.0165359375,11.077074628639812,35.753211104095172
0.0165375,11.077280992274707,35.753629644738041
0.0165390625,11.077487397095092,35.754048227622519
0.016540625,11.077693843106324,35.754466852749182
0.0165421875,11.077900330313756,35.754885520118435
0.016543749999999999,11.078106858722743,35.755304229730868
0.016545312499999999,11.078313428338639,35.75572298158697
0.016546874999999999,11.078520039166778,35.756141775687624
0.016548437500000002,11.07872669121255,35.756560612032708
0.016550000000000002,11.078933384481337,35.756979490623124
0.016551562500000002,11.079140118978469,35.757398411459505
0.016553125000000002,11.079346894709262,35.757817374541993
0.016554687500000002,11.07955371167917,35.75823637987147
0.016556250000000002,11.079760569893448,35.758655427448069
0.016557812500000001,11.079967469357493,35.759074517272666
0.016559375000000001,11.080174410076717,35.759493649345821
0.016560937500000001,11.080381392056422,35.759912823667705
0.016562500000000001,11.080588415301982,35.760332040239007
0.016564062500000001,11.080795479818672,35.76075129906026
0.016565625,11.081002585612056,35.761170600131862
0.0165671875,11.081209732687272,35.761589943454723
0.01656875,11.081416921049751,35.762009329028899
0.0165703125,11.081624150704867,35.762428756855016
0.016571875,11.08183142165802,35.762848226933862
0.0165734375,11.082038733914558,35.763267739265672
0.016574999999999999,11.082246087479719,35.763687293850801
0.016576562499999999,11.082453482358979,35.764106890690265
0.016578124999999999,11.082660918557693,35.764526529784227
0.016579687500000002,11.082868396081135,35.764946211133335
0.016581250000000002,11.083075914934726,35.765365934738014
0.016582812500000002,11.083283475123817,35.765785700598748
0.016584375000000002,11.083491076653765,35.766205508716403
0.016585937500000002,11.083698719529936,35.766625359090931
0.016587500000000002,11.083906403757631,35.767045251723239
0.016589062500000001,11.084114129342291,35.767465186613919
0.016590625000000001,11.084321896289232,35.76788516376304
0.016592187500000001,11.084529704603771,35.76830518317135
0.016593750000000001,11.084737554291328,35.768725244839452
0.016595312500000001,11.084945445357244,35.769145348767815
0.016596875000000001,11.085153377806858,35.769565494957156
0.0165984375,11.08536135164556,35.769985683407427
0.0166,11.085569366878687,35.770405914119571
0.0166015625,11.085777423511537,35.770826187094208
0.016603125,11.085985521549588,35.771246502331273
0.0166046875,11.08619366099815,35.771666859831889
0.016606249999999999,11.086401841862489,35.772087259596169
0.016607812499999999,11.086610064148079,35.772507701625102
0.016609374999999999,11.086818327860257,35.772928185918424
0.016610937500000002,11.087026633004326,35.773348712477549
0.016612500000000002,11.087234979585679,35.773769281302442
0.016614062500000002,11.087443367609685,35.774189892393565
0.016615625000000002,11.087651797081659,35.774610545751671
0.016617187500000002,11.087860268007031,35.775031241377093
0.016618750000000002,11.088068780391099,35.775451979270578
0.016620312500000001,11.088277334239233,35.775872759432239
0.016621875000000001,11.088485929556754,35.776293581863165
0.016623437500000001,11.088694566349085,35.776714446563368
0.016625000000000001,11.08890324462153,35.777135353533552
0.016626562500000001,11.089111964379471,35.777556302773924
0.016628125000000001,11.089320725628253,35.777977294285279
0.0166296875,11.089529528373289,35.77839832806832
0.01663125,11.089738372619795,35.778819404123404
0.0166328125,11.089947258373309,35.779240522450792
0.016634375,11.09015618563904,35.779661683051394
0.0166359375,11.09036515442245,35.780082885925083
0.0166375,11.090574164728821,35.780504131073101
0.016639062499999999,11.090783216563539,35.780925418495578
0.016640624999999999,11.090992309931947,35.781346748193002
0.016642187500000002,11.091201444839404,35.781768120165971
0.016643750000000002,11.091410621291324,35.782189534414989
0.016645312500000002,11.091619839292953,35.782610990940491
0.016646875000000002,11.091829098849766,35.783032489743064
0.016648437500000002,11.092038399967047,35.783454030823123
0.016650000000000002,11.092247742650132,35.783875614181284
0.016651562500000001,11.092457126904451,35.784297239818123
0.016653125000000001,11.092666552735313,35.784718907733676
0.016654687500000001,11.092876020148088,35.785140617929017
0.016656250000000001,11.093085529148071,35.785562370404527
0.016657812500000001,11.093295079740743,35.785984165160436
0.016659375000000001,11.093504671931374,35.786406002197459
0.0166609375,11.093714305725328,35.786827881515968
0.0166625,11.093923981128002,35.787249803116758
0.0166640625,11.094133698144688,35.787671766999971
0.016665625,11.094343456780784,35.788093773166274
0.0166671875,11.094553257041591,35.788515821616059
0.01666875,11.094763098932608,35.788937912350129
0.016670312499999999,11.094972982459007,35.789360045368802
0.016671874999999999,11.095182907626267,35.789782220672464
0.016673437500000002,11.095392874439741,35.790204438261902
0.016675000000000002,11.095602882904718,35.790626698137189
0.016676562500000002,11.095812933026574,35.79104900029909
0.016678125000000002,11.0960230248107,35.791471344748103
0.016679687500000002,11.096233158262415,35.791893731484898
0.016681250000000002,11.096443333387098,35.792316160509756
0.016682812500000001,11.096653550190084,35.792738631822935
0.016684375000000001,11.096863808676767,35.793161145425493
0.016685937500000001,11.097074108852466,35.793583701317452
0.016687500000000001,11.097284450722563,35.794006299499586
0.016689062500000001,11.09749483429235,35.79442893997232
0.016690625000000001,11.097705259567292,35.794851622736175
0.0166921875,11.097915726552639,35.79527434779142
0.01669375,11.098126235253799,35.795697115139106
0.0166953125,11.098336785676127,35.796119924779127
0.016696875,11.098547377824996,35.79654277671218
0.0166984375,11.098758011705703,35.796965670939038
0.0167,11.098968687323644,35.797388607459958
0.016701562499999999,11.099179404684174,35.797811586275252
0.016703124999999999,11.099390163792586,35.798234607385815
0.016704687500000003,11.099600964654361,35.798657670791876
0.016706250000000002,11.099811807274802,35.799080776494016
0.016707812500000002,11.100022691659184,35.79950392449274
0.016709375000000002,11.100233617812972,35.799927114788424
0.016710937500000002,11.100444585741471,35.800350347381666
0.016712500000000002,11.100655595450007,35.800773622273056
0.016714062500000001,11.10086664694396,35.801196939462962
0.016715625000000001,11.101077740228709,35.801620298951804
0.016717187500000001,11.101288875309571,35.802043700740306
0.016718750000000001,11.10150005219198,35.802467144828775
0.016720312500000001,11.101711270881182,35.802890631217821
0.016721875000000001,11.101922531382581,35.803314159907835
0.0167234375,11.102133833701538,35.803737730899314
0.016725,11.102345177843439,35.80416134419292
0.0167265625,11.102556563813573,35.804584999788993
0.016728125,11.102767991617318,35.805008697688095
0.0167296875,11.10297946126005,35.805432437890609
0.01673125,11.103190972747093,35.805856220396983
0.016732812499999999,11.103402526083849,35.806280045207977
0.016734374999999999,11.103614121275605,35.806703912323954
0.016735937499999999,11.103825758327783,35.807127821745233
0.016737500000000002,11.104037437245694,35.807551773472653
0.016739062500000002,11.104249158034683,35.807975767506342
0.016740625000000002,11.104460920700156,35.808399803847081
0.016742187500000002,11.104672725247422,35.808823882495183
0.016743750000000002,11.104884571681859,35.809248003451195
0.016745312500000002,11.105096460008767,35.809672166715437
0.016746875000000001,11.105308390233612,35.810096372288747
0.016748437500000001,11.105520362361641,35.810520620171495
0.016750000000000001,11.105732376398286,35.810944910364057
0.016751562500000001,11.105944432348831,35.811369242866824
0.016753125000000001,11.10615653021866,35.811793617680721
0.0167546875,11.106368670013163,35.812218034805802
0.01675625,11.106580851737649,35.812642494242688
0.0167578125,11.106793075397496,35.813066995991882
0.016759375,11.107005340998036,35.813491540053882
0.0167609375,11.107217648544619,35.813916126429163
0.0167625,11.107429998042623,35.814340755118053
0.016764062499999999,11.107642389497377,35.814765426121596
0.016765624999999999,11.107854822914318,35.815190139439679
0.016767187499999999,11.108067298298643,35.815614895072976
0.016768750000000002,11.108279815655871,35.81603969302212
0.016770312500000002,11.108492374991204,35.816464533287309
0.016771875000000002,11.108704976310127,35.816889415869277
0.016773437500000002,11.108917619617975,35.817314340768533
0.016775000000000002,11.109130304920011,35.817739307985264
0.016776562500000002,11.109343032221615,35.818164317520392
0.016778125000000001,11.109555801528211,35.818589369373839
0.016779687500000001,11.109768612845118,35.819014463546608
0.016781250000000001,11.109981466177643,35.819439600039033
0.016782812500000001,11.110194361531198,35.819864778851439
0.016784375000000001,11.110407298911159,35.820289999984531
0.016785937500000001,11.110620278322752,35.820715263438679
0.0167875,11.110833299771473,35.821140569214428
0.0167890625,11.111046363262583,35.821565917311936
0.016790625,11.111259468801483,35.821991307732219
0.0167921875,11.111472616393531,35.822416740475482
0.01679375,11.111685806044033,35.822842215542117
0.016795312499999999,11.111899037758404,35.823267732932806
0.016796874999999999,11.11211231154196,35.823693292647853
0.016798437499999999,11.112325627400015,35.82411889468802
0.016800000000000002,11.112538985337979,35.824544539053441
0.016801562500000002,11.112752385361224,35.82497022574475
0.016803125000000002,11.112965827475024,35.82539595476252
0.016804687500000002,11.11317931168483,35.825821726107208
0.016806250000000002,11.113392837995912,35.826247539779125
0.016807812500000002,11.113606406413648,35.826673395778812
0.016809375000000001,11.113820016943386,35.827099294106908
0.016810937500000001,11.114033669590514,35.827525234763755
0.016812500000000001,11.11424736436034,35.827951217749778
0.016814062500000001,11.114461101258216,35.828377243065589
0.016815625000000001,11.114674880289577,35.828803310711791
0.016817187500000001,11.11488870145963,35.829229420688513
0.01681875,11.115102564773869,35.829655572996494
0.0168203125,11.11531647023754,35.830081767636088
0.016821875,11.115530417856075,35.830508004607722
0.0168234375,11.115744407634779,35.830934283911951
0.016825,11.115958439579057,35.831360605549463
0.0168265625,11.116172513694181,35.83178696952055
0.016828124999999999,11.11638662998554,35.832213375825503
0.016829687499999999,11.116600788458468,35.832639824465168
0.016831250000000002,11.116814989118412,35.833066315439737
0.016832812500000002,11.117029231970628,35.833492848749941
0.016834375000000002,11.11724351702045,35.833919424395852
0.016835937500000002,11.117457844273313,35.834346042378392
0.016837500000000002,11.117672213734487,35.834772702697798
0.016839062500000002,11.117886625409389,35.835199405354388
0.016840625000000001,11.118101079303356,35.835626150349036
0.016842187500000001,11.118315575421693,35.836052937681949
0.016843750000000001,11.11853011376982,35.836479767353836
0.016845312500000001,11.118744694353078,35.836906639364905
0.016846875000000001,11.118959317176728,35.837333553715595
0.016848437500000001,11.119173982246226,35.837760510406632
0.01685,11.119388689566884,35.838187509438455
0.0168515625,11.119603439144086,35.838614550811407
0.016853125,11.119818230983148,35.839041634525877
0.0168546875,11.120033065089387,35.839468760582619
0.01685625,11.1202479414682,35.839895928981854
0.0168578125,11.120462860124972,35.840323139724433
0.016859374999999999,11.120677821064969,35.840750392810385
0.016860937499999999,11.12089282429363,35.841177688240258
0.016862500000000002,11.121107869816235,35.841605026014555
0.016864062500000002,11.121322957638162,35.842032406134159
0.016865625000000002,11.121538087764815,35.842459828599125
0.016867187500000002,11.121753260201451,35.842887293409881
0.016868750000000002,11.121968474953453,35.843314800566979
0.016870312500000002,11.122183732026224,35.843742350070997
0.016871875000000001,11.122399031425036,35.84416994192231
0.016873437500000001,11.122614373155271,35.844597576121316
0.016875000000000001,11.122829757222323,35.845025252668762
0.016876562500000001,11.123045183631472,35.84545297156496
0.016878125000000001,11.123260652388126,35.845880732810251
0.016879687500000001,11.123476163497608,35.84630853640536
0.01688125,11.123691716965279,35.846736382350429
0.0168828125,11.123907312796479,35.847164270646239
0.016884375,11.124122950996542,35.84759220129299
0.0168859375,11.124338631570872,35.848020174291477
0.0168875,11.124554354524754,35.84844818964185
0.0168890625,11.124770119863589,35.848876247344705
0.016890624999999999,11.124985927592695,35.849304347400491
0.016892187499999999,11.125201777717461,35.849732489809789
0.016893750000000003,11.125417670243179,35.850160674572884
0.016895312500000002,11.125633605175265,35.850588901690578
0.016896875000000002,11.125849582518999,35.851017171162844
0.016898437500000002,11.126065602279777,35.851445482990385
0.016900000000000002,11.126281664462942,35.851873837173841
0.016901562500000002,11.126497769073829,35.852302233713473
0.016903125000000001,11.126713916117822,35.852730672609724
0.016904687500000001,11.1269301056002,35.853159153863047
0.016906250000000001,11.127146337526433,35.853587677474145
0.016907812500000001,11.12736261190174,35.854016243443183
0.016909375000000001,11.127578928731547,35.854444851771014
0.016910937500000001,11.127795288021217,35.854873502457679
0.0169125,11.128011689776011,35.855302195503832
0.0169140625,11.128228134001329,35.855730930909878
0.016915625,11.128444620702576,35.85615970867633
0.0169171875,11.128661149885001,35.85658852880384
0.01691875,11.128877721554021,35.857017391292565
0.0169203125,11.129094335715006,35.85744629614306
0.016921874999999999,11.129310992373249,35.8578752433557
0.016923437499999999,11.12952769153409,35.858304232931197
0.016925000000000003,11.129744433202903,35.858733264869819
0.016926562500000002,11.129961217385038,35.859162339172208
0.016928125000000002,11.130178044085881,35.85959145583854
0.016929687500000002,11.13039491331071,35.860020614869569
0.016931250000000002,11.130611825064952,35.860449816265522
0.016932812500000002,11.130828779353841,35.860879060027074
0.016934375000000002,11.131045776182802,35.86130834615463
0.016935937500000001,11.131262815557221,35.861737674648396
0.016937500000000001,11.131479897482377,35.862167045509011
0.016939062500000001,11.131697021963642,35.862596458737052
0.016940625000000001,11.131914189006409,35.8630259143331
0.016942187500000001,11.132131398615904,35.863455412297007
0.01694375,11.13234865079759,35.863884952629903
0.0169453125,11.132565945556802,35.8643145353319
0.016946875,11.132783282898824,35.864744160403596
0.0169484375,11.133000662829065,35.865173827844998
0.01695,11.133218085352889,35.865603537657343
0.0169515625,11.133435550475568,35.86603328984063
0.016953124999999999,11.133653058202515,35.866463084395214
0.016954687499999999,11.133870608539059,35.866892921321899
0.016956249999999999,11.134088201490455,35.867322800620826
0.016957812500000002,11.134305837062259,35.867752722292607
0.016959375000000002,11.134523515259618,35.868182686337761
0.016960937500000002,11.134741236087994,35.868612692756621
0.016962500000000002,11.134958999552685,35.869042741549642
0.016964062500000002,11.135176805659043,35.869472832717364
0.016965625000000002,11.135394654412433,35.869902966260227
0.016967187500000001,11.135612545818232,35.870333142178666
0.016968750000000001,11.135830479881683,35.870763360472949
0.016970312500000001,11.136048456608274,35.871193621143817
0.016971875000000001,11.136266476003243,35.871623924191788
0.016973437500000001,11.136484538071933,35.872054269616953
0.016975000000000001,11.136702642819742,35.872484657419953
0.0169765625,11.136920790252049,35.872915087601214
0.016978125,11.137138980374139,35.873345560161354
0.0169796875,11.137357213191391,35.873776075100658
0.01698125,11.137575488709134,35.874206632419607
0.0169828125,11.137793806932667,35.874637232118737
0.016984374999999999,11.138012167867483,35.875067874198443
0.016985937499999999,11.138230571518752,35.875498558659103
0.016987499999999999,11.138449017891942,35.875929285501186
0.016989062500000002,11.13866750699235,35.876360054725261
0.016990625000000002,11.138886038825351,35.87679086633166
0.016992187500000002,11.139104613396231,35.877221720320819
0.016993750000000002,11.139323230710422,35.877652616693481
0.016995312500000002,11.139541890773188,35.878083555449642
0.016996875000000002,11.139760593589951,35.87851453658994
0.016998437500000001,11.139979339165995,35.878945560115206
0.017000000000000001,11.140198127506718,35.879376626025334
0.017001562500000001,11.140416958617379,35.879807734320934
0.017003125000000001,11.140635832503436,35.88023888500247
0.017004687500000001,11.140854749170144,35.880670078070665
0.017006250000000001,11.141073708622942,35.881101313525527
0.0170078125,11.14129271086709,35.881532591367858
0.017009375,11.141511755907958,35.881963911597843
0.0170109375,11.141730843750921,35.88239527421598
0.0170125,11.141949974401287,35.882826679223079
0.0170140625,11.142169147864406,35.883258126618941
0.017015625,11.14238836414569,35.88368961640456
0.017017187499999999,11.142607623250328,35.884121148580199
0.017018749999999999,11.142826925183849,35.884552723146314
0.017020312500000002,11.143046269951466,35.884984340103308
0.017021875000000002,11.143265657558612,35.885415999451617
0.017023437500000002,11.143485088010557,35.885847701191722
0.017025000000000002,11.143704561312711,35.886279445324206
0.017026562500000002,11.143924077470375,35.886711231849247
0.017028125000000002,11.144143636488863,35.887143060767407
0.017029687500000001,11.144363238373671,35.88757493207919
0.017031250000000001,11.144582883129967,35.888006845784972
0.017032812500000001,11.144802570763149,35.888438801885286
0.017034375000000001,11.145022301278628,35.888870800380531
0.017035937500000001,11.145242074681674,35.889302841271061
0.017037500000000001,11.145461890977673,35.889734924557466
0.0170390625,11.145681750171933,35.890167050240052
0.017040625,11.145901652269808,35.890599218319394
0.0170421875,11.146121597276686,35.891031428795813
0.01704375,11.146341585197867,35.891463681669869
0.0170453125,11.146561616038705,35.891895976941775
0.017046875,11.14678168980458,35.892328314612421
0.017048437499999999,11.147001806500752,35.892760694681854
0.017049999999999999,11.147221966132605,35.893193117150652
0.017051562500000002,11.147442168705524,35.893625582019212
0.017053125000000002,11.14766241422481,35.894058089288102
0.017054687500000002,11.147882702695805,35.894490638957627
0.017056250000000002,11.148103034123917,35.894923231028095
0.017057812500000002,11.148323408514385,35.895355865500214
0.017059375000000002,11.148543825872617,35.895788542374433
0.017060937500000001,11.14876428620399,35.896221261650972
0.017062500000000001,11.148984789513753,35.896654023330505
0.017064062500000001,11.149205335807245,35.897086827413091
0.017065625000000001,11.149425925089947,35.897519673899637
0.017067187500000001,11.149646557367118,35.897952562790422
0.017068750000000001,11.149867232644041,35.898385494085737
0.0170703125,11.150087950926194,35.898818467786235
0.017071875,11.15030871221879,35.899251483892058
0.0170734375,11.150529516527252,35.899684542403904
0.017075,11.150750363856899,35.900117643322169
0.0170765625,11.150971254213037,35.900550786647308
0.017078125,11.15119218760108,35.900983972379606
0.017079687499999999,11.151413164026293,35.901417200519553
0.017081249999999999,11.151634183494117,35.901850471067803
0.017082812500000003,11.15185524600982,35.902283784024526
0.017084375000000002,11.152076351578692,35.902717139390354
0.017085937500000002,11.152297500206254,35.903150537165487
0.017087500000000002,11.152518691897694,35.903583977350443
0.017089062500000002,11.152739926658368,35.904017459945919
0.017090625000000002,11.152961204493685,35.904450984951978
0.017092187500000001,11.15318252540893,35.904884552369317
0.017093750000000001,11.153403889409462,35.90531816219827
0.017095312500000001,11.153625296500664,35.905751814439277
0.017096875000000001,11.153846746687817,35.90618550909273
0.017098437500000001,11.154068239976251,35.906619246158989
0.017100000000000001,11.154289776371371,35.907053025638945
0.0171015625,11.154511355878476,35.907486847532461
0.017103125,11.154732978502993,35.907920711840248
0.0171046875,11.154954644250127,35.908354618562683
0.01710625,11.155176353125299,35.908788567700199
0.0171078125,11.155398105133841,35.909222559253138
0.017109375,11.155619900281097,35.909656593222238
0.017110937499999999,11.155841738572379,35.910090669607598
0.017112499999999999,11.156063620013072,35.910524788409667
0.017114062500000003,11.156285544608473,35.910958949629219
0.017115625000000002,11.156507512363971,35.911393153266403
0.017117187500000002,11.156729523284861,35.911827399321623
0.017118750000000002,11.156951577376523,35.912261687795407
0.017120312500000002,11.157173674644262,35.912696018688166
0.017121875000000002,11.157395815093466,35.913130392000305
0.017123437500000002,11.157617998729389,35.9135648077323
0.017125000000000001,11.157840225557429,35.913999265884591
0.017126562500000001,11.15806249558295,35.914433766457485
0.017128125000000001,11.158284808811265,35.914868309451514
0.017129687500000001,11.1585071652477,35.915302894867068
0.017131250000000001,11.158729564897634,35.915737522704816
0.0171328125,11.158952007766356,35.916172192964744
0.017134375,11.159174493859245,35.916606905647498
0.0171359375,11.159397023181615,35.917041660753576
0.0171375,11.159619595738873,35.917476458283339
0.0171390625,11.159842211536237,35.91791129823725
0.017140625,11.160064870579188,35.918346180615551
0.017142187499999999,11.160287572872923,35.918781105419065
0.017143749999999999,11.160510318422844,35.919216072647743
0.017145312499999999,11.16073310723435,35.919651082302359
0.017146875000000002,11.160955939312696,35.920086134383276
0.017148437500000002,11.161178814663243,35.920521228890721
0.017150000000000002,11.161401733291354,35.920956365825262
0.017151562500000002,11.161624695202395,35.921391545187355
0.017153125000000002,11.161847700401616,35.921826766977517
0.017154687500000002,11.162070748894388,35.922262031195942
0.017156250000000001,11.162293840686111,35.922697337843154
0.017157812500000001,11.162516975782072,35.923132686919686
0.017159375000000001,11.162740154187617,35.923568078425745
0.017160937500000001,11.162963375908063,35.924003512361921
0.017162500000000001,11.16318664094878,35.924438988728596
0.0171640625,11.163409949315058,35.924874507526148
0.017165625,11.163633301012329,35.925310068755117
0.0171671875,11.163856696045864,35.925745672415779
0.01716875,11.164080134421008,35.926181318508739
0.0171703125,11.164303616143124,35.926617007034025
0.017171875,11.164527141217514,35.927052737992639
0.017173437499999999,11.164750709649516,35.927488511384524
0.017174999999999999,11.164974321444511,35.927924327210427
0.017176562499999999,11.165197976607821,35.928360185470311
0.017178125000000002,11.165421675144751,35.928796086165249
0.017179687500000002,11.165645417060635,35.929232029295129
0.017181250000000002,11.165869202360902,35.929668014860553
0.017182812500000002,11.166093031050753,35.930104042861949
0.017184375000000002,11.16631690313563,35.930540113299692
0.017185937500000002,11.166540818620858,35.930976226174479
0.017187500000000001,11.166764777511686,35.931412381486332
0.017189062500000001,11.166988779813584,35.931848579235776
0.017190625000000001,11.167212825531804,35.932284819423472
0.017192187500000001,11.167436914671688,35.932721102049555
0.017193750000000001,11.167661047238617,35.933157427114345
0.017195312500000001,11.167885223237862,35.933593794618616
0.017196875,11.168109442674831,35.934030204562752
0.0171984375,11.168333705554799,35.93446665694696
0.0172,11.168558011883141,35.9349031517716
0.0172015625,11.168782361665167,35.935339689037285
0.017203125,11.169006754906263,35.935776268744434
0.017204687499999999,11.169231191611694,35.936212890893486
0.017206249999999999,11.169455671786819,35.93664955548455
0.017207812499999999,11.169680195437028,35.937086262518307
0.017209375000000002,11.169904762567624,35.937523011995417
0.017210937500000002,11.170129373183899,35.937959803915625
0.017212500000000002,11.170354027291225,35.938396638279912
0.017214062500000002,11.17057872489497,35.93883351508866
0.017215625000000002,11.170803466000432,35.939270434341751
0.017217187500000002,11.171028250612938,35.939707396040198
0.017218750000000001,11.17125307873787,35.940144400184096
0.017220312500000001,11.171477950380508,35.940581446774019
0.017221875000000001,11.171702865546216,35.941018535810429
0.017223437500000001,11.171927824240301,35.941455667293582
0.017225000000000001,11.172152826468132,35.941892841223932
0.017226562500000001,11.172377872235057,35.94233005760195
0.017228125,11.172602961546337,35.94276731642789
0.0172296875,11.172828094407414,35.943204617702413
0.01723125,11.173053270823528,35.943641961425669
0.0172328125,11.173278490800049,35.944079347598084
0.017234375,11.173503754342388,35.944516776220091
0.0172359375,11.173729061455751,35.944954247292451
0.017237499999999999,11.173954412145521,35.945391760815369
0.017239062499999999,11.174179806417063,35.945829316789059
0.017240625000000002,11.174405244275663,35.94626691521384
0.017242187500000002,11.174630725726731,35.94670455609068
0.017243750000000002,11.174856250775486,35.947142239419463
0.017245312500000002,11.17508181942736,35.947579965200831
0.017246875000000002,11.175307431687655,35.948017733435094
0.017248437500000002,11.175533087561716,35.948455544122822
0.017250000000000001,11.175758787054804,35.948893397264314
0.017251562500000001,11.17598453017238,35.949331292859995
0.017253125000000001,11.176210316919695,35.949769230910135
0.017254687500000001,11.176436147302093,35.950207211415446
0.017256250000000001,11.176662021324914,35.950645234375997
0.017257812500000001,11.176887938993501,35.951083299792373
0.017259375,11.177113900313163,35.951521407665076
0.0172609375,11.17733990528925,35.951959557994257
0.0172625,11.177565953927079,35.952397750780491
0.0172640625,11.177792046231989,35.952835986024184
0.017265625,11.178018182209358,35.953274263725753
0.0172671875,11.178244361864447,35.953712583885604
0.017268749999999999,11.17847058520265,35.954150946504043
0.017270312499999999,11.178696852229251,35.954589351581468
0.017271875000000003,11.178923162949646,35.955027799118568
0.017273437500000002,11.179149517369105,35.955466289115314
0.017275000000000002,11.179375915492939,35.955904821572304
0.017276562500000002,11.179602357326551,35.95634339649007
0.017278125000000002,11.179828842875292,35.956782013868839
0.017279687500000002,11.180055372144418,35.957220673709166
0.017281250000000001,11.180281945139262,35.957659376011307
0.017282812500000001,11.180508561865203,35.958098120775603
0.017284375000000001,11.180735222327542,35.95853690800282
0.017285937500000001,11.180961926531648,35.958975737693017
0.017287500000000001,11.181188674482794,35.959414609846746
0.017289062500000001,11.181415466186335,35.959853524464343
0.017290625,11.181642301647665,35.960292481546063
0.0172921875,11.181869180872075,35.960731481092722
0.01729375,11.182096103864795,35.961170523104315
0.0172953125,11.182323070631316,35.961609607581558
0.017296875,11.18255008117689,35.962048734524501
0.0172984375,11.182777135506846,35.96248790393372
0.017299999999999999,11.183004233626534,35.962927115809848
0.017301562499999999,11.183231375541219,35.963366370152947
0.017303125000000003,11.183458561256369,35.963805666963538
0.017304687500000002,11.18368579077721,35.964245006242173
0.017306250000000002,11.183913064109085,35.964684387988854
0.017307812500000002,11.184140381257381,35.965123812204375
0.017309375000000002,11.1843677422273,35.965563278888823
0.017310937500000002,11.184595147024311,35.966002788042879
0.017312500000000001,11.184822595653701,35.966442339666898
0.017314062500000001,11.185050088120732,35.966881933761101
0.017315625000000001,11.185277624430864,35.967321570325964
0.017317187500000001,11.18550520458931,35.96776124936197
0.017318750000000001,11.185732828601477,35.968200970869383
0.017320312500000001,11.185960496472624,35.968640734848627
0.017321875,11.186188208208115,35.969080541300187
0.0173234375,11.186415963813324,35.969520390224424
0.017325,11.186643763293501,35.969960281621574
0.0173265625,11.186871606654083,35.970400215492234
0.017328125,11.187099493900259,35.970840191836722
0.0173296875,11.187327425037488,35.971280210655799
0.017331249999999999,11.187555400070966,35.971720271948982
0.017332812499999999,11.187783419006136,35.972160375717536
0.017334375000000003,11.188011481848275,35.972600521961411
0.017335937500000002,11.188239588602739,35.973040710680991
0.017337500000000002,11.188467739274847,35.973480941876794
0.017339062500000002,11.188695933869882,35.973921215549268
0.017340625000000002,11.188924172393255,35.97436153169869
0.017342187500000002,11.189152454850239,35.974801890325637
0.017343750000000002,11.189380781246191,35.975242291430149
0.017345312500000001,11.189609151586399,35.975682735013073
0.017346875000000001,11.189837565876198,35.976123221074232
0.017348437500000001,11.190066024120968,35.976563749614648
0.017350000000000001,11.190294526325996,35.977004320634222
0.017351562500000001,11.190523072496594,35.977444934133601
0.017353125,11.190751662638158,35.977885590113054
0.0173546875,11.190980296755937,35.978326288572973
0.01735625,11.191208974855275,35.978767029513726
0.0173578125,11.19143769694154,35.979207812936082
0.017359375,11.191666463019999,35.979648638839898
0.0173609375,11.19189527309609,35.980089507225841
0.017362499999999999,11.192124127175029,35.980530418094126
0.017364062499999999,11.192353025262154,35.980971371445271
0.017365624999999999,11.192581967362864,35.981412367279702
0.017367187500000002,11.192810953482404,35.981853405597739
0.017368750000000002,11.193039983626107,35.982294486399887
0.017370312500000002,11.193269057799361,35.982735609686408
0.017371875000000002,11.193498176007457,35.9831767754577
0.017373437500000002,11.193727338255712,35.983617983714112
0.017375000000000002,11.19395654454949,35.98405923445609
0.017376562500000001,11.194185794894073,35.984500527684027
0.017378125000000001,11.194415089294848,35.984941863398326
0.017379687500000001,11.194644427757058,35.985383241599251
0.017381250000000001,11.194873810286047,35.985824662287307
0.017382812500000001,11.195103236887183,35.986266125462819
0.017384375000000001,11.195332707565781,35.986707631126336
0.0173859375,11.195562222327188,35.987149179277978
0.0173875,11.195791781176679,35.987590769918349
0.0173890625,11.196021384119565,35.988032403047704
0.017390625,11.196251031161264,35.988474078666577
0.0173921875,11.196480722306994,35.988915796775103
0.017393749999999999,11.196710457562121,35.989357557373701
0.017395312499999999,11.196940236932054,35.989799360463024
0.017396874999999999,11.197170060422001,35.99024120604318
0.017398437500000002,11.197399928037314,35.990683094114871
0.017400000000000002,11.197629839783326,35.991125024678091
0.017401562500000002,11.197859795665416,35.991566997733344
0.017403125000000002,11.1980897956888,35.992009013281312
0.017404687500000002,11.198319839858888,35.99245107132203
0.017406250000000002,11.198549928181029,35.99289317185584
0.017407812500000001,11.198780060660447,35.993335314883467
0.017409375000000001,11.199010237302504,35.993777500404896
0.017410937500000001,11.19924045811254,35.994219728420674
0.017412500000000001,11.199470723095878,35.994661998931541
0.017414062500000001,11.199701032257851,35.995104311937155
0.017415625000000001,11.199931385603826,35.995546667438532
0.0174171875,11.200161783138984,35.995989065435857
0.01741875,11.200392224868789,35.99643150592923
0.0174203125,11.200622710798481,35.996873988919361
0.017421875,11.200853240933405,35.997316514406556
0.0174234375,11.201083815278933,35.997759082390893
0.017425,11.201314433840327,35.998201692873231
0.017426562499999999,11.201545096622969,35.998644345853968
0.017428124999999999,11.201775803632115,35.999087041333006
0.017429687500000002,11.202006554873076,35.999529779310897
0.017431250000000002,11.202237350351263,35.999972559788255
0.017432812500000002,11.202468190071945,36.000415382765091
0.017434375000000002,11.202699074040444,36.000858248242189
0.017435937500000002,11.202930002262095,36.00130115621949
0.017437500000000002,11.203160974742211,36.001744106697657
0.017439062500000001,11.203391991486098,36.002187099676945
0.017440625000000001,11.203623052499141,36.002630135157801
0.017442187500000001,11.203854157786555,36.003073213140631
0.017443750000000001,11.204085307353765,36.003516333625683
0.017445312500000001,11.204316501206046,36.003959496613412
0.017446875000000001,11.204547739348698,36.004402702104393
0.0174484375,11.204779021787129,36.004845950098577
0.01745,11.205010348526542,36.005289240596497
0.0174515625,11.205241719572335,36.005732573598728
0.017453125,11.205473134929825,36.006175949105355
0.0174546875,11.205704594604363,36.006619367117068
0.01745625,11.205936098601182,36.007062827634066
0.017457812499999999,11.206167646925634,36.007506330656582
0.017459374999999999,11.20639923958308,36.007949876185023
0.017460937500000002,11.206630876578823,36.008393464220113
0.017462500000000002,11.206862557918141,36.008837094761908
0.017464062500000002,11.207094283606391,36.009280767810779
0.017465625000000002,11.207326053648918,36.009724483367251
0.017467187500000002,11.207557868051001,36.010168241431494
0.017468750000000002,11.207789726817989,36.010612042003878
0.017470312500000001,11.208021629955168,36.011055885085156
0.017471875000000001,11.20825357746789,36.011499770675229
0.017473437500000001,11.208485569361407,36.01194369877463
0.017475000000000001,11.208717605641166,36.012387669383919
0.017476562500000001,11.208949686312394,36.012831682503212
0.017478125000000001,11.209181811380438,36.013275738132982
0.0174796875,11.209413980850586,36.01371983627363
0.01748125,11.209646194728176,36.01416397692541
0.0174828125,11.209878453018554,36.01460816008877
0.017484375,11.210110755726987,36.015052385764101
0.0174859375,11.210343102858898,36.015496653951622
0.0174875,11.21057549441945,36.015940964651932
0.017489062499999999,11.210807930414084,36.016385317865151
0.017490624999999999,11.211040410848117,36.016829713591903
0.017492187500000003,11.211272935726763,36.01727415183236
0.017493750000000002,11.211505505055374,36.017718632587012
0.017495312500000002,11.211738118839389,36.018163155856001
0.017496875000000002,11.211970777083996,36.018607721640009
0.017498437500000002,11.212203479794606,36.019052329939129
0.017500000000000002,11.212436226976417,36.019496980753942
0.017501562500000001,11.212669018634864,36.019941674084698
0.017503125000000001,11.212901854775161,36.020386409931703
0.017504687500000001,11.213134735402726,36.020831188295332
0.017506250000000001,11.213367660522824,36.021276009176148
0.017507812500000001,11.213600630140743,36.021720872574356
0.017509375000000001,11.213833644261904,36.022165778490091
0.0175109375,11.214066702891472,36.022610726924142
0.0175125,11.214299806034919,36.023055717876879
0.0175140625,11.214532953697466,36.023500751348372
0.017515625,11.214766145884463,36.023945827338913
0.0175171875,11.21499938260121,36.024390945849248
0.01751875,11.215232663853,36.024836106879285
0.017520312499999999,11.215465989645264,36.025281310429705
0.017521874999999999,11.21569935998323,36.025726556500906
0.017523437500000003,11.215932774872156,36.026171845093153
0.017525000000000002,11.21616623431747,36.02661717620655
0.017526562500000002,11.21639973832443,36.027062549841972
0.017528125000000002,11.216633286898347,36.027507965999199
0.017529687500000002,11.2168668800446,36.02795342467909
0.017531250000000002,11.217100517768403,36.028398925881589
0.017532812500000002,11.217334200075124,36.028844469607513
0.017534375000000001,11.217567926970171,36.029290055856933
0.017535937500000001,11.21780169845869,36.029735684630026
0.017537500000000001,11.218035514546051,36.030181355927652
0.017539062500000001,11.218269375237627,36.030627069749734
0.017540625000000001,11.218503280538735,36.031072826097017
0.0175421875,11.218737230454588,36.031518624969266
0.01754375,11.21897122499063,36.031964466367405
0.0175453125,11.219205264152027,36.0324103502914
0.017546875,11.219439347944274,36.032856276741867
0.0175484375,11.219673476372504,36.033302245719142
0.01755,11.219907649442208,36.033748257223429
0.017551562499999999,11.22014186715854,36.034194311255419
0.017553124999999999,11.220376129526928,36.034640407814884
0.017554687499999999,11.220610436552592,36.035086546902527
0.017556250000000002,11.220844788240946,36.035532728518966
0.017557812500000002,11.221079184597217,36.035978952664152
0.017559375000000002,11.221313625626811,36.036425219338533
0.017560937500000002,11.221548111334954,36.036871528542584
0.017562500000000002,11.221782641726966,36.037317880276447
0.017564062500000002,11.22201721680822,36.037764274540613
0.017565625000000001,11.222251836583952,36.038210711335381
0.017567187500000001,11.222486501059539,36.038657190661219
0.017568750000000001,11.222721210240293,36.039103712518404
0.017570312500000001,11.222955964131481,36.039550276907292
0.017571875000000001,11.223190762738442,36.039996883828202
0.017573437500000001,11.223425606066515,36.040443533281525
0.017575,11.223660494120972,36.040890225267454
0.0175765625,11.223895426907113,36.041336959786754
0.017578125,11.224130404430277,36.041783736839271
0.0175796875,11.224365426695787,36.042230556425793
0.01758125,11.224600493708957,36.042677418546297
0.017582812499999999,11.224835605475064,36.043124323201212
0.017584374999999999,11.225070761999453,36.04357127039134
0.017585937499999999,11.225305963287434,36.044018260116239
0.017587500000000002,11.225541209344311,36.04446529237682
0.017589062500000002,11.225776500175339,36.044912367173389
0.017590625000000002,11.226011835785918,36.045359484506264
0.017592187500000002,11.226247216181342,36.045806644375546
0.017593750000000002,11.226482641366879,36.046253846781873
0.017595312500000002,11.226718111347909,36.046701091725588
0.017596875000000001,11.226953626129655,36.047148379206611
0.017598437500000001,11.227189185717476,36.047595709225845
0.017600000000000001,11.227424790116643,36.048043081783277
0.017601562500000001,11.227660439332565,36.048490496879502
0.017603125000000001,11.227896133370461,36.048937954514862
0.017604687500000001,11.228131872235659,36.049385454689364
0.01760625,11.228367655933443,36.049832997403435
0.0176078125,11.228603484469241,36.050280582657855
0.017609375,11.228839357848242,36.050728210452519
0.0176109375,11.229075276075751,36.051175880787909
0.0176125,11.229311239157193,36.051623593664381
0.0176140625,11.229547247097791,36.052071349082397
0.017615624999999999,11.229783299902877,36.052519147042176
0.017617187499999999,11.230019397577658,36.052966987544046
0.017618750000000002,11.230255540127628,36.053414870588334
0.017620312500000002,11.230491727557967,36.053862796175437
0.017621875000000002,11.230727959874054,36.054310764305718
0.017623437500000002,11.230964237081144,36.054758774979383
0.017625000000000002,11.231200559184538,36.05520682819698
0.017626562500000002,11.231436926189618,36.055654923958485
0.017628125000000001,11.231673338101643,36.056103062264782
0.017629687500000001,11.231909794925906,36.056551243116083
0.017631250000000001,11.232146296667761,36.05699946651221
0.017632812500000001,11.232382843332466,36.057447732453888
0.017634375000000001,11.232619434925361,36.057896040941756
0.017635937500000001,11.232856071451748,36.058344391975567
0.0176375,11.233092752916935,36.058792785555809
0.0176390625,11.233329479326276,36.059241221683131
0.017640625,11.233566250684957,36.059689700357666
0.0176421875,11.233803066998368,36.060138221579848
0.01764375,11.234039928271846,36.060586785349862
0.0176453125,11.234276834510622,36.061035391667936
0.017646874999999999,11.234513785720015,36.061484040534872
0.017648437499999999,11.234750781905406,36.061932731950655
0.017650000000000002,11.234987823072036,36.062381465915557
0.017651562500000002,11.235224909225233,36.062830242430074
0.017653125000000002,11.235462040370283,36.063279061494669
0.017654687500000002,11.235699216512561,36.063727923109383
0.017656250000000002,11.235936437657269,36.06417682727465
0.017657812500000002,11.236173703809774,36.064625773990983
0.017659375000000001,11.236411014975335,36.065074763258686
0.017660937500000001,11.236648371159356,36.065523795077816
0.017662500000000001,11.236885772367051,36.065972869448949
0.017664062500000001,11.237123218603761,36.066421986372291
0.017665625000000001,11.237360709874777,36.066871145848339
0.017667187500000001,11.237598246185401,36.067320347877278
0.01766875,11.237835827540994,36.067769592459506
0.0176703125,11.238073453946766,36.068218879595292
0.017671875,11.23831112540808,36.068668209285171
0.0176734375,11.238548841930246,36.069117581529198
0.017675,11.238786603518548,36.069566996327744
0.0176765625,11.239024410178331,36.07001645368139
0.017678124999999999,11.239262261914822,36.07046595359018
0.017679687499999999,11.239500158733412,36.070915496054639
0.017681250000000003,11.239738100639336,36.071365081075029
0.017682812500000002,11.239976087637947,36.071814708651672
0.017684375000000002,11.240214119734517,36.072264378784922
0.017685937500000002,11.240452196934369,36.072714091475191
0.017687500000000002,11.240690319242786,36.073163846722473
0.017689062500000002,11.240928486665128,36.073613644527512
0.017690625000000001,11.241166699206584,36.074063484890608
0.017692187500000001,11.241404956872572,36.074513367811726
0.017693750000000001,11.241643259668317,36.074963293291617
0.017695312500000001,11.241881607599192,36.075413261330297
0.017696875000000001,11.242120000670463,36.075863271928284
0.017698437500000001,11.242358438887431,36.076313325085707
0.0177,11.242596922255375,36.076763420802983
0.0177015625,11.242835450779664,36.077213559080739
0.017703125,11.243074024465548,36.077663739918748
0.0177046875,11.243312643318324,36.078113963317591
0.01770625,11.243551307343308,36.078564229278086
0.0177078125,11.243790016545864,36.079014537799786
0.017709374999999999,11.244028770931155,36.079464888883358
0.017710937499999999,11.244267570504606,36.079915282529171
0.017712500000000003,11.244506415271514,36.080365718737404
0.017714062500000002,11.244745305237101,36.080816197508504
0.017715625000000002,11.244984240406691,36.081266718842748
0.017717187500000002,11.245223220785618,36.081717282740378
0.017718750000000002,11.24546224637918,36.082167889202061
0.017720312500000002,11.245701317192669,36.082618538227614
0.017721875000000002,11.245940433231404,36.083069229817816
0.017723437500000001,11.246179594500649,36.083519963972599
0.017725000000000001,11.246418801005687,36.083970740692699
0.017726562500000001,11.246658052751927,36.084421559978061
0.017728125000000001,11.24689734974457,36.08487242182926
0.017729687500000001,11.247136691988866,36.085323326246332
0.01773125,11.24737607949027,36.085774273229951
0.0177328125,11.247615512254004,36.086225262780182
0.017734375,11.247854990285347,36.086676294897629
0.0177359375,11.248094513589606,36.087127369582255
0.0177375,11.248334082172118,36.087578486834666
0.0177390625,11.248573696038141,36.088029646654952
0.017740624999999999,11.248813355192997,36.088480849043812
0.017742187499999999,11.249053059641971,36.088932094000988
0.017743750000000003,11.249292809390369,36.089383381527298
0.017745312500000002,11.249532604443482,36.089834711622736
0.017746875000000002,11.249772444806661,36.090286084287911
0.017748437500000002,11.25001233048514,36.090737499522916
0.017750000000000002,11.250252261484253,36.09118895732815
0.017751562500000002,11.250492237809246,36.09164045770396
0.017753125000000002,11.250732259465467,36.092092000650617
0.017754687500000001,11.250972326458212,36.092543586168517
0.017756250000000001,11.251212438792772,36.092995214257833
0.017757812500000001,11.251452596474445,36.093446884918983
0.017759375000000001,11.251692799508515,36.093898598152343
0.017760937500000001,11.251933047900309,36.094350353957957
0.017762500000000001,11.252173341655107,36.094802152336534
0.0177640625,11.252413680778206,36.095253993288132
0.017765625,11.252654065274859,36.095705876813206
0.0177671875,11.252894495150464,36.096157802911925
0.01776875,11.253134970410226,36.096609771584731
0.0177703125,11.253375491059488,36.09706178283183
0.017771874999999999,11.253616057103544,36.097513836653555
0.017773437499999999,11.253856668547689,36.097965933050411
0.017774999999999999,11.254097325397188,36.098418072022497
0.017776562500000002,11.254338027657401,36.098870253569999
0.017778125000000002,11.254578775333536,36.099322477693562
0.017779687500000002,11.254819568430971,36.099774744393351
0.017781250000000002,11.255060406954955,36.100227053669663
0.017782812500000002,11.255301290910827,36.100679405522904
0.017784375000000002,11.2555422203038,36.101131799953222
0.017785937500000001,11.255783195139268,36.101584236961081
0.017787500000000001,11.256024215422434,36.102036716546614
0.017789062500000001,11.256265281158679,36.102489238710277
0.017790625000000001,11.256506392353261,36.102941803452438
0.017792187500000001,11.25674754901144,36.103394410773319
0.017793750000000001,11.25698875113858,36.103847060673104
0.0177953125,11.257229998739891,36.104299753152304
0.017796875,11.257471291820746,36.104752488211169
0.0177984375,11.257712630386459,36.105205265849982
0.0178,11.25795401444217,36.105658086069106
0.0178015625,11.258195443993396,36.106110948868839
0.017803125,11.258436919045254,36.106563854249337
0.017804687499999999,11.258678439603047,36.107016802211142
0.017806249999999999,11.258920005672232,36.107469792754451
0.017807812500000002,11.259161617257925,36.107922825879648
0.017809375000000002,11.25940327436547,36.10837590158679
0.017810937500000002,11.259644977000168,36.108829019876509
0.017812500000000002,11.259886725167373,36.109282180748743
0.017814062500000002,11.260128518872264,36.109735384204136
0.017815625000000002,11.260370358120232,36.110188630242945
0.017817187500000001,11.260612242916498,36.110641918865305
0.017818750000000001,11.260854173266454,36.11109525007182
0.017820312500000001,11.261096149175266,36.111548623862483
0.017821875000000001,11.261338170648312,36.112002040237613
0.017823437500000001,11.261580237690808,36.112455499197679
0.017825000000000001,11.261822350308131,36.112909000743066
0.0178265625,11.262064508505558,36.113362544873873
0.017828125,11.262306712288353,36.113816131590418
0.0178296875,11.262548961661807,36.114269760893045
0.01783125,11.262791256631242,36.114723432782114
0.0178328125,11.2630335972019,36.115177147257761
0.017834375,11.263275983379113,36.115630904320469
0.017835937499999999,11.263518415168139,36.116084703970614
0.017837499999999999,11.263760892574298,36.116538546208247
0.017839062500000002,11.264003415602906,36.116992431033822
0.017840625000000002,11.264245984259198,36.117446358447665
0.017842187500000002,11.264488598548445,36.117900328449828
0.017843750000000002,11.264731258476052,36.118354341040806
0.017845312500000002,11.264973964047154,36.118808396221056
0.017846875000000002,11.265216715267156,36.119262493990725
0.017848437500000001,11.265459512141364,36.119716634350105
0.017850000000000001,11.265702354674989,36.120170817299432
0.017851562500000001,11.265945242873311,36.120625042838903
0.017853125000000001,11.266188176741743,36.121079310969385
0.017854687500000001,11.26643115628538,36.121533621690538
0.017856250000000001,11.266674181509707,36.121987975002973
0.0178578125,11.266917252419915,36.122442370907031
0.017859375,11.267160369021308,36.122896809402548
0.0178609375,11.267403531319147,36.12335129049044
0.0178625,11.267646739318788,36.123805814170588
0.0178640625,11.267889993025411,36.124260380443602
0.017865625,11.268133292444436,36.124714989309552
0.017867187499999999,11.268376637581062,36.125169640768696
0.017868749999999999,11.268620028440621,36.125624334821524
0.017870312500000003,11.268863465028387,36.126079071468219
0.017871875000000002,11.269106947349599,36.126533850709137
0.017873437500000002,11.269350475409663,36.126988672544464
0.017875000000000002,11.269594049213739,36.127443536974646
0.017876562500000002,11.269837668767186,36.127898443999861
0.017878125000000002,11.270081334075277,36.128353393620493
0.017879687500000001,11.270325045143295,36.128808385836635
0.017881250000000001,11.270568801976495,36.129263420648833
0.017882812500000001,11.270812604580204,36.129718498057329
0.017884375000000001,11.271056452959742,36.130173618062194
0.017885937500000001,11.271300347120311,36.130628780663976
0.017887500000000001,11.271544287067288,36.131083985862951
0.0178890625,11.271788272805884,36.131539233659268
0.017890625,11.272032304341391,36.13199452405334
0.0178921875,11.272276381679191,36.132449857045465
0.01789375,11.272520504824428,36.132905232635771
0.0178953125,11.272764673782499,36.133360650824663
0.017896875,11.273008888558664,36.133816111612454
0.017898437499999999,11.273253149158187,36.134271614999356
0.017899999999999999,11.273497455586298,36.134727160985776
0.017901562500000003,11.273741807848412,36.135182749571904
0.017903125000000002,11.273986205949672,36.135638380758181
0.017904687500000002,11.274230649895523,36.136094054544628
0.017906250000000002,11.27447513969112,36.13654977093185
0.017907812500000002,11.274719675341801,36.137005529919882
0.017909375000000002,11.274964256852837,36.137461331509087
0.017910937500000002,11.275208884229505,36.137917175699954
0.017912500000000001,11.275453557477114,36.138373062492462
0.017914062500000001,11.275698276600963,36.138828991886882
0.017915625000000001,11.27594304160624,36.139284963883796
0.017917187500000001,11.276187852498367,36.139740978483502
0.017918750000000001,11.276432709282521,36.140197035685759
0.0179203125,11.276677611964013,36.14065313549159
0.017921875,11.276922560548122,36.141109277900853
0.0179234375,11.277167555040174,36.14156546291364
0.017925,11.277412595445455,36.142021690530711
0.0179265625,11.277657681769178,36.142477960752103
0.017928125,11.277902814016647,36.142934273577978
0.017929687499999999,11.278147992193178,36.143390629008969
0.017931249999999999,11.278393216304064,36.143847027045091
0.017932812500000003,11.278638486354495,36.144303467686704
0.017934375000000002,11.278883802349867,36.144759950934159
0.017935937500000002,11.279129164295385,36.145216476787503
0.017937500000000002,11.279374572196403,36.145673045247335
0.017939062500000002,11.279620026058106,36.146129656313711
0.017940625000000002,11.279865525885867,36.146586309987178
0.017942187500000002,11.280111071684887,36.147043006267531
0.017943750000000001,11.280356663460509,36.147499745155478
0.017945312500000001,11.280602301217996,36.147956526651249
0.017946875000000001,11.280847984962636,36.148413350755149
0.017948437500000001,11.28109371469969,36.148870217467071
0.017950000000000001,11.281339490434439,36.149327126787604
0.017951562500000001,11.281585312172194,36.149784078717275
0.017953125,11.281831179918202,36.150241073255877
0.0179546875,11.282077093677781,36.150698110404072
0.01795625,11.282323053456151,36.151155190162051
0.0179578125,11.282569059258657,36.151612312529828
0.017959375,11.282815111090553,36.152069477507915
0.017960937499999999,11.283061208957033,36.152526685096618
0.017962499999999999,11.283307352863556,36.15298393529612
0.017964062499999999,11.283553542815254,36.153441228106786
0.017965625000000002,11.2837997788175,36.15389856352882
0.017967187500000002,11.28404606087553,36.154355941562422
0.017968750000000002,11.284292388994592,36.154813362208039
0.017970312500000002,11.284538763179958,36.155270825465941
0.017971875000000002,11.284785183437023,36.155728331336377
0.017973437500000002,11.285031649770957,36.156185879819382
0.017975000000000001,11.285278162187042,36.156643470915562
0.017976562500000001,11.28552472069063,36.157101104625085
0.017978125000000001,11.285771325286909,36.157558780948371
0.017979687500000001,11.286017975981197,36.158016499885264
0.017981250000000001,11.286264672778826,36.158474261436325
0.017982812500000001,11.286511415685002,36.158932065601952
0.017984375,11.286758204705022,36.159389912382338
0.0179859375,11.287005039844122,36.159847801777431
0.0179875,11.287251921107677,36.160305733788093
0.0179890625,11.287498848500894,36.160763708414045
0.017990625,11.287745822029065,36.161221725655707
0.0179921875,11.287992841697445,36.161679785513748
0.017993749999999999,11.288239907511308,36.162137887987974
0.017995312499999999,11.288487019476026,36.162596033078835
0.017996875000000002,11.288734177596725,36.16305422078657
0.017998437500000002,11.288981381878818,36.163512451111487
0.018000000000000002,11.289228632327514,36.163970724053797
0.018001562500000002,11.289475928948105,36.164429039613864
0.018003125000000002,11.289723271745823,36.164887397791873
0.018004687500000002,11.289970660725992,36.165345798588262
0.018006250000000001,11.290218095893877,36.165804242002871
0.018007812500000001,11.290465577254764,36.166262728036479
0.018009375000000001,11.290713104813893,36.166721256688938
0.018010937500000001,11.290960678576575,36.167179827960979
0.018012500000000001,11.291208298548046,36.167638441852404
0.018014062500000001,11.291455964733643,36.16809709836388
0.018015625,11.291703677138607,36.168555797495394
0.0180171875,11.291951435768167,36.169014539247158
0.01801875,11.292199240627648,36.169473323619762
0.0180203125,11.292447091722325,36.16993215061327
0.018021875,11.292694989057466,36.17039102022801
0.0180234375,11.292942932638338,36.170849932464108
0.018024999999999999,11.293190922470167,36.171308887322034
0.018026562499999999,11.293438958558371,36.17176788480171
0.018028125000000002,11.29368704090804,36.172226924903846
0.018029687500000002,11.293935169524564,36.172686007628563
0.018031250000000002,11.294183344413181,36.173145132976195
0.018032812500000002,11.294431565579186,36.173604300946657
0.018034375000000002,11.294679833027841,36.174063511540481
0.018035937500000002,11.294928146764397,36.174522764758031
0.018037500000000001,11.295176506794183,36.174982060599035
0.018039062500000001,11.295424913122361,36.175441399064503
0.018040625000000001,11.295673365754324,36.175900780154393
0.018042187500000001,11.2959218646953,36.17636020386886
0.018043750000000001,11.296170409950463,36.176819670208182
0.018045312500000001,11.296419001525306,36.177279179172679
0.018046875,11.296667639424882,36.17773873076262
0.0180484375,11.296916323654573,36.17819832497829
0.01805,11.297165054219612,36.178657961819845
0.0180515625,11.297413831125303,36.179117641287682
0.018053125,11.297662654376953,36.179577363382066
0.0180546875,11.297911523979661,36.180037128103017
0.018056249999999999,11.298160439938901,36.18049693545111
0.018057812499999999,11.298409402259812,36.180956785426382
0.018059375000000003,11.298658410947731,36.181416678029123
0.018060937500000002,11.298907466007902,36.181876613259725
0.018062500000000002,11.299156567445552,36.182336591118506
0.018064062500000002,11.299405715266106,36.182796611605383
0.018065625000000002,11.299654909474642,36.183256674720738
0.018067187500000002,11.299904150076548,36.183716780465126
0.018068750000000001,11.300153437077029,36.184176928838589
0.018070312500000001,11.300402770481368,36.184637119841319
0.018071875000000001,11.30065215029491,36.18509735347363
0.018073437500000001,11.300901576522824,36.18555762973579
0.018075000000000001,11.301151049170471,36.186017948628056
0.018076562500000001,11.301400568242956,36.186478310150697
0.018078125,11.30165013374574,36.186938714303977
0.0180796875,11.301899745684006,36.187399161088202
0.01808125,11.302149404063004,36.187859650503306
0.0180828125,11.302399108888086,36.188320182550051
0.018084375,11.302648860164384,36.188780757228322
0.0180859375,11.302898657897286,36.189241374538447
0.018087499999999999,11.303148502091968,36.18970203448086
0.018089062499999999,11.303398392753783,36.190162737055594
0.018090625000000003,11.303648329887896,36.190623482262964
0.018092187500000002,11.303898313499699,36.191084270103239
0.018093750000000002,11.304148343594379,36.191545100576946
0.018095312500000002,11.304398420177201,36.192005973683806
0.018096875000000002,11.304648543253458,36.192466889424367
0.018098437500000002,11.304898712828427,36.192927847798906
0.018100000000000002,11.305148928907288,36.193388848807686
0.018101562500000001,11.30539919149539,36.193849892450785
0.018103125000000001,11.305649500598067,36.194310978728595
0.018104687500000001,11.30589985622044,36.194772107641462
0.018106250000000001,11.30615025836782,36.195233279189274
0.018107812500000001,11.306400707045514,36.195694493372592
0.018109375,11.306651202258745,36.196155750191672
0.0181109375,11.306901744012814,36.196617049646754
0.0181125,11.307152332312899,36.19707839173801
0.0181140625,11.307402967164373,36.19753977646554
0.018115625,11.307653648572481,36.198001203829719
0.0181171875,11.307904376542439,36.198462673830917
0.018118749999999999,11.308155151079538,36.19892418646949
0.018120312499999999,11.308405972189055,36.199385741745303
0.018121875000000003,11.308656839876221,36.199847339658731
0.018123437500000002,11.308907754146341,36.200308980210131
0.018125000000000002,11.309158715004644,36.200770663399823
0.018126562500000002,11.309409722456406,36.201232389227783
0.018128125000000002,11.309660776506892,36.201694157694568
0.018129687500000002,11.309911877161328,36.202155968800184
0.018131250000000002,11.310163024425044,36.202617822544951
0.018132812500000001,11.31041421830327,36.20307971892916
0.018134375000000001,11.310665458801305,36.203541657952989
0.018135937500000001,11.310916745924324,36.204003639616765
0.018137500000000001,11.311168079677659,36.204465663920615
0.018139062500000001,11.311419460066528,36.204927730864711
0.018140625,11.311670887096277,36.205389840449676
0.0181421875,11.311922360772067,36.205851992675548
0.01814375,11.312173881099227,36.206314187542368
0.0181453125,11.312425448082953,36.206776425050563
0.018146875,11.312677061728637,36.207238705200389
0.0181484375,11.312928722041384,36.207701027992123
0.018149999999999999,11.313180429026504,36.208163393425785
0.018151562499999999,11.313432182689329,36.208625801502059
0.018153125000000003,11.313683983035046,36.209088252220731
0.018154687500000002,11.313935830068937,36.209550745582192
0.018156250000000002,11.314187723796271,36.21001328158674
0.018157812500000002,11.314439664222297,36.210475860234602
0.018159375000000002,11.314691651352259,36.210938481526043
0.018160937500000002,11.314943685191434,36.211401145461345
0.018162500000000002,11.315195765745104,36.211863852040388
0.018164062500000001,11.315447893018533,36.212326601263953
0.018165625000000001,11.315700067016941,36.212789393131779
0.018167187500000001,11.315952287745576,36.213252227644546
0.018168750000000001,11.316204555209691,36.213715104802326
0.018170312500000001,11.316456869414658,36.214178024605104
0.018171875000000001,11.316709230365603,36.214640987053507
0.0181734375,11.316961638067871,36.215103992147547
0.018175,11.317214092526676,36.215567039887631
0.0181765625,11.317466593747284,36.216030130273658
0.018178125,11.317719141734974,36.216493263306241
0.0181796875,11.317971736494968,36.216956438985484
0.018181249999999999,11.318224378032548,36.217419657311453
0.018182812499999999,11.318477066352941,36.217882918284722
0.018184374999999999,11.318729801461458,36.218346221905321
0.018185937500000002,11.318982583363328,36.218809568173292
0.018187500000000002,11.319235412063797,36.219272957089188
0.018189062500000002,11.319488287568101,36.219736388653196
0.018190625000000002,11.319741209881602,36.220199862865506
0.018192187500000002,11.319994179009434,36.220663379726304
0.018193750000000002,11.320247194956895,36.221126939235816
0.018195312500000001,11.320500257729265,36.221590541394484
0.018196875000000001,11.320753367331749,36.2220541862022
0.018198437500000001,11.3210065237697,36.222517873659406
0.018200000000000001,11.321259727048293,36.222981603766343
0.018201562500000001,11.321512977172789,36.223445376523088
0.018203125000000001,11.321766274148477,36.223909191930062
0.0182046875,11.322019617980605,36.224373049987555
0.01820625,11.322273008674353,36.224836950695511
0.0182078125,11.322526446235116,36.225300894054406
0.018209375,11.322779930668021,36.225764880064375
0.0182109375,11.323033461978376,36.226228908725659
0.0182125,11.323287040171472,36.226692980038479
0.018214062499999999,11.323540665252521,36.227157094002791
0.018215624999999999,11.323794337226728,36.227621250619464
0.018217187500000002,11.324048056099446,36.228085449888418
0.018218750000000002,11.324301821875867,36.228549691809555
0.018220312500000002,11.324555634561257,36.229013976383548
0.018221875000000002,11.324809494160849,36.229478303610485
0.018223437500000002,11.325063400679998,36.229942673490534
0.018225000000000002,11.325317354123854,36.230407086023895
0.018226562500000001,11.325571354497699,36.23087154121086
0.018228125000000001,11.325825401806759,36.231336039051641
0.018229687500000001,11.326079496056298,36.231800579546501
0.018231250000000001,11.326333637251597,36.232265162695612
0.018232812500000001,11.326587825397917,36.23272978849932
0.018234375000000001,11.326842060500466,36.233194456957875
0.0182359375,11.327096342564548,36.233659168071114
0.0182375,11.32735067159537,36.234123921839831
0.0182390625,11.327605047598178,36.234588718263751
0.018240625,11.327859470578248,36.235053557343292
0.0182421875,11.328113940540842,36.235518439078746
0.01824375,11.328368457491154,36.235983363470389
0.018245312499999999,11.328623021434506,36.236448330518343
0.018246874999999999,11.328877632376162,36.236913340222607
0.018248437500000003,11.329132290321292,36.237378392583814
0.018250000000000002,11.329386995275213,36.237843487601992
0.018251562500000002,11.329641747243087,36.238308625277334
0.018253125000000002,11.329896546230236,36.238773805609959
0.018254687500000002,11.33015139224195,36.239239028600558
0.018256250000000002,11.330406285283393,36.239704294248703
0.018257812500000001,11.330661225359849,36.240169602555142
0.018259375000000001,11.330916212476611,36.240634953519944
0.018260937500000001,11.33117124663886,36.241100347143281
0.018262500000000001,11.331426327851881,36.24156578342506
0.018264062500000001,11.331681456120887,36.242031262365956
0.018265625000000001,11.331936631451173,36.242496783966203
0.0182671875,11.332191853847958,36.242962348225873
0.01826875,11.332447123316499,36.243427955145059
0.0182703125,11.332702439862059,36.243893604724079
0.018271875,11.332957803489855,36.244359296963026
0.0182734375,11.333213214205177,36.244825031862511
0.018275,11.333468672013248,36.245290809422485
0.018276562499999999,11.333724176919327,36.245756629643012
0.018278124999999999,11.333979728928632,36.246222492524652
0.018279687500000003,11.334235328046441,36.246688398067526
0.018281250000000002,11.334490974277999,36.247154346271735
0.018282812500000002,11.334746667628528,36.247620337137427
0.018284375000000002,11.335002408103346,36.248086370664879
0.018285937500000002,11.33525819570758,36.248552446854553
0.018287500000000002,11.335514030446554,36.249018565706372
0.018289062500000001,11.335769912325528,36.249484727220597
0.018290625000000001,11.336025841349704,36.249950931397528
0.018292187500000001,11.336281817524378,36.250417178237569
0.018293750000000001,11.33653784085473,36.250883467740536
0.018295312500000001,11.336793911346048,36.251349799906684
0.018296875000000001,11.337050029003617,36.251816174736462
0.0182984375,11.337306193832607,36.252282592230117
0.0183,11.337562405838268,36.252749052387593
0.0183015625,11.337818665025903,36.253215555209273
0.018303125,11.338074971400705,36.253682100695436
0.0183046875,11.338331324967955,36.254148688846065
0.01830625,11.338587725732854,36.254615319661497
0.018307812499999999,11.338844173700709,36.255081993142149
0.018309374999999999,11.339100668876704,36.255548709287766
0.018310937500000003,11.339357211266115,36.25601546809893
0.018312500000000002,11.339613800874178,36.256482269575805
0.018314062500000002,11.339870437706139,36.256949113718647
0.018315625000000002,11.340127121767212,36.257416000527428
0.018317187500000002,11.340383853062718,36.257882930002374
0.018318750000000002,11.340640631597855,36.258349902143998
0.018320312500000002,11.340897457377809,36.258816916952419
0.018321875000000001,11.341154330407864,36.259283974427575
0.018323437500000001,11.341411250693309,36.259751074569742
0.018325000000000001,11.341668218239365,36.260218217379439
0.018326562500000001,11.341925233051226,36.260685402856687
0.018328125000000001,11.342182295134206,36.261152631001607
0.0183296875,11.342439404493453,36.261619901814619
0.01833125,11.342696561134291,36.26208721529558
0.0183328125,11.342953765061921,36.262554571444916
0.018334375,11.343211016281632,36.263021970263019
0.0183359375,11.343468314798644,36.263489411749752
0.0183375,11.343725660618166,36.263956895905295
0.018339062499999999,11.343983053745431,36.264424422730478
0.018340624999999999,11.344240494185756,36.264891992224698
0.018342187500000003,11.344497981944276,36.265359604388678
0.018343750000000002,11.344755517026364,36.265827259222419
0.018345312500000002,11.34501309943713,36.26629495672622
0.018346875000000002,11.345270729181884,36.266762696900159
0.018348437500000002,11.345528406265883,36.267230479744832
0.018350000000000002,11.345786130694306,36.267698305259792
0.018351562500000002,11.346043902472429,36.268166173445564
0.018353125000000001,11.346301721605464,36.268634084302555
0.018354687500000001,11.346559588098669,36.269102037830521
0.018356250000000001,11.346817501957341,36.269570034030195
0.018357812500000001,11.347075463186655,36.270038072901265
0.018359375000000001,11.347333471791824,36.270506154444384
0.018360937500000001,11.347591527778146,36.270974278659693
0.0183625,11.347849631150822,36.271442445546896
0.0183640625,11.348107781915107,36.271910655106574
0.018365625,11.348365980076222,36.272378907339089
0.0183671875,11.348624225639403,36.272847202244151
0.01836875,11.348882518609933,36.273315539822704
0.018370312499999999,11.34914085899301,36.273783920074152
0.018371874999999999,11.349399246793887,36.274252342999148
0.018373437500000003,11.349657682017767,36.274720808597806
0.018375000000000002,11.349916164669944,36.275189316870346
0.018376562500000002,11.350174694755612,36.275657867816911
0.018378125000000002,11.350433272280041,36.276126461437499
0.018379687500000002,11.350691897248389,36.276595097732773
0.018381250000000002,11.35095056966602,36.277063776702597
0.018382812500000002,11.351209289538051,36.277532498347234
0.018384375000000001,11.351468056869834,36.278001262666848
0.018385937500000001,11.351726871666477,36.27847006966185
0.018387500000000001,11.351985733933272,36.278938919332177
0.018389062500000001,11.352244643675514,36.279407811677935
0.018390625000000001,11.352503600898348,36.279876746699742
0.018392187500000001,11.352762605607019,36.280345724397584
0.01839375,11.353021657806844,36.280814744771547
0.0183953125,11.353280757503006,36.281283807821914
0.018396875,11.353539904700646,36.281752913548807
0.0183984375,11.353799099405215,36.282222061952496
0.0184,11.354058341621718,36.282691253033178
0.0184015625,11.354317631355551,36.283160486791019
0.018403124999999999,11.354576968611834,36.283629763226372
0.018404687499999999,11.354836353395877,36.284099082339118
0.018406250000000002,11.355095785712907,36.284568444129505
0.018407812500000002,11.355355265568118,36.285037848598037
0.018409375000000002,11.355614792966783,36.28550729574463
0.018410937500000002,11.355874367914126,36.285976785569581
0.018412500000000002,11.356133990415302,36.286446318073004
0.018414062500000002,11.356393660475721,36.286915893255156
0.018415625000000001,11.356653378100463,36.287385511116192
0.018417187500000001,11.356913143294777,36.287855171656425
0.018418750000000001,11.357172956063964,36.288324874875883
0.018420312500000001,11.35743281641318,36.28879462077461
0.018421875000000001,11.357692724347668,36.289264409353166
0.018423437500000001,11.357952679872776,36.289734240611544
0.018425,11.358212682993591,36.290204114549773
0.0184265625,11.358472733715359,36.290674031168372
0.018428125,11.358732832043385,36.291143990467511
0.0184296875,11.358992977982849,36.291613992446976
0.01843125,11.359253171538999,36.292084037107614
0.0184328125,11.359513412717057,36.292554124448849
0.018434374999999999,11.359773701522322,36.293024254471305
0.018435937499999999,11.360034037959862,36.293494427175233
0.018437500000000002,11.360294422035077,36.293964642560717
0.018439062500000002,11.36055485375309,36.29443490062782
0.018440625000000002,11.360815333119149,36.294905201376714
0.018442187500000002,11.361075860138538,36.29537554480784
0.018443750000000002,11.361336434816424,36.295845930921324
0.018445312500000002,11.361597057158075,36.296316359717224
0.018446875000000001,11.361857727168712,36.296786831195625
0.018448437500000001,11.362118444853559,36.297257345357018
0.018450000000000001,11.362379210217824,36.297727902201345
0.018451562500000001,11.362640023266747,36.298198501728812
0.018453125000000001,11.362900884005583,36.298669143939762
0.018454687500000001,11.363161792439561,36.299139828834257
0.01845625,11.363422748573857,36.299610556412453
0.0184578125,11.36368375241374,36.300081326674622
0.018459375,11.363944803964442,36.300552139620706
0.0184609375,11.364205903231154,36.30102299525133
0.0184625,11.364467050219126,36.301493893566374
0.0184640625,11.36472824493358,36.301964834565972
0.018465624999999999,11.364989487379756,36.302435818250572
0.018467187499999999,11.365250777562865,36.30290684462004
0.018468750000000003,11.365512115488164,36.303377913674652
0.018470312500000002,11.365773501160833,36.303849025414806
0.018471875000000002,11.366034934586114,36.304320179840495
0.018473437500000002,11.366296415769233,36.304791376951819
0.018475000000000002,11.366557944715433,36.305262616749147
0.018476562500000002,11.366819521429935,36.305733899232429
0.018478125000000001,11.36708114591791,36.306205224402106
0.018479687500000001,11.367342818184699,36.30667659225815
0.018481250000000001,11.36760453823543,36.307148002800858
0.018482812500000001,11.367866306075335,36.307619456030295
0.018484375000000001,11.368128121709674,36.308090951946795
0.018485937500000001,11.368389985143684,36.308562490550408
0.0184875,11.368651896382541,36.309034071841474
0.0184890625,11.36891385543149,36.309505695819809
0.018490625,11.36917586229573,36.309977362485945
0.0184921875,11.369437916980571,36.31044907183999
0.01849375,11.369700019491127,36.310920823882064
0.0184953125,11.369962169832691,36.311392618612267
0.018496874999999999,11.370224368010437,36.311864456030968
0.018498437499999999,11.370486614029629,36.31233633613811
0.018500000000000003,11.370748907895468,36.312808258933998
0.018501562500000002,11.371011249613217,36.313280224418989
0.018503125000000002,11.371273639188034,36.313752232592876
0.018504687500000002,11.371536076625203,36.314224283455921
0.018506250000000002,11.371798561929893,36.314696377008488
0.018507812500000002,11.372061095107401,36.315168513250789
0.018509375000000002,11.372323676162852,36.315640692182789
0.018510937500000001,11.372586305101549,36.316112913804602
0.018512500000000001,11.372848981928628,36.31658517811654
0.018514062500000001,11.373111706649373,36.317057485118887
0.018515625000000001,11.373374479269025,36.317529834811715
0.018517187500000001,11.373637299792758,36.318002227195052
0.01851875,11.373900168225763,36.31847466226921
0.0185203125,11.374163084573343,36.318947140034403
0.018521875,11.374426048840705,36.319419660490681
0.0185234375,11.374689061033024,36.319892223638334
0.018525,11.374952121155516,36.320364829477306
0.0185265625,11.375215229213453,36.320837478008073
0.018528124999999999,11.375478385212011,36.3213101692306
0.018529687499999999,11.375741589156405,36.321782903145106
0.018531250000000003,11.376004841051873,36.322255679751777
0.018532812500000002,11.376268140903704,36.322728499050882
0.018534375000000002,11.376531488716999,36.323201361042358
0.018535937500000002,11.376794884497002,36.323674265726375
0.018537500000000002,11.377058328248975,36.324147213103238
0.018539062500000002,11.377321819978111,36.324620203173104
0.018540625000000002,11.377585359689645,36.325093235936258
0.018542187500000001,11.377848947388772,36.325566311392592
0.018543750000000001,11.378112583080746,36.326039429542512
0.018545312500000001,11.378376266770744,36.326512590386045
0.018546875000000001,11.37863999846399,36.326985793923207
0.018548437500000001,11.378903778165714,36.327459040154636
0.018550000000000001,11.379167605881124,36.327932329080099
0.0185515625,11.379431481615423,36.328405660699914
0.018553125,11.379695405373852,36.328879035014026
0.0185546875,11.379959377161667,36.329352452022825
0.01855625,11.380223396983999,36.329825911726395
0.0185578125,11.380487464846109,36.330299414125115
0.018559374999999999,11.380751580753223,36.330772959218763
0.018560937499999999,11.381015744710494,36.331246547007737
0.018562500000000003,11.381279956723251,36.331720177492173
0.018564062500000002,11.3815442167966,36.332193850672262
0.018565625000000002,11.381808524935781,36.332667566547848
0.018567187500000002,11.382072881146089,36.333141325119648
0.018568750000000002,11.382337285432637,36.333615126387393
0.018570312500000002,11.38260173780065,36.334088970351452
0.018571875000000002,11.382866238255435,36.334562857011996
0.018573437500000001,11.3831307868021,36.335036786368804
0.018575000000000001,11.383395383445922,36.335510758422686
0.018576562500000001,11.383660028192082,36.335984773173216
0.018578125000000001,11.383924721045824,36.336458830620877
0.018579687500000001,11.384189462012321,36.336932930765762
0.018581250000000001,11.384454251096788,36.337407073607878
0.0185828125,11.384719088304497,36.337881259147686
0.018584375,11.384983973640576,36.338355487384938
0.0185859375,11.385248907110354,36.338829758320301
0.0185875,11.385513888718975,36.3393040719534
0.0185890625,11.385778918471587,36.339778428284696
0.018590625,11.38604399637347,36.340252827314337
0.018592187499999999,11.386309122429855,36.340727269042432
0.018593749999999999,11.386574296645952,36.341201753469306
0.018595312500000002,11.386839519026923,36.341676280594641
0.018596875000000002,11.387104789578029,36.342150850418996
0.018598437500000002,11.387370108304449,36.342625462942465
0.018600000000000002,11.38763547521139,36.343100118165026
0.018601562500000002,11.387900890304074,36.343574816087205
0.018603125000000002,11.38816635358774,36.344049556708775
0.018604687500000001,11.388431865067593,36.344524340030091
0.018606250000000001,11.388697424748797,36.344999166051132
0.018607812500000001,11.388963032636619,36.345474034772167
0.018609375000000001,11.389228688736203,36.345948946193502
0.018610937500000001,11.389494393052795,36.346423900315074
0.018612500000000001,11.389760145591575,36.346898897137166
0.0186140625,11.390025946357838,36.347373936659764
0.018615625,11.39029179535672,36.347849018882982
0.0186171875,11.390557692593442,36.348324143807297
0.01861875,11.390823638073213,36.348799311432636
0.0186203125,11.391089631801234,36.349274521759114
0.018621875,11.391355673782769,36.349749774787078
0.018623437499999999,11.391621764022952,36.350225070516373
0.018624999999999999,11.39188790252701,36.350700408947453
0.018626562500000002,11.392154089300181,36.351175790080333
0.018628125000000002,11.392420324347684,36.351651213915076
0.018629687500000002,11.39268660767466,36.352126680451896
0.018631250000000002,11.392952939286365,36.352602189691005
0.018632812500000002,11.393219319187949,36.35307774163244
0.018634375000000002,11.39348574738475,36.353553336276633
0.018635937500000001,11.393752223881847,36.354028973623244
0.018637500000000001,11.394018748684479,36.354504653672819
0.018639062500000001,11.394285321797883,36.354980376425381
0.018640625000000001,11.39455194322721,36.355456141881092
0.018642187500000001,11.39481861297768,36.355931950039945
0.018643750000000001,11.395085331054585,36.356407800902325
0.0186453125,11.395352097463038,36.356883694468181
0.018646875,11.395618912208278,36.357359630737854
0.0186484375,11.395885775295524,36.357835609711337
0.01865,11.396152686729929,36.358311631388815
0.0186515625,11.396419646516716,36.358787695770495
0.018653125,11.396686654661107,36.35926380285639
0.018654687499999999,11.396953711168315,36.359739952646677
0.018656249999999999,11.397220816043543,36.360216145141727
0.018657812500000003,11.397487969291959,36.360692380341348
0.018659375000000002,11.397755170918826,36.361168658245667
0.018660937500000002,11.398022420929307,36.361644978854976
0.018662500000000002,11.398289719328595,36.362121342169715
0.018664062500000002,11.398557066121914,36.362597748189749
0.018665625000000002,11.398824461314469,36.363074196915086
0.018667187500000001,11.399091904911485,36.363550688345818
0.018668750000000001,11.399359396918053,36.364027222482484
0.018670312500000001,11.399626937339534,36.36450379932505
0.018671875000000001,11.399894526181072,36.364980418873444
0.018673437500000001,11.40016216344776,36.365457081127936
0.018675000000000001,11.400429849145004,36.365933786088767
0.0186765625,11.40069758327787,36.366410533756017
0.018678125,11.400965365851555,36.366887324129785
0.0186796875,11.40123319687129,36.367364157210247
0.01868125,11.401501076342289,36.367841032997539
0.0186828125,11.401769004269735,36.368317951491697
0.018684375,11.402036980658858,36.368794912693048
0.018685937499999999,11.402305005514785,36.369271916601498
0.018687499999999999,11.402573078842851,36.369748963217518
0.018689062500000003,11.402841200648107,36.370226052540929
0.018690625000000002,11.403109370935818,36.370703184572065
0.018692187500000002,11.40337758971123,36.371180359310877
0.018693750000000002,11.403645856979477,36.371657576757563
0.018695312500000002,11.403914172745765,36.372134836912352
0.018696875000000002,11.404182537015311,36.372612139775541
0.018698437500000002,11.404450949793324,36.373089485346824
0.018700000000000001,11.404719411084958,36.373566873626444
0.018701562500000001,11.404987920895509,36.374044304614884
0.018703125000000001,11.405256479230063,36.374521778311902
0.018704687500000001,11.405525086093867,36.374999294717725
0.018706250000000001,11.405793741492136,36.375476853832822
0.0187078125,11.406062445430047,36.375954455656874
0.018709375,11.406331197912813,36.376432100190144
0.0187109375,11.406599998945572,36.37690978743283
0.0187125,11.406868848533627,36.377387517385152
0.0187140625,11.40713774668211,36.377865290046962
0.018715625,11.407406693396185,36.378343105418608
0.018717187499999999,11.407675688681131,36.37882096349994
0.018718749999999999,11.40794473254209,36.37929886429162
0.018720312500000003,11.408213824984244,36.379776807793412
0.018721875000000002,11.408482966012857,36.380254794005481
0.018723437500000002,11.408752155633048,36.380732822928074
0.018725000000000002,11.409021393850098,36.381210894561029
0.018726562500000002,11.40929068066913,36.381689008904665
0.018728125000000002,11.409560016095327,36.382167165959203
0.018729687500000002,11.409829400134003,36.382645365724848
0.018731250000000001,11.410098832790213,36.383123608201437
0.018732812500000001,11.410368314069222,36.383601893389226
0.018734375000000001,11.410637843976227,36.384080221288272
0.018735937500000001,11.410907422516402,36.384558591898944
0.018737500000000001,11.41117704969496,36.385037005221122
0.018739062500000001,11.41144672551704,36.385515461255054
0.018740625,11.41171644998794,36.385993960000761
0.0187421875,11.411986223112773,36.386472501458414
0.01874375,11.412256044896742,36.386951085628276
0.0187453125,11.412525915345045,36.387429712510247
0.018746875,11.412795834462893,36.387908382104605
0.018748437499999999,11.413065802255462,36.388387094411463
0.018749999999999999,11.413335818727964,36.388865849430815
0.018751562500000003,11.413605883885548,36.389344647162922
0.018753125000000002,11.413875997733525,36.389823487607813
0.018754687500000002,11.414146160276912,36.39030237076588
0.018756250000000002,11.414416371521048,36.390781296636703
0.018757812500000002,11.414686631470998,36.391260265221
0.018759375000000002,11.414956940132049,36.391739276518535
0.018760937500000002,11.415227297509395,36.392218330529523
0.018762500000000001,11.415497703608182,36.392697427254021
0.018764062500000001,11.415768158433622,36.393176566692325
0.018765625000000001,11.416038661990866,36.393655748844459
0.018767187500000001,11.416309214285144,36.394134973710457
0.018768750000000001,11.416579815321681,36.394614241290704
0.018770312500000001,11.416850465105593,36.395093551584914
0.018771875,11.417121163642124,36.395572904593472
0.0187734375,11.417391910936425,36.39605230031637
0.018775,11.417662706993726,36.396531738754007
0.0187765625,11.417933551819134,36.397011219906204
0.018778125,11.418204445417992,36.397490743773126
0.0187796875,11.418475387795356,36.397970310355014
0.018781249999999999,11.418746378956445,36.398449919651931
0.018782812500000003,11.419017418906481,36.398929571663835
0.018784375000000002,11.419288507650643,36.399409266391054
0.018785937500000002,11.419559645194058,36.399889003833735
0.018787500000000002,11.41983083154201,36.400368783991894
0.018789062500000002,11.420102066699577,36.400848606865651
0.018790625000000002,11.420373350672097,36.401328472455106
0.018792187500000002,11.420644683464642,36.401808380760343
0.018793750000000001,11.420916065082434,36.402288331781527
0.018795312500000001,11.421187495530621,36.402768325518778
0.018796875000000001,11.42145897481447,36.403248361972359
0.018798437500000001,11.421730502939081,36.403728441142114
0.018800000000000001,11.422002079909674,36.40420856302832
0.018801562500000001,11.422273705731465,36.404688727631068
0.018803125,11.422545380409614,36.405168934950353
0.0188046875,11.422817103949312,36.405649184986537
0.01880625,11.423088876355777,36.406129477739384
0.0188078125,11.423360697634138,36.406609813209528
0.018809375,11.42363256778958,36.407090191396428
0.0188109375,11.423904486827343,36.407570612300653
0.018812499999999999,11.424176454752544,36.408051075922273
0.018814062499999999,11.424448471570459,36.408531582261141
0.018815625000000002,11.424720537286172,36.409012131317652
0.018817187500000002,11.42499265190493,36.409492723091816
0.018818750000000002,11.425264815431897,36.409973357583745
0.018820312500000002,11.425537027872279,36.410454034793617
0.018821875000000002,11.425809289231204,36.410934754721382
0.018823437500000002,11.426081599513964,36.411415517367232
0.018825000000000001,11.42635395872561,36.411896322731216
0.018826562500000001,11.42662636687143,36.412377170813798
0.018828125000000001,11.426898823956538,36.412858061614443
0.018829687500000001,11.427171329986132,36.413338995133962
0.018831250000000001,11.427443884965449,36.41381997137195
0.018832812500000001,11.427716488899589,36.414300990328613
0.018834375,11.427989141793827,36.414782052004057
0.0188359375,11.428261843653221,36.415263156398602
0.0188375,11.428534594483041,36.415744303512234
0.0188390625,11.428807394288524,36.416225493345017
0.018840625,11.429080243074688,36.416706725897065
0.0188421875,11.429353140846839,36.417188001168498
0.018843749999999999,11.429626087610149,36.417669319159394
0.018845312499999999,11.429899083369762,36.418150679869946
0.018846875000000003,11.430172128130884,36.418632083300153
0.018848437500000002,11.430445221898651,36.419113529450215
0.018850000000000002,11.430718364678309,36.419595018320102
0.018851562500000002,11.430991556474941,36.420076549909844
0.018853125000000002,11.431264797293881,36.420558124219994
0.018854687500000002,11.431538087140169,36.42103974125024
0.018856250000000001,11.43181142601901,36.421521401000966
0.018857812500000001,11.432084813935687,36.422003103471972
0.018859375000000001,11.43235825089522,36.422484848663608
0.018860937500000001,11.432631736902913,36.4229666365759
0.018862500000000001,11.432905271963923,36.423448467208914
0.018864062500000001,11.433178856083368,36.423930340562613
0.018865625,11.4334524892665,36.42441225663736
0.0188671875,11.433726171518421,36.42489421543317
0.01886875,11.433999902844361,36.425376216949978
0.0188703125,11.434273683249469,36.425858261188303
0.018871875,11.434547512738989,36.426340348147811
0.0188734375,11.434821391317998,36.426822477828793
0.018874999999999999,11.43509531899176,36.427304650231349
0.018876562499999999,11.435369295765375,36.427786865355365
0.018878125000000003,11.435643321644111,36.428269123201297
0.018879687500000002,11.435917396633114,36.428751423769185
0.018881250000000002,11.436191520737461,36.429233767058911
0.018882812500000002,11.436465693962479,36.429716153070594
0.018884375000000002,11.43673991631324,36.430198581804483
0.018885937500000002,11.437014187794954,36.430681053260599
0.018887500000000002,11.437288508412843,36.431163567438894
0.018889062500000001,11.437562878171946,36.431646124339714
0.018890625000000001,11.437837297077571,36.432128723963281
0.018892187500000001,11.438111765134877,36.43261136630926
0.018893750000000001,11.438386282348988,36.433094051377921
0.018895312500000001,11.438660848725148,36.433576779169456
0.018896875,11.43893546426836,36.434059549684022
0.0188984375,11.439210128984037,36.43454236292142
0.0189,11.439484842877176,36.435025218881876
0.0189015625,11.439759605953085,36.435508117565618
0.018903125,11.440034418216801,36.435991058972732
0.0189046875,11.440309279673594,36.436474043103146
0.018906249999999999,11.440584190328602,36.436957069956996
0.018907812499999999,11.440859150186995,36.43744013953448
0.018909375000000003,11.441134159253966,36.437923251835571
0.018910937500000002,11.441409217534671,36.438406406860281
0.018912500000000002,11.441684325034284,36.438889604609066
0.018914062500000002,11.441959481758019,36.439372845081849
0.018915625000000002,11.442234687710926,36.439856128278436
0.018917187500000002,11.44250994289834,36.440339454199233
0.018918750000000002,11.442785247325308,36.440822822844176
0.018920312500000001,11.443060600997091,36.441306234213506
0.018921875000000001,11.443336003918777,36.441789688307196
0.018923437500000001,11.443611456095582,36.442273185125288
0.018925000000000001,11.44388695753268,36.442756724668136
0.018926562500000001,11.444162508235236,36.443240306935508
0.018928125000000001,11.444438108208395,36.443723931927686
0.0189296875,11.44471375745734,36.444207599644749
0.01893125,11.444989455987278,36.444691310086696
0.0189328125,11.44526520380338,36.445175063253714
0.018934375,11.44554100091076,36.445658859145837
0.0189359375,11.445816847314564,36.446142697762902
0.018937499999999999,11.446092743020085,36.446626579105562
0.018939062499999999,11.446368688032395,36.447110503173462
0.018940625000000003,11.446644682356656,36.447594469966802
0.018942187500000002,11.446920725998128,36.448078479485595
0.018943750000000002,11.447196818961878,36.448562531730261
0.018945312500000002,11.44747296125311,36.449046626700479
0.018946875000000002,11.44774915287698,36.449530764396421
0.018948437500000002,11.44802539383868,36.450014944818413
0.018950000000000002,11.448301684143374,36.450499167966257
0.018951562500000001,11.448578023796211,36.450983433840115
0.018953125000000001,11.448854412802419,36.451467742440251
0.018954687500000001,11.449130851167105,36.4519520937666
0.018956250000000001,11.449407338895421,36.452436487819163
0.018957812500000001,11.449683875992593,36.452920924598068
0.018959375000000001,11.449960462463705,36.453405404103634
0.0189609375,11.450237098314032,36.453889926335606
0.0189625,11.450513783548667,36.454374491294054
0.0189640625,11.450790518172763,36.454859098979561
0.018965625,11.45106730219152,36.455343749391695
0.0189671875,11.451344135610137,36.455828442530681
0.01896875,11.451621018433723,36.456313178396691
0.018970312499999999,11.451897950667412,36.456797956989654
0.018971875000000003,11.452174932316474,36.457282778309811
0.018973437500000002,11.452451963385977,36.457767642357112
0.018975000000000002,11.452729043881176,36.458252549131849
0.018976562500000002,11.453006173807161,36.458737498633781
0.018978125000000002,11.453283353169073,36.459222490863148
0.018979687500000002,11.453560581972159,36.459707525820271
0.018981250000000002,11.453837860221538,36.460192603504709
0.018982812500000001,11.454115187922397,36.460677723916916
0.018984375000000001,11.454392565079894,36.461162887057036
0.018985937500000001,11.454669991699166,36.461648092924776
0.018987500000000001,11.454947467785363,36.462133341520584
0.018989062500000001,11.455224993343723,36.462618632844297
0.018990625000000001,11.455502568379341,36.463103966896036
0.0189921875,11.455780192897384,36.463589343676134
0.01899375,11.456057866903061,36.46407476318425
0.0189953125,11.456335590401421,36.464560225420769
0.018996875,11.456613363397775,36.465045730385498
0.0189984375,11.456891185897206,36.46553127807875
0.019,11.45716905790492,36.466016868500532
0.019001562499999999,11.457446979426004,36.466502501650879
0.019003124999999999,11.457724950465636,36.466988177529998
0.019004687500000002,11.458002971029048,36.467473896137655
0.019006250000000002,11.458281041121317,36.467959657474431
0.019007812500000002,11.458559160747667,36.468445461539787
0.019009375000000002,11.458837329913209,36.468931308334312
0.019010937500000002,11.459115548623089,36.46941719785773
0.019012500000000002,11.459393816882541,36.469903130110396
0.019014062500000001,11.459672134696682,36.470389105092238
0.019015625000000001,11.459950502070603,36.470875122803221
0.019017187500000001,11.460228919009618,36.471361183243559
0.019018750000000001,11.460507385518776,36.4718472864134
0.019020312500000001,11.460785901603236,36.472333432312404
0.019021875000000001,11.461064467268157,36.472819620941152
0.0190234375,11.4613430825188,36.473305852299589
0.019025,11.46162174736016,36.473792126387721
0.0190265625,11.461900461797532,36.474278443205463
0.019028125,11.462179225835976,36.474764802753064
0.0190296875,11.462458039480698,36.475251205030474
0.01903125,11.462736902736888,36.475737650037914
0.019032812499999999,11.463015815609596,36.476224137775546
0.019034374999999999,11.463294778104085,36.476710668243022
0.019035937500000003,11.463573790225464,36.477197241440656
0.019037500000000002,11.463852851978897,36.477683857368476
0.019039062500000002,11.464131963369597,36.478170516026751
0.019040625000000002,11.464411124402577,36.47865721741536
0.019042187500000002,11.464690335083121,36.479143961534483
0.019043750000000002,11.464969595416347,36.479630748383812
0.019045312500000001,11.465248905407371,36.480117577963782
0.019046875000000001,11.465528265061401,36.480604450274498
0.019048437500000001,11.465807674383612,36.481091365315848
0.019050000000000001,11.466087133379059,36.481578323087938
0.019051562500000001,11.466366642052988,36.482065323590675
0.019053125000000001,11.466646200410544,36.482552366824656
0.0190546875,11.466925808456843,36.483039452789519
0.01905625,11.467205466197006,36.483526581485222
0.0190578125,11.467485173636279,36.484013752912169
0.019059375,11.467764930779767,36.484500967069913
0.0190609375,11.468044737632626,36.484988223959157
0.0190625,11.468324594200025,36.48547552357951
0.019064062499999999,11.46860450048713,36.485962865931285
0.019065624999999999,11.468884456499039,36.486450251014396
0.019067187500000003,11.469164462240872,36.486937678828902
0.019068750000000002,11.469444517717941,36.487425149374964
0.019070312500000002,11.469724622935237,36.487912662652803
0.019071875000000002,11.470004777898051,36.488400218662235
0.019073437500000002,11.470284982611368,36.488887817403153
0.019075000000000002,11.470565237080468,36.489375458875855
0.019076562500000002,11.470845541310458,36.489863143080449
0.019078125000000001,11.471125895306487,36.490350870017075
0.019079687500000001,11.471406299073724,36.4908386396853
0.019081250000000001,11.4716867526173,36.491326452085616
0.019082812500000001,11.471967255942412,36.491814307218078
0.019084375000000001,11.472247809054133,36.492302205082531
0.0190859375,11.472528411957667,36.492790145679329
0.0190875,11.472809064658117,36.493278129008061
0.0190890625,11.47308976716071,36.49376615506926
0.019090625,11.473370519470533,36.494254223862924
0.0190921875,11.473651321592751,36.494742335388835
0.01909375,11.473932173532493,36.495230489647149
0.019095312499999999,11.474213075294955,36.495718686637979
0.019096874999999999,11.47449402688526,36.496206926361388
0.019098437500000003,11.474775028308535,36.496695208817442
0.019100000000000002,11.475056079569969,36.497183534006211
0.019101562500000002,11.47533718067471,36.497671901927738
0.019103125000000002,11.475618331627846,36.498160312581945
0.019104687500000002,11.47589953243455,36.498648765969058
0.019106250000000002,11.47618078310005,36.499137262088951
0.019107812500000002,11.476462083629343,36.499625800941942
0.019109375000000001,11.476743434027718,36.500114382527869
0.019110937500000001,11.477024834300229,36.500603006846852
0.019112500000000001,11.47730628445205,36.501091673898969
0.019114062500000001,11.477587784488367,36.501580383684157
0.019115625000000001,11.477869334414306,36.502069136202486
0.0191171875,11.478150934234936,36.502557931454284
0.01911875,11.478432583955515,36.503046769439401
0.0191203125,11.478714283581127,36.503535650157779
0.019121875,11.478996033116932,36.504024573609605
0.0191234375,11.47927783256805,36.504513539794772
0.019125,11.479559681939673,36.505002548713598
0.019126562499999999,11.479841581236922,36.5054916003659
0.019128124999999999,11.480123530464917,36.505980694751941
0.019129687500000003,11.480405529628868,36.506469831871676
0.019131250000000002,11.480687578733825,36.506959011724774
0.019132812500000002,11.480969677785058,36.507448234312015
0.019134375000000002,11.481251826787586,36.507937499632966
0.019135937500000002,11.481534025746582,36.508426807687762
0.019137500000000002,11.481816274667256,36.508916158476467
0.019139062500000002,11.482098573554664,36.509405551999137
0.019140625000000001,11.482380922414004,36.509894988255859
0.019142187500000001,11.482663321250387,36.510384467246546
0.019143750000000001,11.482945770069021,36.510873988971362
0.019145312500000001,11.483228268874978,36.511363553430378
0.019146875000000001,11.483510817673414,36.511853160623495
0.019148437500000001,11.483793416469476,36.512342810550891
0.01915,11.48407606526834,36.51283250321255
0.0191515625,11.484358764075038,36.513322238608559
0.019153125,11.484641512894871,36.513812016739024
0.0191546875,11.484924311732847,36.514301837603796
0.01915625,11.485207160594136,36.51479170120313
0.019157812499999999,11.485490059483965,36.515281607536927
0.019159374999999999,11.485773008407396,36.515771556605081
0.019160937500000003,11.486056007369552,36.516261548408025
0.019162500000000002,11.486339056375593,36.516751582945645
0.019164062500000002,11.486622155430714,36.517241660217771
0.019165625000000002,11.486905304539942,36.517731780224842
0.019167187500000002,11.487188503708529,36.518221942966264
0.019168750000000002,11.487471752941563,36.518712148442852
0.019170312500000002,11.48775505224417,36.519202396654293
0.019171875000000001,11.488038401621504,36.51969268760039
0.019173437500000001,11.488321801078721,36.520183021281511
0.019175000000000001,11.488605250620937,36.520673397697529
0.019176562500000001,11.488888750253279,36.521163816848762
0.019178125000000001,11.489172299980945,36.521654278734864
0.019179687500000001,11.489455899808995,36.522144783356083
0.01918125,11.489739549742591,36.522635330712575
0.0191828125,11.490023249786887,36.523125920803921
0.019184375,11.490306999947064,36.523616553630688
0.0191859375,11.49059080022816,36.524107229192559
0.0191875,11.490874650635337,36.524597947489802
0.0191890625,11.491158551173763,36.525088708522432
0.019190624999999999,11.491442501848583,36.525579512290228
0.019192187500000003,11.491726502664878,36.526070358793568
0.019193750000000002,11.492010553627855,36.52656124803228
0.019195312500000002,11.492294654742624,36.527052180006564
0.019196875000000002,11.492578806014317,36.527543154716199
0.019198437500000002,11.492863007448028,36.528034172161433
0.019200000000000002,11.49314725904893,36.528525232342211
0.019201562500000002,11.493431560822151,36.529016335258582
0.019203125000000001,11.493715912772821,36.529507480910574
0.019204687500000001,11.494000314906101,36.52999866929828
0.019206250000000001,11.4942847672271,36.530489900421784
0.019207812500000001,11.49456926974098,36.530981174280846
0.019209375000000001,11.494853822452807,36.53147249087592
0.019210937500000001,11.495138425367776,36.531963850206537
0.0192125,11.495423078490985,36.532455252273259
0.0192140625,11.495707781827592,36.532946697075786
0.019215625,11.495992535382786,36.533438184614177
0.0192171875,11.49627733916155,36.533929714888352
0.01921875,11.496562193169137,36.534421287898624
0.0192203125,11.496847097410642,36.534912903644923
0.019221874999999999,11.497132051891214,36.535404562127269
0.019223437499999999,11.497417056615939,36.535896263345627
0.019225000000000003,11.497702111590018,36.536388007300076
0.019226562500000002,11.497987216818522,36.536879793990749
0.019228125000000002,11.498272372306605,36.537371623417457
0.019229687500000002,11.498557578059383,36.537863495580488
0.019231250000000002,11.498842834082001,36.538355410479646
0.019232812500000002,11.499128140379636,36.538847368115213
0.019234375000000001,11.499413496957288,36.539339368486871
0.019235937500000001,11.499698903820239,36.539831411594896
0.019237500000000001,11.499984360973469,36.540323497439239
0.019239062500000001,11.500269868422283,36.540815626019949
0.019240625000000001,11.500555426171664,36.541307797337076
0.019242187500000001,11.500841034226823,36.541800011390592
0.01924375,11.501126692592834,36.542292268180496
0.0192453125,11.501412401274861,36.542784567707002
0.019246875,11.501698160277996,36.543276909969876
0.0192484375,11.501983969607451,36.543769294969273
0.01925,11.502269829268265,36.544261722705251
0.0192515625,11.502555739265585,36.544754193177866
0.019253124999999999,11.502841699604545,36.54524670638699
0.019254687499999999,11.503127710290332,36.545739262332837
0.019256250000000003,11.503413771327951,36.546231861015258
0.019257812500000002,11.503699882722646,36.546724502434238
0.019259375000000002,11.503986044479479,36.547217186590025
0.019260937500000002,11.504272256603583,36.547709913482713
0.019262500000000002,11.504558519100096,36.548202683111853
0.019264062500000002,11.50484483197415,36.548695495477943
0.019265625000000001,11.50513119523089,36.549188350580557
0.019267187500000001,11.505417608875396,36.549681248420256
0.019268750000000001,11.505704072912774,36.55017418899682
0.019270312500000001,11.505990587348284,36.550667172310007
0.019271875000000001,11.506277152186877,36.551160198360272
0.019273437500000001,11.506563767433796,36.551653267147351
0.019275,11.506850433094071,36.552146378671289
0.0192765625,11.50713714917295,36.552639532932233
0.019278125,11.507423915675462,36.553132729930233
0.0192796875,11.507710732606744,36.553625969664914
0.01928125,11.50799759997196,36.554119252136886
0.0192828125,11.508284517776152,36.554612577345672
0.019284374999999999,11.508571486024561,36.555105945291587
0.019285937499999999,11.508858504722218,36.555599355974621
0.019287500000000003,11.50914557387431,36.556092809394677
0.019289062500000002,11.5094326934859,36.556586305551797
0.019290625000000002,11.509719863562127,36.557079844446058
0.019292187500000002,11.510007084108139,36.557573426077482
0.019293750000000002,11.510294355129025,36.558067050445885
0.019295312500000002,11.510581676629949,36.558560717551714
0.019296875000000002,11.510869048616032,36.559054427394493
0.019298437500000001,11.511156471092288,36.559548179974527
0.019300000000000001,11.511443944064007,36.560041975291739
0.019301562500000001,11.511731467536199,36.560535813346185
0.019303125000000001,11.512019041514018,36.56102969413795
0.019304687500000001,11.512306666002569,36.561523617666992
0.01930625,11.512594341007011,36.562017583933191
0.0193078125,11.512882066532404,36.562511592936708
0.019309375,11.513169842583915,36.563005644677716
0.0193109375,11.513457669166641,36.563499739155731
0.0193125,11.513745546285689,36.563993876371306
0.0193140625,11.514033473946203,36.564488056324208
0.019315624999999999,11.514321452153352,36.564982279014316
0.019317187499999999,11.514609480912164,36.565476544441779
0.019318750000000003,11.514897560227823,36.565970852606881
0.019320312500000002,11.515185690105371,36.56646520350909
0.019321875000000002,11.515473870549975,36.566959597148966
0.019323437500000002,11.515762101566791,36.567454033525991
0.019325000000000002,11.516050383160884,36.567948512640704
0.019326562500000002,11.516338715337378,36.568443034492553
0.019328125000000002,11.516627098101409,36.568937599082176
0.019329687500000001,11.516915531458126,36.569432206408955
0.019331250000000001,11.517204015412563,36.569926856473387
0.019332812500000001,11.517492549969852,36.570421549275174
0.019334375000000001,11.517781135135193,36.570916284814551
0.019335937500000001,11.518069770913611,36.571411063091446
0.019337500000000001,11.518358457310269,36.571905884105782
0.0193390625,11.518647194330338,36.57240074785765
0.019340625,11.518935981978743,36.572895654347221
0.0193421875,11.519224820260792,36.573390603573969
0.01934375,11.519513709181544,36.573885595538364
0.0193453125,11.519802648746078,36.574380630240313
0.019346874999999999,11.520091638959501,36.574875707679986
0.019348437499999999,11.520380679827031,36.575370827857007
0.019350000000000003,11.520669771353692,36.575865990771568
0.019351562500000002,11.520958913544588,36.576361196423818
0.019353125000000002,11.521248106404924,36.576856444813664
0.019354687500000002,11.521537349939674,36.577351735941114
0.019356250000000002,11.521826644154096,36.577847069806126
0.019357812500000002,11.522115989053193,36.578342446408705
0.019359375000000002,11.522405384642147,36.578837865748667
0.019360937500000001,11.522694830926071,36.579333327826447
0.019362500000000001,11.522984327910047,36.579828832641795
0.019364062500000001,11.523273875599125,36.580324380194746
0.019365625000000001,11.523563473998575,36.580819970485344
0.019367187500000001,11.52385312311343,36.581315603513566
0.019368750000000001,11.524142822948725,36.58181127927935
0.0193703125,11.524432573509721,36.582306997782737
0.019371875,11.524722374801346,36.582802759023771
0.0193734375,11.52501222682892,36.583298563002401
0.019375,11.525302129597462,36.583794409718735
0.0193765625,11.525592083111965,36.584290299172693
0.019378125,11.525882087377679,36.584786231364134
0.019379687499999999,11.526172142399695,36.585282206293236
0.019381250000000003,11.526462248183115,36.585778223960013
0.019382812500000002,11.526752404733045,36.586274284364464
0.019384375000000002,11.527042612054615,36.586770387506341
0.019385937500000002,11.5273328701529,36.587266533386121
0.019387500000000002,11.527623179033009,36.587762722003248
0.019389062500000002,11.52791353870008,36.588258953358192
0.019390625000000002,11.528203949159149,36.588755227450704
0.019392187500000001,11.528494410415469,36.589251544280835
0.019393750000000001,11.528784922474019,36.589747903848725
0.019395312500000001,11.529075485339963,36.590244306153949
0.019396875000000001,11.529366099018388,36.590740751196975
0.019398437500000001,11.529656763514438,36.59123723897757
0.019400000000000001,11.529947478833199,36.591733769495654
0.0194015625,11.530238244979731,36.592230342751449
0.019403125,11.530529061959195,36.592726958744798
0.0194046875,11.530819929776744,36.593223617475751
0.01940625,11.531110848437335,36.593720318944442
0.0194078125,11.531401817946243,36.594217063150495
0.019409375,11.531692838308446,36.594713850094202
0.019410937499999999,11.531983909529128,36.595210679775462
0.019412499999999999,11.532275031613393,36.595707552194398
0.019414062500000002,11.532566204566324,36.596204467350816
0.019415625000000002,11.532857428392999,36.596701425244724
0.019417187500000002,11.533148703098544,36.597198425876329
0.019418750000000002,11.5334400286881,36.597695469245394
0.019420312500000002,11.533731405166781,36.598192555351893
0.019421875000000002,11.534022832539604,36.598689684196117
0.019423437500000001,11.534314310811718,36.599186855777702
0.019425000000000001,11.534605839988236,36.599684070096949
0.019426562500000001,11.534897420074305,36.600181327153628
0.019428125000000001,11.53518905107491,36.600678626947776
0.019429687500000001,11.535480732995303,36.601175969479279
0.019431250000000001,11.53577246584045,36.601673354748385
0.0194328125,11.536064249615572,36.602170782754968
0.019434375,11.53635608432567,36.602668253499004
0.0194359375,11.536647969975938,36.603165766980467
0.0194375,11.536939906571421,36.603663323199193
0.0194390625,11.537231894117205,36.604160922155614
0.019440625,11.53752393261847,36.604658563849377
0.019442187499999999,11.537816022080222,36.605156248280473
0.019443749999999999,11.538108162507699,36.605653975449052
0.019445312500000003,11.538400353905839,36.606151745354879
0.019446875000000002,11.538692596279827,36.606649557998075
0.019448437500000002,11.538984889634785,36.607147413378826
0.019450000000000002,11.539277233975767,36.607645311496633
0.019451562500000002,11.539569629307882,36.608143252351944
0.019453125000000002,11.53986207563627,36.608641235944532
0.019454687500000001,11.540154572965989,36.609139262274255
0.019456250000000001,11.540447121302172,36.609637331341496
0.019457812500000001,11.540739720649873,36.610135443145872
0.019459375000000001,11.541032371014209,36.610633597687539
0.019460937500000001,11.541325072400307,36.611131794966504
0.019462500000000001,11.541617824813239,36.611630034982468
0.0194640625,11.54191062825814,36.612128317735866
0.019465625,11.542203482740065,36.612626643226399
0.0194671875,11.5424963882641,36.613125011454088
0.01946875,11.54278934483542,36.613623422419103
0.0194703125,11.543082352459084,36.614121876120954
0.019471875,11.543375411140133,36.61462037256004
0.019473437499999999,11.543668520883736,36.615118911736204
0.019474999999999999,11.543961681694961,36.615617493649552
0.019476562500000003,11.544254893578929,36.616116118299949
0.019478125000000002,11.54454815654069,36.616614785687439
0.019479687500000002,11.544841470585391,36.617113495811772
0.019481250000000002,11.545134835718153,36.617612248673325
0.019482812500000002,11.545428251943981,36.618111044271771
0.019484375000000002,11.545721719267993,36.618609882607146
0.019485937500000002,11.546015237695375,36.619108763679613
0.019487500000000001,11.54630880723111,36.619607687488859
0.019489062500000001,11.546602427880323,36.620106654035048
0.019490625000000001,11.546896099648194,36.620605663318315
0.019492187500000001,11.547189822539758,36.621104715338262
0.019493750000000001,11.547483596560014,36.621603810095102
0.0194953125,11.547777421714233,36.622102947588857
0.019496875,11.548071298007383,36.622602127819242
0.0194984375,11.548365225444606,36.623101350786527
0.0195,11.54865920403099,36.623600616490478
0.0195015625,11.548953233771629,36.624099924931265
0.019503125,11.549247314671613,36.624599276108732
0.019504687499999999,11.549541446736056,36.625098670023021
0.019506249999999999,11.549835629970005,36.625598106673863
0.019507812500000003,11.55012986437862,36.626097586061412
0.019509375000000002,11.550424149966908,36.626597108185351
0.019510937500000002,11.55071848674006,36.627096673046054
0.019512500000000002,11.551012874703087,36.627596280643296
0.019514062500000002,11.55130731386109,36.62809593097721
0.019515625000000002,11.551601804219201,36.62859562404752
0.019517187500000002,11.551896345782527,36.629095359854318
0.019518750000000001,11.552190938556068,36.629595138397548
0.019520312500000001,11.552485582545021,36.630094959677301
0.019521875000000001,11.552780277754412,36.630594823693478
0.019523437500000001,11.553075024189342,36.631094730445945
0.019525000000000001,11.553369821854911,36.631594679934885
0.019526562500000001,11.553664670756209,36.632094672160022
0.019528125,11.553959570898355,36.632594707121427
0.0195296875,11.55425452228633,36.633094784819306
0.01953125,11.554549524925344,36.633594905253283
0.0195328125,11.554844578820484,36.634095068423612
0.019534375,11.555139683976769,36.634595274330039
0.019535937499999999,11.555434840399272,36.635095522972634
0.019537499999999999,11.555730048093196,36.635595814351248
0.019539062500000003,11.556025307063539,36.636096148466251
0.019540625000000002,11.5563206173154,36.636596525317202
0.019542187500000002,11.556615978853902,36.637096944904059
0.019543750000000002,11.556911391684086,36.637597407226728
0.019545312500000002,11.557206855811119,36.638097912285623
0.019546875000000002,11.557502371239957,36.638598460080615
0.019548437500000002,11.557797937975842,36.639099050611279
0.019550000000000001,11.558093556023726,36.639599683877925
0.019551562500000001,11.558389225388767,36.640100359880527
0.019553125000000001,11.558684946076074,36.640601078618857
0.019554687500000001,11.558980718090682,36.64110184009288
0.019556250000000001,11.559276541437674,36.64160264430275
0.019557812500000001,11.559572416122185,36.642103491248179
0.019559375,11.559868342149237,36.642604380929463
0.0195609375,11.560164319523965,36.643105313346254
0.0195625,11.560460348251468,36.643606288498724
0.0195640625,11.560756428336775,36.644107306386665
0.019565625,11.561052559785015,36.644608367010377
0.0195671875,11.561348742601236,36.645109470369547
0.019568749999999999,11.561644976790566,36.645610616463877
0.019570312500000003,11.561941262358042,36.646111805293913
0.019571875000000002,11.562237599308824,36.646613036859399
0.019573437500000002,11.562533987647885,36.647114311160081
0.019575000000000002,11.562830427380421,36.647615628196256
0.019576562500000002,11.563126918511418,36.648116987967541
0.019578125000000002,11.563423461046014,36.648618390474098
0.019579687500000002,11.5637200549893,36.649119835716021
0.019581250000000001,11.564016700346311,36.649621323692998
0.019582812500000001,11.564313397122188,36.650122854405069
0.019584375000000001,11.564610145322,36.650624427852321
0.019585937500000001,11.56490694495079,36.651126044034669
0.019587500000000001,11.565203796013689,36.65162770295197
0.019589062500000001,11.565500698515716,36.652129404604061
0.019590625,11.565797652462042,36.652631148991432
0.0195921875,11.566094657857626,36.653132936113359
0.01959375,11.566391714707676,36.653634765970445
0.0195953125,11.566688823017204,36.654136638562171
0.019596875,11.566985982791268,36.654638553888603
0.0195984375,11.567283194035047,36.655140511949831
0.019599999999999999,11.567580456753547,36.655642512745949
0.019601562500000003,11.567877770951847,36.65614455627648
0.019603125000000002,11.568175136635039,36.656646642541794
0.019604687500000002,11.568472553808201,36.657148771541529
0.019606250000000002,11.568770022476432,36.657650943275861
0.019607812500000002,11.569067542644806,36.65815315774455
0.019609375000000002,11.569365114318368,36.658655414947752
0.019610937500000002,11.569662737502206,36.659157714885353
0.019612500000000001,11.569960412201388,36.659660057557446
0.019614062500000001,11.570258138421098,36.660162442963589
0.019615625000000001,11.570555916166258,36.660664871104245
0.019617187500000001,11.570853745442058,36.66116734197881
0.019618750000000001,11.571151626253529,36.661669855587753
0.019620312500000001,11.571449558605783,36.662172411930847
0.019621875,11.571747542503806,36.662675011007771
0.0196234375,11.572045577952801,36.663177652818909
0.019625,11.572343664957769,36.66368033736407
0.0196265625,11.572641803523775,36.664183064643105
0.019628125,11.572939993655917,36.664685834656083
0.0196296875,11.57323823535932,36.665188647402672
0.019631249999999999,11.573536528639019,36.665691502883256
0.019632812499999999,11.573834873500054,36.666194401097528
0.019634375000000003,11.574133269947531,36.666697342045516
0.019635937500000002,11.574431717986519,36.667200325727102
0.019637500000000002,11.57473021762215,36.667703352142368
0.019639062500000002,11.575028768859429,36.668206421291231
0.019640625000000002,11.575327371703457,36.668709533173505
0.019642187500000002,11.575626026159263,36.669212687789482
0.019643750000000001,11.575924732232016,36.669715885138409
0.019645312500000001,11.576223489926704,36.670219125220882
0.019646875000000001,11.576522299248424,36.67072240803671
0.019648437500000001,11.576821160202309,36.671225733585644
0.019650000000000001,11.577120072793347,36.671729101867989
0.019651562500000001,11.577419037026642,36.672232512883291
0.019653125,11.577718052907276,36.672735966631841
0.0196546875,11.578017120440338,36.673239463113447
0.01965625,11.578316239630846,36.673743002327882
0.0196578125,11.578615410483874,36.674246584275323
0.019659375,11.578914633004581,36.674750208955622
0.0196609375,11.579213907197998,36.675253876368913
0.019662499999999999,11.579513233069109,36.67575758651482
0.019664062499999999,11.579812610623129,36.676261339393605
0.019665625000000003,11.58011203986505,36.676765135004814
0.019667187500000002,11.580411520799927,36.677268973348887
0.019668750000000002,11.580711053432848,36.677772854425434
0.019670312500000002,11.581010637768935,36.678276778234306
0.019671875000000002,11.581310273813141,36.67878074477585
0.019673437500000002,11.58160996157066,36.679284754049753
0.019675000000000002,11.581909701046506,36.679788806056052
0.019676562500000001,11.582209492245738,36.680292900794548
0.019678125000000001,11.582509335173436,36.68079703826519
0.019679687500000001,11.582809229834664,36.681301218468143
0.019681250000000001,11.583109176234526,36.681805441403135
0.019682812500000001,11.583409174378101,36.682309707070146
0.019684375,11.583709224270315,36.682814015469091
0.0196859375,11.584009325916419,36.683318366600034
0.0196875,11.584309479321409,36.683822760462952
0.0196890625,11.584609684490324,36.68432719705774
0.019690625,11.584909941428261,36.6848316763841
0.0196921875,11.58521025014033,36.685336198442201
0.019693749999999999,11.58551061063149,36.685840763232122
0.019695312499999999,11.585811022906908,36.686345370753401
0.019696875000000003,11.586111486971541,36.686850021006464
0.019698437500000002,11.586412002830603,36.687354713990736
0.019700000000000002,11.586712570489066,36.687859449706664
0.019701562500000002,11.587013189952039,36.688364228153667
0.019703125000000002,11.587313861224505,36.688869049332126
0.019704687500000002,11.587614584311652,36.689373913241802
0.019706250000000002,11.587915359218471,36.689878819882523
0.019707812500000001,11.588216185950012,36.690383769254446
0.019709375000000001,11.58851706451137,36.690888761357357
0.019710937500000001,11.588817994907611,36.691393796191385
0.019712500000000001,11.589118977143791,36.69189887375606
0.019714062500000001,11.589420011224965,36.69240399405183
0.019715625000000001,11.589721097156215,36.692909157078155
0.0197171875,11.590022234942658,36.693414362835505
0.01971875,11.590323424589227,36.693919611323217
0.0197203125,11.590624666101101,36.694424902541634
0.019721875,11.590925959483307,36.694930236490414
0.0197234375,11.591227304740876,36.695435613169934
0.019724999999999999,11.5915287018789,36.695941032579789
0.019726562499999999,11.591830150902462,36.696446494719723
0.019728125000000003,11.592131651816574,36.696951999590134
0.019729687500000002,11.592433204626355,36.697457547190709
0.019731250000000002,11.592734809336823,36.697963137521441
0.019732812500000002,11.593036465953082,36.698468770582295
0.019734375000000002,11.593338174480092,36.698974446373221
0.019735937500000002,11.593639934923049,36.699480164893814
0.019737500000000002,11.593941747286975,36.699985926144606
0.019739062500000001,11.594243611576855,36.70049173012481
0.019740625000000001,11.594545527797838,36.700997576835022
0.019742187500000001,11.594847495954955,36.701503466274616
0.019743750000000001,11.595149516053256,36.702009398443934
0.019745312500000001,11.595451588097802,36.702515373342791
0.019746875000000001,11.595753712093636,36.703021390971074
0.0197484375,11.596055888045871,36.70352745132891
0.01975,11.596358115959545,36.704033554415886
0.0197515625,11.596660395839702,36.704539700232203
0.019753125,11.596962727691421,36.705045888777676
0.0197546875,11.597265111519702,36.705552120052275
0.01975625,11.597567547329673,36.706058394055695
0.019757812499999999,11.597870035126324,36.706564710788314
0.019759375000000003,11.598172574914821,36.707071070249803
0.019760937500000002,11.598475166700142,36.707577472440022
0.019762500000000002,11.598777810487331,36.708083917358927
0.019764062500000002,11.599080506281508,36.708590405006568
0.019765625000000002,11.599383254087686,36.709096935382824
0.019767187500000002,11.599686053910927,36.709603508487547
0.019768750000000002,11.599988905756303,36.710110124320764
0.019770312500000001,11.600291809628825,36.710616782882333
0.019771875000000001,11.600594765533655,36.711123484172319
0.019773437500000001,11.600897773475756,36.711630228190323
0.019775000000000001,11.601200833460185,36.712137014936694
0.019776562500000001,11.601503945492027,36.712643844410991
0.019778125000000001,11.601807109576351,36.713150716613242
0.0197796875,11.602110325718238,36.713657631543654
0.01978125,11.602413593922593,36.714164589201729
0.0197828125,11.602716914194618,36.714671589587617
0.019784375,11.603020286539344,36.715178632701246
0.0197859375,11.603323710961764,36.715685718542474
0.0197875,11.603627187467012,36.716192847111337
0.019789062499999999,11.603930716060107,36.716700018407508
0.019790625000000003,11.604234296746096,36.717207232431271
0.019792187500000002,11.604537929530018,36.717714489182235
0.019793750000000002,11.604841614416983,36.718221788660422
0.019795312500000002,11.605145351411963,36.718729130865754
0.019796875000000002,11.605449140520097,36.719236515798194
0.019798437500000002,11.605752981746374,36.719743943457665
0.019800000000000002,11.606056875095838,36.720251413844061
0.019801562500000001,11.606360820573631,36.720758926957224
0.019803125000000001,11.606664818184665,36.721266482797006
0.019804687500000001,11.606968867934105,36.721774081363726
0.019806250000000001,11.607272969827008,36.722281722656916
0.019807812500000001,11.607577123868367,36.722789406676668
0.019809375000000001,11.607881330063218,36.723297133422825
0.0198109375,11.60818558841668,36.723804902895345
0.0198125,11.608489898933769,36.724312715094023
0.0198140625,11.608794261619519,36.724820570019141
0.019815625,11.609098676479013,36.725328467670309
0.0198171875,11.609403143517259,36.725836408047435
0.01981875,11.609707662739323,36.726344391150434
0.019820312499999999,11.610012234150327,36.726852416979341
0.019821874999999999,11.61031685775521,36.727360485534085
0.019823437500000003,11.610621533559094,36.72786859681441
0.019825000000000002,11.610926261567009,36.728376750820537
0.019826562500000002,11.611231041783988,36.728884947552103
0.019828125000000002,11.611535874215077,36.729393187009109
0.019829687500000002,11.611840758865357,36.729901469191496
0.019831250000000002,11.61214569573986,36.730409794099181
0.019832812500000001,11.612450684843619,36.7309181617319
0.019834375000000001,11.612755726181703,36.731426572089902
0.019835937500000001,11.613060819759111,36.731935025172788
0.019837500000000001,11.613365965580982,36.732443520980674
0.019839062500000001,11.613671163652276,36.73295205951333
0.019840625000000001,11.613976413978087,36.733460640770922
0.0198421875,11.614281716563445,36.733969264753007
0.01984375,11.614587071413442,36.734477931459871
0.0198453125,11.614892478533031,36.73498664089098
0.019846875,11.615197937927308,36.735495393046591
0.0198484375,11.615503449601306,36.736004187926596
0.01985,11.615809013560114,36.736513025530819
0.019851562499999999,11.616114629808727,36.737021905859208
0.019853124999999999,11.616420298352265,36.73753082891151
0.019854687500000003,11.616726019195633,36.738039794687893
0.019856250000000002,11.617031792344012,36.738548803187989
0.019857812500000002,11.617337617802399,36.739057854412039
0.019859375000000002,11.61764349557582,36.739566948359759
0.019860937500000002,11.617949425669329,36.740076085030992
0.019862500000000002,11.618255408087968,36.740585264425832
0.019864062500000002,11.618561442836796,36.741094486544043
0.019865625000000001,11.618867529920855,36.741603751385682
0.019867187500000001,11.61917366934518,36.74211305895053
0.019868750000000001,11.619479861114819,36.74262240923845
0.019870312500000001,11.619786105234796,36.743131802249415
0.019871875000000001,11.620092401710135,36.74364123798339
0.0198734375,11.620398750545986,36.744150716440302
0.019875,11.620705151747245,36.744660237619797
0.0198765625,11.621011605319053,36.745169801522096
0.019878125,11.621318111266394,36.745679408146998
0.0198796875,11.621624669594398,36.746189057494348
0.01988125,11.621931280308027,36.746698749564203
0.019882812499999999,11.622237943412296,36.747208484356314
0.019884374999999999,11.62254465891235,36.747718261870588
0.019885937500000003,11.622851426813144,36.748228082107062
0.019887500000000002,11.62315824711969,36.748737945065535
0.019889062500000002,11.623465119837128,36.749247850745803
0.019890625000000002,11.623772044970455,36.749757799147993
0.019892187500000002,11.624079022524709,36.750267790271849
0.019893750000000002,11.624386052504933,36.750777824117421
0.019895312500000002,11.624693134916127,36.751287900684581
0.019896875000000001,11.625000269763396,36.751798019973201
0.019898437500000001,11.625307457051731,36.752308181982983
0.019900000000000001,11.625614696786197,36.752818386714125
0.019901562500000001,11.625921988971772,36.75332863416633
0.019903125000000001,11.626229333613596,36.753838924339732
0.019904687500000001,11.626536730716614,36.754349257234061
0.01990625,11.626844180285918,36.754859632849175
0.0199078125,11.627151682326561,36.755370051184919
0.019909375,11.627459236843517,36.755880512241689
0.0199109375,11.627766843841844,36.756391016018732
0.0199125,11.628074503326635,36.756901562516155
0.019914062499999999,11.628382215302802,36.757412151734066
0.019915624999999999,11.628689979775508,36.757922783672257
0.019917187500000003,11.628997796749749,36.758433458330423
0.019918750000000002,11.629305666230566,36.758944175708884
0.019920312500000002,11.629613588222973,36.759454935807092
0.019921875000000002,11.629921562731987,36.759965738625354
0.019923437500000002,11.630229589762694,36.760476584163236
0.019925000000000002,11.630537669320109,36.760987472420751
0.019926562500000002,11.630845801409297,36.761498403397752
0.019928125000000001,11.631153986035216,36.76200937709433
0.019929687500000001,11.631462223202991,36.7625203935103
0.019931250000000001,11.631770512917598,36.763031452645599
0.019932812500000001,11.632078855184083,36.763542554499864
0.019934375000000001,11.632387250007433,36.764053699073074
0.019935937500000001,11.632695697392851,36.764564886365221
0.0199375,11.633004197345214,36.765076116376328
0.0199390625,11.633312749869543,36.765587389106166
0.019940625,11.63362135497098,36.766098704554459
0.0199421875,11.633930012654471,36.766610062721526
0.01994375,11.634238722925032,36.767121463606728
0.0199453125,11.63454748578776,36.767632907210327
0.019946874999999999,11.634856301247716,36.768144393532033
0.019948437500000003,11.635165169309749,36.768655922571874
0.019950000000000002,11.635474089979088,36.769167494329707
0.019951562500000002,11.635783063260636,36.769679108805185
0.019953125000000002,11.636092089159465,36.77019076599862
0.019954687500000002,11.636401167680555,36.770702465909615
0.019956250000000002,11.636710298829053,36.771214208538147
0.019957812500000002,11.637019482609857,36.771725993884068
0.019959375000000001,11.637328719028027,36.77223782194725
0.019960937500000001,11.637638008088633,36.772749692727523
0.019962500000000001,11.637947349796706,36.773261606225127
0.019964062500000001,11.638256744157239,36.773773562439409
0.019965625000000001,11.638566191175313,36.774285561370831
0.019967187500000001,11.638875690855956,36.774797603018904
0.01996875,11.639185243204304,36.775309687383782
0.0199703125,11.639494848225276,36.775821814465182
0.019971875,11.639804505924083,36.776333984263239
0.0199734375,11.640114216305726,36.776846196777811
0.019975,11.640423979375214,36.777358452008556
0.0199765625,11.640733795137699,36.777870749955781
0.019978124999999999,11.641043663598101,36.778383090619236
0.019979687500000003,11.641353584761506,36.778895473998745
0.019981250000000002,11.641663558632846,36.779407900094313
0.019982812500000002,11.641973585217087,36.779920368905358
0.019984375000000002,11.642283664519123,36.780432880432024
0.019985937500000002,11.642593796543828,36.780945434673789
0.019987500000000002,11.642903981296019,36.781458031630585
0.019989062500000002,11.643214218780596,36.781970671301828
0.019990625000000001,11.643524509002344,36.782483353687468
0.019992187500000001,11.643834851966369,36.782996078787328
0.019993750000000001,11.644145247677812,36.783508846601485
0.019995312500000001,11.644455696141877,36.78402165713009
0.019996875000000001,11.644766197364108,36.784534510373064
0.019998437500000001,11.64507675134988,36.785047406331202
0.02,11.645387358104832,36.785560345004896
