time_s,C_surface
0,2.5499999999999998
0.00048828125,2.5500000000000007
0.0009765625,2.5500000000000016
0.001953125,2.5500000000000025
0.0029296875,2.5500000000000034
0.00390625,2.5500000000000043
0.0048828125,2.5500000000000052
0.005859375,2.5500000000000056
0.0068359375,2.550000000000006
0.0078125,2.5500000000000065
0.0087890625,2.5500000000000069
0.009765625,2.5500000000000074
0.0107421875,2.5500000000000078
0.01171875,2.5500000000000083
0.0126953125,2.5500000000000087
0.013671875,2.5500000000000091
0.0146484375,2.55000000000001
0.015625,2.5500000000000109
0.0166015625,2.5500000000000118
0.017578125,2.5500000000000127
0.0185546875,2.5500000000000136
0.01953125,2.5500000000000145
0.0205078125,2.5500000000000149
0.021484375,2.5500000000000154
0.0224609375,2.5500000000000158
0.0234375,2.5500000000000163
0.0244140625,2.5500000000000167
0.025390625,2.5500000000000171
0.0263671875,2.5500000000000176
0.02734375,2.550000000000018
0.0283203125,2.5500000000000185
0.029296875,2.5500000000000189
0.0302734375,2.5500000000000198
0.03125,2.5500000000000207
0.0322265625,2.5500000000000216
0.033203125,2.5500000000000225
0.0341796875,2.5500000000000234
0.03515625,2.5500000000000242
0.0361328125,2.5500000000000247
0.037109375,2.5500000000000251
0.0380859375,2.5500000000000256
0.0390625,2.550000000000026
0.0400390625,2.5500000000000265
0.041015625,2.5500000000000269
0.0419921875,2.5500000000000274
0.04296875,2.5500000000000278
0.0439453125,2.5500000000000282
0.044921875,2.5500000000000291
0.0458984375,2.55000000000003
0.046875,2.5500000000000309
0.0478515625,2.5500000000000318
0.048828125,2.5500000000000327
0.0498046875,2.5500000000000336
0.05078125,2.550000000000034
0.0517578125,2.5500000000000345
0.052734375,2.5500000000000349
0.0537109375,2.5500000000000353
0.0546875,2.5500000000000358
0.0556640625,2.5500000000000362
0.056640625,2.5500000000000367
0.0576171875,2.5500000000000371
0.05859375,2.5500000000000376
0.0595703125,2.5500000000000385
0.060546875,2.5500000000000393
0.0615234375,2.5500000000000402
0.0625,2.5500000000000411
0.0634765625,2.550000000000042
0.064453125,2.5500000000000429
0.0654296875,2.5500000000000433
0.06640625,2.5500000000000438
0.0673828125,2.5500000000000442
0.068359375,2.5500000000000447
0.0693359375,2.5500000000000451
0.0703125,2.5500000000000456
0.0712890625,2.550000000000046
0.072265625,2.5500000000000465
0.0732421875,2.5500000000000469
0.07421875,2.5500000000000473
0.0751953125,2.5500000000000482
0.076171875,2.5500000000000491
0.0771484375,2.55000000000005
0.078125,2.5500000000000509
0.0791015625,2.5500000000000518
0.080078125,2.5500000000000522
0.0810546875,2.5500000000000527
0.08203125,2.5500000000000531
0.0830078125,2.5500000000000536
0.083984375,2.550000000000054
0.0849609375,2.5500000000000544
0.0859375,2.5500000000000549
0.0869140625,2.5500000000000553
0.087890625,2.5500000000000558
0.0888671875,2.5500000000000562
0.08984375,2.5500000000000567
0.0908203125,2.5500000000000576
0.091796875,2.5500000000000584
0.0927734375,2.5500000000000593
0.09375,2.5500000000000602
0.0947265625,2.5500000000000611
0.095703125,2.5500000000000616
0.0966796875,2.550000000000062
0.09765625,2.5500000000000624
0.0986328125,2.5500000000000629
0.099609375,2.5500000000000633
0.1005859375,2.5500000000000638
0.1015625,2.5500000000000642
0.1025390625,2.5500000000000647
0.103515625,2.5500000000000651
0.1044921875,2.5500000000000655
0.10546875,2.550000000000066
0.1064453125,2.5500000000000664
0.107421875,2.5500000000000673
0.1083984375,2.5500000000000682
0.109375,2.5500000000000691
0.1103515625,2.55000000000007
0.111328125,2.5500000000000709
0.1123046875,2.5500000000000713
0.11328125,2.5500000000000718
0.1142578125,2.5500000000000722
0.115234375,2.5500000000000727
0.1162109375,2.5500000000000731
0.1171875,2.5500000000000735
0.1181640625,2.550000000000074
0.119140625,2.5500000000000744
0.1201171875,2.5500000000000749
0.12109375,2.5500000000000753
0.1220703125,2.5500000000000758
0.123046875,2.5500000000000766
0.1240234375,2.5500000000000775
0.125,2.5500000000000784
0.1259765625,2.5500000000000793
0.126953125,2.5500000000000802
0.1279296875,2.5500000000000806
0.12890625,2.5500000000000811
0.1298828125,2.5500000000000815
0.130859375,2.550000000000082
0.1318359375,2.5500000000000824
0.1328125,2.5500000000000829
0.1337890625,2.5500000000000833
0.134765625,2.5500000000000838
0.1357421875,2.5500000000000842
0.13671875,2.5500000000000846
0.1376953125,2.5500000000000851
0.138671875,2.550000000000086
0.1396484375,2.5500000000000869
0.140625,2.5500000000000878
0.1416015625,2.5500000000000886
0.142578125,2.5500000000000895
0.1435546875,2.55000000000009
0.14453125,2.5500000000000904
0.1455078125,2.5500000000000909
0.146484375,2.5500000000000913
0.1474609375,2.5500000000000917
0.1484375,2.5500000000000922
0.1494140625,2.5500000000000926
0.150390625,2.5500000000000931
0.1513671875,2.5500000000000935
0.15234375,2.550000000000094
0.1533203125,2.5500000000000944
0.154296875,2.5500000000000949
0.1552734375,2.5500000000000957
0.15625,2.5500000000000966
0.1572265625,2.5500000000000975
0.158203125,2.5500000000000984
0.1591796875,2.5500000000000989
0.16015625,2.5500000000000993
0.1611328125,2.5500000000000997
0.162109375,2.5500000000001002
0.1630859375,2.5500000000001006
0.1640625,2.5500000000001011
0.1650390625,2.5500000000001015
0.166015625,2.550000000000102
0.1669921875,2.5500000000001024
0.16796875,2.5500000000001029
0.1689453125,2.5500000000001033
0.169921875,2.5500000000001037
0.1708984375,2.5500000000001042
0.171875,2.5500000000001051
0.1728515625,2.550000000000106
0.173828125,2.5500000000001068
0.1748046875,2.5500000000001077
0.17578125,2.5500000000001082
0.1767578125,2.5500000000001086
0.177734375,2.5500000000001091
0.1787109375,2.5500000000001095
0.1796875,2.55000000000011
0.1806640625,2.5500000000001104
0.181640625,2.5500000000001108
0.1826171875,2.5500000000001113
0.18359375,2.5500000000001117
0.1845703125,2.5500000000001122
0.185546875,2.5500000000001126
0.1865234375,2.5500000000001131
0.1875,2.5500000000001135
0.1884765625,2.550000000000114
0.189453125,2.5500000000001148
0.1904296875,2.5500000000001157
0.19140625,2.5500000000001166
0.1923828125,2.5500000000001171
0.193359375,2.5500000000001175
0.1943359375,2.550000000000118
0.1953125,2.5500000000001184
0.1962890625,2.5500000000001188
0.197265625,2.5500000000001193
0.1982421875,2.5500000000001197
0.19921875,2.5500000000001202
0.2001953125,2.5500000000001206
0.201171875,2.5500000000001211
0.2021484375,2.5500000000001215
0.203125,2.5500000000001219
0.2041015625,2.5500000000001224
0.205078125,2.5500000000001228
0.2060546875,2.5500000000001233
0.20703125,2.5500000000001242
0.2080078125,2.5500000000001251
0.208984375,2.5500000000001259
0.2099609375,2.5500000000001264
0.2109375,2.5500000000001268
0.2119140625,2.5500000000001273
0.212890625,2.5500000000001277
0.2138671875,2.5500000000001282
0.21484375,2.5500000000001286
0.2158203125,2.5500000000001291
0.216796875,2.5500000000001295
0.2177734375,2.5500000000001299
0.21875,2.5500000000001304
0.2197265625,2.5500000000001308
0.220703125,2.5500000000001313
0.2216796875,2.5500000000001317
0.22265625,2.5500000000001322
0.2236328125,2.5500000000001326
0.224609375,2.5500000000001335
0.2255859375,2.5500000000001344
0.2265625,2.5500000000001353
0.2275390625,2.5500000000001357
0.228515625,2.5500000000001362
0.2294921875,2.5500000000001366
0.23046875,2.550000000000137
0.2314453125,2.5500000000001375
0.232421875,2.5500000000001379
0.2333984375,2.5500000000001384
0.234375,2.5500000000001388
0.2353515625,2.5500000000001393
0.236328125,2.5500000000001397
0.2373046875,2.5500000000001402
0.23828125,2.5500000000001406
0.2392578125,2.550000000000141
0.240234375,2.5500000000001415
0.2412109375,2.5500000000001419
0.2421875,2.5500000000001424
0.2431640625,2.5500000000001433
0.244140625,2.5500000000001442
0.2451171875,2.550000000000145
0.24609375,2.5500000000001455
0.2470703125,2.5500000000001459
0.248046875,2.5500000000001464
0.2490234375,2.5500000000001468
0.25,2.5500000000001473
0.2509765625,2.5500000000001477
0.251953125,2.5500000000001481
0.2529296875,2.5500000000001486
0.25390625,2.550000000000149
0.2548828125,2.5500000000001495
0.255859375,2.5500000000001499
0.2568359375,2.5500000000001504
0.2578125,2.5500000000001508
0.2587890625,2.5500000000001513
0.259765625,2.5500000000001517
0.2607421875,2.5500000000001526
0.26171875,2.5500000000001535
0.2626953125,2.5500000000001544
0.263671875,2.5500000000001548
0.2646484375,2.5500000000001553
0.265625,2.5500000000001557
0.2666015625,2.5500000000001561
0.267578125,2.5500000000001566
0.2685546875,2.550000000000157
0.26953125,2.5500000000001575
0.2705078125,2.5500000000001579
0.271484375,2.5500000000001584
0.2724609375,2.5500000000001588
0.2734375,2.5500000000001593
0.2744140625,2.5500000000001597
0.275390625,2.5500000000001601
0.2763671875,2.5500000000001606
0.27734375,2.550000000000161
0.2783203125,2.5500000000001619
0.279296875,2.5500000000001628
0.2802734375,2.5500000000001637
0.28125,2.5500000000001641
0.2822265625,2.5500000000001646
0.283203125,2.550000000000165
0.2841796875,2.5500000000001655
0.28515625,2.5500000000001659
0.2861328125,2.5500000000001664
0.287109375,2.5500000000001668
0.2880859375,2.5500000000001672
0.2890625,2.5500000000001677
0.2900390625,2.5500000000001681
0.291015625,2.5500000000001686
0.2919921875,2.550000000000169
0.29296875,2.5500000000001695
0.2939453125,2.5500000000001699
0.294921875,2.5500000000001704
0.2958984375,2.5500000000001708
0.296875,2.5500000000001717
0.2978515625,2.5500000000001726
0.298828125,2.550000000000173
0.2998046875,2.5500000000001735
0.30078125,2.5500000000001739
0.3017578125,2.5500000000001743
0.302734375,2.5500000000001748
0.3037109375,2.5500000000001752
0.3046875,2.5500000000001757
0.3056640625,2.5500000000001761
0.306640625,2.5500000000001766
0.3076171875,2.550000000000177
0.30859375,2.5500000000001775
0.3095703125,2.5500000000001779
0.310546875,2.5500000000001783
0.3115234375,2.5500000000001788
0.3125,2.5500000000001792
0.3134765625,2.5500000000001797
0.314453125,2.5500000000001801
0.3154296875,2.550000000000181
0.31640625,2.5500000000001819
0.3173828125,2.5500000000001823
0.318359375,2.5500000000001828
0.3193359375,2.5500000000001832
0.3203125,2.5500000000001837
0.3212890625,2.5500000000001841
0.322265625,2.5500000000001846
0.3232421875,2.550000000000185
0.32421875,2.5500000000001855
0.3251953125,2.5500000000001859
0.326171875,2.5500000000001863
0.3271484375,2.5500000000001868
0.328125,2.5500000000001872
0.3291015625,2.5500000000001877
0.330078125,2.5500000000001881
0.3310546875,2.5500000000001886
0.33203125,2.550000000000189
0.3330078125,2.5500000000001894
0.333984375,2.5500000000001899
0.3349609375,2.5500000000001908
0.3359375,2.5500000000001917
0.3369140625,2.5500000000001921
0.337890625,2.5500000000001926
0.3388671875,2.550000000000193
0.33984375,2.5500000000001934
0.3408203125,2.5500000000001939
0.341796875,2.5500000000001943
0.3427734375,2.5500000000001948
0.34375,2.5500000000001952
0.3447265625,2.5500000000001957
0.345703125,2.5500000000001961
0.3466796875,2.5500000000001966
0.34765625,2.550000000000197
0.3486328125,2.5500000000001974
0.349609375,2.5500000000001979
0.3505859375,2.5500000000001983
0.3515625,2.5500000000001988
0.3525390625,2.5500000000001992
0.353515625,2.5500000000002001
0.3544921875,2.550000000000201
0.35546875,2.5500000000002014
0.3564453125,2.5500000000002019
0.357421875,2.5500000000002023
0.3583984375,2.5500000000002028
0.359375,2.5500000000002032
0.3603515625,2.5500000000002037
0.361328125,2.5500000000002041
0.3623046875,2.5500000000002045
0.36328125,2.550000000000205
0.3642578125,2.5500000000002054
0.365234375,2.5500000000002059
0.3662109375,2.5500000000002063
0.3671875,2.5500000000002068
0.3681640625,2.5500000000002072
0.369140625,2.5500000000002077
0.3701171875,2.5500000000002081
0.37109375,2.5500000000002085
0.3720703125,2.5500000000002094
0.373046875,2.5500000000002103
0.3740234375,2.5500000000002108
0.375,2.5500000000002112
0.3759765625,2.5500000000002117
0.376953125,2.5500000000002117
0.3779296875,2.5500000000002117
0.37890625,2.5500000000002117
0.3798828125,2.5500000000002117
0.380859375,2.5500000000002117
0.3818359375,2.5500000000002117
0.3828125,2.5500000000002117
0.3837890625,2.5500000000002117
0.384765625,2.5500000000002117
0.3857421875,2.5500000000002117
0.38671875,2.5500000000002117
0.3876953125,2.5500000000002117
0.388671875,2.5500000000002117
0.3896484375,2.5500000000002117
0.390625,2.5500000000002117
0.3916015625,2.5500000000002117
0.392578125,2.5500000000002117
0.3935546875,2.5500000000002117
0.39453125,2.5500000000002117
0.3955078125,2.5500000000002117
0.396484375,2.5500000000002117
0.3974609375,2.5500000000002117
0.3984375,2.5500000000002117
0.3994140625,2.5500000000002117
0.400390625,2.5500000000002117
0.4013671875,2.5500000000002117
0.40234375,2.5500000000002117
0.4033203125,2.5500000000002117
0.404296875,2.5500000000002117
0.4052734375,2.5500000000002117
0.40625,2.5500000000002117
0.4072265625,2.5500000000002117
0.408203125,2.5500000000002117
0.4091796875,2.5500000000002117
0.41015625,2.5500000000002117
0.4111328125,2.5500000000002117
0.412109375,2.5500000000002117
0.4130859375,2.5500000000002117
0.4140625,2.5500000000002117
0.4150390625,2.5500000000002117
0.416015625,2.5500000000002117
0.4169921875,2.5500000000002117
0.41796875,2.5500000000002117
0.4189453125,2.5500000000002117
0.419921875,2.5500000000002117
0.4208984375,2.5500000000002117
0.421875,2.5500000000002117
0.4228515625,2.5500000000002117
0.423828125,2.5500000000002117
0.4248046875,2.5500000000002117
0.42578125,2.5500000000002117
0.4267578125,2.5500000000002117
0.427734375,2.5500000000002117
0.4287109375,2.5500000000002117
0.4296875,2.5500000000002117
0.4306640625,2.5500000000002117
0.431640625,2.5500000000002117
0.4326171875,2.5500000000002117
0.43359375,2.5500000000002117
0.4345703125,2.5500000000002117
0.435546875,2.5500000000002117
0.4365234375,2.5500000000002117
0.4375,2.5500000000002117
0.4384765625,2.5500000000002117
0.439453125,2.5500000000002117
0.4404296875,2.5500000000002117
0.44140625,2.5500000000002117
0.4423828125,2.5500000000002117
0.443359375,2.5500000000002117
0.4443359375,2.5500000000002117
0.4453125,2.5500000000002117
0.4462890625,2.5500000000002117
0.447265625,2.5500000000002117
0.4482421875,2.5500000000002117
0.44921875,2.5500000000002117
0.4501953125,2.5500000000002117
0.451171875,2.5500000000002117
0.4521484375,2.5500000000002117
0.453125,2.5500000000002117
0.4541015625,2.5500000000002117
0.455078125,2.5500000000002117
0.4560546875,2.5500000000002117
0.45703125,2.5500000000002117
0.4580078125,2.5500000000002117
0.458984375,2.5500000000002117
0.4599609375,2.5500000000002117
0.4609375,2.5500000000002117
0.4619140625,2.5500000000002117
0.462890625,2.5500000000002117
0.4638671875,2.5500000000002117
0.46484375,2.5500000000002117
0.4658203125,2.5500000000002117
0.466796875,2.5500000000002117
0.4677734375,2.5500000000002117
0.46875,2.5500000000002117
0.4697265625,2.5500000000002117
0.470703125,2.5500000000002117
0.4716796875,2.5500000000002117
0.47265625,2.5500000000002117
0.4736328125,2.5500000000002117
0.474609375,2.5500000000002117
0.4755859375,2.5500000000002117
0.4765625,2.5500000000002117
0.4775390625,2.5500000000002117
0.478515625,2.5500000000002117
0.4794921875,2.5500000000002117
0.48046875,2.5500000000002117
0.4814453125,2.5500000000002117
0.482421875,2.5500000000002117
0.4833984375,2.5500000000002117
0.484375,2.5500000000002117
0.4853515625,2.5500000000002117
0.486328125,2.5500000000002117
0.4873046875,2.5500000000002117
0.48828125,2.5500000000002117
0.4892578125,2.5500000000002117
0.490234375,2.5500000000002117
0.4912109375,2.5500000000002117
0.4921875,2.5500000000002117
0.4931640625,2.5500000000002117
0.494140625,2.5500000000002117
0.4951171875,2.5500000000002117
0.49609375,2.5500000000002117
0.4970703125,2.5500000000002117
0.498046875,2.5500000000002117
0.4990234375,2.5500000000002117
0.5,2.5500000000002117
0.5009765625,2.5500000000002117
0.501953125,2.5500000000002117
0.5029296875,2.5500000000002117
0.50390625,2.5500000000002117
0.5048828125,2.5500000000002117
0.505859375,2.5500000000002117
0.5068359375,2.5500000000002117
0.5078125,2.5500000000002117
0.5087890625,2.5500000000002117
0.509765625,2.5500000000002117
0.5107421875,2.5500000000002117
0.51171875,2.5500000000002117
0.5126953125,2.5500000000002117
0.513671875,2.5500000000002117
0.5146484375,2.5500000000002117
0.515625,2.5500000000002117
0.5166015625,2.5500000000002117
0.517578125,2.5500000000002117
0.5185546875,2.5500000000002117
0.51953125,2.5500000000002117
0.5205078125,2.5500000000002117
0.521484375,2.5500000000002117
0.5224609375,2.5500000000002117
0.5234375,2.5500000000002117
0.5244140625,2.5500000000002117
0.525390625,2.5500000000002117
0.5263671875,2.5500000000002117
0.52734375,2.5500000000002117
0.5283203125,2.5500000000002117
0.529296875,2.5500000000002117
0.5302734375,2.5500000000002117
0.53125,2.5500000000002117
0.5322265625,2.5500000000002117
0.533203125,2.5500000000002117
0.5341796875,2.5500000000002117
0.53515625,2.5500000000002117
0.5361328125,2.5500000000002117
0.537109375,2.5500000000002117
0.5380859375,2.5500000000002117
0.5390625,2.5500000000002117
0.5400390625,2.5500000000002117
0.541015625,2.5500000000002117
0.5419921875,2.5500000000002117
0.54296875,2.5500000000002117
0.5439453125,2.5500000000002117
0.544921875,2.5500000000002117
0.5458984375,2.5500000000002117
0.546875,2.5500000000002117
0.5478515625,2.5500000000002117
0.548828125,2.5500000000002117
0.5498046875,2.5500000000002117
0.55078125,2.5500000000002117
0.5517578125,2.5500000000002117
0.552734375,2.5500000000002117
0.5537109375,2.5500000000002117
0.5546875,2.5500000000002117
0.5556640625,2.5500000000002117
0.556640625,2.5500000000002117
0.5576171875,2.5500000000002117
0.55859375,2.5500000000002117
0.5595703125,2.5500000000002117
0.560546875,2.5500000000002117
0.5615234375,2.5500000000002117
0.5625,2.5500000000002117
0.5634765625,2.5500000000002117
0.564453125,2.5500000000002117
0.5654296875,2.5500000000002117
0.56640625,2.5500000000002117
0.5673828125,2.5500000000002117
0.568359375,2.5500000000002117
0.5693359375,2.5500000000002117
0.5703125,2.5500000000002117
0.5712890625,2.5500000000002117
0.572265625,2.5500000000002117
0.5732421875,2.5500000000002117
0.57421875,2.5500000000002117
0.5751953125,2.5500000000002117
0.576171875,2.5500000000002117
0.5771484375,2.5500000000002117
0.578125,2.5500000000002117
0.5791015625,2.5500000000002117
0.580078125,2.5500000000002117
0.5810546875,2.5500000000002117
0.58203125,2.5500000000002117
0.5830078125,2.5500000000002117
0.583984375,2.5500000000002117
0.5849609375,2.5500000000002117
0.5859375,2.5500000000002117
0.5869140625,2.5500000000002117
0.587890625,2.5500000000002117
0.5888671875,2.5500000000002117
0.58984375,2.5500000000002117
0.5908203125,2.5500000000002117
0.591796875,2.5500000000002117
0.5927734375,2.5500000000002117
0.59375,2.5500000000002117
0.5947265625,2.5500000000002117
0.595703125,2.5500000000002117
0.5966796875,2.5500000000002117
0.59765625,2.5500000000002117
0.5986328125,2.5500000000002117
0.599609375,2.5500000000002117
0.6005859375,2.5500000000002117
0.6015625,2.5500000000002117
0.6025390625,2.5500000000002117
0.603515625,2.5500000000002117
0.6044921875,2.5500000000002117
0.60546875,2.5500000000002117
0.6064453125,2.5500000000002117
0.607421875,2.5500000000002117
0.6083984375,2.5500000000002117
0.609375,2.5500000000002117
0.6103515625,2.5500000000002117
0.611328125,2.5500000000002117
0.6123046875,2.5500000000002117
0.61328125,2.5500000000002117
0.6142578125,2.5500000000002117
0.615234375,2.5500000000002117
0.6162109375,2.5500000000002117
0.6171875,2.5500000000002117
0.6181640625,2.5500000000002117
0.619140625,2.5500000000002117
0.6201171875,2.5500000000002117
0.62109375,2.5500000000002117
0.6220703125,2.5500000000002117
0.623046875,2.5500000000002117
0.6240234375,2.5500000000002117
0.625,2.5500000000002117
0.6259765625,2.5500000000002117
0.626953125,2.5500000000002117
0.6279296875,2.5500000000002117
0.62890625,2.5500000000002117
0.6298828125,2.5500000000002117
0.630859375,2.5500000000002117
0.6318359375,2.5500000000002117
0.6328125,2.5500000000002117
0.6337890625,2.5500000000002117
0.634765625,2.5500000000002117
0.6357421875,2.5500000000002117
0.63671875,2.5500000000002117
0.6376953125,2.5500000000002117
0.638671875,2.5500000000002117
0.6396484375,2.5500000000002117
0.640625,2.5500000000002117
0.6416015625,2.5500000000002117
0.642578125,2.5500000000002117
0.6435546875,2.5500000000002117
0.64453125,2.5500000000002117
0.6455078125,2.5500000000002117
0.646484375,2.5500000000002117
0.6474609375,2.5500000000002117
0.6484375,2.5500000000002117
0.6494140625,2.5500000000002117
0.650390625,2.5500000000002117
0.6513671875,2.5500000000002117
0.65234375,2.5500000000002117
0.6533203125,2.5500000000002117
0.654296875,2.5500000000002117
0.6552734375,2.5500000000002117
0.65625,2.5500000000002117
0.6572265625,2.5500000000002117
0.658203125,2.5500000000002117
0.6591796875,2.5500000000002117
0.66015625,2.5500000000002117
0.6611328125,2.5500000000002117
0.662109375,2.5500000000002117
0.6630859375,2.5500000000002117
0.6640625,2.5500000000002117
0.6650390625,2.5500000000002117
0.666015625,2.5500000000002117
0.6669921875,2.5500000000002117
0.66796875,2.5500000000002117
0.6689453125,2.5500000000002117
0.669921875,2.5500000000002117
0.6708984375,2.5500000000002117
0.671875,2.5500000000002117
0.6728515625,2.5500000000002117
0.673828125,2.5500000000002117
0.6748046875,2.5500000000002117
0.67578125,2.5500000000002117
0.6767578125,2.5500000000002117
0.677734375,2.5500000000002117
0.6787109375,2.5500000000002117
0.6796875,2.5500000000002117
0.6806640625,2.5500000000002117
0.681640625,2.5500000000002117
0.6826171875,2.5500000000002117
0.68359375,2.5500000000002117
0.6845703125,2.5500000000002117
0.685546875,2.5500000000002117
0.6865234375,2.5500000000002117
0.6875,2.5500000000002117
0.6884765625,2.5500000000002117
0.689453125,2.5500000000002117
0.6904296875,2.5500000000002117
0.69140625,2.5500000000002117
0.6923828125,2.5500000000002117
0.693359375,2.5500000000002117
0.6943359375,2.5500000000002117
0.6953125,2.5500000000002117
0.6962890625,2.5500000000002117
0.697265625,2.5500000000002117
0.6982421875,2.5500000000002117
0.69921875,2.5500000000002117
0.7001953125,2.5500000000002117
0.701171875,2.5500000000002117
0.7021484375,2.5500000000002117
0.703125,2.5500000000002117
0.7041015625,2.5500000000002117
0.705078125,2.5500000000002117
0.7060546875,2.5500000000002117
0.70703125,2.5500000000002117
0.7080078125,2.5500000000002117
0.708984375,2.5500000000002117
0.7099609375,2.5500000000002117
0.7109375,2.5500000000002117
0.7119140625,2.5500000000002117
0.712890625,2.5500000000002117
0.7138671875,2.5500000000002117
0.71484375,2.5500000000002117
0.7158203125,2.5500000000002117
0.716796875,2.5500000000002117
0.7177734375,2.5500000000002117
0.71875,2.5500000000002117
0.7197265625,2.5500000000002117
0.720703125,2.5500000000002117
0.7216796875,2.5500000000002117
0.72265625,2.5500000000002117
0.7236328125,2.5500000000002117
0.724609375,2.5500000000002117
0.7255859375,2.5500000000002117
0.7265625,2.5500000000002117
0.7275390625,2.5500000000002117
0.728515625,2.5500000000002117
0.7294921875,2.5500000000002117
0.73046875,2.5500000000002117
0.7314453125,2.5500000000002117
0.732421875,2.5500000000002117
0.7333984375,2.5500000000002117
0.734375,2.5500000000002117
0.7353515625,2.5500000000002117
0.736328125,2.5500000000002117
0.7373046875,2.5500000000002117
0.73828125,2.5500000000002117
0.7392578125,2.5500000000002117
0.740234375,2.5500000000002117
0.7412109375,2.5500000000002117
0.7421875,2.5500000000002117
0.7431640625,2.5500000000002117
0.744140625,2.5500000000002117
0.7451171875,2.5500000000002117
0.74609375,2.5500000000002117
0.7470703125,2.5500000000002117
0.748046875,2.5500000000002117
0.7490234375,2.5500000000002117
0.75,2.5500000000002117
0.7509765625,2.5500000000002117
0.751953125,2.5500000000002117
0.7529296875,2.5500000000002117
0.75390625,2.5500000000002117
0.7548828125,2.5500000000002117
0.755859375,2.5500000000002117
0.7568359375,2.5500000000002117
0.7578125,2.5500000000002117
0.7587890625,2.5500000000002117
0.759765625,2.5500000000002117
0.7607421875,2.5500000000002117
0.76171875,2.5500000000002117
0.7626953125,2.5500000000002117
0.763671875,2.5500000000002117
0.7646484375,2.5500000000002117
0.765625,2.5500000000002117
0.7666015625,2.5500000000002117
0.767578125,2.5500000000002117
0.7685546875,2.5500000000002117
0.76953125,2.5500000000002117
0.7705078125,2.5500000000002117
0.771484375,2.5500000000002117
0.7724609375,2.5500000000002117
0.7734375,2.5500000000002117
0.7744140625,2.5500000000002117
0.775390625,2.5500000000002117
0.7763671875,2.5500000000002117
0.77734375,2.5500000000002117
0.7783203125,2.5500000000002117
0.779296875,2.5500000000002117
0.7802734375,2.5500000000002117
0.78125,2.5500000000002117
0.7822265625,2.5500000000002117
0.783203125,2.5500000000002117
0.7841796875,2.5500000000002117
0.78515625,2.5500000000002117
0.7861328125,2.5500000000002117
0.787109375,2.5500000000002117
0.7880859375,2.5500000000002117
0.7890625,2.5500000000002117
0.7900390625,2.5500000000002117
0.791015625,2.5500000000002117
0.7919921875,2.5500000000002117
0.79296875,2.5500000000002117
0.7939453125,2.5500000000002117
0.794921875,2.5500000000002117
0.7958984375,2.5500000000002117
0.796875,2.5500000000002117
0.7978515625,2.5500000000002117
0.798828125,2.5500000000002117
0.7998046875,2.5500000000002117
0.80078125,2.5500000000002117
0.8017578125,2.5500000000002117
0.802734375,2.5500000000002117
0.8037109375,2.5500000000002117
0.8046875,2.5500000000002117
0.8056640625,2.5500000000002117
0.806640625,2.5500000000002117
0.8076171875,2.5500000000002117
0.80859375,2.5500000000002117
0.8095703125,2.5500000000002117
0.810546875,2.5500000000002117
0.8115234375,2.5500000000002117
0.8125,2.5500000000002117
0.8134765625,2.5500000000002117
0.814453125,2.5500000000002117
0.8154296875,2.5500000000002117
0.81640625,2.5500000000002117
0.8173828125,2.5500000000002117
0.818359375,2.5500000000002117
0.8193359375,2.5500000000002117
0.8203125,2.5500000000002117
0.8212890625,2.5500000000002117
0.822265625,2.5500000000002117
0.8232421875,2.5500000000002117
0.82421875,2.5500000000002117
0.8251953125,2.5500000000002117
0.826171875,2.5500000000002117
0.8271484375,2.5500000000002117
0.828125,2.5500000000002117
0.8291015625,2.5500000000002117
0.830078125,2.5500000000002117
0.8310546875,2.5500000000002117
0.83203125,2.5500000000002117
0.8330078125,2.5500000000002117
0.833984375,2.5500000000002117
0.8349609375,2.5500000000002117
0.8359375,2.5500000000002117
0.8369140625,2.5500000000002117
0.837890625,2.5500000000002117
0.8388671875,2.5500000000002117
0.83984375,2.5500000000002117
0.8408203125,2.5500000000002117
0.841796875,2.5500000000002117
0.8427734375,2.5500000000002117
0.84375,2.5500000000002117
0.8447265625,2.5500000000002117
0.845703125,2.5500000000002117
0.8466796875,2.5500000000002117
0.84765625,2.5500000000002117
0.8486328125,2.5500000000002117
0.849609375,2.5500000000002117
0.8505859375,2.5500000000002117
0.8515625,2.5500000000002117
0.8525390625,2.5500000000002117
0.853515625,2.5500000000002117
0.8544921875,2.5500000000002117
0.85546875,2.5500000000002117
0.8564453125,2.5500000000002117
0.857421875,2.5500000000002117
0.8583984375,2.5500000000002117
0.859375,2.5500000000002117
0.8603515625,2.5500000000002117
0.861328125,2.5500000000002117
0.8623046875,2.5500000000002117
0.86328125,2.5500000000002117
0.8642578125,2.5500000000002117
0.865234375,2.5500000000002117
0.8662109375,2.5500000000002117
0.8671875,2.5500000000002117
0.8681640625,2.5500000000002117
0.869140625,2.5500000000002117
0.8701171875,2.5500000000002117
0.87109375,2.5500000000002117
0.8720703125,2.5500000000002117
0.873046875,2.5500000000002117
0.8740234375,2.5500000000002117
0.875,2.5500000000002117
0.8759765625,2.5500000000002117
0.876953125,2.5500000000002117
0.8779296875,2.5500000000002117
0.87890625,2.5500000000002117
0.8798828125,2.5500000000002117
0.880859375,2.5500000000002117
0.8818359375,2.5500000000002117
0.8828125,2.5500000000002117
0.8837890625,2.5500000000002117
0.884765625,2.5500000000002117
0.8857421875,2.5500000000002117
0.88671875,2.5500000000002117
0.8876953125,2.5500000000002117
0.888671875,2.5500000000002117
0.8896484375,2.5500000000002117
0.890625,2.5500000000002117
0.8916015625,2.5500000000002117
0.892578125,2.5500000000002117
0.8935546875,2.5500000000002117
0.89453125,2.5500000000002117
0.8955078125,2.5500000000002117
0.896484375,2.5500000000002117
0.8974609375,2.5500000000002117
0.8984375,2.5500000000002117
0.8994140625,2.5500000000002117
0.900390625,2.5500000000002117
0.9013671875,2.5500000000002117
0.90234375,2.5500000000002117
0.9033203125,2.5500000000002117
0.904296875,2.5500000000002117
0.9052734375,2.5500000000002117
0.90625,2.5500000000002117
0.9072265625,2.5500000000002117
0.908203125,2.5500000000002117
0.9091796875,2.5500000000002117
0.91015625,2.5500000000002117
0.9111328125,2.5500000000002117
0.912109375,2.5500000000002117
0.9130859375,2.5500000000002117
0.9140625,2.5500000000002117
0.9150390625,2.5500000000002117
0.916015625,2.5500000000002117
0.9169921875,2.5500000000002117
0.91796875,2.5500000000002117
0.9189453125,2.5500000000002117
0.919921875,2.5500000000002117
0.9208984375,2.5500000000002117
0.921875,2.5500000000002117
0.9228515625,2.5500000000002117
0.923828125,2.5500000000002117
0.9248046875,2.5500000000002117
0.92578125,2.5500000000002117
0.9267578125,2.5500000000002117
0.927734375,2.5500000000002117
0.9287109375,2.5500000000002117
0.9296875,2.5500000000002117
0.9306640625,2.5500000000002117
0.931640625,2.5500000000002117
0.9326171875,2.5500000000002117
0.93359375,2.5500000000002117
0.9345703125,2.5500000000002117
0.935546875,2.5500000000002117
0.9365234375,2.5500000000002117
0.9375,2.5500000000002117
0.9384765625,2.5500000000002117
0.939453125,2.5500000000002117
0.9404296875,2.5500000000002117
0.94140625,2.5500000000002117
0.9423828125,2.5500000000002117
0.943359375,2.5500000000002117
0.9443359375,2.5500000000002117
0.9453125,2.5500000000002117
0.9462890625,2.5500000000002117
0.947265625,2.5500000000002117
0.9482421875,2.5500000000002117
0.94921875,2.5500000000002117
0.9501953125,2.5500000000002117
0.951171875,2.5500000000002117
0.9521484375,2.5500000000002117
0.953125,2.5500000000002117
0.9541015625,2.5500000000002117
0.955078125,2.5500000000002117
0.9560546875,2.5500000000002117
0.95703125,2.5500000000002117
0.9580078125,2.5500000000002117
0.958984375,2.5500000000002117
0.9599609375,2.5500000000002117
0.9609375,2.5500000000002117
0.9619140625,2.5500000000002117
0.962890625,2.5500000000002117
0.9638671875,2.5500000000002117
0.96484375,2.5500000000002117
0.9658203125,2.5500000000002117
0.966796875,2.5500000000002117
0.9677734375,2.5500000000002117
0.96875,2.5500000000002117
0.9697265625,2.5500000000002117
0.970703125,2.5500000000002117
0.9716796875,2.5500000000002117
0.97265625,2.5500000000002117
0.9736328125,2.5500000000002117
0.974609375,2.5500000000002117
0.9755859375,2.5500000000002117
0.9765625,2.5500000000002117
0.9775390625,2.5500000000002117
0.978515625,2.5500000000002117
0.9794921875,2.5500000000002117
0.98046875,2.5500000000002117
0.9814453125,2.5500000000002117
0.982421875,2.5500000000002117
0.9833984375,2.5500000000002117
0.984375,2.5500000000002117
0.9853515625,2.5500000000002117
0.986328125,2.5500000000002117
0.9873046875,2.5500000000002117
0.98828125,2.5500000000002117
0.9892578125,2.5500000000002117
0.990234375,2.5500000000002117
0.9912109375,2.5500000000002117
0.9921875,2.5500000000002117
0.9931640625,2.5500000000002117
0.994140625,2.5500000000002117
0.9951171875,2.5500000000002117
0.99609375,2.5500000000002117
0.9970703125,2.5500000000002117
0.998046875,2.5500000000002117
0.9990234375,2.5500000000002117
1,2.5500000000002117
1.0009765625,2.5500000000002117
1.001953125,2.5500000000002117
1.0029296875,2.5500000000002117
1.00390625,2.5500000000002117
1.0048828125,2.5500000000002117
1.005859375,2.5500000000002117
1.0068359375,2.5500000000002117
1.0078125,2.5500000000002117
1.0087890625,2.5500000000002117
1.009765625,2.5500000000002117
1.0107421875,2.5500000000002117
1.01171875,2.5500000000002117
1.0126953125,2.5500000000002117
1.013671875,2.5500000000002117
1.0146484375,2.5500000000002117
1.015625,2.5500000000002117
1.0166015625,2.5500000000002117
1.017578125,2.5500000000002117
1.0185546875,2.5500000000002117
1.01953125,2.5500000000002117
1.0205078125,2.5500000000002117
1.021484375,2.5500000000002117
1.0224609375,2.5500000000002117
1.0234375,2.5500000000002117
1.0244140625,2.5500000000002117
1.025390625,2.5500000000002117
1.0263671875,2.5500000000002117
1.02734375,2.5500000000002117
1.0283203125,2.5500000000002117
1.029296875,2.5500000000002117
1.0302734375,2.5500000000002117
1.03125,2.5500000000002117
1.0322265625,2.5500000000002117
1.033203125,2.5500000000002117
1.0341796875,2.5500000000002117
1.03515625,2.5500000000002117
1.0361328125,2.5500000000002117
1.037109375,2.5500000000002117
1.0380859375,2.5500000000002117
1.0390625,2.5500000000002117
1.0400390625,2.5500000000002117
1.041015625,2.5500000000002117
1.0419921875,2.5500000000002117
1.04296875,2.5500000000002117
1.0439453125,2.5500000000002117
1.044921875,2.5500000000002117
1.0458984375,2.5500000000002117
1.046875,2.5500000000002117
1.0478515625,2.5500000000002117
1.048828125,2.5500000000002117
1.0498046875,2.5500000000002117
1.05078125,2.5500000000002117
1.0517578125,2.5500000000002117
1.052734375,2.5500000000002117
1.0537109375,2.5500000000002117
1.0546875,2.5500000000002117
1.0556640625,2.5500000000002117
1.056640625,2.5500000000002117
1.0576171875,2.5500000000002117
1.05859375,2.5500000000002117
1.0595703125,2.5500000000002117
1.060546875,2.5500000000002117
1.0615234375,2.5500000000002117
1.0625,2.5500000000002117
1.0634765625,2.5500000000002117
1.064453125,2.5500000000002117
1.0654296875,2.5500000000002117
1.06640625,2.5500000000002117
1.0673828125,2.5500000000002117
1.068359375,2.5500000000002117
1.0693359375,2.5500000000002117
1.0703125,2.5500000000002117
1.0712890625,2.5500000000002117
1.072265625,2.5500000000002117
1.0732421875,2.5500000000002117
1.07421875,2.5500000000002117
1.0751953125,2.5500000000002117
1.076171875,2.5500000000002117
1.0771484375,2.5500000000002117
1.078125,2.5500000000002117
1.0791015625,2.5500000000002117
1.080078125,2.5500000000002117
1.0810546875,2.5500000000002117
1.08203125,2.5500000000002117
1.0830078125,2.5500000000002117
1.083984375,2.5500000000002117
1.0849609375,2.5500000000002117
1.0859375,2.5500000000002117
1.0869140625,2.5500000000002117
1.087890625,2.5500000000002117
1.0888671875,2.5500000000002117
1.08984375,2.5500000000002117
1.0908203125,2.5500000000002117
1.091796875,2.5500000000002117
1.0927734375,2.5500000000002117
1.09375,2.5500000000002117
1.0947265625,2.5500000000002117
1.095703125,2.5500000000002117
1.0966796875,2.5500000000002117
1.09765625,2.5500000000002117
1.0986328125,2.5500000000002117
1.099609375,2.5500000000002117
1.1005859375,2.5500000000002117
1.1015625,2.5500000000002117
1.1025390625,2.5500000000002117
1.103515625,2.5500000000002117
1.1044921875,2.5500000000002117
1.10546875,2.5500000000002117
1.1064453125,2.5500000000002117
1.107421875,2.5500000000002117
1.1083984375,2.5500000000002117
1.109375,2.5500000000002117
1.1103515625,2.5500000000002117
1.111328125,2.5500000000002117
1.1123046875,2.5500000000002117
1.11328125,2.5500000000002117
1.1142578125,2.5500000000002117
1.115234375,2.5500000000002117
1.1162109375,2.5500000000002117
1.1171875,2.5500000000002117
1.1181640625,2.5500000000002117
1.119140625,2.5500000000002117
1.1201171875,2.5500000000002117
1.12109375,2.5500000000002117
1.1220703125,2.5500000000002117
1.123046875,2.5500000000002117
1.1240234375,2.5500000000002117
1.125,2.5500000000002117
1.1259765625,2.5500000000002117
1.126953125,2.5500000000002117
1.1279296875,2.5500000000002117
1.12890625,2.5500000000002117
1.1298828125,2.5500000000002117
1.130859375,2.5500000000002117
1.1318359375,2.5500000000002117
1.1328125,2.5500000000002117
1.1337890625,2.5500000000002117
1.134765625,2.5500000000002117
1.1357421875,2.5500000000002117
1.13671875,2.5500000000002117
1.1376953125,2.5500000000002117
1.138671875,2.5500000000002117
1.1396484375,2.5500000000002117
1.140625,2.5500000000002117
1.1416015625,2.5500000000002117
1.142578125,2.5500000000002117
1.1435546875,2.5500000000002117
1.14453125,2.5500000000002117
1.1455078125,2.5500000000002117
1.146484375,2.5500000000002117
1.1474609375,2.5500000000002117
1.1484375,2.5500000000002117
1.1494140625,2.5500000000002117
1.150390625,2.5500000000002117
1.1513671875,2.5500000000002117
1.15234375,2.5500000000002117
1.1533203125,2.5500000000002117
1.154296875,2.5500000000002117
1.1552734375,2.5500000000002117
1.15625,2.5500000000002117
1.1572265625,2.5500000000002117
1.158203125,2.5500000000002117
1.1591796875,2.5500000000002117
1.16015625,2.5500000000002117
1.1611328125,2.5500000000002117
1.162109375,2.5500000000002117
1.1630859375,2.5500000000002117
1.1640625,2.5500000000002117
1.1650390625,2.5500000000002117
1.166015625,2.5500000000002117
1.1669921875,2.5500000000002117
1.16796875,2.5500000000002117
1.1689453125,2.5500000000002117
1.169921875,2.5500000000002117
1.1708984375,2.5500000000002117
1.171875,2.5500000000002117
1.1728515625,2.5500000000002117
1.173828125,2.5500000000002117
1.1748046875,2.5500000000002117
1.17578125,2.5500000000002117
1.1767578125,2.5500000000002117
1.177734375,2.5500000000002117
1.1787109375,2.5500000000002117
1.1796875,2.5500000000002117
1.1806640625,2.5500000000002117
1.181640625,2.5500000000002117
1.1826171875,2.5500000000002117
1.18359375,2.5500000000002117
1.1845703125,2.5500000000002117
1.185546875,2.5500000000002117
1.1865234375,2.5500000000002117
1.1875,2.5500000000002117
1.1884765625,2.5500000000002117
1.189453125,2.5500000000002117
1.1904296875,2.5500000000002117
1.19140625,2.5500000000002117
1.1923828125,2.5500000000002117
1.193359375,2.5500000000002117
1.1943359375,2.5500000000002117
1.1953125,2.5500000000002117
1.1962890625,2.5500000000002117
1.197265625,2.5500000000002117
1.1982421875,2.5500000000002117
1.19921875,2.5500000000002117
1.2001953125,2.5500000000002117
1.201171875,2.5500000000002117
1.2021484375,2.5500000000002117
1.203125,2.5500000000002117
1.2041015625,2.5500000000002117
1.205078125,2.5500000000002117
1.2060546875,2.5500000000002117
1.20703125,2.5500000000002117
1.2080078125,2.5500000000002117
1.208984375,2.5500000000002117
1.2099609375,2.5500000000002117
1.2109375,2.5500000000002117
1.2119140625,2.5500000000002117
1.212890625,2.5500000000002117
1.2138671875,2.5500000000002117
1.21484375,2.5500000000002117
1.2158203125,2.5500000000002117
1.216796875,2.5500000000002117
1.2177734375,2.5500000000002117
1.21875,2.5500000000002117
1.2197265625,2.5500000000002117
1.220703125,2.5500000000002117
1.2216796875,2.5500000000002117
1.22265625,2.5500000000002117
1.2236328125,2.5500000000002117
1.224609375,2.5500000000002117
1.2255859375,2.5500000000002117
1.2265625,2.5500000000002117
1.2275390625,2.5500000000002117
1.228515625,2.5500000000002117
1.2294921875,2.5500000000002117
1.23046875,2.5500000000002117
1.2314453125,2.5500000000002117
1.232421875,2.5500000000002117
1.2333984375,2.5500000000002117
1.234375,2.5500000000002117
1.2353515625,2.5500000000002117
1.236328125,2.5500000000002117
1.2373046875,2.5500000000002117
1.23828125,2.5500000000002117
1.2392578125,2.5500000000002117
1.240234375,2.5500000000002117
1.2412109375,2.5500000000002117
1.2421875,2.5500000000002117
1.2431640625,2.5500000000002117
1.244140625,2.5500000000002117
1.2451171875,2.5500000000002117
1.24609375,2.5500000000002117
1.2470703125,2.5500000000002117
1.248046875,2.5500000000002117
1.2490234375,2.5500000000002117
1.25,2.5500000000002117
1.2509765625,2.5500000000002117
1.251953125,2.5500000000002117
1.2529296875,2.5500000000002117
1.25390625,2.5500000000002117
1.2548828125,2.5500000000002117
1.255859375,2.5500000000002117
1.2568359375,2.5500000000002117
1.2578125,2.5500000000002117
1.2587890625,2.5500000000002117
1.259765625,2.5500000000002117
1.2607421875,2.5500000000002117
1.26171875,2.5500000000002117
1.2626953125,2.5500000000002117
1.263671875,2.5500000000002117
1.2646484375,2.5500000000002117
1.265625,2.5500000000002117
1.2666015625,2.5500000000002117
1.267578125,2.5500000000002117
1.2685546875,2.5500000000002117
1.26953125,2.5500000000002117
1.2705078125,2.5500000000002117
1.271484375,2.5500000000002117
1.2724609375,2.5500000000002117
1.2734375,2.5500000000002117
1.2744140625,2.5500000000002117
1.275390625,2.5500000000002117
1.2763671875,2.5500000000002117
1.27734375,2.5500000000002117
1.2783203125,2.5500000000002117
1.279296875,2.5500000000002117
1.2802734375,2.5500000000002117
1.28125,2.5500000000002117
1.2822265625,2.5500000000002117
1.283203125,2.5500000000002117
1.2841796875,2.5500000000002117
1.28515625,2.5500000000002117
1.2861328125,2.5500000000002117
1.287109375,2.5500000000002117
1.2880859375,2.5500000000002117
1.2890625,2.5500000000002117
1.2900390625,2.5500000000002117
1.291015625,2.5500000000002117
1.2919921875,2.5500000000002117
1.29296875,2.5500000000002117
1.2939453125,2.5500000000002117
1.294921875,2.5500000000002117
1.2958984375,2.5500000000002117
1.296875,2.5500000000002117
1.2978515625,2.5500000000002117
1.298828125,2.5500000000002117
1.2998046875,2.5500000000002117
1.30078125,2.5500000000002117
1.3017578125,2.5500000000002117
1.302734375,2.5500000000002117
1.3037109375,2.5500000000002117
1.3046875,2.5500000000002117
1.3056640625,2.5500000000002117
1.306640625,2.5500000000002117
1.3076171875,2.5500000000002117
1.30859375,2.5500000000002117
1.3095703125,2.5500000000002117
1.310546875,2.5500000000002117
1.3115234375,2.5500000000002117
1.3125,2.5500000000002117
1.3134765625,2.5500000000002117
1.314453125,2.5500000000002117
1.3154296875,2.5500000000002117
1.31640625,2.5500000000002117
1.3173828125,2.5500000000002117
1.318359375,2.5500000000002117
1.3193359375,2.5500000000002117
1.3203125,2.5500000000002117
1.3212890625,2.5500000000002117
1.322265625,2.5500000000002117
1.3232421875,2.5500000000002117
1.32421875,2.5500000000002117
1.3251953125,2.5500000000002117
1.326171875,2.5500000000002117
1.3271484375,2.5500000000002117
1.328125,2.5500000000002117
1.3291015625,2.5500000000002117
1.330078125,2.5500000000002117
1.3310546875,2.5500000000002117
1.33203125,2.5500000000002117
1.3330078125,2.5500000000002117
1.333984375,2.5500000000002117
1.3349609375,2.5500000000002117
1.3359375,2.5500000000002117
1.3369140625,2.5500000000002117
1.337890625,2.5500000000002117
1.3388671875,2.5500000000002117
1.33984375,2.5500000000002117
1.3408203125,2.5500000000002117
1.341796875,2.5500000000002117
1.3427734375,2.5500000000002117
1.34375,2.5500000000002117
1.3447265625,2.5500000000002117
1.345703125,2.5500000000002117
1.3466796875,2.5500000000002117
1.34765625,2.5500000000002117
1.3486328125,2.5500000000002117
1.349609375,2.5500000000002117
1.3505859375,2.5500000000002117
1.3515625,2.5500000000002117
1.3525390625,2.5500000000002117
1.353515625,2.5500000000002117
1.3544921875,2.5500000000002117
1.35546875,2.5500000000002117
1.3564453125,2.5500000000002117
1.357421875,2.5500000000002117
1.3583984375,2.5500000000002117
1.359375,2.5500000000002117
1.3603515625,2.5500000000002117
1.361328125,2.5500000000002117
1.3623046875,2.5500000000002117
1.36328125,2.5500000000002117
1.3642578125,2.5500000000002117
1.365234375,2.5500000000002117
1.3662109375,2.5500000000002117
1.3671875,2.5500000000002117
1.3681640625,2.5500000000002117
1.369140625,2.5500000000002117
1.3701171875,2.5500000000002117
1.37109375,2.5500000000002117
1.3720703125,2.5500000000002117
1.373046875,2.5500000000002117
1.3740234375,2.5500000000002117
1.375,2.5500000000002117
1.3759765625,2.5500000000002117
1.376953125,2.5500000000002117
1.3779296875,2.5500000000002117
1.37890625,2.5500000000002117
1.3798828125,2.5500000000002117
1.380859375,2.5500000000002117
1.3818359375,2.5500000000002117
1.3828125,2.5500000000002117
1.3837890625,2.5500000000002117
1.384765625,2.5500000000002117
1.3857421875,2.5500000000002117
1.38671875,2.5500000000002117
1.3876953125,2.5500000000002117
1.388671875,2.5500000000002117
1.3896484375,2.5500000000002117
1.390625,2.5500000000002117
1.3916015625,2.5500000000002117
1.392578125,2.5500000000002117
1.3935546875,2.5500000000002117
1.39453125,2.5500000000002117
1.3955078125,2.5500000000002117
1.396484375,2.5500000000002117
1.3974609375,2.5500000000002117
1.3984375,2.5500000000002117
1.3994140625,2.5500000000002117
1.400390625,2.5500000000002117
1.4013671875,2.5500000000002117
1.40234375,2.5500000000002117
1.4033203125,2.5500000000002117
1.404296875,2.5500000000002117
1.4052734375,2.5500000000002117
1.40625,2.5500000000002117
1.4072265625,2.5500000000002117
1.408203125,2.5500000000002117
1.4091796875,2.5500000000002117
1.41015625,2.5500000000002117
1.4111328125,2.5500000000002117
1.412109375,2.5500000000002117
1.4130859375,2.5500000000002117
1.4140625,2.5500000000002117
1.4150390625,2.5500000000002117
1.416015625,2.5500000000002117
1.4169921875,2.5500000000002117
1.41796875,2.5500000000002117
1.4189453125,2.5500000000002117
1.419921875,2.5500000000002117
1.4208984375,2.5500000000002117
1.421875,2.5500000000002117
1.4228515625,2.5500000000002117
1.423828125,2.5500000000002117
1.4248046875,2.5500000000002117
1.42578125,2.5500000000002117
1.4267578125,2.5500000000002117
1.427734375,2.5500000000002117
1.4287109375,2.5500000000002117
1.4296875,2.5500000000002117
1.4306640625,2.5500000000002117
1.431640625,2.5500000000002117
1.4326171875,2.5500000000002117
1.43359375,2.5500000000002117
1.4345703125,2.5500000000002117
1.435546875,2.5500000000002117
1.4365234375,2.5500000000002117
1.4375,2.5500000000002117
1.4384765625,2.5500000000002117
1.439453125,2.5500000000002117
1.4404296875,2.5500000000002117
1.44140625,2.5500000000002117
1.4423828125,2.5500000000002117
1.443359375,2.5500000000002117
1.4443359375,2.5500000000002117
1.4453125,2.5500000000002117
1.4462890625,2.5500000000002117
1.447265625,2.5500000000002117
1.4482421875,2.5500000000002117
1.44921875,2.5500000000002117
1.4501953125,2.5500000000002117
1.451171875,2.5500000000002117
1.4521484375,2.5500000000002117
1.453125,2.5500000000002117
1.4541015625,2.5500000000002117
1.455078125,2.5500000000002117
1.4560546875,2.5500000000002117
1.45703125,2.5500000000002117
1.4580078125,2.5500000000002117
1.458984375,2.5500000000002117
1.4599609375,2.5500000000002117
1.4609375,2.5500000000002117
1.4619140625,2.5500000000002117
1.462890625,2.5500000000002117
1.4638671875,2.5500000000002117
1.46484375,2.5500000000002117
1.4658203125,2.5500000000002117
1.466796875,2.5500000000002117
1.4677734375,2.5500000000002117
1.46875,2.5500000000002117
1.4697265625,2.5500000000002117
1.470703125,2.5500000000002117
1.4716796875,2.5500000000002117
1.47265625,2.5500000000002117
1.4736328125,2.5500000000002117
1.474609375,2.5500000000002117
1.4755859375,2.5500000000002117
1.4765625,2.5500000000002117
1.4775390625,2.5500000000002117
1.478515625,2.5500000000002117
1.4794921875,2.5500000000002117
1.48046875,2.5500000000002117
1.4814453125,2.5500000000002117
1.482421875,2.5500000000002117
1.4833984375,2.5500000000002117
1.484375,2.5500000000002117
1.4853515625,2.5500000000002117
1.486328125,2.5500000000002117
1.4873046875,2.5500000000002117
1.48828125,2.5500000000002117
1.4892578125,2.5500000000002117
1.490234375,2.5500000000002117
1.4912109375,2.5500000000002117
1.4921875,2.5500000000002117
1.4931640625,2.5500000000002117
1.494140625,2.5500000000002117
1.4951171875,2.5500000000002117
1.49609375,2.5500000000002117
1.4970703125,2.5500000000002117
1.498046875,2.5500000000002117
1.4990234375,2.5500000000002117
1.5,2.5500000000002117
1.5009765625,2.5500000000002117
1.501953125,2.5500000000002117
1.5029296875,2.5500000000002117
1.50390625,2.5500000000002117
1.5048828125,2.5500000000002117
1.505859375,2.5500000000002117
1.5068359375,2.5500000000002117
1.5078125,2.5500000000002117
1.5087890625,2.5500000000002117
1.509765625,2.5500000000002117
1.5107421875,2.5500000000002117
1.51171875,2.5500000000002117
1.5126953125,2.5500000000002117
1.513671875,2.5500000000002117
1.5146484375,2.5500000000002117
1.515625,2.5500000000002117
1.5166015625,2.5500000000002117
1.517578125,2.5500000000002117
1.5185546875,2.5500000000002117
1.51953125,2.5500000000002117
1.5205078125,2.5500000000002117
1.521484375,2.5500000000002117
1.5224609375,2.5500000000002117
1.5234375,2.5500000000002117
1.5244140625,2.5500000000002117
1.525390625,2.5500000000002117
1.5263671875,2.5500000000002117
1.52734375,2.5500000000002117
1.5283203125,2.5500000000002117
1.529296875,2.5500000000002117
1.5302734375,2.5500000000002117
1.53125,2.5500000000002117
1.5322265625,2.5500000000002117
1.533203125,2.5500000000002117
1.5341796875,2.5500000000002117
1.53515625,2.5500000000002117
1.5361328125,2.5500000000002117
1.537109375,2.5500000000002117
1.5380859375,2.5500000000002117
1.5390625,2.5500000000002117
1.5400390625,2.5500000000002117
1.541015625,2.5500000000002117
1.5419921875,2.5500000000002117
1.54296875,2.5500000000002117
1.5439453125,2.5500000000002117
1.544921875,2.5500000000002117
1.5458984375,2.5500000000002117
1.546875,2.5500000000002117
1.5478515625,2.5500000000002117
1.548828125,2.5500000000002117
1.5498046875,2.5500000000002117
1.55078125,2.5500000000002117
1.5517578125,2.5500000000002117
1.552734375,2.5500000000002117
1.5537109375,2.5500000000002117
1.5546875,2.5500000000002117
1.5556640625,2.5500000000002117
1.556640625,2.5500000000002117
1.5576171875,2.5500000000002117
1.55859375,2.5500000000002117
1.5595703125,2.5500000000002117
1.560546875,2.5500000000002117
1.5615234375,2.5500000000002117
1.5625,2.5500000000002117
1.5634765625,2.5500000000002117
1.564453125,2.5500000000002117
1.5654296875,2.5500000000002117
1.56640625,2.5500000000002117
1.5673828125,2.5500000000002117
1.568359375,2.5500000000002117
1.5693359375,2.5500000000002117
1.5703125,2.5500000000002117
1.5712890625,2.5500000000002117
1.572265625,2.5500000000002117
1.5732421875,2.5500000000002117
1.57421875,2.5500000000002117
1.5751953125,2.5500000000002117
1.576171875,2.5500000000002117
1.5771484375,2.5500000000002117
1.578125,2.5500000000002117
1.5791015625,2.5500000000002117
1.580078125,2.5500000000002117
1.5810546875,2.5500000000002117
1.58203125,2.5500000000002117
1.5830078125,2.5500000000002117
1.583984375,2.5500000000002117
1.5849609375,2.5500000000002117
1.5859375,2.5500000000002117
1.5869140625,2.5500000000002117
1.587890625,2.5500000000002117
1.5888671875,2.5500000000002117
1.58984375,2.5500000000002117
1.5908203125,2.5500000000002117
1.591796875,2.5500000000002117
1.5927734375,2.5500000000002117
1.59375,2.5500000000002117
1.5947265625,2.5500000000002117
1.595703125,2.5500000000002117
1.5966796875,2.5500000000002117
1.59765625,2.5500000000002117
1.5986328125,2.5500000000002117
1.599609375,2.5500000000002117
1.6005859375,2.5500000000002117
1.6015625,2.5500000000002117
1.6025390625,2.5500000000002117
1.603515625,2.5500000000002117
1.6044921875,2.5500000000002117
1.60546875,2.5500000000002117
1.6064453125,2.5500000000002117
1.607421875,2.5500000000002117
1.6083984375,2.5500000000002117
1.609375,2.5500000000002117
1.6103515625,2.5500000000002117
1.611328125,2.5500000000002117
1.6123046875,2.5500000000002117
1.61328125,2.5500000000002117
1.6142578125,2.5500000000002117
1.615234375,2.5500000000002117
1.6162109375,2.5500000000002117
1.6171875,2.5500000000002117
1.6181640625,2.5500000000002117
1.619140625,2.5500000000002117
1.6201171875,2.5500000000002117
1.62109375,2.5500000000002117
1.6220703125,2.5500000000002117
1.623046875,2.5500000000002117
1.6240234375,2.5500000000002117
1.625,2.5500000000002117
1.6259765625,2.5500000000002117
1.626953125,2.5500000000002117
1.6279296875,2.5500000000002117
1.62890625,2.5500000000002117
1.6298828125,2.5500000000002117
1.630859375,2.5500000000002117
1.6318359375,2.5500000000002117
1.6328125,2.5500000000002117
1.6337890625,2.5500000000002117
1.634765625,2.5500000000002117
1.6357421875,2.5500000000002117
1.63671875,2.5500000000002117
1.6376953125,2.5500000000002117
1.638671875,2.5500000000002117
1.6396484375,2.5500000000002117
1.640625,2.5500000000002117
1.6416015625,2.5500000000002117
1.642578125,2.5500000000002117
1.6435546875,2.5500000000002117
1.64453125,2.5500000000002117
1.6455078125,2.5500000000002117
1.646484375,2.5500000000002117
1.6474609375,2.5500000000002117
1.6484375,2.5500000000002117
1.6494140625,2.5500000000002117
1.650390625,2.5500000000002117
1.6513671875,2.5500000000002117
1.65234375,2.5500000000002117
1.6533203125,2.5500000000002117
1.654296875,2.5500000000002117
1.6552734375,2.5500000000002117
1.65625,2.5500000000002117
1.6572265625,2.5500000000002117
1.658203125,2.5500000000002117
1.6591796875,2.5500000000002117
1.66015625,2.5500000000002117
1.6611328125,2.5500000000002117
1.662109375,2.5500000000002117
1.6630859375,2.5500000000002117
1.6640625,2.5500000000002117
1.6650390625,2.5500000000002117
1.666015625,2.5500000000002117
1.6669921875,2.5500000000002117
1.66796875,2.5500000000002117
1.6689453125,2.5500000000002117
1.669921875,2.5500000000002117
1.6708984375,2.5500000000002117
1.671875,2.5500000000002117
1.6728515625,2.5500000000002117
1.673828125,2.5500000000002117
1.6748046875,2.5500000000002117
1.67578125,2.5500000000002117
1.6767578125,2.5500000000002117
1.677734375,2.5500000000002117
1.6787109375,2.5500000000002117
1.6796875,2.5500000000002117
1.6806640625,2.5500000000002117
1.681640625,2.5500000000002117
1.6826171875,2.5500000000002117
1.68359375,2.5500000000002117
1.6845703125,2.5500000000002117
1.685546875,2.5500000000002117
1.6865234375,2.5500000000002117
1.6875,2.5500000000002117
1.6884765625,2.5500000000002117
1.689453125,2.5500000000002117
1.6904296875,2.5500000000002117
1.69140625,2.5500000000002117
1.6923828125,2.5500000000002117
1.693359375,2.5500000000002117
1.6943359375,2.5500000000002117
1.6953125,2.5500000000002117
1.6962890625,2.5500000000002117
1.697265625,2.5500000000002117
1.6982421875,2.5500000000002117
1.69921875,2.5500000000002117
1.7001953125,2.5500000000002117
1.701171875,2.5500000000002117
1.7021484375,2.5500000000002117
1.703125,2.5500000000002117
1.7041015625,2.5500000000002117
1.705078125,2.5500000000002117
1.7060546875,2.5500000000002117
1.70703125,2.5500000000002117
1.7080078125,2.5500000000002117
1.708984375,2.5500000000002117
1.7099609375,2.5500000000002117
1.7109375,2.5500000000002117
1.7119140625,2.5500000000002117
1.712890625,2.5500000000002117
1.7138671875,2.5500000000002117
1.71484375,2.5500000000002117
1.7158203125,2.5500000000002117
1.716796875,2.5500000000002117
1.7177734375,2.5500000000002117
1.71875,2.5500000000002117
1.7197265625,2.5500000000002117
1.720703125,2.5500000000002117
1.7216796875,2.5500000000002117
1.72265625,2.5500000000002117
1.7236328125,2.5500000000002117
1.724609375,2.5500000000002117
1.7255859375,2.5500000000002117
1.7265625,2.5500000000002117
1.7275390625,2.5500000000002117
1.728515625,2.5500000000002117
1.7294921875,2.5500000000002117
1.73046875,2.5500000000002117
1.7314453125,2.5500000000002117
1.732421875,2.5500000000002117
1.7333984375,2.5500000000002117
1.734375,2.5500000000002117
1.7353515625,2.5500000000002117
1.736328125,2.5500000000002117
1.7373046875,2.5500000000002117
1.73828125,2.5500000000002117
1.7392578125,2.5500000000002117
1.740234375,2.5500000000002117
1.7412109375,2.5500000000002117
1.7421875,2.5500000000002117
1.7431640625,2.5500000000002117
1.744140625,2.5500000000002117
1.7451171875,2.5500000000002117
1.74609375,2.5500000000002117
1.7470703125,2.5500000000002117
1.748046875,2.5500000000002117
1.7490234375,2.5500000000002117
1.75,2.5500000000002117
1.7509765625,2.5500000000002117
1.751953125,2.5500000000002117
1.7529296875,2.5500000000002117
1.75390625,2.5500000000002117
1.7548828125,2.5500000000002117
1.755859375,2.5500000000002117
1.7568359375,2.5500000000002117
1.7578125,2.5500000000002117
1.7587890625,2.5500000000002117
1.759765625,2.5500000000002117
1.7607421875,2.5500000000002117
1.76171875,2.5500000000002117
1.7626953125,2.5500000000002117
1.763671875,2.5500000000002117
1.7646484375,2.5500000000002117
1.765625,2.5500000000002117
1.7666015625,2.5500000000002117
1.767578125,2.5500000000002117
1.7685546875,2.5500000000002117
1.76953125,2.5500000000002117
1.7705078125,2.5500000000002117
1.771484375,2.5500000000002117
1.7724609375,2.5500000000002117
1.7734375,2.5500000000002117
1.7744140625,2.5500000000002117
1.775390625,2.5500000000002117
1.7763671875,2.5500000000002117
1.77734375,2.5500000000002117
1.7783203125,2.5500000000002117
1.779296875,2.5500000000002117
1.7802734375,2.5500000000002117
1.78125,2.5500000000002117
1.7822265625,2.5500000000002117
1.783203125,2.5500000000002117
1.7841796875,2.5500000000002117
1.78515625,2.5500000000002117
1.7861328125,2.5500000000002117
1.787109375,2.5500000000002117
1.7880859375,2.5500000000002117
1.7890625,2.5500000000002117
1.7900390625,2.5500000000002117
1.791015625,2.5500000000002117
1.7919921875,2.5500000000002117
1.79296875,2.5500000000002117
1.7939453125,2.5500000000002117
1.794921875,2.5500000000002117
1.7958984375,2.5500000000002117
1.796875,2.5500000000002117
1.7978515625,2.5500000000002117
1.798828125,2.5500000000002117
1.7998046875,2.5500000000002117
1.80078125,2.5500000000002117
1.8017578125,2.5500000000002117
1.802734375,2.5500000000002117
1.8037109375,2.5500000000002117
1.8046875,2.5500000000002117
1.8056640625,2.5500000000002117
1.806640625,2.5500000000002117
1.8076171875,2.5500000000002117
1.80859375,2.5500000000002117
1.8095703125,2.5500000000002117
1.810546875,2.5500000000002117
1.8115234375,2.5500000000002117
1.8125,2.5500000000002117
1.8134765625,2.5500000000002117
1.814453125,2.5500000000002117
1.8154296875,2.5500000000002117
1.81640625,2.5500000000002117
1.8173828125,2.5500000000002117
1.818359375,2.5500000000002117
1.8193359375,2.5500000000002117
1.8203125,2.5500000000002117
1.8212890625,2.5500000000002117
1.822265625,2.5500000000002117
1.8232421875,2.5500000000002117
1.82421875,2.5500000000002117
1.8251953125,2.5500000000002117
1.826171875,2.5500000000002117
1.8271484375,2.5500000000002117
1.828125,2.5500000000002117
1.8291015625,2.5500000000002117
1.830078125,2.5500000000002117
1.8310546875,2.5500000000002117
1.83203125,2.5500000000002117
1.8330078125,2.5500000000002117
1.833984375,2.5500000000002117
1.8349609375,2.5500000000002117
1.8359375,2.5500000000002117
1.8369140625,2.5500000000002117
1.837890625,2.5500000000002117
1.8388671875,2.5500000000002117
1.83984375,2.5500000000002117
1.8408203125,2.5500000000002117
1.841796875,2.5500000000002117
1.8427734375,2.5500000000002117
1.84375,2.5500000000002117
1.8447265625,2.5500000000002117
1.845703125,2.5500000000002117
1.8466796875,2.5500000000002117
1.84765625,2.5500000000002117
1.8486328125,2.5500000000002117
1.849609375,2.5500000000002117
1.8505859375,2.5500000000002117
1.8515625,2.5500000000002117
1.8525390625,2.5500000000002117
1.853515625,2.5500000000002117
1.8544921875,2.5500000000002117
1.85546875,2.5500000000002117
1.8564453125,2.5500000000002117
1.857421875,2.5500000000002117
1.8583984375,2.5500000000002117
1.859375,2.5500000000002117
1.8603515625,2.5500000000002117
1.861328125,2.5500000000002117
1.8623046875,2.5500000000002117
1.86328125,2.5500000000002117
1.8642578125,2.5500000000002117
1.865234375,2.5500000000002117
1.8662109375,2.5500000000002117
1.8671875,2.5500000000002117
1.8681640625,2.5500000000002117
1.869140625,2.5500000000002117
1.8701171875,2.5500000000002117
1.87109375,2.5500000000002117
1.8720703125,2.5500000000002117
1.873046875,2.5500000000002117
1.8740234375,2.5500000000002117
1.875,2.5500000000002117
1.8759765625,2.5500000000002117
1.876953125,2.5500000000002117
1.8779296875,2.5500000000002117
1.87890625,2.5500000000002117
1.8798828125,2.5500000000002117
1.880859375,2.5500000000002117
1.8818359375,2.5500000000002117
1.8828125,2.5500000000002117
1.8837890625,2.5500000000002117
1.884765625,2.5500000000002117
1.8857421875,2.5500000000002117
1.88671875,2.5500000000002117
1.8876953125,2.5500000000002117
1.888671875,2.5500000000002117
1.8896484375,2.5500000000002117
1.890625,2.5500000000002117
1.8916015625,2.5500000000002117
1.892578125,2.5500000000002117
1.8935546875,2.5500000000002117
1.89453125,2.5500000000002117
1.8955078125,2.5500000000002117
1.896484375,2.5500000000002117
1.8974609375,2.5500000000002117
1.8984375,2.5500000000002117
1.8994140625,2.5500000000002117
1.900390625,2.5500000000002117
1.9013671875,2.5500000000002117
1.90234375,2.5500000000002117
1.9033203125,2.5500000000002117
1.904296875,2.5500000000002117
1.9052734375,2.5500000000002117
1.90625,2.5500000000002117
1.9072265625,2.5500000000002117
1.908203125,2.5500000000002117
1.9091796875,2.5500000000002117
1.91015625,2.5500000000002117
1.9111328125,2.5500000000002117
1.912109375,2.5500000000002117
1.9130859375,2.5500000000002117
1.9140625,2.5500000000002117
1.9150390625,2.5500000000002117
1.916015625,2.5500000000002117
1.9169921875,2.5500000000002117
1.91796875,2.5500000000002117
1.9189453125,2.5500000000002117
1.919921875,2.5500000000002117
1.9208984375,2.5500000000002117
1.921875,2.5500000000002117
1.9228515625,2.5500000000002117
1.923828125,2.5500000000002117
1.9248046875,2.5500000000002117
1.92578125,2.5500000000002117
1.9267578125,2.5500000000002117
1.927734375,2.5500000000002117
1.9287109375,2.5500000000002117
1.9296875,2.5500000000002117
1.9306640625,2.5500000000002117
1.931640625,2.5500000000002117
1.9326171875,2.5500000000002117
1.93359375,2.5500000000002117
1.9345703125,2.5500000000002117
1.935546875,2.5500000000002117
1.9365234375,2.5500000000002117
1.9375,2.5500000000002117
1.9384765625,2.5500000000002117
1.939453125,2.5500000000002117
1.9404296875,2.5500000000002117
1.94140625,2.5500000000002117
1.9423828125,2.5500000000002117
1.943359375,2.5500000000002117
1.9443359375,2.5500000000002117
1.9453125,2.5500000000002117
1.9462890625,2.5500000000002117
1.947265625,2.5500000000002117
1.9482421875,2.5500000000002117
1.94921875,2.5500000000002117
1.9501953125,2.5500000000002117
1.951171875,2.5500000000002117
1.9521484375,2.5500000000002117
1.953125,2.5500000000002117
1.9541015625,2.5500000000002117
1.955078125,2.5500000000002117
1.9560546875,2.5500000000002117
1.95703125,2.5500000000002117
1.9580078125,2.5500000000002117
1.958984375,2.5500000000002117
1.9599609375,2.5500000000002117
1.9609375,2.5500000000002117
1.9619140625,2.5500000000002117
1.962890625,2.5500000000002117
1.9638671875,2.5500000000002117
1.96484375,2.5500000000002117
1.9658203125,2.5500000000002117
1.966796875,2.5500000000002117
1.9677734375,2.5500000000002117
1.96875,2.5500000000002117
1.9697265625,2.5500000000002117
1.970703125,2.5500000000002117
1.9716796875,2.5500000000002117
1.97265625,2.5500000000002117
1.9736328125,2.5500000000002117
1.974609375,2.5500000000002117
1.9755859375,2.5500000000002117
1.9765625,2.5500000000002117
1.9775390625,2.5500000000002117
1.978515625,2.5500000000002117
1.9794921875,2.5500000000002117
1.98046875,2.5500000000002117
1.9814453125,2.5500000000002117
1.982421875,2.5500000000002117
1.9833984375,2.5500000000002117
1.984375,2.5500000000002117
1.9853515625,2.5500000000002117
1.986328125,2.5500000000002117
1.9873046875,2.5500000000002117
1.98828125,2.5500000000002117
1.9892578125,2.5500000000002117
1.990234375,2.5500000000002117
1.9912109375,2.5500000000002117
1.9921875,2.5500000000002117
1.9931640625,2.5500000000002117
1.994140625,2.5500000000002117
1.9951171875,2.5500000000002117
1.99609375,2.5500000000002117
1.9970703125,2.5500000000002117
1.998046875,2.5500000000002117
1.9990234375,2.5500000000002117
2,2.5500000000002117
2.00390625,2.5500000000002103
2.0078125,2.5500000000002094
2.01171875,2.5500000000002085
2.015625,2.5500000000002077
2.01953125,2.5500000000002068
2.0234375,2.5500000000002059
2.02734375,2.550000000000205
2.03125,2.5500000000002037
2.03515625,2.5500000000002023
2.0390625,2.5500000000002014
2.04296875,2.5500000000002006
2.046875,2.5500000000001997
2.05078125,2.5500000000001988
2.0546875,2.5500000000001979
2.05859375,2.550000000000197
2.0625,2.5500000000001961
2.06640625,2.5500000000001952
2.0703125,2.5500000000001939
2.07421875,2.5500000000001926
2.078125,2.5500000000001917
2.08203125,2.5500000000001908
2.0859375,2.5500000000001899
2.08984375,2.550000000000189
2.09375,2.5500000000001881
2.09765625,2.5500000000001872
2.1015625,2.5500000000001863
2.10546875,2.5500000000001855
2.109375,2.5500000000001841
2.11328125,2.5500000000001832
2.1171875,2.5500000000001823
2.12109375,2.5500000000001815
2.125,2.5500000000001806
2.12890625,2.5500000000001797
2.1328125,2.5500000000001788
2.13671875,2.5500000000001779
2.140625,2.550000000000177
2.14453125,2.5500000000001761
2.1484375,2.5500000000001748
2.15234375,2.5500000000001739
2.15625,2.550000000000173
2.16015625,2.5500000000001721
2.1640625,2.5500000000001712
2.16796875,2.5500000000001704
2.171875,2.5500000000001695
2.17578125,2.5500000000001686
2.1796875,2.5500000000001677
2.18359375,2.5500000000001668
2.1875,2.5500000000001659
2.19140625,2.550000000000165
2.1953125,2.5500000000001641
2.19921875,2.5500000000001632
2.203125,2.5500000000001624
2.20703125,2.5500000000001615
2.2109375,2.5500000000001606
2.21484375,2.5500000000001597
2.21875,2.5500000000001588
2.22265625,2.5500000000001579
2.2265625,2.550000000000157
2.23046875,2.5500000000001566
2.234375,2.5500000000001561
2.23828125,2.5500000000001553
2.2421875,2.5500000000001544
2.24609375,2.5500000000001535
2.25,2.5500000000001526
2.25390625,2.5500000000001517
2.2578125,2.5500000000001508
2.26171875,2.5500000000001499
2.265625,2.550000000000149
2.26953125,2.5500000000001481
2.2734375,2.5500000000001477
2.27734375,2.5500000000001473
2.28125,2.5500000000001468
2.28515625,2.5500000000001464
2.2890625,2.5500000000001455
2.29296875,2.5500000000001446
2.296875,2.5500000000001437
2.30078125,2.5500000000001428
2.3046875,2.5500000000001419
2.30859375,2.550000000000141
2.3125,2.5500000000001402
2.31640625,2.5500000000001393
2.3203125,2.5500000000001384
2.32421875,2.5500000000001379
2.328125,2.5500000000001375
2.33203125,2.550000000000137
2.3359375,2.5500000000001366
2.33984375,2.5500000000001357
2.34375,2.5500000000001348
2.34765625,2.5500000000001339
2.3515625,2.550000000000133
2.35546875,2.5500000000001322
2.359375,2.5500000000001313
2.36328125,2.5500000000001304
2.3671875,2.5500000000001295
2.37109375,2.5500000000001291
2.375,2.5500000000001286
2.37890625,2.5500000000001282
2.3828125,2.5500000000001277
2.38671875,2.5500000000001273
2.390625,2.5500000000001268
2.39453125,2.5500000000001259
2.3984375,2.5500000000001251
2.40234375,2.5500000000001242
2.40625,2.5500000000001233
2.41015625,2.5500000000001224
2.4140625,2.5500000000001215
2.41796875,2.5500000000001206
2.421875,2.5500000000001202
2.42578125,2.5500000000001197
2.4296875,2.5500000000001193
2.43359375,2.5500000000001188
2.4375,2.5500000000001184
2.44140625,2.550000000000118
2.4453125,2.5500000000001175
2.44921875,2.5500000000001171
2.453125,2.5500000000001162
2.45703125,2.5500000000001153
2.4609375,2.5500000000001144
2.46484375,2.5500000000001135
2.46875,2.5500000000001126
2.47265625,2.5500000000001117
2.4765625,2.5500000000001113
2.48046875,2.5500000000001108
2.484375,2.5500000000001104
2.48828125,2.55000000000011
2.4921875,2.5500000000001095
2.49609375,2.5500000000001091
2.5,2.5500000000001086
2.50390625,2.5500000000001082
2.5078125,2.5500000000001077
2.51171875,2.5500000000001073
2.515625,2.5500000000001064
2.51953125,2.5500000000001055
2.5234375,2.5500000000001046
2.52734375,2.5500000000001037
2.53125,2.5500000000001029
2.53515625,2.5500000000001024
2.5390625,2.550000000000102
2.54296875,2.5500000000001015
2.546875,2.5500000000001011
2.55078125,2.5500000000001006
2.5546875,2.5500000000001002
2.55859375,2.5500000000000997
2.5625,2.5500000000000993
2.56640625,2.5500000000000989
2.5703125,2.5500000000000984
2.57421875,2.550000000000098
2.578125,2.5500000000000975
2.58203125,2.5500000000000966
2.5859375,2.5500000000000957
2.58984375,2.5500000000000949
2.59375,2.550000000000094
2.59765625,2.5500000000000935
2.6015625,2.5500000000000931
2.60546875,2.5500000000000926
2.609375,2.5500000000000922
2.61328125,2.5500000000000917
2.6171875,2.5500000000000913
2.62109375,2.5500000000000909
2.625,2.5500000000000904
2.62890625,2.55000000000009
2.6328125,2.5500000000000895
2.63671875,2.5500000000000891
2.640625,2.5500000000000886
2.64453125,2.5500000000000882
2.6484375,2.5500000000000878
2.65234375,2.5500000000000869
2.65625,2.550000000000086
2.66015625,2.5500000000000851
2.6640625,2.5500000000000846
2.66796875,2.5500000000000842
2.671875,2.5500000000000838
2.67578125,2.5500000000000833
2.6796875,2.5500000000000829
2.68359375,2.5500000000000824
2.6875,2.550000000000082
2.69140625,2.5500000000000815
2.6953125,2.5500000000000811
2.69921875,2.5500000000000806
2.703125,2.5500000000000802
2.70703125,2.5500000000000798
2.7109375,2.5500000000000793
2.71484375,2.5500000000000789
2.71875,2.5500000000000784
2.72265625,2.550000000000078
2.7265625,2.5500000000000771
2.73046875,2.5500000000000762
2.734375,2.5500000000000753
2.73828125,2.5500000000000749
2.7421875,2.5500000000000744
2.74609375,2.550000000000074
2.75,2.5500000000000735
2.75390625,2.5500000000000731
2.7578125,2.5500000000000727
2.76171875,2.5500000000000722
2.765625,2.5500000000000718
2.76953125,2.5500000000000713
2.7734375,2.5500000000000709
2.77734375,2.5500000000000704
2.78125,2.55000000000007
2.78515625,2.5500000000000695
2.7890625,2.5500000000000691
2.79296875,2.5500000000000687
2.796875,2.5500000000000682
2.80078125,2.5500000000000678
2.8046875,2.5500000000000669
2.80859375,2.5500000000000664
2.8125,2.550000000000066
2.81640625,2.5500000000000655
2.8203125,2.5500000000000651
2.82421875,2.5500000000000647
2.828125,2.5500000000000642
2.83203125,2.5500000000000638
2.8359375,2.5500000000000633
2.83984375,2.5500000000000629
2.84375,2.5500000000000624
2.84765625,2.550000000000062
2.8515625,2.5500000000000616
2.85546875,2.5500000000000611
2.859375,2.5500000000000607
2.86328125,2.5500000000000602
2.8671875,2.5500000000000598
2.87109375,2.5500000000000593
2.875,2.5500000000000589
2.87890625,2.5500000000000584
2.8828125,2.550000000000058
2.88671875,2.5500000000000576
2.890625,2.5500000000000571
2.89453125,2.5500000000000567
2.8984375,2.5500000000000562
2.90234375,2.5500000000000558
2.90625,2.5500000000000553
2.91015625,2.5500000000000549
2.9140625,2.5500000000000544
2.91796875,2.550000000000054
2.921875,2.5500000000000536
2.92578125,2.5500000000000531
2.9296875,2.5500000000000527
2.93359375,2.5500000000000522
2.9375,2.5500000000000518
2.94140625,2.5500000000000513
2.9453125,2.5500000000000509
2.94921875,2.5500000000000504
2.953125,2.55000000000005
2.95703125,2.5500000000000496
2.9609375,2.5500000000000491
2.96484375,2.5500000000000487
2.96875,2.5500000000000482
2.97265625,2.5500000000000478
2.9765625,2.5500000000000473
2.98046875,2.5500000000000469
2.984375,2.5500000000000465
2.98828125,2.550000000000046
2.9921875,2.5500000000000456
2.99609375,2.5500000000000451
3,2.5500000000000447
3.00390625,2.5500000000000442
3.0078125,2.5500000000000438
3.01171875,2.5500000000000433
3.015625,2.5500000000000429
3.01953125,2.5500000000000425
3.0234375,2.550000000000042
3.02734375,2.5500000000000416
3.03125,2.5500000000000411
3.03515625,2.5500000000000407
3.0390625,2.5500000000000402
3.04296875,2.5500000000000398
3.046875,2.5500000000000393
3.05078125,2.5500000000000393
3.0546875,2.5500000000000393
3.05859375,2.5500000000000393
3.0625,2.5500000000000393
3.06640625,2.5500000000000393
3.0703125,2.5500000000000393
3.07421875,2.5500000000000393
3.078125,2.5500000000000393
3.08203125,2.5500000000000393
3.0859375,2.5500000000000393
3.08984375,2.5500000000000393
3.09375,2.5500000000000393
3.09765625,2.5500000000000393
3.1015625,2.5500000000000393
3.10546875,2.5500000000000393
3.109375,2.5500000000000393
3.11328125,2.5500000000000393
3.1171875,2.5500000000000393
3.12109375,2.5500000000000393
3.125,2.5500000000000393
3.12890625,2.5500000000000393
3.1328125,2.5500000000000393
3.13671875,2.5500000000000393
3.140625,2.5500000000000393
3.14453125,2.5500000000000393
3.1484375,2.5500000000000393
3.15234375,2.5500000000000393
3.15625,2.5500000000000393
3.16015625,2.5500000000000393
3.1640625,2.5500000000000393
3.16796875,2.5500000000000393
3.171875,2.5500000000000393
3.17578125,2.5500000000000393
3.1796875,2.5500000000000393
3.18359375,2.5500000000000393
3.1875,2.5500000000000393
3.19140625,2.5500000000000393
3.1953125,2.5500000000000393
3.19921875,2.5500000000000393
3.203125,2.5500000000000393
3.20703125,2.5500000000000393
3.2109375,2.5500000000000393
3.21484375,2.5500000000000393
3.21875,2.5500000000000393
3.22265625,2.5500000000000393
3.2265625,2.5500000000000393
3.23046875,2.5500000000000393
3.234375,2.5500000000000393
3.23828125,2.5500000000000393
3.2421875,2.5500000000000393
3.24609375,2.5500000000000393
3.25,2.5500000000000393
3.25390625,2.5500000000000393
3.2578125,2.5500000000000393
3.26171875,2.5500000000000393
3.265625,2.5500000000000393
3.26953125,2.5500000000000393
3.2734375,2.5500000000000393
3.27734375,2.5500000000000393
3.28125,2.5500000000000393
3.28515625,2.5500000000000393
3.2890625,2.5500000000000393
3.29296875,2.5500000000000393
3.296875,2.5500000000000393
3.30078125,2.5500000000000393
3.3046875,2.5500000000000393
3.30859375,2.5500000000000393
3.3125,2.5500000000000393
3.31640625,2.5500000000000393
3.3203125,2.5500000000000393
3.32421875,2.5500000000000393
3.328125,2.5500000000000393
3.33203125,2.5500000000000393
3.3359375,2.5500000000000393
3.33984375,2.5500000000000393
3.34375,2.5500000000000393
3.34765625,2.5500000000000393
3.3515625,2.5500000000000393
3.35546875,2.5500000000000393
3.359375,2.5500000000000393
3.36328125,2.5500000000000393
3.3671875,2.5500000000000393
3.37109375,2.5500000000000393
3.375,2.5500000000000393
3.37890625,2.5500000000000393
3.3828125,2.5500000000000393
3.38671875,2.5500000000000393
3.390625,2.5500000000000393
3.39453125,2.5500000000000393
3.3984375,2.5500000000000393
3.40234375,2.5500000000000393
3.40625,2.5500000000000393
3.41015625,2.5500000000000393
3.4140625,2.5500000000000393
3.41796875,2.5500000000000393
3.421875,2.5500000000000393
3.42578125,2.5500000000000393
3.4296875,2.5500000000000393
3.43359375,2.5500000000000393
3.4375,2.5500000000000393
3.44140625,2.5500000000000393
3.4453125,2.5500000000000393
3.44921875,2.5500000000000393
3.453125,2.5500000000000393
3.45703125,2.5500000000000393
3.4609375,2.5500000000000393
3.46484375,2.5500000000000393
3.46875,2.5500000000000393
3.47265625,2.5500000000000393
3.4765625,2.5500000000000393
3.48046875,2.5500000000000393
3.484375,2.5500000000000393
3.48828125,2.5500000000000393
3.4921875,2.5500000000000393
3.49609375,2.5500000000000393
3.5,2.5500000000000393
3.50390625,2.5500000000000393
3.5078125,2.5500000000000393
3.51171875,2.5500000000000393
3.515625,2.5500000000000393
3.51953125,2.5500000000000393
3.5234375,2.5500000000000393
3.52734375,2.5500000000000393
3.53125,2.5500000000000393
3.53515625,2.5500000000000393
3.5390625,2.5500000000000393
3.54296875,2.5500000000000393
3.546875,2.5500000000000393
3.55078125,2.5500000000000393
3.5546875,2.5500000000000393
3.55859375,2.5500000000000393
3.5625,2.5500000000000393
3.56640625,2.5500000000000393
3.5703125,2.5500000000000393
3.57421875,2.5500000000000393
3.578125,2.5500000000000393
3.58203125,2.5500000000000393
3.5859375,2.5500000000000393
3.58984375,2.5500000000000393
3.59375,2.5500000000000393
3.59765625,2.5500000000000393
3.6015625,2.5500000000000393
3.60546875,2.5500000000000393
3.609375,2.5500000000000393
3.61328125,2.5500000000000393
3.6171875,2.5500000000000393
3.62109375,2.5500000000000393
3.625,2.5500000000000393
3.62890625,2.5500000000000393
3.6328125,2.5500000000000393
3.63671875,2.5500000000000393
3.640625,2.5500000000000393
3.64453125,2.5500000000000393
3.6484375,2.5500000000000393
3.65234375,2.5500000000000393
3.65625,2.5500000000000393
3.66015625,2.5500000000000393
3.6640625,2.5500000000000393
3.66796875,2.5500000000000393
3.671875,2.5500000000000393
3.67578125,2.5500000000000393
3.6796875,2.5500000000000393
3.68359375,2.5500000000000393
3.6875,2.5500000000000393
3.69140625,2.5500000000000393
3.6953125,2.5500000000000393
3.69921875,2.5500000000000393
3.703125,2.5500000000000393
3.70703125,2.5500000000000393
3.7109375,2.5500000000000393
3.71484375,2.5500000000000393
3.71875,2.5500000000000393
3.72265625,2.5500000000000393
3.7265625,2.5500000000000393
3.73046875,2.5500000000000393
3.734375,2.5500000000000393
3.73828125,2.5500000000000393
3.7421875,2.5500000000000393
3.74609375,2.5500000000000393
3.75,2.5500000000000393
3.75390625,2.5500000000000393
3.7578125,2.5500000000000393
3.76171875,2.5500000000000393
3.765625,2.5500000000000393
3.76953125,2.5500000000000393
3.7734375,2.5500000000000393
3.77734375,2.5500000000000393
3.78125,2.5500000000000393
3.78515625,2.5500000000000393
3.7890625,2.5500000000000393
3.79296875,2.5500000000000393
3.796875,2.5500000000000393
3.80078125,2.5500000000000393
3.8046875,2.5500000000000393
3.80859375,2.5500000000000393
3.8125,2.5500000000000393
3.81640625,2.5500000000000393
3.8203125,2.5500000000000393
3.82421875,2.5500000000000393
3.828125,2.5500000000000393
3.83203125,2.5500000000000393
3.8359375,2.5500000000000393
3.83984375,2.5500000000000393
3.84375,2.5500000000000393
3.84765625,2.5500000000000393
3.8515625,2.5500000000000393
3.85546875,2.5500000000000393
3.859375,2.5500000000000393
3.86328125,2.5500000000000393
3.8671875,2.5500000000000393
3.87109375,2.5500000000000393
3.875,2.5500000000000393
3.87890625,2.5500000000000393
3.8828125,2.5500000000000393
3.88671875,2.5500000000000393
3.890625,2.5500000000000393
3.89453125,2.5500000000000393
3.8984375,2.5500000000000393
3.90234375,2.5500000000000393
3.90625,2.5500000000000393
3.91015625,2.5500000000000393
3.9140625,2.5500000000000393
3.91796875,2.5500000000000393
3.921875,2.5500000000000393
3.92578125,2.5500000000000393
3.9296875,2.5500000000000393
3.93359375,2.5500000000000393
3.9375,2.5500000000000393
3.94140625,2.5500000000000393
3.9453125,2.5500000000000393
3.94921875,2.5500000000000393
3.953125,2.5500000000000393
3.95703125,2.5500000000000393
3.9609375,2.5500000000000393
3.96484375,2.5500000000000393
3.96875,2.5500000000000393
3.97265625,2.5500000000000393
3.9765625,2.5500000000000393
3.98046875,2.5500000000000393
3.984375,2.5500000000000393
3.98828125,2.5500000000000393
3.9921875,2.5500000000000393
3.99609375,2.5500000000000393
4,2.5500000000000393
4.00390625,2.5500000000000393
4.0078125,2.5500000000000393
4.01171875,2.5500000000000393
4.015625,2.5500000000000393
4.01953125,2.5500000000000393
4.0234375,2.5500000000000393
4.02734375,2.5500000000000393
4.03125,2.5500000000000393
4.03515625,2.5500000000000393
4.0390625,2.5500000000000393
4.04296875,2.5500000000000393
4.046875,2.5500000000000393
4.05078125,2.5500000000000393
4.0546875,2.5500000000000393
4.05859375,2.5500000000000393
4.0625,2.5500000000000393
4.06640625,2.5500000000000393
4.0703125,2.5500000000000393
4.07421875,2.5500000000000393
4.078125,2.5500000000000393
4.08203125,2.5500000000000393
4.0859375,2.5500000000000393
4.08984375,2.5500000000000393
4.09375,2.5500000000000393
4.09765625,2.5500000000000393
4.1015625,2.5500000000000393
4.10546875,2.5500000000000393
4.109375,2.5500000000000393
4.11328125,2.5500000000000393
4.1171875,2.5500000000000393
4.12109375,2.5500000000000393
4.125,2.5500000000000393
4.12890625,2.5500000000000393
4.1328125,2.5500000000000393
4.13671875,2.5500000000000393
4.140625,2.5500000000000393
4.14453125,2.5500000000000393
4.1484375,2.5500000000000393
4.15234375,2.5500000000000393
4.15625,2.5500000000000393
4.16015625,2.5500000000000393
4.1640625,2.5500000000000393
4.16796875,2.5500000000000393
4.171875,2.5500000000000393
4.17578125,2.5500000000000393
4.1796875,2.5500000000000393
4.18359375,2.5500000000000393
4.1875,2.5500000000000393
4.19140625,2.5500000000000393
4.1953125,2.5500000000000393
4.19921875,2.5500000000000393
4.203125,2.5500000000000393
4.20703125,2.5500000000000393
4.2109375,2.5500000000000393
4.21484375,2.5500000000000393
4.21875,2.5500000000000393
4.22265625,2.5500000000000393
4.2265625,2.5500000000000393
4.23046875,2.5500000000000393
4.234375,2.5500000000000393
4.23828125,2.5500000000000393
4.2421875,2.5500000000000393
4.24609375,2.5500000000000393
4.25,2.5500000000000393
4.25390625,2.5500000000000393
4.2578125,2.5500000000000393
4.26171875,2.5500000000000393
4.265625,2.5500000000000393
4.26953125,2.5500000000000393
4.2734375,2.5500000000000393
4.27734375,2.5500000000000393
4.28125,2.5500000000000393
4.28515625,2.5500000000000393
4.2890625,2.5500000000000393
4.29296875,2.5500000000000393
4.296875,2.5500000000000393
4.30078125,2.5500000000000393
4.3046875,2.5500000000000393
4.30859375,2.5500000000000393
4.3125,2.5500000000000393
4.31640625,2.5500000000000393
4.3203125,2.5500000000000393
4.32421875,2.5500000000000393
4.328125,2.5500000000000393
4.33203125,2.5500000000000393
4.3359375,2.5500000000000393
4.33984375,2.5500000000000393
4.34375,2.5500000000000393
4.34765625,2.5500000000000393
4.3515625,2.5500000000000393
4.35546875,2.5500000000000393
4.359375,2.5500000000000393
4.36328125,2.5500000000000393
4.3671875,2.5500000000000393
4.37109375,2.5500000000000393
4.375,2.5500000000000393
4.37890625,2.5500000000000393
4.3828125,2.5500000000000393
4.38671875,2.5500000000000393
4.390625,2.5500000000000393
4.39453125,2.5500000000000393
4.3984375,2.5500000000000393
4.40234375,2.5500000000000393
4.40625,2.5500000000000393
4.41015625,2.5500000000000393
4.4140625,2.5500000000000393
4.41796875,2.5500000000000393
4.421875,2.5500000000000393
4.42578125,2.5500000000000393
4.4296875,2.5500000000000393
4.43359375,2.5500000000000393
4.4375,2.5500000000000393
4.44140625,2.5500000000000393
4.4453125,2.5500000000000393
4.44921875,2.5500000000000393
4.453125,2.5500000000000393
4.45703125,2.5500000000000393
4.4609375,2.5500000000000393
4.46484375,2.5500000000000393
4.46875,2.5500000000000393
4.47265625,2.5500000000000393
4.4765625,2.5500000000000393
4.48046875,2.5500000000000393
4.484375,2.5500000000000393
4.48828125,2.5500000000000393
4.4921875,2.5500000000000393
4.49609375,2.5500000000000393
4.5,2.5500000000000393
4.50390625,2.5500000000000393
4.5078125,2.5500000000000393
4.51171875,2.5500000000000393
4.515625,2.5500000000000393
4.51953125,2.5500000000000393
4.5234375,2.5500000000000393
4.52734375,2.5500000000000393
4.53125,2.5500000000000393
4.53515625,2.5500000000000393
4.5390625,2.5500000000000393
4.54296875,2.5500000000000393
4.546875,2.5500000000000393
4.55078125,2.5500000000000393
4.5546875,2.5500000000000393
4.55859375,2.5500000000000393
4.5625,2.5500000000000393
4.56640625,2.5500000000000393
4.5703125,2.5500000000000393
4.57421875,2.5500000000000393
4.578125,2.5500000000000393
4.58203125,2.5500000000000393
4.5859375,2.5500000000000393
4.58984375,2.5500000000000393
4.59375,2.5500000000000393
4.59765625,2.5500000000000393
4.6015625,2.5500000000000393
4.60546875,2.5500000000000393
4.609375,2.5500000000000393
4.61328125,2.5500000000000393
4.6171875,2.5500000000000393
4.62109375,2.5500000000000393
4.625,2.5500000000000393
4.62890625,2.5500000000000393
4.6328125,2.5500000000000393
4.63671875,2.5500000000000393
4.640625,2.5500000000000393
4.64453125,2.5500000000000393
4.6484375,2.5500000000000393
4.65234375,2.5500000000000393
4.65625,2.5500000000000393
4.66015625,2.5500000000000393
4.6640625,2.5500000000000393
4.66796875,2.5500000000000393
4.671875,2.5500000000000393
4.67578125,2.5500000000000393
4.6796875,2.5500000000000393
4.68359375,2.5500000000000393
4.6875,2.5500000000000393
4.69140625,2.5500000000000393
4.6953125,2.5500000000000393
4.69921875,2.5500000000000393
4.703125,2.5500000000000393
4.70703125,2.5500000000000393
4.7109375,2.5500000000000393
4.71484375,2.5500000000000393
4.71875,2.5500000000000393
4.72265625,2.5500000000000393
4.7265625,2.5500000000000393
4.73046875,2.5500000000000393
4.734375,2.5500000000000393
4.73828125,2.5500000000000393
4.7421875,2.5500000000000393
4.74609375,2.5500000000000393
4.75,2.5500000000000393
4.75390625,2.5500000000000393
4.7578125,2.5500000000000393
4.76171875,2.5500000000000393
4.765625,2.5500000000000393
4.76953125,2.5500000000000393
4.7734375,2.5500000000000393
4.77734375,2.5500000000000393
4.78125,2.5500000000000393
4.78515625,2.5500000000000393
4.7890625,2.5500000000000393
4.79296875,2.5500000000000393
4.796875,2.5500000000000393
4.80078125,2.5500000000000393
4.8046875,2.5500000000000393
4.80859375,2.5500000000000393
4.8125,2.5500000000000393
4.81640625,2.5500000000000393
4.8203125,2.5500000000000393
4.82421875,2.5500000000000393
4.828125,2.5500000000000393
4.83203125,2.5500000000000393
4.8359375,2.5500000000000393
4.83984375,2.5500000000000393
4.84375,2.5500000000000393
4.84765625,2.5500000000000393
4.8515625,2.5500000000000393
4.85546875,2.5500000000000393
4.859375,2.5500000000000393
4.86328125,2.5500000000000393
4.8671875,2.5500000000000393
4.87109375,2.5500000000000393
4.875,2.5500000000000393
4.87890625,2.5500000000000393
4.8828125,2.5500000000000393
4.88671875,2.5500000000000393
4.890625,2.5500000000000393
4.89453125,2.5500000000000393
4.8984375,2.5500000000000393
4.90234375,2.5500000000000393
4.90625,2.5500000000000393
4.91015625,2.5500000000000393
4.9140625,2.5500000000000393
4.91796875,2.5500000000000393
4.921875,2.5500000000000393
4.92578125,2.5500000000000393
4.9296875,2.5500000000000393
4.93359375,2.5500000000000393
4.9375,2.5500000000000393
4.94140625,2.5500000000000393
4.9453125,2.5500000000000393
4.94921875,2.5500000000000393
4.953125,2.5500000000000393
4.95703125,2.5500000000000393
4.9609375,2.5500000000000393
4.96484375,2.5500000000000393
4.96875,2.5500000000000393
4.97265625,2.5500000000000393
4.9765625,2.5500000000000393
4.98046875,2.5500000000000393
4.984375,2.5500000000000393
4.98828125,2.5500000000000393
4.9921875,2.5500000000000393
4.99609375,2.5500000000000393
5,2.5500000000000393
5.00390625,2.5500000000000393
5.0078125,2.5500000000000393
5.01171875,2.5500000000000393
5.015625,2.5500000000000393
5.01953125,2.5500000000000393
5.0234375,2.5500000000000393
5.02734375,2.5500000000000393
5.03125,2.5500000000000393
5.03515625,2.5500000000000393
5.0390625,2.5500000000000393
5.04296875,2.5500000000000393
5.046875,2.5500000000000393
5.05078125,2.5500000000000393
5.0546875,2.5500000000000393
5.05859375,2.5500000000000393
5.0625,2.5500000000000393
5.06640625,2.5500000000000393
5.0703125,2.5500000000000393
5.07421875,2.5500000000000393
5.078125,2.5500000000000393
5.08203125,2.5500000000000393
5.0859375,2.5500000000000393
5.08984375,2.5500000000000393
5.09375,2.5500000000000393
5.09765625,2.5500000000000393
5.1015625,2.5500000000000393
5.10546875,2.5500000000000393
5.109375,2.5500000000000393
5.11328125,2.5500000000000393
5.1171875,2.5500000000000393
5.12109375,2.5500000000000393
5.125,2.5500000000000393
5.12890625,2.5500000000000393
5.1328125,2.5500000000000393
5.13671875,2.5500000000000393
5.140625,2.5500000000000393
5.14453125,2.5500000000000393
5.1484375,2.5500000000000393
5.15234375,2.5500000000000393
5.15625,2.5500000000000393
5.16015625,2.5500000000000393
5.1640625,2.5500000000000393
5.16796875,2.5500000000000393
5.171875,2.5500000000000393
5.17578125,2.5500000000000393
5.1796875,2.5500000000000393
5.18359375,2.5500000000000393
5.1875,2.5500000000000393
5.19140625,2.5500000000000393
5.1953125,2.5500000000000393
5.19921875,2.5500000000000393
5.203125,2.5500000000000393
5.20703125,2.5500000000000393
5.2109375,2.5500000000000393
5.21484375,2.5500000000000393
5.21875,2.5500000000000393
5.22265625,2.5500000000000393
5.2265625,2.5500000000000393
5.23046875,2.5500000000000393
5.234375,2.5500000000000393
5.23828125,2.5500000000000393
5.2421875,2.5500000000000393
5.24609375,2.5500000000000393
5.25,2.5500000000000393
5.25390625,2.5500000000000393
5.2578125,2.5500000000000393
5.26171875,2.5500000000000393
5.265625,2.5500000000000393
5.26953125,2.5500000000000393
5.2734375,2.5500000000000393
5.27734375,2.5500000000000393
5.28125,2.5500000000000393
5.28515625,2.5500000000000393
5.2890625,2.5500000000000393
5.29296875,2.5500000000000393
5.296875,2.5500000000000393
5.30078125,2.5500000000000393
5.3046875,2.5500000000000393
5.30859375,2.5500000000000393
5.3125,2.5500000000000393
5.31640625,2.5500000000000393
5.3203125,2.5500000000000393
5.32421875,2.5500000000000393
5.328125,2.5500000000000393
5.33203125,2.5500000000000393
5.3359375,2.5500000000000393
5.33984375,2.5500000000000393
5.34375,2.5500000000000393
5.34765625,2.5500000000000393
5.3515625,2.5500000000000393
5.35546875,2.5500000000000393
5.359375,2.5500000000000393
5.36328125,2.5500000000000393
5.3671875,2.5500000000000393
5.37109375,2.5500000000000393
5.375,2.5500000000000393
5.37890625,2.5500000000000393
5.3828125,2.5500000000000393
5.38671875,2.5500000000000393
5.390625,2.5500000000000393
5.39453125,2.5500000000000393
5.3984375,2.5500000000000393
5.40234375,2.5500000000000393
5.40625,2.5500000000000393
5.41015625,2.5500000000000393
5.4140625,2.5500000000000393
5.41796875,2.5500000000000393
5.421875,2.5500000000000393
5.42578125,2.5500000000000393
5.4296875,2.5500000000000393
5.43359375,2.5500000000000393
5.4375,2.5500000000000393
5.44140625,2.5500000000000393
5.4453125,2.5500000000000393
5.44921875,2.5500000000000393
5.453125,2.5500000000000393
5.45703125,2.5500000000000393
5.4609375,2.5500000000000393
5.46484375,2.5500000000000393
5.46875,2.5500000000000393
5.47265625,2.5500000000000393
5.4765625,2.5500000000000393
5.48046875,2.5500000000000393
5.484375,2.5500000000000393
5.48828125,2.5500000000000393
5.4921875,2.5500000000000393
5.49609375,2.5500000000000393
5.5,2.5500000000000393
5.50390625,2.5500000000000393
5.5078125,2.5500000000000393
5.51171875,2.5500000000000393
5.515625,2.5500000000000393
5.51953125,2.5500000000000393
5.5234375,2.5500000000000393
5.52734375,2.5500000000000393
5.53125,2.5500000000000393
5.53515625,2.5500000000000393
5.5390625,2.5500000000000393
5.54296875,2.5500000000000393
5.546875,2.5500000000000393
5.55078125,2.5500000000000393
5.5546875,2.5500000000000393
5.55859375,2.5500000000000393
5.5625,2.5500000000000393
5.56640625,2.5500000000000393
5.5703125,2.5500000000000393
5.57421875,2.5500000000000393
5.578125,2.5500000000000393
5.58203125,2.5500000000000393
5.5859375,2.5500000000000393
5.58984375,2.5500000000000393
5.59375,2.5500000000000393
5.59765625,2.5500000000000393
5.6015625,2.5500000000000393
5.60546875,2.5500000000000393
5.609375,2.5500000000000393
5.61328125,2.5500000000000393
5.6171875,2.5500000000000393
5.62109375,2.5500000000000393
5.625,2.5500000000000393
5.62890625,2.5500000000000393
5.6328125,2.5500000000000393
5.63671875,2.5500000000000393
5.640625,2.5500000000000393
5.64453125,2.5500000000000393
5.6484375,2.5500000000000393
5.65234375,2.5500000000000393
5.65625,2.5500000000000393
5.66015625,2.5500000000000393
5.6640625,2.5500000000000393
5.66796875,2.5500000000000393
5.671875,2.5500000000000393
5.67578125,2.5500000000000393
5.6796875,2.5500000000000393
5.68359375,2.5500000000000393
5.6875,2.5500000000000393
5.69140625,2.5500000000000393
5.6953125,2.5500000000000393
5.69921875,2.5500000000000393
5.703125,2.5500000000000393
5.70703125,2.5500000000000393
5.7109375,2.5500000000000393
5.71484375,2.5500000000000393
5.71875,2.5500000000000393
5.72265625,2.5500000000000393
5.7265625,2.5500000000000393
5.73046875,2.5500000000000393
5.734375,2.5500000000000393
5.73828125,2.5500000000000393
5.7421875,2.5500000000000393
5.74609375,2.5500000000000393
5.75,2.5500000000000393
5.75390625,2.5500000000000393
5.7578125,2.5500000000000393
5.76171875,2.5500000000000393
5.765625,2.5500000000000393
5.76953125,2.5500000000000393
5.7734375,2.5500000000000393
5.77734375,2.5500000000000393
5.78125,2.5500000000000393
5.78515625,2.5500000000000393
5.7890625,2.5500000000000393
5.79296875,2.5500000000000393
5.796875,2.5500000000000393
5.80078125,2.5500000000000393
5.8046875,2.5500000000000393
5.80859375,2.5500000000000393
5.8125,2.5500000000000393
5.81640625,2.5500000000000393
5.8203125,2.5500000000000393
5.82421875,2.5500000000000393
5.828125,2.5500000000000393
5.83203125,2.5500000000000393
5.8359375,2.5500000000000393
5.83984375,2.5500000000000393
5.84375,2.5500000000000393
5.84765625,2.5500000000000393
5.8515625,2.5500000000000393
5.85546875,2.5500000000000393
5.859375,2.5500000000000393
5.86328125,2.5500000000000393
5.8671875,2.5500000000000393
5.87109375,2.5500000000000393
5.875,2.5500000000000393
5.87890625,2.5500000000000393
5.8828125,2.5500000000000393
5.88671875,2.5500000000000393
5.890625,2.5500000000000393
5.89453125,2.5500000000000393
5.8984375,2.5500000000000393
5.90234375,2.5500000000000393
5.90625,2.5500000000000393
5.91015625,2.5500000000000393
5.9140625,2.5500000000000393
5.91796875,2.5500000000000393
5.921875,2.5500000000000393
5.92578125,2.5500000000000393
5.9296875,2.5500000000000393
5.93359375,2.5500000000000393
5.9375,2.5500000000000393
5.94140625,2.5500000000000393
5.9453125,2.5500000000000393
5.94921875,2.5500000000000393
5.953125,2.5500000000000393
5.95703125,2.5500000000000393
5.9609375,2.5500000000000393
5.96484375,2.5500000000000393
5.96875,2.5500000000000393
5.97265625,2.5500000000000393
5.9765625,2.5500000000000393
5.98046875,2.5500000000000393
5.984375,2.5500000000000393
5.98828125,2.5500000000000393
5.9921875,2.5500000000000393
5.99609375,2.5500000000000393
6,2.5500000000000393
6.00390625,2.5500000000000393
6.0078125,2.5500000000000393
6.01171875,2.5500000000000393
6.015625,2.5500000000000393
6.01953125,2.5500000000000393
6.0234375,2.5500000000000393
6.02734375,2.5500000000000393
6.03125,2.5500000000000393
6.03515625,2.5500000000000393
6.0390625,2.5500000000000393
6.04296875,2.5500000000000393
6.046875,2.5500000000000393
6.05078125,2.5500000000000393
6.0546875,2.5500000000000393
6.05859375,2.5500000000000393
6.0625,2.5500000000000393
6.06640625,2.5500000000000393
6.0703125,2.5500000000000393
6.07421875,2.5500000000000393
6.078125,2.5500000000000393
6.08203125,2.5500000000000393
6.0859375,2.5500000000000393
6.08984375,2.5500000000000393
6.09375,2.5500000000000393
6.09765625,2.5500000000000393
6.1015625,2.5500000000000393
6.10546875,2.5500000000000393
6.109375,2.5500000000000393
6.11328125,2.5500000000000393
6.1171875,2.5500000000000393
6.12109375,2.5500000000000393
6.125,2.5500000000000393
6.12890625,2.5500000000000393
6.1328125,2.5500000000000393
6.13671875,2.5500000000000393
6.140625,2.5500000000000393
6.14453125,2.5500000000000393
6.1484375,2.5500000000000393
6.15234375,2.5500000000000393
6.15625,2.5500000000000393
6.16015625,2.5500000000000393
6.1640625,2.5500000000000393
6.16796875,2.5500000000000393
6.171875,2.5500000000000393
6.17578125,2.5500000000000393
6.1796875,2.5500000000000393
6.18359375,2.5500000000000393
6.1875,2.5500000000000393
6.19140625,2.5500000000000393
6.1953125,2.5500000000000393
6.19921875,2.5500000000000393
6.203125,2.5500000000000393
6.20703125,2.5500000000000393
6.2109375,2.5500000000000393
6.21484375,2.5500000000000393
6.21875,2.5500000000000393
6.22265625,2.5500000000000393
6.2265625,2.5500000000000393
6.23046875,2.5500000000000393
6.234375,2.5500000000000393
6.23828125,2.5500000000000393
6.2421875,2.5500000000000393
6.24609375,2.5500000000000393
6.25,2.5500000000000393
6.25390625,2.5500000000000393
6.2578125,2.5500000000000393
6.26171875,2.5500000000000393
6.265625,2.5500000000000393
6.26953125,2.5500000000000393
6.2734375,2.5500000000000393
6.27734375,2.5500000000000393
6.28125,2.5500000000000393
6.28515625,2.5500000000000393
6.2890625,2.5500000000000393
6.29296875,2.5500000000000393
6.296875,2.5500000000000393
6.30078125,2.5500000000000393
6.3046875,2.5500000000000393
6.30859375,2.5500000000000393
6.3125,2.5500000000000393
6.31640625,2.5500000000000393
6.3203125,2.5500000000000393
6.32421875,2.5500000000000393
6.328125,2.5500000000000393
6.33203125,2.5500000000000393
6.3359375,2.5500000000000393
6.33984375,2.5500000000000393
6.34375,2.5500000000000393
6.34765625,2.5500000000000393
6.3515625,2.5500000000000393
6.35546875,2.5500000000000393
6.359375,2.5500000000000393
6.36328125,2.5500000000000393
6.3671875,2.5500000000000393
6.37109375,2.5500000000000393
6.375,2.5500000000000393
6.37890625,2.5500000000000393
6.3828125,2.5500000000000393
6.38671875,2.5500000000000393
6.390625,2.5500000000000393
6.39453125,2.5500000000000393
6.3984375,2.5500000000000393
6.40234375,2.5500000000000393
6.40625,2.5500000000000393
6.41015625,2.5500000000000393
6.4140625,2.5500000000000393
6.41796875,2.5500000000000393
6.421875,2.5500000000000393
6.42578125,2.5500000000000393
6.4296875,2.5500000000000393
6.43359375,2.5500000000000393
6.4375,2.5500000000000393
6.44140625,2.5500000000000393
6.4453125,2.5500000000000393
6.44921875,2.5500000000000393
6.453125,2.5500000000000393
6.45703125,2.5500000000000393
6.4609375,2.5500000000000393
6.46484375,2.5500000000000393
6.46875,2.5500000000000393
6.47265625,2.5500000000000393
6.4765625,2.5500000000000393
6.48046875,2.5500000000000393
6.484375,2.5500000000000393
6.48828125,2.5500000000000393
6.4921875,2.5500000000000393
6.49609375,2.5500000000000393
6.5,2.5500000000000393
6.50390625,2.5500000000000393
6.5078125,2.5500000000000393
6.51171875,2.5500000000000393
6.515625,2.5500000000000393
6.51953125,2.5500000000000393
6.5234375,2.5500000000000393
6.52734375,2.5500000000000393
6.53125,2.5500000000000393
6.53515625,2.5500000000000393
6.5390625,2.5500000000000393
6.54296875,2.5500000000000393
6.546875,2.5500000000000393
6.55078125,2.5500000000000393
6.5546875,2.5500000000000393
6.55859375,2.5500000000000393
6.5625,2.5500000000000393
6.56640625,2.5500000000000393
6.5703125,2.5500000000000393
6.57421875,2.5500000000000393
6.578125,2.5500000000000393
6.58203125,2.5500000000000393
6.5859375,2.5500000000000393
6.58984375,2.5500000000000393
6.59375,2.5500000000000393
6.59765625,2.5500000000000393
6.6015625,2.5500000000000393
6.60546875,2.5500000000000393
6.609375,2.5500000000000393
6.61328125,2.5500000000000393
6.6171875,2.5500000000000393
6.62109375,2.5500000000000393
6.625,2.5500000000000393
6.62890625,2.5500000000000393
6.6328125,2.5500000000000393
6.63671875,2.5500000000000393
6.640625,2.5500000000000393
6.64453125,2.5500000000000393
6.6484375,2.5500000000000393
6.65234375,2.5500000000000393
6.65625,2.5500000000000393
6.66015625,2.5500000000000393
6.6640625,2.5500000000000393
6.66796875,2.5500000000000393
6.671875,2.5500000000000393
6.67578125,2.5500000000000393
6.6796875,2.5500000000000393
6.68359375,2.5500000000000393
6.6875,2.5500000000000393
6.69140625,2.5500000000000393
6.6953125,2.5500000000000393
6.69921875,2.5500000000000393
6.703125,2.5500000000000393
6.70703125,2.5500000000000393
6.7109375,2.5500000000000393
6.71484375,2.5500000000000393
6.71875,2.5500000000000393
6.72265625,2.5500000000000393
6.7265625,2.5500000000000393
6.73046875,2.5500000000000393
6.734375,2.5500000000000393
6.73828125,2.5500000000000393
6.7421875,2.5500000000000393
6.74609375,2.5500000000000393
6.75,2.5500000000000393
6.75390625,2.5500000000000393
6.7578125,2.5500000000000393
6.76171875,2.5500000000000393
6.765625,2.5500000000000393
6.76953125,2.5500000000000393
6.7734375,2.5500000000000393
6.77734375,2.5500000000000393
6.78125,2.5500000000000393
6.78515625,2.5500000000000393
6.7890625,2.5500000000000393
6.79296875,2.5500000000000393
6.796875,2.5500000000000393
6.80078125,2.5500000000000393
6.8046875,2.5500000000000393
6.80859375,2.5500000000000393
6.8125,2.5500000000000393
6.81640625,2.5500000000000393
6.8203125,2.5500000000000393
6.82421875,2.5500000000000393
6.828125,2.5500000000000393
6.83203125,2.5500000000000393
6.8359375,2.5500000000000393
6.83984375,2.5500000000000393
6.84375,2.5500000000000393
6.84765625,2.5500000000000393
6.8515625,2.5500000000000393
6.85546875,2.5500000000000393
6.859375,2.5500000000000393
6.86328125,2.5500000000000393
6.8671875,2.5500000000000393
6.87109375,2.5500000000000393
6.875,2.5500000000000393
6.87890625,2.5500000000000393
6.8828125,2.5500000000000393
6.88671875,2.5500000000000393
6.890625,2.5500000000000393
6.89453125,2.5500000000000393
6.8984375,2.5500000000000393
6.90234375,2.5500000000000393
6.90625,2.5500000000000393
6.91015625,2.5500000000000393
6.9140625,2.5500000000000393
6.91796875,2.5500000000000393
6.921875,2.5500000000000393
6.92578125,2.5500000000000393
6.9296875,2.5500000000000393
6.93359375,2.5500000000000393
6.9375,2.5500000000000393
6.94140625,2.5500000000000393
6.9453125,2.5500000000000393
6.94921875,2.5500000000000393
6.953125,2.5500000000000393
6.95703125,2.5500000000000393
6.9609375,2.5500000000000393
6.96484375,2.5500000000000393
6.96875,2.5500000000000393
6.97265625,2.5500000000000393
6.9765625,2.5500000000000393
6.98046875,2.5500000000000393
6.984375,2.5500000000000393
6.98828125,2.5500000000000393
6.9921875,2.5500000000000393
6.99609375,2.5500000000000393
7,2.5500000000000393
7.00390625,2.5500000000000393
7.0078125,2.5500000000000393
7.01171875,2.5500000000000393
7.015625,2.5500000000000393
7.01953125,2.5500000000000393
7.0234375,2.5500000000000393
7.02734375,2.5500000000000393
7.03125,2.5500000000000393
7.03515625,2.5500000000000393
7.0390625,2.5500000000000393
7.04296875,2.5500000000000393
7.046875,2.5500000000000393
7.05078125,2.5500000000000393
7.0546875,2.5500000000000393
7.05859375,2.5500000000000393
7.0625,2.5500000000000393
7.06640625,2.5500000000000393
7.0703125,2.5500000000000393
7.07421875,2.5500000000000393
7.078125,2.5500000000000393
7.08203125,2.5500000000000393
7.0859375,2.5500000000000393
7.08984375,2.5500000000000393
7.09375,2.5500000000000393
7.09765625,2.5500000000000393
7.1015625,2.5500000000000393
7.10546875,2.5500000000000393
7.109375,2.5500000000000393
7.11328125,2.5500000000000393
7.1171875,2.5500000000000393
7.12109375,2.5500000000000393
7.125,2.5500000000000393
7.12890625,2.5500000000000393
7.1328125,2.5500000000000393
7.13671875,2.5500000000000393
7.140625,2.5500000000000393
7.14453125,2.5500000000000393
7.1484375,2.5500000000000393
7.15234375,2.5500000000000393
7.15625,2.5500000000000393
7.16015625,2.5500000000000393
7.1640625,2.5500000000000393
7.16796875,2.5500000000000393
7.171875,2.5500000000000393
7.17578125,2.5500000000000393
7.1796875,2.5500000000000393
7.18359375,2.5500000000000393
7.1875,2.5500000000000393
7.19140625,2.5500000000000393
7.1953125,2.5500000000000393
7.19921875,2.5500000000000393
7.203125,2.5500000000000393
7.20703125,2.5500000000000393
7.2109375,2.5500000000000393
7.21484375,2.5500000000000393
7.21875,2.5500000000000393
7.22265625,2.5500000000000393
7.2265625,2.5500000000000393
7.23046875,2.5500000000000393
7.234375,2.5500000000000393
7.23828125,2.5500000000000393
7.2421875,2.5500000000000393
7.24609375,2.5500000000000393
7.25,2.5500000000000393
7.25390625,2.5500000000000393
7.2578125,2.5500000000000393
7.26171875,2.5500000000000393
7.265625,2.5500000000000393
7.26953125,2.5500000000000393
7.2734375,2.5500000000000393
7.27734375,2.5500000000000393
7.28125,2.5500000000000393
7.28515625,2.5500000000000393
7.2890625,2.5500000000000393
7.29296875,2.5500000000000393
7.296875,2.5500000000000393
7.30078125,2.5500000000000393
7.3046875,2.5500000000000393
7.30859375,2.5500000000000393
7.3125,2.5500000000000393
7.31640625,2.5500000000000393
7.3203125,2.5500000000000393
7.32421875,2.5500000000000393
7.328125,2.5500000000000393
7.33203125,2.5500000000000393
7.3359375,2.5500000000000393
7.33984375,2.5500000000000393
7.34375,2.5500000000000393
7.34765625,2.5500000000000393
7.3515625,2.5500000000000393
7.35546875,2.5500000000000393
7.359375,2.5500000000000393
7.36328125,2.5500000000000393
7.3671875,2.5500000000000393
7.37109375,2.5500000000000393
7.375,2.5500000000000393
7.37890625,2.5500000000000393
7.3828125,2.5500000000000393
7.38671875,2.5500000000000393
7.390625,2.5500000000000393
7.39453125,2.5500000000000393
7.3984375,2.5500000000000393
7.40234375,2.5500000000000393
7.40625,2.5500000000000393
7.41015625,2.5500000000000393
7.4140625,2.5500000000000393
7.41796875,2.5500000000000393
7.421875,2.5500000000000393
7.42578125,2.5500000000000393
7.4296875,2.5500000000000393
7.43359375,2.5500000000000393
7.4375,2.5500000000000393
7.44140625,2.5500000000000393
7.4453125,2.5500000000000393
7.44921875,2.5500000000000393
7.453125,2.5500000000000393
7.45703125,2.5500000000000393
7.4609375,2.5500000000000393
7.46484375,2.5500000000000393
7.46875,2.5500000000000393
7.47265625,2.5500000000000393
7.4765625,2.5500000000000393
7.48046875,2.5500000000000393
7.484375,2.5500000000000393
7.48828125,2.5500000000000393
7.4921875,2.5500000000000393
7.49609375,2.5500000000000393
7.5,2.5500000000000393
7.50390625,2.5500000000000393
7.5078125,2.5500000000000393
7.51171875,2.5500000000000393
7.515625,2.5500000000000393
7.51953125,2.5500000000000393
7.5234375,2.5500000000000393
7.52734375,2.5500000000000393
7.53125,2.5500000000000393
7.53515625,2.5500000000000393
7.5390625,2.5500000000000393
7.54296875,2.5500000000000393
7.546875,2.5500000000000393
7.55078125,2.5500000000000393
7.5546875,2.5500000000000393
7.55859375,2.5500000000000393
7.5625,2.5500000000000393
7.56640625,2.5500000000000393
7.5703125,2.5500000000000393
7.57421875,2.5500000000000393
7.578125,2.5500000000000393
7.58203125,2.5500000000000393
7.5859375,2.5500000000000393
7.58984375,2.5500000000000393
7.59375,2.5500000000000393
7.59765625,2.5500000000000393
7.6015625,2.5500000000000393
7.60546875,2.5500000000000393
7.609375,2.5500000000000393
7.61328125,2.5500000000000393
7.6171875,2.5500000000000393
7.62109375,2.5500000000000393
7.625,2.5500000000000393
7.62890625,2.5500000000000393
7.6328125,2.5500000000000393
7.63671875,2.5500000000000393
7.640625,2.5500000000000393
7.64453125,2.5500000000000393
7.6484375,2.5500000000000393
7.65234375,2.5500000000000393
7.65625,2.5500000000000393
7.66015625,2.5500000000000393
7.6640625,2.5500000000000393
7.66796875,2.5500000000000393
7.671875,2.5500000000000393
7.67578125,2.5500000000000393
7.6796875,2.5500000000000393
7.68359375,2.5500000000000393
7.6875,2.5500000000000393
7.69140625,2.5500000000000393
7.6953125,2.5500000000000393
7.69921875,2.5500000000000393
7.703125,2.5500000000000393
7.70703125,2.5500000000000393
7.7109375,2.5500000000000393
7.71484375,2.5500000000000393
7.71875,2.5500000000000393
7.72265625,2.5500000000000393
7.7265625,2.5500000000000393
7.73046875,2.5500000000000393
7.734375,2.5500000000000393
7.73828125,2.5500000000000393
7.7421875,2.5500000000000393
7.74609375,2.5500000000000393
7.75,2.5500000000000393
7.75390625,2.5500000000000393
7.7578125,2.5500000000000393
7.76171875,2.5500000000000393
7.765625,2.5500000000000393
7.76953125,2.5500000000000393
7.7734375,2.5500000000000393
7.77734375,2.5500000000000393
7.78125,2.5500000000000393
7.78515625,2.5500000000000393
7.7890625,2.5500000000000393
7.79296875,2.5500000000000393
7.796875,2.5500000000000393
7.80078125,2.5500000000000393
7.8046875,2.5500000000000393
7.80859375,2.5500000000000393
7.8125,2.5500000000000393
7.81640625,2.5500000000000393
7.8203125,2.5500000000000393
7.82421875,2.5500000000000393
7.828125,2.5500000000000393
7.83203125,2.5500000000000393
7.8359375,2.5500000000000393
7.83984375,2.5500000000000393
7.84375,2.5500000000000393
7.84765625,2.5500000000000393
7.8515625,2.5500000000000393
7.85546875,2.5500000000000393
7.859375,2.5500000000000393
7.86328125,2.5500000000000393
7.8671875,2.5500000000000393
7.87109375,2.5500000000000393
7.875,2.5500000000000393
7.87890625,2.5500000000000393
7.8828125,2.5500000000000393
7.88671875,2.5500000000000393
7.890625,2.5500000000000393
7.89453125,2.5500000000000393
7.8984375,2.5500000000000393
7.90234375,2.5500000000000393
7.90625,2.5500000000000393
7.91015625,2.5500000000000393
7.9140625,2.5500000000000393
7.91796875,2.5500000000000393
7.921875,2.5500000000000393
7.92578125,2.5500000000000393
7.9296875,2.5500000000000393
7.93359375,2.5500000000000393
7.9375,2.5500000000000393
7.94140625,2.5500000000000393
7.9453125,2.5500000000000393
7.94921875,2.5500000000000393
7.953125,2.5500000000000393
7.95703125,2.5500000000000393
7.9609375,2.5500000000000393
7.96484375,2.5500000000000393
7.96875,2.5500000000000393
7.97265625,2.5500000000000393
7.9765625,2.5500000000000393
7.98046875,2.5500000000000393
7.984375,2.5500000000000393
7.98828125,2.5500000000000393
7.9921875,2.5500000000000393
7.99609375,2.5500000000000393
8,2.5500000000000393
8.015625,2.550000000000038
8.03125,2.5500000000000367
8.046875,2.5500000000000353
8.0625,2.5500000000000345
8.078125,2.5500000000000336
8.09375,2.5500000000000327
8.109375,2.5500000000000318
8.125,2.5500000000000305
8.140625,2.5500000000000296
8.15625,2.5500000000000287
8.171875,2.5500000000000278
8.1875,2.5500000000000269
8.203125,2.5500000000000265
8.21875,2.550000000000026
8.234375,2.5500000000000256
8.25,2.5500000000000251
8.265625,2.5500000000000247
8.28125,2.5500000000000242
8.296875,2.5500000000000238
8.3125,2.5500000000000234
8.328125,2.5500000000000229
8.34375,2.5500000000000225
8.359375,2.550000000000022
8.375,2.5500000000000216
8.390625,2.5500000000000211
8.40625,2.5500000000000207
8.421875,2.5500000000000203
8.4375,2.5500000000000198
8.453125,2.5500000000000194
8.46875,2.5500000000000189
8.484375,2.5500000000000189
8.5,2.5500000000000189
8.515625,2.5500000000000189
8.53125,2.5500000000000189
8.546875,2.5500000000000189
8.5625,2.5500000000000189
8.578125,2.5500000000000189
8.59375,2.5500000000000189
8.609375,2.5500000000000189
8.625,2.5500000000000189
8.640625,2.5500000000000189
8.65625,2.5500000000000189
8.671875,2.5500000000000189
8.6875,2.5500000000000189
8.703125,2.5500000000000189
8.71875,2.5500000000000189
8.734375,2.5500000000000189
8.75,2.5500000000000189
8.765625,2.5500000000000189
8.78125,2.5500000000000189
8.796875,2.5500000000000189
8.8125,2.5500000000000189
8.828125,2.5500000000000189
8.84375,2.5500000000000189
8.859375,2.5500000000000189
8.875,2.5500000000000189
8.890625,2.5500000000000189
8.90625,2.5500000000000189
8.921875,2.5500000000000189
8.9375,2.5500000000000189
8.953125,2.5500000000000189
8.96875,2.5500000000000189
8.984375,2.5500000000000189
9,2.5500000000000189
9.015625,2.5500000000000189
9.03125,2.5500000000000189
9.046875,2.5500000000000189
9.0625,2.5500000000000189
9.078125,2.5500000000000189
9.09375,2.5500000000000189
9.109375,2.5500000000000189
9.125,2.5500000000000189
9.140625,2.5500000000000189
9.15625,2.5500000000000189
9.171875,2.5500000000000189
9.1875,2.5500000000000189
9.203125,2.5500000000000189
9.21875,2.5500000000000189
9.234375,2.5500000000000189
9.25,2.5500000000000189
9.265625,2.5500000000000189
9.28125,2.5500000000000189
9.296875,2.5500000000000189
9.3125,2.5500000000000189
9.328125,2.5500000000000189
9.34375,2.5500000000000189
9.359375,2.5500000000000189
9.375,2.5500000000000189
9.390625,2.5500000000000189
9.40625,2.5500000000000189
9.421875,2.5500000000000189
9.4375,2.5500000000000189
9.453125,2.5500000000000189
9.46875,2.5500000000000189
9.484375,2.5500000000000189
9.5,2.5500000000000189
9.515625,2.5500000000000189
9.53125,2.5500000000000189
9.546875,2.5500000000000189
9.5625,2.5500000000000189
9.578125,2.5500000000000189
9.59375,2.5500000000000189
9.609375,2.5500000000000189
9.625,2.5500000000000189
9.640625,2.5500000000000189
9.65625,2.5500000000000189
9.671875,2.5500000000000189
9.6875,2.5500000000000189
9.703125,2.5500000000000189
9.71875,2.5500000000000189
9.734375,2.5500000000000189
9.75,2.5500000000000189
9.765625,2.5500000000000189
9.78125,2.5500000000000189
9.796875,2.5500000000000189
9.8125,2.5500000000000189
9.828125,2.5500000000000189
9.84375,2.5500000000000189
9.859375,2.5500000000000189
9.875,2.5500000000000189
9.890625,2.5500000000000189
9.90625,2.5500000000000189
9.921875,2.5500000000000189
9.9375,2.5500000000000189
9.953125,2.5500000000000189
9.96875,2.5500000000000189
9.984375,2.5500000000000189
10,2.5500000000000189
