x,y,J,J_lower,P_H,P_N,P_A,P_loc,E_radius_loss,safe_margin,angle_calls,x_global,y_global,C1
-18.9997884206902,-76.7993229462085,68.4332080373486,68.4332080373486,0,0,1.00000000000001,0,4.43469521858577,0,156,1681.00021157931,-76.7993229462085,174.113332130275
-18.9997884206902,-71.9993652620705,72.1205987421061,72.120598742106,0,0,1.00000000000001,0,4.53813575444782,0,156,1681.00021157931,-71.9993652620705,174.113332130275
-18.9997884206902,-67.1994075779324,76.7461952313248,76.7461952313247,0,0,1.00000000000001,0,4.66618759986839,0,156,1681.00021157931,-67.1994075779324,174.113332130275
-18.9997884206902,-62.3994498937944,82.5745478148174,82.5745478148174,0,0,1.00000000000001,0,4.82423153063354,0,156,1681.00021157931,-62.3994498937944,174.113332130275
-18.9997884206902,-57.5994922096563,89.9750531718576,89.9750531718575,0,0,1.00000000000001,0,5.01931892754148,0,180,1681.00021157931,-57.5994922096563,174.113332130275
-18.9997884206902,-52.7995345255183,99.4759977494289,99.4759977494288,0,0,1.00000000000001,0,5.26086915932397,0,180,1681.00021157931,-52.7995345255183,174.113332130275
-18.9997884206902,-47.9995768413803,111.854099335529,111.854099335529,0,0,1.00000000000001,0,5.56174750482491,0,180,1681.00021157931,-47.9995768413803,174.113332130275
-18.9997884206902,-43.1996191572422,128.288921954532,128.288921954532,0,0,1.00000000000001,0,5.93999042719995,0,204,1681.00021157931,-43.1996191572422,174.113332130275
-18.9997884206902,-38.3996614731042,150.642015669501,150.642015669501,0,0,1.00000000000001,0,6.42168294628317,0,204,1681.00021157931,-38.3996614731042,174.113332130275
-18.9997884206902,-33.5997037889662,181.990791877858,181.990791877858,0,0,1.00000000000001,0,7.04599976123079,0,204,1681.00021157931,-33.5997037889662,174.113332130275
-18.9997884206902,-28.7997461048281,227.722291894996,227.722291894996,0,0,1.00000000000001,0,7.87458453747795,0,204,1681.00021157931,-28.7997461048281,174.113332130275
-18.9997884206902,-23.9997884206901,297.975242987403,297.975242987403,0,0,1.00000000000001,0,9.01036345070267,0,204,1681.00021157931,-23.9997884206901,174.113332130275
-18.9997884206902,-19.1998307365521,413.733049352181,413.733049352181,0,0,1.00000000000001,0,10.6391324225762,0,204,1681.00021157931,-19.1998307365521,174.113332130275
-18.9997884206902,-14.399873052414,624.48925965516,624.48925965516,0,0,1,0,13.1343691498631,0,204,1681.00021157931,-14.399873052414,174.113332130275
-18.9997884206902,-9.59991536827599,1071.91106748881,1071.91106748881,0,0,0.999999999999678,0,17.3764201319335,0,204,1681.00021157931,-9.59991536827599,174.113332130275
-18.9997884206902,-4.79995768413795,2317.30365589562,2317.30365589562,0,0,0.999999999738454,0,26.070969684337,0,228,1681.00021157931,-4.79995768413795,174.113332130275
-18.9997884206902,8.5265128291212e-14,6963.03759260941,6963.03759260941,0,0,1.00000000001877,0,47.0267801249062,0,300,1681.00021157931,8.5265128291212e-14,174.113332130275
-18.9997884206902,4.79995768413812,2317.30365589548,2317.30365589548,0,0,0.999999999738433,0,26.0709696843359,0,228,1681.00021157931,4.79995768413812,174.113332130275
-18.9997884206902,9.59991536827616,1071.91106748876,1071.91106748876,0,0,0.999999999999667,0,17.3764201319331,0,204,1681.00021157931,9.59991536827616,174.113332130275
-18.9997884206902,14.3998730524142,624.489259655144,624.489259655143,0,0,0.999999999999992,0,13.1343691498628,0,204,1681.00021157931,14.3998730524142,174.113332130275
-18.9997884206902,19.1998307365522,413.733049352168,413.733049352167,0,0,0.999999999999999,0,10.639132422576,0,204,1681.00021157931,19.1998307365522,174.113332130275
-18.9997884206902,23.9997884206903,297.975242987392,297.975242987392,0,0,0.999999999999999,0,9.01036345070244,0,204,1681.00021157931,23.9997884206903,174.113332130275
-18.9997884206902,28.7997461048283,227.72229189499,227.72229189499,0,0,1,0,7.87458453747779,0,204,1681.00021157931,28.7997461048283,174.113332130275
-18.9997884206902,33.5997037889663,181.990791877854,181.990791877854,0,0,1,0,7.04599976123067,0,204,1681.00021157931,33.5997037889663,174.113332130275
-18.9997884206902,38.3996614731044,150.642015669498,150.642015669498,0,0,1,0,6.42168294628307,0,204,1681.00021157931,38.3996614731044,174.113332130275
-18.9997884206902,43.1996191572424,128.288921954528,128.288921954527,0,0,0.999999999999998,0,5.93999042719981,0,204,1681.00021157931,43.1996191572424,174.113332130275
-18.9997884206902,47.9995768413804,111.854099335527,111.854099335527,0,0,1,0,5.56174750482483,0,180,1681.00021157931,47.9995768413804,174.113332130275
-18.9997884206902,52.7995345255185,99.4759977494267,99.4759977494267,0,0,1,0,5.26086915932388,0,180,1681.00021157931,52.7995345255185,174.113332130275
-18.9997884206902,57.5994922096565,89.9750531718555,89.9750531718554,0,0,1,0,5.01931892754139,0,180,1681.00021157931,57.5994922096565,174.113332130275
-18.9997884206902,62.3994498937946,82.5745478148153,82.5745478148152,0,0,1,0,4.82423153063345,0,156,1681.00021157931,62.3994498937946,174.113332130275
-18.9997884206902,67.1994075779326,76.7461952313234,76.7461952313234,0,0,1,0,4.66618759986832,0,156,1681.00021157931,67.1994075779326,174.113332130275
-18.9997884206902,71.9993652620706,72.1205987421041,72.1205987421041,0,0,1,0,4.53813575444772,0,156,1681.00021157931,71.9993652620706,174.113332130275
-18.9997884206902,76.7993229462087,68.4332080373472,68.4332080373471,0,0,1,0,4.43469521858569,0,156,1681.00021157931,76.7993229462087,174.113332130275
-14.1998307365521,-76.7993229462085,61.970238766931,61.970238766931,0,0,1.00000000000001,0,4.2160744578306,0,156,1685.80016926345,-76.7993229462085,174.113332130275
-14.1998307365521,-71.9993652620705,65.0784919756314,65.0784919756313,0,0,1.00000000000001,0,4.30557569623507,0,156,1685.80016926345,-71.9993652620705,174.113332130275
-14.1998307365521,-67.1994075779324,69.0078102953977,69.0078102953976,0,0,1.00000000000001,0,4.41784324507526,0,156,1685.80016926345,-67.1994075779324,174.113332130275
-14.1998307365521,-62.3994498937944,73.9889911417743,73.9889911417743,0,0,1.00000000000001,0,4.55787919985844,0,156,1685.80016926345,-62.3994498937944,174.113332130275
-14.1998307365521,-57.5994922096563,80.3446399786999,80.3446399786998,0,0,1.00000000000001,0,4.73224694146241,0,180,1685.80016926345,-57.5994922096563,174.113332130275
-14.1998307365521,-52.7995345255183,88.5366838001214,88.5366838001213,0,0,1.00000000000001,0,4.94972587986976,0,180,1685.80016926345,-52.7995345255183,174.113332130275
-14.1998307365521,-47.9995768413803,99.2452303398032,99.2452303398032,0,0,1.00000000000001,0,5.22232499338016,0,204,1685.80016926345,-47.9995768413803,174.113332130275
-14.1998307365521,-43.1996191572422,113.504837057551,113.504837057551,0,0,1.00000000000001,0,5.56690788369284,0,204,1685.80016926345,-43.1996191572422,174.113332130275
-14.1998307365521,-38.3996614731042,132.951440655973,132.951440655973,0,0,1.00000000000001,0,6.00790861393011,0,204,1685.80016926345,-38.3996614731042,174.113332130275
-14.1998307365521,-33.5997037889662,160.295999464835,160.295999464835,0,0,1.00000000000001,0,6.58210179518964,0,204,1685.80016926345,-33.5997037889662,174.113332130275
-14.1998307365521,-28.7997461048281,200.298341785985,200.298341785984,0,0,1.00000000000001,0,7.34750547355914,0,204,1685.80016926345,-28.7997461048281,174.113332130275
-14.1998307365521,-23.9997884206901,261.95139911594,261.95139911594,0,0,1.00000000000001,0,8.40131142488727,0,204,1685.80016926345,-23.9997884206901,174.113332130275
-14.1998307365521,-19.1998307365521,363.963835860685,363.963835860684,0,0,1.00000000000001,0,9.91973572041678,0,204,1685.80016926345,-19.1998307365521,174.113332130275
-14.1998307365521,-14.399873052414,550.791038051325,550.791038051325,0,0,1,0,12.25924176288,0,228,1685.80016926345,-14.399873052414,174.113332130275
-14.1998307365521,-9.59991536827599,951.16943481594,951.16943481594,0,0,0.999999999999747,0,16.2686573665928,0,228,1685.80016926345,-9.59991536827599,174.113332130275
-14.1998307365521,-4.79995768413795,2086.76617660909,2086.76617660908,0,0,0.999999999947136,5.34876838478173e-07,24.6112056199383,0,276,1685.80016926345,-4.79995768413795,174.113332130275
-14.1998307365521,8.5265128291212e-14,6985.16857216685,6985.16857216685,0,0,1.00000000005527,0,47.1140577809007,0,348,1685.80016926345,8.5265128291212e-14,174.113332130275
-14.1998307365521,4.79995768413812,2086.76617660899,2086.76617660899,0,0,0.999999999947127,5.34876838478305e-07,24.6112056199376,0,276,1685.80016926345,4.79995768413812,174.113332130275
-14.1998307365521,9.59991536827616,951.169434815896,951.169434815895,0,0,0.999999999999733,0,16.2686573665923,0,228,1685.80016926345,9.59991536827616,174.113332130275
-14.1998307365521,14.3998730524142,550.791038051308,550.791038051308,0,0,0.999999999999993,0,12.2592417628797,0,228,1685.80016926345,14.3998730524142,174.113332130275
-14.1998307365521,19.1998307365522,363.963835860676,363.963835860675,0,0,1,0,9.9197357204166,0,204,1685.80016926345,19.1998307365522,174.113332130275
-14.1998307365521,23.9997884206903,261.951399115931,261.951399115931,0,0,0.999999999999999,0,8.40131142488707,0,204,1685.80016926345,23.9997884206903,174.113332130275
-14.1998307365521,28.7997461048283,200.298341785976,200.298341785976,0,0,0.999999999999997,0,7.34750547355894,0,204,1685.80016926345,28.7997461048283,174.113332130275
-14.1998307365521,33.5997037889663,160.29599946483,160.29599946483,0,0,1,0,6.5821017951895,0,204,1685.80016926345,33.5997037889663,174.113332130275
-14.1998307365521,38.3996614731044,132.95144065597,132.95144065597,0,0,1,0,6.00790861393001,0,204,1685.80016926345,38.3996614731044,174.113332130275
-14.1998307365521,43.1996191572424,113.504837057548,113.504837057548,0,0,1,0,5.56690788369273,0,204,1685.80016926345,43.1996191572424,174.113332130275
-14.1998307365521,47.9995768413804,99.2452303398013,99.2452303398013,0,0,1,0,5.22232499338008,0,204,1685.80016926345,47.9995768413804,174.113332130275
-14.1998307365521,52.7995345255185,88.5366838001199,88.5366838001198,0,0,1,0,4.94972587986969,0,180,1685.80016926345,52.7995345255185,174.113332130275
-14.1998307365521,57.5994922096565,80.3446399786982,80.3446399786981,0,0,1,0,4.73224694146232,0,180,1685.80016926345,57.5994922096565,174.113332130275
-14.1998307365521,62.3994498937946,73.9889911417724,73.9889911417723,0,0,1,0,4.55787919985835,0,156,1685.80016926345,62.3994498937946,174.113332130275
-14.1998307365521,67.1994075779326,69.0078102953965,69.0078102953964,0,0,1,0,4.41784324507519,0,156,1685.80016926345,67.1994075779326,174.113332130275
-14.1998307365521,71.9993652620706,65.0784919756302,65.0784919756301,0,0,1,0,4.30557569623501,0,156,1685.80016926345,71.9993652620706,174.113332130275
-14.1998307365521,76.7993229462087,61.9702387669297,61.9702387669296,0,0,1,0,4.21607445783053,0,156,1685.80016926345,76.7993229462087,174.113332130275
-9.39987305241409,-76.7993229462085,56.0511806266877,56.0511806266877,0,0,1.00000000000001,0,4.00638833766622,0,156,1690.60012694759,-76.7993229462085,174.113332130275
-9.39987305241409,-71.9993652620705,58.6380606659423,58.6380606659423,0,0,1.00000000000001,0,4.0824444214351,0,156,1690.60012694759,-71.9993652620705,174.113332130275
-9.39987305241409,-67.1994075779324,61.9401078238453,61.9401078238452,0,0,1.00000000000001,0,4.17946877580448,0,156,1690.60012694759,-67.1994075779324,174.113332130275
-9.39987305241409,-62.3994498937944,66.1574568335015,66.1574568335014,0,0,1.00000000000001,0,4.30209083513197,0,180,1690.60012694759,-62.3994498937944,174.113332130275
-9.39987305241409,-57.5994922096563,71.5701430141549,71.5701430141549,0,0,1.00000000000001,0,4.45639293412344,0,180,1690.60012694759,-57.5994922096563,174.113332130275
-9.39987305241409,-52.7995345255183,78.5796172051774,78.5796172051773,0,0,1.00000000000001,0,4.65052246703539,0,180,1690.60012694759,-52.7995345255183,174.113332130275
-9.39987305241409,-47.9995768413803,87.7777667573866,87.7777667573866,0,0,1.00000000000001,0,4.89564091535405,0,204,1690.60012694759,-47.9995768413803,174.113332130275
-9.39987305241409,-43.1996191572422,100.066421938109,100.066421938109,0,0,1.00000000000001,0,5.20744806612054,0,204,1690.60012694759,-43.1996191572422,174.113332130275
-9.39987305241409,-38.3996614731042,116.87442225791,116.87442225791,0,0,1.00000000000001,0,5.60873445257307,0,204,1690.60012694759,-38.3996614731042,174.113332130275
-9.39987305241409,-33.5997037889662,140.575164803737,140.575164803737,0,0,1.00000000000001,0,6.13387535712356,0,204,1690.60012694759,-33.5997037889662,174.113332130275
-9.39987305241409,-28.7997461048281,175.348139827782,175.348139827782,0,0,1.00000000000001,0,6.83724379672298,0,204,1690.60012694759,-28.7997461048281,174.113332130275
-9.39987305241409,-23.9997884206901,229.119900030638,229.119900030638,0,0,1.00000000000001,0,7.810220050156,0,228,1690.60012694759,-23.9997884206901,174.113332130275
-9.39987305241409,-19.1998307365521,318.464877828503,318.464877828502,0,0,1.00000000000001,0,9.21919280537266,0,228,1690.60012694759,-19.1998307365521,174.113332130275
-9.39987305241409,-14.399873052414,483.053910681177,483.053910681177,0,0,0.999999999999998,0,11.402802025772,0,228,1690.60012694759,-14.399873052414,174.113332130275
-9.39987305241409,-9.59991536827599,839.081180355705,839.081180355705,0,0,0.999999999999805,0.00261973117267162,15.1733976183215,0,276,1690.60012694759,-9.59991536827599,174.113332130275
-9.39987305241409,-4.79995768413795,1867.802612923,1867.802612923,0,0,0.99999999995231,0.00406585411402134,23.1361541083585,0,276,1690.60012694759,-4.79995768413795,174.113332130275
-9.39987305241409,8.5265128291212e-14,7016.08536291376,7016.08536291376,0,0,0.999999999999985,0,47.2328772771507,0,252,1690.60012694759,8.5265128291212e-14,174.113332130275
-9.39987305241409,4.79995768413812,1867.80261292291,1867.80261292291,0,0,0.999999999952295,0.00406585411402135,23.1361541083577,0,276,1690.60012694759,4.79995768413812,174.113332130275
-9.39987305241409,9.59991536827616,839.081180355663,839.081180355663,0,0,0.999999999999791,0.00261973117267148,15.173397618321,0,276,1690.60012694759,9.59991536827616,174.113332130275
-9.39987305241409,14.3998730524142,483.053910681156,483.053910681156,0,0,0.999999999999983,0,11.4028020257716,0,228,1690.60012694759,14.3998730524142,174.113332130275
-9.39987305241409,19.1998307365522,318.464877828492,318.464877828492,0,0,0.999999999999996,0,9.21919280537244,0,228,1690.60012694759,19.1998307365522,174.113332130275
-9.39987305241409,23.9997884206903,229.119900030632,229.119900030632,0,0,1,0,7.81022005015586,0,228,1690.60012694759,23.9997884206903,174.113332130275
-9.39987305241409,28.7997461048283,175.348139827776,175.348139827775,0,0,0.999999999999997,0,6.8372437967228,0,204,1690.60012694759,28.7997461048283,174.113332130275
-9.39987305241409,33.5997037889663,140.575164803733,140.575164803733,0,0,1,0,6.13387535712344,0,204,1690.60012694759,33.5997037889663,174.113332130275
-9.39987305241409,38.3996614731044,116.874422257908,116.874422257908,0,0,1,0,5.608734452573,0,204,1690.60012694759,38.3996614731044,174.113332130275
-9.39987305241409,43.1996191572424,100.066421938106,100.066421938105,0,0,0.999999999999999,0,5.20744806612042,0,204,1690.60012694759,43.1996191572424,174.113332130275
-9.39987305241409,47.9995768413804,87.7777667573848,87.7777667573847,0,0,1,0,4.89564091535396,0,204,1690.60012694759,47.9995768413804,174.113332130275
-9.39987305241409,52.7995345255185,78.5796172051754,78.5796172051753,0,0,0.999999999999998,0,4.6505224670353,0,180,1690.60012694759,52.7995345255185,174.113332130275
-9.39987305241409,57.5994922096565,71.5701430141539,71.5701430141538,0,0,1,0,4.45639293412339,0,180,1690.60012694759,57.5994922096565,174.113332130275
-9.39987305241409,62.3994498937946,66.1574568334999,66.1574568334999,0,0,1,0,4.30209083513189,0,180,1690.60012694759,62.3994498937946,174.113332130275
-9.39987305241409,67.1994075779326,61.9401078238439,61.9401078238438,0,0,1,0,4.17946877580441,0,156,1690.60012694759,67.1994075779326,174.113332130275
-9.39987305241409,71.9993652620706,58.638060665941,58.6380606659409,0,0,1,0,4.08244442143503,0,156,1690.60012694759,71.9993652620706,174.113332130275
-9.39987305241409,76.7993229462087,56.0511806266865,56.0511806266865,0,0,1,0,4.00638833766615,0,156,1690.60012694759,76.7993229462087,174.113332130275
-4.59991536827606,-76.7993229462085,50.6446864158145,50.6446864158144,0,0,1.00000000000001,0,3.80578704970982,0,156,1695.40008463172,-76.7993229462085,174.113332130275
-4.59991536827606,-71.9993652620705,52.7643697574105,52.7643697574104,0,0,1.00000000000001,0,3.86891542268238,0,156,1695.40008463172,-71.9993652620705,174.113332130275
-4.59991536827606,-67.1994075779324,55.5039406824016,55.5039406824016,0,0,1.00000000000001,0,3.95126509455748,0,156,1695.40008463172,-67.1994075779324,174.113332130275
-4.59991536827606,-62.3994498937944,59.0358135049956,59.0358135049955,0,0,1.00000000000001,0,4.057099718113,0,180,1695.40008463172,-62.3994498937944,174.113332130275
-4.59991536827606,-57.5994922096563,63.6014825424989,63.6014825424988,0,0,1.00000000000001,0,4.19202866387484,0,180,1695.40008463172,-57.5994922096563,174.113332130275
-4.59991536827606,-52.7995345255183,69.5475549680418,69.5475549680417,0,0,1.00000000000001,0,4.36357678287987,0,180,1695.40008463172,-52.7995345255183,174.113332130275
-4.59991536827606,-47.9995768413803,77.3857582878354,77.3857582878353,0,0,1.00000000000001,0,4.58206901712474,0,204,1695.40008463172,-47.9995768413803,174.113332130275
-4.59991536827606,-43.1996191572422,87.8970442430204,87.8970442430202,0,0,1.00000000000001,0,4.86205354880272,0,204,1695.40008463172,-43.1996191572422,174.113332130275
-4.59991536827606,-38.3996614731042,102.321118286646,102.321118286646,0,0,1.00000000000001,0,5.22468967424645,0,204,1695.40008463172,-38.3996614731042,174.113332130275
-4.59991536827606,-33.5997037889662,122.722040096661,122.722040096661,0,0,1.00000000000001,0,5.70196198766793,0,204,1695.40008463172,-33.5997037889662,174.113332130275
-4.59991536827606,-28.7997461048281,152.745181880615,152.745181880615,0,0,1.00000000000001,0,6.34459259923863,0,204,1695.40008463172,-28.7997461048281,174.113332130275
-4.59991536827606,-23.9997884206901,199.330077442444,199.330077442444,0,0,1.00000000000001,0,7.23809809580611,0,228,1695.40008463172,-23.9997884206901,174.113332130275
-4.59991536827606,-19.1998307365521,277.060315889119,277.060315889119,0,0,0.999999999999987,0,8.53884198533302,0,228,1695.40008463172,-19.1998307365521,174.113332130275
-4.59991536827606,-14.399873052414,421.087724187706,421.087724187706,0,0,1,0.004743807675502,10.5645107957449,0,276,1695.40008463172,-14.399873052414,174.113332130275
-4.59991536827606,-9.59991536827599,735.537730330094,735.537730330093,0,0,0.999999999999855,0.0113782691495452,14.0909865040913,0,252,1695.40008463172,-9.59991536827599,174.113332130275
-4.59991536827606,-4.79995768413795,1660.98850632655,1660.98850632655,0,0,0.999999999957984,0.013418038738558,21.6501837004488,0,276,1695.40008463172,-4.79995768413795,174.113332130275
-4.59991536827606,8.5265128291212e-14,7057.39134865059,7057.39134865059,0,0,1.00000000076494,0,47.3872394775652,0,252,1695.40008463172,8.5265128291212e-14,174.113332130275
-4.59991536827606,4.79995768413812,1660.98850632647,1660.98850632647,0,0,0.99999999995797,0.0134180387385579,21.650183700448,0,276,1695.40008463172,4.79995768413812,174.113332130275
-4.59991536827606,9.59991536827616,735.537730330059,735.537730330058,0,0,0.999999999999842,0.0113782691495449,14.0909865040908,0,252,1695.40008463172,9.59991536827616,174.113332130275
-4.59991536827606,14.3998730524142,421.087724187695,421.087724187695,0,0,0.999999999999995,0.00474380767550167,10.5645107957448,0,276,1695.40008463172,14.3998730524142,174.113332130275
-4.59991536827606,19.1998307365522,277.060315889113,277.060315889113,0,0,0.999999999999978,0,8.53884198533289,0,228,1695.40008463172,19.1998307365522,174.113332130275
-4.59991536827606,23.9997884206903,199.33007744244,199.33007744244,0,0,1,0,7.238098095806,0,228,1695.40008463172,23.9997884206903,174.113332130275
-4.59991536827606,28.7997461048283,152.74518188061,152.74518188061,0,0,0.999999999999998,0,6.34459259923848,0,204,1695.40008463172,28.7997461048283,174.113332130275
-4.59991536827606,33.5997037889663,122.722040096658,122.722040096657,0,0,1,0,5.70196198766781,0,204,1695.40008463172,33.5997037889663,174.113332130275
-4.59991536827606,38.3996614731044,102.321118286644,102.321118286644,0,0,1,0,5.22468967424636,0,204,1695.40008463172,38.3996614731044,174.113332130275
-4.59991536827606,43.1996191572424,87.8970442430186,87.8970442430185,0,0,1,0,4.86205354880264,0,204,1695.40008463172,43.1996191572424,174.113332130275
-4.59991536827606,47.9995768413804,77.3857582878339,77.3857582878338,0,0,1,0,4.58206901712467,0,204,1695.40008463172,47.9995768413804,174.113332130275
-4.59991536827606,52.7995345255185,69.5475549680406,69.5475549680406,0,0,0.999999999999998,0,4.36357678287981,0,180,1695.40008463172,52.7995345255185,174.113332130275
-4.59991536827606,57.5994922096565,63.6014825424977,63.6014825424976,0,0,1,0,4.19202866387478,0,180,1695.40008463172,57.5994922096565,174.113332130275
-4.59991536827606,62.3994498937946,59.0358135049943,59.0358135049943,0,0,1,0,4.05709971811293,0,180,1695.40008463172,62.3994498937946,174.113332130275
-4.59991536827606,67.1994075779326,55.5039406824005,55.5039406824004,0,0,0.999999999999999,0,3.95126509455741,0,156,1695.40008463172,67.1994075779326,174.113332130275
-4.59991536827606,71.9993652620706,52.7643697574093,52.7643697574093,0,0,0.999999999999999,0,3.86891542268231,0,156,1695.40008463172,71.9993652620706,174.113332130275
-4.59991536827606,76.7993229462087,50.6446864158135,50.6446864158134,0,0,1,0,3.80578704970976,0,156,1695.40008463172,76.7993229462087,174.113332130275
0.200042315861971,-76.7993229462085,45.7201754327059,45.7201754327058,0,0,1.00000000000001,0,3.61441595184011,0,156,1700.20004231586,-76.7993229462085,174.113332130275
0.200042315861971,-71.9993652620705,47.4232922389404,47.4232922389403,0,0,1.00000000000001,0,3.66515791174174,0,156,1700.20004231586,-71.9993652620705,174.113332130275
0.200042315861971,-67.1994075779324,49.6610078648974,49.6610078648973,0,0,1.00000000000001,0,3.73342964996581,0,156,1700.20004231586,-67.1994075779324,174.113332130275
0.200042315861971,-62.3994498937944,52.5808060590247,52.5808060590246,0,0,1.00000000000001,0,3.82313684152264,0,156,1700.20004231586,-62.3994498937944,174.113332130275
0.200042315861971,-57.5994922096563,56.3894698204117,56.3894698204117,0,0,1.00000000000001,0,3.93942517675397,0,180,1700.20004231586,-57.5994922096563,174.113332130275
0.200042315861971,-52.7995345255183,61.384131522651,61.3841315226509,0,0,1.00000000000001,0,4.08920805060707,0,204,1700.20004231586,-52.7995345255183,174.113332130275
0.200042315861971,-47.9995768413803,68.0040680918153,68.0040680918152,0,0,1.00000000000001,0,4.28198707541956,0,204,1700.20004231586,-47.9995768413803,174.113332130275
0.200042315861971,-43.1996191572422,76.9207315427107,76.9207315427106,0,0,1.00000000000001,0,4.53117431847673,0,204,1700.20004231586,-43.1996191572422,174.113332130275
0.200042315861971,-38.3996614731042,89.2020319080652,89.2020319080651,0,0,1.00000000000001,0,4.85631514208795,0,204,1700.20004231586,-38.3996614731042,174.113332130275
0.200042315861971,-33.5997037889662,106.630111536632,106.630111536631,0,0,1.00000000000001,0,5.28702016062959,0,204,1700.20004231586,-33.5997037889662,174.113332130275
0.200042315861971,-28.7997461048281,132.361518161436,132.361518161436,0,0,1.00000000000001,0,5.8703684938137,0,228,1700.20004231586,-28.7997461048281,174.113332130275
0.200042315861971,-23.9997884206901,172.427490041293,172.427490041293,0,0,0.999999999999996,0,6.6859861430514,0,228,1700.20004231586,-23.9997884206901,174.113332130275
0.200042315861971,-19.1998307365521,239.565692271673,239.565692271673,0,0,0.999999999999905,0.000137454813272878,7.88003877876851,0,276,1700.20004231586,-19.1998307365521,174.113332130275
0.200042315861971,-14.399873052414,364.686264371547,364.686264371546,0,0,1.00000000000001,0.0148175103367618,9.74604703465383,0,276,1700.20004231586,-14.399873052414,174.113332130275
0.200042315861971,-9.59991536827599,640.393563441262,640.393563441262,0,0,0.99999999999569,0.0244282062008932,13.0263281288838,0,252,1700.20004231586,-9.59991536827599,174.113332130275
0.200042315861971,-4.79995768413795,1466.78120679304,1466.78120679303,0,0,1.0000000000154,0.0268912335649337,20.1621543948784,0,300,1700.20004231586,-4.79995768413795,174.113332130275
0.200042315861971,8.5265128291212e-14,7059.96448356155,7059.96448356155,0.000204524719985358,0,0.999795421419313,0.000205236744572543,47.4003526095047,0,204,1700.20004231586,8.5265128291212e-14,174.113332130275
0.200042315861971,4.79995768413812,1466.78120679295,1466.78120679295,0,0,1.00000000001538,0.0268912335649331,20.1621543948776,0,300,1700.20004231586,4.79995768413812,174.113332130275
0.200042315861971,9.59991536827616,640.393563441235,640.393563441235,0,0,0.999999999995678,0.0244282062008928,13.0263281288834,0,252,1700.20004231586,9.59991536827616,174.113332130275
0.200042315861971,14.3998730524142,364.68626437154,364.68626437154,0,0,1,0.0148175103367612,9.7460470346537,0,276,1700.20004231586,14.3998730524142,174.113332130275
0.200042315861971,19.1998307365522,239.565692271667,239.565692271666,0,0,0.999999999999893,0.000137454813272506,7.88003877876835,0,276,1700.20004231586,19.1998307365522,174.113332130275
0.200042315861971,23.9997884206903,172.427490041287,172.427490041287,0,0,0.999999999999981,0,6.68598614305124,0,228,1700.20004231586,23.9997884206903,174.113332130275
0.200042315861971,28.7997461048283,132.361518161433,132.361518161433,0,0,1,0,5.8703684938136,0,228,1700.20004231586,28.7997461048283,174.113332130275
0.200042315861971,33.5997037889663,106.63011153663,106.63011153663,0,0,1,0,5.28702016062951,0,204,1700.20004231586,33.5997037889663,174.113332130275
0.200042315861971,38.3996614731044,89.2020319080638,89.2020319080637,0,0,1,0,4.85631514208788,0,204,1700.20004231586,38.3996614731044,174.113332130275
0.200042315861971,43.1996191572424,76.9207315427091,76.920731542709,0,0,1,0,4.53117431847666,0,204,1700.20004231586,43.1996191572424,174.113332130275
0.200042315861971,47.9995768413804,68.0040680918141,68.004068091814,0,0,1,0,4.2819870754195,0,204,1700.20004231586,47.9995768413804,174.113332130275
0.200042315861971,52.7995345255185,61.3841315226498,61.3841315226497,0,0,0.999999999999999,0,4.089208050607,0,204,1700.20004231586,52.7995345255185,174.113332130275
0.200042315861971,57.5994922096565,56.3894698204109,56.3894698204108,0,0,1,0,3.93942517675391,0,180,1700.20004231586,57.5994922096565,174.113332130275
0.200042315861971,62.3994498937946,52.5808060590238,52.5808060590237,0,0,0.999999999999999,0,3.82313684152259,0,156,1700.20004231586,62.3994498937946,174.113332130275
0.200042315861971,67.1994075779326,49.6610078648968,49.6610078648968,0,0,1,0,3.73342964996576,0,156,1700.20004231586,67.1994075779326,174.113332130275
0.200042315861971,71.9993652620706,47.4232922389396,47.4232922389395,0,0,1,0,3.66515791174169,0,156,1700.20004231586,71.9993652620706,174.113332130275
0.200042315861971,76.7993229462087,45.7201754327053,45.7201754327052,0,0,1,0,3.61441595184006,0,156,1700.20004231586,76.7993229462087,174.113332130275
5,-76.7993229462085,41.2478979641764,41.2478979641764,0,0,1.00000000000001,0,3.43241422379662,0,180,1705,-76.7993229462085,174.113332130275
5,-71.9993652620705,42.5815853742053,42.5815853742052,0,0,1.00000000000001,0,3.47133536326998,0,180,1705,-71.9993652620705,174.113332130275
5,-67.1994075779324,44.37394546405,44.3739454640499,0,0,1.00000000000001,0,3.52615489268644,0,180,1705,-67.1994075779324,174.113332130275
5,-62.3994498937944,46.7501654045694,46.7501654045693,0,0,1.00000000000001,0,3.6004293169356,0,180,1705,-62.3994498937944,174.113332130275
5,-57.5994922096563,49.8859410082451,49.885941008245,0,0,1.00000000000001,0,3.69885122729851,0,204,1705,-57.5994922096563,174.113332130275
5,-52.7995345255183,54.0340243802795,54.0340243802794,0,0,1.00000000000001,0,3.8277353786244,0,228,1705,-52.7995345255183,174.113332130275
5,-47.9995768413803,59.5685808561977,59.5685808561976,0,0,1.00000000000001,0,3.99577565541794,0,228,1705,-47.9995768413803,174.113332130275
5,-43.1996191572422,67.0624373190484,67.0624373190483,0,0,1.00000000000001,0,4.21526695623072,0,228,1705,-43.1996191572422,174.113332130275
5,-38.3996614731042,77.428358706059,77.4283587060589,0,0,1.00000000000001,0,4.50416325726855,0,228,1705,-38.3996614731042,174.113332130275
5,-33.5997037889662,92.1930631414285,92.1930631414284,0,0,1.00000000000001,0,4.88972630981721,0,228,1705,-33.5997037889662,174.113332130275
5,-28.7997461048281,114.068390882404,114.068390882404,0,0,1.00000000000001,0,5.41541450127228,0,252,1705,-28.7997461048281,174.113332130275
5,-23.9997884206901,148.254829681006,148.254829681006,0,0,0.99999999999994,0,6.15496265407441,0,252,1705,-23.9997884206901,174.113332130275
5,-19.1998307365521,205.786310027812,205.786310027811,0,0,0.999999999999975,0.00667193914075532,7.24176324049249,0,300,1705,-19.1998307365521,174.113332130275
5,-14.399873052414,313.626327556868,313.626327556868,0,0,0.999999999999655,0.0292159907950713,8.94980211465657,0,276,1705,-14.399873052414,174.113332130275
5,-9.59991536827599,553.453416205282,553.453416205282,0,0,0.999999999998424,0.0417758373806223,11.9822862783079,0,300,1705,-9.59991536827599,174.113332130275
5,-4.79995768413795,1285.49608406408,1285.49608406408,0.00159047707646885,0,0.998409522893628,0.0445056570468794,18.677847300783,0,276,1705,-4.79995768413795,174.113332130275
5,8.5265128291212e-14,6307.439669937,6307.439669937,0.00751705635948542,0,0.992479947015515,0.00796191962851343,44.6187227991329,0,324,1705,8.5265128291212e-14,174.113332130275
5,4.79995768413812,1285.496084064,1285.496084064,0.00159047707646808,0,0.998409522893616,0.044505657046879,18.6778473007823,0,276,1705,4.79995768413812,174.113332130275
5,9.59991536827616,553.453416205257,553.453416205256,0,0,0.999999999998412,0.0417758373806214,11.9822862783076,0,300,1705,9.59991536827616,174.113332130275
5,14.3998730524142,313.626327556857,313.626327556857,0,0,0.999999999999642,0.0292159907950703,8.94980211465636,0,276,1705,14.3998730524142,174.113332130275
5,19.1998307365522,205.786310027804,205.786310027804,0,0,0.99999999999996,0.00667193914075409,7.2417632404923,0,300,1705,19.1998307365522,174.113332130275
5,23.9997884206903,148.254829681003,148.254829681003,0,0,0.99999999999993,0,6.15496265407432,0,252,1705,23.9997884206903,174.113332130275
5,28.7997461048283,114.068390882401,114.068390882401,0,0,0.999999999999995,0,5.41541450127218,0,252,1705,28.7997461048283,174.113332130275
5,33.5997037889663,92.1930631414261,92.193063141426,0,0,0.999999999999997,0,4.8897263098171,0,228,1705,33.5997037889663,174.113332130275
5,38.3996614731044,77.4283587060576,77.4283587060575,0,0,1,0,4.50416325726848,0,228,1705,38.3996614731044,174.113332130275
5,43.1996191572424,67.062437319047,67.0624373190469,0,0,1,0,4.21526695623064,0,228,1705,43.1996191572424,174.113332130275
5,47.9995768413804,59.568580856197,59.568580856197,0,0,1,0,3.9957756554179,0,228,1705,47.9995768413804,174.113332130275
5,52.7995345255185,54.0340243802789,54.0340243802788,0,0,1,0,3.82773537862436,0,228,1705,52.7995345255185,174.113332130275
5,57.5994922096565,49.8859410082443,49.8859410082442,0,0,1,0,3.69885122729846,0,204,1705,57.5994922096565,174.113332130275
5,62.3994498937946,46.7501654045687,46.7501654045686,0,0,1,0,3.60042931693556,0,180,1705,62.3994498937946,174.113332130275
5,67.1994075779326,44.3739454640492,44.3739454640492,0,0,1,0,3.52615489268639,0,180,1705,67.1994075779326,174.113332130275
5,71.9993652620706,42.5815853742047,42.5815853742046,0,0,1,0,3.47133536326994,0,180,1705,71.9993652620706,174.113332130275
5,76.7993229462087,41.2478979641758,41.2478979641757,0,0,1,0,3.43241422379657,0,180,1705,76.7993229462087,174.113332130275
9.79995768413803,-76.7993229462085,37.1992596276211,37.1992596276211,0,0,1.00000000000001,0,3.2599464736127,0,204,1709.79995768414,-76.7993229462085,174.113332130275
9.79995768413803,-71.9993652620705,38.2072436416647,38.2072436416646,0,0,1.00000000000001,0,3.28764111364973,0,204,1709.79995768414,-71.9993652620705,174.113332130275
9.79995768413803,-67.1994075779324,39.6067094375047,39.6067094375047,0,0,1.00000000000001,0,3.32966822140796,0,204,1709.79995768414,-67.1994075779324,174.113332130275
9.79995768413803,-62.3994498937944,41.5030222276653,41.5030222276652,0,0,1.00000000000001,0,3.38924496032003,0,204,1709.79995768414,-62.3994498937944,174.113332130275
9.79995768413803,-57.5994922096563,44.044188478149,44.0441884781489,0,0,1.00000000000001,0,3.47062035898751,0,180,1709.79995768414,-57.5994922096563,174.113332130275
9.79995768413803,-52.7995345255183,47.4434383139644,47.4434383139643,0,0,1.00000000000001,0,3.57953258778492,0,228,1709.79995768414,-52.7995345255183,174.113332130275
9.79995768413803,-47.9995768413803,52.0167305812683,52.0167305812682,0,0,1.00000000000001,0,3.72387854012312,0,228,1709.79995768414,-47.9995768413803,174.113332130275
9.79995768413803,-43.1996191572422,58.2486410473619,58.2486410473619,0,0,1.00000000000001,0,3.91486466012223,0,228,1709.79995768414,-43.1996191572422,174.113332130275
9.79995768413803,-38.3996614731042,66.9126800670339,66.9126800670339,0,0,1.00000000000001,0,4.16887941875734,0,228,1709.79995768414,-38.3996614731042,174.113332130275
9.79995768413803,-33.5997037889662,79.3055870332024,79.3055870332023,0,0,1.00000000000001,0,4.51086759906414,0,204,1709.79995768414,-33.5997037889662,174.113332130275
9.79995768413803,-28.7997461048281,97.737234648254,97.7372346482539,0,0,1,0,4.98071295406851,0,252,1709.79995768414,-28.7997461048281,174.113332130275
9.79995768413803,-23.9997884206901,126.653168370716,126.653168370716,0,0,0.99999999999972,0,5.64627208587046,0,204,1709.79995768414,-23.9997884206901,174.113332130275
9.79995768413803,-19.1998307365521,175.525212421964,175.525212421964,0,0,1,0.0172511050279533,6.62625423665178,0,276,1709.79995768414,-19.1998307365521,174.113332130275
9.79995768413803,-14.399873052414,267.6676869176,267.6676869176,0,0,1.00000000000001,0.0479410497510102,8.17742803962144,0,276,1709.79995768414,-14.399873052414,174.113332130275
9.79995768413803,-9.59991536827599,474.4821629422,474.4821629422,0,0,0.999999999999932,0.0634272478943049,10.9617028350991,0,300,1709.79995768414,-9.59991536827599,174.113332130275
9.79995768413803,-4.79995768413795,1117.33273385852,1117.33273385852,0.00530437621036226,0,0.994695623776462,0.066280392790983,17.2031034428292,0,372,1709.79995768414,-4.79995768413795,174.113332130275
9.79995768413803,8.5265128291212e-14,5562.02503551876,5562.02503551876,0.0194462662062169,0,0.980550020229432,0.0211556045583283,41.5951363823479,0,300,1709.79995768414,8.5265128291212e-14,174.113332130275
9.79995768413803,4.79995768413812,1117.33273385846,1117.33273385846,0.00530437621035964,0,0.994695623776455,0.0662803927909826,17.2031034428286,0,372,1709.79995768414,4.79995768413812,174.113332130275
9.79995768413803,9.59991536827616,474.482162942184,474.482162942183,0,0,0.999999999999921,0.0634272478943036,10.9617028350989,0,300,1709.79995768414,9.59991536827616,174.113332130275
9.79995768413803,14.3998730524142,267.667686917594,267.667686917593,0,0,0.999999999999996,0.0479410497510088,8.1774280396213,0,276,1709.79995768414,14.3998730524142,174.113332130275
9.79995768413803,19.1998307365522,175.52521242196,175.52521242196,0,0,0.99999999999999,0.0172511050279512,6.62625423665167,0,276,1709.79995768414,19.1998307365522,174.113332130275
9.79995768413803,23.9997884206903,126.653168370714,126.653168370713,0,0,0.999999999999708,0,5.64627208587037,0,204,1709.79995768414,23.9997884206903,174.113332130275
9.79995768413803,28.7997461048283,97.7372346482515,97.7372346482514,0,0,0.999999999999987,0,4.98071295406841,0,252,1709.79995768414,28.7997461048283,174.113332130275
9.79995768413803,33.5997037889663,79.3055870332004,79.3055870332004,0,0,0.999999999999998,0,4.51086759906405,0,204,1709.79995768414,33.5997037889663,174.113332130275
9.79995768413803,38.3996614731044,66.9126800670325,66.9126800670324,0,0,1,0,4.16887941875727,0,228,1709.79995768414,38.3996614731044,174.113332130275
9.79995768413803,43.1996191572424,58.2486410473609,58.2486410473607,0,0,1,0,3.91486466012217,0,228,1709.79995768414,43.1996191572424,174.113332130275
9.79995768413803,47.9995768413804,52.0167305812675,52.0167305812674,0,0,1,0,3.72387854012307,0,228,1709.79995768414,47.9995768413804,174.113332130275
9.79995768413803,52.7995345255185,47.4434383139635,47.4434383139634,0,0,1,0,3.57953258778486,0,228,1709.79995768414,52.7995345255185,174.113332130275
9.79995768413803,57.5994922096565,44.0441884781484,44.0441884781483,0,0,0.999999999999999,0,3.47062035898746,0,180,1709.79995768414,57.5994922096565,174.113332130275
9.79995768413803,62.3994498937946,41.5030222276649,41.5030222276649,0,0,1,0,3.38924496031999,0,204,1709.79995768414,62.3994498937946,174.113332130275
9.79995768413803,67.1994075779326,39.6067094375041,39.6067094375041,0,0,1,0,3.32966822140791,0,204,1709.79995768414,67.1994075779326,174.113332130275
9.79995768413803,71.9993652620706,38.2072436416643,38.2072436416642,0,0,1,0,3.28764111364969,0,204,1709.79995768414,71.9993652620706,174.113332130275
9.79995768413803,76.7993229462087,37.1992596276208,37.1992596276207,0,0,1,0,3.25994647361267,0,204,1709.79995768414,76.7993229462087,174.113332130275
14.5999153682761,-76.7993229462085,33.547857837101,33.547857837101,0,0,1.00000000000001,0,3.0973078782218,0,204,1714.59991536828,-76.7993229462085,174.113332130275
14.5999153682761,-71.9993652620705,34.2704877325592,34.2704877325591,0,0,1.00000000000001,0,3.11440287525176,0,204,1714.59991536828,-71.9993652620705,174.113332130275
14.5999153682761,-67.1994075779324,35.3255258079087,35.3255258079087,0,0,1.00000000000001,0,3.14433653358151,0,204,1714.59991536828,-67.1994075779324,174.113332130275
14.5999153682761,-62.3994498937944,36.8008404383329,36.8008404383328,0,0,1.00000000000001,0,3.18999944816492,0,204,1714.59991536828,-62.3994498937944,174.113332130275
14.5999153682761,-57.5994922096563,38.8199732363658,38.8199732363657,0,0,1.00000000000001,0,3.25521516194878,0,204,1714.59991536828,-57.5994922096563,174.113332130275
14.5999153682761,-52.7995345255183,41.5610725479023,41.5610725479022,0,0,1.00000000000001,0,3.34514997808443,0,228,1714.59991536828,-52.7995345255183,174.113332130275
14.5999153682761,-47.9995768413803,45.2885296949615,45.2885296949614,0,0,1.00000000000001,0,3.4669393091329,0,228,1714.59991536828,-47.9995768413803,174.113332130275
14.5999153682761,-43.1996191572422,50.4083887642344,50.4083887642343,0,0,1.00000000000001,0,3.63071772710398,0,228,1714.59991536828,-43.1996191572422,174.113332130275
14.5999153682761,-38.3996614731042,57.570061647902,57.570061647902,0,0,1.00000000000001,0,3.85135168297908,0,228,1714.59991536828,-38.3996614731042,174.113332130275
14.5999153682761,-33.5997037889662,67.8646315573488,67.8646315573487,0,0,1.00000000000001,0,4.15151678698641,0,204,1714.59991536828,-33.5997037889662,174.113332130275
14.5999153682761,-28.7997461048281,83.2410776666732,83.241077666673,0,0,0.999999999999991,0,4.56756746117835,0,252,1714.59991536828,-28.7997461048281,174.113332130275
14.5999153682761,-23.9997884206901,107.463853552339,107.463853552339,0,0,0.999999999999613,0,5.16158087461406,0,252,1714.59991536828,-23.9997884206901,174.113332130275
14.5999153682761,-19.1998307365521,148.583918654158,148.583918654157,0,0,1.00000000000001,0.0242242449990833,6.03801434385977,0,324,1714.59991536828,-19.1998307365521,174.113332130275
14.5999153682761,-14.399873052414,226.556966782285,226.556966782285,0,0,0.999999999999928,0.0709943731735327,7.43053151250688,0,276,1714.59991536828,-14.399873052414,174.113332130275
14.5999153682761,-9.59991536827599,403.208114427802,403.208114427802,0,0,1.00000000000297,0.0893883208086214,9.96739705953741,0,300,1714.59991536828,-9.59991536827599,174.113332130275
14.5999153682761,-4.79995768413795,962.381606339978,962.381606339978,0.00734442306864955,0,0.992656163226177,0.0922340540363364,15.7438393591649,0,324,1714.59991536828,-4.79995768413795,174.113332130275
14.5999153682761,8.5265128291212e-14,4837.87031251535,4837.87031251534,0.0292560395561007,0,0.970742498946575,0.0397849466038615,38.3882697026762,0,396,1714.59991536828,8.5265128291212e-14,174.113332130275
14.5999153682761,4.79995768413812,962.381606339927,962.381606339926,0.00734442306864542,0,0.992656163226171,0.092234054036336,15.7438393591644,0,324,1714.59991536828,4.79995768413812,174.113332130275
14.5999153682761,9.59991536827616,403.208114427789,403.208114427788,0,0,1.00000000000296,0.08938832080862,9.96739705953718,0,300,1714.59991536828,9.59991536827616,174.113332130275
14.5999153682761,14.3998730524142,226.55696678228,226.556966782279,0,0,0.999999999999916,0.0709943731735308,7.43053151250674,0,276,1714.59991536828,14.3998730524142,174.113332130275
14.5999153682761,19.1998307365522,148.583918654154,148.583918654153,0,0,0.999999999999997,0.0242242449990789,6.03801434385965,0,324,1714.59991536828,19.1998307365522,174.113332130275
14.5999153682761,23.9997884206903,107.463853552336,107.463853552336,0,0,0.999999999999599,0,5.16158087461396,0,252,1714.59991536828,23.9997884206903,174.113332130275
14.5999153682761,28.7997461048283,83.241077666671,83.2410776666708,0,0,0.999999999999977,0,4.56756746117826,0,252,1714.59991536828,28.7997461048283,174.113332130275
14.5999153682761,33.5997037889663,67.8646315573473,67.8646315573472,0,0,0.999999999999998,0,4.15151678698633,0,204,1714.59991536828,33.5997037889663,174.113332130275
14.5999153682761,38.3996614731044,57.570061647901,57.5700616479009,0,0,1,0,3.85135168297901,0,228,1714.59991536828,38.3996614731044,174.113332130275
14.5999153682761,43.1996191572424,50.4083887642336,50.4083887642335,0,0,1,0,3.63071772710392,0,228,1714.59991536828,43.1996191572424,174.113332130275
14.5999153682761,47.9995768413804,45.2885296949607,45.2885296949607,0,0,1,0,3.46693930913285,0,228,1714.59991536828,47.9995768413804,174.113332130275
14.5999153682761,52.7995345255185,41.5610725479018,41.5610725479017,0,0,1,0,3.34514997808438,0,228,1714.59991536828,52.7995345255185,174.113332130275
14.5999153682761,57.5994922096565,38.8199732363651,38.819973236365,0,0,0.999999999999998,0,3.25521516194872,0,204,1714.59991536828,57.5994922096565,174.113332130275
14.5999153682761,62.3994498937946,36.8008404383324,36.8008404383323,0,0,1,0,3.18999944816488,0,204,1714.59991536828,62.3994498937946,174.113332130275
14.5999153682761,67.1994075779326,35.3255258079083,35.3255258079082,0,0,1,0,3.14433653358146,0,204,1714.59991536828,67.1994075779326,174.113332130275
14.5999153682761,71.9993652620706,34.2704877325587,34.2704877325586,0,0,1,0,3.11440287525172,0,204,1714.59991536828,71.9993652620706,174.113332130275
14.5999153682761,76.7993229462087,33.5478578371007,33.5478578371006,0,0,1,0,3.09730787822176,0,204,1714.59991536828,76.7993229462087,174.113332130275
19.3998730524141,-76.7993229462085,30.2688478421694,30.2688478421694,0,0,1.00000000000001,0,2.94483705865149,0,204,1719.39987305241,-76.7993229462085,174.113332130275
19.3998730524141,-71.9993652620705,30.7432898403124,30.7432898403124,0,0,1.00000000000001,0,2.95200709638979,0,204,1719.39987305241,-71.9993652620705,174.113332130275
19.3998730524141,-67.1994075779324,31.4985474770996,31.4985474770996,0,0,1.00000000000001,0,2.97059936846386,0,204,1719.39987305241,-67.1994075779324,174.113332130275
19.3998730524141,-62.3994498937944,32.6071271086227,32.6071271086227,0,0,1.00000000000001,0,3.00318753493041,0,204,1719.39987305241,-62.3994498937944,174.113332130275
19.3998730524141,-57.5994922096563,34.1710841255508,34.1710841255507,0,0,1.00000000000001,0,3.05318328331185,0,204,1719.39987305241,-57.5994922096563,174.113332130275
19.3998730524141,-52.7995345255183,36.3378983923442,36.3378983923442,0,0,1.00000000000001,0,3.12522921527621,0,228,1719.39987305241,-52.7995345255183,174.113332130275
19.3998730524141,-47.9995768413803,39.3263446655382,39.3263446655382,0,0,1.00000000000001,0,3.22569499436336,0,228,1719.39987305241,-47.9995768413803,174.113332130275
19.3998730524141,-43.1996191572422,43.4732293746192,43.4732293746191,0,0,1.00000000000001,0,3.36369017652388,0,228,1719.39987305241,-43.1996191572422,174.113332130275
19.3998730524141,-38.3996614731042,49.3181130271588,49.3181130271588,0,0,1.00000000000001,0,3.5525950589091,0,228,1719.39987305241,-38.3996614731042,174.113332130275
19.3998730524141,-33.5997037889662,57.7696021241051,57.769602124105,0,0,1.00000000000001,0,3.81288553000417,0,204,1719.39987305241,-33.5997037889662,174.113332130275
19.3998730524141,-28.7997461048281,70.455060359088,70.4550603590879,0,0,0.999999999999984,0,4.1774573519058,0,228,1719.39987305241,-28.7997461048281,174.113332130275
19.3998730524141,-23.9997884206901,90.5290585704376,90.5290585704374,0,0,0.999999999999469,0,4.70269921879151,0,252,1719.39987305241,-23.9997884206901,174.113332130275
19.3998730524141,-19.1998307365521,124.759465645955,124.759465645955,0,0,1.00000000000001,0.0295158058867279,5.47891906868844,0,300,1719.39987305241,-19.1998307365521,174.113332130275
19.3998730524141,-14.399873052414,190.030425190772,190.030425190772,0,0,1.00000000000011,0.097041461989946,6.71133950883652,0,324,1719.39987305241,-14.399873052414,174.113332130275
19.3998730524141,-9.59991536827599,339.326491988726,339.326491988726,0,0,0.999999999999267,0.119664744342806,9.00216452233304,0,300,1719.39987305241,-9.59991536827599,174.113332130275
19.3998730524141,-4.79995768413795,820.625991443185,820.625991443184,0.00943604825011757,0,0.990564708969447,0.122382681292978,14.3060288862515,0,348,1719.39987305241,-4.79995768413795,174.113332130275
19.3998730524141,8.5265128291212e-14,4148.36221760971,4148.3622176097,0.0388615325786387,0,0.961138533208799,0.0637540315378924,35.064681968093,0,396,1719.39987305241,8.5265128291212e-14,174.113332130275
19.3998730524141,4.79995768413812,820.625991443134,820.625991443133,0.00943604825011308,0,0.990564708969437,0.122382681292977,14.3060288862509,0,348,1719.39987305241,4.79995768413812,174.113332130275
19.3998730524141,9.59991536827616,339.326491988712,339.326491988711,0,0,0.999999999999255,0.119664744342804,9.0021645223328,0,300,1719.39987305241,9.59991536827616,174.113332130275
19.3998730524141,14.3998730524142,190.030425190766,190.030425190766,0,0,1.0000000000001,0.0970414619899436,6.71133950883638,0,324,1719.39987305241,14.3998730524142,174.113332130275
19.3998730524141,19.1998307365522,124.759465645951,124.759465645951,0,0,0.999999999999998,0.0295158058867218,5.47891906868832,0,300,1719.39987305241,19.1998307365522,174.113332130275
19.3998730524141,23.9997884206903,90.5290585704354,90.5290585704353,0,0,0.999999999999456,0,4.70269921879142,0,252,1719.39987305241,23.9997884206903,174.113332130275
19.3998730524141,28.7997461048283,70.4550603590867,70.4550603590866,0,0,0.999999999999972,0,4.17745735190574,0,228,1719.39987305241,28.7997461048283,174.113332130275
19.3998730524141,33.5997037889663,57.769602124104,57.7696021241039,0,0,0.999999999999997,0,3.81288553000411,0,204,1719.39987305241,33.5997037889663,174.113332130275
19.3998730524141,38.3996614731044,49.318113027158,49.3181130271579,0,0,1,0,3.55259505890904,0,228,1719.39987305241,38.3996614731044,174.113332130275
19.3998730524141,43.1996191572424,43.4732293746186,43.4732293746185,0,0,1,0,3.36369017652383,0,228,1719.39987305241,43.1996191572424,174.113332130275
19.3998730524141,47.9995768413804,39.3263446655374,39.3263446655374,0,0,0.999999999999999,0,3.22569499436331,0,228,1719.39987305241,47.9995768413804,174.113332130275
19.3998730524141,52.7995345255185,36.3378983923439,36.3378983923439,0,0,1,0,3.12522921527617,0,228,1719.39987305241,52.7995345255185,174.113332130275
19.3998730524141,57.5994922096565,34.1710841255505,34.1710841255505,0,0,1,0,3.05318328331182,0,204,1719.39987305241,57.5994922096565,174.113332130275
19.3998730524141,62.3994498937946,32.6071271086224,32.6071271086224,0,0,1,0,3.00318753493038,0,204,1719.39987305241,62.3994498937946,174.113332130275
19.3998730524141,67.1994075779326,31.4985474770993,31.4985474770992,0,0,1,0,2.97059936846383,0,204,1719.39987305241,67.1994075779326,174.113332130275
19.3998730524141,71.9993652620706,30.743289840312,30.7432898403119,0,0,1,0,2.95200709638975,0,204,1719.39987305241,71.9993652620706,174.113332130275
19.3998730524141,76.7993229462087,30.2688478421691,30.2688478421691,0,0,1,0,2.94483705865145,0,204,1719.39987305241,76.7993229462087,174.113332130275
24.1998307365521,-76.7993229462085,27.3396288811171,27.3396288811171,0,0,1.00000000000001,0,2.80297701910739,0,204,1724.19983073655,-76.7993229462085,174.113332130275
24.1998307365521,-71.9993652620705,27.5996839270257,27.5996839270257,0,0,1.00000000000001,0,2.80091440663013,0,204,1724.19983073655,-71.9993652620705,174.113332130275
24.1998307365521,-67.1994075779324,28.0960227857939,28.0960227857939,0,0,1.00000000000001,0,2.80896238064842,0,204,1724.19983073655,-67.1994075779324,174.113332130275
24.1998307365521,-62.3994498937944,28.8876638669603,28.8876638669603,0,0,1.00000000000001,0,2.82937940285421,0,180,1724.19983073655,-62.3994498937944,174.113332130275
24.1998307365521,-57.5994922096563,30.0580060743329,30.0580060743329,0,0,1.00000000000001,0,2.86519308161649,0,180,1724.19983073655,-57.5994922096563,174.113332130275
24.1998307365521,-52.7995345255183,31.7275083414002,31.7275083414002,0,0,1.00000000000001,0,2.92050170159056,0,228,1724.19983073655,-52.7995345255183,174.113332130275
24.1998307365521,-47.9995768413803,34.0754406298374,34.0754406298374,0,0,1.00000000000001,0,3.00099603471821,0,228,1724.19983073655,-47.9995768413803,174.113332130275
24.1998307365521,-43.1996191572422,37.3777521060899,37.3777521060898,0,0,1.00000000000001,0,3.11476073925511,0,228,1724.19983073655,-43.1996191572422,174.113332130275
24.1998307365521,-38.3996614731042,42.0777562245418,42.0777562245418,0,0,1.00000000000001,0,3.27377146366353,0,228,1724.19983073655,-38.3996614731042,174.113332130275
24.1998307365521,-33.5997037889662,48.9232733611643,48.9232733611643,0,0,1.00000000000001,0,3.49634572163263,0,228,1724.19983073655,-33.5997037889662,174.113332130275
24.1998307365521,-28.7997461048281,59.2575658930202,59.2575658930201,0,0,0.999999999999984,0,3.81203201444423,0,252,1724.19983073655,-28.7997461048281,174.113332130275
24.1998307365521,-23.9997884206901,75.6936766778125,75.6936766778124,0,0,0.999999999999471,0,4.27166613224593,0,252,1724.19983073655,-23.9997884206901,174.113332130275
24.1998307365521,-19.1998307365521,103.850507612865,103.850507612865,0,0,1.00000000000001,0.033051492953392,4.95181160114163,0,300,1724.19983073655,-19.1998307365521,174.113332130275
24.1998307365521,-14.399873052414,157.826420646055,157.826420646055,0,0,1.00000000000006,0.12012867550286,6.02639447936797,0,324,1724.19983073655,-14.399873052414,174.113332130275
24.1998307365521,-9.59991536827599,282.51057240073,282.51057240073,0,0,1.00000000000072,0.150939644964521,8.07162709078795,0,324,1724.19983073655,-9.59991536827599,174.113332130275
24.1998307365521,-4.79995768413795,691.948288054309,691.948288054309,0.0116871363038799,0,0.988313805319369,0.156742826783345,12.8957164705311,0,348,1724.19983073655,-4.79995768413795,174.113332130275
24.1998307365521,8.5265128291212e-14,3503.91590625009,3503.91590625009,0.0484560828541656,0,0.951543997242854,0.092851818503158,31.6867945148775,0,396,1724.19983073655,8.5265128291212e-14,174.113332130275
24.1998307365521,4.79995768413812,691.948288054273,691.948288054273,0.0116871363038753,0,0.988313805319364,0.156742826783344,12.8957164705307,0,348,1724.19983073655,4.79995768413812,174.113332130275
24.1998307365521,9.59991536827616,282.51057240072,282.51057240072,0,0,1.00000000000071,0.150939644964519,8.07162709078777,0,324,1724.19983073655,9.59991536827616,174.113332130275
24.1998307365521,14.3998730524142,157.826420646051,157.82642064605,0,0,1.00000000000005,0.120128675502857,6.02639447936785,0,324,1724.19983073655,14.3998730524142,174.113332130275
24.1998307365521,19.1998307365522,103.850507612862,103.850507612862,0,0,1,0.0330514929533837,4.95181160114154,0,300,1724.19983073655,19.1998307365522,174.113332130275
24.1998307365521,23.9997884206903,75.6936766778107,75.6936766778106,0,0,0.999999999999458,0,4.27166613224585,0,252,1724.19983073655,23.9997884206903,174.113332130275
24.1998307365521,28.7997461048283,59.2575658930194,59.2575658930193,0,0,0.999999999999973,0,3.81203201444418,0,252,1724.19983073655,28.7997461048283,174.113332130275
24.1998307365521,33.5997037889663,48.9232733611638,48.9232733611637,0,0,0.999999999999999,0,3.49634572163259,0,228,1724.19983073655,33.5997037889663,174.113332130275
24.1998307365521,38.3996614731044,42.0777562245411,42.077756224541,0,0,1,0,3.27377146366348,0,228,1724.19983073655,38.3996614731044,174.113332130275
24.1998307365521,43.1996191572424,37.3777521060894,37.3777521060893,0,0,1,0,3.11476073925507,0,228,1724.19983073655,43.1996191572424,174.113332130275
24.1998307365521,47.9995768413804,34.0754406298368,34.0754406298368,0,0,1,0,3.00099603471816,0,228,1724.19983073655,47.9995768413804,174.113332130275
24.1998307365521,52.7995345255185,31.7275083413999,31.7275083413999,0,0,1,0,2.92050170159052,0,228,1724.19983073655,52.7995345255185,174.113332130275
24.1998307365521,57.5994922096565,30.0580060743326,30.0580060743325,0,0,0.999999999999998,0,2.86519308161645,0,180,1724.19983073655,57.5994922096565,174.113332130275
24.1998307365521,62.3994498937946,28.8876638669599,28.8876638669599,0,0,1,0,2.82937940285417,0,180,1724.19983073655,62.3994498937946,174.113332130275
24.1998307365521,67.1994075779326,28.0960227857936,28.0960227857935,0,0,1,0,2.80896238064838,0,204,1724.19983073655,67.1994075779326,174.113332130275
24.1998307365521,71.9993652620706,27.5996839270254,27.5996839270253,0,0,1,0,2.80091440663009,0,204,1724.19983073655,71.9993652620706,174.113332130275
24.1998307365521,76.7993229462087,27.3396288811169,27.3396288811168,0,0,1,0,2.80297701910736,0,204,1724.19983073655,76.7993229462087,174.113332130275
28.9997884206902,-76.7993229462085,24.7393366050403,24.7393366050403,0,0,1.00000000000001,0,2.67219276640637,0,204,1728.99978842069,-76.7993229462085,174.113332130275
28.9997884206902,-71.9993652620705,24.8161564206955,24.8161564206955,0,0,1.00000000000001,0,2.66167788328686,0,204,1728.99978842069,-71.9993652620705,174.113332130275
28.9997884206902,-67.1994075779324,25.0907747052052,25.0907747052052,0,0,1.00000000000001,0,2.66002498776579,0,204,1728.99978842069,-67.1994075779324,174.113332130275
28.9997884206902,-62.3994498937944,25.6108298324188,25.6108298324187,0,0,1.00000000000001,0,2.66922366379724,0,204,1728.99978842069,-62.3994498937944,174.113332130275
28.9997884206902,-57.5994922096563,26.4438041538455,26.4438041538455,0,0,1.00000000000001,0,2.69196224610292,0,204,1728.99978842069,-57.5994922096563,174.113332130275
28.9997884206902,-52.7995345255183,27.6867229657309,27.6867229657309,0,0,1.00000000000001,0,2.73181781323997,0,228,1728.99978842069,-52.7995345255183,174.113332130275
28.9997884206902,-47.9995768413803,29.4842490840851,29.484249084085,0,0,1.00000000000001,0,2.79376690119769,0,228,1728.99978842069,-47.9995768413803,174.113332130275
28.9997884206902,-43.1996191572422,32.0601960675585,32.0601960675584,0,0,1.00000000000001,0,2.88502316116565,0,228,1728.99978842069,-43.1996191572422,174.113332130275
28.9997884206902,-38.3996614731042,35.7736241733754,35.7736241733754,0,0,1.00000000000001,0,3.01612038803951,0,228,1728.99978842069,-38.3996614731042,174.113332130275
28.9997884206902,-33.5997037889662,41.2325057861327,41.2325057861327,0,0,1.00000000000001,0,3.20336923199199,0,228,1728.99978842069,-33.5997037889662,174.113332130275
28.9997884206902,-28.7997461048281,49.5313325935566,49.5313325935565,0,0,0.99999999999999,0,3.473077389549,0,228,1728.99978842069,-28.7997461048281,174.113332130275
28.9997884206902,-23.9997884206901,62.8068587649858,62.8068587649857,0,0,0.999999999999611,0,3.87069748073583,0,252,1728.99978842069,-23.9997884206901,174.113332130275
28.9997884206902,-19.1998307365521,85.6597675925263,85.6597675925262,0,0,1.00000000000017,0.0345093291120248,4.46007778144366,0,300,1728.99978842069,-19.1998307365521,174.113332130275
28.9997884206902,-14.399873052414,129.676550919131,129.676550919131,0,0,1.00000000000002,0.142609184058887,5.37859048558969,0,300,1728.99978842069,-14.399873052414,174.113332130275
28.9997884206902,-9.59991536827599,232.43327154717,232.433271547169,0,0,1.00000000000046,0.17975828348225,7.18560082578007,0,324,1728.99978842069,-9.59991536827599,174.113332130275
28.9997884206902,-4.79995768413795,576.277676054814,576.277676054813,0.0140843854649818,0,0.985916753255798,0.184411526880536,11.541096308731,0,396,1728.99978842069,-4.79995768413795,174.113332130275
28.9997884206902,8.5265128291212e-14,2923.25625913373,2923.25625913373,0.0580369653841495,0,0.941963067035972,0.085301518917259,28.6986437096556,0,444,1728.99978842069,8.5265128291212e-14,174.113332130275
28.9997884206902,4.79995768413812,576.277676054784,576.277676054784,0.0140843854649766,0,0.985916753255794,0.184411526880535,11.5410963087306,0,396,1728.99978842069,4.79995768413812,174.113332130275
28.9997884206902,9.59991536827616,232.43327154716,232.43327154716,0,0,1.00000000000045,0.179758283482248,7.18560082577988,0,324,1728.99978842069,9.59991536827616,174.113332130275
28.9997884206902,14.3998730524142,129.676550919127,129.676550919127,0,0,1.00000000000001,0.142609184058883,5.37859048558959,0,300,1728.99978842069,14.3998730524142,174.113332130275
28.9997884206902,19.1998307365522,85.6597675925241,85.6597675925239,0,0,1.00000000000016,0.0345093291120135,4.46007778144357,0,300,1728.99978842069,19.1998307365522,174.113332130275
28.9997884206902,23.9997884206903,62.8068587649846,62.8068587649845,0,0,0.999999999999599,0,3.87069748073577,0,252,1728.99978842069,23.9997884206903,174.113332130275
28.9997884206902,28.7997461048283,49.5313325935561,49.531332593556,0,0,0.999999999999978,0,3.47307738954896,0,228,1728.99978842069,28.7997461048283,174.113332130275
28.9997884206902,33.5997037889663,41.2325057861323,41.2325057861323,0,0,1,0,3.20336923199196,0,228,1728.99978842069,33.5997037889663,174.113332130275
28.9997884206902,38.3996614731044,35.7736241733749,35.7736241733749,0,0,1,0,3.01612038803946,0,228,1728.99978842069,38.3996614731044,174.113332130275
28.9997884206902,43.1996191572424,32.0601960675581,32.0601960675581,0,0,1,0,2.88502316116562,0,228,1728.99978842069,43.1996191572424,174.113332130275
28.9997884206902,47.9995768413804,29.4842490840847,29.4842490840846,0,0,1,0,2.79376690119765,0,228,1728.99978842069,47.9995768413804,174.113332130275
28.9997884206902,52.7995345255185,27.6867229657306,27.6867229657305,0,0,0.999999999999999,0,2.73181781323993,0,228,1728.99978842069,52.7995345255185,174.113332130275
28.9997884206902,57.5994922096565,26.4438041538452,26.4438041538451,0,0,0.999999999999999,0,2.69196224610289,0,204,1728.99978842069,57.5994922096565,174.113332130275
28.9997884206902,62.3994498937946,25.6108298324185,25.6108298324185,0,0,1,0,2.66922366379721,0,204,1728.99978842069,62.3994498937946,174.113332130275
28.9997884206902,67.1994075779326,25.0907747052049,25.0907747052049,0,0,1,0,2.66002498776575,0,204,1728.99978842069,67.1994075779326,174.113332130275
28.9997884206902,71.9993652620706,24.8161564206953,24.8161564206953,0,0,1,0,2.66167788328683,0,204,1728.99978842069,71.9993652620706,174.113332130275
28.9997884206902,76.7993229462087,24.73933660504,24.73933660504,0,0,1,0,2.67219276640633,0,204,1728.99978842069,76.7993229462087,174.113332130275
33.7997461048282,-76.7993229462085,22.4496812098941,22.449681209894,0,0,1.00000000000001,0,2.553042007304,0,204,1733.79974610483,-76.7993229462085,174.113332130275
33.7997461048282,-71.9993652620705,22.3712041707016,22.3712041707015,0,0,1.00000000000001,0,2.53486017600906,0,204,1733.79974610483,-71.9993652620705,174.113332130275
33.7997461048282,-67.1994075779324,22.4579787396679,22.4579787396679,0,0,1.00000000000001,0,2.5244148739995,0,204,1733.79974610483,-67.1994075779324,174.113332130275
33.7997461048282,-62.3994498937944,22.7477395073392,22.7477395073391,0,0,1.00000000000001,0,2.52342116194837,0,180,1733.79974610483,-62.3994498937944,174.113332130275
33.7997461048282,-57.5994922096563,23.2946699154632,23.2946699154632,0,0,1.00000000000001,0,2.53428278992608,0,204,1733.79974610483,-57.5994922096563,174.113332130275
33.7997461048282,-52.7995345255183,24.1752421909442,24.1752421909442,0,0,1.00000000000001,0,2.56002240218526,0,204,1733.79974610483,-52.7995345255183,174.113332130275
33.7997461048282,-47.9995768413803,25.5050985908221,25.505098590822,0,0,1.00000000000001,0,2.60503750967908,0,228,1733.79974610483,-47.9995768413803,174.113332130275
33.7997461048282,-43.1996191572422,27.4626354697652,27.4626354697652,0,0,1.00000000000001,0,2.67560422006596,0,228,1733.79974610483,-43.1996191572422,174.113332130275
33.7997461048282,-38.3996614731042,30.335061106346,30.3350611063459,0,0,1.00000000000001,0,2.78099800351423,0,228,1733.79974610483,-38.3996614731042,174.113332130275
33.7997461048282,-33.5997037889662,34.6093072006091,34.609307200609,0,0,1.00000000000001,0,2.93554531802351,0,228,1733.79974610483,-33.5997037889662,174.113332130275
33.7997461048282,-28.7997461048281,41.1646419397577,41.1646419397577,0,0,1.00000000000001,0,3.16248659146131,0,228,1733.79974610483,-28.7997461048281,174.113332130275
33.7997461048282,-23.9997884206901,51.7238504739389,51.7238504739388,0,0,0.999999999999903,0,3.502178097292,0,228,1733.79974610483,-23.9997884206901,174.113332130275
33.7997461048282,-19.1998307365521,69.9971250230227,69.9971250230227,0,0,1.00000000000001,0.0333500663744944,4.00763071202197,0,324,1733.79974610483,-19.1998307365521,174.113332130275
33.7997461048282,-14.399873052414,105.318463615669,105.318463615669,0,0,1,0.164486307307111,4.77239360413207,0,276,1733.79974610483,-14.399873052414,174.113332130275
33.7997461048282,-9.59991536827599,188.751945784541,188.751945784541,0,0,1.00000000000027,0.207932720786648,6.34980489990404,0,324,1733.79974610483,-9.59991536827599,174.113332130275
33.7997461048282,-4.79995768413795,473.429222706213,473.429222706213,0.0166168047198603,0,0.983384543070456,0.212815765673706,10.2482367439844,0,396,1733.79974610483,-4.79995768413795,174.113332130275
33.7997461048282,8.5265128291212e-14,2402.69461319374,2402.69461319374,0.0676014434867864,0,0.932398566845803,0.10283266999821,25.6970997240606,0,444,1733.79974610483,8.5265128291212e-14,174.113332130275
33.7997461048282,4.79995768413812,473.429222706187,473.429222706187,0.0166168047198545,0,0.983384543070453,0.212815765673705,10.2482367439841,0,396,1733.79974610483,4.79995768413812,174.113332130275
33.7997461048282,9.59991536827616,188.751945784534,188.751945784534,0,0,1.00000000000026,0.207932720786646,6.34980489990387,0,324,1733.79974610483,9.59991536827616,174.113332130275
33.7997461048282,14.3998730524142,105.318463615665,105.318463615665,0,0,0.99999999999999,0.164486307307107,4.77239360413196,0,276,1733.79974610483,14.3998730524142,174.113332130275
33.7997461048282,19.1998307365522,69.9971250230208,69.9971250230208,0,0,1,0.033350066374479,4.0076307120219,0,324,1733.79974610483,19.1998307365522,174.113332130275
33.7997461048282,23.9997884206903,51.7238504739376,51.7238504739376,0,0,0.999999999999888,0,3.50217809729193,0,228,1733.79974610483,23.9997884206903,174.113332130275
33.7997461048282,28.7997461048283,41.1646419397572,41.1646419397571,0,0,0.999999999999999,0,3.16248659146126,0,228,1733.79974610483,28.7997461048283,174.113332130275
33.7997461048282,33.5997037889663,34.6093072006088,34.6093072006087,0,0,1,0,2.93554531802348,0,228,1733.79974610483,33.5997037889663,174.113332130275
33.7997461048282,38.3996614731044,30.3350611063457,30.3350611063457,0,0,1,0,2.7809980035142,0,228,1733.79974610483,38.3996614731044,174.113332130275
33.7997461048282,43.1996191572424,27.462635469765,27.4626354697649,0,0,1,0,2.67560422006592,0,228,1733.79974610483,43.1996191572424,174.113332130275
33.7997461048282,47.9995768413804,25.505098590822,25.5050985908219,0,0,1,0,2.60503750967906,0,228,1733.79974610483,47.9995768413804,174.113332130275
33.7997461048282,52.7995345255185,24.175242190944,24.175242190944,0,0,0.999999999999996,0,2.56002240218523,0,204,1733.79974610483,52.7995345255185,174.113332130275
33.7997461048282,57.5994922096565,23.2946699154631,23.2946699154631,0,0,0.999999999999999,0,2.53428278992605,0,204,1733.79974610483,57.5994922096565,174.113332130275
33.7997461048282,62.3994498937946,22.747739507339,22.747739507339,0,0,1,0,2.52342116194834,0,180,1733.79974610483,62.3994498937946,174.113332130275
33.7997461048282,67.1994075779326,22.4579787396677,22.4579787396677,0,0,1,0,2.52441487399947,0,204,1733.79974610483,67.1994075779326,174.113332130275
33.7997461048282,71.9993652620706,22.3712041707013,22.3712041707013,0,0,1,0,2.53486017600902,0,204,1733.79974610483,71.9993652620706,174.113332130275
33.7997461048282,76.7993229462087,22.4496812098939,22.4496812098939,0,0,1,0,2.55304200730397,0,204,1733.79974610483,76.7993229462087,174.113332130275
38.5997037889662,-76.7993229462085,20.454420033178,20.454420033178,0,0,1.00000000000001,0,2.44608938139924,0,204,1738.59970378897,-76.7993229462085,174.113332130275
38.5997037889662,-71.9993652620705,20.2461097753747,20.2461097753747,0,0,1.00000000000001,0,2.42109451296706,0,204,1738.59970378897,-71.9993652620705,174.113332130275
38.5997037889662,-67.1994075779324,20.1757879655214,20.1757879655213,0,0,1.00000000000001,0,2.40282822772114,0,204,1738.59970378897,-67.1994075779324,174.113332130275
38.5997037889662,-62.3994498937944,20.2731752130265,20.2731752130264,0,0,1.00000000000001,0,2.39279539334367,0,204,1738.59970378897,-62.3994498937944,174.113332130275
38.5997037889662,-57.5994922096563,20.5800864671911,20.580086467191,0,0,1.00000000000001,0,2.39298519511139,0,204,1738.59970378897,-57.5994922096563,174.113332130275
38.5997037889662,-52.7995345255183,21.156875044011,21.156875044011,0,0,1.00000000000001,0,2.40607094483235,0,204,1738.59970378897,-52.7995345255183,174.113332130275
38.5997037889662,-47.9995768413803,22.0940085272582,22.0940085272582,0,0,1.00000000000001,0,2.43581884338017,0,228,1738.59970378897,-47.9995768413803,174.113332130275
38.5997037889662,-43.1996191572422,23.5321064588202,23.5321064588201,0,0,1.00000000000001,0,2.48773950796799,0,228,1738.59970378897,-43.1996191572422,174.113332130275
38.5997037889662,-38.3996614731042,25.696580944441,25.6965809444409,0,0,1.00000000000001,0,2.56980354423842,0,228,1738.59970378897,-38.3996614731042,174.113332130275
38.5997037889662,-33.5997037889662,28.9715132003264,28.9715132003263,0,0,1.00000000000002,0,2.69450282782607,0,228,1738.59970378897,-33.5997037889662,174.113332130275
38.5997037889662,-28.7997461048281,34.0531015522386,34.0531015522386,0,0,1.00000000000009,0,2.88233134424038,0,228,1738.59970378897,-28.7997461048281,174.113332130275
38.5997037889662,-23.9997884206901,42.3078791859735,42.3078791859734,0,0,0.999999999999873,0,3.16862808198566,0,252,1738.59970378897,-23.9997884206901,174.113332130275
38.5997037889662,-19.1998307365521,56.6838502338234,56.6838502338234,0,0,1.00000000000003,0.0284909655339604,3.59922111027163,0,300,1738.59970378897,-19.1998307365521,174.113332130275
38.5997037889662,-14.399873052414,84.4996962716539,84.4996962716538,0,0,0.999999999999981,0.18576309846266,4.21269380731824,0,300,1738.59970378897,-14.399873052414,174.113332130275
38.5997037889662,-9.59991536827599,151.135081740418,151.135081740418,0,0,1.00000000000013,0.235475445536134,5.57207842751309,0,324,1738.59970378897,-9.59991536827599,174.113332130275
38.5997037889662,-4.79995768413795,383.271605543645,383.271605543644,0.0192750839465278,0,0.980726484232594,0.240295618640446,9.03541778018189,0,348,1738.59970378897,-4.79995768413795,174.113332130275
38.5997037889662,8.5265128291212e-14,1951.9445463751,1951.9445463751,0.0771467663692734,0,0.922853235646197,0.120784623479541,22.9193108748996,0,396,1738.59970378897,8.5265128291212e-14,174.113332130275
38.5997037889662,4.79995768413812,383.271605543624,383.271605543624,0.0192750839465227,0,0.980726484232589,0.240295618640444,9.03541778018158,0,348,1738.59970378897,4.79995768413812,174.113332130275
38.5997037889662,9.59991536827616,151.135081740412,151.135081740412,0,0,1.00000000000012,0.235475445536131,5.57207842751294,0,324,1738.59970378897,9.59991536827616,174.113332130275
38.5997037889662,14.3998730524142,84.4996962716521,84.499696271652,0,0,0.999999999999971,0.185763098462656,4.21269380731817,0,300,1738.59970378897,14.3998730524142,174.113332130275
38.5997037889662,19.1998307365522,56.6838502338222,56.6838502338221,0,0,1.00000000000002,0.028490965533938,3.59922111027158,0,300,1738.59970378897,19.1998307365522,174.113332130275
38.5997037889662,23.9997884206903,42.3078791859728,42.3078791859728,0,0,0.999999999999862,0,3.16862808198561,0,252,1738.59970378897,23.9997884206903,174.113332130275
38.5997037889662,28.7997461048283,34.0531015522384,34.0531015522383,0,0,1.00000000000008,0,2.88233134424035,0,228,1738.59970378897,28.7997461048283,174.113332130275
38.5997037889662,33.5997037889663,28.9715132003261,28.9715132003261,0,0,1.00000000000001,0,2.69450282782604,0,228,1738.59970378897,33.5997037889663,174.113332130275
38.5997037889662,38.3996614731044,25.6965809444409,25.6965809444409,0,0,1,0,2.56980354423839,0,228,1738.59970378897,38.3996614731044,174.113332130275
38.5997037889662,43.1996191572424,23.5321064588201,23.5321064588201,0,0,1,0,2.48773950796797,0,228,1738.59970378897,43.1996191572424,174.113332130275
38.5997037889662,47.9995768413804,22.0940085272582,22.0940085272582,0,0,1,0,2.43581884338015,0,228,1738.59970378897,47.9995768413804,174.113332130275
38.5997037889662,52.7995345255185,21.156875044011,21.156875044011,0,0,1,0,2.40607094483233,0,204,1738.59970378897,52.7995345255185,174.113332130275
38.5997037889662,57.5994922096565,20.5800864671909,20.5800864671909,0,0,0.999999999999999,0,2.39298519511137,0,204,1738.59970378897,57.5994922096565,174.113332130275
38.5997037889662,62.3994498937946,20.2731752130263,20.2731752130263,0,0,1,0,2.39279539334364,0,204,1738.59970378897,62.3994498937946,174.113332130275
38.5997037889662,67.1994075779326,20.1757879655212,20.1757879655212,0,0,1,0,2.40282822772111,0,204,1738.59970378897,67.1994075779326,174.113332130275
38.5997037889662,71.9993652620706,20.2461097753746,20.2461097753746,0,0,1,0,2.42109451296703,0,204,1738.59970378897,71.9993652620706,174.113332130275
38.5997037889662,76.7993229462087,20.4544200331779,20.4544200331779,0,0,1,0,2.44608938139922,0,204,1738.59970378897,76.7993229462087,174.113332130275
43.3996614731042,-76.7993229462085,18.7401659854139,18.7401659854138,0,0,1.00000000000001,0,2.35196818276042,0,204,1743.3996614731,-76.7993229462085,174.113332130275
43.3996614731042,-71.9993652620705,18.4247497643184,18.4247497643184,0,0,1.00000000000002,0,2.32102967672216,0,204,1743.3996614731,-71.9993652620705,174.113332130275
43.3996614731042,-67.1994075779324,18.2252130922419,18.2252130922418,0,0,1.00000000000001,0,2.29597508522214,0,204,1743.3996614731,-67.1994075779324,174.113332130275
43.3996614731042,-62.3994498937944,18.1640333071748,18.1640333071748,0,0,1.00000000000001,0,2.27805020100993,0,204,1743.3996614731,-62.3994498937944,174.113332130275
43.3996614731042,-57.5994922096563,18.2732448390591,18.2732448390591,0,0,1.00000000000001,0,2.26893653852569,0,204,1743.3996614731,-57.5994922096563,174.113332130275
43.3996614731042,-52.7995345255183,18.5994782721721,18.5994782721721,0,0,1.00000000000001,0,2.27094013727986,0,204,1743.3996614731,-52.7995345255183,174.113332130275
43.3996614731042,-47.9995768413803,19.2124986926598,19.2124986926597,0,0,1.00000000000001,0,2.28728763794582,0,228,1743.3996614731,-47.9995768413803,174.113332130275
43.3996614731042,-43.1996191572422,20.2204587785716,20.2204587785716,0,0,1.00000000000001,0,2.32263025914472,0,228,1743.3996614731,-43.1996191572422,174.113332130275
43.3996614731042,-38.3996614731042,21.7984950694114,21.7984950694114,0,0,1.00000000000002,0,2.38393995679153,0,228,1743.3996614731,-38.3996614731042,174.113332130275
43.3996614731042,-33.5997037889662,24.2448989652269,24.2448989652268,0,0,1.00000000000006,0,2.48208130367349,0,228,1743.3996614731,-33.5997037889662,174.113332130275
43.3996614731042,-28.7997461048281,28.1003296166344,28.1003296166344,0,0,1.00000000000001,0,2.63468311470718,0,252,1743.3996614731,-28.7997461048281,174.113332130275
43.3996614731042,-23.9997884206901,34.4327167623892,34.4327167623892,0,0,0.999999999999952,0,2.87277341161038,0,252,1743.3996614731,-23.9997884206901,174.113332130275
43.3996614731042,-19.1998307365521,45.5607923257551,45.5607923257551,0,0,1.00000000000001,0.0166432393796071,3.24199251535881,0,324,1743.3996614731,-19.1998307365521,174.113332130275
43.3996614731042,-14.399873052414,66.9837285074021,66.983728507402,0,0,0.999999999999974,0.206442341350908,3.70478421335712,0,300,1743.3996614731,-14.399873052414,174.113332130275
43.3996614731042,-9.59991536827599,119.271321047017,119.271321047017,0,0,1.00000000000002,0.262398513223167,4.86092760241623,0,324,1743.3996614731,-9.59991536827599,174.113332130275
43.3996614731042,-4.79995768413795,305.715612755247,305.715612755247,0.0220511818552368,0,0.9779506175501,0.266890249162756,7.92042984607424,0,324,1743.3996614731,-4.79995768413795,174.113332130275
43.3996614731042,8.5265128291212e-14,1575.71276011297,1575.71276011297,0.0866701666384908,0,0.913329831672978,0.139066323177432,20.4240803061332,0,540,1743.3996614731,8.5265128291212e-14,174.113332130275
43.3996614731042,4.79995768413812,305.715612755233,305.715612755233,0.0220511818552303,0,0.9779506175501,0.266890249162755,7.92042984607401,0,324,1743.3996614731,4.79995768413812,174.113332130275
43.3996614731042,9.59991536827616,119.271321047013,119.271321047013,0,0,1.00000000000001,0.262398513223162,4.86092760241611,0,324,1743.3996614731,9.59991536827616,174.113332130275
43.3996614731042,14.3998730524142,66.9837285074003,66.9837285074003,0,0,0.999999999999963,0.206442341350904,3.70478421335705,0,300,1743.3996614731,14.3998730524142,174.113332130275
43.3996614731042,19.1998307365522,45.5607923257544,45.5607923257544,0,0,0.999999999999999,0.0166432393795652,3.2419925153588,0,324,1743.3996614731,19.1998307365522,174.113332130275
43.3996614731042,23.9997884206903,34.4327167623889,34.4327167623888,0,0,0.99999999999994,0,2.87277341161034,0,252,1743.3996614731,23.9997884206903,174.113332130275
43.3996614731042,28.7997461048283,28.1003296166341,28.1003296166341,0,0,0.999999999999997,0,2.63468311470715,0,252,1743.3996614731,28.7997461048283,174.113332130275
43.3996614731042,33.5997037889663,24.2448989652268,24.2448989652267,0,0,1.00000000000005,0,2.48208130367347,0,228,1743.3996614731,33.5997037889663,174.113332130275
43.3996614731042,38.3996614731044,21.7984950694113,21.7984950694113,0,0,1.00000000000001,0,2.38393995679151,0,228,1743.3996614731,38.3996614731044,174.113332130275
43.3996614731042,43.1996191572424,20.2204587785716,20.2204587785715,0,0,1,0,2.3226302591447,0,228,1743.3996614731,43.1996191572424,174.113332130275
43.3996614731042,47.9995768413804,19.2124986926597,19.2124986926597,0,0,1,0,2.2872876379458,0,228,1743.3996614731,47.9995768413804,174.113332130275
43.3996614731042,52.7995345255185,18.5994782721721,18.599478272172,0,0,0.999999999999999,0,2.27094013727984,0,204,1743.3996614731,52.7995345255185,174.113332130275
43.3996614731042,57.5994922096565,18.2732448390589,18.2732448390589,0,0,1,0,2.26893653852566,0,204,1743.3996614731,57.5994922096565,174.113332130275
43.3996614731042,62.3994498937946,18.1640333071747,18.1640333071747,0,0,1,0,2.27805020100991,0,204,1743.3996614731,62.3994498937946,174.113332130275
43.3996614731042,67.1994075779326,18.2252130922417,18.2252130922417,0,0,1,0,2.29597508522211,0,204,1743.3996614731,67.1994075779326,174.113332130275
43.3996614731042,71.9993652620706,18.4247497643183,18.4247497643182,0,0,1,0,2.32102967672214,0,204,1743.3996614731,71.9993652620706,174.113332130275
43.3996614731042,76.7993229462087,18.7401659854138,18.7401659854137,0,0,1,0,2.3519681827604,0,204,1743.3996614731,76.7993229462087,174.113332130275
48.1996191572423,-76.7993229462085,17.2966887539018,17.2966887539018,0,0,1.00000000000001,0,2.27138021515766,0,204,1748.19961915724,-76.7993229462085,174.113332130275
48.1996191572423,-71.9993652620705,16.8951326300129,16.8951326300129,0,0,1.00000000000001,0,2.23546320355419,0,204,1748.19961915724,-71.9993652620705,174.113332130275
48.1996191572423,-67.1994075779324,16.5909622866925,16.5909622866925,0,0,1.00000000000001,0,2.20463745452629,0,204,1748.19961915724,-67.1994075779324,174.113332130275
48.1996191572423,-62.3994498937944,16.4013703577927,16.4013703577927,0,0,1.00000000000001,0,2.17998363748543,0,204,1748.19961915724,-62.3994498937944,174.113332130275
48.1996191572423,-57.5994922096563,16.3509609519371,16.350960951937,0,0,1.00000000000001,0,2.16297424837072,0,204,1748.19961915724,-57.5994922096563,174.113332130275
48.1996191572423,-52.7995345255183,16.4748211304397,16.4748211304396,0,0,1.00000000000001,0,2.15554364144784,0,204,1748.19961915724,-52.7995345255183,174.113332130275
48.1996191572423,-47.9995768413803,16.8258465360224,16.8258465360223,0,0,1.00000000000001,0,2.16043433219979,0,204,1748.19961915724,-47.9995768413803,174.113332130275
48.1996191572423,-43.1996191572422,17.4862229531174,17.4862229531173,0,0,1.00000000000002,0,2.18161301906891,0,228,1748.19961915724,-43.1996191572422,174.113332130275
48.1996191572423,-38.3996614731042,18.5892146677775,18.5892146677774,0,0,1.00000000000004,0,2.22502483497457,0,228,1748.19961915724,-38.3996614731042,174.113332130275
48.1996191572423,-33.5997037889662,20.3623901195438,20.3623901195437,0,0,1.00000000000001,0,2.29996716288879,0,252,1748.19961915724,-33.5997037889662,174.113332130275
48.1996191572423,-28.7997461048281,23.2203862149044,23.2203862149044,0,0,1.00000000000001,0,2.4217650504694,0,252,1748.19961915724,-28.7997461048281,174.113332130275
48.1996191572423,-23.9997884206901,27.9847640998656,27.9847640998655,0,0,0.999999999999992,0,2.61746114264346,0,252,1748.19961915724,-23.9997884206901,174.113332130275
48.1996191572423,-19.1998307365521,36.4766011639163,36.4766011639163,0,0,1.00000000000001,0,2.93922258992418,0,300,1748.19961915724,-19.1998307365521,174.113332130275
48.1996191572423,-14.399873052414,52.5565700395609,52.5565700395608,0,0,0.999999999999994,0.226526546811011,3.25433948513891,0,300,1748.19961915724,-14.399873052414,174.113332130275
48.1996191572423,-9.59991536827599,92.8831315009401,92.8831315009401,0,0,0.999999999999949,0.288713562370536,4.22550319712294,0,324,1748.19961915724,-9.59991536827599,174.113332130275
48.1996191572423,-4.79995768413795,240.762448934991,240.762448934991,0.0249380433158181,0,0.975064001221886,0.292636494181222,6.92246107325619,0,300,1748.19961915724,-4.79995768413795,174.113332130275
48.1996191572423,8.5265128291212e-14,1277.83232756433,1277.83232756433,0.0961688577383234,0,0.90383113830373,0.157610754318353,18.2667057853863,0,540,1748.19961915724,8.5265128291212e-14,174.113332130275
48.1996191572423,4.79995768413812,240.762448934977,240.762448934977,0.0249380433158115,0,0.975064001221883,0.292636494181222,6.92246107325593,0,300,1748.19961915724,4.79995768413812,174.113332130275
48.1996191572423,9.59991536827616,92.8831315009377,92.8831315009376,0,0,0.99999999999994,0.288713562370532,4.22550319712286,0,324,1748.19961915724,9.59991536827616,174.113332130275
48.1996191572423,14.3998730524142,52.5565700395598,52.5565700395598,0,0,0.999999999999982,0.226526546811004,3.25433948513886,0,300,1748.19961915724,14.3998730524142,174.113332130275
48.1996191572423,19.1998307365522,36.4766011639157,36.4766011639157,0,0,1,0,2.93922258992414,0,300,1748.19961915724,19.1998307365522,174.113332130275
48.1996191572423,23.9997884206903,27.9847640998655,27.9847640998654,0,0,0.999999999999982,0,2.61746114264344,0,252,1748.19961915724,23.9997884206903,174.113332130275
48.1996191572423,28.7997461048283,23.2203862149043,23.2203862149042,0,0,0.999999999999998,0,2.42176505046937,0,252,1748.19961915724,28.7997461048283,174.113332130275
48.1996191572423,33.5997037889663,20.3623901195437,20.3623901195437,0,0,1,0,2.29996716288878,0,252,1748.19961915724,33.5997037889663,174.113332130275
48.1996191572423,38.3996614731044,18.5892146677774,18.5892146677774,0,0,1.00000000000003,0,2.22502483497455,0,228,1748.19961915724,38.3996614731044,174.113332130275
48.1996191572423,43.1996191572424,17.4862229531173,17.4862229531173,0,0,1,0,2.18161301906889,0,228,1748.19961915724,43.1996191572424,174.113332130275
48.1996191572423,47.9995768413804,16.8258465360222,16.8258465360222,0,0,0.999999999999998,0,2.16043433219976,0,204,1748.19961915724,47.9995768413804,174.113332130275
48.1996191572423,52.7995345255185,16.4748211304396,16.4748211304395,0,0,0.999999999999999,0,2.15554364144781,0,204,1748.19961915724,52.7995345255185,174.113332130275
48.1996191572423,57.5994922096565,16.3509609519369,16.3509609519369,0,0,1,0,2.16297424837069,0,204,1748.19961915724,57.5994922096565,174.113332130275
48.1996191572423,62.3994498937946,16.4013703577926,16.4013703577926,0,0,1,0,2.17998363748541,0,204,1748.19961915724,62.3994498937946,174.113332130275
48.1996191572423,67.1994075779326,16.5909622866924,16.5909622866924,0,0,1,0,2.20463745452627,0,204,1748.19961915724,67.1994075779326,174.113332130275
48.1996191572423,71.9993652620706,16.8951326300128,16.8951326300128,0,0,1,0,2.23546320355417,0,204,1748.19961915724,71.9993652620706,174.113332130275
48.1996191572423,76.7993229462087,17.2966887539018,17.2966887539018,0,0,1,0,2.27138021515765,0,204,1748.19961915724,76.7993229462087,174.113332130275
52.9995768413803,-76.7993229462085,16.1158574250165,16.1158574250165,0,0,1.00000000000003,0,2.2049606192614,0,180,1752.99957684138,-76.7993229462085,174.113332130275
52.9995768413803,-71.9993652620705,15.6468657241555,15.6468657241554,0,0,1.00000000000005,0,2.16503321308918,0,180,1752.99957684138,-71.9993652620705,174.113332130275
52.9995768413803,-67.1994075779324,15.2610729729048,15.2610729729048,0,0,1.00000000000011,0,2.12958397037285,0,180,1752.99957684138,-67.1994075779324,174.113332130275
52.9995768413803,-62.3994498937944,14.9713191198847,14.9713191198847,0,0,1.0000000000003,0,2.09953372409856,0,180,1752.99957684138,-62.3994498937944,174.113332130275
52.9995768413803,-57.5994922096563,14.795785542429,14.795785542429,0,0,1.00000000000001,0,2.07610549076738,0,204,1752.99957684138,-57.5994922096563,174.113332130275
52.9995768413803,-52.7995345255183,14.7608959775288,14.7608959775287,0,0,1.00000000000001,0,2.06096248021995,0,204,1752.99957684138,-52.7995345255183,174.113332130275
52.9995768413803,-47.9995768413803,14.9063050981961,14.9063050981961,0,0,1.00000000000001,0,2.05643627107602,0,204,1752.99957684138,-47.9995768413803,174.113332130275
52.9995768413803,-43.1996191572422,15.2937114177362,15.2937114177362,0,0,1.00000000000002,0,2.06590166344395,0,204,1752.99957684138,-43.1996191572422,174.113332130275
52.9995768413803,-38.3996614731042,16.0234303857488,16.0234303857487,0,0,1.00000000000009,0,2.09443662283696,0,228,1752.99957684138,-38.3996614731042,174.113332130275
52.9995768413803,-33.5997037889662,17.2672965513027,17.2672965513027,0,0,1.00000000000001,0,2.15002520834473,0,252,1752.99957684138,-33.5997037889662,174.113332130275
52.9995768413803,-28.7997461048281,19.3395544506949,19.3395544506949,0,0,1.00000000000001,0,2.24591593482155,0,252,1752.99957684138,-28.7997461048281,174.113332130275
52.9995768413803,-23.9997884206901,22.8657241506226,22.8657241506226,0,0,1.00000000000002,0,2.40566135175101,0,252,1752.99957684138,-23.9997884206901,174.113332130275
52.9995768413803,-19.1998307365521,29.2415528327262,29.2415528327262,0,0,1.00000000000001,0,2.67517166094657,0,300,1752.99957684138,-19.1998307365521,174.113332130275
52.9995768413803,-14.399873052414,41.0339090190921,41.033909019092,0,0,0.999999999999961,0.246017948415235,2.86738929782835,0,300,1752.99957684138,-14.399873052414,174.113332130275
52.9995768413803,-9.59991536827599,71.7416536247457,71.7416536247456,0,0,1.00000000059983,0.314431830523505,3.67557271838835,0,300,1752.99957684138,-9.59991536827599,174.113332130275
52.9995768413803,-4.79995768413795,188.548545229866,188.548545229866,0.027929397975149,0,0.972072894434934,0.317569018259285,6.06206866113316,0,348,1752.99957684138,-4.79995768413795,174.113332130275
52.9995768413803,8.5265128291212e-14,1061.46533066335,1061.46533066335,0.105640031301103,0,0.894359969048083,0.17636729967202,16.4994917714611,0,492,1752.99957684138,8.5265128291212e-14,174.113332130275
52.9995768413803,4.79995768413812,188.548545229855,188.548545229855,0.0279293979751421,0,0.972072894434931,0.317569018259284,6.06206866113293,0,348,1752.99957684138,4.79995768413812,174.113332130275
52.9995768413803,9.59991536827616,71.7416536247433,71.7416536247433,0,0,1.00000000059983,0.314431830523503,3.67557271838827,0,300,1752.99957684138,9.59991536827616,174.113332130275
52.9995768413803,14.3998730524142,41.0339090190912,41.0339090190912,0,0,0.999999999999952,0.24601794841523,2.86738929782831,0,300,1752.99957684138,14.3998730524142,174.113332130275
52.9995768413803,19.1998307365522,29.2415528327261,29.241552832726,0,0,1,0,2.67517166094655,0,300,1752.99957684138,19.1998307365522,174.113332130275
52.9995768413803,23.9997884206903,22.8657241506226,22.8657241506225,0,0,1.00000000000001,0,2.40566135175099,0,252,1752.99957684138,23.9997884206903,174.113332130275
52.9995768413803,28.7997461048283,19.3395544506949,19.3395544506948,0,0,1,0,2.24591593482153,0,252,1752.99957684138,28.7997461048283,174.113332130275
52.9995768413803,33.5997037889663,17.2672965513027,17.2672965513026,0,0,1,0,2.15002520834471,0,252,1752.99957684138,33.5997037889663,174.113332130275
52.9995768413803,38.3996614731044,16.0234303857488,16.0234303857488,0,0,1.00000000000007,0,2.09443662283695,0,228,1752.99957684138,38.3996614731044,174.113332130275
52.9995768413803,43.1996191572424,15.2937114177362,15.2937114177362,0,0,1,0,2.06590166344393,0,204,1752.99957684138,43.1996191572424,174.113332130275
52.9995768413803,47.9995768413804,14.9063050981962,14.9063050981961,0,0,1,0,2.05643627107601,0,204,1752.99957684138,47.9995768413804,174.113332130275
52.9995768413803,52.7995345255185,14.7608959775288,14.7608959775288,0,0,1,0,2.06096248021994,0,204,1752.99957684138,52.7995345255185,174.113332130275
52.9995768413803,57.5994922096565,14.7957855424289,14.7957855424289,0,0,1,0,2.07610549076735,0,204,1752.99957684138,57.5994922096565,174.113332130275
52.9995768413803,62.3994498937946,14.9713191198846,14.9713191198846,0,0,1.00000000000029,0,2.09953372409854,0,180,1752.99957684138,62.3994498937946,174.113332130275
52.9995768413803,67.1994075779326,15.2610729729048,15.2610729729047,0,0,1.00000000000009,0,2.12958397037283,0,180,1752.99957684138,67.1994075779326,174.113332130275
52.9995768413803,71.9993652620706,15.6468657241553,15.6468657241553,0,0,1.00000000000003,0,2.16503321308915,0,180,1752.99957684138,71.9993652620706,174.113332130275
52.9995768413803,76.7993229462087,16.1158574250164,16.1158574250164,0,0,1.00000000000001,0,2.20496061926138,0,180,1752.99957684138,76.7993229462087,174.113332130275
57.7995345255183,-76.7993229462085,15.1926572984715,15.1926572984714,0,0,1.00000000000004,0,2.15336115210954,0,180,1757.79953452552,-76.7993229462085,174.113332130275
57.7995345255183,-71.9993652620705,14.673280824105,14.6732808241049,0,0,1.00000000000007,0,2.11042503528013,0,180,1757.79953452552,-71.9993652620705,174.113332130275
57.7995345255183,-67.1994075779324,14.2266169054375,14.2266169054374,0,0,1.0000000000002,0,2.0715087220324,0,180,1757.79953452552,-67.1994075779324,174.113332130275
57.7995345255183,-62.3994498937944,13.8621445975896,13.8621445975896,0,0,1.00000000000001,0,2.03739558271891,0,204,1757.79953452552,-62.3994498937944,174.113332130275
57.7995345255183,-57.5994922096563,13.5934314691236,13.5934314691236,0,0,1.00000000000001,0,2.00913347481932,0,204,1757.79953452552,-57.5994922096563,174.113332130275
57.7995345255183,-52.7995345255183,13.4402306359219,13.4402306359219,0,0,1.00000000000001,0,1.98814484174911,0,204,1757.79953452552,-52.7995345255183,174.113332130275
57.7995345255183,-47.9995768413803,13.4322257429603,13.4322257429602,0,0,1.00000000000002,0,1.97642034562392,0,204,1757.79953452552,-47.9995768413803,174.113332130275
57.7995345255183,-43.1996191572422,13.6157207140086,13.6157207140086,0,0,1.00000000000004,0,1.97684574059909,0,204,1757.79953452552,-43.1996191572422,174.113332130275
57.7995345255183,-38.3996614731042,14.0662787177045,14.0662787177045,0,0,1.00000000000001,0,1.99378179772225,0,252,1757.79953452552,-38.3996614731042,174.113332130275
57.7995345255183,-33.5997037889662,14.9138792895968,14.9138792895968,0,0,1.00000000000001,0,2.03412860778944,0,252,1757.79953452552,-33.5997037889662,174.113332130275
57.7995345255183,-28.7997461048281,16.3973647105133,16.3973647105133,0,0,1.00000000000001,0,2.10942694647697,0,252,1757.79953452552,-28.7997461048281,174.113332130275
57.7995345255183,-23.9997884206901,18.9952239906873,18.9952239906872,0,0,1.00000000000005,0,2.24041597377192,0,252,1757.79953452552,-23.9997884206901,174.113332130275
57.7995345255183,-19.1998307365521,23.783391968626,23.7833919686259,0,0,1.00000000000002,0,2.46790498534477,0,300,1757.79953452552,-19.1998307365521,174.113332130275
57.7995345255183,-14.399873052414,32.2687781984393,32.2687781984393,0,0,0.999999999999967,0.264918497454814,2.55028164707444,0,300,1757.79953452552,-14.399873052414,174.113332130275
57.7995345255183,-9.59991536827599,55.682748951479,55.6827489514789,0,0,0.999999999999866,0.339564165881008,3.22148470382354,0,324,1757.79953452552,-9.59991536827599,174.113332130275
57.7995345255183,-4.79995768413795,149.394072282428,149.394072282428,0.0310196122922553,0,0.968982941112885,0.341720506035806,5.36114762283239,0,372,1757.79953452552,-4.79995768413795,174.113332130275
57.7995345255183,8.5265128291212e-14,929.271845730589,929.271845730588,0.115080854399697,0,0.884919155711251,0.195296877785433,15.172115529469,0,564,1757.79953452552,8.5265128291212e-14,174.113332130275
57.7995345255183,4.79995768413812,149.39407228242,149.39407228242,0.0310196122922487,0,0.968982941112883,0.341720506035804,5.36114762283221,0,372,1757.79953452552,4.79995768413812,174.113332130275
57.7995345255183,9.59991536827616,55.6827489514775,55.6827489514775,0,0,0.999999999999856,0.339564165881003,3.22148470382349,0,324,1757.79953452552,9.59991536827616,174.113332130275
57.7995345255183,14.3998730524142,32.2687781984391,32.268778198439,0,0,0.999999999999959,0.264918497454809,2.55028164707442,0,300,1757.79953452552,14.3998730524142,174.113332130275
57.7995345255183,19.1998307365522,23.7833919686258,23.7833919686257,0,0,1.00000000000001,0,2.46790498534475,0,300,1757.79953452552,19.1998307365522,174.113332130275
57.7995345255183,23.9997884206903,18.9952239906872,18.9952239906872,0,0,1.00000000000004,0,2.2404159737719,0,252,1757.79953452552,23.9997884206903,174.113332130275
57.7995345255183,28.7997461048283,16.3973647105134,16.3973647105134,0,0,1,0,2.10942694647696,0,252,1757.79953452552,28.7997461048283,174.113332130275
57.7995345255183,33.5997037889663,14.9138792895969,14.9138792895968,0,0,1,0,2.03412860778943,0,252,1757.79953452552,33.5997037889663,174.113332130275
57.7995345255183,38.3996614731044,14.0662787177046,14.0662787177045,0,0,1,0,1.99378179772224,0,252,1757.79953452552,38.3996614731044,174.113332130275
57.7995345255183,43.1996191572424,13.6157207140086,13.6157207140086,0,0,1.00000000000003,0,1.97684574059908,0,204,1757.79953452552,43.1996191572424,174.113332130275
57.7995345255183,47.9995768413804,13.4322257429603,13.4322257429603,0,0,1.00000000000001,0,1.97642034562391,0,204,1757.79953452552,47.9995768413804,174.113332130275
57.7995345255183,52.7995345255185,13.440230635922,13.4402306359219,0,0,1,0,1.98814484174911,0,204,1757.79953452552,52.7995345255185,174.113332130275
57.7995345255183,57.5994922096565,13.5934314691236,13.5934314691236,0,0,1,0,2.0091334748193,0,204,1757.79953452552,57.5994922096565,174.113332130275
57.7995345255183,62.3994498937946,13.8621445975896,13.8621445975896,0,0,1,0,2.03739558271889,0,204,1757.79953452552,62.3994498937946,174.113332130275
57.7995345255183,67.1994075779326,14.2266169054373,14.2266169054373,0,0,1.00000000000018,0,2.07150872203238,0,180,1757.79953452552,67.1994075779326,174.113332130275
57.7995345255183,71.9993652620706,14.6732808241049,14.6732808241048,0,0,1.00000000000006,0,2.11042503528011,0,180,1757.79953452552,71.9993652620706,174.113332130275
57.7995345255183,76.7993229462087,15.1926572984714,15.1926572984714,0,0,1.00000000000002,0,2.15336115210952,0,180,1757.79953452552,76.7993229462087,174.113332130275
62.5994922096564,-76.7993229462085,14.5277010714029,14.5277010714029,0,0,1.00000000000005,0,2.11745743780878,0,180,1762.59949220966,-76.7993229462085,174.113332130275
62.5994922096564,-71.9993652620705,13.9737689807291,13.9737689807291,0,0,1.00000000000012,0,2.07256035564012,0,180,1762.59949220966,-71.9993652620705,174.113332130275
62.5994922096564,-67.1994075779324,13.4851699731373,13.4851699731373,0,0,1.00000000000001,0,2.03135362983001,0,204,1762.59949220966,-67.1994075779324,174.113332130275
62.5994922096564,-62.3994498937944,13.0692359608256,13.0692359608256,0,0,1.00000000000001,0,1.99453615283373,0,204,1762.59949220966,-62.3994498937944,174.113332130275
62.5994922096564,-57.5994922096563,12.736363403534,12.736363403534,0,0,1.00000000000001,0,1.96302657630592,0,204,1762.59949220966,-57.5994922096563,174.113332130275
62.5994922096564,-52.7995345255183,12.5017162291363,12.5017162291362,0,0,1.00000000000001,0,1.93806718785106,0,204,1762.59949220966,-52.7995345255183,174.113332130275
62.5994922096564,-47.9995768413803,12.3881410544634,12.3881410544634,0,0,1.00000000000002,0,1.92139366632192,0,204,1762.59949220966,-47.9995768413803,174.113332130275
62.5994922096564,-43.1996191572422,12.4316131743132,12.4316131743131,0,0,1.00000000000001,0,1.91555012751067,0,228,1762.59949220966,-43.1996191572422,174.113332130275
62.5994922096564,-38.3996614731042,12.691722425797,12.6917224257969,0,0,1.00000000000001,0,1.92447749904953,0,228,1762.59949220966,-38.3996614731042,174.113332130275
62.5994922096564,-33.5997037889662,13.2686327273717,13.2686327273717,0,0,1.00000000000001,0,1.95411095212126,0,252,1762.59949220966,-33.5997037889662,174.113332130275
62.5994922096564,-28.7997461048281,14.3498750022791,14.3498750022791,0,0,1.00000000000002,0,2.01470211158149,0,252,1762.59949220966,-28.7997461048281,174.113332130275
62.5994922096564,-23.9997884206901,16.3143740412877,16.3143740412877,0,0,1.00000000000013,0,2.12488620946451,0,252,1762.59949220966,-23.9997884206901,174.113332130275
62.5994922096564,-19.1998307365521,20.0232484142009,20.0232484142009,0,0,1,0,2.32177002339348,0,324,1762.59949220966,-19.1998307365521,174.113332130275
62.5994922096564,-14.399873052414,26.1597181140586,26.1597181140585,0,0,0.999999999999968,0.283229857136532,2.30962969120877,0,300,1762.59949220966,-14.399873052414,174.113332130275
62.5994922096564,-9.59991536827599,44.6241721011897,44.6241721011897,0,0,0.999999999999845,0.364121047204315,2.87411910201471,0,324,1762.59949220966,-9.59991536827599,174.113332130275
62.5994922096564,-4.79995768413795,123.854629582299,123.854629582299,0.0342035779929598,0,0.96579924561201,0.365121769419919,4.84288760598691,0,372,1762.59949220966,-4.79995768413795,174.113332130275
62.5994922096564,8.5265128291212e-14,883.557197957175,883.557197957175,0.124488466685723,0,0.875511554628567,0.214368735778067,14.3319072183066,0,564,1762.59949220966,8.5265128291212e-14,174.113332130275
62.5994922096564,4.79995768413812,123.854629582291,123.854629582291,0.0342035779929549,0,0.965799245612005,0.365121769419918,4.84288760598673,0,372,1762.59949220966,4.79995768413812,174.113332130275
62.5994922096564,9.59991536827616,44.6241721011886,44.6241721011886,0,0,0.999999999999837,0.36412104720431,2.87411910201466,0,324,1762.59949220966,9.59991536827616,174.113332130275
62.5994922096564,14.3998730524142,26.1597181140584,26.1597181140583,0,0,0.999999999999963,0.283229857136528,2.30962969120875,0,300,1762.59949220966,14.3998730524142,174.113332130275
62.5994922096564,19.1998307365522,20.023248414201,20.0232484142009,0,0,0.999999999999995,0,2.32177002339346,0,324,1762.59949220966,19.1998307365522,174.113332130275
62.5994922096564,23.9997884206903,16.3143740412877,16.3143740412877,0,0,1.00000000000012,0,2.12488620946449,0,252,1762.59949220966,23.9997884206903,174.113332130275
62.5994922096564,28.7997461048283,14.3498750022791,14.3498750022791,0,0,1.00000000000001,0,2.01470211158147,0,252,1762.59949220966,28.7997461048283,174.113332130275
62.5994922096564,33.5997037889663,13.2686327273719,13.2686327273718,0,0,1,0,1.95411095212126,0,252,1762.59949220966,33.5997037889663,174.113332130275
62.5994922096564,38.3996614731044,12.691722425797,12.691722425797,0,0,0.999999999999996,0,1.92447749904952,0,228,1762.59949220966,38.3996614731044,174.113332130275
62.5994922096564,43.1996191572424,12.4316131743132,12.4316131743132,0,0,1,0,1.91555012751066,0,228,1762.59949220966,43.1996191572424,174.113332130275
62.5994922096564,47.9995768413804,12.3881410544634,12.3881410544634,0,0,1.00000000000001,0,1.92139366632191,0,204,1762.59949220966,47.9995768413804,174.113332130275
62.5994922096564,52.7995345255185,12.5017162291363,12.5017162291363,0,0,1,0,1.93806718785105,0,204,1762.59949220966,52.7995345255185,174.113332130275
62.5994922096564,57.5994922096565,12.736363403534,12.736363403534,0,0,1,0,1.96302657630591,0,204,1762.59949220966,57.5994922096565,174.113332130275
62.5994922096564,62.3994498937946,13.0692359608255,13.0692359608255,0,0,1,0,1.99453615283372,0,204,1762.59949220966,62.3994498937946,174.113332130275
62.5994922096564,67.1994075779326,13.4851699731373,13.4851699731372,0,0,1,0,2.03135362983,0,204,1762.59949220966,67.1994075779326,174.113332130275
62.5994922096564,71.9993652620706,13.9737689807291,13.9737689807291,0,0,1.00000000000011,0,2.07256035564011,0,180,1762.59949220966,71.9993652620706,174.113332130275
62.5994922096564,76.7993229462087,14.5277010714028,14.5277010714028,0,0,1.00000000000004,0,2.11745743780876,0,180,1762.59949220966,76.7993229462087,174.113332130275
67.3994498937944,-76.7993229462085,14.1228247584063,14.1228247584063,0,0,1.00000000000007,0,2.09790088095027,0,180,1767.39944989379,-76.7993229462085,174.113332130275
67.3994498937944,-71.9993652620705,13.5486432310309,13.5486432310309,0,0,1.00000000000019,0,2.05205789932942,0,180,1767.39944989379,-71.9993652620705,174.113332130275
67.3994498937944,-67.1994075779324,13.0359060211331,13.0359060211331,0,0,1.00000000000001,0,2.00976343773737,0,204,1767.39944989379,-67.1994075779324,174.113332130275
67.3994498937944,-62.3994498937944,12.5904026058918,12.5904026058917,0,0,1.00000000000001,0,1.97163677616194,0,204,1767.39944989379,-62.3994498937944,174.113332130275
67.3994498937944,-57.5994922096563,12.2210613865275,12.2210613865275,0,0,1.00000000000001,0,1.93855195187127,0,204,1767.39944989379,-57.5994922096563,174.113332130275
67.3994498937944,-52.7995345255183,11.9406217945945,11.9406217945945,0,0,1.00000000000002,0,1.91166114731989,0,204,1767.39944989379,-52.7995345255183,174.113332130275
67.3994498937944,-47.9995768413803,11.7679105063803,11.7679105063803,0,0,1.00000000000003,0,1.89252589905043,0,204,1767.39944989379,-47.9995768413803,174.113332130275
67.3994498937944,-43.1996191572422,11.7334103335025,11.7334103335025,0,0,1.00000000000001,0,1.88350451086006,0,228,1767.39944989379,-43.1996191572422,174.113332130275
67.3994498937944,-38.3996614731042,11.885934116364,11.885934116364,0,0,1.00000000000001,0,1.88803025794187,0,228,1767.39944989379,-38.3996614731042,174.113332130275
67.3994498937944,-33.5997037889662,12.3114299973221,12.311429997322,0,0,1,0,1.91168932127555,0,228,1767.39944989379,-33.5997037889662,174.113332130275
67.3994498937944,-28.7997461048281,13.1704959133103,13.1704959133103,0,0,1.00000000000002,0,1.96401602473608,0,252,1767.39944989379,-28.7997461048281,174.113332130275
67.3994498937944,-23.9997884206901,14.7880688365131,14.7880688365131,0,0,1.00000000000028,0,2.06216450358137,0,252,1767.39944989379,-23.9997884206901,174.113332130275
67.3994498937944,-19.1998307365521,17.9166567688351,17.9166567688351,0,0,1.00000000000001,0,2.24115772938714,0,324,1767.39944989379,-19.1998307365521,174.113332130275
67.3994498937944,-14.399873052414,22.6594243185456,22.6594243185456,0,0,0.999999999999976,0.300953395926977,2.15223257821188,0,276,1767.39944989379,-14.399873052414,174.113332130275
67.3994498937944,-9.59991536827599,38.5837935038665,38.5837935038665,0,0,0.999999999999837,0.388112591043138,2.64481303512589,0,324,1767.39944989379,-9.59991536827599,174.113332130275
67.3994498937944,-4.79995768413795,112.776252252467,112.776252252467,0.0374766261320615,0,0.962526476576382,0.387801896302182,4.53171555350337,0,348,1767.39944989379,-4.79995768413795,174.113332130275
67.3994498937944,8.5265128291212e-14,926.403771726406,926.403771726405,0.133859977398051,0,0.866140055474065,0.233558267127754,14.0240793392565,0,468,1767.39944989379,8.5265128291212e-14,174.113332130275
67.3994498937944,4.79995768413812,112.776252252461,112.776252252461,0.0374766261320542,0,0.962526476576382,0.387801896302181,4.53171555350321,0,348,1767.39944989379,4.79995768413812,174.113332130275
67.3994498937944,9.59991536827616,38.5837935038656,38.5837935038655,0,0,0.999999999999829,0.388112591043133,2.64481303512585,0,324,1767.39944989379,9.59991536827616,174.113332130275
67.3994498937944,14.3998730524142,22.6594243185455,22.6594243185455,0,0,0.99999999999997,0.300953395926971,2.15223257821187,0,276,1767.39944989379,14.3998730524142,174.113332130275
67.3994498937944,19.1998307365522,17.916656768835,17.916656768835,0,0,1,0,2.24115772938713,0,324,1767.39944989379,19.1998307365522,174.113332130275
67.3994498937944,23.9997884206903,14.7880688365131,14.7880688365131,0,0,1.00000000000027,0,2.06216450358136,0,252,1767.39944989379,23.9997884206903,174.113332130275
67.3994498937944,28.7997461048283,13.1704959133104,13.1704959133103,0,0,1.00000000000002,0,1.96401602473608,0,252,1767.39944989379,28.7997461048283,174.113332130275
67.3994498937944,33.5997037889663,12.3114299973221,12.3114299973221,0,0,0.999999999999997,0,1.91168932127555,0,228,1767.39944989379,33.5997037889663,174.113332130275
67.3994498937944,38.3996614731044,11.8859341163641,11.8859341163641,0,0,0.999999999999999,0,1.88803025794187,0,228,1767.39944989379,38.3996614731044,174.113332130275
67.3994498937944,43.1996191572424,11.7334103335026,11.7334103335026,0,0,1,0,1.88350451086005,0,228,1767.39944989379,43.1996191572424,174.113332130275
67.3994498937944,47.9995768413804,11.7679105063804,11.7679105063803,0,0,1.00000000000002,0,1.89252589905043,0,204,1767.39944989379,47.9995768413804,174.113332130275
67.3994498937944,52.7995345255185,11.9406217945945,11.9406217945945,0,0,1,0,1.91166114731988,0,204,1767.39944989379,52.7995345255185,174.113332130275
67.3994498937944,57.5994922096565,12.2210613865275,12.2210613865275,0,0,1,0,1.93855195187126,0,204,1767.39944989379,57.5994922096565,174.113332130275
67.3994498937944,62.3994498937946,12.5904026058918,12.5904026058918,0,0,1,0,1.97163677616193,0,204,1767.39944989379,62.3994498937946,174.113332130275
67.3994498937944,67.1994075779326,13.0359060211331,13.035906021133,0,0,1,0,2.00976343773735,0,204,1767.39944989379,67.1994075779326,174.113332130275
67.3994498937944,71.9993652620706,13.5486432310308,13.5486432310308,0,0,1.00000000000018,0,2.0520578993294,0,180,1767.39944989379,71.9993652620706,174.113332130275
67.3994498937944,76.7993229462087,14.1228247584063,14.1228247584063,0,0,1.00000000000006,0,2.09790088095026,0,180,1767.39944989379,76.7993229462087,174.113332130275
72.1994075779324,-76.7993229462085,13.9852207619886,13.9852207619886,0,0,1.00000000000011,0,2.09548939126176,0,180,1772.19940757793,-76.7993229462085,174.113332130275
72.1994075779324,-71.9993652620705,13.4047188432241,13.4047188432241,0,0,1.00000000000001,0,2.0497552362351,0,204,1772.19940757793,-71.9993652620705,174.113332130275
72.1994075779324,-67.1994075779324,12.8842329611015,12.8842329611015,0,0,1.00000000000001,0,2.00753260738397,0,204,1772.19940757793,-67.1994075779324,174.113332130275
72.1994075779324,-62.3994498937944,12.4311840618363,12.4311840618363,0,0,1.00000000000001,0,1.96961082271835,0,204,1772.19940757793,-62.3994498937944,174.113332130275
72.1994075779324,-57.5994922096563,12.0527542820523,12.0527542820523,0,0,1.00000000000001,0,1.93672654310809,0,204,1772.19940757793,-57.5994922096563,174.113332130275
72.1994075779324,-52.7995345255183,11.7603304023449,11.7603304023449,0,0,1.00000000000002,0,1.90992545709093,0,204,1772.19940757793,-52.7995345255183,174.113332130275
72.1994075779324,-47.9995768413803,11.572120543748,11.572120543748,0,0,1.00000000000004,0,1.89074129735524,0,204,1772.19940757793,-47.9995768413803,174.113332130275
72.1994075779324,-43.1996191572422,11.5192545439177,11.5192545439177,0,0,1.00000000000001,0,1.88165446754344,0,228,1772.19940757793,-43.1996191572422,174.113332130275
72.1994075779324,-38.3996614731042,11.6466137887985,11.6466137887985,0,0,1.00000000000001,0,1.88576509656366,0,228,1772.19940757793,-38.3996614731042,174.113332130275
72.1994075779324,-33.5997037889662,12.0391854953879,12.0391854953879,0,0,1.00000000000001,0,1.90867353414413,0,228,1772.19940757793,-33.5997037889662,174.113332130275
72.1994075779324,-28.7997461048281,12.8526028411105,12.8526028411104,0,0,1.00000000000003,0,1.95951793489521,0,228,1772.19940757793,-28.7997461048281,174.113332130275
72.1994075779324,-23.9997884206901,14.4089803445461,14.4089803445461,0,0,1.00000000000051,0,2.05528965391269,0,252,1772.19940757793,-23.9997884206901,174.113332130275
72.1994075779324,-19.1998307365521,17.4588334967803,17.4588334967803,0,0,1.00000000000001,0,2.23040971015816,0,324,1772.19940757793,-19.1998307365521,174.113332130275
72.1994075779324,-14.399873052414,21.7838521583315,21.7838521583315,0,0,0.999999999999994,0.318090179972998,2.08495298507653,0,276,1772.19940757793,-14.399873052414,174.113332130275
72.1994075779324,-9.59991536827599,37.6988467741237,37.6988467741236,0,0,0.999999999999836,0.411548567311484,2.54524431102958,0,324,1772.19940757793,-9.59991536827599,174.113332130275
72.1994075779324,-4.79995768413795,117.3535941382,117.3535941382,0.0408344596381438,0,0.9591689308038,0.409788366726115,4.4532118972422,0,348,1772.19940757793,-4.79995768413795,174.113332130275
72.1994075779324,8.5265128291212e-14,1059.7919007339,1059.7919007339,0.143192462224296,0,0.856807588294668,0.252845487828987,14.2919410910717,0,468,1772.19940757793,8.5265128291212e-14,174.113332130275
72.1994075779324,4.79995768413812,117.353594138193,117.353594138193,0.0408344596381389,0,0.9591689308038,0.409788366726116,4.45321189724206,0,348,1772.19940757793,4.79995768413812,174.113332130275
72.1994075779324,9.59991536827616,37.6988467741228,37.6988467741228,0,0,0.99999999999983,0.411548567311479,2.54524431102955,0,324,1772.19940757793,9.59991536827616,174.113332130275
72.1994075779324,14.3998730524142,21.7838521583314,21.7838521583313,0,0,0.999999999999984,0.318090179972987,2.08495298507652,0,276,1772.19940757793,14.3998730524142,174.113332130275
72.1994075779324,19.1998307365522,17.4588334967803,17.4588334967802,0,0,1.00000000000001,0,2.23040971015815,0,324,1772.19940757793,19.1998307365522,174.113332130275
72.1994075779324,23.9997884206903,14.4089803445461,14.4089803445461,0,0,1.0000000000005,0,2.05528965391269,0,252,1772.19940757793,23.9997884206903,174.113332130275
72.1994075779324,28.7997461048283,12.8526028411106,12.8526028411106,0,0,1.00000000000002,0,1.95951793489521,0,228,1772.19940757793,28.7997461048283,174.113332130275
72.1994075779324,33.5997037889663,12.039185495388,12.039185495388,0,0,1,0,1.90867353414413,0,228,1772.19940757793,33.5997037889663,174.113332130275
72.1994075779324,38.3996614731044,11.6466137887986,11.6466137887986,0,0,1,0,1.88576509656365,0,228,1772.19940757793,38.3996614731044,174.113332130275
72.1994075779324,43.1996191572424,11.5192545439177,11.5192545439177,0,0,1,0,1.88165446754343,0,228,1772.19940757793,43.1996191572424,174.113332130275
72.1994075779324,47.9995768413804,11.5721205437481,11.5721205437481,0,0,1.00000000000003,0,1.89074129735523,0,204,1772.19940757793,47.9995768413804,174.113332130275
72.1994075779324,52.7995345255185,11.7603304023449,11.7603304023449,0,0,1.00000000000001,0,1.90992545709092,0,204,1772.19940757793,52.7995345255185,174.113332130275
72.1994075779324,57.5994922096565,12.0527542820523,12.0527542820523,0,0,1,0,1.93672654310808,0,204,1772.19940757793,57.5994922096565,174.113332130275
72.1994075779324,62.3994498937946,12.4311840618363,12.4311840618363,0,0,1,0,1.96961082271833,0,204,1772.19940757793,62.3994498937946,174.113332130275
72.1994075779324,67.1994075779326,12.8842329611015,12.8842329611015,0,0,1,0,2.00753260738395,0,204,1772.19940757793,67.1994075779326,174.113332130275
72.1994075779324,71.9993652620706,13.404718843224,13.404718843224,0,0,1,0,2.04975523623508,0,204,1772.19940757793,71.9993652620706,174.113332130275
72.1994075779324,76.7993229462087,13.9852207619886,13.9852207619885,0,0,1.00000000000009,0,2.09548939126174,0,180,1772.19940757793,76.7993229462087,174.113332130275
76.9993652620705,-76.7993229462085,14.1245680012406,14.1245680012405,0,0,1.00000000000014,0,2.11088595630484,0,180,1776.99936526207,-76.7993229462085,174.113332130275
76.9993652620705,-71.9993652620705,13.5528587342646,13.5528587342645,0,0,1.00000000000001,0,2.06643906374982,0,204,1776.99936526207,-71.9993652620705,174.113332130275
76.9993652620705,-67.1994075779324,13.0431871852533,13.0431871852533,0,0,1.00000000000001,0,2.02567518994953,0,204,1776.99936526207,-67.1994075779324,174.113332130275
76.9993652620705,-62.3994498937944,12.6022947042042,12.6022947042042,0,0,1.00000000000001,0,1.98928740854811,0,204,1776.99936526207,-62.3994498937944,174.113332130275
76.9993652620705,-57.5994922096563,12.2411403752631,12.2411403752631,0,0,1.00000000000001,0,1.95831257531663,0,204,1776.99936526207,-57.5994922096563,174.113332130275
76.9993652620705,-52.7995345255183,11.9710076324576,11.9710076324576,0,0,1.00000000000002,0,1.93371584406897,0,204,1776.99936526207,-52.7995345255183,174.113332130275
76.9993652620705,-47.9995768413803,11.8122662899635,11.8122662899635,0,0,1.00000000000006,0,1.91710012406121,0,204,1776.99936526207,-47.9995768413803,174.113332130275
76.9993652620705,-43.1996191572422,11.8007132345118,11.8007132345118,0,0,1.00000000000001,0,1.9111500600632,0,228,1776.99936526207,-43.1996191572422,174.113332130275
76.9993652620705,-38.3996614731042,11.9859254495367,11.9859254495367,0,0,1.00000000000001,0,1.91899471414877,0,228,1776.99936526207,-38.3996614731042,174.113332130275
76.9993652620705,-33.5997037889662,12.4648242155777,12.4648242155777,0,0,1.00000000000001,0,1.94657287731965,0,228,1776.99936526207,-33.5997037889662,174.113332130275
76.9993652620705,-28.7997461048281,13.4131132796012,13.4131132796012,0,0,1.00000000000005,0,2.00329412607489,0,228,1776.99936526207,-28.7997461048281,174.113332130275
76.9993652620705,-23.9997884206901,15.1998026553518,15.1998026553518,0,0,1.00000000000077,0,2.10698086899359,0,228,1776.99936526207,-23.9997884206901,174.113332130275
76.9993652620705,-19.1998307365521,18.6899908748082,18.6899908748082,0,0,1.00000000000001,0,2.29364265021227,0,300,1776.99936526207,-19.1998307365521,174.113332130275
76.9993652620705,-14.399873052414,23.621752912251,23.621752912251,0,0,0.999999999999983,0.334640964517496,2.11452058784476,0,300,1776.99936526207,-14.399873052414,174.113332130275
76.9993652620705,-9.59991536827599,42.2461367206881,42.246136720688,0,0,0.99999999999984,0.434438410647583,2.58723483287814,0,324,1776.99936526207,-9.59991536827599,174.113332130275
76.9993652620705,-4.79995768413795,139.19108703715,139.19108703715,0.0442730995023343,0,0.955730587053058,0.431107162691748,4.63396768523851,0,348,1776.99936526207,-4.79995768413795,174.113332130275
76.9993652620705,8.5265128291212e-14,1285.71276711988,1285.71276711988,0.152482959996229,0,0.847517124909306,0.272213948209912,15.1771530738544,0,468,1776.99936526207,8.5265128291212e-14,174.113332130275
76.9993652620705,4.79995768413812,139.191087037142,139.191087037142,0.0442730995023288,0,0.955730587053058,0.431107162691746,4.63396768523836,0,348,1776.99936526207,4.79995768413812,174.113332130275
76.9993652620705,9.59991536827616,42.246136720687,42.246136720687,0,0,0.999999999999832,0.434438410647577,2.58723483287811,0,324,1776.99936526207,9.59991536827616,174.113332130275
76.9993652620705,14.3998730524142,23.6217529122508,23.6217529122508,0,0,0.999999999999974,0.334640964517486,2.11452058784476,0,300,1776.99936526207,14.3998730524142,174.113332130275
76.9993652620705,19.1998307365522,18.6899908748082,18.6899908748082,0,0,1.00000000000001,0,2.29364265021227,0,300,1776.99936526207,19.1998307365522,174.113332130275
76.9993652620705,23.9997884206903,15.1998026553518,15.1998026553518,0,0,1.00000000000076,0,2.10698086899358,0,228,1776.99936526207,23.9997884206903,174.113332130275
76.9993652620705,28.7997461048283,13.4131132796012,13.4131132796012,0,0,1.00000000000004,0,2.00329412607488,0,228,1776.99936526207,28.7997461048283,174.113332130275
76.9993652620705,33.5997037889663,12.4648242155778,12.4648242155778,0,0,1,0,1.94657287731965,0,228,1776.99936526207,33.5997037889663,174.113332130275
76.9993652620705,38.3996614731044,11.9859254495367,11.9859254495367,0,0,1,0,1.91899471414876,0,228,1776.99936526207,38.3996614731044,174.113332130275
76.9993652620705,43.1996191572424,11.8007132345119,11.8007132345119,0,0,1,0,1.9111500600632,0,228,1776.99936526207,43.1996191572424,174.113332130275
76.9993652620705,47.9995768413804,11.8122662899636,11.8122662899635,0,0,1.00000000000005,0,1.9171001240612,0,204,1776.99936526207,47.9995768413804,174.113332130275
76.9993652620705,52.7995345255185,11.9710076324576,11.9710076324576,0,0,1.00000000000001,0,1.93371584406896,0,204,1776.99936526207,52.7995345255185,174.113332130275
76.9993652620705,57.5994922096565,12.2411403752631,12.2411403752631,0,0,1,0,1.95831257531662,0,204,1776.99936526207,57.5994922096565,174.113332130275
76.9993652620705,62.3994498937946,12.6022947042042,12.6022947042041,0,0,1,0,1.98928740854809,0,204,1776.99936526207,62.3994498937946,174.113332130275
76.9993652620705,67.1994075779326,13.0431871852533,13.0431871852533,0,0,1,0,2.02567518994951,0,204,1776.99936526207,67.1994075779326,174.113332130275
76.9993652620705,71.9993652620706,13.5528587342645,13.5528587342644,0,0,1,0,2.0664390637498,0,204,1776.99936526207,71.9993652620706,174.113332130275
76.9993652620705,76.7993229462087,14.1245680012405,14.1245680012405,0,0,1.00000000000013,0,2.11088595630482,0,180,1776.99936526207,76.7993229462087,174.113332130275
81.7993229462085,-76.7993229462085,14.5578534678735,14.5578534678735,0,0,1.00000000000001,0,2.14501298599784,0,204,1781.79932294621,-76.7993229462085,174.113332130275
81.7993229462085,-71.9993652620705,14.0079822122288,14.0079822122287,0,0,1.00000000000001,0,2.10283088831654,0,204,1781.79932294621,-71.9993652620705,174.113332130275
81.7993229462085,-67.1994075779324,13.527150594866,13.527150594866,0,0,1.00000000000001,0,2.06481893541153,0,204,1781.79932294621,-67.1994075779324,174.113332130275
81.7993229462085,-62.3994498937944,13.1223072167086,13.1223072167086,0,0,1.00000000000001,0,2.03163057388457,0,204,1781.79932294621,-62.3994498937944,174.113332130275
81.7993229462085,-57.5994922096563,12.8043607744082,12.8043607744081,0,0,1.00000000000001,0,2.00418120863972,0,204,1781.79932294621,-57.5994922096563,174.113332130275
81.7993229462085,-52.7995345255183,12.5918827490146,12.5918827490146,0,0,1.00000000000002,0,1.98392193434864,0,204,1781.79932294621,-52.7995345255183,174.113332130275
81.7993229462085,-47.9995768413803,12.5100341999874,12.5100341999873,0,0,1.00000000000001,0,1.97260995162286,0,204,1781.79932294621,-47.9995768413803,174.113332130275
81.7993229462085,-43.1996191572422,12.6001779962398,12.6001779962398,0,0,1.00000000000001,0,1.97291566405026,0,228,1781.79932294621,-43.1996191572422,174.113332130275
81.7993229462085,-38.3996614731042,12.930607573001,12.930607573001,0,0,1.00000000000001,0,1.98885149383471,0,228,1781.79932294621,-38.3996614731042,174.113332130275
81.7993229462085,-33.5997037889662,13.6198172015337,13.6198172015337,0,0,1.00000000000001,0,2.02666054831879,0,228,1781.79932294621,-33.5997037889662,174.113332130275
81.7993229462085,-28.7997461048281,14.8927074049636,14.8927074049636,0,0,1.00000000000006,0,2.09700815737596,0,228,1781.79932294621,-28.7997461048281,174.113332130275
81.7993229462085,-23.9997884206901,17.2178492978235,17.2178492978235,0,0,1.00000000000097,0,2.21961626970705,0,228,1781.79932294621,-23.9997884206901,174.113332130275
81.7993229462085,-19.1998307365521,21.7009581245031,21.7009581245031,0,0,1.00000000000002,0,2.43450807964681,0,300,1781.79932294621,-19.1998307365521,174.113332130275
81.7993229462085,-14.399873052414,28.3446095470647,28.3446095470647,0,0,0.999999999999985,0.350606184218784,2.24720597181455,0,300,1781.79932294621,-14.399873052414,174.113332130275
81.7993229462085,-9.59991536827599,52.6630374687448,52.6630374687447,0,0,0.999999999999855,0.457015524843448,2.78230602997608,0,324,1781.79932294621,-9.59991536827599,174.113332130275
81.7993229462085,-4.79995768413795,175.305578350415,175.305578350415,0.0477888412379388,0,0.952215149578894,0.549377687494528,4.71646106578323,0,276,1781.79932294621,-4.79995768413795,174.113332130275
81.7993229462085,8.5265128291212e-14,1581.1204503625,1581.1204503625,0.161728469198023,0,0.838271646314445,0.475235763236718,15.5075701648551,0,468,1781.79932294621,8.5265128291212e-14,174.113332130275
81.7993229462085,4.79995768413812,175.305578350403,175.305578350403,0.0477888412379372,0,0.95221514957889,0.549377687494524,4.71646106578306,0,276,1781.79932294621,4.79995768413812,174.113332130275
81.7993229462085,9.59991536827616,52.6630374687433,52.6630374687433,0,0,0.99999999999985,0.457015524843443,2.78230602997605,0,324,1781.79932294621,9.59991536827616,174.113332130275
81.7993229462085,14.3998730524142,28.3446095470645,28.3446095470645,0,0,0.999999999999979,0.350606184218773,2.24720597181456,0,300,1781.79932294621,14.3998730524142,174.113332130275
81.7993229462085,19.1998307365522,21.700958124503,21.7009581245029,0,0,1.00000000000001,0,2.4345080796468,0,300,1781.79932294621,19.1998307365522,174.113332130275
81.7993229462085,23.9997884206903,17.2178492978235,17.2178492978235,0,0,1.00000000000097,0,2.21961626970704,0,228,1781.79932294621,23.9997884206903,174.113332130275
81.7993229462085,28.7997461048283,14.8927074049637,14.8927074049636,0,0,1.00000000000005,0,2.09700815737596,0,228,1781.79932294621,28.7997461048283,174.113332130275
81.7993229462085,33.5997037889663,13.6198172015337,13.6198172015337,0,0,1,0,2.02666054831879,0,228,1781.79932294621,33.5997037889663,174.113332130275
81.7993229462085,38.3996614731044,12.930607573001,12.930607573001,0,0,1,0,1.9888514938347,0,228,1781.79932294621,38.3996614731044,174.113332130275
81.7993229462085,43.1996191572424,12.6001779962398,12.6001779962398,0,0,1,0,1.97291566405025,0,228,1781.79932294621,43.1996191572424,174.113332130275
81.7993229462085,47.9995768413804,12.5100341999874,12.5100341999873,0,0,1,0,1.97260995162285,0,204,1781.79932294621,47.9995768413804,174.113332130275
81.7993229462085,52.7995345255185,12.5918827490146,12.5918827490146,0,0,1.00000000000001,0,1.98392193434863,0,204,1781.79932294621,52.7995345255185,174.113332130275
81.7993229462085,57.5994922096565,12.8043607744081,12.8043607744081,0,0,1,0,2.00418120863971,0,204,1781.79932294621,57.5994922096565,174.113332130275
81.7993229462085,62.3994498937946,13.1223072167085,13.1223072167085,0,0,1,0,2.03163057388456,0,204,1781.79932294621,62.3994498937946,174.113332130275
81.7993229462085,67.1994075779326,13.527150594866,13.527150594866,0,0,1,0,2.06481893541152,0,204,1781.79932294621,67.1994075779326,174.113332130275
81.7993229462085,71.9993652620706,14.0079822122287,14.0079822122287,0,0,1,0,2.10283088831653,0,204,1781.79932294621,71.9993652620706,174.113332130275
81.7993229462085,76.7993229462087,14.5578534678734,14.5578534678734,0,0,1,0,2.14501298599782,0,204,1781.79932294621,76.7993229462087,174.113332130275
86.5992806303465,-76.7993229462085,15.305262701212,15.305262701212,0,0,1.00000000000001,0,2.19867744347666,0,204,1786.59928063035,-76.7993229462085,174.113332130275
86.5992806303465,-71.9993652620705,14.7948109710116,14.7948109710116,0,0,1.00000000000001,0,2.16004676197131,0,204,1786.59928063035,-71.9993652620705,174.113332130275
86.5992806303465,-67.1994075779324,14.3603536942181,14.3603536942181,0,0,1.00000000000001,0,2.12595294115467,0,204,1786.59928063035,-67.1994075779324,174.113332130275
86.5992806303465,-62.3994498937944,14.0127387336704,14.0127387336704,0,0,1.00000000000001,0,2.09726380900894,0,204,1786.59928063035,-62.3994498937944,174.113332130275
86.5992806303465,-57.5994922096563,13.7691332928733,13.7691332928733,0,0,1.00000000000001,0,2.07526454460104,0,204,1786.59928063035,-57.5994922096563,174.113332130275
86.5992806303465,-52.7995345255183,13.6523966290014,13.6523966290014,0,0,1.00000000000002,0,2.0615079463413,0,204,1786.59928063035,-52.7995345255183,174.113332130275
86.5992806303465,-47.9995768413803,13.695503126198,13.695503126198,0,0,1.00000000000001,0,2.05799122076697,0,228,1786.59928063035,-47.9995768413803,174.113332130275
86.5992806303465,-43.1996191572422,13.9551608334667,13.9551608334667,0,0,1.00000000000001,0,2.06798750504549,0,228,1786.59928063035,-43.1996191572422,174.113332130275
86.5992806303465,-38.3996614731042,14.5224695978489,14.5224695978489,0,0,1.00000000000001,0,2.09619665710287,0,228,1786.59928063035,-38.3996614731042,174.113332130275
86.5992806303465,-33.5997037889662,15.5569230149199,15.5569230149199,0,0,1.00000000000001,0,2.15002948953276,0,228,1786.59928063035,-33.5997037889662,174.113332130275
86.5992806303465,-28.7997461048281,17.3600675673941,17.3600675673941,0,0,1.00000000000006,0,2.24200923353164,0,228,1786.59928063035,-28.7997461048281,174.113332130275
86.5992806303465,-23.9997884206901,20.5597031772351,20.5597031772351,0,0,1.00000000000095,0,2.39513060813263,0,228,1786.59928063035,-23.9997884206901,174.113332130275
86.5992806303465,-19.1998307365521,26.6389244516506,26.6389244516506,0,0,1.00000000000002,0,2.65584103296854,0,300,1786.59928063035,-19.1998307365521,174.113332130275
86.5992806303465,-14.399873052414,36.1881563709818,36.1881563709817,0,0,0.999999999999991,0.373647974476184,2.4801954756653,0,300,1786.59928063035,-14.399873052414,174.113332130275
86.5992806303465,-9.59991536827599,70.2930163070145,70.2930163070144,0,0,1.00000000000005,0.479193561377233,3.1875070168578,0,276,1786.59928063035,-9.59991536827599,174.113332130275
86.5992806303465,-4.79995768413795,246.305744155013,246.305744155013,0.0513782192059843,0,0.948626083785425,0.479182127099069,5.98606141581727,0,324,1786.59928063035,-4.79995768413795,174.113332130275
86.5992806303465,8.5265128291212e-14,2020.53125544536,2020.53125544536,0.170925944263909,0,0.829074231882773,0.403972792860581,18.6267791672878,0,420,1786.59928063035,8.5265128291212e-14,174.113332130275
86.5992806303465,4.79995768413812,246.305744154997,246.305744154997,0.0513782192059813,0,0.948626083785423,0.479182127099067,5.98606141581706,0,324,1786.59928063035,4.79995768413812,174.113332130275
86.5992806303465,9.59991536827616,70.2930163070125,70.2930163070125,0,0,1.00000000000005,0.47919356137723,3.18750701685776,0,276,1786.59928063035,9.59991536827616,174.113332130275
86.5992806303465,14.3998730524142,36.1881563709813,36.1881563709813,0,0,0.999999999999982,0.373647974476168,2.48019547566529,0,300,1786.59928063035,14.3998730524142,174.113332130275
86.5992806303465,19.1998307365522,26.6389244516504,26.6389244516503,0,0,1.00000000000002,0,2.65584103296853,0,300,1786.59928063035,19.1998307365522,174.113332130275
86.5992806303465,23.9997884206903,20.559703177235,20.559703177235,0,0,1.00000000000095,0,2.39513060813263,0,228,1786.59928063035,23.9997884206903,174.113332130275
86.5992806303465,28.7997461048283,17.3600675673941,17.3600675673941,0,0,1.00000000000005,0,2.24200923353163,0,228,1786.59928063035,28.7997461048283,174.113332130275
86.5992806303465,33.5997037889663,15.5569230149199,15.5569230149199,0,0,1,0,2.15002948953275,0,228,1786.59928063035,33.5997037889663,174.113332130275
86.5992806303465,38.3996614731044,14.5224695978489,14.5224695978489,0,0,1,0,2.09619665710286,0,228,1786.59928063035,38.3996614731044,174.113332130275
86.5992806303465,43.1996191572424,13.9551608334668,13.9551608334667,0,0,1,0,2.06798750504549,0,228,1786.59928063035,43.1996191572424,174.113332130275
86.5992806303465,47.9995768413804,13.695503126198,13.695503126198,0,0,1,0,2.05799122076696,0,228,1786.59928063035,47.9995768413804,174.113332130275
86.5992806303465,52.7995345255185,13.6523966290015,13.6523966290014,0,0,1.00000000000001,0,2.0615079463413,0,204,1786.59928063035,52.7995345255185,174.113332130275
86.5992806303465,57.5994922096565,13.7691332928733,13.7691332928733,0,0,1,0,2.07526454460103,0,204,1786.59928063035,57.5994922096565,174.113332130275
86.5992806303465,62.3994498937946,14.0127387336704,14.0127387336703,0,0,1,0,2.09726380900893,0,204,1786.59928063035,62.3994498937946,174.113332130275
86.5992806303465,67.1994075779326,14.3603536942181,14.3603536942181,0,0,1,0,2.12595294115466,0,204,1786.59928063035,67.1994075779326,174.113332130275
86.5992806303465,71.9993652620706,14.7948109710116,14.7948109710115,0,0,1,0,2.1600467619713,0,204,1786.59928063035,71.9993652620706,174.113332130275
86.5992806303465,76.7993229462087,15.305262701212,15.3052627012119,0,0,1,0,2.19867744347664,0,204,1786.59928063035,76.7993229462087,174.113332130275
91.3992383144845,-76.7993229462085,16.3927168571994,16.3927168571994,0,0,1.00000000000001,0,2.27276536374433,0,204,1791.39923831448,-76.7993229462085,174.113332130275
91.3992383144845,-71.9993652620705,15.9375646174617,15.9375646174616,0,0,1.00000000000001,0,2.23871026951403,0,204,1791.39923831448,-71.9993652620705,174.113332130275
91.3992383144845,-67.1994075779324,15.5710000182938,15.5710000182938,0,0,1.00000000000001,0,2.20987942264228,0,204,1791.39923831448,-67.1994075779324,174.113332130275
91.3992383144845,-62.3994498937944,15.3078818328652,15.3078818328652,0,0,1.00000000000001,0,2.18731641330572,0,204,1791.39923831448,-62.3994498937944,174.113332130275
91.3992383144845,-57.5994922096563,15.1706716919924,15.1706716919924,0,0,1.00000000000001,0,2.17250300662506,0,204,1791.39923831448,-57.5994922096563,174.113332130275
91.3992383144845,-52.7995345255183,15.1898232069636,15.1898232069636,0,0,1.00000000000002,0,2.16724914322331,0,204,1791.39923831448,-52.7995345255183,174.113332130275
91.3992383144845,-47.9995768413803,15.4131374160396,15.4131374160396,0,0,1.00000000000001,0,2.17420192383324,0,228,1791.39923831448,-47.9995768413803,174.113332130275
91.3992383144845,-43.1996191572422,15.9156932176699,15.9156932176699,0,0,1.00000000000001,0,2.19715845885027,0,228,1791.39923831448,-43.1996191572422,174.113332130275
91.3992383144845,-38.3996614731042,16.8224346929519,16.8224346929519,0,0,1.00000000000001,0,2.24190182709056,0,228,1791.39923831448,-38.3996614731042,174.113332130275
91.3992383144845,-33.5997037889662,18.3504440332159,18.3504440332159,0,0,1.00000000000001,0,2.31740869185528,0,228,1791.39923831448,-33.5997037889662,174.113332130275
91.3992383144845,-28.7997461048281,20.911945706924,20.9119457069239,0,0,1.00000000000004,0,2.43899841407676,0,228,1791.39923831448,-28.7997461048281,174.113332130275
91.3992383144845,-23.9997884206901,25.3603929588988,25.3603929588987,0,0,1.0000000000007,0,2.63433730613023,0,228,1791.39923831448,-23.9997884206901,174.113332130275
91.3992383144845,-19.1998307365521,33.7129639896424,33.7129639896423,0,0,1.00000000000003,6.19412356025323e-05,2.95915705458311,0,300,1791.39923831448,-19.1998307365521,174.113332130275
91.3992383144845,-14.399873052414,48.2272055961947,48.2272055961947,0,0,1.00000000000001,0.351377429037359,2.92075024641215,0,252,1791.39923831448,-14.399873052414,174.113332130275
91.3992383144845,-9.59991536827599,96.7934397486673,96.7934397486673,0,0,0.999999999999723,0.404922864857894,3.9811266381262,0,252,1791.39923831448,-9.59991536827599,174.113332130275
91.3992383144845,-4.79995768413795,339.364991062109,339.364991062109,0.0550379770568582,0,0.94496664588149,0.404021134782557,7.48835881329982,0,324,1791.39923831448,-4.79995768413795,174.113332130275
91.3992383144845,8.5265128291212e-14,2545.29908138276,2545.29908138276,0.180072291638957,0,0.819927872053148,0.328114807002615,22.1345872338223,0,420,1791.39923831448,8.5265128291212e-14,174.113332130275
91.3992383144845,4.79995768413812,339.364991062085,339.364991062085,0.0550379770568629,0,0.944966645881487,0.404021134782562,7.48835881329954,0,324,1791.39923831448,4.79995768413812,174.113332130275
91.3992383144845,9.59991536827616,96.7934397486641,96.793439748664,0,0,0.999999999999718,0.40492286485789,3.98112663812613,0,252,1791.39923831448,9.59991536827616,174.113332130275
91.3992383144845,14.3998730524142,48.2272055961937,48.2272055961937,0,0,1.00000000000001,0.351377429037354,2.92075024641212,0,252,1791.39923831448,14.3998730524142,174.113332130275
91.3992383144845,19.1998307365522,33.7129639896421,33.712963989642,0,0,1.00000000000002,6.19412356028015e-05,2.9591570545831,0,300,1791.39923831448,19.1998307365522,174.113332130275
91.3992383144845,23.9997884206903,25.3603929588986,25.3603929588986,0,0,1.00000000000069,0,2.63433730613023,0,228,1791.39923831448,23.9997884206903,174.113332130275
91.3992383144845,28.7997461048283,20.9119457069239,20.9119457069238,0,0,1.00000000000004,0,2.43899841407676,0,228,1791.39923831448,28.7997461048283,174.113332130275
91.3992383144845,33.5997037889663,18.3504440332159,18.3504440332159,0,0,1,0,2.31740869185527,0,228,1791.39923831448,33.5997037889663,174.113332130275
91.3992383144845,38.3996614731044,16.8224346929519,16.8224346929519,0,0,1,0,2.24190182709055,0,228,1791.39923831448,38.3996614731044,174.113332130275
91.3992383144845,43.1996191572424,15.91569321767,15.9156932176699,0,0,1,0,2.19715845885027,0,228,1791.39923831448,43.1996191572424,174.113332130275
91.3992383144845,47.9995768413804,15.4131374160397,15.4131374160396,0,0,1,0,2.17420192383324,0,228,1791.39923831448,47.9995768413804,174.113332130275
91.3992383144845,52.7995345255185,15.1898232069636,15.1898232069636,0,0,1.00000000000002,0,2.1672491432233,0,204,1791.39923831448,52.7995345255185,174.113332130275
91.3992383144845,57.5994922096565,15.1706716919924,15.1706716919924,0,0,1,0,2.17250300662506,0,204,1791.39923831448,57.5994922096565,174.113332130275
91.3992383144845,62.3994498937946,15.3078818328652,15.3078818328651,0,0,1,0,2.18731641330571,0,204,1791.39923831448,62.3994498937946,174.113332130275
91.3992383144845,67.1994075779326,15.5710000182938,15.5710000182938,0,0,1,0,2.20987942264227,0,204,1791.39923831448,67.1994075779326,174.113332130275
91.3992383144845,71.9993652620706,15.9375646174616,15.9375646174616,0,0,1,0,2.23871026951402,0,204,1791.39923831448,71.9993652620706,174.113332130275
91.3992383144845,76.7993229462087,16.3927168571994,16.3927168571994,0,0,1,0,2.27276536374432,0,204,1791.39923831448,76.7993229462087,174.113332130275
96.1991959986226,-76.7993229462085,17.8524138440971,17.852413844097,0,0,1.00000000000001,0,2.36826244084069,0,204,1796.19919599862,-76.7993229462085,174.113332130275
96.1991959986226,-71.9993652620705,17.4718049550814,17.4718049550814,0,0,1.00000000000001,0,2.33991605090405,0,204,1796.19919599862,-71.9993652620705,174.113332130275
96.1991959986226,-67.1994075779324,17.196682111574,17.196682111574,0,0,1.00000000000001,0,2.31764704828354,0,204,1796.19919599862,-67.1994075779324,174.113332130275
96.1991959986226,-62.3994498937944,17.0472738650882,17.0472738650882,0,0,1.00000000000001,0,2.30271833171616,0,204,1796.19919599862,-62.3994498937944,174.113332130275
96.1991959986226,-57.5994922096563,17.0524856507515,17.0524856507515,0,0,1.00000000000001,0,2.29680670944237,0,204,1796.19919599862,-57.5994922096563,174.113332130275
96.1991959986226,-52.7995345255183,17.2548075628802,17.2548075628802,0,0,1.00000000000002,0,2.30219649391415,0,204,1796.19919599862,-52.7995345255183,174.113332130275
96.1991959986226,-47.9995768413803,17.7193021905607,17.7193021905607,0,0,1.00000000000001,0,2.32213576696788,0,228,1796.19919599862,-47.9995768413803,174.113332130275
96.1991959986226,-43.1996191572422,18.5487080629311,18.5487080629311,0,0,1.00000000000001,0,2.36134523077833,0,228,1796.19919599862,-43.1996191572422,174.113332130275
96.1991959986226,-38.3996614731042,19.9103512509367,19.9103512509367,0,0,1.00000000000001,0,2.42672848525065,0,228,1796.19919599862,-38.3996614731042,174.113332130275
96.1991959986226,-33.5997037889662,22.1001396037406,22.1001396037406,0,0,1.00000000000001,0,2.52941198026868,0,228,1796.19919599862,-33.5997037889662,174.113332130275
96.1991959986226,-28.7997461048281,25.6772474365564,25.6772474365564,0,0,1.00000000000003,0,2.68820209879599,0,228,1796.19919599862,-28.7997461048281,174.113332130275
96.1991959986226,-23.9997884206901,31.7988346381256,31.7988346381256,0,0,1.00000000000038,0,2.93701347798323,0,228,1796.19919599862,-23.9997884206901,174.113332130275
96.1991959986226,-19.1998307365521,43.1963255623631,43.1963255623631,0,0,1.00000000000004,0.000566750542420982,3.34355502391559,0,276,1796.19919599862,-19.1998307365521,174.113332130275
96.1991959986226,-14.399873052414,64.884841708255,64.8848417082549,0,0,1.00000000000004,0.268811853325246,3.58106357766252,0,228,1796.19919599862,-14.399873052414,174.113332130275
96.1991959986226,-9.59991536827599,131.059222453262,131.059222453262,0,0,1.00000000000019,0.325755971344948,4.91120166392486,0,252,1796.19919599862,-9.59991536827599,174.113332130275
96.1991959986226,-4.79995768413795,459.532178273075,459.532178273075,0.0586727134531459,0,0.941331514558023,0.323907321004115,9.2490436275926,0,276,1796.19919599862,-4.79995768413795,174.113332130275
96.1991959986226,8.5265128291212e-14,3165.77223773932,3165.77223773932,0.167111851434046,0,0.832887952100912,0.247657574174059,26.0535146788283,0,324,1796.19919599862,8.5265128291212e-14,174.113332130275
96.1991959986226,4.79995768413812,459.532178273044,459.532178273044,0.0586727134531363,0,0.941331514558028,0.323907321004114,9.24904362759226,0,276,1796.19919599862,4.79995768413812,174.113332130275
96.1991959986226,9.59991536827616,131.059222453258,131.059222453258,0,0,1.00000000000018,0.325755971344946,4.91120166392478,0,252,1796.19919599862,9.59991536827616,174.113332130275
96.1991959986226,14.3998730524142,64.8848417082538,64.8848417082537,0,0,1.00000000000004,0.268811853325241,3.58106357766249,0,228,1796.19919599862,14.3998730524142,174.113332130275
96.1991959986226,19.1998307365522,43.1963255623625,43.1963255623625,0,0,1.00000000000003,0.000566750542421337,3.34355502391557,0,276,1796.19919599862,19.1998307365522,174.113332130275
96.1991959986226,23.9997884206903,31.7988346381254,31.7988346381254,0,0,1.00000000000037,0,2.93701347798322,0,228,1796.19919599862,23.9997884206903,174.113332130275
96.1991959986226,28.7997461048283,25.6772474365563,25.6772474365563,0,0,1.00000000000003,0,2.68820209879599,0,228,1796.19919599862,28.7997461048283,174.113332130275
96.1991959986226,33.5997037889663,22.1001396037405,22.1001396037405,0,0,1,0,2.52941198026867,0,228,1796.19919599862,33.5997037889663,174.113332130275
96.1991959986226,38.3996614731044,19.9103512509367,19.9103512509366,0,0,1,0,2.42672848525064,0,228,1796.19919599862,38.3996614731044,174.113332130275
96.1991959986226,43.1996191572424,18.5487080629311,18.5487080629311,0,0,1,0,2.36134523077833,0,228,1796.19919599862,43.1996191572424,174.113332130275
96.1991959986226,47.9995768413804,17.7193021905607,17.7193021905606,0,0,1,0,2.32213576696787,0,228,1796.19919599862,47.9995768413804,174.113332130275
96.1991959986226,52.7995345255185,17.2548075628802,17.2548075628801,0,0,1.00000000000001,0,2.30219649391415,0,204,1796.19919599862,52.7995345255185,174.113332130275
96.1991959986226,57.5994922096565,17.0524856507514,17.0524856507514,0,0,1,0,2.29680670944236,0,204,1796.19919599862,57.5994922096565,174.113332130275
96.1991959986226,62.3994498937946,17.0472738650882,17.0472738650881,0,0,1,0,2.30271833171615,0,204,1796.19919599862,62.3994498937946,174.113332130275
96.1991959986226,67.1994075779326,17.196682111574,17.1966821115739,0,0,1,0,2.31764704828353,0,204,1796.19919599862,67.1994075779326,174.113332130275
96.1991959986226,71.9993652620706,17.4718049550813,17.4718049550813,0,0,1,0,2.33991605090404,0,204,1796.19919599862,71.9993652620706,174.113332130275
96.1991959986226,76.7993229462087,17.852413844097,17.8524138440969,0,0,1,0,2.36826244084068,0,204,1796.19919599862,76.7993229462087,174.113332130275
100.999153682761,-76.7993229462085,19.7105534763192,19.7105534763192,0,0,1.00000000000001,0,2.48539665866669,0,156,1800.99915368276,-76.7993229462085,174.113332130275
100.999153682761,-71.9993652620705,19.4270225134452,19.4270225134451,0,0,1.00000000000001,0,2.46390839425455,0,156,1800.99915368276,-71.9993652620705,174.113332130275
100.999153682761,-67.1994075779324,19.270712778474,19.270712778474,0,0,1.00000000000001,0,2.44950718189996,0,156,1800.99915368276,-67.1994075779324,174.113332130275
100.999153682761,-62.3994498937944,19.2687331655365,19.2687331655365,0,0,1.00000000000001,0,2.44371228903696,0,156,1800.99915368276,-62.3994498937944,174.113332130275
100.999153682761,-57.5994922096563,19.4598260433737,19.4598260433737,0,0,1.00000000000001,0,2.44854939581664,0,156,1800.99915368276,-57.5994922096563,174.113332130275
100.999153682761,-52.7995345255183,19.9009424505579,19.9009424505579,0,0,1.00000000000002,0,2.46678783817877,0,156,1800.99915368276,-52.7995345255183,174.113332130275
100.999153682761,-47.9995768413803,20.6785967652318,20.6785967652318,0,0,1.00000000000005,0,2.50232366069159,0,156,1800.99915368276,-47.9995768413803,174.113332130275
100.999153682761,-43.1996191572422,21.9294239806373,21.9294239806373,0,0,1.00000000000001,0,2.56082306984371,0,180,1800.99915368276,-43.1996191572422,174.113332130275
100.999153682761,-38.3996614731042,23.8795596838876,23.8795596838876,0,0,1.00000000000002,0,2.65085555056275,0,180,1800.99915368276,-38.3996614731042,174.113332130275
100.999153682761,-33.5997037889662,26.9254442828044,26.9254442828044,0,0,1.00000000000003,0,2.7860073254503,0,180,1800.99915368276,-33.5997037889662,174.113332130275
100.999153682761,-28.7997461048281,31.8144566947017,31.8144566947017,0,0,1.00000000000005,0,2.98911640031172,0,180,1800.99915368276,-28.7997461048281,174.113332130275
100.999153682761,-23.9997884206901,40.095727917245,40.0957279172449,0,0,1.00000000000018,0,3.30157923020991,0,180,1800.99915368276,-23.9997884206901,174.113332130275
100.999153682761,-19.1998307365521,55.424344052548,55.424344052548,0,0,1.00000000000005,0,3.80649391188613,0,228,1800.99915368276,-19.1998307365521,174.113332130275
100.999153682761,-14.399873052414,86.0726262041784,86.0726262041784,0,0,1.00000000000002,0.181322115510417,4.34601070382199,0,228,1800.99915368276,-14.399873052414,174.113332130275
100.999153682761,-9.59991536827599,174.790421048455,174.790421048455,0,0,1,0.241697582062472,5.99210228456088,0,252,1800.99915368276,-9.59991536827599,174.113332130275
100.999153682761,-4.79995768413795,612.648495855814,612.648495855814,0.0194594607424086,0,0.980540540153347,0.238850173529891,11.295051325444,0,252,1800.99915368276,-4.79995768413795,174.113332130275
100.999153682761,8.5265128291212e-14,3892.89426224982,3892.89426224982,0.0767659383346003,0,0.923233811678396,0.162597421198495,30.4061175987982,0,324,1800.99915368276,8.5265128291212e-14,174.113332130275
100.999153682761,4.79995768413812,612.648495855773,612.648495855773,0.0194594607424068,0,0.980540540153349,0.238850173529894,11.2950513254436,0,252,1800.99915368276,4.79995768413812,174.113332130275
100.999153682761,9.59991536827616,174.790421048449,174.790421048449,0,0,1,0.241697582062472,5.99210228456078,0,252,1800.99915368276,9.59991536827616,174.113332130275
100.999153682761,14.3998730524142,86.0726262041768,86.0726262041767,0,0,1.00000000000002,0.181322115510414,4.34601070382195,0,228,1800.99915368276,14.3998730524142,174.113332130275
100.999153682761,19.1998307365522,55.4243440525471,55.4243440525471,0,0,1.00000000000004,0,3.8064939118861,0,228,1800.99915368276,19.1998307365522,174.113332130275
100.999153682761,23.9997884206903,40.0957279172445,40.0957279172445,0,0,1.00000000000018,0,3.30157923020989,0,180,1800.99915368276,23.9997884206903,174.113332130275
100.999153682761,28.7997461048283,31.8144566947014,31.8144566947014,0,0,1.00000000000005,0,2.9891164003117,0,180,1800.99915368276,28.7997461048283,174.113332130275
100.999153682761,33.5997037889663,26.9254442828042,26.9254442828042,0,0,1.00000000000002,0,2.78600732545028,0,180,1800.99915368276,33.5997037889663,174.113332130275
100.999153682761,38.3996614731044,23.8795596838874,23.8795596838874,0,0,1.00000000000001,0,2.65085555056274,0,180,1800.99915368276,38.3996614731044,174.113332130275
100.999153682761,43.1996191572424,21.9294239806371,21.9294239806371,0,0,1.00000000000001,0,2.56082306984369,0,180,1800.99915368276,43.1996191572424,174.113332130275
100.999153682761,47.9995768413804,20.6785967652317,20.6785967652317,0,0,1.00000000000005,0,2.50232366069158,0,156,1800.99915368276,47.9995768413804,174.113332130275
100.999153682761,52.7995345255185,19.9009424505577,19.9009424505577,0,0,1.00000000000001,0,2.46678783817875,0,156,1800.99915368276,52.7995345255185,174.113332130275
100.999153682761,57.5994922096565,19.4598260433734,19.4598260433734,0,0,1.00000000000001,0,2.44854939581661,0,156,1800.99915368276,57.5994922096565,174.113332130275
100.999153682761,62.3994498937946,19.2687331655363,19.2687331655363,0,0,1,0,2.44371228903694,0,156,1800.99915368276,62.3994498937946,174.113332130275
100.999153682761,67.1994075779326,19.2707127784737,19.2707127784737,0,0,1,0,2.44950718189993,0,156,1800.99915368276,67.1994075779326,174.113332130275
100.999153682761,71.9993652620706,19.4270225134448,19.4270225134448,0,0,1,0,2.46390839425451,0,156,1800.99915368276,71.9993652620706,174.113332130275
100.999153682761,76.7993229462087,19.7105534763188,19.7105534763188,0,0,1,0,2.48539665866665,0,156,1800.99915368276,76.7993229462087,174.113332130275
105.799111366899,-76.7993229462085,21.8702065873447,21.8702065873447,0,0,1.00000000000001,0,2.61518163421682,0,156,1805.7991113669,-76.7993229462085,174.113332130275
105.799111366899,-71.9993652620705,21.7113726332113,21.7113726332113,0,0,1.00000000000001,0,2.60160932738328,0,156,1805.7991113669,-71.9993652620705,174.113332130275
105.799111366899,-67.1994075779324,21.7070347508304,21.7070347508304,0,0,1.00000000000001,0,2.59628593512014,0,156,1805.7991113669,-67.1994075779324,174.113332130275
105.799111366899,-62.3994498937944,21.892960684801,21.8929606848009,0,0,1.00000000000001,0,2.60102486962566,0,156,1805.7991113669,-62.3994498937944,174.113332130275
105.799111366899,-57.5994922096563,22.3202779321227,22.3202779321227,0,0,1.00000000000001,0,2.61825146521048,0,156,1805.7991113669,-57.5994922096563,174.113332130275
105.799111366899,-52.7995345255183,23.0641512715887,23.0641512715887,0,0,1.00000000000002,0,2.651289678653,0,156,1805.7991113669,-52.7995345255183,174.113332130275
105.799111366899,-47.9995768413803,24.2387647153268,24.2387647153267,0,0,1.00000000000004,0,2.70482431355726,0,156,1805.7991113669,-47.9995768413803,174.113332130275
105.799111366899,-43.1996191572422,26.0244386912639,26.0244386912639,0,0,1.00000000000001,0,2.78567620176569,0,180,1805.7991113669,-43.1996191572422,174.113332130275
105.799111366899,-38.3996614731042,28.7195592679788,28.7195592679788,0,0,1.00000000000001,0,2.90416489833137,0,180,1805.7991113669,-38.3996614731042,174.113332130275
105.799111366899,-33.5997037889662,32.8470876127045,32.8470876127044,0,0,1.00000000000002,0,3.07664551645784,0,180,1805.7991113669,-33.5997037889662,174.113332130275
105.799111366899,-28.7997461048281,39.3925259231498,39.3925259231497,0,0,1.00000000000003,0,3.33058142008265,0,180,1805.7991113669,-28.7997461048281,174.113332130275
105.799111366899,-23.9997884206901,50.3973775748237,50.3973775748236,0,0,1.00000000000007,0,3.71566409918359,0,180,1805.7991113669,-23.9997884206901,174.113332130275
105.799111366899,-19.1998307365521,70.6744678969565,70.6744678969565,0,0,1.00000000000006,0,4.33140095651623,0,228,1805.7991113669,-19.1998307365521,174.113332130275
105.799111366899,-14.399873052414,112.7233693437,112.7233693437,0,0,1.00000000000002,0.0889078233230241,5.22593417811306,0,228,1805.7991113669,-14.399873052414,174.113332130275
105.799111366899,-9.59991536827599,229.946244672912,229.946244672912,0,0,1,0.152752232177024,7.23887212599352,0,228,1805.7991113669,-9.59991536827599,174.113332130275
105.799111366899,-4.79995768413795,805.421576618169,805.421576618169,0,0,0.999999999999848,0.148869676348318,13.6545628173767,0,228,1805.7991113669,-4.79995768413795,174.113332130275
105.799111366899,8.5265128291212e-14,4638.94118313834,4638.94118313834,0,0,0.999999453772408,0.0775665553518264,34.735584536175,0,324,1805.7991113669,8.5265128291212e-14,174.113332130275
105.799111366899,4.79995768413812,805.421576618116,805.421576618115,0,0,0.999999999999847,0.14886967634832,13.6545628173762,0,228,1805.7991113669,4.79995768413812,174.113332130275
105.799111366899,9.59991536827616,229.946244672904,229.946244672904,0,0,1,0.152752232177022,7.2388721259934,0,228,1805.7991113669,9.59991536827616,174.113332130275
105.799111366899,14.3998730524142,112.723369343698,112.723369343698,0,0,1.00000000000002,0.0889078233230204,5.22593417811301,0,228,1805.7991113669,14.3998730524142,174.113332130275
105.799111366899,19.1998307365522,70.6744678969553,70.6744678969552,0,0,1.00000000000006,0,4.33140095651619,0,228,1805.7991113669,19.1998307365522,174.113332130275
105.799111366899,23.9997884206903,50.397377574823,50.3973775748229,0,0,1.00000000000007,0,3.71566409918356,0,180,1805.7991113669,23.9997884206903,174.113332130275
105.799111366899,28.7997461048283,39.3925259231493,39.3925259231493,0,0,1.00000000000003,0,3.33058142008263,0,180,1805.7991113669,28.7997461048283,174.113332130275
105.799111366899,33.5997037889663,32.8470876127042,32.8470876127042,0,0,1.00000000000002,0,3.07664551645782,0,180,1805.7991113669,33.5997037889663,174.113332130275
105.799111366899,38.3996614731044,28.7195592679785,28.7195592679785,0,0,1.00000000000001,0,2.90416489833135,0,180,1805.7991113669,38.3996614731044,174.113332130275
105.799111366899,43.1996191572424,26.0244386912637,26.0244386912637,0,0,1.00000000000001,0,2.78567620176567,0,180,1805.7991113669,43.1996191572424,174.113332130275
105.799111366899,47.9995768413804,24.2387647153265,24.2387647153265,0,0,1.00000000000003,0,2.70482431355724,0,156,1805.7991113669,47.9995768413804,174.113332130275
105.799111366899,52.7995345255185,23.0641512715885,23.0641512715884,0,0,1.00000000000001,0,2.65128967865297,0,156,1805.7991113669,52.7995345255185,174.113332130275
105.799111366899,57.5994922096565,22.3202779321224,22.3202779321224,0,0,1,0,2.61825146521045,0,156,1805.7991113669,57.5994922096565,174.113332130275
105.799111366899,62.3994498937946,21.8929606848007,21.8929606848007,0,0,1,0,2.60102486962564,0,156,1805.7991113669,62.3994498937946,174.113332130275
105.799111366899,67.1994075779326,21.7070347508301,21.7070347508301,0,0,1,0,2.59628593512012,0,156,1805.7991113669,67.1994075779326,174.113332130275
105.799111366899,71.9993652620706,21.711372633211,21.7113726332109,0,0,1,0,2.60160932738325,0,156,1805.7991113669,71.9993652620706,174.113332130275
105.799111366899,76.7993229462087,21.8702065873443,21.8702065873443,0,0,1,0,2.61518163421679,0,156,1805.7991113669,76.7993229462087,174.113332130275
110.599069051037,-76.7993229462085,24.3303928947511,24.330392894751,0,0,1.00000000000001,0,2.75555931146945,0,156,1810.59906905104,-76.7993229462085,174.113332130275
110.599069051037,-71.9993652620705,24.3260247997063,24.3260247997062,0,0,1.00000000000001,0,2.75078914281744,0,156,1810.59906905104,-71.9993652620705,174.113332130275
110.599069051037,-67.1994075779324,24.5099713418607,24.5099713418606,0,0,1.00000000000001,0,2.75558279952593,0,156,1810.59906905104,-67.1994075779324,174.113332130275
110.599069051037,-62.3994498937944,24.9287305242857,24.9287305242856,0,0,1.00000000000001,0,2.77208520423054,0,156,1810.59906905104,-62.3994498937944,174.113332130275
110.599069051037,-57.5994922096563,25.6487744571599,25.6487744571598,0,0,1.00000000000001,0,2.80317036835229,0,156,1810.59906905104,-57.5994922096563,174.113332130275
110.599069051037,-52.7995345255183,26.7678281199248,26.7678281199248,0,0,1.00000000000001,0,2.85278217453238,0,156,1810.59906905104,-52.7995345255183,174.113332130275
110.599069051037,-47.9995768413803,28.4343374969255,28.4343374969255,0,0,1.00000000000002,0,2.92648273440169,0,156,1810.59906905104,-47.9995768413803,174.113332130275
110.599069051037,-43.1996191572422,30.8826960560903,30.8826960560903,0,0,1.00000000000001,0,3.03237008885987,0,180,1810.59906905104,-43.1996191572422,174.113332130275
110.599069051037,-38.3996614731042,34.5006783145877,34.5006783145876,0,0,1.00000000000001,0,3.18268777625035,0,180,1810.59906905104,-38.3996614731042,174.113332130275
110.599069051037,-33.5997037889662,39.9676855040431,39.9676855040431,0,0,1.00000000000002,0,3.39681389054319,0,180,1810.59906905104,-33.5997037889662,174.113332130275
110.599069051037,-28.7997461048281,48.5634385028652,48.5634385028652,0,0,1.00000000000002,0,3.70722247468265,0,180,1810.59906905104,-28.7997461048281,174.113332130275
110.599069051037,-23.9997884206901,62.9377608585293,62.9377608585292,0,0,1.00000000000003,0,4.17256284228059,0,180,1810.59906905104,-23.9997884206901,174.113332130275
110.599069051037,-19.1998307365521,89.3341002201498,89.3341002201497,0,0,1.00000000000007,0,4.91012688638579,0,180,1810.59906905104,-19.1998307365521,174.113332130275
110.599069051037,-14.399873052414,145.496680594137,145.496680594137,0,0,1.00000000000003,0.00292152110618528,6.18886340200698,0,228,1810.59906905104,-14.399873052414,174.113332130275
110.599069051037,-9.59991536827599,298.768780717933,298.768780717933,0,0,0.999999999999997,0.0589242962725768,8.66722401994226,0,228,1810.59906905104,-9.59991536827599,174.113332130275
110.599069051037,-4.79995768413795,1043.12465669751,1043.12465669751,0,0,0.999999999999859,0.0585936304884829,16.2790990024649,0,228,1810.59906905104,-4.79995768413795,174.113332130275
110.599069051037,8.5265128291212e-14,4919.35341527387,4919.35341527387,0,0,0.99999889493172,0.0273466106756352,36.6051518407649,0,276,1810.59906905104,8.5265128291212e-14,174.113332130275
110.599069051037,4.79995768413812,1043.12465669744,1043.12465669744,0,0,0.999999999999857,0.0585936304884846,16.2790990024643,0,228,1810.59906905104,4.79995768413812,174.113332130275
110.599069051037,9.59991536827616,298.768780717924,298.768780717924,0,0,0.999999999999997,0.0589242962725764,8.66722401994212,0,228,1810.59906905104,9.59991536827616,174.113332130275
110.599069051037,14.3998730524142,145.496680594134,145.496680594133,0,0,1.00000000000003,0.00292152110618373,6.1888634020069,0,228,1810.59906905104,14.3998730524142,174.113332130275
110.599069051037,19.1998307365522,89.3341002201486,89.3341002201485,0,0,1.00000000000007,0,4.91012688638575,0,180,1810.59906905104,19.1998307365522,174.113332130275
110.599069051037,23.9997884206903,62.9377608585284,62.9377608585283,0,0,1.00000000000004,0,4.17256284228056,0,180,1810.59906905104,23.9997884206903,174.113332130275
110.599069051037,28.7997461048283,48.5634385028648,48.5634385028648,0,0,1.00000000000002,0,3.70722247468263,0,180,1810.59906905104,28.7997461048283,174.113332130275
110.599069051037,33.5997037889663,39.9676855040427,39.9676855040426,0,0,1.00000000000001,0,3.39681389054317,0,180,1810.59906905104,33.5997037889663,174.113332130275
110.599069051037,38.3996614731044,34.5006783145873,34.5006783145873,0,0,1.00000000000001,0,3.18268777625033,0,180,1810.59906905104,38.3996614731044,174.113332130275
110.599069051037,43.1996191572424,30.8826960560901,30.8826960560901,0,0,1.00000000000001,0,3.03237008885985,0,180,1810.59906905104,43.1996191572424,174.113332130275
110.599069051037,47.9995768413804,28.4343374969252,28.4343374969252,0,0,1.00000000000002,0,2.92648273440166,0,156,1810.59906905104,47.9995768413804,174.113332130275
110.599069051037,52.7995345255185,26.7678281199246,26.7678281199246,0,0,1.00000000000001,0,2.85278217453236,0,156,1810.59906905104,52.7995345255185,174.113332130275
110.599069051037,57.5994922096565,25.6487744571596,25.6487744571596,0,0,1,0,2.80317036835227,0,156,1810.59906905104,57.5994922096565,174.113332130275
110.599069051037,62.3994498937946,24.9287305242854,24.9287305242854,0,0,1,0,2.77208520423051,0,156,1810.59906905104,62.3994498937946,174.113332130275
110.599069051037,67.1994075779326,24.5099713418604,24.5099713418604,0,0,1,0,2.75558279952591,0,156,1810.59906905104,67.1994075779326,174.113332130275
110.599069051037,71.9993652620706,24.326024799706,24.3260247997059,0,0,1,0,2.75078914281742,0,156,1810.59906905104,71.9993652620706,174.113332130275
110.599069051037,76.7993229462087,24.3303928947507,24.3303928947507,0,0,1,0,2.75555931146942,0,156,1810.59906905104,76.7993229462087,174.113332130275
115.399026735175,-76.7993229462085,27.1212232566355,27.1212232566355,0,0,1.00000000000001,0,2.90661851340646,0,156,1815.39902673517,-76.7993229462085,174.113332130275
115.399026735175,-71.9993652620705,27.3052388568722,27.3052388568721,0,0,1.00000000000001,0,2.91153290278641,0,156,1815.39902673517,-71.9993652620705,174.113332130275
115.399026735175,-67.1994075779324,27.7188391519106,27.7188391519106,0,0,1.00000000000001,0,2.9274720266981,0,156,1815.39902673517,-67.1994075779324,174.113332130275
115.399026735175,-62.3994498937944,28.4216082938465,28.4216082938465,0,0,1.00000000000001,0,2.95694583936482,0,156,1815.39902673517,-62.3994498937944,174.113332130275
115.399026735175,-57.5994922096563,29.4987277662231,29.4987277662231,0,0,1.00000000000001,0,3.00332027110112,0,156,1815.39902673517,-57.5994922096563,174.113332130275
115.399026735175,-52.7995345255183,31.075422168235,31.0754221682349,0,0,1.00000000000001,0,3.071215635965,0,156,1815.39902673517,-52.7995345255183,174.113332130275
115.399026735175,-47.9995768413803,33.3418871340182,33.3418871340182,0,0,1.00000000000001,0,3.16714633276184,0,156,1815.39902673517,-47.9995768413803,174.113332130275
115.399026735175,-43.1996191572422,36.5983800781358,36.5983800781358,0,0,1.00000000000003,0,3.30058895842581,0,156,1815.39902673517,-43.1996191572422,174.113332130275
115.399026735175,-38.3996614731042,41.3415014745342,41.3415014745341,0,0,1.00000000000001,0,3.48585117418261,0,180,1815.39902673517,-38.3996614731042,174.113332130275
115.399026735175,-33.5997037889662,48.4409940937568,48.4409940937567,0,0,1.00000000000001,0,3.74553405122961,0,180,1815.39902673517,-33.5997037889662,174.113332130275
115.399026735175,-28.7997461048281,59.5345898325117,59.5345898325116,0,0,1.00000000000001,0,4.11744869270042,0,180,1815.39902673517,-28.7997461048281,174.113332130275
115.399026735175,-23.9997884206901,78.0114377641555,78.0114377641554,0,0,1.00000000000002,0,4.66974029281577,0,180,1815.39902673517,-23.9997884206901,174.113332130275
115.399026735175,-19.1998307365521,111.845124028316,111.845124028316,0,0,1.00000000000003,0,5.53800047817811,0,180,1815.39902673517,-19.1998307365521,174.113332130275
115.399026735175,-14.399873052414,183.654186373146,183.654186373146,0,0,1.00000000000004,0,7.03375662733113,0,228,1815.39902673517,-14.399873052414,174.113332130275
115.399026735175,-9.59991536827599,380.349538334876,380.349538334876,0,0,0.999999999999985,0.000743221680821444,10.0588647325527,0,228,1815.39902673517,-9.59991536827599,174.113332130275
115.399026735175,-4.79995768413795,1318.03165651938,1318.03165651938,0,0,1.00000000000009,0.00735818904072546,18.7044017546162,0,228,1815.39902673517,-4.79995768413795,174.113332130275
115.399026735175,8.5265128291212e-14,5165.67067531779,5165.67067531779,0,0,0.99999859931258,0.00313413651248969,38.0809714443475,0,276,1815.39902673517,8.5265128291212e-14,174.113332130275
115.399026735175,4.79995768413812,1318.0316565193,1318.0316565193,0,0,1.00000000000009,0.00735818904072546,18.7044017546156,0,228,1815.39902673517,4.79995768413812,174.113332130275
115.399026735175,9.59991536827616,380.349538334864,380.349538334864,0,0,0.999999999999984,0.000743221680821251,10.0588647325525,0,228,1815.39902673517,9.59991536827616,174.113332130275
115.399026735175,14.3998730524142,183.654186373142,183.654186373142,0,0,1.00000000000003,0,7.03375662733103,0,228,1815.39902673517,14.3998730524142,174.113332130275
115.399026735175,19.1998307365522,111.845124028314,111.845124028314,0,0,1.00000000000003,0,5.53800047817806,0,180,1815.39902673517,19.1998307365522,174.113332130275
115.399026735175,23.9997884206903,78.0114377641544,78.0114377641544,0,0,1.00000000000002,0,4.66974029281573,0,180,1815.39902673517,23.9997884206903,174.113332130275
115.399026735175,28.7997461048283,59.534589832511,59.534589832511,0,0,1.00000000000001,0,4.11744869270039,0,180,1815.39902673517,28.7997461048283,174.113332130275
115.399026735175,33.5997037889663,48.4409940937563,48.4409940937563,0,0,1.00000000000001,0,3.74553405122959,0,180,1815.39902673517,33.5997037889663,174.113332130275
115.399026735175,38.3996614731044,41.3415014745338,41.3415014745338,0,0,1.00000000000001,0,3.48585117418259,0,180,1815.39902673517,38.3996614731044,174.113332130275
115.399026735175,43.1996191572424,36.5983800781356,36.5983800781356,0,0,1.00000000000003,0,3.3005889584258,0,156,1815.39902673517,43.1996191572424,174.113332130275
115.399026735175,47.9995768413804,33.3418871340179,33.3418871340179,0,0,1.00000000000001,0,3.16714633276182,0,156,1815.39902673517,47.9995768413804,174.113332130275
115.399026735175,52.7995345255185,31.0754221682347,31.0754221682346,0,0,1,0,3.07121563596498,0,156,1815.39902673517,52.7995345255185,174.113332130275
115.399026735175,57.5994922096565,29.4987277662229,29.4987277662229,0,0,1,0,3.0033202711011,0,156,1815.39902673517,57.5994922096565,174.113332130275
115.399026735175,62.3994498937946,28.4216082938462,28.4216082938462,0,0,1,0,2.9569458393648,0,156,1815.39902673517,62.3994498937946,174.113332130275
115.399026735175,67.1994075779326,27.7188391519104,27.7188391519103,0,0,1,0,2.92747202669807,0,156,1815.39902673517,67.1994075779326,174.113332130275
115.399026735175,71.9993652620706,27.3052388568719,27.3052388568718,0,0,1,0,2.91153290278638,0,156,1815.39902673517,71.9993652620706,174.113332130275
115.399026735175,76.7993229462087,27.1212232566351,27.1212232566351,0,0,1,0,2.90661851340642,0,156,1815.39902673517,76.7993229462087,174.113332130275
120.198984419313,-76.7993229462085,30.274497633011,30.274497633011,0,0,1.00000000000001,0,3.06840345714461,0,156,1820.19898441931,-76.7993229462085,174.113332130275
120.198984419313,-71.9993652620705,30.6851808326322,30.6851808326321,0,0,1.00000000000001,0,3.08387178349898,0,156,1820.19898441931,-71.9993652620705,174.113332130275
120.198984419313,-67.1994075779324,31.3751213448653,31.3751213448653,0,0,1,0,3.11196292343394,0,156,1820.19898441931,-67.1994075779324,174.113332130275
120.198984419313,-62.3994498937944,32.4196416051009,32.4196416051008,0,0,1,0,3.15558135636407,0,156,1820.19898441931,-62.3994498937944,174.113332130275
120.198984419313,-57.5994922096563,33.926417854666,33.926417854666,0,0,1,0,3.21862232320665,0,156,1820.19898441931,-57.5994922096563,174.113332130275
120.198984419313,-52.7995345255183,36.0537269837087,36.0537269837087,0,0,1,0,3.30643051734586,0,156,1820.19898441931,-52.7995345255183,174.113332130275
120.198984419313,-47.9995768413803,39.0419233907218,39.0419233907217,0,0,1.00000000000001,0,3.4265349437628,0,156,1820.19898441931,-47.9995768413803,174.113332130275
120.198984419313,-43.1996191572422,43.2703529289164,43.2703529289163,0,0,1.00000000000002,0,3.58987308741968,0,156,1820.19898441931,-43.1996191572422,174.113332130275
120.198984419313,-38.3996614731042,49.3662036892262,49.3662036892262,0,0,1.00000000000004,0,3.81292779672586,0,156,1820.19898441931,-38.3996614731042,174.113332130275
120.198984419313,-33.5997037889662,58.4275335894159,58.4275335894158,0,0,1.00000000000001,0,4.12168707997736,0,180,1820.19898441931,-33.5997037889662,174.113332130275
120.198984419313,-28.7997461048281,72.5208153951468,72.5208153951468,0,0,1.00000000000001,0,4.55953034389991,0,180,1820.19898441931,-28.7997461048281,174.113332130275
120.198984419313,-23.9997884206901,95.9170631424996,95.9170631424995,0,0,1.00000000000001,0,5.20429466056796,0,180,1820.19898441931,-23.9997884206901,174.113332130275
120.198984419313,-19.1998307365521,138.647126691278,138.647126691278,0,0,1.00000000000002,0,6.21005615217466,0,180,1820.19898441931,-19.1998307365521,174.113332130275
120.198984419313,-14.399873052414,229.085961256137,229.085961256137,0,0,1.00000000000002,0,7.92859360474575,0,180,1820.19898441931,-14.399873052414,174.113332130275
120.198984419313,-9.59991536827599,475.650648140274,475.650648140274,0,0,0.999999999999953,0,11.3688536445565,0,180,1820.19898441931,-9.59991536827599,174.113332130275
120.198984419313,-4.79995768413795,1631.00110474157,1631.00110474157,0,0,1.00000000000098,0,20.9820625625646,0,204,1820.19898441931,-4.79995768413795,174.113332130275
120.198984419313,8.5265128291212e-14,5383.39669244204,5383.39669244204,0,0,0.999998273962218,0,39.2863424555902,0,276,1820.19898441931,8.5265128291212e-14,174.113332130275
120.198984419313,4.79995768413812,1631.00110474146,1631.00110474146,0,0,1.00000000000098,0,20.9820625625639,0,204,1820.19898441931,4.79995768413812,174.113332130275
120.198984419313,9.59991536827616,475.65064814026,475.65064814026,0,0,0.999999999999953,0,11.3688536445563,0,180,1820.19898441931,9.59991536827616,174.113332130275
120.198984419313,14.3998730524142,229.085961256131,229.085961256131,0,0,1.00000000000001,0,7.92859360474563,0,180,1820.19898441931,14.3998730524142,174.113332130275
120.198984419313,19.1998307365522,138.647126691276,138.647126691276,0,0,1.00000000000002,0,6.21005615217459,0,180,1820.19898441931,19.1998307365522,174.113332130275
120.198984419313,23.9997884206903,95.9170631424983,95.9170631424983,0,0,1.00000000000001,0,5.20429466056791,0,180,1820.19898441931,23.9997884206903,174.113332130275
120.198984419313,28.7997461048283,72.5208153951459,72.5208153951458,0,0,1.00000000000001,0,4.55953034389987,0,180,1820.19898441931,28.7997461048283,174.113332130275
120.198984419313,33.5997037889663,58.4275335894152,58.4275335894151,0,0,1.00000000000001,0,4.12168707997732,0,180,1820.19898441931,33.5997037889663,174.113332130275
120.198984419313,38.3996614731044,49.3662036892257,49.3662036892256,0,0,1.00000000000004,0,3.81292779672584,0,156,1820.19898441931,38.3996614731044,174.113332130275
120.198984419313,43.1996191572424,43.270352928916,43.270352928916,0,0,1.00000000000002,0,3.58987308741966,0,156,1820.19898441931,43.1996191572424,174.113332130275
120.198984419313,47.9995768413804,39.0419233907216,39.0419233907215,0,0,1.00000000000001,0,3.42653494376279,0,156,1820.19898441931,47.9995768413804,174.113332130275
120.198984419313,52.7995345255185,36.0537269837085,36.0537269837084,0,0,1,0,3.30643051734585,0,156,1820.19898441931,52.7995345255185,174.113332130275
120.198984419313,57.5994922096565,33.9264178546658,33.9264178546657,0,0,1,0,3.21862232320663,0,156,1820.19898441931,57.5994922096565,174.113332130275
120.198984419313,62.3994498937946,32.4196416051006,32.4196416051005,0,0,1,0,3.15558135636405,0,156,1820.19898441931,62.3994498937946,174.113332130275
120.198984419313,67.1994075779326,31.3751213448651,31.375121344865,0,0,1,0,3.11196292343392,0,156,1820.19898441931,67.1994075779326,174.113332130275
120.198984419313,71.9993652620706,30.6851808326318,30.6851808326318,0,0,1,0,3.08387178349895,0,156,1820.19898441931,71.9993652620706,174.113332130275
120.198984419313,76.7993229462087,30.2744976330108,30.2744976330108,0,0,1,0,3.06840345714459,0,156,1820.19898441931,76.7993229462087,174.113332130275
124.998942103451,-76.7993229462085,33.8236480788565,33.8236480788565,0,0,1.00000000000009,0,3.240917814712,0,132,1824.99894210345,-76.7993229462085,174.113332130275
124.998942103451,-71.9993652620705,34.5038520173919,34.5038520173918,0,0,1,0,3.26778912470798,0,156,1824.99894210345,-71.9993652620705,174.113332130275
124.998942103451,-67.1994075779324,35.5223771620341,35.522377162034,0,0,1,0,3.30900864840522,0,156,1824.99894210345,-67.1994075779324,174.113332130275
124.998942103451,-62.3994498937944,36.9732414230506,36.9732414230505,0,0,1,0,3.36790094953776,0,156,1824.99894210345,-62.3994498937944,174.113332130275
124.998942103451,-57.5994922096563,38.9908327008358,38.9908327008358,0,0,1,0,3.44892244612893,0,156,1824.99894210345,-57.5994922096563,174.113332130275
124.998942103451,-52.7995345255183,41.772658508494,41.7726585084939,0,0,1,0,3.55818232355772,0,156,1824.99894210345,-52.7995345255183,174.113332130275
124.998942103451,-47.9995768413803,45.618574273233,45.618574273233,0,0,1,0,3.70427525702434,0,156,1824.99894210345,-47.9995768413803,174.113332130275
124.998942103451,-43.1996191572422,51.001676272012,51.001676272012,0,0,1.00000000000001,0,3.89966547166874,0,156,1824.99894210345,-43.1996191572422,174.113332130275
124.998942103451,-38.3996614731042,58.7038266293584,58.7038266293583,0,0,1.00000000000001,0,4.16309925983337,0,156,1824.99894210345,-38.3996614731042,174.113332130275
124.998942103451,-33.5997037889662,70.0931595877767,70.0931595877767,0,0,1.00000000000004,0,4.52407098020631,0,156,1824.99894210345,-33.5997037889662,174.113332130275
124.998942103451,-28.7997461048281,87.741714057313,87.7417140573129,0,0,1.00000000000001,0,5.03163713365046,0,180,1824.99894210345,-28.7997461048281,174.113332130275
124.998942103451,-23.9997884206901,116.957755285003,116.957755285003,0,0,1.00000000000001,0,5.77344639948438,0,180,1824.99894210345,-23.9997884206901,174.113332130275
124.998942103451,-19.1998307365521,170.182276233989,170.182276233989,0,0,1.00000000000001,0,6.92216538368337,0,180,1824.99894210345,-19.1998307365521,174.113332130275
124.998942103451,-14.399873052414,282.484839199827,282.484839199827,0,0,1.00000000000001,0,8.86956796626513,0,180,1824.99894210345,-14.399873052414,174.113332130275
124.998942103451,-9.59991536827599,586.882191308531,586.88219130853,0,0,0.99999999999998,0,12.7272738156598,0,156,1824.99894210345,-9.59991536827599,174.113332130275
124.998942103451,-4.79995768413795,1979.05141587841,1979.05141587841,0,0,1.0000000000028,0,23.2158876903934,0,180,1824.99894210345,-4.79995768413795,174.113332130275
124.998942103451,8.5265128291212e-14,5575.54532086198,5575.54532086198,0,0,0.999997922791716,0,40.3152125875491,0,276,1824.99894210345,8.5265128291212e-14,174.113332130275
124.998942103451,4.79995768413812,1979.05141587829,1979.05141587829,0,0,1.0000000000028,0,23.2158876903927,0,180,1824.99894210345,4.79995768413812,174.113332130275
124.998942103451,9.59991536827616,586.882191308509,586.882191308509,0,0,0.999999999999977,0,12.7272738156595,0,156,1824.99894210345,9.59991536827616,174.113332130275
124.998942103451,14.3998730524142,282.48483919982,282.484839199819,0,0,1.00000000000001,0,8.869567966265,0,180,1824.99894210345,14.3998730524142,174.113332130275
124.998942103451,19.1998307365522,170.182276233986,170.182276233986,0,0,1.00000000000001,0,6.92216538368329,0,180,1824.99894210345,19.1998307365522,174.113332130275
124.998942103451,23.9997884206903,116.957755285001,116.957755285001,0,0,1.00000000000001,0,5.77344639948433,0,180,1824.99894210345,23.9997884206903,174.113332130275
124.998942103451,28.7997461048283,87.7417140573121,87.741714057312,0,0,1.00000000000001,0,5.03163713365042,0,180,1824.99894210345,28.7997461048283,174.113332130275
124.998942103451,33.5997037889663,70.0931595877759,70.0931595877758,0,0,1.00000000000004,0,4.52407098020628,0,156,1824.99894210345,33.5997037889663,174.113332130275
124.998942103451,38.3996614731044,58.7038266293578,58.7038266293577,0,0,1.00000000000002,0,4.16309925983334,0,156,1824.99894210345,38.3996614731044,174.113332130275
124.998942103451,43.1996191572424,51.0016762720115,51.0016762720115,0,0,1.00000000000001,0,3.89966547166871,0,156,1824.99894210345,43.1996191572424,174.113332130275
124.998942103451,47.9995768413804,45.6185742732326,45.6185742732325,0,0,1,0,3.70427525702431,0,156,1824.99894210345,47.9995768413804,174.113332130275
124.998942103451,52.7995345255185,41.7726585084937,41.7726585084937,0,0,1,0,3.5581823235577,0,156,1824.99894210345,52.7995345255185,174.113332130275
124.998942103451,57.5994922096565,38.9908327008355,38.9908327008355,0,0,1,0,3.44892244612891,0,156,1824.99894210345,57.5994922096565,174.113332130275
124.998942103451,62.3994498937946,36.9732414230504,36.9732414230504,0,0,1,0,3.36790094953775,0,156,1824.99894210345,62.3994498937946,174.113332130275
124.998942103451,67.1994075779326,35.5223771620338,35.5223771620337,0,0,1,0,3.30900864840519,0,156,1824.99894210345,67.1994075779326,174.113332130275
124.998942103451,71.9993652620706,34.5038520173916,34.5038520173916,0,0,1,0,3.26778912470796,0,156,1824.99894210345,71.9993652620706,174.113332130275
124.998942103451,76.7993229462087,33.8236480788561,33.8236480788561,0,0,1.00000000000008,0,3.24091781471197,0,132,1824.99894210345,76.7993229462087,174.113332130275
