time_s,steps,total_picard,max_picard,max_scaled_nonlinear_residual,max_residual_ratio,max_linear_backward_error,cumulative_heat_balance,cumulative_water_balance,min_T,max_T,min_C,max_C
0,0,0,0,0,0,0,0,0,28,28,2.5499999999999998,2.5499999999999998
1,4096,12288,3,1.395032670885326e-15,0.00039296694954516165,2.0060086171503115e-16,-7.1791891900162297e-11,1.8553623173266764e-19,27.999999999999094,28.000186654807145,2.517730656749956,2.550000000000006
2,8192,24576,3,1.4162286058202359e-15,0.00039893763544231929,2.0092869456495769e-16,-8.2143969320950107e-11,6.5878081176756975e-19,27.999999999999094,28.000525312900322,2.5044956906779166,2.550000000000006
3,9216,27648,3,1.4162286058202359e-15,0.00039893763544231929,2.1028469246685168e-16,-8.1775723571640269e-11,7.4370665685186776e-19,27.999999999993648,28.000961437959035,2.4943942709515872,2.5500000000000038
4,10240,30720,3,1.4162286058202359e-15,0.00039893763544231929,2.1047963403456337e-16,-7.3518811111024635e-11,8.3319866170208066e-19,27.999999999995648,28.001475537467339,2.4859138370831388,2.5500000000000038
5,11264,33792,3,1.4162286058202359e-15,0.00039893763544231929,2.108411419863993e-16,-9.2355668230581544e-11,9.9091735065627983e-19,27.999999999995648,28.002056379001839,2.4784692744409078,2.5500000000000038
6,12288,36864,3,1.4162286058202359e-15,0.00039893763544231929,2.1087082844081461e-16,-7.6468933259006296e-11,1.1444752112694122e-18,27.999999999995648,28.00269638827,2.4717604587259188,2.5500000000000038
7,13312,39936,3,1.4162286058202359e-15,0.00039893763544231929,2.111676754552365e-16,-4.5673253433744762e-11,1.3022073677579595e-18,27.999999999995648,28.003390008371642,2.4656090973980858,2.5500000000000038
8,14336,43008,3,1.4162286058202359e-15,0.00039893763544231929,2.1137767126322236e-16,-4.1934501480450551e-11,1.4455759335751327e-18,27.999999999995648,28.00413293664257,2.4598990241948977,2.5500000000000038
9,14592,43776,3,1.4162286058202359e-15,0.00039893763544231929,2.1137767126322236e-16,1.1219064521966653e-10,1.4991043936758759e-18,27.999999999990731,28.004921776621771,2.4545499924929901,2.5500000000000043
10,14848,44544,3,1.4162286058202359e-15,0.00039893763544231929,2.1137767126322236e-16,2.7317543565931719e-10,1.559337075093179e-18,27.999999999993651,28.005753598489466,2.4495026873244679,2.5500000000000043
11,15104,45312,3,1.4162286058202359e-15,0.00039893763544231929,2.1137767126322236e-16,4.3636469865182105e-10,1.6119286497526294e-18,27.999999999992383,28.006625988086071,2.4447128045608064,2.5500000000000043
12,15360,46080,3,1.4162286058202359e-15,0.00039893763544231929,2.1137767126322236e-16,6.1003780243634988e-10,1.6432100355799707e-18,27.999999999992088,28.00753687094133,2.4401459190016759,2.5500000000000043
13,15616,46848,3,1.4162286058202359e-15,0.00039893763544231929,2.1137767126322236e-16,7.814013146837618e-10,1.7446323306957166e-18,27.999999999992088,28.00848443955223,2.4357746512856977,2.5500000000000043
14,15872,47616,3,1.4162286058202359e-15,0.00039893763544231929,2.1137767126322236e-16,9.4709412176054768e-10,1.7965910604877757e-18,27.999999999992088,28.009467100752865,2.4315768008347884,2.5500000000000043
15,16128,48384,3,1.4162286058202359e-15,0.00039893763544231929,2.1137767126322236e-16,1.1058262227643849e-09,1.8447953467264272e-18,27.999999999992088,28.010483436554992,2.4275340704070207,2.5500000000000043
16,16384,49152,3,1.4162286058202359e-15,0.00039893763544231929,2.1137767126322236e-16,1.2752355459768128e-09,1.8124990878356658e-18,27.999999999992088,28.011532174324973,2.4236311681210418,2.5500000000000043
17,16640,49920,3,1.4162286058202359e-15,0.00039893763544231929,2.1137767126322236e-16,1.4486284757653589e-09,1.9094688765091919e-18,27.999999999992088,28.012612163616456,2.4198551587916555,2.5500000000000043
18,16896,50688,3,1.4162286058202359e-15,0.00039893763544231929,2.1137767126322236e-16,1.6226452191631804e-09,1.950668338826803e-18,27.999999999992088,28.01372235786318,2.4161949848674871,2.5500000000000043
19,17152,51456,3,1.4162286058202359e-15,0.00039893763544231929,2.1137767126322236e-16,1.8016183429734296e-09,2.0436693924694822e-18,27.999999999992088,28.014861799693524,2.4126411057331461,2.5500000000000043
20,17408,52224,3,1.4162286058202359e-15,0.00039893763544231929,2.1137767126322236e-16,1.98098431800832e-09,2.0832969789786952e-18,27.999999999992088,28.01602960899573,2.4091852214837806,2.5500000000000043
21,17664,52992,3,1.4162286058202359e-15,0.00039893763544231929,2.1137767126322236e-16,2.159377965843986e-09,2.1620293480005936e-18,27.999999999992088,28.017224973104586,2.4058200581841547,2.5500000000000043
22,17920,53760,3,1.4162286058202359e-15,0.00039893763544231929,2.1137767126322236e-16,2.3361506952736437e-09,2.2967764494000224e-18,27.999999999992088,28.018447138647424,2.4025391986702349,2.5500000000000043
23,18176,54528,3,1.4162286058202359e-15,0.00039893763544231929,2.1137767126322236e-16,2.5105653885194529e-09,2.4201044258407333e-18,27.999999999992088,28.019695404706457,2.3993369476176434,2.5500000000000043
24,18432,55296,3,1.4162286058202359e-15,0.00039893763544231929,2.1137767126322236e-16,2.684665690945027e-09,2.5397263746432651e-18,27.999999999992088,28.02096911703547,2.3962082227587516,2.5500000000000043
25,18688,56064,3,1.4162286058202359e-15,0.00039893763544231929,2.1137767126322236e-16,2.8622055662701042e-09,2.654405634942457e-18,27.999999999992088,28.022267663130801,2.3931484663097855,2.5500000000000043
26,18944,56832,3,1.4162286058202359e-15,0.00039893763544231929,2.1137767126322236e-16,3.0359301150140365e-09,2.7444931775219654e-18,27.999999999992088,28.02359046800083,2.3901535722003073,2.5500000000000043
27,19200,57600,3,1.4162286058202359e-15,0.00039893763544231929,2.1137767126322236e-16,3.2098778810901737e-09,2.8640716993423382e-18,27.999999999992088,28.02493699051222,2.3872198257902104,2.5500000000000043
28,19456,58368,3,1.4162286058202359e-15,0.00039893763544231929,2.1137767126322236e-16,3.3766118025188073e-09,2.9610230832472351e-18,27.999999999992088,28.026306720214901,2.3843438535510595,2.5500000000000043
29,19712,59136,3,1.4162286058202359e-15,0.00039893763544231929,2.1137767126322236e-16,3.5459227889736615e-09,3.059899523232696e-18,27.999999999992088,28.027699174568919,2.3815225807699885,2.5500000000000043
30,19968,59904,3,1.4162286058202359e-15,0.00039893763544231929,2.1137767126322236e-16,3.7151199439040142e-09,3.1698056670541213e-18,27.999999999992525,28.029113896508665,2.3787531957660342,2.5500000000000043
31,20224,60672,3,1.4162286058202359e-15,0.00039893763544231929,2.1137767126322236e-16,3.8835846192192108e-09,3.2952449703095855e-18,27.999999999993406,28.030550452295309,2.3760331194339623,2.5500000000000043
32,20480,61440,3,1.4162286058202359e-15,0.00039893763544231929,2.1137767126322236e-16,4.0527261793521346e-09,3.3301784102401367e-18,27.999999999996383,28.032008429613466,2.373359979177037,2.5500000000000043
33,20544,61696,4,1.4162286058202359e-15,0.00039893763544231929,2.1137767126322236e-16,3.811979068303451e-09,3.602108866738116e-18,28.000000000006427,28.033487556887163,2.3707318367523356,2.5500000000000185
34,20608,61952,4,1.4162286058202359e-15,0.00039893763544231929,2.1137767126322236e-16,3.5683767602731459e-09,3.8665097049151784e-18,28.000000000024425,28.034987334549978,2.3681463962808924,2.5500000000000207
35,20672,62208,4,1.4162286058202359e-15,0.00039893763544231929,2.1137767126322236e-16,3.3273572130709644e-09,4.0069072770789569e-18,28.000000000051912,28.036507405378693,2.3656017840844066,2.5500000000000194
36,20736,62464,4,1.4162286058202359e-15,0.00039893763544231929,2.1137767126322236e-16,3.0859979640777807e-09,4.3479009040753668e-18,28.000000000094474,28.038047427769737,2.3630962593561504,2.5500000000000291
37,20800,62720,4,1.4162286058202359e-15,0.00039893763544231929,2.1137767126322236e-16,2.8428953006440055e-09,4.5297934746799851e-18,28.000000000160991,28.039607074644533,2.3606282013365405,2.5500000000000336
38,20864,62976,4,1.4162286058202359e-15,0.00039893763544231929,2.1137767126322236e-16,2.599755273868643e-09,4.6950030531003277e-18,28.000000000264219,28.04118603245912,2.3581960980390537,2.5500000000000376
39,20928,63232,4,1.4162286058202359e-15,0.00039893763544231929,2.1137767126322236e-16,2.359272128318724e-09,4.9392919252613523e-18,28.000000000422105,28.042784000305566,2.3557985363019154,2.5500000000000362
40,20992,63488,4,1.4162286058202359e-15,0.00039893763544231929,2.1137767126322236e-16,2.1176064065964012e-09,5.178197195803152e-18,28.000000000659327,28.044400689094303,2.353434192979571,2.5500000000000393
41,21056,63744,4,1.4162286058202359e-15,0.00039893763544231929,2.1137767126322236e-16,1.8777745569040055e-09,5.3857677273681008e-18,28.000000001009457,28.046035820808605,2.351101827118276,2.5500000000000376
42,21120,64000,4,1.4162286058202359e-15,0.00039893763544231929,2.1137767126322236e-16,1.6346003361268463e-09,5.7246735504984269e-18,28.000000001517378,28.047689127823109,2.348800272984902,2.550000000000038
43,21184,64256,4,1.4162286058202359e-15,0.00039893763544231929,2.1137767126322236e-16,1.3922211248072586e-09,5.9256660316396243e-18,28.000000002242231,28.049360352279482,2.3465284338376438,2.5500000000000411
44,21248,64512,4,1.4162286058202359e-15,0.00039893763544231929,2.1137767126322236e-16,1.1481444145754033e-09,6.2623441539827685e-18,28.000000003260535,28.051049245513244,2.3442852763445887,2.5500000000000451
45,21312,64768,4,1.4162286058202359e-15,0.00039893763544231929,2.1137767126322236e-16,9.0553204037445211e-10,6.5687798293479381e-18,28.00000000467027,28.052755567526564,2.3420698255695331,2.5500000000000456
46,21376,65024,4,1.4162286058202359e-15,0.00039893763544231929,2.1137767126322236e-16,6.6569688993696252e-10,6.6962876528214559e-18,28.000000006595375,28.054479086502404,2.3398811604562493,2.5500000000000478
47,21440,65280,4,1.4162286058202359e-15,0.00039893763544231929,2.1137767126322236e-16,4.2432625161679726e-10,6.9557892036279432e-18,28.000000009190426,28.056219578355556,2.3377184097519108,2.5500000000000447
48,21504,65536,4,1.4162286058202359e-15,0.00039893763544231929,2.1137767126322236e-16,1.83505522806921e-10,7.1756915505599857e-18,28.000000012646385,28.057976826317852,2.3355807483185402,2.5500000000000416
49,21568,65792,4,1.4162286058202359e-15,0.00039893763544231929,2.1137767126322236e-16,-5.8583735121508499e-11,7.3659130027524005e-18,28.000000017196559,28.059750620553348,2.3334673937884127,2.550000000000042
50,21632,66048,4,1.4162286058202359e-15,0.00039893763544231929,2.1137767126322236e-16,-2.9863661720768098e-10,7.5071088042072926e-18,28.000000023123423,28.061540757801477,2.3313776035249063,2.5500000000000411
51,21696,66304,4,1.4162286058202359e-15,0.00039893763544231929,2.1137767126322236e-16,-5.3815566026184592e-10,7.7005092148913253e-18,28.000000030765928,28.063347041045134,2.3293106718554002,2.5500000000000442
52,21760,66560,4,1.4162286058202359e-15,0.00039893763544231929,2.1137767126322236e-16,-7.8040239248429677e-10,7.8747068344500925e-18,28.000000040526992,28.065169279201932,2.3272659275470562,2.550000000000046
53,21824,66816,4,1.4162286058202359e-15,0.00039893763544231929,2.1137767126322236e-16,-1.0205123456717863e-09,8.0990792654123715e-18,28.000000052882207,28.067007286836095,2.3252427314999968,2.5500000000000482
54,21888,67072,4,1.4162286058202359e-15,0.00039893763544231929,2.1137767126322236e-16,-1.2616271647546301e-09,8.2758480725076832e-18,28.000000068388577,28.068860883889808,2.3232404746353166,2.5500000000000478
55,21952,67328,4,1.4162286058202359e-15,0.00039893763544231929,2.1137767126322236e-16,-1.5022079466133093e-09,8.4127889602891792e-18,28.000000087693731,28.070729895431711,2.3212585759582089,2.5500000000000482
56,22016,67584,4,1.4162286058202359e-15,0.00039893763544231929,2.1137767126322236e-16,-1.7431710732354772e-09,8.5442115194091808e-18,28.000000111546079,28.072614151422002,2.3192964807789189,2.5500000000000473
57,22080,67840,4,1.4162286058202359e-15,0.00039893763544231929,2.1137767126322236e-16,-1.9784034380723897e-09,8.6833566367279775e-18,28.000000140804531,28.074513486491668,2.3173536590758208,2.5500000000000451
58,22144,68096,4,1.4162286058202359e-15,0.00039893763544231929,2.1137767126322236e-16,-2.2179036663157342e-09,8.8851273914280108e-18,28.00000017644949,28.076427739736083,2.315429603987353,2.5500000000000456
59,22208,68352,4,1.4162286058202359e-15,0.00039893763544231929,2.1137767126322236e-16,-2.4590430226284649e-09,9.0766170148970459e-18,28.000000219593421,28.078356754520531,2.3135238304202139,2.5500000000000478
60,22272,68608,4,1.4162286058202359e-15,0.00039893763544231929,2.1137767126322236e-16,-2.7022441788907164e-09,9.130926488592404e-18,28.000000271492215,28.080300378297732,2.311635873763441,2.5500000000000482
61,22336,68864,4,1.4162286058202359e-15,0.00039893763544231929,2.1137767126322236e-16,-2.9428614519587554e-09,9.4009939275557609e-18,28.000000333556496,28.082306811318723,2.3097653061329084,2.5500000000000509
62,22400,69120,4,1.4162286058202359e-15,0.00039893763544231929,2.1137767126322236e-16,-3.1831235156752785e-09,9.7191447551413658e-18,28.000000407363075,28.084366548792627,2.3079116971634481,2.5500000000000451
63,22464,69376,4,1.4162286058202359e-15,0.00039893763544231929,2.1137767126322236e-16,-3.4273458988773481e-09,1.0000194774495166e-17,28.000000494666793,28.086465531251591,2.3060746319011973,2.5500000000000496
64,22528,69632,4,1.4162286058202359e-15,0.00039893763544231929,2.1137767126322236e-16,-3.6710355402600087e-09,1.0183931854468201e-17,28.000000597412171,28.088598622539255,2.3042537148090143,2.5500000000000482
65,22592,69888,4,1.4162286058202359e-15,0.00039893763544231929,2.1137767126322236e-16,-3.9115720645523261e-09,1.0468020831994944e-17,28.000000717745031,28.090762799028365,2.3024485664391232,2.5500000000000469
66,22656,70144,4,1.4162286058202359e-15,0.00039893763544231929,2.1137767126322236e-16,-4.1505284118831415e-09,1.069634315377974e-17,28.000000858024332,28.092955980635097,2.3006588221914228,2.5500000000000482
67,22720,70400,4,1.4162286058202359e-15,0.00039893763544231929,2.1137767126322236e-16,-4.3911986473599446e-09,1.0831392693090634e-17,28.000001020834066,28.095176609122401,2.2988841313956403,2.5500000000000478
68,22784,70656,4,1.4162286058202359e-15,0.00039893763544231929,2.1137767126322236e-16,-4.6343987697270045e-09,1.100739346298719e-17,28.000001208994103,28.097423451818877,2.2971241565255105,2.5500000000000522
69,22848,70912,4,1.4162286058202359e-15,0.00039893763544231929,2.1137767126322236e-16,-4.8742252573891359e-09,1.1181229191027965e-17,28.00000142557229,28.099695495853155,2.2953785724926252,2.5500000000000518
70,22912,71168,4,1.4162286058202359e-15,0.00039893763544231929,2.1137767126322236e-16,-5.1136131696599857e-09,1.1476572891366682e-17,28.000001673895003,28.101991885335522,2.293647065999143,2.5500000000000518
71,22976,71424,4,1.4162286058202359e-15,0.00039893763544231929,2.1137767126322236e-16,-5.355772456206736e-09,1.1665868314863343e-17,28.000001957558439,28.104311881338134,2.2919293349385907,2.550000000000054
72,23040,71680,4,1.4162286058202359e-15,0.00039893763544231929,2.1137767126322236e-16,-5.5935926086667248e-09,1.1811159384133409e-17,28.000002280438732,28.106654835008097,2.2902250878384254,2.550000000000054
73,23104,71936,4,1.4162286058202359e-15,0.00039893763544231929,2.1137767126322236e-16,-5.8357670844522308e-09,1.1928809489451979e-17,28.000002646702789,28.109020168731714,2.2885340433395349,2.5500000000000571
74,23168,72192,4,1.4162286058202359e-15,0.00039893763544231929,2.1137767126322236e-16,-6.0772449291168923e-09,1.2133395553366837e-17,28.000003060817889,28.111407362484762,2.2868559297091307,2.5500000000000567
75,23232,72448,4,1.4162286058202359e-15,0.00039893763544231929,2.1137767126322236e-16,-6.3180679269450751e-09,1.2302852394039909e-17,28.000003527561194,28.113815943660494,2.2851904843842057,2.5500000000000567
76,23296,72704,4,1.4162286058202359e-15,0.00039893763544231929,2.1137767126322236e-16,-6.5578546087749651e-09,1.2492724465821097e-17,28.000004052029009,28.116245479308255,2.2835374535428943,2.5500000000000567
77,23360,72960,4,1.4162286058202359e-15,0.00039893763544231929,2.1137767126322236e-16,-6.7989179482039358e-09,1.2645232375742958e-17,28.000004639645436,28.118695570091113,2.2818965917015217,2.5500000000000567
78,23424,73216,4,1.4162286058202359e-15,0.00039893763544231929,2.1137767126322236e-16,-7.0407814591938617e-09,1.2937696660369377e-17,28.000005296170482,28.121165845499519,2.2802676613355946,2.5500000000000567
79,23488,73472,4,1.4162286058202359e-15,0.00039893763544231929,2.1137767126322236e-16,-7.281138500755418e-09,1.3212137610026455e-17,28.000006027708221,28.123655960000928,2.2786504325226704,2.5500000000000611
80,23552,73728,4,1.4162286058202359e-15,0.00039893763544231929,2.1137767126322236e-16,-7.5191442339328668e-09,1.3348023222141487e-17,28.000006840713734,28.126165589901873,2.2770446826057906,2.5500000000000638
81,23616,73984,4,1.4162286058202359e-15,0.00039893763544231929,2.1137767126322236e-16,-7.7586111515823447e-09,1.364900901804085e-17,28.000007742000065,28.128694430758635,2.2754501958759326,2.5500000000000695
82,23680,74240,4,1.4162286058202359e-15,0.00039893763544231929,2.1137767126322236e-16,-7.9973605468361569e-09,1.39351658437014e-17,28.000008738744633,28.131242195218718,2.2738667632719984,2.5500000000000735
83,23744,74496,4,1.4162286058202359e-15,0.00039893763544231929,2.1137767126322236e-16,-8.240501640900138e-09,1.421616550843541e-17,28.000009838495004,28.133808611203325,2.2722941820975433,2.5500000000000744
84,23808,74752,4,1.4162286058202359e-15,0.00039893763544231929,2.1137767126322236e-16,-8.4801407992435457e-09,1.4387277434116625e-17,28.000011049174006,28.136393420364353,2.2707322557526517,2.550000000000074
85,23872,75008,4,1.4162286058202359e-15,0.00039893763544231929,2.1137767126322236e-16,-8.7222924807625774e-09,1.4580844625091664e-17,28.000012379084861,28.138996376763309,2.2691807934803423,2.5500000000000758
86,23936,75264,4,1.4162286058202359e-15,0.00039893763544231929,2.1137767126322236e-16,-8.9632830138472613e-09,1.472828295183434e-17,28.000013836915208,28.141617245732533,2.2676396101263054,2.5500000000000744
87,24000,75520,4,1.4162286058202359e-15,0.00039893763544231929,2.1137767126322236e-16,-9.2044379319306141e-09,1.4942205093130354e-17,28.000015431740987,28.144255802886729,2.2661085259113118,2.5500000000000744
88,24064,75776,4,1.4162286058202359e-15,0.00039893763544231929,2.1137767126322236e-16,-9.4443533675389763e-09,1.5224849296319697e-17,28.000017173029601,28.146911833260216,2.2645873662152369,2.5500000000000802
89,24128,76032,4,1.4162286058202359e-15,0.00039893763544231929,2.1137767126322236e-16,-9.6842712898734412e-09,1.5521575215461989e-17,28.000019070642978,28.149585130548697,2.2630759613723033,2.5500000000000753
90,24192,76285,4,1.4162286058202359e-15,0.00039893763544231929,2.1137767126322236e-16,-9.9224608334830428e-09,1.5822464127832108e-17,28.000021134839365,28.152275496440502,2.2615741464764976,2.5500000000000735
91,24256,76479,4,1.4162286058202359e-15,0.00039893763544231929,2.1137767126322236e-16,-1.016111419184314e-08,1.5820665216794958e-17,28.000023376275646,28.154982740022945,2.2600817611968318,2.5500000000000762
92,24320,76671,4,1.4162286058202359e-15,0.00039893763544231929,2.1137767126322236e-16,-1.0405380614903775e-08,1.5965289268298577e-17,28.000025806008267,28.157706677253866,2.2585986496017032,2.5500000000000744
93,24384,76863,4,1.4162286058202359e-15,0.00039893763544231929,2.1137767126322236e-16,-1.0643491652735109e-08,1.6007103455058285e-17,28.000028435494425,28.160447130488425,2.2571246599917458,2.5500000000000744
94,24448,77055,4,1.4162286058202359e-15,0.00039893763544231929,2.1137767126322236e-16,-1.0885012654717768e-08,1.6176445214228636e-17,28.000031276592217,28.163203928053818,2.2556596447408825,2.5500000000000735
95,24512,77247,4,1.4162286058202359e-15,0.00039893763544231929,2.1137767126322236e-16,-1.1127318553153814e-08,1.6131542645254385e-17,28.00003434156099,28.16597690386628,2.254203460144919,2.5500000000000735
96,24576,77439,4,1.4162286058202359e-15,0.00039893763544231929,2.1137767126322236e-16,-1.1368740333290455e-08,1.638723006625639e-17,28.000037643060818,28.168765897084256,2.2527559662772449,2.5500000000000735
97,24640,77631,4,1.4162286058202359e-15,0.00039893763544231929,2.1137767126322236e-16,-1.1608261132318459e-08,1.6370588226307589e-17,28.000041194151812,28.171570751793677,2.2513170268513982,2.5500000000000735
98,24704,77823,4,1.4162286058202359e-15,0.00039893763544231929,2.1137767126322236e-16,-1.1848856879636565e-08,1.6556381160295548e-17,28.000045008292851,28.174391316721199,2.24988650908996,2.550000000000074
99,24768,78015,4,1.4162286058202359e-15,0.00039893763544231929,2.1137767126322236e-16,-1.2086918523819006e-08,1.6621406862224107e-17,28.000049099340508,28.177227444972718,2.2484642835993633,2.550000000000074
100,24832,78207,4,1.4162286058202359e-15,0.00039893763544231929,2.1137767126322236e-16,-1.2329599942182706e-08,1.6752075859806073e-17,28.000053481547209,28.180078993793369,2.2470502242505446,2.5500000000000744
101,24896,78399,4,1.4162286058202359e-15,0.00039893763544231929,2.1137767126322236e-16,-1.2567175115258694e-08,1.6785921919122634e-17,28.000058169559278,28.182945824347758,2.2456442080647996,2.550000000000074
102,24960,78591,4,1.4162286058202359e-15,0.00039893763544231929,2.1137767126322236e-16,-1.2807188369321781e-08,1.6953145475539391e-17,28.000063178414727,28.185827801517302,2.2442461151048625,2.550000000000074
103,25024,78783,4,1.4162286058202359e-15,0.00039893763544231929,2.1137767126322236e-16,-1.3047482469911458e-08,1.7031964207387118e-17,28.000068523540772,28.188724793713398,2.242855828370645,2.5500000000000744
104,25088,78975,4,1.4162286058202359e-15,0.00039893763544231929,2.1137767126322236e-16,-1.3288396667356944e-08,1.7210283357745508e-17,28.000074220751298,28.191636672704732,2.241473233699637,2.550000000000074
105,25152,79167,4,1.4162286058202359e-15,0.00039893763544231929,2.1137767126322236e-16,-1.3527937366265302e-08,1.7268432293651607e-17,28.000080286244156,28.194563313457262,2.2400982196715598,2.550000000000074
106,25216,79359,4,1.4162286058202359e-15,0.00039893763544231929,2.1137767126322236e-16,-1.3770093639597374e-08,1.7410278259067966e-17,28.000086736597893,28.197504593985684,2.2387306775170286,2.5500000000000727
107,25280,79551,4,1.4162286058202359e-15,0.00039893763544231929,2.1137767126322236e-16,-1.4009831431715541e-08,1.7498846348410397e-17,28.000093588769023,28.20046039521527,2.2373705010302714,2.550000000000074
108,25344,79743,4,1.4162286058202359e-15,0.00039893763544231929,2.1137767126322236e-16,-1.4248772311818164e-08,1.7493448994913488e-17,28.000100860088757,28.20343060085305,2.2360175864853131,2.5500000000000735
109,25408,79935,4,1.4162286058202359e-15,0.00039893763544231929,2.1137767126322236e-16,-1.4490162815757895e-08,1.7611776044165857e-17,28.000108568259531,28.206415097267683,2.2346718325557693,2.550000000000074
110,25472,80127,4,1.4162286058202359e-15,0.00039893763544231929,2.1137767126322236e-16,-1.4734013050033706e-08,1.7775937998340401e-17,28.000116731351824,28.209413773376998,2.2333331402378929,2.5500000000000735
111,25536,80319,4,1.4162286058202359e-15,0.00039893763544231929,2.1137767126322236e-16,-1.4975365031836568e-08,1.7838470164312419e-17,28.000125367800717,28.212426520543051,2.2320014127767926,2.5500000000000727
112,25600,80511,4,1.4162286058202359e-15,0.00039893763544231929,2.1137767126322236e-16,-1.521151134614514e-08,1.7838662793997567e-17,28.000134496402364,28.215453232473077,2.2306765555956192,2.5500000000000735
113,25664,80703,4,1.4162286058202359e-15,0.00039893763544231929,2.1137767126322236e-16,-1.544907714824491e-08,1.7959096879065261e-17,28.000144136310489,28.21849380512721,2.2293584762275671,2.5500000000000731
114,25728,80895,4,1.4162286058202359e-15,0.00039893763544231929,2.1137767126322236e-16,-1.5690316912520835e-08,1.8042616581731705e-17,28.000154307032691,28.221548136630876,2.228047084250687,2.5500000000000735
115,25792,81087,4,1.4162286058202359e-15,0.00039893763544231929,2.1137767126322236e-16,-1.593244030416942e-08,1.8127568857821513e-17,28.000165028426977,28.224616127193137,2.2267422912250989,2.5500000000000731
116,25856,81279,4,1.4162286058202359e-15,0.00039893763544231929,2.1137767126322236e-16,-1.6173269518379179e-08,1.8098375689450562e-17,28.000176320698195,28.227697679029077,2.2254440106328173,2.5500000000000735
117,25920,81471,4,1.4162286058202359e-15,0.00039893763544231929,2.1137767126322236e-16,-1.641188822390312e-08,1.8253486840157704e-17,28.000188204394103,28.230792696286656,2.2241521578198089,2.5500000000000722
118,25984,81663,4,1.4162286058202359e-15,0.00039893763544231929,2.1137767126322236e-16,-1.6652567080955599e-08,1.842808471173537e-17,28.000200700401756,28.233901084977813,2.2228666499403098,2.5500000000000731
119,26048,81855,4,1.4162286058202359e-15,0.00039893763544231929,2.1137767126322236e-16,-1.6895650958635172e-08,1.8495220758201705e-17,28.00021382994391,28.237022752912996,2.2215874059032639,2.5500000000000735
120,26112,82047,4,1.4162286058202359e-15,0.00039893763544231929,2.1137767126322236e-16,-1.7134360104834894e-08,1.8638720774650441e-17,28.000227614575135,28.240157609639223,2.2203143463207615,2.5500000000000727
121,26176,82239,4,1.4162286058202359e-15,0.00039893763544231929,2.1137767126322236e-16,-1.7373439406329921e-08,1.8766645393755109e-17,28.000242076178036,28.243244419264823,2.2190473876012056,2.5500000000000727
122,26240,82431,4,1.4162286058202359e-15,0.00039893763544231929,2.1137767126322236e-16,-1.7614373953816503e-08,1.8848844088983305e-17,28.000257236959445,28.24629493217331,2.2177864547039614,2.5500000000000722
123,26304,82623,4,1.4162286058202359e-15,0.00039893763544231929,2.1137767126322236e-16,-1.7855987132933143e-08,1.8845387714793752e-17,28.000273119446643,28.249326665198094,2.2165314747377001,2.5500000000000731
124,26368,82815,4,1.4162286058202359e-15,0.00039893763544231929,2.1137767126322236e-16,-1.8094265575049356e-08,1.8985013424048442e-17,28.000289746483325,28.252345855698231,2.2152823752513155,2.5500000000000727
125,26432,83007,4,1.4162286058202359e-15,0.00039893763544231929,2.1137767126322236e-16,-1.8332031871284309e-08,1.912690281644696e-17,28.000307141225651,28.255356074974639,2.2140390850122844,2.5500000000000731
126,26496,83199,4,1.4162286058202359e-15,0.00039893763544231929,2.1137767126322236e-16,-1.857245461636488e-08,1.931398739296142e-17,28.000325327138441,28.258359706484658,2.212801534106335,2.5500000000000722
127,26560,83391,4,1.4162286058202359e-15,0.00039893763544231929,2.1137767126322236e-16,-1.881370956467539e-08,1.9496683259338404e-17,28.000344327990927,28.261358478966248,2.2115696539484699,2.5500000000000731
128,26624,83583,4,1.4162286058202359e-15,0.00039893763544231929,2.1137767126322236e-16,-1.9053700940405998e-08,1.9744751209525454e-17,28.000364167852712,28.264353714487921,2.210343377268349,2.5500000000000731
129,26656,83711,4,1.4162286058202359e-15,0.00039893763544231929,2.1137767126322236e-16,-1.9244826115120422e-08,1.9891448796029589e-17,28.000384878022935,28.267346449452273,2.2091226808482092,2.5500000000000704
130,26688,83839,4,1.4162286058202359e-15,0.00039893763544231929,2.1137767126322236e-16,-1.9437155555688551e-08,2.0201243031476877e-17,28.000406476617293,28.270337562660377,2.2079074562363523,2.5500000000000647
131,26720,83967,4,1.4162286058202359e-15,0.00039893763544231929,2.1137767126322236e-16,-1.9628179429490871e-08,2.0549682731552336e-17,28.0004289885883,28.273327763399681,2.2066976399727691,2.5500000000000558
132,26752,84095,4,1.4162286058202359e-15,0.00039893763544231929,2.1137767126322236e-16,-1.9821063315437498e-08,2.0808922376297374e-17,28.000452439171355,28.276317652174576,2.2054931698004965,2.5500000000000571
133,26784,84223,4,1.4162286058202359e-15,0.00039893763544231929,2.1137767126322236e-16,-2.0012411301504623e-08,2.1090097196526093e-17,28.000476853880745,28.279307744136268,2.2042939846347549,2.5500000000000576
134,26816,84351,4,1.4162286058202359e-15,0.00039893763544231929,2.1137767126322236e-16,-2.0206372721346693e-08,2.1422910214059507e-17,28.000502258505179,28.28229848605487,2.2031000245333319,2.5500000000000611
135,26848,84479,4,1.4162286058202359e-15,0.00039893763544231929,2.1137767126322236e-16,-2.0401896877240438e-08,2.1568987001513921e-17,28.000528679103148,28.285290268954821,2.2019112306677884,2.5500000000000584
136,26880,84607,4,1.4162286058202359e-15,0.00039893763544231929,2.1137767126322236e-16,-2.0595614512922982e-08,2.1758652484937124e-17,28.000556141998583,28.288283437740848,2.2007275452953663,2.5500000000000611
137,26912,84735,4,1.4162286058202359e-15,0.00039893763544231929,2.1137767126322236e-16,-2.0791848684196551e-08,2.1887653783006606e-17,28.000584673775876,28.291278298674996,2.1995489117316822,2.5500000000000624
138,26944,84863,4,1.4162286058202359e-15,0.00039893763544231929,2.1137767126322236e-16,-2.0987068111625611e-08,2.2148315971610082e-17,28.000614301275192,28.294275125284713,2.198375274324095,2.5500000000000616
139,26976,84991,4,1.4162286058202359e-15,0.00039893763544231929,2.1137767126322236e-16,-2.1182563814584903e-08,2.2504265437671757e-17,28.00064505158754,28.29727416309947,2.1972065784260586,2.5500000000000624
140,27008,85119,4,1.4162286058202359e-15,0.00039893763544231929,2.1137767126322236e-16,-2.1374029373270336e-08,2.2772949830650925e-17,28.000676952050139,28.300275633498124,2.1960427703720504,2.5500000000000616
141,27040,85247,4,1.4162286058202359e-15,0.00039893763544231929,2.1137767126322236e-16,-2.1567317203456132e-08,2.2970858996058831e-17,28.000710030240981,28.303279736870348,2.1948837974533024,2.5500000000000602
142,27072,85375,4,1.4162286058202359e-15,0.00039893763544231929,2.1137767126322236e-16,-2.1761878077812007e-08,2.3027900957510181e-17,28.000744313974209,28.306286655240477,2.1937296078943134,2.5500000000000616
143,27104,85503,4,1.4162286058202359e-15,0.00039893763544231929,2.1137767126322236e-16,-2.1955034131463674e-08,2.3140803046112697e-17,28.000779831294764,28.309296554466201,2.1925801508300422,2.5500000000000651
144,27136,85631,4,1.4162286058202359e-15,0.00039893763544231929,2.1137767126322236e-16,-2.2152626632852295e-08,2.3472522944466622e-17,28.000816610473315,28.31230958609526,2.1914353762837364,2.5500000000000602
145,27168,85759,4,1.4162286058202359e-15,0.00039893763544231929,2.1137767126322236e-16,-2.2349351408210998e-08,2.3758897835616156e-17,28.000854680000796,28.315325888946543,2.1902952351455571,2.5500000000000647
146,27200,85887,4,1.4162286058202359e-15,0.00039893763544231929,2.1137767126322236e-16,-2.2544755184703851e-08,2.4046172492476994e-17,28.000894068583378,28.318345590464403,2.1891596791517149,2.5500000000000673
147,27232,86015,4,1.4162286058202359e-15,0.00039893763544231929,2.1137767126322236e-16,-2.27378818347926e-08,2.4356065369212329e-17,28.000934805136801,28.32136880788731,2.1880286608643114,2.5500000000000704
148,27264,86143,4,1.4162286058202359e-15,0.00039893763544231929,2.1137767126322236e-16,-2.2931537023899456e-08,2.4593896959319034e-17,28.000976918781294,28.324395649260705,2.1869021336517833,2.5500000000000611
149,27296,86271,4,1.4162286058202359e-15,0.00039893763544231929,2.1137767126322236e-16,-2.3129416955090259e-08,2.4810624483662522e-17,28.001020438835827,28.327426214320965,2.185780051669886,2.5500000000000655
150,27328,86399,4,1.4162286058202359e-15,0.00039893763544231929,2.1137767126322236e-16,-2.3325664674554175e-08,2.4972198086302811e-17,28.001065394812755,28.330460595269759,2.1846623698433629,2.5500000000000651
151,27360,86527,4,1.4162286058202359e-15,0.00039893763544231929,2.1137767126322236e-16,-2.3521591352213838e-08,2.5277273463150637e-17,28.00111181641196,28.333498877455487,2.1835490438478953,2.5500000000000687
152,27392,86655,4,1.4162286058202359e-15,0.00039893763544231929,2.1137767126322236e-16,-2.3718139994159131e-08,2.5498219608618145e-17,28.001159733515522,28.336541139976212,2.1824400300929501,2.5500000000000789
153,27424,86783,4,1.4162286058202359e-15,0.00039893763544231929,2.1137767126322236e-16,-2.3911878564484584e-08,2.5924778245743112e-17,28.00120917618192,28.33958745621393,2.1813352857047827,2.5500000000000842
154,27456,86911,4,1.4162286058202359e-15,0.00039893763544231929,2.1137767126322236e-16,-2.410408474601085e-08,2.6140863464340952e-17,28.001260174640155,28.342637894311444,2.1802347685101995,2.550000000000086
155,27488,87039,4,1.4162286058202359e-15,0.00039893763544231929,2.1137767126322236e-16,-2.4299149075283371e-08,2.6546336026881024e-17,28.001312759283831,28.345692517597943,2.1791384370206139,2.5500000000000851
156,27520,87167,4,1.4162286058202359e-15,0.00039893763544231929,2.1137767126322236e-16,-2.449841716689412e-08,2.701193738212334e-17,28.00136696066566,28.348751384970825,2.1780462504166547,2.5500000000000882
157,27552,87295,4,1.4162286058202359e-15,0.00039893763544231929,2.1137767126322236e-16,-2.4695047240228823e-08,2.7394782005416718e-17,28.001422809490997,28.351814551239247,2.1769581685331536,2.5500000000000922
158,27584,87423,4,1.4162286058202359e-15,0.00039893763544231929,2.1137767126322236e-16,-2.4887876690552773e-08,2.7614085163392542e-17,28.001480336612016,28.354882067433881,2.1758741518446487,2.5500000000000904
159,27616,87551,4,1.4162286058202359e-15,0.00039893763544231929,2.1137767126322236e-16,-2.5084702961112609e-08,2.7808067495637506e-17,28.001539573021464,28.357953981086951,2.1747941614511919,2.5500000000000869
160,27648,87679,4,1.4162286058202359e-15,0.00039893763544231929,2.1137767126322236e-16,-2.5274723751881628e-08,2.8080396653190736e-17,28.001600549846287,28.361030336486404,2.1737181590646562,2.5500000000000935
161,27680,87807,4,1.4162286058202359e-15,0.00039893763544231929,2.1137767126322236e-16,-2.5471429407118178e-08,2.829157958588828e-17,28.001663298341331,28.364111174906647,2.1726461069953351,2.5500000000000935
162,27712,87935,4,1.4162286058202359e-15,0.00039893763544231929,2.1137767126322236e-16,-2.5666387130694207e-08,2.8675377328042471e-17,28.001727849882631,28.367196534819186,2.1715779681389633,2.5500000000000878
163,27744,88063,4,1.4162286058202359e-15,0.00039893763544231929,2.1137767126322236e-16,-2.5860498666566994e-08,2.8909916532516063e-17,28.001794235960858,28.370286452084404,2.1705137059641362,2.5500000000000824
164,27776,88191,4,1.4162286058202359e-15,0.00039893763544231929,2.1137767126322236e-16,-2.6054464055456377e-08,2.9340067821836501e-17,28.001862488174506,28.373380960127182,2.169453284499979,2.5500000000000878
165,27808,88319,4,1.4162286058202359e-15,0.00039893763544231929,2.1137767126322236e-16,-2.6249980030394209e-08,2.9730838282964208e-17,28.001932638222829,28.376480090098152,2.1683966683242009,2.5500000000000886
166,27840,88447,4,1.4162286058202359e-15,0.00039893763544231929,2.1137767126322236e-16,-2.644466642587136e-08,2.9906881962855041e-17,28.002004717898583,28.379583871021275,2.1673438225515187,2.5500000000000895
167,27872,88575,4,1.4162286058202359e-15,0.00039893763544231929,2.1137767126322236e-16,-2.6639047568997337e-08,3.0189483876435567e-17,28.002078759081023,28.382692329929988,2.1662947128223156,2.550000000000086
168,27904,88703,4,1.4162286058202359e-15,0.00039893763544231929,2.1137767126322236e-16,-2.6827518894349272e-08,3.0373450499028585e-17,28.002154793728185,28.385805491992461,2.1652493052916619,2.550000000000086
169,27936,88831,4,1.4162286058202359e-15,0.00039893763544231929,2.1137767126322236e-16,-2.7025687167806805e-08,3.0644766567126591e-17,28.002232853869355,28.388923380627293,2.1642075666185621,2.5500000000000869
170,27968,88959,4,1.4162286058202359e-15,0.00039893763544231929,2.1137767126322236e-16,-2.722055835296751e-08,3.1002224603830409e-17,28.002312971597444,28.392046017610287,2.1631694639556223,2.5500000000000882
171,28000,89087,4,1.4162286058202359e-15,0.00039893763544231929,2.1137767126322236e-16,-2.7415770057407656e-08,3.1237757252219677e-17,28.002395179060773,28.395173423173528,2.1621349649388044,2.5500000000000855
172,28032,89215,4,1.4162286058202359e-15,0.00039893763544231929,2.1137767126322236e-16,-2.7611404042114112e-08,3.1608637328337934e-17,28.002479508455252,28.398305616096994,2.1611040376775725,2.5500000000000957
173,28064,89343,4,1.4162286058202359e-15,0.00039893763544231929,2.1137767126322236e-16,-2.7804475597385264e-08,3.1846919111493022e-17,28.002565992016134,28.40144261379384,2.1600766507452938,2.5500000000001051
174,28096,89471,4,1.4162286058202359e-15,0.00039893763544231929,2.1137767126322236e-16,-2.7997981610681527e-08,3.2111432859823698e-17,28.002654662009707,28.404584432389349,2.159052773169845,2.5500000000001015
175,28128,89599,4,1.4162286058202359e-15,0.00039893763544231929,2.1137767126322236e-16,-2.8191834540917409e-08,3.2413570297930889e-17,28.002745550724754,28.407731086794541,2.1580323744244723,2.5500000000000957
176,28160,89727,4,1.4162286058202359e-15,0.00039893763544231929,2.1137767126322236e-16,-2.8387428234936412e-08,3.296010734700361e-17,28.002838690464372,28.410882590774882,2.1570154244189381,2.5500000000000989
177,28192,89855,4,1.4162286058202359e-15,0.00039893763544231929,2.1137767126322236e-16,-2.8581757367583132e-08,3.3146028390588938e-17,28.002934113536938,28.414038957014366,2.156001893490755,2.5500000000001073
178,28224,89983,4,1.4162286058202359e-15,0.00039893763544231929,2.1137767126322236e-16,-2.8774635504656159e-08,3.3373673251452054e-17,28.003031852247709,28.41720019717485,2.1549917523968243,2.5500000000001113
179,28256,90111,4,1.4162286058202359e-15,0.00039893763544231929,2.1137767126322236e-16,-2.8969187677639079e-08,3.3875348160002961e-17,28.003131938890238,28.420366321952255,2.1539849723052025,2.5500000000001073
180,28288,90239,4,1.4162286058202359e-15,0.00039893763544231929,2.1137767126322236e-16,-2.916352736087398e-08,3.4203411299663942e-17,28.003234405737356,28.423537341128732,2.1529815247869513,2.5500000000001086
181,28320,90367,4,1.4162286058202359e-15,0.00039893763544231929,2.1137767126322236e-16,-2.9355731256034706e-08,3.434944879603926e-17,28.003339285032656,28.426663568016824,2.1519813877360559,2.5500000000001033
182,28352,90495,4,1.4162286058202359e-15,0.00039893763544231929,2.1137767126322236e-16,-2.955014455746448e-08,3.4669552597051103e-17,28.003446608981704,28.429755025257588,2.1509845323576338,2.5500000000001064
183,28384,90623,4,1.4162286058202359e-15,0.00039893763544231929,2.1137767126322236e-16,-2.9747149532297917e-08,3.4912196310371336e-17,28.003556409743322,28.432825805710451,2.1499909297142121,2.550000000000106
184,28416,90751,4,1.4162286058202359e-15,0.00039893763544231929,2.1137767126322236e-16,-2.993978825324513e-08,3.5140076917709029e-17,28.003668719420919,28.435881010815784,2.1490005523083338,2.5500000000000917
185,28448,90879,4,1.4162286058202359e-15,0.00039893763544231929,2.1137767126322236e-16,-3.0136539340889517e-08,3.5568226223151936e-17,28.003783570054065,28.438923594030989,2.1480133732630518,2.550000000000102
186,28480,91007,4,1.4162286058202359e-15,0.00039893763544231929,2.1137767126322236e-16,-3.0328960607310123e-08,3.580921536845191e-17,28.003900993609648,28.441955549641719,2.1470293661740238,2.5500000000001122
187,28512,91135,4,1.4162286058202359e-15,0.00039893763544231929,2.1137767126322236e-16,-3.0522385033091864e-08,3.6075774734437429e-17,28.004021021973802,28.444978342185216,2.1460485050518434,2.5500000000000997
188,28544,91263,4,1.4162286058202359e-15,0.00039893763544231929,2.1137767126322236e-16,-3.0712981176126713e-08,3.6449753635925463e-17,28.004143686943276,28.447993106433781,2.1450707642916913,2.5500000000000984
189,28576,91391,4,1.4162286058202359e-15,0.00039893763544231929,2.1137767126322236e-16,-3.0906886845425712e-08,3.6681596231602132e-17,28.004269020217766,28.451000755170469,2.1440961186541361,2.5500000000000984
190,28608,91519,4,1.4162286058202359e-15,0.00039893763544231929,2.1137767126322236e-16,-3.110417770268799e-08,3.6942361197396717e-17,28.004397053391234,28.454002043192979,2.1431245432513317,2.5500000000001015
191,28640,91647,4,1.4162286058202359e-15,0.00039893763544231929,2.1137767126322236e-16,-3.1297113269516413e-08,3.7241428141070111e-17,28.004527817944542,28.456997608073703,2.1421560135359563,2.5500000000000944
192,28672,91775,4,1.4162286058202359e-15,0.00039893763544231929,2.1137767126322236e-16,-3.1491036799528321e-08,3.7559321095099753e-17,28.004661345237487,28.459987997528739,2.1411905052920424,2.5500000000000957
193,28704,91903,4,1.4162286058202359e-15,0.00039893763544231929,2.1137767126322236e-16,-3.1686178795840308e-08,3.7963615752447549e-17,28.00479766650135,28.462973688575804,2.140227994626891,2.5500000000000909
194,28736,92031,4,1.4162286058202359e-15,0.00039893763544231929,2.1137767126322236e-16,-3.1881181979579747e-08,3.8074125014333102e-17,28.004936812831609,28.465955101403885,2.1392684579636461,2.5500000000000953
195,28768,92159,4,1.4162286058202359e-15,0.00039893763544231929,2.1137767126322236e-16,-3.2074916247790979e-08,3.8371515469700004e-17,28.005078815180639,28.468932609696978,2.138311872034576,2.5500000000000971
196,28800,92287,4,1.4162286058202359e-15,0.00039893763544231929,2.1137767126322236e-16,-3.2267700970004825e-08,3.8636914094490958e-17,28.005223704350943,28.471906548499597,2.1373582138746152,2.5500000000000922
197,28832,92415,4,1.4162286058202359e-15,0.00039893763544231929,2.1137767126322236e-16,-3.2462815706872111e-08,3.8910947657696354e-17,28.005371510988404,28.474877220330374,2.136407460815374,2.5500000000000873
198,28864,92543,4,1.4162286058202359e-15,0.00039893763544231929,2.1137767126322236e-16,-3.2660397116438827e-08,3.9103183398077912e-17,28.005522265575785,28.47784490001672,2.1354595904793374,2.55000000000007
199,28896,92671,4,1.4162286058202359e-15,0.00039893763544231929,2.1137767126322236e-16,-3.2855564831761069e-08,3.93572107709881e-17,28.005675998426337,28.480809838574668,2.1345145807743711,2.550000000000062
200,28928,92799,4,1.4162286058202359e-15,0.00039893763544231929,2.1137767126322236e-16,-3.3049851515724332e-08,3.9666127574600622e-17,28.005832739678006,28.483772266365094,2.1335724098883029,2.5500000000000589
201,28960,92927,4,1.4162286058202359e-15,0.00039893763544231929,2.1137767126322236e-16,-3.324731457898607e-08,3.9857110756739622e-17,28.005992519287396,28.486732395690719,2.1326330562838445,2.5500000000000633
202,28992,93055,4,1.4162286058202359e-15,0.00039893763544231929,2.1137767126322236e-16,-3.3439460447646523e-08,4.0100568002192301e-17,28.00615536702443,28.489690422955956,2.1316964986935258,2.5500000000000571
203,29024,93183,4,1.4162286058202359e-15,0.00039893763544231929,2.1137767126322236e-16,-3.3636139089769106e-08,4.0372698222808212e-17,28.006321312466856,28.492646530479469,2.130762716114849,2.5500000000000598
204,29056,93311,4,1.4162286058202359e-15,0.00039893763544231929,2.1137767126322236e-16,-3.383042366777807e-08,4.068647843483224e-17,28.006490384995356,28.495600888029269,2.1298316878056123,2.5500000000000642
205,29088,93439,4,1.4162286058202359e-15,0.00039893763544231929,2.1137767126322236e-16,-3.4031220838335612e-08,4.09011845365538e-17,28.006662613788418,28.498553654131758,2.1289033932792507,2.5500000000000633
206,29120,93567,4,1.4162286058202359e-15,0.00039893763544231929,2.1137767126322236e-16,-3.4226274873759027e-08,4.1155323992436989e-17,28.006838027818041,28.501504977196866,2.127977812300438,2.5500000000000602
207,29152,93695,4,1.4162286058202359e-15,0.00039893763544231929,2.1137767126322236e-16,-3.4422692755718148e-08,4.1456725446594161e-17,28.007016655845245,28.504454996490946,2.1270549248806527,2.550000000000062
208,29184,93823,4,1.4162286058202359e-15,0.00039893763544231929,2.1137767126322236e-16,-3.4614091531019203e-08,4.197855833308268e-17,28.00719852641603,28.507403842982697,2.1261347112739681,2.5500000000000629
209,29216,93951,4,1.4162286058202359e-15,0.00039893763544231929,2.1137767126322236e-16,-3.4811447905317721e-08,4.221476720162271e-17,28.00738366785734,28.510351640083304,2.125217151972874,2.5500000000000709
210,29248,94079,4,1.4162286058202359e-15,0.00039893763544231929,2.1137767126322236e-16,-3.5007212934504999e-08,4.2605948357924549e-17,28.007572108273589,28.513298504297378,2.1243022277042511,2.5500000000000758
211,29280,94207,4,1.4162286058202359e-15,0.00039893763544231929,2.1137767126322236e-16,-3.520202370618593e-08,4.2785088795233627e-17,28.007763875543219,28.516244545797122,2.1233899194253874,2.5500000000000758
212,29312,94335,4,1.4162286058202359e-15,0.00039893763544231929,2.1137767126322236e-16,-3.5397590314232579e-08,4.311506499685629e-17,28.007958997315235,28.519189868932376,2.1224802083201282,2.5500000000000895
213,29344,94463,4,1.4162286058202359e-15,0.00039893763544231929,2.1137767126322236e-16,-3.5588963707059734e-08,4.3205063488272979e-17,28.008157501006355,28.522134572684486,2.121573075795085,2.5500000000000789
214,29376,94591,4,1.4162286058202359e-15,0.00039893763544231929,2.1137767126322236e-16,-3.5781450389902619e-08,4.3497684006637594e-17,28.008359413798541,28.525078751072297,2.1206685034759065,2.5500000000000798
215,29408,94719,4,1.4162286058202359e-15,0.00039893763544231929,2.1137767126322236e-16,-3.5974696288352553e-08,4.3847081168272083e-17,28.008564762635675,28.52802249351625,2.11976647320374,2.5500000000000886
216,29440,94847,4,1.4162286058202359e-15,0.00039893763544231929,2.1137767126322236e-16,-3.616656476085141e-08,4.4095226666641559e-17,28.008773574221564,28.530965885166612,2.1188669670316322,2.5500000000000802
217,29472,94975,4,1.4162286058202359e-15,0.00039893763544231929,2.1137767126322236e-16,-3.6360291181173637e-08,4.4336467688438056e-17,28.008985875017423,28.533909007199252,2.1179699672210566,2.5500000000000891
218,29504,95103,4,1.4162286058202359e-15,0.00039893763544231929,2.1137767126322236e-16,-3.655408148442259e-08,4.447362229901032e-17,28.009201691239845,28.536851937084187,2.1170754562386032,2.550000000000082
219,29536,95231,4,1.4162286058202359e-15,0.00039893763544231929,2.1137767126322236e-16,-3.6747542322050091e-08,4.4675894221763984e-17,28.009421048858616,28.539794748829145,2.1161834167525759,2.550000000000086
220,29568,95359,4,1.4162286058202359e-15,0.00039893763544231929,2.1137767126322236e-16,-3.6941947865796481e-08,4.5045504368846819e-17,28.009643973594795,28.542737513201384,2.115293831629824,2.5500000000000873
221,29600,95487,4,1.4162286058202359e-15,0.00039893763544231929,2.1137767126322236e-16,-3.7136781223577069e-08,4.5349154306704063e-17,28.009870490918804,28.545680297930687,2.1144066839325184,2.5500000000000855
222,29632,95615,4,1.4162286058202359e-15,0.00039893763544231929,2.1137767126322236e-16,-3.7330758595936225e-08,4.5562370862937569e-17,28.010100626048803,28.548623167894334,2.1135219569150459,2.5500000000000829
223,29664,95743,4,1.4162286058202359e-15,0.00039893763544231929,2.1137767126322236e-16,-3.7525044693562953e-08,4.582916556180736e-17,28.010334403948526,28.551566185287619,2.1126396340209936,2.5500000000000873
224,29696,95871,4,1.4162286058202359e-15,0.00039893763544231929,2.1137767126322236e-16,-3.7719910223525127e-08,4.6115600423551304e-17,28.010571849326219,28.554509409779953,2.1117596988801268,2.5500000000000855
225,29728,95999,4,1.4162286058202359e-15,0.00039893763544231929,2.1137767126322236e-16,-3.7916427671672875e-08,4.6384054653525029e-17,28.010812986632466,28.557452898659047,2.1108821353055172,2.5500000000000802
226,29760,96127,4,1.4162286058202359e-15,0.00039893763544231929,2.1137767126322236e-16,-3.8114053785063567e-08,4.6645770256638591e-17,28.011057840058587,28.5603967069638,2.1100069272906197,2.5500000000000842
227,29792,96255,4,1.4162286058202359e-15,0.00039893763544231929,2.1137767126322236e-16,-3.8308112536770427e-08,4.6925037598374763e-17,28.011306433535246,28.563340887607232,2.109134059006502,2.550000000000086
228,29824,96383,4,1.4162286058202359e-15,0.00039893763544231929,2.1137767126322236e-16,-3.850082077155677e-08,4.7094125516494637e-17,28.011558790730529,28.566285491490216,2.1082635147991251,2.5500000000000784
229,29856,96511,4,1.4162286058202359e-15,0.00039893763544231929,2.1137767126322236e-16,-3.8696861666879539e-08,4.7100601099920008e-17,28.011814935048243,28.569230567607242,2.1073952791865902,2.5500000000000878
230,29888,96639,4,1.4162286058202359e-15,0.00039893763544231929,2.1137767126322236e-16,-3.8892388515064119e-08,4.7244621309576462e-17,28.012074889626511,28.572176163144462,2.106529336856533,2.5500000000000926
231,29920,96767,4,1.4162286058202359e-15,0.00039893763544231929,2.1137767126322236e-16,-3.9087047779466105e-08,4.7418784807934962e-17,28.012338677335858,28.57512232357114,2.1056656726635206,2.5500000000000935
232,29952,96895,4,1.4162286058202359e-15,0.00039893763544231929,2.1137767126322236e-16,-3.9275483293186602e-08,4.7639928442773717e-17,28.012606320777326,28.578069092724657,2.1048042716265392,2.5500000000000922
233,29984,97023,4,1.4162286058202359e-15,0.00039893763544231929,2.1137767126322236e-16,-3.9469469120587979e-08,4.7839482456829684e-17,28.012877842281114,28.58101651289007,2.1039451189264988,2.5500000000000926
234,30016,97151,4,1.4162286058202359e-15,0.00039893763544231929,2.1137767126322236e-16,-3.9664239702195419e-08,4.8036523702979869e-17,28.01315326390425,28.583964624874433,2.1030881999037621,2.5500000000000949
235,30048,97279,4,1.4162286058202359e-15,0.00039893763544231929,2.1137767126322236e-16,-3.9860509324277942e-08,4.8526204492648758e-17,28.013432607429419,28.586913468076283,2.1022335000558026,2.5500000000000993
236,30080,97407,4,1.4162286058202359e-15,0.00039893763544231929,2.1137767126322236e-16,-4.0054390544384271e-08,4.8896918512259045e-17,28.013715894362416,28.589863080550742,2.1013810050348267,2.5500000000001002
237,30112,97535,4,1.4162286058202359e-15,0.00039893763544231929,2.1137767126322236e-16,-4.0249039570448302e-08,4.9248300286978202e-17,28.014003145931067,28.592813499070783,2.1005307006454772,2.5500000000000997
238,30144,97663,4,1.4162286058202359e-15,0.00039893763544231929,2.1137767126322236e-16,-4.0444807479276551e-08,4.9518854521732046e-17,28.014294383082795,28.595764759184362,2.0996825728425912,2.5500000000000989
239,30176,97791,4,1.4162286058202359e-15,0.00039893763544231929,2.1137767126322236e-16,-4.0640606037199172e-08,4.9794775711095288e-17,28.014589626482913,28.598716895268652,2.0988366077289764,2.5500000000000989
240,30208,97919,4,1.4162286058202359e-15,0.00039893763544231929,2.1137767126322236e-16,-4.0840620986246928e-08,5.0221504127040981e-17,28.01488889651311,28.601669940580845,2.0979927915532341,2.5500000000000957
241,30240,98047,4,1.4162286058202359e-15,0.00039893763544231929,2.1137767126322236e-16,-4.1039043271793601e-08,5.0600344162193836e-17,28.015192213269245,28.604782667222693,2.0971510943187708,2.5500000000000984
242,30272,98175,4,1.4162286058202359e-15,0.00039893763544231929,2.1137767126322236e-16,-4.1233415120271193e-08,5.1056442246173684e-17,28.015499596559835,28.608023117452692,2.0963115057366397,2.5500000000001002
243,30304,98303,4,1.4162286058202359e-15,0.00039893763544231929,2.1137767126322236e-16,-4.1424359849049646e-08,5.1316060946434425e-17,28.015811065904053,28.61134632879233,2.095474017102315,2.5500000000000944
244,30336,98431,4,1.4162286058202359e-15,0.00039893763544231929,2.1137767126322236e-16,-4.1616658172148063e-08,5.1374736589595567e-17,28.016126640530324,28.614736056262497,2.0946386168983127,2.5500000000000957
245,30368,98559,4,1.4162286058202359e-15,0.00039893763544231929,2.1137767126322236e-16,-4.1812600247213299e-08,5.1669194482895816e-17,28.016446339374482,28.618182912931648,2.0938052930383706,2.5500000000001006
246,30400,98687,4,1.4162286058202359e-15,0.00039893763544231929,2.1137767126322236e-16,-4.2006109181783896e-08,5.2034540927511246e-17,28.016770181078218,28.621680572713579,2.0929740332554356,2.5500000000000957
247,30432,98815,4,1.4162286058202359e-15,0.00039893763544231929,2.1137767126322236e-16,-4.2199438083282708e-08,5.2202061545165485e-17,28.017098183987624,28.625224398826035,2.0921448252405881,2.5500000000001002
248,30464,98943,4,1.4162286058202359e-15,0.00039893763544231929,2.1137767126322236e-16,-4.2395646379420909e-08,5.2406716368468761e-17,28.017430366151817,28.628810805127255,2.091317656706746,2.5500000000000975
249,30496,99071,4,1.4162286058202359e-15,0.00039893763544231929,2.1137767126322236e-16,-4.258989562805156e-08,5.2522874033167133e-17,28.017766745321527,28.632436911981106,2.0904925154221816,2.5500000000000962
250,30528,99199,4,1.4162286058202359e-15,0.00039893763544231929,2.1137767126322236e-16,-4.2785213979821562e-08,5.2822830816384481e-17,28.01810733894774,28.636100341931616,2.0896693892297029,2.5500000000000966
251,30560,99327,4,1.4162286058202359e-15,0.00039893763544231929,2.1137767126322236e-16,-4.2983165971425557e-08,5.3118768329005434e-17,28.01845216418085,28.639799089618538,2.0888482660582439,2.5500000000000966
252,30592,99455,4,1.4162286058202359e-15,0.00039893763544231929,2.1137767126322236e-16,-4.3180814344787893e-08,5.343571995149799e-17,28.0188012378694,28.643531434461082,2.0880291339300716,2.5500000000000971
253,30624,99583,4,1.4162286058202359e-15,0.00039893763544231929,2.1137767126322236e-16,-4.3373999045663041e-08,5.3690781506969022e-17,28.019154576559327,28.647295879562865,2.0872119809654022,2.5500000000000966
254,30656,99711,4,1.4162286058202359e-15,0.00039893763544231929,2.1137767126322236e-16,-4.3570543957952861e-08,5.3906933727196479e-17,28.019512196493132,28.651091107505454,2.0863967953852338,2.5500000000000957
255,30688,99839,4,1.4162286058202359e-15,0.00039893763544231929,2.1137767126322236e-16,-4.3764329924393124e-08,5.4117081443357413e-17,28.01987411360912,28.654915947462733,2.085583565513113,2.5500000000000962
256,30720,99967,4,1.4162286058202359e-15,0.00039893763544231929,2.1137767126322236e-16,-4.3957526664249196e-08,5.4332736321241572e-17,28.020240343541122,28.658769350162153,2.0847722797760082,2.5500000000000957
257,30752,100095,4,1.4162286058202359e-15,0.00039893763544231929,2.1137767126322236e-16,-4.4151976512833163e-08,5.4567948850733782e-17,28.020610901617754,28.662650368437728,2.0839629267048663,2.5500000000001015
258,30784,100223,4,1.4162286058202359e-15,0.00039893763544231929,2.1137767126322236e-16,-4.4345025856704928e-08,5.4929516113925611e-17,28.02098580286253,28.666558141866016,2.0831554949344855,2.5500000000000922
259,30816,100351,4,1.4162286058202359e-15,0.00039893763544231929,2.1137767126322236e-16,-4.4538696495259061e-08,5.5213758533455983e-17,28.02136506199361,28.670491884445447,2.0823499732033364,2.5500000000000953
260,30848,100479,4,1.4162286058202359e-15,0.00039893763544231929,2.1137767126322236e-16,-4.4738695731181571e-08,5.5294754818266257e-17,28.021748693423731,28.674450874585379,2.0815463503530625,2.5500000000000962
261,30880,100607,4,1.4162286058202359e-15,0.00039893763544231929,2.1137767126322236e-16,-4.4934419924978224e-08,5.5550861102850943e-17,28.022136711260504,28.678434446877027,2.0807446153278213,2.5500000000000953
262,30912,100735,4,1.4162286058202359e-15,0.00039893763544231929,2.1137767126322236e-16,-4.512691999294745e-08,5.6009461201388611e-17,28.022529129306598,28.682441985258766,2.0799447571736156,2.5500000000000962
263,30944,100863,4,1.4162286058202359e-15,0.00039893763544231929,2.1137767126322236e-16,-4.5323734491673778e-08,5.6180703718209033e-17,28.022925961060391,28.686472917285538,2.0791467650373288,2.5500000000000957
264,30976,100991,4,1.4162286058202359e-15,0.00039893763544231929,2.1137767126322236e-16,-4.5517400401371715e-08,5.6342515755660891e-17,28.023327219716343,28.690526709284377,2.0783506281658926,2.5500000000001002
265,31008,101119,4,1.4162286058202359e-15,0.00039893763544231929,2.1137767126322236e-16,-4.5707992266578473e-08,5.6747574727894686e-17,28.023732918165969,28.694602862226763,2.0775563359053826,2.5500000000000957
266,31040,101247,4,1.4162286058202359e-15,0.00039893763544231929,2.1137767126322236e-16,-4.5901710339411333e-08,5.7182920091076497e-17,28.024143068998487,28.698700908187881,2.0767638776999187,2.5500000000001002
267,31072,101375,4,1.4162286058202359e-15,0.00039893763544231929,2.1137767126322236e-16,-4.6094744046485686e-08,5.7343404917235513e-17,28.024557684502007,28.702820407289217,2.0759732430906879,2.5500000000000962
268,31104,101503,4,1.4162286058202359e-15,0.00039893763544231929,2.1137767126322236e-16,-4.6290204763541914e-08,5.7511081665230372e-17,28.024976776664555,28.706960945043079,2.075184421714944,2.550000000000098
269,31136,101631,4,1.4162286058202359e-15,0.00039893763544231929,2.1137767126322236e-16,-4.6481625743303461e-08,5.7961107416333469e-17,28.025400357175606,28.711122130034482,2.0743974033049035,2.5500000000000962
270,31168,101759,4,1.4162286058202359e-15,0.00039893763544231929,2.1137767126322236e-16,-4.6679290787358401e-08,5.8205347795031082e-17,28.0258284374273,28.71530359188629,2.0736121776867042,2.5500000000000993
271,31200,101887,4,1.4162286058202359e-15,0.00039893763544231929,2.1137767126322236e-16,-4.6875720690951211e-08,5.8559393918503273e-17,28.026261028516267,28.719504979465444,2.072828734779363,2.5500000000000957
272,31232,102015,4,1.4162286058202359e-15,0.00039893763544231929,2.1137767126322236e-16,-4.7075080573719968e-08,5.8847755490689005e-17,28.026698141245248,28.723725959294367,2.0720470645937006,2.5500000000001006
273,31264,102143,4,1.4162286058202359e-15,0.00039893763544231929,2.1137767126322236e-16,-4.7271838791077841e-08,5.9325054420563741e-17,28.02713978612524,28.727966214138945,2.0712671572312402,2.5500000000000984
274,31296,102271,4,1.4162286058202359e-15,0.00039893763544231929,2.1137767126322236e-16,-4.7469908893064421e-08,5.9656817332309518e-17,28.027585973377505,28.732225441748181,2.0704890028832317,2.5500000000001064
275,31328,102399,4,1.4162286058202359e-15,0.00039893763544231929,2.1137767126322236e-16,-4.7664130830208667e-08,5.9942956476984474e-17,28.028036712936071,28.736503353725585,2.0697125918295454,2.5500000000001002
276,31360,102527,4,1.4162286058202359e-15,0.00039893763544231929,2.1137767126322236e-16,-4.7860458735530536e-08,6.0162235233132228e-17,28.028492014450336,28.74079967451512,2.0689379144376345,2.5500000000000962
277,31392,102655,4,1.4162286058202359e-15,0.00039893763544231929,2.1137767126322236e-16,-4.8056530737914676e-08,6.0214610034772401e-17,28.028951887288006,28.745114140487093,2.0681649611615249,2.5500000000000975
278,31424,102783,4,1.4162286058202359e-15,0.00039893763544231929,2.1137767126322236e-16,-4.8249016525640248e-08,6.0441047418736343e-17,28.029416340538333,28.749446499111933,2.0673937225407544,2.5500000000000971
279,31456,102911,4,1.4162286058202359e-15,0.00039893763544231929,2.1137767126322236e-16,-4.8443043747013209e-08,6.0781036848469113e-17,28.029885383015564,28.753796508210964,2.0666241891993904,2.5500000000000989
280,31488,103039,4,1.4162286058202359e-15,0.00039893763544231929,2.1137767126322236e-16,-4.8638072663640691e-08,6.100103339059341e-17,28.030359023262989,28.758163935275864,2.0658563518450159,2.5500000000000975
281,31520,103167,4,1.4162286058202359e-15,0.00039893763544231929,2.1137767126322236e-16,-4.8834569263881705e-08,6.1395374376835202e-17,28.030837269557072,28.762548556848145,2.0650902012677133,2.5500000000000917
282,31552,103295,4,1.4162286058202359e-15,0.00039893763544231929,2.1137767126322236e-16,-4.9029976575741002e-08,6.1584092945252185e-17,28.031320129912345,28.766950157952795,2.0643257283391181,2.5500000000000971
283,31584,103423,4,1.4162286058202359e-15,0.00039893763544231929,2.1137767126322236e-16,-4.9227598439059178e-08,6.1793990025687516e-17,28.031807612086492,28.771368531579643,2.0635629240114408,2.5500000000000949
284,31616,103551,4,1.4162286058202359e-15,0.00039893763544231929,2.1137767126322236e-16,-4.9420683736809706e-08,6.2029043736502115e-17,28.032299723585862,28.775803478207653,2.0628017793164655,2.5500000000000971
285,31648,103679,4,1.4162286058202359e-15,0.00039893763544231929,2.1137767126322236e-16,-4.96196622059278e-08,6.2325572269670737e-17,28.032796471671965,28.780254805367775,2.0620422853646763,2.550000000000098
286,31680,103807,4,1.4162286058202359e-15,0.00039893763544231929,2.1137767126322236e-16,-4.9810835810652226e-08,6.2580593500086908e-17,28.033297863367839,28.784722327240296,2.0612844333442735,2.5500000000000944
287,31712,103935,4,1.4162286058202359e-15,0.00039893763544231929,2.1137767126322236e-16,-5.0007495981439237e-08,6.294066914983915e-17,28.033803905465163,28.789205864283332,2.0605282145202324,2.5500000000000997
288,31744,104063,4,1.4162286058202359e-15,0.00039893763544231929,2.1137767126322236e-16,-5.0203936185820047e-08,6.3177561683155455e-17,28.034314604532266,28.793705242889217,2.0597736202334573,2.5500000000000944
289,31776,104191,4,1.4162286058202359e-15,0.00039893763544231929,2.1137767126322236e-16,-5.0397011606055103e-08,6.3515278847745543e-17,28.034829966922139,28.798220295067196,2.0590206418998478,2.5500000000000891
290,31808,104319,4,1.4162286058202359e-15,0.00039893763544231929,2.1137767126322236e-16,-5.0591767560474193e-08,6.3721869273682193e-17,28.035349998781239,28.802750858147903,2.0582692710094057,2.5500000000000957
291,31840,104447,4,1.4162286058202359e-15,0.00039893763544231929,2.1137767126322236e-16,-5.0782745273284818e-08,6.3928696893659492e-17,28.035874706058888,28.807296774510252,2.0575194991253465,2.5500000000000926
292,31872,104575,4,1.4162286058202359e-15,0.00039893763544231929,2.1137767126322236e-16,-5.0977368063390998e-08,6.4140684879888204e-17,28.036404094516833,28.811857891326312,2.0567713178832983,2.550000000000098
293,31904,104703,4,1.4162286058202359e-15,0.00039893763544231929,2.1137767126322236e-16,-5.1171117222468548e-08,6.4342837068248201e-17,28.036938169739614,28.816434060324273,2.0560247189904062,2.5500000000001015
294,31936,104831,4,1.4162286058202359e-15,0.00039893763544231929,2.1137767126322236e-16,-5.1365407358531528e-08,6.4623272595804451e-17,28.037476937145524,28.821025137567105,2.0552796942244944,2.5500000000000989
295,31968,104959,4,1.4162286058202359e-15,0.00039893763544231929,2.1137767126322236e-16,-5.156187122454055e-08,6.4945675752124037e-17,28.038020401997343,28.825630983246153,2.0545362354332495,2.5500000000000926
296,32000,105087,4,1.4162286058202359e-15,0.00039893763544231929,2.1137767126322236e-16,-5.1758034258273816e-08,6.5217056133514669e-17,28.038568569414007,28.830251461487528,2.0537943345334044,2.550000000000098
297,32032,105215,4,1.4162286058202359e-15,0.00039893763544231929,2.1137767126322236e-16,-5.1949353975287176e-08,6.5331933736215115e-17,28.039121444382779,28.834886440171495,2.0530539835099346,2.5500000000000984
298,32064,105343,4,1.4162286058202359e-15,0.00039893763544231929,2.1137767126322236e-16,-5.2143314649198152e-08,6.5422252346528861e-17,28.039679031771104,28.839535790762817,2.052315174415269,2.5500000000001015
299,32096,105471,4,1.4162286058202359e-15,0.00039893763544231929,2.1137767126322236e-16,-5.2338444266523415e-08,6.5725209520623092e-17,28.040241336339356,28.844199388151246,2.0515778993685139,2.5500000000000984
300,32128,105599,4,1.4162286058202359e-15,0.00039893763544231929,2.1137767126322236e-16,-5.2534705114374596e-08,6.6139130078759167e-17,28.040808362753314,28.848877110502428,2.0508421505546672,2.5500000000001073
301,32160,105727,4,1.4162286058202359e-15,0.00039893763544231929,2.1137767126322236e-16,-5.272893619351156e-08,6.649546025469777e-17,28.041380115597399,28.85344799656778,2.0501079232181203,2.5500000000000935
302,32192,105855,4,1.4162286058202359e-15,0.00039893763544231929,2.1137767126322236e-16,-5.2920847454699676e-08,6.674037251084793e-17,28.041956599387351,28.857936282560626,2.0493752090928372,2.5500000000001095
303,32224,105983,4,1.4162286058202359e-15,0.00039893763544231929,2.1137767126322236e-16,-5.3119172699815103e-08,6.7092061789959804e-17,28.042537818583643,28.862376106825238,2.0486439997124721,2.5500000000001108
304,32256,106111,4,1.4162286058202359e-15,0.00039893763544231929,2.1137767126322236e-16,-5.3312884496418427e-08,6.7172881058118991e-17,28.043123777604812,28.866779748227877,2.0479142872127074,2.5500000000001117
305,32288,106239,4,1.4162286058202359e-15,0.00039893763544231929,2.1137767126322236e-16,-5.3504840732047381e-08,6.7543266480230941e-17,28.043714480840247,28.871154266827784,2.0471860639201269,2.5500000000001113
306,32320,106367,4,1.4162286058202359e-15,0.00039893763544231929,2.1137767126322236e-16,-5.3694857796630374e-08,6.7664384333472487e-17,28.044309932663744,28.875504394463498,2.0464593222802305,2.5500000000001108
307,32352,106495,4,1.4162286058202359e-15,0.00039893763544231929,2.1137767126322236e-16,-5.3885818328739692e-08,6.7916353681018643e-17,28.044910137446429,28.879833578780456,2.0457340548310765,2.5500000000001104
308,32384,106623,4,1.4162286058202359e-15,0.00039893763544231929,2.1137767126322236e-16,-5.4084862096318869e-08,6.821300773884522e-17,28.045515099569815,28.884144469351099,2.0450102541905455,2.5500000000001122
309,32416,106751,4,1.4162286058202359e-15,0.00039893763544231929,2.1137767126322236e-16,-5.4280479209104798e-08,6.8511509097774781e-17,28.04612482343866,28.888439179586474,2.0442879130492595,2.5500000000001122
310,32448,106879,4,1.4162286058202359e-15,0.00039893763544231929,2.1137767126322236e-16,-5.4473718161721934e-08,6.8667879527566958e-17,28.046739313493458,28.892719442218379,2.0435670241660162,2.55000000000011
311,32480,107007,4,1.4162286058202359e-15,0.00039893763544231929,2.1137767126322236e-16,-5.4668787920678935e-08,6.8999519396196618e-17,28.047358574223043,28.896986708269171,2.0428475803647435,2.5500000000001108
312,32512,107135,4,1.4162286058202359e-15,0.00039893763544231929,2.1137767126322236e-16,-5.4861903971607245e-08,6.9349530946231081e-17,28.047982610176479,28.901242213465821,2.042129574532213,2.5500000000001135
313,32544,107263,4,1.4162286058202359e-15,0.00039893763544231929,2.1137767126322236e-16,-5.5057827936159392e-08,6.9589964846544879e-17,28.04861142597526,28.905487024696313,2.0414129996161927,2.5500000000001157
314,32576,107391,4,1.4162286058202359e-15,0.00039893763544231929,2.1137767126322236e-16,-5.5250563812029601e-08,6.9785709900675193e-17,28.049245026324556,28.909722073611697,2.0406978486240663,2.5500000000001095
315,32608,107519,4,1.4162286058202359e-15,0.00039893763544231929,2.1137767126322236e-16,-5.5441275695814767e-08,7.0109951465906179e-17,28.049883416024542,28.913948181612511,2.0399841146215341,2.5500000000001113
316,32640,107647,4,1.4162286058202359e-15,0.00039893763544231929,2.1137767126322236e-16,-5.5632358623073657e-08,7.0475027836051611e-17,28.050526599981108,28.918166078864104,2.0392717907315361,2.5500000000001117
317,32672,107775,4,1.4162286058202359e-15,0.00039893763544231929,2.1137767126322236e-16,-5.58297380761333e-08,7.073110723726639e-17,28.051174583216504,28.922376419057269,2.0385608701333267,2.550000000000118
318,32704,107903,4,1.4162286058202359e-15,0.00039893763544231929,2.1137767126322236e-16,-5.6025718571854082e-08,7.1064923624882831e-17,28.05182737087916,28.926579791062903,2.0378513460615251,2.5500000000001126
319,32736,108031,4,1.4162286058202359e-15,0.00039893763544231929,2.1137767126322236e-16,-5.621762632543133e-08,7.1258043621339208e-17,28.052484968253552,28.930776728271582,2.0371432118053319,2.5500000000001095
320,32768,108159,4,1.4162286058202359e-15,0.00039893763544231929,2.1137767126322236e-16,-5.6413398626579419e-08,7.1498847271386817e-17,28.05314738076909,28.934967716176484,2.0364364607077667,2.5500000000001113
321,32800,108287,4,1.4162286058202359e-15,0.00039893763544231929,2.1137767126322236e-16,-5.6608937662931141e-08,7.1848991170319288e-17,28.053814614009188,28.939153198602142,2.0357310861649056,2.55000000000011
322,32832,108415,4,1.4162286058202359e-15,0.00039893763544231929,2.1137767126322236e-16,-5.6805563448029411e-08,7.2126067724203113e-17,28.054486673719332,28.94333358287285,2.0350270816252225,2.5500000000001108
323,32864,108543,4,1.4162286058202359e-15,0.00039893763544231929,2.1137767126322236e-16,-5.7001471168630929e-08,7.2452020105736012e-17,28.055163565814826,28.947509244142193,2.0343244405889167,2.5500000000001122
324,32896,108671,4,1.4162286058202359e-15,0.00039893763544231929,2.1137767126322236e-16,-5.7198275095952394e-08,7.2770833711787425e-17,28.055845296388682,28.951680529049405,2.0336231566072707,2.5500000000001077
325,32928,108799,4,1.4162286058202359e-15,0.00039893763544231929,2.1137767126322236e-16,-5.7393524294705749e-08,7.3143084632975835e-17,28.056531871717976,28.955847758831268,2.0329232232820074,2.5500000000001135
326,32960,108927,4,1.4162286058202359e-15,0.00039893763544231929,2.1137767126322236e-16,-5.7588711133619591e-08,7.3631832362913764e-17,28.057223298270593,28.960011231989171,2.032224634264721,2.5500000000001055
327,32992,109055,4,1.4162286058202359e-15,0.00039893763544231929,2.1137767126322236e-16,-5.7786904914451114e-08,7.3726484986046982e-17,28.05791958271109,28.964171226588618,2.0315273832562717,2.5500000000001148
328,33024,109183,4,1.4162286058202359e-15,0.00039893763544231929,2.1137767126322236e-16,-5.7982979133811857e-08,7.4025005783720938e-17,28.058620731906238,28.968328002254108,2.0308314640062526,2.5500000000001113
329,33056,109311,4,1.4162286058202359e-15,0.00039893763544231929,2.1137767126322236e-16,-5.8178968094983202e-08,7.4352109600666511e-17,28.059326752930165,28.972481801908653,2.0301368703123579,2.5500000000001131
330,33088,109439,4,1.4162286058202359e-15,0.00039893763544231929,2.1137767126322236e-16,-5.8373704079265636e-08,7.4687722831368569e-17,28.060037653068889,28.976632853298284,2.0294435960199237,2.5500000000001095
331,33120,109567,4,1.4162286058202359e-15,0.00039893763544231929,2.1137767126322236e-16,-5.8567793428025166e-08,7.5037232282771213e-17,28.060753439824239,28.980781370334455,2.0287516350213486,2.5500000000001135
332,33152,109695,4,1.4162286058202359e-15,0.00039893763544231929,2.1137767126322236e-16,-5.8763090879846729e-08,7.5419508012598307e-17,28.061474120917765,28.984927554280574,2.0280609812555572,2.5500000000001117
333,33184,109823,4,1.4162286058202359e-15,0.00039893763544231929,2.1137767126322236e-16,-5.8957810786711989e-08,7.5915576497752483e-17,28.062199704293679,28.989071594805591,2.0273716287075461,2.5500000000001108
334,33216,109951,4,1.4162286058202359e-15,0.00039893763544231929,2.1137767126322236e-16,-5.9151390015747279e-08,7.6190892190907335e-17,28.062930198121627,28.993213670922493,2.0266835714078115,2.5500000000001126
335,33248,110079,4,1.4162286058202359e-15,0.00039893763544231929,2.1137767126322236e-16,-5.9344744133186538e-08,7.6440135978335129e-17,28.063665610798946,28.997353951827623,2.0259968034318967,2.5500000000001113
336,33280,110207,4,1.4162286058202359e-15,0.00039893763544231929,2.1137767126322236e-16,-5.9540881885059865e-08,7.6843020706328829e-17,28.064405950951912,29.001492597653424,2.0253113188999006,2.5500000000001157
337,33312,110335,4,1.4162286058202359e-15,0.00039893763544231929,2.1137767126322236e-16,-5.9735507658890424e-08,7.7260313266231977e-17,28.065151227437504,29.005629760145968,2.0246271119759798,2.5500000000001131
338,33344,110463,4,1.4162286058202359e-15,0.00039893763544231929,2.1137767126322236e-16,-5.992927400907762e-08,7.7547805471593916e-17,28.06590144934345,29.009765583275897,2.0239441768679312,2.55000000000011
339,33376,110591,4,1.4162286058202359e-15,0.00039893763544231929,2.1137767126322236e-16,-6.0120803683142726e-08,7.7816536807072847e-17,28.066656625988418,29.013900203791792,2.0232625078266424,2.550000000000114
340,33408,110719,4,1.4162286058202359e-15,0.00039893763544231929,2.1137767126322236e-16,-6.0316618859716247e-08,7.8179359523639378e-17,28.067416766921902,29.018033751721724,2.0225820991457288,2.5500000000001131
341,33440,110847,4,1.4162286058202359e-15,0.00039893763544231929,2.1137767126322236e-16,-6.0510747968337846e-08,7.8378277229009139e-17,28.068181881922609,29.022166350829639,2.0219029451610266,2.5500000000001153
342,33472,110975,4,1.4162286058202359e-15,0.00039893763544231929,2.1137767126322236e-16,-6.0707023769505391e-08,7.8623963312622342e-17,28.068951980996996,29.026298119031356,2.0212250402501564,2.5500000000001126
343,33504,111103,4,1.4162286058202359e-15,0.00039893763544231929,2.1137767126322236e-16,-6.0906098498429167e-08,7.8991110529431301e-17,28.069727074377031,29.030429168774337,2.0205483788321001,2.5500000000001104
344,33536,111231,4,1.4162286058202359e-15,0.00039893763544231929,2.1137767126322236e-16,-6.1102644527880906e-08,7.9281132253106427e-17,28.070507172517196,29.034559607385699,2.0198729553667905,2.5500000000001135
345,33568,111359,4,1.4162286058202359e-15,0.00039893763544231929,2.1137767126322236e-16,-6.1298837263549527e-08,7.9418018857160225e-17,28.07129228609115,29.038689537391203,2.0191987643546425,2.5500000000001166
346,33600,111487,4,1.4162286058202359e-15,0.00039893763544231929,2.1137767126322236e-16,-6.1492963971313835e-08,7.9677500038644128e-17,28.072082425987347,29.042819056808273,2.0185258003361772,2.5500000000001108
347,33632,111615,4,1.4162286058202359e-15,0.00039893763544231929,2.1137767126322236e-16,-6.168871952197204e-08,8.0040833746034064e-17,28.072877603304445,29.046948259416194,2.0178540578916007,2.5500000000001117
348,33664,111743,4,1.4162286058202359e-15,0.00039893763544231929,2.1137767126322236e-16,-6.1884028589501999e-08,8.0529561210046985e-17,28.073677829345989,29.051077235005021,2.0171835316403786,2.5500000000001135
349,33696,111871,4,1.4162286058202359e-15,0.00039893763544231929,2.1137767126322236e-16,-6.2077693416732487e-08,8.0766903729616519e-17,28.074483115614179,29.055206069605386,2.0165142162408567,2.55000000000011
350,33728,111999,4,1.4162286058202359e-15,0.00039893763544231929,2.1137767126322236e-16,-6.227184000442783e-08,8.1161032957621498e-17,28.075293473803711,29.059334845701432,2.0158461063898714,2.5500000000001135
351,33760,112127,4,1.4162286058202359e-15,0.00039893763544231929,2.1137767126322236e-16,-6.2466432089928486e-08,8.1323749517073182e-17,28.076108915794173,29.063463642428044,2.0151791968223383,2.550000000000114
352,33792,112255,4,1.4162286058202359e-15,0.00039893763544231929,2.1137767126322236e-16,-6.2661945487067233e-08,8.1759730982146047e-17,28.076929453642574,29.067592535753455,2.0145134823108912,2.5500000000001157
353,33824,112383,4,1.4162286058202359e-15,0.00039893763544231929,2.1137767126322236e-16,-6.2858650125755827e-08,8.2241321325038707e-17,28.077755099575132,29.071721598650015,2.013848957665501,2.55000000000011
354,33856,112511,4,1.4162286058202359e-15,0.00039893763544231929,2.1137767126322236e-16,-6.3053813927541907e-08,8.2596731882931304e-17,28.078585865978482,29.075850901251538,2.0131856177330687,2.5500000000001095
355,33888,112639,4,1.4162286058202359e-15,0.00039893763544231929,2.1137767126322236e-16,-6.3252733752598172e-08,8.2752795428716224e-17,28.0794217653904,29.079980511001406,2.0125234573971196,2.5500000000001086
356,33920,112767,4,1.4162286058202359e-15,0.00039893763544231929,2.1137767126322236e-16,-6.3447680963749936e-08,8.293127412153526e-17,28.080262810490201,29.08411049278978,2.0118624715773725,2.5500000000001113
357,33952,112895,4,1.4162286058202359e-15,0.00039893763544231929,2.1137767126322236e-16,-6.3643003541306325e-08,8.3143545003533465e-17,28.081109014088657,29.088240909082067,2.0112026552294355,2.5500000000001104
358,33984,113023,4,1.4162286058202359e-15,0.00039893763544231929,2.1137767126322236e-16,-6.3837722788976664e-08,8.3330851781439972e-17,28.081960389117572,29.092371820039357,2.0105440033444339,2.550000000000114
359,34016,113151,4,1.4162286058202359e-15,0.00039893763544231929,2.1137767126322236e-16,-6.4031916748500688e-08,8.3550063329162956e-17,28.082816948619019,29.096503283630284,2.0098865109486361,2.5500000000001126
360,34048,113279,4,1.4162286058202359e-15,0.00039893763544231929,2.1137767126322236e-16,-6.422592119295441e-08,8.3681086256649518e-17,28.083678705734311,29.100635355736916,2.0092301731031377,2.5500000000001117
361,34080,113407,4,1.4162286058202359e-15,0.00039893763544231929,2.1137767126322236e-16,-6.4419736219482343e-08,8.3877290809610106e-17,28.084545673692766,29.104792401772205,2.0085749894150191,2.5500000000001077
362,34112,113535,4,1.4162286058202359e-15,0.00039893763544231929,2.1137767126322236e-16,-6.4616054889136426e-08,8.4289150654045158e-17,28.0854178658001,29.108969574534456,2.0079209541390992,2.5500000000001131
363,34144,113663,4,1.4162286058202359e-15,0.00039893763544231929,2.1137767126322236e-16,-6.481080299566651e-08,8.4562415559666339e-17,28.086295295426776,29.113160033448267,2.0072680611663731,2.5500000000001113
364,34176,113791,4,1.4162286058202359e-15,0.00039893763544231929,2.1137767126322236e-16,-6.5007967710776509e-08,8.4951793048642507e-17,28.08717797599633,29.11736133453282,2.0066163052336079,2.5500000000001135
365,34208,113919,4,1.4162286058202359e-15,0.00039893763544231929,2.1137767126322236e-16,-6.5199936117225371e-08,8.5071154383853296e-17,28.088065920973492,29.121572082629175,2.0059656813046325,2.5500000000001104
366,34240,114047,4,1.4162286058202359e-15,0.00039893763544231929,2.1137767126322236e-16,-6.5394340054617822e-08,8.5373633654348625e-17,28.088959143852311,29.125791349914092,2.0053161844626826,2.5500000000001144
367,34272,114175,4,1.4162286058202359e-15,0.00039893763544231929,2.1137767126322236e-16,-6.5588252995877632e-08,8.5604570487254548e-17,28.089857658144119,29.130018465907693,2.0046678098712851,2.5500000000001131
368,34304,114303,4,1.4162286058202359e-15,0.00039893763544231929,2.1137767126322236e-16,-6.5785100929664236e-08,8.5742880462347396e-17,28.090761477365728,29.13425291971998,2.0040205527559434,2.5500000000001095
369,34336,114431,4,1.4162286058202359e-15,0.00039893763544231929,2.1137767126322236e-16,-6.5981358897874448e-08,8.5888769066212454e-17,28.091670615027841,29.13849430740229,2.0033744083940137,2.5500000000001117
370,34368,114559,4,1.4162286058202359e-15,0.00039893763544231929,2.1137767126322236e-16,-6.6177905239576412e-08,8.5985784944355736e-17,28.092585084623011,29.142742300707312,2.0027293721087163,2.5500000000001148
371,34400,114687,4,1.4162286058202359e-15,0.00039893763544231929,2.1137767126322236e-16,-6.63738330274591e-08,8.6406528708569609e-17,28.093504899614313,29.146996627217213,2.0020854392651115,2.5500000000001171
372,34432,114815,4,1.4162286058202359e-15,0.00039893763544231929,2.1137767126322236e-16,-6.6563995177374729e-08,8.6666039048170104e-17,28.094430073423911,29.151257057018565,2.001442605267342,2.5500000000001206
373,34464,114943,4,1.4162286058202359e-15,0.00039893763544231929,2.1137767126322236e-16,-6.6766398764321072e-08,8.7059371908040348e-17,28.095360619421864,29.155523393390759,2.000800865556581,2.5500000000001122
374,34496,115071,4,1.4162286058202359e-15,0.00039893763544231929,2.1137767126322236e-16,-6.6964306572518134e-08,8.7308294129005012e-17,28.096296550914971,29.15979546607883,2.0001602156095388,2.5500000000001122
375,34528,115199,4,1.4162286058202359e-15,0.00039893763544231929,2.1137767126322236e-16,-6.7162492845466453e-08,8.7665707084365446e-17,28.097237881136181,29.16407312629773,1.9995206509372396,2.55000000000011
376,34560,115327,4,1.4162286058202359e-15,0.00039893763544231929,2.1137767126322236e-16,-6.7354269849465869e-08,8.790013379227573e-17,28.098184623234193,29.168356242935975,1.9988821670839902,2.5500000000001108
377,34592,115455,4,1.4162286058202359e-15,0.00039893763544231929,2.1137767126322236e-16,-6.7547800103787985e-08,8.8124266030667639e-17,28.099136790263053,29.172644699614349,1.9982447596266173,2.5500000000001095
378,34624,115583,4,1.4162286058202359e-15,0.00039893763544231929,2.1137767126322236e-16,-6.7742443689759196e-08,8.8522456301889947e-17,28.100094395172267,29.176938392367923,1.9976084241736625,2.550000000000114
379,34656,115711,4,1.4162286058202359e-15,0.00039893763544231929,2.1137767126322236e-16,-6.7939777380813542e-08,8.9009365209326171e-17,28.101057450797196,29.181237227791708,1.9969731563648805,2.5500000000001108
380,34688,115839,4,1.4162286058202359e-15,0.00039893763544231929,2.1137767126322236e-16,-6.8135082409907249e-08,8.9339775887565577e-17,28.10202596984999,29.185541121539828,1.9963389518705732,2.5500000000001108
381,34720,115967,4,1.4162286058202359e-15,0.00039893763544231929,2.1137767126322236e-16,-6.8332362012283615e-08,8.9623417980766389e-17,28.102999964910349,29.189849997094857,1.9957058063911615,2.5500000000001148
382,34752,116095,4,1.4162286058202359e-15,0.00039893763544231929,2.1137767126322236e-16,-6.8526301550323759e-08,9.0045781571414793e-17,28.103979448417107,29.194163784750017,1.9950737156567044,2.5500000000001131
383,34784,116223,4,1.4162286058202359e-15,0.00039893763544231929,2.1137767126322236e-16,-6.8719769861139995e-08,9.0296295701468315e-17,28.104964432659933,29.198482420758456,1.9944426754264801,2.5500000000001095
384,34816,116351,4,1.4162286058202359e-15,0.00039893763544231929,2.1137767126322236e-16,-6.8916631457608695e-08,9.0657350526270667e-17,28.105954929771279,29.202805846618016,1.9938126814886103,2.5500000000001086
385,34848,116479,4,1.4162286058202359e-15,0.00039893763544231929,2.1137767126322236e-16,-6.9116086708535268e-08,9.0901760270198701e-17,28.106950951719387,29.207134008463225,1.9931837296596395,2.5500000000001122
386,34880,116607,4,1.4162286058202359e-15,0.00039893763544231929,2.1137767126322236e-16,-6.9310176147500418e-08,9.1316105792374476e-17,28.107952510300436,29.211466856547297,1.9925558157842294,2.5500000000001095
387,34912,116735,4,1.4162286058202359e-15,0.00039893763544231929,2.1137767126322236e-16,-6.9505244740723243e-08,9.1633595702650651e-17,28.108959617132218,29.215804344796286,1.9919289357348076,2.5500000000001113
388,34944,116863,4,1.4162286058202359e-15,0.00039893763544231929,2.1137767126322236e-16,-6.9701119709745534e-08,9.193873125688804e-17,28.10997228364765,29.220146430424222,1.9913030854112739,2.5500000000001113
389,34976,116991,4,1.4162286058202359e-15,0.00039893763544231929,2.1137767126322236e-16,-6.9895319296712515e-08,9.2326632435265954e-17,28.110990521088571,29.224493073598694,1.9906782607406464,2.5500000000001162
390,35008,117119,4,1.4162286058202359e-15,0.00039893763544231929,2.1137767126322236e-16,-7.0091899118577566e-08,9.2750331509013325e-17,28.112014340500124,29.22884423714903,1.9900544576767887,2.550000000000114
391,35040,117247,4,1.4162286058202359e-15,0.00039893763544231929,2.1137767126322236e-16,-7.0287030050823223e-08,9.320430229125284e-17,28.113043752725655,29.233199886310505,1.9894316722001277,2.5500000000001117
392,35072,117375,4,1.4162286058202359e-15,0.00039893763544231929,2.1137767126322236e-16,-7.048392784750142e-08,9.3493325194338309e-17,28.114078768401409,29.237559988499367,1.9888099003173791,2.5500000000001131
393,35104,117503,4,1.4162286058202359e-15,0.00039893763544231929,2.1137767126322236e-16,-7.0681875186577053e-08,9.3791027703591297e-17,28.115119397952125,29.24192451311362,1.9881891380612506,2.5500000000001055
394,35136,117631,4,1.4162286058202359e-15,0.00039893763544231929,2.1137767126322236e-16,-7.0876261790612532e-08,9.4008635968492e-17,28.116165651586975,29.246293431357095,1.9875693814902129,2.550000000000114
395,35168,117759,4,1.4162286058202359e-15,0.00039893763544231929,2.1137767126322236e-16,-7.1069878926825219e-08,9.4367157966258715e-17,28.117217539295332,29.250666716082236,1.9869506266882013,2.5500000000001122
396,35200,117887,4,1.4162286058202359e-15,0.00039893763544231929,2.1137767126322236e-16,-7.1266084936597878e-08,9.4613297758437904e-17,28.118275070843588,29.25504434165012,1.9863328697644087,2.5500000000001148
397,35232,118015,4,1.4162286058202359e-15,0.00039893763544231929,2.1137767126322236e-16,-7.1465894494386078e-08,9.4862068812145623e-17,28.119338255771762,29.259426283805379,1.9857161068529967,2.5500000000001117
398,35264,118143,4,1.4162286058202359e-15,0.00039893763544231929,2.1137767126322236e-16,-7.1661585194141857e-08,9.5270894351298679e-17,28.120407103390992,29.263812519563427,1.985100334112883,2.55000000000011
399,35296,118271,4,1.4162286058202359e-15,0.00039893763544231929,2.1137767126322236e-16,-7.1858898859548397e-08,9.5713004604325102e-17,28.12148162278077,29.268203027109557,1.9844855477274879,2.5500000000001117
400,35328,118399,4,1.4162286058202359e-15,0.00039893763544231929,2.1137767126322236e-16,-7.2050979988328728e-08,9.5989998853737978e-17,28.122561822786963,29.27259778570739,1.9838717439045388,2.5500000000001082
401,35360,118527,4,1.4162286058202359e-15,0.00039893763544231929,2.1137767126322236e-16,-7.2247174326881841e-08,9.6365092381101427e-17,28.12364771202002,29.276996775616567,1.9832589188757643,2.5500000000001095
402,35392,118655,4,1.4162286058202359e-15,0.00039893763544231929,2.1137767126322236e-16,-7.2443925393709546e-08,9.6557943337063571e-17,28.124739298853616,29.28139997801798,1.9826470688967626,2.5500000000001113
403,35424,118783,4,1.4162286058202359e-15,0.00039893763544231929,2.1137767126322236e-16,-7.2635581390338171e-08,9.6928995053158933e-17,28.12583659142344,29.28580737494568,1.9820361902466963,2.5500000000001135
404,35456,118911,4,1.4162286058202359e-15,0.00039893763544231929,2.1137767126322236e-16,-7.2834571541084153e-08,9.7212234309401431e-17,28.126939597626492,29.290218949225341,1.9814262792281634,2.5500000000001073
405,35488,119039,4,1.4162286058202359e-15,0.00039893763544231929,2.1137767126322236e-16,-7.3026105156440995e-08,9.7602977680364077e-17,28.128048325120691,29.294634684417812,1.9808173321669016,2.5500000000001113
406,35520,119167,4,1.4162286058202359e-15,0.00039893763544231929,2.1137767126322236e-16,-7.322094135222919e-08,9.7941703798506326e-17,28.129162781324563,29.29905456476795,1.9802093454116176,2.5500000000001148
407,35552,119295,4,1.4162286058202359e-15,0.00039893763544231929,2.1137767126322236e-16,-7.3414231645722322e-08,9.8241071422332383e-17,28.1302829734176,29.303478575157296,1.9796023153337685,2.5500000000001126
408,35584,119423,4,1.4162286058202359e-15,0.00039893763544231929,2.1137767126322236e-16,-7.3609887422025083e-08,9.8389084432805631e-17,28.131408908340703,29.307906701061146,1.9789962383273743,2.5500000000001113
409,35616,119551,4,1.4162286058202359e-15,0.00039893763544231929,2.1137767126322236e-16,-7.380236622575394e-08,9.8869268361861799e-17,28.132540592796872,29.312338928509149,1.9783911108088106,2.5500000000001135
410,35648,119679,4,1.4162286058202359e-15,0.00039893763544231929,2.1137767126322236e-16,-7.399981302077892e-08,9.9135821317197571e-17,28.133678033252384,29.316775244048838,1.9777869292165675,2.5500000000001171
411,35680,119807,4,1.4162286058202359e-15,0.00039893763544231929,2.1137767126322236e-16,-7.4195974441219353e-08,9.9416804851909637e-17,28.134821235938034,29.321215634712381,1.9771836900111401,2.5500000000001082
412,35712,119935,4,1.4162286058202359e-15,0.00039893763544231929,2.1137767126322236e-16,-7.439067777800597e-08,9.9742380245878364e-17,28.135970206850697,29.325660087985568,1.9765813896747668,2.550000000000118
413,35744,120063,4,1.4162286058202359e-15,0.00039893763544231929,2.1137767126322236e-16,-7.4588086610342402e-08,1.0005808902950056e-16,28.137124951755368,29.330108591779585,1.9759800247112276,2.55000000000011
414,35776,120191,4,1.4162286058202359e-15,0.00039893763544231929,2.1137767126322236e-16,-7.4783198835330094e-08,1.0054734051243153e-16,28.138285476187033,29.33456113440463,1.9753795916457146,2.5500000000001126
415,35808,120319,4,1.4162286058202359e-15,0.00039893763544231929,2.1137767126322236e-16,-7.4980582902754183e-08,1.0071044377881959e-16,28.139451785453076,29.339017704545828,1.9747800870245988,2.5500000000001086
416,35840,120447,4,1.4162286058202359e-15,0.00039893763544231929,2.1137767126322236e-16,-7.5172676028882073e-08,1.0099954588444871e-16,28.140623884635723,29.343478291240682,1.9741815074152775,2.5500000000001104
417,35872,120575,4,1.4162286058202359e-15,0.00039893763544231929,2.1137767126322236e-16,-7.5369986301169494e-08,1.0150891626103335e-16,28.141801778594953,29.347942883858021,1.9735838494059972,2.5500000000001122
418,35904,120703,4,1.4162286058202359e-15,0.00039893763544231929,2.1137767126322236e-16,-7.556249759279961e-08,1.0181923017270047e-16,28.142985471971166,29.352411472079105,1.9729871096055984,2.5500000000001171
419,35936,120831,4,1.4162286058202359e-15,0.00039893763544231929,2.1137767126322236e-16,-7.5758919894834147e-08,1.0220441675110314e-16,28.144174969188445,29.356884045879227,1.9723912846434468,2.5500000000001171
420,35968,120959,4,1.4162286058202359e-15,0.00039893763544231929,2.1137767126322236e-16,-7.5951489119289466e-08,1.023533233234331e-16,28.145370274457612,29.3613605955113,1.9717963711691786,2.55000000000011
421,36000,121087,4,1.4162286058202359e-15,0.00039893763544231929,2.1137767126322236e-16,-7.6144154280891901e-08,1.0281538662040037e-16,28.146571391779844,29.365760311442347,1.9712023688728468,2.5500000000001126
422,36032,121215,4,1.4162286058202359e-15,0.00039893763544231929,2.1137767126322236e-16,-7.6341133526306742e-08,1.0310371862087921e-16,28.147778324950025,29.370099467072698,1.9706092738583687,2.5500000000001122
423,36064,121343,4,1.4162286058202359e-15,0.00039893763544231929,2.1137767126322236e-16,-7.653585208008769e-08,1.034610532008766e-16,28.148991077560432,29.374400955063933,1.9700170819833203,2.5500000000001175
424,36096,121471,4,1.4162286058202359e-15,0.00039893763544231929,2.1137767126322236e-16,-7.6735611892945493e-08,1.0388897006856738e-16,28.150209653004303,29.378673050352401,1.969425789668706,2.5500000000001068
425,36128,121599,4,1.4162286058202359e-15,0.00039893763544231929,2.1137767126322236e-16,-7.6931604975819817e-08,1.0414125829423968e-16,28.15143405448001,29.382920536815053,1.9688353934848131,2.5500000000001104
426,36160,121727,4,1.4162286058202359e-15,0.00039893763544231929,2.1137767126322236e-16,-7.7128238830851697e-08,1.0453151238787e-16,28.152664284994518,29.387146640086726,1.9682458900791417,2.5500000000001104
427,36192,121855,4,1.4162286058202359e-15,0.00039893763544231929,2.1137767126322236e-16,-7.7322797130877934e-08,1.0499257314193486e-16,28.153900347367721,29.391353725694394,1.9676572761503426,2.5500000000001064
428,36224,121983,4,1.4162286058202359e-15,0.00039893763544231929,2.1137767126322236e-16,-7.7517145723652608e-08,1.0531839627649705e-16,28.155142244236192,29.39554362414918,1.9670695484359373,2.5500000000001055
429,36256,122111,4,1.4162286058202359e-15,0.00039893763544231929,2.1137767126322236e-16,-7.7711424906671561e-08,1.0571879036366635e-16,28.156389978057447,29.399717806120844,1.9664827037056398,2.5500000000001095
430,36288,122239,4,1.4162286058202359e-15,0.00039893763544231929,2.1137767126322236e-16,-7.7907711907213866e-08,1.0610346016098132e-16,28.157643551113892,29.403877486447815,1.9658967387573361,2.5500000000001029
431,36320,122367,4,1.4162286058202359e-15,0.00039893763544231929,2.1137767126322236e-16,-7.8104894143030972e-08,1.064394303201177e-16,28.158902965516926,29.408023690357343,1.9653116504145098,2.5500000000001064
432,36352,122495,4,1.4162286058202359e-15,0.00039893763544231929,2.1137767126322236e-16,-7.8306451094715417e-08,1.0670513748327714e-16,28.160168223211063,29.412157297916384,1.9647274355243822,2.5500000000001126
433,36384,122623,4,1.4162286058202359e-15,0.00039893763544231929,2.1137767126322236e-16,-7.8499937037261063e-08,1.070496863325463e-16,28.161439325978236,29.4162790751353,1.9641440909566152,2.5500000000001108
434,36416,122751,4,1.4162286058202359e-15,0.00039893763544231929,2.1137767126322236e-16,-7.8696312210328206e-08,1.0761750694557516e-16,28.162716275441738,29.420389696474825,1.9635616136023686,2.5500000000001148
435,36448,122879,4,1.4162286058202359e-15,0.00039893763544231929,2.1137767126322236e-16,-7.8891584439270429e-08,1.0799801829915568e-16,28.163999073070116,29.424489761590515,1.9629800003734539,2.5500000000001113
436,36480,123007,4,1.4162286058202359e-15,0.00039893763544231929,2.1137767126322236e-16,-7.9090830760101554e-08,1.0828366382380009e-16,28.165287720181755,29.428579808083224,1.9623992482017802,2.5500000000001131
437,36512,123135,4,1.4162286058202359e-15,0.00039893763544231929,2.1137767126322236e-16,-7.9288459243124514e-08,1.0848327532690863e-16,28.166582217948392,29.43266032140259,1.9618193540388174,2.5500000000001171
438,36544,123263,4,1.4162286058202359e-15,0.00039893763544231929,2.1137767126322236e-16,-7.9484263067667609e-08,1.088735918726752e-16,28.167882567399417,29.436731742672436,1.9612403148551694,2.550000000000114
439,36576,123391,4,1.4162286058202359e-15,0.00039893763544231929,2.1137767126322236e-16,-7.9679845520678488e-08,1.0911828016967451e-16,28.169188769425716,29.44079447496685,1.9606621276401648,2.5500000000001108
440,36608,123519,4,1.4162286058202359e-15,0.00039893763544231929,2.1137767126322236e-16,-7.9877439413315337e-08,1.0941215221230592e-16,28.170500824783716,29.444848888410498,1.9600847894015736,2.5500000000001148
441,36640,123647,4,1.4162286058202359e-15,0.00039893763544231929,2.1137767126322236e-16,-8.0074767012020836e-08,1.0976404332348726e-16,28.171818734099201,29.448895324371545,1.95950829716529,2.5500000000001082
442,36672,123775,4,1.4162286058202359e-15,0.00039893763544231929,2.1137767126322236e-16,-8.0267444177909724e-08,1.100133690017957e-16,28.173142497870817,29.452934098945519,1.9589326479750777,2.5500000000001108
443,36704,123903,4,1.4162286058202359e-15,0.00039893763544231929,2.1137767126322236e-16,-8.0462257412897991e-08,1.1032229800632225e-16,28.174472116474348,29.456965505875342,1.9583578388922851,2.5500000000001091
444,36736,124031,4,1.4162286058202359e-15,0.00039893763544231929,2.1137767126322236e-16,-8.0660888933851443e-08,1.1052355621923523e-16,28.175807590165881,29.460989819022185,1.9577838669957022,2.5500000000001153
445,36768,124159,4,1.4162286058202359e-15,0.00039893763544231929,2.1137767126322236e-16,-8.0859704446515651e-08,1.1070891912270224e-16,28.177148919085777,29.465007294470166,1.9572107293812688,2.5500000000001148
446,36800,124287,4,1.4162286058202359e-15,0.00039893763544231929,2.1137767126322236e-16,-8.1052646116101262e-08,1.1094286461829117e-16,28.178496103262031,29.469018172332234,1.9566384231619112,2.5500000000001108
447,36832,124415,4,1.4162286058202359e-15,0.00039893763544231929,2.1137767126322236e-16,-8.1246728609233614e-08,1.1116133087628225e-16,28.179849142613751,29.47302267831023,1.9560669454673465,2.5500000000001122
448,36864,124543,4,1.4162286058202359e-15,0.00039893763544231929,2.1137767126322236e-16,-8.1444721432758787e-08,1.1150228583258502e-16,28.181208036954494,29.477021025050146,1.9554962934438991,2.5500000000001157
449,36896,124671,4,1.4162286058202359e-15,0.00039893763544231929,2.1137767126322236e-16,-8.1639292222794052e-08,1.1165405879253263e-16,28.182572785995763,29.481013413325524,1.9549264642543716,2.5500000000001104
450,36928,124799,4,1.4162286058202359e-15,0.00039893763544231929,2.1137767126322236e-16,-8.1835912102893609e-08,1.1193782351525925e-16,28.183943389349935,29.485000033076624,1.9543574550777989,2.5500000000001095
451,36960,124927,4,1.4162286058202359e-15,0.00039893763544231929,2.1137767126322236e-16,-8.2031946159936436e-08,1.1242397906795259e-16,28.18531984653352,29.488981064326772,1.953789263109375,2.5500000000001131
452,36992,125055,4,1.4162286058202359e-15,0.00039893763544231929,2.1137767126322236e-16,-8.2231581933126812e-08,1.1274309666287912e-16,28.18670215697033,29.49295667799397,1.953221885560243,2.5500000000001068
453,37024,125183,4,1.4162286058202359e-15,0.00039893763544231929,2.1137767126322236e-16,-8.2424433195863749e-08,1.1298963039982503e-16,28.188090319994107,29.496927036613016,1.9526553196573746,2.5500000000001113
454,37056,125311,4,1.4162286058202359e-15,0.00039893763544231929,2.1137767126322236e-16,-8.2619585964808522e-08,1.1326528565062134e-16,28.189484334851333,29.500892294979725,1.9520895626433981,2.5500000000001104
455,37088,125439,4,1.4162286058202359e-15,0.00039893763544231929,2.1137767126322236e-16,-8.2816618271945047e-08,1.1349571728296815e-16,28.190884200704012,29.504852600728388,1.9515246117764855,2.5500000000001117
456,37120,125567,4,1.4162286058202359e-15,0.00039893763544231929,2.1137767126322236e-16,-8.3013099401922102e-08,1.139579770353309e-16,28.192289916632141,29.508808094851034,1.9509604643302163,2.5500000000001104
457,37152,125695,4,1.4162286058202359e-15,0.00039893763544231929,2.1137767126322236e-16,-8.3211066572356512e-08,1.1416428435870291e-16,28.193701481635866,29.512758912165079,1.9503971175933938,2.5500000000001126
458,37184,125823,4,1.4162286058202359e-15,0.00039893763544231929,2.1137767126322236e-16,-8.3406216544927042e-08,1.1443378497215151e-16,28.195118894637908,29.516705181736793,1.9498345688699967,2.5500000000001113
459,37216,125951,4,1.4162286058202359e-15,0.00039893763544231929,2.1137767126322236e-16,-8.360448752789214e-08,1.147018942678098e-16,28.196542154485162,29.520647027265028,1.9492728154789785,2.5500000000001113
460,37248,126079,4,1.4162286058202359e-15,0.00039893763544231929,2.1137767126322236e-16,-8.3804943790592184e-08,1.1499027796707692e-16,28.197971259950773,29.524584567430463,1.9487118547541482,2.5500000000001055
461,37280,126207,4,1.4162286058202359e-15,0.00039893763544231929,2.1137767126322236e-16,-8.3999201761412473e-08,1.1534857042222365e-16,28.199406209735344,29.528517916213648,1.948151684044094,2.5500000000001033
462,37312,126335,4,1.4162286058202359e-15,0.00039893763544231929,2.1137767126322236e-16,-8.419740944778738e-08,1.1561415474906212e-16,28.200847002468397,29.532447183185781,1.947592300712025,2.55000000000011
463,37344,126463,4,1.4162286058202359e-15,0.00039893763544231929,2.1137767126322236e-16,-8.4395345580549357e-08,1.1578708512792246e-16,28.202293636709285,29.536372473774936,1.9470337021356339,2.5500000000001113
464,37376,126591,4,1.4162286058202359e-15,0.00039893763544231929,2.1137767126322236e-16,-8.4594454719448003e-08,1.1597537087408392e-16,28.203746110947876,29.540293889510558,1.9464758857070206,2.55000000000011
465,37408,126719,4,1.4162286058202359e-15,0.00039893763544231929,2.1137767126322236e-16,-8.4790827415330022e-08,1.1629831417934351e-16,28.205204423604993,29.544211528248095,1.9459188488325663,2.5500000000001144
466,37440,126847,4,1.4162286058202359e-15,0.00039893763544231929,2.1137767126322236e-16,-8.4987246705884605e-08,1.1656269578557133e-16,28.206668573032484,29.548125484375984,1.9453625889327784,2.5500000000001091
467,37472,126975,4,1.4162286058202359e-15,0.00039893763544231929,2.1137767126322236e-16,-8.5183677542758645e-08,1.1677943261569671e-16,28.208138557513081,29.552035849007037,1.9448071034422207,2.5500000000001131
468,37504,127103,4,1.4162286058202359e-15,0.00039893763544231929,2.1137767126322236e-16,-8.5378613290857679e-08,1.1716996278085647e-16,28.209614375260074,29.555942710155193,1.9442523898094184,2.5500000000001184
469,37536,127231,4,1.4162286058202359e-15,0.00039893763544231929,2.1137767126322236e-16,-8.5577825472330798e-08,1.1737341488354909e-16,28.211096024416108,29.559846152899109,1.9436984454966659,2.5500000000001131
470,37568,127359,4,1.4162286058202359e-15,0.00039893763544231929,2.1137767126322236e-16,-8.5772584112101829e-08,1.1777120459255977e-16,28.212583503052517,29.563746259534291,1.9431452679800056,2.55000000000011
471,37600,127487,4,1.4162286058202359e-15,0.00039893763544231929,2.1137767126322236e-16,-8.5969258566601941e-08,1.1804965509344105e-16,28.214076809167555,29.567643109714314,1.9425928547490761,2.55000000000011
472,37632,127615,4,1.4162286058202359e-15,0.00039893763544231929,2.1137767126322236e-16,-8.6170828417690153e-08,1.1833883578122836e-16,28.215575940684964,29.57153678058199,1.9420412033070318,2.5500000000001131
473,37664,127743,4,1.4162286058202359e-15,0.00039893763544231929,2.1137767126322236e-16,-8.6365865633234745e-08,1.1858599755505436e-16,28.217080895451669,29.575427346892283,1.9414903111703801,2.55000000000011
474,37696,127871,4,1.4162286058202359e-15,0.00039893763544231929,2.1137767126322236e-16,-8.6563636807671945e-08,1.1896112396284716e-16,28.218591671235892,29.579314881126404,1.9409401758689635,2.550000000000114
475,37728,127999,4,1.4162286058202359e-15,0.00039893763544231929,2.1137767126322236e-16,-8.6760555303070657e-08,1.1927176812637384e-16,28.220108265724242,29.583199453598599,1.9403907949457906,2.5500000000001131
476,37760,128127,4,1.4162286058202359e-15,0.00039893763544231929,2.1137767126322236e-16,-8.6955363986144523e-08,1.1966802899881737e-16,28.221630676519222,29.587081132556307,1.9398421659569816,2.5500000000001108
477,37792,128255,4,1.4162286058202359e-15,0.00039893763544231929,2.1137767126322236e-16,-8.7150542553896831e-08,1.2006583752618698e-16,28.223158901136049,29.590959984273763,1.9392942864716218,2.5500000000001135
478,37824,128383,4,1.4162286058202359e-15,0.00039893763544231929,2.1137767126322236e-16,-8.7348619268649302e-08,1.2041630609350988e-16,28.224692936999492,29.594836073139742,1.9387471540717147,2.5500000000001144
479,37856,128511,4,1.4162286058202359e-15,0.00039893763544231929,2.1137767126322236e-16,-8.7547675900937776e-08,1.2069397159998985e-16,28.22623278144059,29.598709461740352,1.9382007663520284,2.5500000000001148
480,37888,128639,4,1.4162286058202359e-15,0.00039893763544231929,2.1137767126322236e-16,-8.7744711733032404e-08,1.2092463711765485e-16,28.227778431693093,29.60258021093642,1.9376551209200301,2.5500000000001144
481,37920,128767,4,1.4162286058202359e-15,0.00039893763544231929,2.1137767126322236e-16,-8.7939887892988527e-08,1.2137820444255059e-16,28.229329884889523,29.606558496815623,1.9371102229763941,2.5500000000001108
482,37952,128895,4,1.4162286058202359e-15,0.00039893763544231929,2.1137767126322236e-16,-8.8138778914696197e-08,1.2186711843579165e-16,28.230887138057668,29.610622186505346,1.9365660686832324,2.5500000000001091
483,37984,129023,4,1.4162286058202359e-15,0.00039893763544231929,2.1137767126322236e-16,-8.8334979734176216e-08,1.222849780280047e-16,28.232450188116566,29.614740124993073,1.9360226535471465,2.5500000000001193
484,38016,129151,4,1.4162286058202359e-15,0.00039893763544231929,2.1137767126322236e-16,-8.8530129734502321e-08,1.2266618152496277e-16,28.234019031872492,29.618901077611984,1.9354799744520332,2.550000000000114
485,38048,129279,4,1.4162286058202359e-15,0.00039893763544231929,2.1137767126322236e-16,-8.8723700505025943e-08,1.2319054413655963e-16,28.235593666015102,29.623098566308755,1.9349380286198827,2.5500000000001144
486,38080,129407,4,1.4162286058202359e-15,0.00039893763544231929,2.1137767126322236e-16,-8.8922839342390497e-08,1.2365388687513937e-16,28.237174087113221,29.62732823557749,1.9343968134302365,2.5500000000001077
487,38112,129535,4,1.4162286058202359e-15,0.00039893763544231929,2.1137767126322236e-16,-8.9120882493713154e-08,1.2382214885341761e-16,28.238760291610987,29.631586901058665,1.933856326355031,2.5500000000001126
488,38144,129663,4,1.4162286058202359e-15,0.00039893763544231929,2.1137767126322236e-16,-8.9321023564096507e-08,1.2423626007668488e-16,28.240352275823504,29.635872106528527,1.9333165649280877,2.5500000000001108
489,38176,129791,4,1.4162286058202359e-15,0.00039893763544231929,2.1137767126322236e-16,-8.9520610737273981e-08,1.245369402293479e-16,28.241950035933343,29.640181885200221,1.9327775267287344,2.55000000000011
490,38208,129919,4,1.4162286058202359e-15,0.00039893763544231929,2.1137767126322236e-16,-8.9718346322124348e-08,1.2487415881082378e-16,28.243553567986236,29.644514618008529,1.9322392093719887,2.5500000000001104
491,38240,130047,4,1.4162286058202359e-15,0.00039893763544231929,2.1137767126322236e-16,-8.9910998008394821e-08,1.2516929540581662e-16,28.245162867887299,29.648868943393204,1.9317016105022828,2.5500000000001073
492,38272,130175,4,1.4162286058202359e-15,0.00039893763544231929,2.1137767126322236e-16,-9.0110271883573639e-08,1.256618777382792e-16,28.246777931397332,29.653243696750234,1.9311647277892376,2.55000000000011
493,38304,130303,4,1.4162286058202359e-15,0.00039893763544231929,2.1137767126322236e-16,-9.0307230645373676e-08,1.2599047420264012e-16,28.248398754129223,29.657637868070822,1.9306285589246952,2.5500000000001108
494,38336,130431,4,1.4162286058202359e-15,0.00039893763544231929,2.1137767126322236e-16,-9.0503802390366222e-08,1.2635426430693303e-16,28.25002533154435,29.66205057129498,1.9300931016204623,2.550000000000118
495,38368,130559,4,1.4162286058202359e-15,0.00039893763544231929,2.1137767126322236e-16,-9.070344223668732e-08,1.2665274291839575e-16,28.2516576589491,29.666481021517598,1.929558353606766,2.5500000000001135
496,38400,130687,4,1.4162286058202359e-15,0.00039893763544231929,2.1137767126322236e-16,-9.0899448177332048e-08,1.2696413898909924e-16,28.253295731491814,29.670928517636881,1.9290243126308928,2.5500000000001113
497,38432,130815,4,1.4162286058202359e-15,0.00039893763544231929,2.1137767126322236e-16,-9.1092819995889656e-08,1.2708692361127508e-16,28.254939544159583,29.675392428880389,1.9284909764562375,2.5500000000001126
498,38464,130943,4,1.4162286058202359e-15,0.00039893763544231929,2.1137767126322236e-16,-9.129169893698304e-08,1.274084520240969e-16,28.256589091775233,29.679872184163727,1.9279583428614653,2.5500000000001117
499,38496,131071,4,1.4162286058202359e-15,0.00039893763544231929,2.1137767126322236e-16,-9.1490244582185536e-08,1.2763011409438457e-16,28.258244368994838,29.684367263558755,1.927426409639861,2.55000000000011
500,38528,131199,4,1.4162286058202359e-15,0.00039893763544231929,2.1137767126322236e-16,-9.1688691403661054e-08,1.28056380323163e-16,28.259905370304836,29.688877191363403,1.9268951745987422,2.5500000000001135
501,38560,131327,4,1.4162286058202359e-15,0.00039893763544231929,2.1137767126322236e-16,-9.1888039760927037e-08,1.2821366726907388e-16,28.261572090019971,29.693401530407584,1.926364635559036,2.5500000000001108
502,38592,131455,4,1.4162286058202359e-15,0.00039893763544231929,2.1137767126322236e-16,-9.2086276257589433e-08,1.2852218309688447e-16,28.2632445222808,29.697939877324831,1.9258347903548341,2.5500000000001148
503,38624,131583,4,1.4162286058202359e-15,0.00039893763544231929,2.1137767126322236e-16,-9.2281965021393813e-08,1.2873606139760802e-16,28.264922661051912,29.702491858590264,1.925305636833089,2.5500000000001113
504,38656,131711,4,1.4162286058202359e-15,0.00039893763544231929,2.1137767126322236e-16,-9.248048379226022e-08,1.2915201764723159e-16,28.266606500120048,29.707057127171709,1.9247771728532566,2.5500000000001108
505,38688,131839,4,1.4162286058202359e-15,0.00039893763544231929,2.1137767126322236e-16,-9.2678820091033636e-08,1.2950751402511274e-16,28.268296033092568,29.711635359678539,1.9242493962870435,2.550000000000114
506,38720,131967,4,1.4162286058202359e-15,0.00039893763544231929,2.1137767126322236e-16,-9.2873583962730671e-08,1.296539299566183e-16,28.269991253396046,29.716226253916094,1.9237223050181982,2.5500000000001126
507,38752,132095,4,1.4162286058202359e-15,0.00039893763544231929,2.1137767126322236e-16,-9.3068416293554961e-08,1.2989811243267303e-16,28.271692154274938,29.720829526775869,1.9231958969422163,2.5500000000001131
508,38784,132223,4,1.4162286058202359e-15,0.00039893763544231929,2.1137767126322236e-16,-9.3264303426458267e-08,1.3023218958897758e-16,28.273398728790959,29.725444912403827,1.922670169966241,2.55000000000011
509,38816,132351,4,1.4162286058202359e-15,0.00039893763544231929,2.1137767126322236e-16,-9.3459270219168627e-08,1.3064937213385926e-16,28.275110969821881,29.730072160601736,1.9221451220087644,2.5500000000001131
510,38848,132479,4,1.4162286058202359e-15,0.00039893763544231929,2.1137767126322236e-16,-9.3657549660645394e-08,1.3084149351652113e-16,28.27682887006123,29.734711035425484,1.9216207509995504,2.5500000000001113
511,38880,132607,4,1.4162286058202359e-15,0.00039893763544231929,2.1137767126322236e-16,-9.3852132198228038e-08,1.3120131604900593e-16,28.278552422018048,29.73936131394964,1.921097054879449,2.5500000000001153
512,38912,132735,4,1.4162286058202359e-15,0.00039893763544231929,2.1137767126322236e-16,-9.4047185865890076e-08,1.316344313332563e-16,28.280281618016492,29.74402278517433,1.9205740316002466,2.5500000000001131
513,38928,132799,4,1.4162286058202359e-15,0.00039893763544231929,2.1137767126322236e-16,-9.3438912850599981e-08,1.319898224524045e-16,28.282016538137107,29.74869541774833,1.9200516895777862,2.5500000000000949
514,38944,132863,4,1.4162286058202359e-15,0.00039893763544231929,2.1137767126322236e-16,-9.283641778287473e-08,1.322071240400931e-16,28.283757086135797,29.753378847387072,1.9195300162736089,2.5500000000000855
515,38960,132927,4,1.4162286058202359e-15,0.00039893763544231929,2.1137767126322236e-16,-9.2236652670300306e-08,1.3255070426086497e-16,28.285503253775513,29.75807289384765,1.9190090096708894,2.5500000000000824
516,38976,132991,4,1.4162286058202359e-15,0.00039893763544231929,2.1137767126322236e-16,-9.1632852632554123e-08,1.3279378493234378e-16,28.287255032637642,29.762777385466663,1.9184886677639181,2.5500000000000891
517,38992,133055,4,1.4162286058202359e-15,0.00039893763544231929,2.1137767126322236e-16,-9.1029745387853094e-08,1.3295548509361779e-16,28.289012414121412,29.767492158536385,1.9179689885574467,2.5500000000000864
518,39008,133119,4,1.4162286058202359e-15,0.00039893763544231929,2.1137767126322236e-16,-9.0426554210291404e-08,1.3334578323461573e-16,28.290775389445848,29.772217056742942,1.917449970066522,2.550000000000098
519,39024,133183,4,1.4162286058202359e-15,0.00039893763544231929,2.1137767126322236e-16,-8.982169495039079e-08,1.3337079221325566e-16,28.292543949651876,29.776951930656686,1.9169316103163212,2.5500000000000926
520,39040,133247,4,1.4162286058202359e-15,0.00039893763544231929,2.1137767126322236e-16,-8.921582080786779e-08,1.3366062885526873e-16,28.294318085604409,29.781696637269469,1.9164139073420923,2.5500000000000935
521,39056,133311,4,1.4162286058202359e-15,0.00039893763544231929,2.1137767126322236e-16,-8.861142068069901e-08,1.3401883362927053e-16,28.296097787995027,29.786451039573166,1.9158968591889889,2.5500000000001015
522,39072,133375,4,1.4162286058202359e-15,0.00039893763544231929,2.1137767126322236e-16,-8.8009286102389855e-08,1.3427175071900352e-16,28.297883047344577,29.791215006174934,1.9153804639119991,2.5500000000001006
523,39088,133439,4,1.4162286058202359e-15,0.00039893763544231929,2.1137767126322236e-16,-8.7406240433433329e-08,1.3454587299732961e-16,28.299673854006908,29.795988410945444,1.9148647195758703,2.5500000000001006
524,39104,133503,4,1.4162286058202359e-15,0.00039893763544231929,2.1137767126322236e-16,-8.6801098538506221e-08,1.3485101496221674e-16,28.301470198172311,29.800771132696088,1.9143496242549831,2.5500000000001051
525,39120,133567,4,1.4162286058202359e-15,0.00039893763544231929,2.1137767126322236e-16,-8.6196856063006937e-08,1.352578736726683e-16,28.303272069871738,29.805563054882601,1.9138351760333003,2.5500000000001113
526,39136,133631,4,1.4162286058202359e-15,0.00039893763544231929,2.1137767126322236e-16,-8.55895115688657e-08,1.3582894262396266e-16,28.30507945898135,29.810364065332504,1.9133213730042642,2.5500000000001077
527,39152,133695,4,1.4162286058202359e-15,0.00039893763544231929,2.1137767126322236e-16,-8.4982298858197485e-08,1.3611599704398541e-16,28.306892355227557,29.815174055993477,1.9128082132707553,2.5500000000001108
528,39168,133759,4,1.4162286058202359e-15,0.00039893763544231929,2.1137767126322236e-16,-8.4374492858222699e-08,1.3633984038954838e-16,28.308710748192311,29.819992922701434,1.9122956949449315,2.5500000000001117
529,39184,133823,4,1.4162286058202359e-15,0.00039893763544231929,2.1137767126322236e-16,-8.3768281402189242e-08,1.3635232502653364e-16,28.310534627319225,29.824820564965091,1.9117838161482572,2.5500000000001077
530,39200,133887,4,1.4162286058202359e-15,0.00039893763544231929,2.1137767126322236e-16,-8.3165477567563056e-08,1.3669321360159226e-16,28.312363981919706,29.829656885767491,1.9112725750113393,2.5500000000001126
531,39216,133951,4,1.4162286058202359e-15,0.00039893763544231929,2.1137767126322236e-16,-8.2557382215712476e-08,1.3719393373692113e-16,28.31419880117959,29.834501791381115,1.9107619696739084,2.5500000000001051
532,39232,134015,4,1.4162286058202359e-15,0.00039893763544231929,2.1137767126322236e-16,-8.1953776189439847e-08,1.373950498815639e-16,28.316039074166373,29.83935519119597,1.910251998284713,2.5500000000001144
533,39248,134079,4,1.4162286058202359e-15,0.00039893763544231929,2.1137767126322236e-16,-8.1347401683277437e-08,1.3768497048240914e-16,28.317884789836707,29.844216997560029,1.9097426590014932,2.5500000000001224
534,39264,134143,4,1.4162286058202359e-15,0.00039893763544231929,2.1137767126322236e-16,-8.0743699733735479e-08,1.3827327994562064e-16,28.319735937044111,29.849087125630199,1.9092339499908677,2.5500000000001086
535,39280,134207,4,1.4162286058202359e-15,0.00039893763544231929,2.1137767126322236e-16,-8.0138740706418315e-08,1.3873941938185142e-16,28.321592504547375,29.85396549323367,1.9087258694282785,2.5500000000001029
536,39296,134271,4,1.4162286058202359e-15,0.00039893763544231929,2.1137767126322236e-16,-7.9532284959686078e-08,1.3916682898103155e-16,28.323454481018828,29.85885202073781,1.9082184154979533,2.550000000000114
537,39312,134335,4,1.4162286058202359e-15,0.00039893763544231929,2.1137767126322236e-16,-7.8927211440619499e-08,1.3947870419610487e-16,28.325321855053282,29.863746630928738,1.9077115863927745,2.5500000000000989
538,39328,134399,4,1.4162286058202359e-15,0.00039893763544231929,2.1137767126322236e-16,-7.8320253484502072e-08,1.398407652861224e-16,28.327194615176946,29.868649248897803,1.907205380314299,2.5500000000001029
539,39344,134463,4,1.4162286058202359e-15,0.00039893763544231929,2.1137767126322236e-16,-7.7713705061902854e-08,1.4021040624568305e-16,28.329072749856941,29.873559801934864,1.9066997954726332,2.5500000000001104
540,39360,134527,4,1.4162286058202359e-15,0.00039893763544231929,2.1137767126322236e-16,-7.7103738165466301e-08,1.405217102925434e-16,28.330956247510361,29.878478219428338,1.9061948300863789,2.5500000000001082
541,39376,134591,4,1.4162286058202359e-15,0.00039893763544231929,2.1137767126322236e-16,-7.6496889288761044e-08,1.4087802785397766e-16,28.332845096514252,29.883354903721045,1.9056904808435551,2.5500000000001091
542,39392,134655,4,1.4162286058202359e-15,0.00039893763544231929,2.1137767126322236e-16,-7.5891729755165632e-08,1.4115785188826608e-16,28.334739285215175,29.888200533188076,1.905186746302147,2.5500000000001051
543,39408,134719,4,1.4162286058202359e-15,0.00039893763544231929,2.1137767126322236e-16,-7.5285211960844106e-08,1.4146375196418462e-16,28.336638801938971,29.893028656079714,1.9046836251269126,2.5500000000001122
544,39424,134783,4,1.4162286058202359e-15,0.00039893763544231929,2.1137767126322236e-16,-7.4682145197650112e-08,1.4177260838361243e-16,28.338543635000828,29.897844203348487,1.9041811157242901,2.5500000000001029
545,39440,134847,4,1.4162286058202359e-15,0.00039893763544231929,2.1137767126322236e-16,-7.4071586593974797e-08,1.4236359708482798e-16,28.340453772715041,29.902650008198567,1.9036792164440872,2.5500000000001011
546,39456,134911,4,1.4162286058202359e-15,0.00039893763544231929,2.1137767126322236e-16,-7.3465048121749437e-08,1.4236639791838209e-16,28.342369203404925,29.907447965886455,1.9031779256151833,2.5500000000001148
547,39472,134975,4,1.4162286058202359e-15,0.00039893763544231929,2.1137767126322236e-16,-7.2860550128421036e-08,1.4261967193654939e-16,28.344289915412844,29.91223945389806,1.9026772415585191,2.5500000000000949
548,39488,135039,4,1.4162286058202359e-15,0.00039893763544231929,2.1137767126322236e-16,-7.2253549886684159e-08,1.4276787126945562e-16,28.346215897109673,29.917025527882394,1.9021771625930637,2.5500000000000984
549,39504,135103,4,1.4162286058202359e-15,0.00039893763544231929,2.1137767126322236e-16,-7.1648412890616147e-08,1.430915325674869e-16,28.348147136904831,29.921807027308816,1.9016776870390537,2.5500000000001082
550,39520,135167,4,1.4162286058202359e-15,0.00039893763544231929,2.1137767126322236e-16,-7.1041091960958607e-08,1.4339526584379086e-16,28.350083623255628,29.926584638223748,1.9011788132198637,2.5500000000001153
551,39536,135231,4,1.4162286058202359e-15,0.00039893763544231929,2.1137767126322236e-16,-7.0434536266398578e-08,1.4388189164866243e-16,28.352025344676722,29.931358933209843,1.9006805394631918,2.5500000000001299
552,39552,135295,4,1.4162286058202359e-15,0.00039893763544231929,2.1137767126322236e-16,-6.9827421296989894e-08,1.4412865575540895e-16,28.3539722897495,29.936130398205929,1.9001828641018323,2.5500000000001268
553,39568,135359,4,1.4162286058202359e-15,0.00039893763544231929,2.1137767126322236e-16,-6.9218850186817687e-08,1.4450965969504424e-16,28.355924447130874,29.940899451267679,1.8996857854742233,2.5500000000001219
554,39584,135423,4,1.4162286058202359e-15,0.00039893763544231929,2.1137767126322236e-16,-6.861281320233255e-08,1.4472070117985704e-16,28.357881805562453,29.945666456136699,1.8991893019247763,2.5500000000001291
555,39600,135487,4,1.4162286058202359e-15,0.00039893763544231929,2.1137767126322236e-16,-6.8004812261072428e-08,1.4493458527084487e-16,28.359844353878675,29.950431732328962,1.8986934118041994,2.5500000000001188
556,39616,135551,4,1.4162286058202359e-15,0.00039893763544231929,2.1137767126322236e-16,-6.7398504298902556e-08,1.4543877666961432e-16,28.361812081015643,29.955195562810449,1.89819811346963,2.5500000000001295
557,39632,135615,4,1.4162286058202359e-15,0.00039893763544231929,2.1137767126322236e-16,-6.6791887819631928e-08,1.458011574649386e-16,28.363784976018753,29.959958199953714,1.8977034052847959,2.5500000000001206
558,39648,135679,4,1.4162286058202359e-15,0.00039893763544231929,2.1137767126322236e-16,-6.6181762633147639e-08,1.461615038095463e-16,28.365763028050868,29.964719870238898,1.8972092856200959,2.5500000000001273
559,39664,135743,4,1.4162286058202359e-15,0.00039893763544231929,2.1137767126322236e-16,-6.557406009208096e-08,1.4641122880929544e-16,28.367746226399568,29.969480778019651,1.896715752852671,2.5500000000001446
560,39680,135807,4,1.4162286058202359e-15,0.00039893763544231929,2.1137767126322236e-16,-6.4967247283746215e-08,1.4683129056309426e-16,28.369734560484478,29.974241108578902,1.8962228053664842,2.5500000000001335
561,39696,135871,4,1.4162286058202359e-15,0.00039893763544231929,2.1137767126322236e-16,-6.4357328029755206e-08,1.4693451774045721e-16,28.37172801986404,29.979001030637306,1.8957304415522938,2.5500000000001535
562,39712,135935,4,1.4162286058202359e-15,0.00039893763544231929,2.1137767126322236e-16,-6.374896310187646e-08,1.4726485025012873e-16,28.373726594242267,29.983760698433858,1.8952386598077293,2.5500000000001362
563,39728,135999,4,1.4162286058202359e-15,0.00039893763544231929,2.1137767126322236e-16,-6.3141090960364981e-08,1.4755848985500801e-16,28.375730273474797,29.98852025346681,1.8947474585372128,2.5500000000001593
564,39744,136063,4,1.4162286058202359e-15,0.00039893763544231929,2.1137767126322236e-16,-6.2535911928477699e-08,1.4785906991881691e-16,28.377739047574977,29.993279825963764,1.8942568361520817,2.5500000000001473
565,39760,136127,4,1.4162286058202359e-15,0.00039893763544231929,2.1137767126322236e-16,-6.1929340607528598e-08,1.4791782828003931e-16,28.379752906719322,29.998039536130879,1.8937667910704896,2.5500000000001344
566,39776,136191,4,1.4162286058202359e-15,0.00039893763544231929,2.1137767126322236e-16,-6.132743895401001e-08,1.4809657001629314e-16,28.381771841252977,30.002799495223282,1.8932773217173999,2.5500000000001499
567,39792,136255,4,1.4162286058202359e-15,0.00039893763544231929,2.1137767126322236e-16,-6.0719642002352874e-08,1.4831584980641666e-16,28.383795841694479,30.00755980646651,1.8927884265246098,2.5500000000001535
568,39808,136319,4,1.4162286058202359e-15,0.00039893763544231929,2.1137767126322236e-16,-6.0117156343767758e-08,1.4833121096398208e-16,28.385824898740371,30.012320565855838,1.8923001039307037,2.5500000000001433
569,39824,136383,4,1.4162286058202359e-15,0.00039893763544231929,2.1137767126322236e-16,-5.9512005733589906e-08,1.4869664116063453e-16,28.387859003269465,30.017081862851729,1.8918123523810246,2.5500000000001535
570,39840,136447,4,1.4162286058202359e-15,0.00039893763544231929,2.1137767126322236e-16,-5.8899855222752944e-08,1.4916788057893201e-16,28.389898146347104,30.021843780989673,1.8913251703276732,2.5500000000001655
571,39856,136511,4,1.4162286058202359e-15,0.00039893763544231929,2.1137767126322236e-16,-5.8290764680860879e-08,1.4948580620659584e-16,28.391942319228299,30.026606398415389,1.8908385562294703,2.5500000000001695
572,39872,136575,4,1.4162286058202359e-15,0.00039893763544231929,2.1137767126322236e-16,-5.767974289213969e-08,1.4994992153186771e-16,28.393991513361215,30.031369788358479,1.8903525085519033,2.5500000000001637
573,39888,136639,4,1.4162286058202359e-15,0.00039893763544231929,2.1137767126322236e-16,-5.7072419783669464e-08,1.5021971145173555e-16,28.396045720390159,30.036134019551657,1.8898670257671322,2.5500000000001672
574,39904,136703,4,1.4162286058202359e-15,0.00039893763544231929,2.1137767126322236e-16,-5.6462140900685203e-08,1.5059317481290681e-16,28.39810493215829,30.040899156604478,1.8893821063539507,2.5500000000001708
575,39920,136767,4,1.4162286058202359e-15,0.00039893763544231929,2.1137767126322236e-16,-5.5855243687645011e-08,1.5076250116583826e-16,28.400169140709529,30.045665260336257,1.8888977487977514,2.5500000000001721
576,39936,136831,4,1.4162286058202359e-15,0.00039893763544231929,2.1137767126322236e-16,-5.5248029894509348e-08,1.5118080764237724e-16,28.402238338290978,30.050432388075208,1.888413951590477,2.5500000000001735
577,39952,136895,4,1.4162286058202359e-15,0.00039893763544231929,2.1137767126322236e-16,-5.4642651050233209e-08,1.5141706696893464e-16,28.404312517354175,30.055200593926422,1.8879307132306073,2.5500000000001748
578,39968,136959,4,1.4162286058202359e-15,0.00039893763544231929,2.1137767126322236e-16,-5.4033752826724584e-08,1.5183815649464456e-16,28.406391670556562,30.059969929013921,1.8874480322231226,2.5500000000001681
579,39984,137023,4,1.4162286058202359e-15,0.00039893763544231929,2.1137767126322236e-16,-5.3426006029392586e-08,1.5211346453637874e-16,28.408475790762317,30.064740441699136,1.8869659070794649,2.5500000000001708
580,40000,137087,4,1.4162286058202359e-15,0.00039893763544231929,2.1137767126322236e-16,-5.2822126360899962e-08,1.5224382447860434e-16,28.410564871043029,30.069512177778925,1.8864843363174968,2.5500000000001619
581,40016,137151,4,1.4162286058202359e-15,0.00039893763544231929,2.1137767126322236e-16,-5.2211611402867302e-08,1.5251644439014289e-16,28.412658904677802,30.074285180665296,1.8860033184614919,2.5500000000001477
582,40032,137215,4,1.4162286058202359e-15,0.00039893763544231929,2.1137767126322236e-16,-5.1600956986944962e-08,1.5286035341520824e-16,28.414757885153268,30.079059491548829,1.8855228520420761,2.5500000000001593
583,40048,137279,4,1.4162286058202359e-15,0.00039893763544231929,2.1137767126322236e-16,-5.0991746443821722e-08,1.5304031214093828e-16,28.416861806163023,30.08383514954815,1.8850429355962024,2.5500000000001521
584,40064,137343,4,1.4162286058202359e-15,0.00039893763544231929,2.1137767126322236e-16,-5.0384910653870368e-08,1.5333780330554477e-16,28.418970661606863,30.088612191846259,1.8845635676671166,2.5500000000001659
585,40080,137407,4,1.4162286058202359e-15,0.00039893763544231929,2.1137767126322236e-16,-4.9773517925758864e-08,1.534725737747965e-16,28.42108444558972,30.093390653815426,1.8840847468043089,2.5500000000001668
586,40096,137471,4,1.4162286058202359e-15,0.00039893763544231929,2.1137767126322236e-16,-4.9165299908141851e-08,1.5379050085002641e-16,28.423203152419966,30.098170569131771,1.883606471563513,2.5500000000001637
587,40112,137535,4,1.4162286058202359e-15,0.00039893763544231929,2.1137767126322236e-16,-4.8557693345855651e-08,1.541635113298123e-16,28.425326776607683,30.102951969880625,1.883128740506629,2.5500000000001641
588,40128,137599,4,1.4162286058202359e-15,0.00039893763544231929,2.1137767126322236e-16,-4.7947781807914663e-08,1.5419934107163534e-16,28.427455312862332,30.107734886653468,1.8826515522017193,2.550000000000153
589,40144,137663,4,1.4162286058202359e-15,0.00039893763544231929,2.1137767126322236e-16,-4.7341232219581269e-08,1.5440520709415054e-16,28.429588756090549,30.112519348637569,1.8821749052229504,2.5500000000001615
590,40160,137727,4,1.4162286058202359e-15,0.00039893763544231929,2.1137767126322236e-16,-4.6733392996182471e-08,1.5477319493325701e-16,28.431727101392987,30.117305383698437,1.8816987981506021,2.550000000000165
591,40176,137791,4,1.4162286058202359e-15,0.00039893763544231929,2.1137767126322236e-16,-4.6124884780144609e-08,1.5498615857901823e-16,28.433870344061344,30.122093018456301,1.8812232295709528,2.5500000000001664
592,40192,137855,4,1.4162286058202359e-15,0.00039893763544231929,2.1137767126322236e-16,-4.5516082132960616e-08,1.5536708290251956e-16,28.436018479574891,30.126882278356906,1.8807481980763374,2.5500000000001637
593,40208,137919,4,1.4162286058202359e-15,0.00039893763544231929,2.1137767126322236e-16,-4.490577067880837e-08,1.5577976455089319e-16,28.438171503596646,30.131673187737075,1.8802737022650724,2.5500000000001664
594,40224,137983,4,1.4162286058202359e-15,0.00039893763544231929,2.1137767126322236e-16,-4.4298136763402401e-08,1.5611617104780268e-16,28.440329411969618,30.136465769886158,1.8797997407413791,2.5500000000001557
595,40240,138047,4,1.4162286058202359e-15,0.00039893763544231929,2.1137767126322236e-16,-4.3688521585620049e-08,1.5649519802577397e-16,28.442492200712202,30.141260047102204,1.8793263121154253,2.5500000000001597
596,40256,138111,4,1.4162286058202359e-15,0.00039893763544231929,2.1137767126322236e-16,-4.3077494925795339e-08,1.5676043286880364e-16,28.444659866014174,30.146056040745147,1.8788534150032523,2.5500000000001637
597,40272,138175,4,1.4162286058202359e-15,0.00039893763544231929,2.1137767126322236e-16,-4.2464977638904405e-08,1.5710256759145507e-16,28.446832404231539,30.150853771286005,1.8783810480267267,2.5500000000001539
598,40288,138239,4,1.4162286058202359e-15,0.00039893763544231929,2.1137767126322236e-16,-4.1854514486653632e-08,1.5729128781423328e-16,28.449009811881844,30.15565325835302,1.8779092098135395,2.550000000000161
599,40304,138303,4,1.4162286058202359e-15,0.00039893763544231929,2.1137767126322236e-16,-4.1244408520905456e-08,1.5770203820267174e-16,28.451192085639022,30.160454520774309,1.8774378989971523,2.550000000000157
600,40320,138367,4,1.4162286058202359e-15,0.00039893763544231929,2.1137767126322236e-16,-4.0637682254455481e-08,1.5807473600818609e-16,28.453379222328337,30.165257576618217,1.8769671142167885,2.550000000000169
601,40336,138431,4,1.4162286058202359e-15,0.00039893763544231929,2.1137767126322236e-16,-4.0028824443064953e-08,1.5850000424355547e-16,28.455571218920749,30.170136556042927,1.8764968324924716,2.5500000000001588
602,40352,138495,4,1.4162286058202359e-15,0.00039893763544231929,2.1137767126322236e-16,-3.9420376276214935e-08,1.5883696246993354e-16,28.457768072527593,30.1750753973241,1.8760270570072117,2.5500000000001628
603,40368,138559,4,1.4162286058202359e-15,0.00039893763544231929,2.1137767126322236e-16,-3.881026435689579e-08,1.5921830307207814e-16,28.459969780394779,30.180053746487136,1.8755577923324493,2.5500000000001766
604,40384,138623,4,1.4162286058202359e-15,0.00039893763544231929,2.1137767126322236e-16,-3.8201381176909149e-08,1.5961198438178142e-16,28.462176339897194,30.185064146056927,1.8750890392998913,2.5500000000001761
605,40400,138687,4,1.4162286058202359e-15,0.00039893763544231929,2.1137767126322236e-16,-3.7594606643513178e-08,1.597346496831539e-16,28.464387748532996,30.190102279445824,1.8746207978350697,2.5500000000001748
606,40416,138751,4,1.4162286058202359e-15,0.00039893763544231929,2.1137767126322236e-16,-3.6989763773279965e-08,1.6004245827154076e-16,28.466604003917801,30.195165235408293,1.8741530674610034,2.5500000000001881
607,40432,138815,4,1.4162286058202359e-15,0.00039893763544231929,2.1137767126322236e-16,-3.6378216751923614e-08,1.6041249441663906e-16,28.468825103778816,30.200250879236435,1.8736858474806191,2.550000000000193
608,40448,138879,4,1.4162286058202359e-15,0.00039893763544231929,2.1137767126322236e-16,-3.5770780456216028e-08,1.6069361030024913e-16,28.471051045948855,30.20535755950521,1.8732191370619189,2.5500000000001788
609,40464,138943,4,1.4162286058202359e-15,0.00039893763544231929,2.1137767126322236e-16,-3.5161305610623988e-08,1.6120627326926204e-16,28.473281828360737,30.21048394990704,1.8727529352837915,2.5500000000001792
610,40480,139007,4,1.4162286058202359e-15,0.00039893763544231929,2.1137767126322236e-16,-3.4550341622889019e-08,1.6166627109623977e-16,28.47551744904132,30.215628955283726,1.8722872411632983,2.5500000000001801
611,40496,139071,4,1.4162286058202359e-15,0.00039893763544231929,2.1137767126322236e-16,-3.3940861448226461e-08,1.618779337936926e-16,28.477757906105669,30.220791651774572,1.871822053672993,2.5500000000001823
612,40512,139135,4,1.4162286058202359e-15,0.00039893763544231929,2.1137767126322236e-16,-3.3329315981182344e-08,1.6204746942331901e-16,28.480003197751433,30.225971246628855,1.8713573717526428,2.5500000000001815
613,40528,139199,4,1.4162286058202359e-15,0.00039893763544231929,2.1137767126322236e-16,-3.272268295958865e-08,1.6236856046439194e-16,28.482253322253101,30.231167050079954,1.8708931943172538,2.5500000000001939
614,40544,139263,4,1.4162286058202359e-15,0.00039893763544231929,2.1137767126322236e-16,-3.211430400126643e-08,1.6262399735306592e-16,28.484508277956341,30.236378454990874,1.8704295202630579,2.5500000000001823
615,40560,139327,4,1.4162286058202359e-15,0.00039893763544231929,2.1137767126322236e-16,-3.1504546145947626e-08,1.629466079249241e-16,28.486768063272692,30.241604921710508,1.8699663484717932,2.5500000000001815
616,40576,139391,4,1.4162286058202359e-15,0.00039893763544231929,2.1137767126322236e-16,-3.0893193496887311e-08,1.6349711502734677e-16,28.489032676673748,30.246845966541915,1.869503677814119,2.5500000000001815
617,40592,139455,4,1.4162286058202359e-15,0.00039893763544231929,2.1137767126322236e-16,-3.0281122561285639e-08,1.6368303793208848e-16,28.491302116686285,30.252101152786555,1.8690415071520941,2.550000000000189
618,40608,139519,4,1.4162286058202359e-15,0.00039893763544231929,2.1137767126322236e-16,-2.9672229944403288e-08,1.6398650382225943e-16,28.493576381886626,30.257370083667599,1.8685798353413203,2.5500000000001801
619,40624,139583,4,1.4162286058202359e-15,0.00039893763544231929,2.1137767126322236e-16,-2.9057280797243639e-08,1.6446097979149867e-16,28.49585547089584,30.262652396655508,1.8681186612324587,2.5500000000001855
620,40640,139647,4,1.4162286058202359e-15,0.00039893763544231929,2.1137767126322236e-16,-2.8442676901689073e-08,1.6469436073631954e-16,28.498139382374649,30.267947758857503,1.8676579836726099,2.5500000000001841
621,40656,139711,4,1.4162286058202359e-15,0.00039893763544231929,2.1137767126322236e-16,-2.7834012394004919e-08,1.6522628791461819e-16,28.500428115018543,30.273255863228016,1.8671978015063537,2.5500000000001783
622,40672,139775,4,1.4162286058202359e-15,0.00039893763544231929,2.1137767126322236e-16,-2.7224725453659798e-08,1.6608947714680173e-16,28.502721667553327,30.27857642542088,1.8667381135766594,2.5500000000001721
623,40688,139839,4,1.4162286058202359e-15,0.00039893763544231929,2.1137767126322236e-16,-2.6614077046819578e-08,1.6640555940247049e-16,28.505020038730184,30.283909181151024,1.8662789187256317,2.5500000000001615
624,40704,139903,4,1.4162286058202359e-15,0.00039893763544231929,2.1137767126322236e-16,-2.6000338348068102e-08,1.6683510829750984e-16,28.507323227321532,30.289253883963529,1.8658202157951074,2.5500000000001535
625,40720,139967,4,1.4162286058202359e-15,0.00039893763544231929,2.1137767126322236e-16,-2.5390205723089548e-08,1.6715402943704088e-16,28.509631232116678,30.294610303333574,1.8653620036271856,2.5500000000001593
626,40736,140031,4,1.4162286058202359e-15,0.00039893763544231929,2.1137767126322236e-16,-2.477972107414546e-08,1.6758044517871503e-16,28.511944051917759,30.299978223036298,1.8649042810647094,2.5500000000001548
627,40752,140095,4,1.4162286058202359e-15,0.00039893763544231929,2.1137767126322236e-16,-2.4166334440992881e-08,1.6801740064895918e-16,28.514261685535516,30.305357439739801,1.8644470469516221,2.550000000000165
628,40768,140159,4,1.4162286058202359e-15,0.00039893763544231929,2.1137767126322236e-16,-2.3555287464086821e-08,1.6810247265944265e-16,28.516584131785919,30.310747761782917,1.8639903001333189,2.5500000000001726
629,40784,140223,4,1.4162286058202359e-15,0.00039893763544231929,2.1137767126322236e-16,-2.2940723314516536e-08,1.6836027507787338e-16,28.518911389486185,30.316149008108415,1.8635340394568762,2.5500000000001961
630,40800,140287,4,1.4162286058202359e-15,0.00039893763544231929,2.1137767126322236e-16,-2.2329224296428212e-08,1.6861961439788223e-16,28.521243457451412,30.321561007326732,1.8630782637713579,2.5500000000002019
631,40816,140351,4,1.4162286058202359e-15,0.00039893763544231929,2.1137767126322236e-16,-2.1717346206565918e-08,1.6880561361003544e-16,28.523580334491339,30.326983596890877,1.862622971928023,2.5500000000001819
632,40832,140415,4,1.4162286058202359e-15,0.00039893763544231929,2.1137767126322236e-16,-2.1106114224870592e-08,1.6909979667257717e-16,28.525922019406917,30.332416622365677,1.8621681627805045,2.5500000000001846
633,40848,140479,4,1.4162286058202359e-15,0.00039893763544231929,2.1137767126322236e-16,-2.0492642257200782e-08,1.6955059707832392e-16,28.528268510987864,30.337859936778401,1.8617138351849407,2.5500000000001783
634,40864,140543,4,1.4162286058202359e-15,0.00039893763544231929,2.1137767126322236e-16,-1.9882489245751938e-08,1.6971742534580546e-16,28.530619808009217,30.343313400039023,1.8612599880001874,2.5500000000001872
635,40880,140607,4,1.4162286058202359e-15,0.00039893763544231929,2.1137767126322236e-16,-1.9270595196433665e-08,1.6985409398776785e-16,28.532975909229457,30.348776878421482,1.8608066200878786,2.5500000000001752
636,40896,140671,4,1.4162286058202359e-15,0.00039893763544231929,2.1137767126322236e-16,-1.8660157065834309e-08,1.702642041384122e-16,28.535336813387648,30.354250244097464,1.8603537303125783,2.5500000000001606
637,40912,140735,4,1.4162286058202359e-15,0.00039893763544231929,2.1137767126322236e-16,-1.8050248705906729e-08,1.70634339545184e-16,28.537702519201446,30.359733374716264,1.859901317541867,2.5500000000001637
638,40928,140799,4,1.4162286058202359e-15,0.00039893763544231929,2.1137767126322236e-16,-1.7437346574082096e-08,1.7098589812975909e-16,28.540073025365299,30.365226153024871,1.859449380646423,2.5500000000001637
639,40944,140863,4,1.4162286058202359e-15,0.00039893763544231929,2.1137767126322236e-16,-1.6823091357946201e-08,1.7154297387342604e-16,28.542448330548773,30.370728466523893,1.8589979185000969,2.5500000000001606
640,40960,140927,4,1.4162286058202359e-15,0.00039893763544231929,2.1137767126322236e-16,-1.6209436356132994e-08,1.7176560539939163e-16,28.544828433395018,30.376240207154861,1.8585469299800002,2.5500000000001659
641,40976,140991,4,1.4162286058202359e-15,0.00039893763544231929,2.1137767126322236e-16,-1.5599867932617766e-08,1.720461542506918e-16,28.547213332519714,30.381761271015097,1.8580964139665215,2.5500000000001655
642,40992,141055,4,1.4162286058202359e-15,0.00039893763544231929,2.1137767126322236e-16,-1.4989456960849151e-08,1.7217850997294034e-16,28.549603026510379,30.387291558097381,1.8576463693434371,2.5500000000001504
643,41008,141119,4,1.4162286058202359e-15,0.00039893763544231929,2.1137767126322236e-16,-1.4375502531886202e-08,1.7239142336747934e-16,28.551997513925429,30.392830972052256,1.8571967949979087,2.5500000000001708
644,41024,141183,4,1.4162286058202359e-15,0.00039893763544231929,2.1137767126322236e-16,-1.3764004499120813e-08,1.7281593101027548e-16,28.554396793294558,30.39837941996911,1.8567476898205466,2.5500000000001655
645,41040,141247,4,1.4162286058202359e-15,0.00039893763544231929,2.1137767126322236e-16,-1.3148795518140038e-08,1.7317261004963743e-16,28.556800863118124,30.403936812175484,1.8562990527054286,2.5500000000001619
646,41056,141311,4,1.4162286058202359e-15,0.00039893763544231929,2.1137767126322236e-16,-1.2533977654853051e-08,1.7350751810886729e-16,28.559209721868161,30.409503062052455,1.8558508825501585,2.5500000000001695
647,41072,141375,4,1.4162286058202359e-15,0.00039893763544231929,2.1137767126322236e-16,-1.1919801403329782e-08,1.7392732157551984e-16,28.561623367988695,30.415078085863986,1.8554031782558618,2.5500000000001677
648,41088,141439,4,1.4162286058202359e-15,0.00039893763544231929,2.1137767126322236e-16,-1.130835668902515e-08,1.7417402757282832e-16,28.564041799897044,30.420661802599152,1.8549559387272128,2.5500000000001632
649,41104,141503,4,1.4162286058202359e-15,0.00039893763544231929,2.1137767126322236e-16,-1.0691957174261706e-08,1.7454859708127372e-16,28.566465015984921,30.426254133826404,1.8545091628724917,2.5500000000001655
650,41120,141567,4,1.4162286058202359e-15,0.00039893763544231929,2.1137767126322236e-16,-1.0079701886126796e-08,1.7479228573050276e-16,28.568893014620357,30.431855003558301,1.8540628496035489,2.5500000000001659
651,41136,141631,4,1.4162286058202359e-15,0.00039893763544231929,2.1137767126322236e-16,-9.4659145596068411e-09,1.7504449289247502e-16,28.571325794149725,30.437464338125828,1.853616997835849,2.5500000000001646
652,41152,141695,4,1.4162286058202359e-15,0.00039893763544231929,2.1137767126322236e-16,-8.8520570531139425e-09,1.7535625168187713e-16,28.573763352899693,30.443082066061404,1.8531716064884876,2.5500000000001584
653,41168,141759,4,1.4162286058202359e-15,0.00039893763544231929,2.1137767126322236e-16,-8.2376287532085085e-09,1.7579386351993733e-16,28.576205689180224,30.448708117990371,1.8527266744841773,2.5500000000001624
654,41184,141823,4,1.4162286058202359e-15,0.00039893763544231929,2.1137767126322236e-16,-7.6231021014208805e-09,1.762021431198861e-16,28.578652801287298,30.45434242652912,1.8522822007492767,2.5500000000001686
655,41200,141887,4,1.4162286058202359e-15,0.00039893763544231929,2.1137767126322236e-16,-7.0072605569940377e-09,1.7670810944145494e-16,28.581104687505871,30.459984926190515,1.8518381842137752,2.5500000000001659
656,41216,141951,4,1.4162286058202359e-15,0.00039893763544231929,2.1137767126322236e-16,-6.3931764678596009e-09,1.7694315880957132e-16,28.583561346113527,30.465635553295265,1.8513946238113081,2.5500000000001548
657,41232,142015,4,1.4162286058202359e-15,0.00039893763544231929,2.1137767126322236e-16,-5.7789222509244281e-09,1.7755206217490324e-16,28.586022775383917,30.471294245888767,1.8509515184791698,2.5500000000001464
658,41248,142079,4,1.4162286058202359e-15,0.00039893763544231929,2.1137767126322236e-16,-5.1676706044037785e-09,1.7785833655004896e-16,28.588488973590664,30.476960943663482,1.850508867158311,2.5500000000001517
659,41264,142143,4,1.4162286058202359e-15,0.00039893763544231929,2.1137767126322236e-16,-4.5531705840909537e-09,1.7808365579261989e-16,28.590959939011189,30.482635587885881,1.8500666687933103,2.5500000000001442
660,41280,142207,4,1.4162286058202359e-15,0.00039893763544231929,2.1137767126322236e-16,-3.939893654850995e-09,1.7843275227410171e-16,28.593435669931164,30.488318121327797,1.8496249223324106,2.5500000000001415
661,41296,142271,4,1.4162286058202359e-15,0.00039893763544231929,2.1137767126322236e-16,-3.3264033129901277e-09,1.7877479063021178e-16,28.595916164648504,30.493904368739546,1.8491836329276352,2.550000000000161
662,41312,142335,4,1.4162286058202359e-15,0.00039893763544231929,2.1137767126322236e-16,-2.7173204732702955e-09,1.7909213474990499e-16,28.59840142147803,30.499416863882509,1.848742798234853,2.5500000000001535
663,41328,142399,4,1.4162286058202359e-15,0.00039893763544231929,2.1137767126322236e-16,-2.1044326772004679e-09,1.7960508599136137e-16,28.600891438755884,30.504884171010684,1.8483024155172592,2.5500000000001473
664,41344,142463,4,1.4162286058202359e-15,0.00039893763544231929,2.1137767126322236e-16,-1.4894548307756322e-09,1.7971017184356072e-16,28.603386214844111,30.510316736763269,1.8478624831154851,2.5500000000001442
665,41360,142527,4,1.4162286058202359e-15,0.00039893763544231929,2.1137767126322236e-16,-8.7654136079836021e-10,1.801708318286188e-16,28.605885748135361,30.515720595600168,1.8474229996352458,2.5500000000001473
666,41376,142591,4,1.4162286058202359e-15,0.00039893763544231929,2.1137767126322236e-16,-2.6312726350370908e-10,1.8038328220880993e-16,28.608390037057582,30.52109980802144,1.8469839638028591,2.5500000000001442
667,41392,142655,4,1.4162286058202359e-15,0.00039893763544231929,2.1137767126322236e-16,3.5034580051133745e-10,1.8055277089593658e-16,28.610899080078717,30.526457343952121,1.8465453744129294,2.5500000000001526
668,41408,142719,4,1.4162286058202359e-15,0.00039893763544231929,2.1137767126322236e-16,9.6384265105468658e-10,1.8074657310960316e-16,28.613412875711244,30.531795494720367,1.8461072303039718,2.550000000000153
669,41424,142783,4,1.4162286058202359e-15,0.00039893763544231929,2.1137767126322236e-16,1.5817259927683297e-09,1.8120335051566107e-16,28.615931422517011,30.537116095252369,1.8456695303451751,2.5500000000001504
670,41440,142847,4,1.4162286058202359e-15,0.00039893763544231929,2.1137767126322236e-16,2.1922479868394079e-09,1.8137267335307491e-16,28.618454719111817,30.542420656077155,1.8452322734285944,2.5500000000001495
671,41456,142911,4,1.4162286058202359e-15,0.00039893763544231929,2.1137767126322236e-16,2.8066077859842226e-09,1.8163637294888768e-16,28.620982764169963,30.547710447403627,1.8447954584641968,2.550000000000153
672,41472,142975,4,1.4162286058202359e-15,0.00039893763544231929,2.1137767126322236e-16,3.42105923403972e-09,1.8187871639564556e-16,28.623515556428618,30.552986555571675,1.8443590843764452,2.5500000000001659
673,41488,143039,4,1.4162286058202359e-15,0.00039893763544231929,2.1137767126322236e-16,4.0377288383094795e-09,1.8174628560675643e-16,28.626053094692214,30.558249922557518,1.8439231501019864,2.550000000000177
674,41504,143103,4,1.4162286058202359e-15,0.00039893763544231929,2.1137767126322236e-16,4.6514826638496659e-09,1.8196091643504225e-16,28.628595377836948,30.563501374562666,1.8434876545879448,2.5500000000001801
675,41520,143167,4,1.4162286058202359e-15,0.00039893763544231929,2.1137767126322236e-16,5.2686614996652453e-09,1.8222222754683627e-16,28.631142404814494,30.568741643281985,1.8430525967906199,2.5500000000001801
676,41536,143231,4,1.4162286058202359e-15,0.00039893763544231929,2.1137767126322236e-16,5.8849647442146663e-09,1.8263702719116834e-16,28.633694174656394,30.573971382097014,1.8426179756745236,2.5500000000001926
677,41552,143295,4,1.4162286058202359e-15,0.00039893763544231929,2.1137767126322236e-16,6.4995038582557457e-09,1.8282345901878192e-16,28.636250686477709,30.579191178652174,1.8421837902116407,2.5500000000001841
678,41568,143359,4,1.4162286058202359e-15,0.00039893763544231929,2.1137767126322236e-16,7.114114040448189e-09,1.8305686870812907e-16,28.638811939480863,30.584401564789957,1.8417500393808262,2.5500000000001841
679,41584,143423,4,1.4162286058202359e-15,0.00039893763544231929,2.1137767126322236e-16,7.7285905795440429e-09,1.8322095011559147e-16,28.641377932959042,30.58960302451619,1.841316722167287,2.5500000000001761
680,41600,143487,4,1.4162286058202359e-15,0.00039893763544231929,2.1137767126322236e-16,8.3467831738811954e-09,1.8358300210662225e-16,28.643948666299721,30.59479600047224,1.8408838375622325,2.5500000000001748
681,41616,143551,4,1.4162286058202359e-15,0.00039893763544231929,2.1137767126322236e-16,8.9593177941291019e-09,1.8387285405147665e-16,28.646524138987811,30.599980899252554,1.8404513845624866,2.5500000000001846
682,41632,143615,4,1.4162286058202359e-15,0.00039893763544231929,2.1137767126322236e-16,9.57276128457833e-09,1.8412860816391554e-16,28.649104350608731,30.60515809582148,1.840019362170271,2.5500000000001903
683,41648,143679,4,1.4162286058202359e-15,0.00039893763544231929,2.1137767126322236e-16,1.0190455569188667e-08,1.8454583620373091e-16,28.651689300851132,30.610327937214713,1.8395877693929403,2.5500000000001894
684,41664,143743,4,1.4162286058202359e-15,0.00039893763544231929,2.1137767126322236e-16,1.080936864275765e-08,1.8492449012324594e-16,28.654278989509784,30.615490745667831,1.8391566052427764,2.5500000000001761
685,41680,143807,4,1.4162286058202359e-15,0.00039893763544231929,2.1137767126322236e-16,1.1425341040845733e-08,1.8504517908333988e-16,28.65687341648777,30.620646821280726,1.8387258687368619,2.5500000000001903
686,41696,143871,4,1.4162286058202359e-15,0.00039893763544231929,2.1137767126322236e-16,1.2042224487947823e-08,1.8548897678481591e-16,28.659472581799093,30.625796444302804,1.8382955588968581,2.5500000000002006
687,41712,143935,4,1.4162286058202359e-15,0.00039893763544231929,2.1137767126322236e-16,1.2659531138189112e-08,1.8579333975236118e-16,28.662076485570399,30.630939877105224,1.8378656747489346,2.5500000000001886
688,41728,143999,4,1.4162286058202359e-15,0.00039893763544231929,2.1137767126322236e-16,1.3276240738243334e-08,1.8611859895654076e-16,28.664685128043246,30.63607736589281,1.8374362153236412,2.5500000000001801
689,41744,144063,4,1.4162286058202359e-15,0.00039893763544231929,2.1137767126322236e-16,1.3889404105545661e-08,1.8650940912233787e-16,28.667298509575524,30.641209142198626,1.837007179655773,2.5500000000001846
690,41760,144127,4,1.4162286058202359e-15,0.00039893763544231929,2.1137767126322236e-16,1.450642240311188e-08,1.8678982748589641e-16,28.669916630643002,30.646335424194511,1.8365785667843204,2.5500000000001837
691,41776,144191,4,1.4162286058202359e-15,0.00039893763544231929,2.1137767126322236e-16,1.5121371022915592e-08,1.8731626094415679e-16,28.672539491840883,30.651456417846465,1.8361503757523425,2.5500000000001735
692,41792,144255,4,1.4162286058202359e-15,0.00039893763544231929,2.1137767126322236e-16,1.5736867537781957e-08,1.875300281958831e-16,28.675167093884411,30.656572317937023,1.8357226056069493,2.5500000000001628
693,41808,144319,4,1.4162286058202359e-15,0.00039893763544231929,2.1137767126322236e-16,1.6352188165565646e-08,1.8780194583108159e-16,28.677799437610041,30.661683308973274,1.8352952553991901,2.5500000000001481
694,41824,144383,4,1.4162286058202359e-15,0.00039893763544231929,2.1137767126322236e-16,1.6967198860714223e-08,1.8800816981600688e-16,28.680436523975963,30.666789565997515,1.8348683241840067,2.5500000000001513
695,41840,144447,4,1.4162286058202359e-15,0.00039893763544231929,2.1137767126322236e-16,1.7581115861283453e-08,1.8825866988398999e-16,28.683078354062559,30.671891255312193,1.8344418110201477,2.5500000000001544
696,41856,144511,4,1.4162286058202359e-15,0.00039893763544231929,2.1137767126322236e-16,1.8199109337121139e-08,1.8855952333099134e-16,28.68572492907234,30.67698853513134,1.8340157149701746,2.5500000000001619
697,41872,144575,4,1.4162286058202359e-15,0.00039893763544231929,2.1137767126322236e-16,1.8817242381870808e-08,1.8894470722105702e-16,28.688376250329895,30.682081556166938,1.8335900351003547,2.5500000000001619
698,41888,144639,4,1.4162286058202359e-15,0.00039893763544231929,2.1137767126322236e-16,1.9435673882325072e-08,1.8916801579435398e-16,28.691032319281376,30.687170462159283,1.833164770480648,2.5500000000001757
699,41904,144703,4,1.4162286058202359e-15,0.00039893763544231929,2.1137767126322236e-16,2.0051058167521436e-08,1.896426123251675e-16,28.693693137493792,30.692255390356788,1.832739920184649,2.5500000000001766
700,41920,144767,4,1.4162286058202359e-15,0.00039893763544231929,2.1137767126322236e-16,2.0669799642244175e-08,1.9001696655985848e-16,28.69635870665385,30.697336471952269,1.8323154832895474,2.5500000000001912
701,41936,144831,4,1.4162286058202359e-15,0.00039893763544231929,2.1137767126322236e-16,2.1285248209353664e-08,1.9022430723861072e-16,28.699029028566631,30.702413832479923,1.831891458876131,2.5500000000001832
702,41952,144895,4,1.4162286058202359e-15,0.00039893763544231929,2.1137767126322236e-16,2.1898825398410632e-08,1.9047767410780178e-16,28.701704105153453,30.707487592177767,1.8314678460286531,2.5500000000001739
703,41968,144959,4,1.4162286058202359e-15,0.00039893763544231929,2.1137767126322236e-16,2.2513308390677817e-08,1.9075193948837385e-16,28.704383938450121,30.71255786631928,1.8310446438349215,2.5500000000001686
704,41984,145023,4,1.4162286058202359e-15,0.00039893763544231929,2.1137767126322236e-16,2.313050758520811e-08,1.9117356626789162e-16,28.707068530604097,30.717624765517012,1.8306218513861681,2.5500000000001619
705,42000,145087,4,1.4162286058202359e-15,0.00039893763544231929,2.1137767126322236e-16,2.3745223668799315e-08,1.9150390539500804e-16,28.709757883871507,30.722688396001782,1.8301994677770637,2.5500000000001624
706,42016,145151,4,1.4162286058202359e-15,0.00039893763544231929,2.1137767126322236e-16,2.4362477791613752e-08,1.9179668225050843e-16,28.712452000613869,30.727748859879714,1.8297774921056791,2.5500000000001708
707,42032,145215,4,1.4162286058202359e-15,0.00039893763544231929,2.1137767126322236e-16,2.4981130406861158e-08,1.9208233046348983e-16,28.715150883294342,30.732806255368608,1.8293559234734507,2.5500000000001659
708,42048,145279,4,1.4162286058202359e-15,0.00039893763544231929,2.1137767126322236e-16,2.559851294084618e-08,1.9237437940005117e-16,28.717854534473346,30.737860677017075,1.8289347609851643,2.5500000000001588
709,42064,145343,4,1.4162286058202359e-15,0.00039893763544231929,2.1137767126322236e-16,2.6217804878022317e-08,1.9255862581648639e-16,28.720562956804006,30.742912215906511,1.8285140037489527,2.550000000000145
710,42080,145407,4,1.4162286058202359e-15,0.00039893763544231929,2.1137767126322236e-16,2.6836294429262981e-08,1.9284063278041134e-16,28.723276153027282,30.747960959838839,1.8280936508761927,2.550000000000145
711,42096,145471,4,1.4162286058202359e-15,0.00039893763544231929,2.1137767126322236e-16,2.7452222793130349e-08,1.9333918177342741e-16,28.725994125966391,30.75300699351012,1.8276737014815689,2.5500000000001575
712,42112,145535,4,1.4162286058202359e-15,0.00039893763544231929,2.1137767126322236e-16,2.8069178321462313e-08,1.9377165640629335e-16,28.728716878521052,30.75805039867269,1.8272541546829901,2.550000000000149
713,42128,145599,4,1.4162286058202359e-15,0.00039893763544231929,2.1137767126322236e-16,2.868558465021957e-08,1.9414167973009216e-16,28.731444413661293,30.763091254285111,1.8268350096015926,2.5500000000001641
714,42144,145663,4,1.4162286058202359e-15,0.00039893763544231929,2.1137767126322236e-16,2.9302920305037378e-08,1.9454111201300421e-16,28.734176734420995,30.768129636652791,1.8264162653617309,2.5500000000001655
715,42160,145727,4,1.4162286058202359e-15,0.00039893763544231929,2.1137767126322236e-16,2.9922330883421484e-08,1.9491366113280345e-16,28.736913843891127,30.773165619558725,1.8259979210909443,2.5500000000001548
716,42176,145791,4,1.4162286058202359e-15,0.00039893763544231929,2.1137767126322236e-16,3.0543420452085729e-08,1.9517817943062749e-16,28.739655745212328,30.778199274385852,1.8255799759198708,2.5500000000001548
717,42192,145855,4,1.4162286058202359e-15,0.00039893763544231929,2.1137767126322236e-16,3.1160841913265553e-08,1.9529685255156864e-16,28.742402441567762,30.783230670231227,1.8251624289823793,2.5500000000001584
718,42208,145919,4,1.4162286058202359e-15,0.00039893763544231929,2.1137767126322236e-16,3.1778121127120346e-08,1.9547731172156928e-16,28.745153936175463,30.788259874013296,1.8247452794153776,2.5500000000001539
719,42224,145983,4,1.4162286058202359e-15,0.00039893763544231929,2.1137767126322236e-16,3.2398062572521464e-08,1.959517595666677e-16,28.747910232280251,30.793286950572437,1.8243285263589084,2.5500000000001601
720,42240,146047,4,1.4162286058202359e-15,0.00039893763544231929,2.1137767126322236e-16,3.3017455914693112e-08,1.9592709180003045e-16,28.750671333145789,30.798311962765055,1.8239121689560909,2.5500000000001677
721,42256,146111,4,1.4162286058202359e-15,0.00039893763544231929,2.1137767126322236e-16,3.3633562941200718e-08,1.9637825616524672e-16,28.753437242046296,30.80338883891304,1.8234962141294064,2.5500000000001677
722,42272,146175,4,1.4162286058202359e-15,0.00039893763544231929,2.1137767126322236e-16,3.4250308984325723e-08,1.9668919253032479e-16,28.756207962258348,30.808505951925707,1.8230806593979709,2.5500000000001664
723,42288,146239,4,1.4162286058202359e-15,0.00039893763544231929,2.1137767126322236e-16,3.4872332583620586e-08,1.9678881981766191e-16,28.758983497052242,30.813648553720949,1.8226655017867626,2.5500000000001783
724,42304,146303,4,1.4162286058202359e-15,0.00039893763544231929,2.1137767126322236e-16,3.5487992509438388e-08,1.9719015523636829e-16,28.761763849683533,30.818811268562779,1.8222507396707155,2.5500000000001655
725,42320,146367,4,1.4162286058202359e-15,0.00039893763544231929,2.1137767126322236e-16,3.6107801588499395e-08,1.9741914798803956e-16,28.764549023384539,30.823991002445783,1.8218363717556114,2.5500000000001561
726,42336,146431,4,1.4162286058202359e-15,0.00039893763544231929,2.1137767126322236e-16,3.6726005298944581e-08,1.9772700600046802e-16,28.767339021355809,30.829185681695702,1.8214223968969701,2.5500000000001419
727,42352,146495,4,1.4162286058202359e-15,0.00039893763544231929,2.1137767126322236e-16,3.7347938873029935e-08,1.9774135179383153e-16,28.770133846757492,30.834393795979526,1.8210088140343719,2.5500000000001499
728,42368,146559,4,1.4162286058202359e-15,0.00039893763544231929,2.1137767126322236e-16,3.7967988481909227e-08,1.9792913461418056e-16,28.772933502700933,30.839614185200041,1.8205956221608899,2.5500000000001486
729,42384,146623,4,1.4162286058202359e-15,0.00039893763544231929,2.1137767126322236e-16,3.8585242951668359e-08,1.9826727612242488e-16,28.775737992240316,30.844845924575843,1.8201828203064745,2.5500000000001597
730,42400,146687,4,1.4162286058202359e-15,0.00039893763544231929,2.1137767126322236e-16,3.9204647743014948e-08,1.9851848342983173e-16,28.778547318364343,30.850088256379845,1.8197704075281991,2.5500000000001655
731,42416,146751,4,1.4162286058202359e-15,0.00039893763544231929,2.1137767126322236e-16,3.9829002713517009e-08,1.9866133297212626e-16,28.781361483987972,30.85534054647189,1.819358382903949,2.5500000000001641
732,42432,146815,4,1.4162286058202359e-15,0.00039893763544231929,2.1137767126322236e-16,4.0449809397354581e-08,1.9885008938405627e-16,28.7841804919446,30.860602255122579,1.8189467455282406,2.5500000000001557
733,42448,146879,4,1.4162286058202359e-15,0.00039893763544231929,2.1137767126322236e-16,4.1069374588172653e-08,1.98780552445862e-16,28.787004344978126,30.86587291660268,1.8185354945092367,2.5500000000001495
734,42464,146943,4,1.4162286058202359e-15,0.00039893763544231929,2.1137767126322236e-16,4.1685698760426088e-08,1.9897228774197296e-16,28.789833045735314,30.871152124418746,1.8181246289666202,2.5500000000001499
735,42480,147007,4,1.4162286058202359e-15,0.00039893763544231929,2.1137767126322236e-16,4.2302444970084547e-08,1.9930722247777758e-16,28.792666596758451,30.876439520335115,1.8177141480300179,2.5500000000001486
736,42496,147071,4,1.4162286058202359e-15,0.00039893763544231929,2.1137767126322236e-16,4.2921126492763956e-08,1.9953824926657512e-16,28.795505000478052,30.881734786019702,1.8173040508377207,2.5500000000001477
737,42512,147135,4,1.4162286058202359e-15,0.00039893763544231929,2.1137767126322236e-16,4.3542526660197129e-08,1.9979092668072562e-16,28.798348259205817,30.887037636560667,1.816894336535789,2.5500000000001455
738,42528,147199,4,1.4162286058202359e-15,0.00039893763544231929,2.1137767126322236e-16,4.4164651220398294e-08,2.0005756400848387e-16,28.801196375128107,30.892347815347751,1.816485004277286,2.5500000000001339
739,42544,147263,4,1.4162286058202359e-15,0.00039893763544231929,2.1137767126322236e-16,4.4784122541859634e-08,2.0054447705182316e-16,28.804049350299351,30.897665089971802,1.8160760532216518,2.5500000000001388
740,42560,147327,4,1.4162286058202359e-15,0.00039893763544231929,2.1137767126322236e-16,4.5406187274917559e-08,2.008221907415738e-16,28.80690718663589,30.902989248896649,1.8156674825341883,2.5500000000001419
741,42576,147391,4,1.4162286058202359e-15,0.00039893763544231929,2.1137767126322236e-16,4.6026882367463368e-08,2.0098447551274573e-16,28.809769885910089,30.908320098725774,1.8152592913857271,2.5500000000001326
742,42592,147455,4,1.4162286058202359e-15,0.00039893763544231929,2.1137767126322236e-16,4.6646150504233414e-08,2.0133099656739037e-16,28.812637449744837,30.913657461935873,1.8148514789521957,2.5500000000001122
743,42608,147519,4,1.4162286058202359e-15,0.00039893763544231929,2.1137767126322236e-16,4.7262756020879077e-08,2.0155700278346002e-16,28.815509879607898,30.919001174978568,1.814444044414355,2.5500000000000873
744,42624,147583,4,1.4162286058202359e-15,0.00039893763544231929,2.1137767126322236e-16,4.7883680069168139e-08,2.0185722591883461e-16,28.818387176807207,30.924351086678207,1.8140369869575892,2.5500000000000846
745,42640,147647,4,1.4162286058202359e-15,0.00039893763544231929,2.1137767126322236e-16,4.8499125763575552e-08,2.0222082039491265e-16,28.821269342485984,30.929707056868871,1.8136303057716632,2.5500000000000766
746,42656,147711,4,1.4162286058202359e-15,0.00039893763544231929,2.1137767126322236e-16,4.9121608828669156e-08,2.0253012659379854e-16,28.824156377618294,30.935068955227184,1.813224000050498,2.5500000000000611
747,42672,147775,4,1.4162286058202359e-15,0.00039893763544231929,2.1137767126322236e-16,4.9740672032146644e-08,2.0275188978691609e-16,28.827048283004927,30.94043666026592,1.8128180689920874,2.5500000000000567
748,42688,147839,4,1.4162286058202359e-15,0.00039893763544231929,2.1137767126322236e-16,5.0362978890968452e-08,2.0310986874061067e-16,28.82994505926974,30.945810058462225,1.8124125117983052,2.5500000000000522
749,42704,147903,4,1.4162286058202359e-15,0.00039893763544231929,2.1137767126322236e-16,5.0986968084617263e-08,2.0359448739172588e-16,28.832846706855712,30.951189043497283,1.8120073276747872,2.55000000000005
750,42720,147967,4,1.4162286058202359e-15,0.00039893763544231929,2.1137767126322236e-16,5.16062527359548e-08,2.037895047337123e-16,28.835753226022007,30.956573515590662,1.8116025158308398,2.5500000000000314
751,42736,148031,4,1.4162286058202359e-15,0.00039893763544231929,2.1137767126322236e-16,5.2224812064712562e-08,2.0424390192755759e-16,28.838664616841097,30.961963380914888,1.811198075479324,2.5500000000000105
752,42752,148095,4,1.4162286058202359e-15,0.00039893763544231929,2.1137767126322236e-16,5.2843838838997054e-08,2.0431362208625754e-16,28.841580879195966,30.96735855107773,1.8107940058365519,2.550000000000006
753,42768,148159,4,1.4162286058202359e-15,0.00039893763544231929,2.1137767126322236e-16,5.346465518177494e-08,2.0453067283142538e-16,28.844502012777834,30.972758942663468,1.8103903061222262,2.5500000000000025
754,42784,148223,4,1.4162286058202359e-15,0.00039893763544231929,2.1137767126322236e-16,5.4082633128368069e-08,2.0489494332085904e-16,28.847428017084255,30.978164476824126,1.8099869755593734,2.5499999999999692
755,42800,148287,4,1.4162286058202359e-15,0.00039893763544231929,2.1137767126322236e-16,5.4702906849642669e-08,2.0521748937262944e-16,28.850358891417194,30.983575078914431,1.8095840133742458,2.5499999999999425
756,42816,148351,4,1.4162286058202359e-15,0.00039893763544231929,2.1137767126322236e-16,5.5326437174237614e-08,2.0568662402985828e-16,28.853294634881845,30.988990678164896,1.8091814187962874,2.5499999999999288
757,42832,148415,4,1.4162286058202359e-15,0.00039893763544231929,2.1137767126322236e-16,5.5946929165358856e-08,2.0615154275430009e-16,28.856235246385381,30.994411207387181,1.8087791910580633,2.5499999999999221
758,42848,148479,4,1.4162286058202359e-15,0.00039893763544231929,2.1137767126322236e-16,5.6570315965872293e-08,2.0642758677998429e-16,28.859180724636133,30.999836602709326,1.8083773293952179,2.5499999999998906
759,42864,148543,4,1.4162286058202359e-15,0.00039893763544231929,2.1137767126322236e-16,5.7190520090041037e-08,2.0658781786849041e-16,28.862131068143508,31.005266803335871,1.8079758330464022,2.5499999999998728
760,42880,148607,4,1.4162286058202359e-15,0.00039893763544231929,2.1137767126322236e-16,5.7813835267291597e-08,2.0695911050093918e-16,28.865086275217529,31.01070175133049,1.8075747012532655,2.5499999999998537
761,42896,148671,4,1.4162286058202359e-15,0.00039893763544231929,2.1137767126322236e-16,5.8436858386497743e-08,2.0700691575008045e-16,28.868046343969194,31.016141391418579,1.8071739332603927,2.5499999999998382
762,42912,148735,4,1.4162286058202359e-15,0.00039893763544231929,2.1137767126322236e-16,5.9058362928773018e-08,2.07207760165892e-16,28.87101127231097,31.021585670807536,1.8067735283152568,2.5499999999998066
763,42928,148799,4,1.4162286058202359e-15,0.00039893763544231929,2.1137767126322236e-16,5.9678404668946622e-08,2.0739861885734881e-16,28.873981057957778,31.027034539022562,1.806373485668209,2.5499999999997689
764,42944,148863,4,1.4162286058202359e-15,0.00039893763544231929,2.1137767126322236e-16,6.0300013835864181e-08,2.076721710014377e-16,28.876955698428198,31.032487947756817,1.8059738045723777,2.5499999999997551
765,42960,148927,4,1.4162286058202359e-15,0.00039893763544231929,2.1137767126322236e-16,6.0920714659936354e-08,2.0791363867072204e-16,28.879935191045906,31.037945850733614,1.805574484283738,2.5499999999997325
766,42976,148991,4,1.4162286058202359e-15,0.00039893763544231929,2.1137767126322236e-16,6.1543456101683364e-08,2.08154946487353e-16,28.882919532941745,31.043408203580444,1.8051755240609921,2.5499999999996938
767,42992,149055,4,1.4162286058202359e-15,0.00039893763544231929,2.1137767126322236e-16,6.2167876159010244e-08,2.0846883340567605e-16,28.885908721056023,31.048874963712702,1.8047769231655866,2.5499999999996721
768,43008,149119,4,1.4162286058202359e-15,0.00039893763544231929,2.1137767126322236e-16,6.2793456121842101e-08,2.0858646117711808e-16,28.888902752140776,31.054346090226741,1.8043786808616791,2.5499999999996374
769,43024,149183,4,1.4162286058202359e-15,0.00039893763544231929,2.1137767126322236e-16,6.341534800705288e-08,2.0878387568851968e-16,28.891901622763033,31.059821543801231,1.8039807964160908,2.5499999999996006
770,43040,149247,4,1.4162286058202359e-15,0.00039893763544231929,2.1137767126322236e-16,6.4036304085276203e-08,2.0915359171472092e-16,28.894905329307761,31.065301286605923,1.8035832690982976,2.5499999999995655
771,43056,149311,4,1.4162286058202359e-15,0.00039893763544231929,2.1137767126322236e-16,6.4660003982560372e-08,2.0943330449321695e-16,28.897913867981597,31.070785282217035,1.8031860981803947,2.5499999999995198
772,43072,149375,4,1.4162286058202359e-15,0.00039893763544231929,2.1137767126322236e-16,6.5281987808115378e-08,2.0989190852086253e-16,28.900927234816386,31.076273495539208,1.8027892829370973,2.5499999999994833
773,43088,149439,4,1.4162286058202359e-15,0.00039893763544231929,2.1137767126322236e-16,6.5906871772133097e-08,2.1012851712443357e-16,28.903945425673502,31.081765892732719,1.8023928226456736,2.5499999999994425
774,43104,149503,4,1.4162286058202359e-15,0.00039893763544231929,2.1137767126322236e-16,6.6525528842150389e-08,2.1034833913144862e-16,28.906968436248118,31.087262441145658,1.8019967165859696,2.549999999999407
775,43120,149567,4,1.4162286058202359e-15,0.00039893763544231929,2.1137767126322236e-16,6.7148348166042577e-08,2.1056020448815152e-16,28.909996262073825,31.092763109251674,1.8016009640403547,2.5499999999993546
776,43136,149631,4,1.4162286058202359e-15,0.00039893763544231929,2.1137767126322236e-16,6.7774273880079878e-08,2.1088246640338152e-16,28.913028898527475,31.098267866590749,1.8012055642937452,2.5499999999993279
777,43152,149695,4,1.4162286058202359e-15,0.00039893763544231929,2.1137767126322236e-16,6.8395324327260293e-08,2.1088670715158692e-16,28.916066340834146,31.103776683714898,1.8008105166335102,2.5499999999992773
778,43168,149759,4,1.4162286058202359e-15,0.00039893763544231929,2.1137767126322236e-16,6.9018396462812976e-08,2.110547770171679e-16,28.919108584072539,31.109289532137101,1.8004158203495264,2.5499999999992289
779,43184,149823,4,1.4162286058202359e-15,0.00039893763544231929,2.1137767126322236e-16,6.9639815032192782e-08,2.1129974345364818e-16,28.922155623180203,31.114806384283401,1.8000214747341414,2.5499999999991707
780,43200,149887,4,1.4162286058202359e-15,0.00039893763544231929,2.1137767126322236e-16,7.0262410493489841e-08,2.1147130340102867e-16,28.925207452959341,31.120327213448341,1.7996274790820874,2.5499999999991259
781,43216,149951,4,1.4162286058202359e-15,0.00039893763544231929,2.1137767126322236e-16,7.0886624784856895e-08,2.1160592807969744e-16,28.928264068082353,31.125778965518933,1.7992338545356463,2.5499999999990859
782,43232,150015,4,1.4162286058202359e-15,0.00039893763544231929,2.1137767126322236e-16,7.1510944464144561e-08,2.1183822190239826e-16,28.931325463097654,31.131177458493838,1.7988405958147469,2.549999999999045
783,43248,150079,4,1.4162286058202359e-15,0.00039893763544231929,2.1137767126322236e-16,7.2136054636103548e-08,2.1196790872640039e-16,28.934391632435734,31.136542739914987,1.7984476962454026,2.5499999999989886
784,43264,150143,4,1.4162286058202359e-15,0.00039893763544231929,2.1137767126322236e-16,7.2758772319077831e-08,2.1218394162582449e-16,28.93746257041505,31.141882149656006,1.7980551529397686,2.5499999999989349
785,43280,150207,4,1.4162286058202359e-15,0.00039893763544231929,2.1137767126322236e-16,7.3381734348262046e-08,2.1270609669916159e-16,28.940538271248133,31.147199932766128,1.7976629639335246,2.5499999999988696
786,43296,150271,4,1.4162286058202359e-15,0.00039893763544231929,2.1137767126322236e-16,7.4007819545836834e-08,2.1304091190736769e-16,28.943618729047724,31.152498949612834,1.7972711276769504,2.5499999999988017
787,43312,150335,4,1.4162286058202359e-15,0.00039893763544231929,2.1137767126322236e-16,7.4632639672030638e-08,2.1337415423163902e-16,28.946703937832684,31.157781295481492,1.7968796428505238,2.5499999999987493
788,43328,150399,4,1.4162286058202359e-15,0.00039893763544231929,2.1137767126322236e-16,7.5258255064854768e-08,2.1371492968974887e-16,28.949793891534348,31.163048589534942,1.7964885082789785,2.5499999999986938
789,43344,150463,4,1.4162286058202359e-15,0.00039893763544231929,2.1137767126322236e-16,7.5887144533134094e-08,2.1401924674877014e-16,28.952888584002515,31.168302130661875,1.7960977228848329,2.5499999999986303
790,43360,150527,4,1.4162286058202359e-15,0.00039893763544231929,2.1137767126322236e-16,7.6510155883976178e-08,2.1424039017681374e-16,28.955988009011516,31.173542990065819,1.7957072856608729,2.5499999999985792
791,43376,150591,4,1.4162286058202359e-15,0.00039893763544231929,2.1137767126322236e-16,7.7136974189569702e-08,2.1449558780349554e-16,28.959092160266348,31.178772070239287,1.795317195652498,2.5499999999985192
792,43392,150655,4,1.4162286058202359e-15,0.00039893763544231929,2.1137767126322236e-16,7.7766115747864556e-08,2.1476684948446827e-16,28.962201031408295,31.183990144560116,1.7949274519460268,2.5499999999984362
793,43408,150719,4,1.4162286058202359e-15,0.00039893763544231929,2.1137767126322236e-16,7.8390179229311502e-08,2.1483237025399344e-16,28.965314616021292,31.1891978850032,1.7945380536603206,2.5499999999983589
794,43424,150783,4,1.4162286058202359e-15,0.00039893763544231929,2.1137767126322236e-16,7.9011581866990905e-08,2.1510139337743345e-16,28.968432907637379,31.194395882194904,1.7941489999408651,2.5499999999982879
795,43440,150847,4,1.4162286058202359e-15,0.00039893763544231929,2.1137767126322236e-16,7.9636949916002936e-08,2.1532650168894817e-16,28.971555899742572,31.199584660332821,1.7937602899552854,2.5499999999982048
796,43456,150911,4,1.4162286058202359e-15,0.00039893763544231929,2.1137767126322236e-16,8.0258718247268863e-08,2.1572886322520443e-16,28.974683585782412,31.204764688546202,1.7933719228899698,2.5499999999981133
797,43472,150975,4,1.4162286058202359e-15,0.00039893763544231929,2.1137767126322236e-16,8.0881532672301954e-08,2.1597249914166942e-16,28.977815959167277,31.20993638971925,1.7929838979473722,2.549999999998025
798,43488,151039,4,1.4162286058202359e-15,0.00039893763544231929,2.1137767126322236e-16,8.1505053102034192e-08,2.1608021522142154e-16,28.980953013278082,31.215100147461911,1.7925962143439567,2.5499999999979477
799,43504,151103,4,1.4162286058202359e-15,0.00039893763544231929,2.1137767126322236e-16,8.213012376393129e-08,2.1650859489666504e-16,28.98409474147125,31.220256311699018,1.7922088713085202,2.5499999999978371
800,43520,151167,4,1.4162286058202359e-15,0.00039893763544231929,2.1137767126322236e-16,8.2753993081249017e-08,2.1687164777623701e-16,28.987241137083732,31.225405203212013,1.7918218680808213,2.5499999999977603
801,43536,151231,4,1.4162286058202359e-15,0.00039893763544231929,2.1137767126322236e-16,8.3376938887299285e-08,2.170230700116049e-16,28.990392193438215,31.230547117371323,1.791435203910442,2.5499999999976546
802,43552,151295,4,1.4162286058202359e-15,0.00039893763544231929,2.1137767126322236e-16,8.4002459938921898e-08,2.1727606010002694e-16,28.993547903847563,31.23568232723596,1.7910488780558451,2.5499999999975533
803,43568,151359,4,1.4162286058202359e-15,0.00039893763544231929,2.1137767126322236e-16,8.4626127570349414e-08,2.1746247910634103e-16,28.996708261619769,31.240811086152171,1.7906628897835988,2.5499999999974521
804,43584,151423,4,1.4162286058202359e-15,0.00039893763544231929,2.1137767126322236e-16,8.5251214399869308e-08,2.1771215426845827e-16,28.999873260062166,31.245933629949779,1.7902772383676835,2.5499999999973513
805,43600,151487,4,1.4162286058202359e-15,0.00039893763544231929,2.1137767126322236e-16,8.5875306025469928e-08,2.1795672758735243e-16,29.003042892485933,31.251050178813308,1.7898919230889943,2.5499999999972336
806,43616,151551,4,1.4162286058202359e-15,0.00039893763544231929,2.1137767126322236e-16,8.650393191292542e-08,2.182979782607242e-16,29.00621715220997,31.256160938886438,1.7895069432347437,2.5499999999971203
807,43632,151615,4,1.4162286058202359e-15,0.00039893763544231929,2.1137767126322236e-16,8.7133802374269304e-08,2.1860617066091527e-16,29.009396032565192,31.261266103657636,1.7891222980980761,2.549999999996992
808,43648,151679,4,1.4162286058202359e-15,0.00039893763544231929,2.1137767126322236e-16,8.7760840059932494e-08,2.1892909680217715e-16,29.012579526898179,31.266365855162622,1.7887379869777518,2.5499999999968579
809,43664,151743,4,1.4162286058202359e-15,0.00039893763544231929,2.1137767126322236e-16,8.8385429037692571e-08,2.1910901086015412e-16,29.01576762857464,31.271460365034706,1.7883540091777408,2.549999999996762
810,43680,151807,4,1.4162286058202359e-15,0.00039893763544231929,2.1137767126322236e-16,8.9015734872995562e-08,2.1926831033649534e-16,29.01896033098318,31.276549795426089,1.787970364006962,2.5499999999966265
811,43696,151871,4,1.4162286058202359e-15,0.00039893763544231929,2.1137767126322236e-16,8.9641401738534671e-08,2.1948799234319172e-16,29.022157627538341,31.281634299819363,1.7875870507790517,2.549999999996488
812,43712,151935,4,1.4162286058202359e-15,0.00039893763544231929,2.1137767126322236e-16,9.0267172729115703e-08,2.1966142109837112e-16,29.025359511683838,31.286714023747141,1.7872040688120998,2.5499999999963547
813,43728,151999,4,1.4162286058202359e-15,0.00039893763544231929,2.1137767126322236e-16,9.0891694607771729e-08,2.1985289521220367e-16,29.028565976895283,31.291789105430386,1.786821417428514,2.5499999999962126
814,43744,152063,4,1.4162286058202359e-15,0.00039893763544231929,2.1137767126322236e-16,9.1519988843854189e-08,2.2020871439731886e-16,29.031777016683165,31.296859676348621,1.7864390959547269,2.5499999999960687
815,43760,152127,4,1.4162286058202359e-15,0.00039893763544231929,2.1137767126322236e-16,9.2140247840795925e-08,2.2056728354438049e-16,29.034992624594956,31.301925861750178,1.786057103721129,2.5499999999959178
816,43776,152191,4,1.4162286058202359e-15,0.00039893763544231929,2.1137767126322236e-16,9.2764044022171905e-08,2.2093158629385804e-16,29.038212794217625,31.306987781110976,1.7856754400618842,2.5499999999957681
817,43792,152255,4,1.4162286058202359e-15,0.00039893763544231929,2.1137767126322236e-16,9.3393763035217442e-08,2.2116281429433958e-16,29.04143751917973,31.312045548547157,1.7852941043147696,2.5499999999956047
818,43808,152319,4,1.4162286058202359e-15,0.00039893763544231929,2.1137767126322236e-16,9.4017804506492925e-08,2.2147130013685296e-16,29.044666793153013,31.317099273188582,1.784913095821111,2.5499999999954523
819,43824,152383,4,1.4162286058202359e-15,0.00039893763544231929,2.1137767126322236e-16,9.4643607415985915e-08,2.2159568948941715e-16,29.04790060985404,31.322149059517105,1.7845324139256347,2.5499999999952685
820,43840,152447,4,1.4162286058202359e-15,0.00039893763544231929,2.1137767126322236e-16,9.5272066298142927e-08,2.2179027297517229e-16,29.051138963045446,31.327195007674138,1.7841520579763681,2.5499999999951055
821,43856,152511,4,1.4162286058202359e-15,0.00039893763544231929,2.1137767126322236e-16,9.5901969080854616e-08,2.2216186008391913e-16,29.054381846537019,31.332237213740431,1.7837720273245237,2.5499999999949257
822,43872,152575,4,1.4162286058202359e-15,0.00039893763544231929,2.1137767126322236e-16,9.6529053826096262e-08,2.2244366190705216e-16,29.057629254186175,31.337275769991763,1.7833923213244574,2.5499999999947365
823,43888,152639,4,1.4162286058202359e-15,0.00039893763544231929,2.1137767126322236e-16,9.7156871290778585e-08,2.2260448939277993e-16,29.060881179898654,31.342310765133139,1.7830129393335672,2.549999999994538
824,43904,152703,4,1.4162286058202359e-15,0.00039893763544231929,2.1137767126322236e-16,9.7786517598093798e-08,2.2283565287317369e-16,29.064137617628351,31.347342284512823,1.782633880712214,2.5499999999943532
825,43920,152767,4,1.4162286058202359e-15,0.00039893763544231929,2.1137767126322236e-16,9.8415114827917466e-08,2.2295870694943407e-16,29.067398561377264,31.352370410319839,1.7822551448236368,2.5499999999941418
826,43936,152831,4,1.4162286058202359e-15,0.00039893763544231929,2.1137767126322236e-16,9.9042741237095039e-08,2.2339683329383528e-16,29.070664005194789,31.35739522176554,1.7818767310339334,2.5499999999939309
827,43952,152895,4,1.4162286058202359e-15,0.00039893763544231929,2.1137767126322236e-16,9.9669747017724059e-08,2.2360682446606529e-16,29.073933943176922,31.362416795250635,1.781498638711936,2.5499999999937226
828,43968,152959,4,1.4162286058202359e-15,0.00039893763544231929,2.1137767126322236e-16,1.0029700602634721e-07,2.2379860587749541e-16,29.077208369465279,31.367435204520135,1.7811208672292471,2.5499999999935326
829,43984,153023,4,1.4162286058202359e-15,0.00039893763544231929,2.1137767126322236e-16,1.0092822658827798e-07,2.2387144678185137e-16,29.080487278244949,31.372450520806414,1.780743415960095,2.5499999999932901
830,44000,153087,4,1.4162286058202359e-15,0.00039893763544231929,2.1137767126322236e-16,1.0155647352885959e-07,2.2426512457603704e-16,29.083770663743362,31.377462812961937,1.7803662842813079,2.5499999999930649
831,44016,153151,4,1.4162286058202359e-15,0.00039893763544231929,2.1137767126322236e-16,1.0218426615230173e-07,2.2439845926654054e-16,29.087058520227679,31.382472147582622,1.7799894715723177,2.5499999999928247
832,44032,153215,4,1.4162286058202359e-15,0.00039893763544231929,2.1137767126322236e-16,1.0281390789382476e-07,2.2461311056754652e-16,29.090350842002465,31.38747858912215,1.7796129772150671,2.5499999999925786
833,44048,153279,4,1.4162286058202359e-15,0.00039893763544231929,2.1137767126322236e-16,1.0344412423127418e-07,2.2504564165548927e-16,29.093647623406962,31.392482199999016,1.7792368005939803,2.5499999999923331
834,44064,153343,4,1.4162286058202359e-15,0.00039893763544231929,2.1137767126322236e-16,1.0407010183436009e-07,2.2527874259967279e-16,29.096948858811942,31.397483040695644,1.7788609410959155,2.5499999999920848
835,44080,153407,4,1.4162286058202359e-15,0.00039893763544231929,2.1137767126322236e-16,1.0469953525641033e-07,2.2568678707353244e-16,29.100254542616586,31.402481169851715,1.7784853981101403,2.5499999999918179
836,44096,153471,4,1.4162286058202359e-15,0.00039893763544231929,2.1137767126322236e-16,1.0532525578735489e-07,2.2598930253317957e-16,29.103564669244754,31.407476644350677,1.7781101710283043,2.5499999999915519
837,44112,153535,4,1.4162286058202359e-15,0.00039893763544231929,2.1137767126322236e-16,1.0595050629150419e-07,2.2610468120053607e-16,29.106879233141406,31.412469519401267,1.7777352592443789,2.5499999999912792
838,44128,153599,4,1.4162286058202359e-15,0.00039893763544231929,2.1137767126322236e-16,1.0657788735527111e-07,2.2616060005751072e-16,29.110198228768365,31.417459848613515,1.7773606621546456,2.5499999999909861
839,44144,153663,4,1.4162286058202359e-15,0.00039893763544231929,2.1137767126322236e-16,1.0720162659608372e-07,2.2642458399665906e-16,29.113521650600497,31.422447684070526,1.7769863791576792,2.5499999999906913
840,44160,153727,4,1.4162286058202359e-15,0.00039893763544231929,2.1137767126322236e-16,1.0782925408772874e-07,2.2671893022057661e-16,29.116849493121048,31.427433076395186,1.7766124096542828,2.5499999999903871
841,44176,153791,4,1.4162286058202359e-15,0.00039893763544231929,2.1137767126322236e-16,1.0845864376699181e-07,2.2712244009031825e-16,29.120181750817505,31.432432705005763,1.7762387342634034,2.5499999999900833
842,44192,153855,4,1.4162286058202359e-15,0.00039893763544231929,2.1137767126322236e-16,1.0908698221770622e-07,2.2731019313216523e-16,29.123518418176584,31.437443009958603,1.7758653563285114,2.5499999999897627
843,44208,153919,4,1.4162286058202359e-15,0.00039893763544231929,2.1137767126322236e-16,1.0971605342949468e-07,2.2767600631344129e-16,29.126859489679919,31.442459467036304,1.7754922803957649,2.5499999999894243
844,44224,153983,4,1.4162286058202359e-15,0.00039893763544231929,2.1137767126322236e-16,1.1034573957993869e-07,2.278817765898006e-16,29.130204959799283,31.447480444781149,1.7751195077597781,2.5499999999890797
845,44240,154047,4,1.4162286058202359e-15,0.00039893763544231929,2.1137767126322236e-16,1.1097322239564582e-07,2.2824539071141819e-16,29.133554822991499,31.452505015474369,1.7747470389251911,2.5499999999887311
846,44256,154111,4,1.4162286058202359e-15,0.00039893763544231929,2.1137767126322236e-16,1.1160250951805699e-07,2.2832504985876827e-16,29.13690907369374,31.457532565737637,1.7743748740442356,2.5499999999883758
847,44272,154175,4,1.4162286058202359e-15,0.00039893763544231929,2.1137767126322236e-16,1.1223160836052097e-07,2.2859728637209289e-16,29.140267706318816,31.462562655474123,1.7740030130752711,2.5499999999880116
848,44288,154239,4,1.4162286058202359e-15,0.00039893763544231929,2.1137767126322236e-16,1.1285958521159626e-07,2.2888375018515828e-16,29.143630715250126,31.467594952101535,1.7736314558566706,2.5499999999876297
849,44304,154303,4,1.4162286058202359e-15,0.00039893763544231929,2.1137767126322236e-16,1.1348862379670558e-07,2.2895248910085658e-16,29.146998094836857,31.472629195096332,1.773260202146729,2.5499999999872318
850,44320,154367,4,1.4162286058202359e-15,0.00039893763544231929,2.1137767126322236e-16,1.1411953488396824e-07,2.2938239244278841e-16,29.150369839389285,31.477665174941237,1.772889251647316,2.5499999999868486
851,44336,154431,4,1.4162286058202359e-15,0.00039893763544231929,2.1137767126322236e-16,1.147486919159965e-07,2.2972489918992033e-16,29.153745943174023,31.482702719725879,1.772518604018948,2.5499999999864325
852,44352,154495,4,1.4162286058202359e-15,0.00039893763544231929,2.1137767126322236e-16,1.1538159497928772e-07,2.2998701659601644e-16,29.157126400409464,31.487741686159413,1.7721482588909603,2.5499999999860243
853,44368,154559,4,1.4162286058202359e-15,0.00039893763544231929,2.1137767126322236e-16,1.1600847538798169e-07,2.3015639609530224e-16,29.16051120526112,31.492781953287256,1.7717782158685276,2.5499999999855905
854,44384,154623,4,1.4162286058202359e-15,0.00039893763544231929,2.1137767126322236e-16,1.1663606496551042e-07,2.3058756274882459e-16,29.163900351837192,31.497823417950819,1.7714084745378371,2.5499999999851179
855,44400,154687,4,1.4162286058202359e-15,0.00039893763544231929,2.1137767126322236e-16,1.1726915400503605e-07,2.3074284626329187e-16,29.167293834184406,31.502865991414847,1.7710390344698566,2.5499999999846756
856,44416,154751,4,1.4162286058202359e-15,0.00039893763544231929,2.1137767126322236e-16,1.1790016376337002e-07,2.3110152894089257e-16,29.170691646283682,31.507909596804481,1.770669895223236,2.5499999999842067
857,44432,154815,4,1.4162286058202359e-15,0.00039893763544231929,2.1137767126322236e-16,1.18529476143355e-07,2.3133962853751775e-16,29.174093782046192,31.512954167118483,1.7703010563466006,2.5499999999837226
858,44448,154879,4,1.4162286058202359e-15,0.00039893763544231929,2.1137767126322236e-16,1.1916272698400869e-07,2.3174574423298408e-16,29.177500235309488,31.517999643663828,1.7699325173802529,2.5499999999832363
859,44464,154943,4,1.4162286058202359e-15,0.00039893763544231929,2.1137767126322236e-16,1.1979587590618872e-07,2.3188204767470603e-16,29.180910999833639,31.523045974803679,1.7695642778576608,2.5499999999827154
860,44480,155007,4,1.4162286058202359e-15,0.00039893763544231929,2.1137767126322236e-16,1.2042169599638301e-07,2.3206325937226894e-16,29.184326069297963,31.528093114942681,1.7691963373065687,2.5499999999821967
861,44496,155071,4,1.4162286058202359e-15,0.00039893763544231929,2.1137767126322236e-16,1.2105084266170378e-07,2.3252538594855307e-16,29.187745437297227,31.533141023696235,1.7688286952499528,2.5499999999816607
862,44512,155135,4,1.4162286058202359e-15,0.00039893763544231929,2.1137767126322236e-16,1.216851236921798e-07,2.3289206001805165e-16,29.191169097338886,31.538189665202584,1.768461351206807,2.5499999999811096
863,44528,155199,4,1.4162286058202359e-15,0.00039893763544231929,2.1137767126322236e-16,1.2231334225268535e-07,2.3310526582093719e-16,29.194597042839757,31.543239007548419,1.768094304692801,2.5499999999805389
864,44544,155263,4,1.4162286058202359e-15,0.00039893763544231929,2.1137767126322236e-16,1.2294622152944827e-07,2.3353485297307987e-16,29.198029267123427,31.548289022285317,1.7677275552208382,2.5499999999799718
865,44560,155327,4,1.4162286058202359e-15,0.00039893763544231929,2.1137767126322236e-16,1.2357894912199045e-07,2.3367880431995033e-16,29.201465763417218,31.553339684019502,1.7673611023014828,2.5499999999793781
866,44576,155391,4,1.4162286058202359e-15,0.00039893763544231929,2.1137767126322236e-16,1.2421204883353491e-07,2.3383887204028547e-16,29.204906524850156,31.558390970061581,1.7669949454434379,2.5499999999787852
867,44592,155455,4,1.4162286058202359e-15,0.00039893763544231929,2.1137767126322236e-16,1.2484510421942511e-07,2.3420085661609633e-16,29.208351544450455,31.563442860125729,1.7666290841538368,2.5499999999781457
868,44608,155519,4,1.4162286058202359e-15,0.00039893763544231929,2.1137767126322236e-16,1.2547988714009721e-07,2.3471952595033214e-16,29.211800815143484,31.568495336069915,1.7662635179385417,2.549999999977496
869,44624,155583,4,1.4162286058202359e-15,0.00039893763544231929,2.1137767126322236e-16,1.2611371084195381e-07,2.3477407478941725e-16,29.215254329749886,31.573548381669966,1.7658982463024298,2.5499999999768463
870,44640,155647,4,1.4162286058202359e-15,0.00039893763544231929,2.1137767126322236e-16,1.2674579299246284e-07,2.3507112754829908e-16,29.218712080983899,31.578601982422715,1.7655332687495964,2.5499999999761931
871,44656,155711,4,1.4162286058202359e-15,0.00039893763544231929,2.1137767126322236e-16,1.2737826212508489e-07,2.3554381349869276e-16,29.222174061451856,31.5836561253737,1.7651685847835712,2.5499999999754959
872,44672,155775,4,1.4162286058202359e-15,0.00039893763544231929,2.1137767126322236e-16,1.2800921755187959e-07,2.3563375036515381e-16,29.225640263650703,31.58871079896511,1.7648041939074717,2.5499999999747569
873,44688,155839,4,1.4162286058202359e-15,0.00039893763544231929,2.1137767126322236e-16,1.2863769024243547e-07,2.3596368975723922e-16,29.229110679967199,31.593765992901726,1.7644400956241997,2.5499999999740353
874,44704,155903,4,1.4162286058202359e-15,0.00039893763544231929,2.1137767126322236e-16,1.2926930340698332e-07,2.3619029692002389e-16,29.232585302676373,31.598821698032346,1.7640762894365534,2.5499999999733007
875,44720,155967,4,1.4162286058202359e-15,0.00039893763544231929,2.1137767126322236e-16,1.2990138335092409e-07,2.3641454330934033e-16,29.236064123941507,31.603877906244069,1.7637127748472852,2.5499999999725338
876,44736,156031,4,1.4162286058202359e-15,0.00039893763544231929,2.1137767126322236e-16,1.3053149756173303e-07,2.3663594171580775e-16,29.239547135812934,31.608934610367839,1.7633495513593538,2.5499999999717438
877,44752,156095,4,1.4162286058202359e-15,0.00039893763544231929,2.1137767126322236e-16,1.3116319077336096e-07,2.3676489979369022e-16,29.243034330227879,31.613991804094805,1.7629866184759313,2.5499999999709528
878,44768,156159,4,1.4162286058202359e-15,0.00039893763544231929,2.1137767126322236e-16,1.3179586275760739e-07,2.3687239460262848e-16,29.24652569901032,31.619049481899967,1.7626239757004656,2.5499999999701242
879,44784,156223,4,1.4162286058202359e-15,0.00039893763544231929,2.1137767126322236e-16,1.3242595751175783e-07,2.3711493574555276e-16,29.250021233870719,31.624107638974902,1.7622616225368026,2.5499999999692848
880,44800,156287,4,1.4162286058202359e-15,0.00039893763544231929,2.1137767126322236e-16,1.3306063386489734e-07,2.3759107931090691e-16,29.253520926406363,31.629166271166351,1.7618995584892607,2.5499999999684135
881,44816,156351,4,1.4162286058202359e-15,0.00039893763544231929,2.1137767126322236e-16,1.3369355434481227e-07,2.3779521611235157e-16,29.257024768101463,31.634225374920781,1.7615377830626946,2.549999999967508
882,44832,156415,4,1.4162286058202359e-15,0.00039893763544231929,2.1137767126322236e-16,1.3432838687857577e-07,2.3792434417584993e-16,29.260532750327933,31.639284947234621,1.7611762957625352,2.5499999999665861
883,44848,156479,4,1.4162286058202359e-15,0.00039893763544231929,2.1137767126322236e-16,1.3496214281519451e-07,2.3805881334456354e-16,29.264044864345671,31.644344985608562,1.7608150960948377,2.5499999999656544
884,44864,156543,4,1.4162286058202359e-15,0.00039893763544231929,2.1137767126322236e-16,1.355961632346933e-07,2.3846828946126837e-16,29.267561101303652,31.6494054880067,1.7604541835663576,2.549999999964685
885,44880,156607,4,1.4162286058202359e-15,0.00039893763544231929,2.1137767126322236e-16,1.362300765176702e-07,2.3873167658960475e-16,29.271081452240892,31.654466452818824,1.76009355768456,2.5499999999637137
886,44896,156671,4,1.4162286058202359e-15,0.00039893763544231929,2.1137767126322236e-16,1.3686467881893398e-07,2.3914739026851369e-16,29.274605908087604,31.659527878826065,1.7597332179576906,2.5499999999626937
887,44912,156735,4,1.4162286058202359e-15,0.00039893763544231929,2.1137767126322236e-16,1.3749808069155238e-07,2.3938602649856125e-16,29.278134459666319,31.664589765169993,1.7593731638948003,2.5499999999616585
888,44928,156799,4,1.4162286058202359e-15,0.00039893763544231929,2.1137767126322236e-16,1.3813343411420346e-07,2.3968899690754528e-16,29.281667097693671,31.669652111323707,1.759013395005746,2.5499999999605949
889,44944,156863,4,1.4162286058202359e-15,0.00039893763544231929,2.1137767126322236e-16,1.3876675018045985e-07,2.3987987565813195e-16,29.285203812781837,31.674714917065842,1.7586539108012806,2.5499999999595127
890,44960,156927,4,1.4162286058202359e-15,0.00039893763544231929,2.1137767126322236e-16,1.394010461989467e-07,2.399390689095614e-16,29.288744595440328,31.679778182456676,1.7582947107930365,2.5499999999583909
891,44976,156991,4,1.4162286058202359e-15,0.00039893763544231929,2.1137767126322236e-16,1.4003181263802704e-07,2.4022176284698507e-16,29.292289436077876,31.68484190781589,1.7579357944935412,2.5499999999572691
892,44992,157055,4,1.4162286058202359e-15,0.00039893763544231929,2.1137767126322236e-16,1.4066291010397995e-07,2.4035504232318268e-16,29.295838325004592,31.689906093702334,1.757577161416275,2.5499999999560958
893,45008,157119,4,1.4162286058202359e-15,0.00039893763544231929,2.1137767126322236e-16,1.412941061022263e-07,2.4070448808167815e-16,29.299391252434056,31.694970740895506,1.7572188110756739,2.5499999999549043
894,45024,157183,4,1.4162286058202359e-15,0.00039893763544231929,2.1137767126322236e-16,1.4192540510141375e-07,2.4117761119702557e-16,29.302948208485532,31.700035850378249,1.7568607429871685,2.549999999953684
895,45040,157247,4,1.4162286058202359e-15,0.00039893763544231929,2.1137767126322236e-16,1.4255621171668979e-07,2.4142207429410311e-16,29.306509183186563,31.705101423320873,1.7565029566671511,2.5499999999524232
896,45056,157311,4,1.4162286058202359e-15,0.00039893763544231929,2.1137767126322236e-16,1.4318743100186408e-07,2.4160570797649958e-16,29.310074166475271,31.710167461066685,1.7561454516330357,2.5499999999511318
897,45072,157375,4,1.4162286058202359e-15,0.00039893763544231929,2.1137767126322236e-16,1.4382553210160102e-07,2.4208660948473713e-16,29.313643148203127,31.715233965118266,1.755788227403279,2.5499999999498173
898,45088,157439,4,1.4162286058202359e-15,0.00039893763544231929,2.1137767126322236e-16,1.4445877264493616e-07,2.4231488093491426e-16,29.317216118137519,31.720300937125113,1.7554312834973287,2.5499999999484686
899,45104,157503,4,1.4162286058202359e-15,0.00039893763544231929,2.1137767126322236e-16,1.4509596945414175e-07,2.4236603357719938e-16,29.32079306596464,31.72536837887176,1.7550746194357145,2.5499999999470875
900,45120,157567,4,1.4162286058202359e-15,0.00039893763544231929,2.1137767126322236e-16,1.4572852517028194e-07,2.4258706905817305e-16,29.324373981292098,31.730436292267406,1.754718234740019,2.5499999999456486
901,45136,157631,4,1.4162286058202359e-15,0.00039893763544231929,2.1137767126322236e-16,1.4636390176883866e-07,2.4290684260732533e-16,29.327958853652159,31.735571561629396,1.7543620959584818,2.5499999999441947
902,45152,157695,4,1.4162286058202359e-15,0.00039893763544231929,2.1137767126322236e-16,1.4699957336753082e-07,2.4301340311576171e-16,29.331547672504406,31.740759679325617,1.7540062095286464,2.5499999999427132
903,45168,157759,4,1.4162286058202359e-15,0.00039893763544231929,2.1137767126322236e-16,1.4763703182854774e-07,2.4322574575567805e-16,29.335140427238905,31.745982264916716,1.7536505839964367,2.549999999941186
904,45184,157823,4,1.4162286058202359e-15,0.00039893763544231929,2.1137767126322236e-16,1.482711411769108e-07,2.4349852200435236e-16,29.338737107179124,31.751232576918099,1.7532952221970208,2.5499999999396294
905,45200,157887,4,1.4162286058202359e-15,0.00039893763544231929,2.1137767126322236e-16,1.4890205297194063e-07,2.437558866374439e-16,29.342337701585269,31.756506708921545,1.752940125576149,2.5499999999380218
906,45216,157951,4,1.4162286058202359e-15,0.00039893763544231929,2.1137767126322236e-16,1.4953901823025665e-07,2.4398256059506303e-16,29.345942199656903,31.76180202333963,1.7525852949583509,2.5499999999363876
907,45232,158015,4,1.4162286058202359e-15,0.00039893763544231929,2.1137767126322236e-16,1.501750057012771e-07,2.440195291577944e-16,29.349550590536538,31.767116583918117,1.7522307308252645,2.5499999999347187
908,45248,158079,4,1.4162286058202359e-15,0.00039893763544231929,2.1137767126322236e-16,1.5081059413038693e-07,2.443885671026885e-16,29.353162863312338,31.772448891063231,1.7518764334454049,2.5499999999330019
909,45264,158143,4,1.4162286058202359e-15,0.00039893763544231929,2.1137767126322236e-16,1.5144696695981922e-07,2.446158881223418e-16,29.356779007021665,31.777797739081034,1.7515224029442593,2.5499999999312446
910,45280,158207,4,1.4162286058202359e-15,0.00039893763544231929,2.1137767126322236e-16,1.5208269345903995e-07,2.4486319610034107e-16,29.360399010653779,31.78316213135199,1.7511686393458392,2.5499999999294327
911,45296,158271,4,1.4162286058202359e-15,0.00039893763544231929,2.1137767126322236e-16,1.5271629315952355e-07,2.453859587378381e-16,29.364022863153203,31.788541226295013,1.750815142599214,2.5499999999275955
912,45312,158335,4,1.4162286058202359e-15,0.00039893763544231929,2.1137767126322236e-16,1.5334980605444441e-07,2.4580936540323893e-16,29.36765055342266,31.79393430107875,1.7504619125962966,2.5499999999257223
913,45328,158399,4,1.4162286058202359e-15,0.00039893763544231929,2.1137767126322236e-16,1.5398560745208593e-07,2.4607746497952503e-16,29.371282070326188,31.799340726218507,1.750108949184356,2.5499999999238132
914,45344,158463,4,1.4162286058202359e-15,0.00039893763544231929,2.1137767126322236e-16,1.5462001225855142e-07,2.4648453069192488e-16,29.374917402692162,31.804759947188483,1.749756252174987,2.5499999999218383
915,45360,158527,4,1.4162286058202359e-15,0.00039893763544231929,2.1137767126322236e-16,1.5525509270511632e-07,2.4670753817147887e-16,29.378556539316179,31.81019147073664,1.7494038213508272,2.5499999999198031
916,45376,158591,4,1.4162286058202359e-15,0.00039893763544231929,2.1137767126322236e-16,1.5589227409609967e-07,2.469004575766367e-16,29.382199468964288,31.815634854460875,1.7490516564707155,2.5499999999177421
917,45392,158655,4,1.4162286058202359e-15,0.00039893763544231929,2.1137767126322236e-16,1.5652901436771975e-07,2.4717035275523749e-16,29.385846180375587,31.821089698709901,1.7486997572736269,2.5499999999156304
918,45408,158719,4,1.4162286058202359e-15,0.00039893763544231929,2.1137767126322236e-16,1.5716619553665849e-07,2.4748076282665082e-16,29.389496662265323,31.826555640181571,1.7483481234818152,2.5499999999134682
919,45424,158783,4,1.4162286058202359e-15,0.00039893763544231929,2.1137767126322236e-16,1.5779972279508973e-07,2.4805057487700441e-16,29.393150903327506,31.83203234678744,1.7479967548033779,2.549999999911257
920,45440,158847,4,1.4162286058202359e-15,0.00039893763544231929,2.1137767126322236e-16,1.5843302222187853e-07,2.4831402962735586e-16,29.396808892237928,31.837519513477918,1.7476456509342457,2.5499999999089975
921,45456,158911,4,1.4162286058202359e-15,0.00039893763544231929,2.1137767126322236e-16,1.5907077562751974e-07,2.4848499110956317e-16,29.400470617656691,31.843016858808692,1.7472948115598939,2.5499999999066962
922,45472,158975,4,1.4162286058202359e-15,0.00039893763544231929,2.1137767126322236e-16,1.5970320179451074e-07,2.4861734559104079e-16,29.404136068230898,31.848524122088023,1.7469442363567549,2.549999999904331
923,45488,159039,4,1.4162286058202359e-15,0.00039893763544231929,2.1137767126322236e-16,1.6034215039687131e-07,2.4881457584796094e-16,29.407805232597308,31.854041060983349,1.7465939249933768,2.5499999999019085
924,45504,159103,4,1.4162286058202359e-15,0.00039893763544231929,2.1137767126322236e-16,1.609794995147981e-07,2.4937131803104588e-16,29.411478099384841,31.859567449497046,1.7462438771314175,2.5499999998994332
925,45520,159167,4,1.4162286058202359e-15,0.00039893763544231929,2.1137767126322236e-16,1.6161315565624472e-07,2.4947040434226239e-16,29.415154657217048,31.865103076240697,1.745894092426465,2.549999999896893
926,45536,159231,4,1.4162286058202359e-15,0.00039893763544231929,2.1137767126322236e-16,1.622507357283162e-07,2.4973541088344299e-16,29.418834894714507,31.870647742953814,1.7455445705288415,2.5499999998943217
927,45552,159295,4,1.4162286058202359e-15,0.00039893763544231929,2.1137767126322236e-16,1.6288772654951737e-07,2.4993988289983089e-16,29.422518800497322,31.876201263224274,1.7451953110841234,2.5499999998916549
928,45568,159359,4,1.4162286058202359e-15,0.00039893763544231929,2.1137767126322236e-16,1.6352345041195841e-07,2.5041214099105273e-16,29.426206363187266,31.881763461376103,1.7448463137337673,2.5499999998889509
929,45584,159423,4,1.4162286058202359e-15,0.00039893763544231929,2.1137767126322236e-16,1.6415963986030261e-07,2.5068429457952094e-16,29.429897571409995,31.887334171497983,1.7444975781155541,2.5499999998861762
930,45600,159487,4,1.4162286058202359e-15,0.00039893763544231929,2.1137767126322236e-16,1.6479803448912948e-07,2.5098224110705464e-16,29.433592413797392,31.892913236589976,1.7441491038640251,2.5499999998833518
931,45616,159551,4,1.4162286058202359e-15,0.00039893763544231929,2.1137767126322236e-16,1.6543357009937891e-07,2.5121186541112359e-16,29.437290878989597,31.898500507810851,1.74380089061081,2.5499999998804492
932,45632,159615,4,1.4162286058202359e-15,0.00039893763544231929,2.1137767126322236e-16,1.6606872803951093e-07,2.5149927448483397e-16,29.440992955637139,31.904095843811103,1.7434529379849697,2.549999999877488
933,45648,159679,4,1.4162286058202359e-15,0.00039893763544231929,2.1137767126322236e-16,1.6670603045868175e-07,2.5187240800773597e-16,29.444698632402897,31.90969911013935,1.7431052456133418,2.5499999998744682
934,45664,159743,4,1.4162286058202359e-15,0.00039893763544231929,2.1137767126322236e-16,1.673439715058919e-07,2.5203324728078747e-16,29.448407897964181,31.915310178712691,1.7427578131206947,2.5499999998713756
935,45680,159807,4,1.4162286058202359e-15,0.00039893763544231929,2.1137767126322236e-16,1.6798238718732287e-07,2.5216757376084541e-16,29.452120741014831,31.920928927341695,1.742410640130053,2.5499999998681955
936,45696,159871,4,1.4162286058202359e-15,0.00039893763544231929,2.1137767126322236e-16,1.686178716856798e-07,2.5265081805137287e-16,29.455837150267033,31.926555239303553,1.7420637262628507,2.5499999998649665
937,45712,159935,4,1.4162286058202359e-15,0.00039893763544231929,2.1137767126322236e-16,1.6925340213339217e-07,2.5297859994962559e-16,29.459557114453535,31.932189002956612,1.741717071139133,2.5499999998616545
938,45728,159999,4,1.4162286058202359e-15,0.00039893763544231929,2.1137767126322236e-16,1.6988791425679077e-07,2.5308383758946734e-16,29.463280622329524,31.937830111392113,1.7413706743777337,2.5499999998582807
939,45744,160063,4,1.4162286058202359e-15,0.00039893763544231929,2.1137767126322236e-16,1.7052445489643324e-07,2.5349219866670645e-16,29.46700766267471,31.943478462118296,1.74102453559641,2.5499999998548208
940,45760,160127,4,1.4162286058202359e-15,0.00039893763544231929,2.1137767126322236e-16,1.7115982982965542e-07,2.5360467765242564e-16,29.470738224295555,31.949133956772457,1.7406786544119914,2.5499999998512863
941,45776,160191,4,1.4162286058202359e-15,0.00039893763544231929,2.1137767126322236e-16,1.7179611371634566e-07,2.5386246621558111e-16,29.474472296027415,31.954796500858976,1.7403330304405182,2.5499999998476879
942,45792,160255,4,1.4162286058202359e-15,0.00039893763544231929,2.1137767126322236e-16,1.7243467133979033e-07,2.5424870703567448e-16,29.478209866736822,31.960466003509918,1.7399876632973272,2.5499999998439877
943,45808,160319,4,1.4162286058202359e-15,0.00039893763544231929,2.1137767126322236e-16,1.7307427802684876e-07,2.542772445600124e-16,29.481950925323826,31.966142377265321,1.7396425525971848,2.5499999998402072
944,45824,160383,4,1.4162286058202359e-15,0.00039893763544231929,2.1137767126322236e-16,1.7371301261984355e-07,2.5445573421297455e-16,29.48569546072456,31.971825537871453,1.7392976979543795,2.5499999998363641
945,45840,160447,4,1.4162286058202359e-15,0.00039893763544231929,2.1137767126322236e-16,1.7435015312686401e-07,2.5482624784808145e-16,29.489443461913876,31.977515404095932,1.7389530989827811,2.5499999998324245
946,45856,160511,4,1.4162286058202359e-15,0.00039893763544231929,2.1137767126322236e-16,1.7498945403074588e-07,2.5527565362731544e-16,29.493194917907964,31.983211897556831,1.7386087552959515,2.5499999998283958
947,45872,160575,4,1.4162286058202359e-15,0.00039893763544231929,2.1137767126322236e-16,1.7562470402224443e-07,2.5550267624156276e-16,29.496949817767337,31.988914942564392,1.7382646665072321,2.5499999998242853
948,45888,160639,4,1.4162286058202359e-15,0.00039893763544231929,2.1137767126322236e-16,1.7625967445958539e-07,2.5588457891293359e-16,29.500708150599962,31.994624465975772,1.7379208322297717,2.5499999998201002
949,45904,160703,4,1.4162286058202359e-15,0.00039893763544231929,2.1137767126322236e-16,1.7689744102136943e-07,2.5604742389217538e-16,29.504469905564207,32.000340397059702,1.7375772520766142,2.5499999998158138
950,45920,160767,4,1.4162286058202359e-15,0.00039893763544231929,2.1137767126322236e-16,1.7753437490200723e-07,2.5618419262299188e-16,29.508235071872317,32.006062667370713,1.737233925660765,2.5499999998114276
951,45936,160831,4,1.4162286058202359e-15,0.00039893763544231929,2.1137767126322236e-16,1.7817455124449959e-07,2.5637735315129828e-16,29.512003638793935,32.011791210632815,1.7368908525952127,2.5499999998069809
952,45952,160895,4,1.4162286058202359e-15,0.00039893763544231929,2.1137767126322236e-16,1.7881382947207618e-07,2.5667358286547061e-16,29.515775595659793,32.01752596263087,1.7365480324930305,2.5499999998024214
953,45968,160959,4,1.4162286058202359e-15,0.00039893763544231929,2.1137767126322236e-16,1.7944995494381859e-07,2.5690595444314901e-16,29.519550931865165,32.023266861109455,1.7362054649673717,2.5499999997977598
954,45984,161023,4,1.4162286058202359e-15,0.00039893763544231929,2.1137767126322236e-16,1.8008820986495559e-07,2.5715284097262618e-16,29.523329636874177,32.029013845678293,1.7358631496315451,2.5499999997930036
955,46000,161087,4,1.4162286058202359e-15,0.00039893763544231929,2.1137767126322236e-16,1.8072689924411771e-07,2.5747756747249128e-16,29.527111700223497,32.034766857724236,1.7355210860990424,2.5499999997881231
956,46016,161151,4,1.4162286058202359e-15,0.00039893763544231929,2.1137767126322236e-16,1.8136513398695124e-07,2.5777221189501965e-16,29.530897111526702,32.040525840328144,1.7351792739835779,2.5499999997831799
957,46032,161215,4,1.4162286058202359e-15,0.00039893763544231929,2.1137767126322236e-16,1.8200617948141621e-07,2.5817355393117094e-16,29.534685860478479,32.046290738188084,1.7348377128991346,2.5499999997781244
958,46048,161279,4,1.4162286058202359e-15,0.00039893763544231929,2.1137767126322236e-16,1.8264467809650712e-07,2.5836311518983696e-16,29.538477936858659,32.052061497546269,1.7344964024599725,2.5499999997729295
959,46064,161343,4,1.4162286058202359e-15,0.00039893763544231929,2.1137767126322236e-16,1.8328112660151634e-07,2.5887441310404401e-16,29.542273330537128,32.057838066120965,1.7341553422806992,2.5499999997676399
960,46080,161407,4,1.4162286058202359e-15,0.00039893763544231929,2.1137767126322236e-16,1.839195710932348e-07,2.5911511687203265e-16,29.546072031477838,32.063620393042548,1.7338145319762366,2.5499999997622287
961,46096,161471,4,1.4162286058202359e-15,0.00039893763544231929,2.1137767126322236e-16,1.8456051236551334e-07,2.5926127575716286e-16,29.549874029743439,32.069298524915808,1.7334739995117614,2.5499999997567202
962,46112,161535,4,1.4162286058202359e-15,0.00039893763544231929,2.1137767126322236e-16,1.8519959123866807e-07,2.5943790735567406e-16,29.553679315499888,32.074896256584168,1.7331337385584036,2.5499999997510807
963,46128,161599,4,1.4162286058202359e-15,0.00039893763544231929,2.1137767126322236e-16,1.858377458511548e-07,2.5985394901169588e-16,29.557487879020815,32.08044374825549,1.7327937409762026,2.5499999997453155
964,46144,161663,4,1.4162286058202359e-15,0.00039893763544231929,2.1137767126322236e-16,1.8647985377354319e-07,2.601409064447918e-16,29.561299710692161,32.085952035839981,1.7324540035365066,2.5499999997394367
965,46160,161727,4,1.4162286058202359e-15,0.00039893763544231929,2.1137767126322236e-16,1.871167645199087e-07,2.6042609185022049e-16,29.565114801016406,32.091427497804347,1.7321145242066822,2.5499999997334553
966,46176,161791,4,1.4162286058202359e-15,0.00039893763544231929,2.1137767126322236e-16,1.8775632989279282e-07,2.6075020251411954e-16,29.568933140617496,32.096874428853639,1.7317753014896204,2.5499999997273517
967,46192,161855,4,1.4162286058202359e-15,0.00039893763544231929,2.1137767126322236e-16,1.8839439649234928e-07,2.6120575672684663e-16,29.572754720244649,32.102295972398423,1.7314363341845129,2.5499999997210909
968,46208,161919,4,1.4162286058202359e-15,0.00039893763544231929,2.1137767126322236e-16,1.8903732464750826e-07,2.6144160763297658e-16,29.576579530777078,32.107694555425283,1.7310976212752422,2.5499999997147262
969,46224,161983,4,1.4162286058202359e-15,0.00039893763544231929,2.1137767126322236e-16,1.8967878875156467e-07,2.6163623061660596e-16,29.580407563228068,32.113072123040922,1.7307591618701783,2.5499999997082079
970,46240,162047,4,1.4162286058202359e-15,0.00039893763544231929,2.1137767126322236e-16,1.9031883054890423e-07,2.6185704255201908e-16,29.58423880874912,32.118430277814625,1.7304209551664491,2.549999999701547
971,46256,162111,4,1.4162286058202359e-15,0.00039893763544231929,2.1137767126322236e-16,1.9096431457624378e-07,2.6211268023878676e-16,29.588073258633983,32.123770368530735,1.730083000427165,2.5499999996947809
972,46272,162175,4,1.4162286058202359e-15,0.00039893763544231929,2.1137767126322236e-16,1.9160683583466424e-07,2.6224735682303897e-16,29.59191090432245,32.129093549779839,1.7297452969660945,2.549999999687842
973,46288,162239,4,1.4162286058202359e-15,0.00039893763544231929,2.1137767126322236e-16,1.9224695751255043e-07,2.6245475106173587e-16,29.595751737404324,32.134400823662276,1.7294078441370062,2.5499999996807849
974,46304,162303,4,1.4162286058202359e-15,0.00039893763544231929,2.1137767126322236e-16,1.9288558863275933e-07,2.6302438878377536e-16,29.599595749622708,32.139693069969454,1.7290706413258876,2.5499999996735765
975,46320,162367,4,1.4162286058202359e-15,0.00039893763544231929,2.1137767126322236e-16,1.935275707946346e-07,2.6346868982465413e-16,29.603442932877709,32.14497106863616,1.7287336879452,2.5499999996662281
976,46336,162431,4,1.4162286058202359e-15,0.00039893763544231929,2.1137767126322236e-16,1.9416763476867908e-07,2.6364655826497625e-16,29.607293279229776,32.150235516837256,1.7283969834294939,2.5499999996587128
977,46352,162495,4,1.4162286058202359e-15,0.00039893763544231929,2.1137767126322236e-16,1.9481007381508457e-07,2.6389701552636266e-16,29.611146780902615,32.155487042265456,1.7280605272319922,2.5499999996510709
978,46368,162559,4,1.4162286058202359e-15,0.00039893763544231929,2.1137767126322236e-16,1.9545091111497685e-07,2.6411325149862714e-16,29.615003430286269,32.160726213620954,1.7277243188219304,2.5499999996432545
979,46384,162623,4,1.4162286058202359e-15,0.00039893763544231929,2.1137767126322236e-16,1.9609248735155875e-07,2.6432104960825812e-16,29.618863219939929,32.165953549022532,1.7273883576823506,2.5499999996352773
980,46400,162687,4,1.4162286058202359e-15,0.00039893763544231929,2.1137767126322236e-16,1.967341945389464e-07,2.6472702488981547e-16,29.622726142594441,32.171169522841247,1.727052643308381,2.5499999996271439
981,46416,162751,4,1.4162286058202359e-15,0.00039893763544231929,2.1137767126322236e-16,1.9737849212645068e-07,2.6495361302744605e-16,29.626592191154682,32.17637457131643,1.7267171752057824,2.5499999996188483
982,46432,162815,4,1.4162286058202359e-15,0.00039893763544231929,2.1137767126322236e-16,1.9801973859903869e-07,2.653958868554386e-16,29.630461358701943,32.181569097219999,1.7263819528897613,2.5499999996103866
983,46448,162879,4,1.4162286058202359e-15,0.00039893763544231929,2.1137767126322236e-16,1.9865936134269761e-07,2.6552478103361876e-16,29.634333638495786,32.186753473765513,1.7260469758839547,2.5499999996017548
984,46464,162943,4,1.4162286058202359e-15,0.00039893763544231929,2.1137767126322236e-16,1.9930691118977466e-07,2.6583930736255531e-16,29.638209023976035,32.191928047913287,1.725712243719608,2.549999999592957
985,46480,163007,4,1.4162286058202359e-15,0.00039893763544231929,2.1137767126322236e-16,1.9995074073500733e-07,2.6608151473810242e-16,29.642087508764234,32.19709314318429,1.725377755934822,2.5499999995839784
986,46496,163071,4,1.4162286058202359e-15,0.00039893763544231929,2.1137767126322236e-16,2.005893174820436e-07,2.6626244209232977e-16,29.645969086665168,32.202249062074415,1.7250435120739285,2.5499999995748137
987,46512,163135,4,1.4162286058202359e-15,0.00039893763544231929,2.1137767126322236e-16,2.0123327889401603e-07,2.6645854986515868e-16,29.649853751668253,32.20739608813826,1.7247095116870033,2.5499999995654816
988,46528,163199,4,1.4162286058202359e-15,0.00039893763544231929,2.1137767126322236e-16,2.0188108842225853e-07,2.6664479433636352e-16,29.653741497948403,32.212534487797953,1.724375754329345,2.5499999995559621
989,46544,163263,4,1.4162286058202359e-15,0.00039893763544231929,2.1137767126322236e-16,2.0252006437773888e-07,2.6688352176307362e-16,29.657632319866945,32.217664511922045,1.7240422395611299,2.5499999995462304
990,46560,163327,4,1.4162286058202359e-15,0.00039893763544231929,2.1137767126322236e-16,2.0316389347888235e-07,2.671973511923441e-16,29.661526211972486,32.222786397211166,1.7237089669469638,2.5499999995363329
991,46576,163391,4,1.4162286058202359e-15,0.00039893763544231929,2.1137767126322236e-16,2.0381183538734275e-07,2.6758343898402414e-16,29.665423169000917,32.22790036741862,1.7233759360557015,2.5499999995262401
992,46592,163455,4,1.4162286058202359e-15,0.00039893763544231929,2.1137767126322236e-16,2.0445546400996355e-07,2.677737771720805e-16,29.669323185876202,32.233006634430964,1.7230431464600524,2.5499999995159324
993,46608,163519,4,1.4162286058202359e-15,0.00039893763544231929,2.1137767126322236e-16,2.0509571404350916e-07,2.6807862610823564e-16,29.673226257709938,32.238105399228502,1.7227105977363681,2.5499999995054363
994,46624,163583,4,1.4162286058202359e-15,0.00039893763544231929,2.1137767126322236e-16,2.0574087999195216e-07,2.6832727722075454e-16,29.677132379801449,32.243196852741839,1.7223782894644539,2.5499999994947307
995,46640,163647,4,1.4162286058202359e-15,0.00039893763544231929,2.1137767126322236e-16,2.0638380723117715e-07,2.6871538622826136e-16,29.681041547637246,32.248281176618576,1.7220462212273115,2.5499999994838118
996,46656,163711,4,1.4162286058202359e-15,0.00039893763544231929,2.1137767126322236e-16,2.0702691273058653e-07,2.6890983529716696e-16,29.684953756890391,32.253358543912277,1.7217143926110565,2.5499999994726652
997,46672,163775,4,1.4162286058202359e-15,0.00039893763544231929,2.1137767126322236e-16,2.0767002036717523e-07,2.6928081236021203e-16,29.6888690034192,32.258429119702662,1.7213828032046732,2.5499999994613205
998,46688,163839,4,1.4162286058202359e-15,0.00039893763544231929,2.1137767126322236e-16,2.0831150371972333e-07,2.6989566170658214e-16,29.692787283266604,32.263493061656128,1.7210514525998377,2.5499999994497524
999,46704,163903,4,1.4162286058202359e-15,0.00039893763544231929,2.1137767126322236e-16,2.0895636822873735e-07,2.7005232226997417e-16,29.696708592657949,32.268550520534255,1.7207203403909406,2.5499999994379516
1000,46720,163967,4,1.4162286058202359e-15,0.00039893763544231929,2.1137767126322236e-16,2.0960100908332306e-07,2.7051616586641481e-16,29.700632927999472,32.273601640654455,1.7203894661748089,2.549999999425939
1001,46736,164031,4,1.4162286058202359e-15,0.00039893763544231929,2.1137767126322236e-16,2.1024215224965863e-07,2.7073508645335733e-16,29.704560285875832,32.278646560310627,1.7200588295506789,2.5499999994136751
1002,46752,164095,4,1.4162286058202359e-15,0.00039893763544231929,2.1137767126322236e-16,2.1088319688370076e-07,2.7094179185739913e-16,29.708490663047673,32.283685412156807,1.7197284301200939,2.5499999994011842
1003,46768,164159,4,1.4162286058202359e-15,0.00039893763544231929,2.1137767126322236e-16,2.1153032323620506e-07,2.7124250427010604e-16,29.712424056448558,32.288718323557454,1.7193982674867514,2.5499999993884557
1004,46784,164223,4,1.4162286058202359e-15,0.00039893763544231929,2.1137767126322236e-16,2.1217373036933244e-07,2.7157100147279346e-16,29.716360463181566,32.293745416910042,1.7190683412565082,2.5499999993754612
1005,46800,164287,4,1.4162286058202359e-15,0.00039893763544231929,2.1137767126322236e-16,2.1281631595129939e-07,2.7178075793252466e-16,29.720299880515519,32.298766809939607,1.7187386510372566,2.5499999993622153
1006,46816,164351,4,1.4162286058202359e-15,0.00039893763544231929,2.1137767126322236e-16,2.1346081695941736e-07,2.7207390453775886e-16,29.724242305880832,32.303782615971535,1.7184091964388437,2.5499999993487492
1007,46832,164415,4,1.4162286058202359e-15,0.00039893763544231929,2.1137767126322236e-16,2.1410608270303248e-07,2.7256169997601658e-16,29.728187736864907,32.308792944182002,1.7180799770730253,2.5499999993349873
1008,46848,164479,4,1.4162286058202359e-15,0.00039893763544231929,2.1137767126322236e-16,2.1475304013510359e-07,2.7263197930881062e-16,29.732136171206857,32.313797899829424,1.7177509925533716,2.5499999993209923
1009,46864,164543,4,1.4162286058202359e-15,0.00039893763544231929,2.1137767126322236e-16,2.1539661566130823e-07,2.7296474042076059e-16,29.736087606792406,32.318797584469131,1.7174222424953072,2.5499999993067384
1010,46880,164607,4,1.4162286058202359e-15,0.00039893763544231929,2.1137767126322236e-16,2.1604088813001658e-07,2.7319349680557183e-16,29.740042041647918,32.323792096152005,1.7170937265158996,2.5499999992921931
1011,46896,164671,4,1.4162286058202359e-15,0.00039893763544231929,2.1137767126322236e-16,2.1668585128234634e-07,2.7346263325275576e-16,29.743999473933954,32.328781529608506,1.7167654442339746,2.5499999992773716
1012,46912,164735,4,1.4162286058202359e-15,0.00039893763544231929,2.1137767126322236e-16,2.1732915137609636e-07,2.739103923221853e-16,29.747959901938859,32.333765976420544,1.7164373952699523,2.5499999992622566
1013,46928,164799,4,1.4162286058202359e-15,0.00039893763544231929,2.1137767126322236e-16,2.1797781855162539e-07,2.741183430466393e-16,29.751923324071544,32.338745525180713,1.7161095792458807,2.549999999246892
1014,46944,164863,4,1.4162286058202359e-15,0.00039893763544231929,2.1137767126322236e-16,2.1862337653369616e-07,2.7450287408440652e-16,29.75588973885424,32.343720261640748,1.7157819957853415,2.5499999992312188
1015,46960,164927,4,1.4162286058202359e-15,0.00039893763544231929,2.1137767126322236e-16,2.1927062102780807e-07,2.7491805650656704e-16,29.759859144914863,32.34869026885093,1.7154546445134371,2.5499999992152658
1016,46976,164991,4,1.4162286058202359e-15,0.00039893763544231929,2.1137767126322236e-16,2.1991342150731922e-07,2.7533705822841088e-16,29.763831540978735,32.35365562728937,1.7151275250567732,2.5499999991990214
1017,46992,165055,4,1.4162286058202359e-15,0.00039893763544231929,2.1137767126322236e-16,2.2056206384160808e-07,2.7559867312228486e-16,29.767806925860658,32.358616414983395,1.7148006370433755,2.5499999991824551
1018,47008,165119,4,1.4162286058202359e-15,0.00039893763544231929,2.1137767126322236e-16,2.2120626156455129e-07,2.7602842343580337e-16,29.771785298456166,32.363572707623192,1.7144739801027262,2.5499999991655797
1019,47024,165183,4,1.4162286058202359e-15,0.00039893763544231929,2.1137767126322236e-16,2.2185448161163494e-07,2.7607549228740432e-16,29.775766657732646,32.368524578668676,1.7141475538656719,2.5499999991483842
1020,47040,165247,4,1.4162286058202359e-15,0.00039893763544231929,2.1137767126322236e-16,2.2250162202233829e-07,2.7611799530881913e-16,29.779751002720765,32.373472099449437,1.7138213579644306,2.5499999991308648
1021,47056,165311,4,1.4162286058202359e-15,0.00039893763544231929,2.1137767126322236e-16,2.2314412639149099e-07,2.7643568519000839e-16,29.783738332505092,32.378578025918785,1.7134954173075736,2.5499999991130342
1022,47072,165375,4,1.4162286058202359e-15,0.00039893763544231929,2.1137767126322236e-16,2.2379030158817452e-07,2.7676761891455066e-16,29.787728646215019,32.383807131409029,1.7131697262297796,2.5499999990948741
1023,47088,165439,4,1.4162286058202359e-15,0.00039893763544231929,2.1137767126322236e-16,2.2443568920652217e-07,2.7711010973845579e-16,29.791721943015382,32.389114766810387,1.7128442774521568,2.5499999990763587
1024,47104,165503,4,1.4162286058202359e-15,0.00039893763544231929,2.1137767126322236e-16,2.2507856537548802e-07,2.7716125080021234e-16,29.795718222097232,32.39448459198325,1.7125190680754165,2.549999999057516
1025,47120,165567,4,1.4162286058202359e-15,0.00039893763544231929,2.1137767126322236e-16,2.2572024416892182e-07,2.7743885095942391e-16,29.799717482668221,32.399907161009416,1.7121940962674103,2.5499999990383264
1026,47136,165631,4,1.4162286058202359e-15,0.00039893763544231929,2.1137767126322236e-16,2.2637047381682455e-07,2.7769412964980574e-16,29.803719723943409,32.405376112469213,1.7118693606742748,2.549999999018782
1027,47152,165695,4,1.4162286058202359e-15,0.00039893763544231929,2.1137767126322236e-16,2.2701455935173113e-07,2.7792926814663313e-16,29.807724945135941,32.410886789147447,1.7115448602070298,2.5499999989988904
1028,47168,165759,4,1.4162286058202359e-15,0.00039893763544231929,2.1137767126322236e-16,2.2766255947751139e-07,2.7829869093730722e-16,29.811733145447775,32.416435594312837,1.711220593942113,2.5499999989786253
1029,47184,165823,4,1.4162286058202359e-15,0.00039893763544231929,2.1137767126322236e-16,2.2830916394192739e-07,2.7870042402309309e-16,29.815744324060219,32.42201964453406,1.7108965610676379,2.5499999989579876
1030,47200,165887,4,1.4162286058202359e-15,0.00039893763544231929,2.1137767126322236e-16,2.2895364818567769e-07,2.7903921362734735e-16,29.819758480125284,32.427636563417551,1.7105727608515,2.5499999989369728
1031,47216,165951,4,1.4162286058202359e-15,0.00039893763544231929,2.1137767126322236e-16,2.2959894980337429e-07,2.7921175212939249e-16,29.82377561275651,32.433284350232753,1.7102491926210754,2.5499999989155815
1032,47232,166015,4,1.4162286058202359e-15,0.00039893763544231929,2.1137767126322236e-16,2.3024506671334903e-07,2.7946838574161768e-16,29.827795721020312,32.438961291704246,1.7099258557495154,2.5499999988937856
1033,47248,166079,4,1.4162286058202359e-15,0.00039893763544231929,2.1137767126322236e-16,2.3089720502892012e-07,2.7957028674166355e-16,29.831818803927415,32.444665900279226,1.7096027496462232,2.5499999988716113
1034,47264,166143,4,1.4162286058202359e-15,0.00039893763544231929,2.1137767126322236e-16,2.3154269055506075e-07,2.7993186062230028e-16,29.835844860424462,32.450396869454558,1.709279873749862,2.5499999988490392
1035,47280,166207,4,1.4162286058202359e-15,0.00039893763544231929,2.1137767126322236e-16,2.3218760659230091e-07,2.8013788815183008e-16,29.839873889385846,32.456153040541899,1.7089572275232801,2.5499999988260611
1036,47296,166271,4,1.4162286058202359e-15,0.00039893763544231929,2.1137767126322236e-16,2.3283430631385242e-07,2.8062458860975194e-16,29.843905889606066,32.461933377361603,1.7086348104495128,2.5499999988026727
1037,47312,166335,4,1.4162286058202359e-15,0.00039893763544231929,2.1137767126322236e-16,2.3347937195364514e-07,2.8099586035589025e-16,29.847940859791773,32.467736946589099,1.7083126220287503,2.5499999987788655
1038,47328,166399,4,1.4162286058202359e-15,0.00039893763544231929,2.1137767126322236e-16,2.3412357003741084e-07,2.8106273625405393e-16,29.851978798554807,32.473562902228942,1.7079906617759038,2.5499999987546147
1039,47344,166463,4,1.4162286058202359e-15,0.00039893763544231929,2.1137767126322236e-16,2.3476743894004974e-07,2.8150552438159234e-16,29.856019704404712,32.479410473164343,1.7076689292186851,2.5499999987299518
1040,47360,166527,4,1.4162286058202359e-15,0.00039893763544231929,2.1137767126322236e-16,2.3541252958761609e-07,2.8187359307760369e-16,29.860063575742306,32.485278953043448,1.7073474238960089,2.5499999987048212
1041,47376,166591,4,1.4162286058202359e-15,0.00039893763544231929,2.1137767126322236e-16,2.3606260208344969e-07,2.821789443191858e-16,29.86411041085303,32.491167691965835,1.7070261453566833,2.5499999986792732
1042,47392,166655,4,1.4162286058202359e-15,0.00039893763544231929,2.1137767126322236e-16,2.3671076074907786e-07,2.8268213607018497e-16,29.868160207900836,32.49707608957948,1.7067050931583863,2.5499999986532371
1043,47408,166719,4,1.4162286058202359e-15,0.00039893763544231929,2.1137767126322236e-16,2.3736092167417537e-07,2.8297682288571975e-16,29.872212964922269,32.503003589294664,1.7063842668666565,2.5499999986267516
1044,47424,166783,4,1.4162286058202359e-15,0.00039893763544231929,2.1137767126322236e-16,2.380079196016313e-07,2.832586029953617e-16,29.876268679820971,32.50894967339282,1.7060636660542099,2.5499999985998061
1045,47440,166847,4,1.4162286058202359e-15,0.00039893763544231929,2.1137767126322236e-16,2.3864885990246472e-07,2.8346029010142229e-16,29.880327350362577,32.514913858860517,1.7057432903002328,2.5499999985723787
1046,47456,166911,4,1.4162286058202359e-15,0.00039893763544231929,2.1137767126322236e-16,2.3929471912967544e-07,2.8355643806030785e-16,29.884388974169607,32.520895693817188,1.7054231391898216,2.5499999985444792
1047,47472,166975,4,1.4162286058202359e-15,0.00039893763544231929,2.1137767126322236e-16,2.3994466861279791e-07,2.8393320331968927e-16,29.888453548716967,32.526894754430622,1.7051032123135428,2.5499999985160748
1048,47488,167039,4,1.4162286058202359e-15,0.00039893763544231929,2.1137767126322236e-16,2.405951850313079e-07,2.8420157172967444e-16,29.89252107132782,32.532910642239955,1.7047835092669184,2.5499999984871633
1049,47504,167103,4,1.4162286058202359e-15,0.00039893763544231929,2.1137767126322236e-16,2.4124175049914016e-07,2.8435207434699632e-16,29.896591539169474,32.538942981818344,1.7044640296501419,2.5499999984577548
1050,47520,167167,4,1.4162286058202359e-15,0.00039893763544231929,2.1137767126322236e-16,2.41889084990706e-07,2.8451974240959475e-16,29.900664949250054,32.544991418722816,1.7041447730676795,2.5499999984278316
1051,47536,167231,4,1.4162286058202359e-15,0.00039893763544231929,2.1137767126322236e-16,2.4253531583731864e-07,2.8474330492733976e-16,29.904741298414898,32.551055617687297,1.70382573912803,2.5499999983974018
1052,47552,167295,4,1.4162286058202359e-15,0.00039893763544231929,2.1137767126322236e-16,2.4318268388537541e-07,2.8509750904230895e-16,29.908820583344131,32.557135261023149,1.7035069274434271,2.5499999983664363
1053,47568,167359,4,1.4162286058202359e-15,0.00039893763544231929,2.1137767126322236e-16,2.4383315622803132e-07,2.8535011014904794e-16,29.912902800549851,32.563230047198189,1.7031883376296491,2.5499999983349073
1054,47584,167423,4,1.4162286058202359e-15,0.00039893763544231929,2.1137767126322236e-16,2.4447807859354271e-07,2.8548498298190048e-16,29.916987946374086,32.569339689568309,1.7028699693057616,2.5499999983028454
1055,47600,167487,4,1.4162286058202359e-15,0.00039893763544231929,2.1137767126322236e-16,2.4513025324116229e-07,2.8581544887444577e-16,29.92107601698709,32.575463915242842,1.7025518220940137,2.5499999982702262
1056,47616,167551,4,1.4162286058202359e-15,0.00039893763544231929,2.1137767126322236e-16,2.4577832414366036e-07,2.8610418371188292e-16,29.925167008386023,32.581602464065178,1.7022338956195715,2.5499999982370309
1057,47632,167615,4,1.4162286058202359e-15,0.00039893763544231929,2.1137767126322236e-16,2.464224031282511e-07,2.8628915804725718e-16,29.929260916394149,32.587755087694454,1.7019161895104098,2.5499999982032731
1058,47648,167679,4,1.4162286058202359e-15,0.00039893763544231929,2.1137767126322236e-16,2.4707265206627889e-07,2.8661770033128799e-16,29.933357736660486,32.593921548775739,1.7015987033972308,2.549999998168945
1059,47664,167743,4,1.4162286058202359e-15,0.00039893763544231929,2.1137767126322236e-16,2.4772196408709619e-07,2.8696879362676851e-16,29.937457464659836,32.60010162018817,1.7012814369132456,2.5499999981340205
1060,47680,167807,4,1.4162286058202359e-15,0.00039893763544231929,2.1137767126322236e-16,2.4836757529048321e-07,2.8737883884373478e-16,29.9415600956936,32.606295084362003,1.7009643896941302,2.5499999980984884
1061,47696,167871,4,1.4162286058202359e-15,0.00039893763544231929,2.1137767126322236e-16,2.4901553750214718e-07,2.8772629688721829e-16,29.945665624890893,32.612501732656746,1.7006475613778766,2.5499999980623458
1062,47712,167935,4,1.4162286058202359e-15,0.00039893763544231929,2.1137767126322236e-16,2.4966647772054125e-07,2.8766784065371463e-16,29.949774047210319,32.618721364793224,1.7003309516047143,2.5499999980255912
1063,47728,167999,4,1.4162286058202359e-15,0.00039893763544231929,2.1137767126322236e-16,2.5031660389565808e-07,2.8791703522389598e-16,29.953885357442537,32.624953788334217,1.7000145600170513,2.5499999979882157
1064,47744,168063,4,1.4162286058202359e-15,0.00039893763544231929,2.1137767126322236e-16,2.5096572815000635e-07,2.8827339952103485e-16,29.957999550213156,32.631198818208318,1.6996983862593371,2.5499999979501955
1065,47760,168127,4,1.4162286058202359e-15,0.00039893763544231929,2.1137767126322236e-16,2.5161759904060639e-07,2.8847984684472552e-16,29.962116619986478,32.637456276272403,1.6993824299779952,2.5499999979115389
1066,47776,168191,4,1.4162286058202359e-15,0.00039893763544231929,2.1137767126322236e-16,2.5226929917890524e-07,2.8861439542277794e-16,29.966236561069771,32.643725990909111,1.6990666908214278,2.549999997872221
1067,47792,168255,4,1.4162286058202359e-15,0.00039893763544231929,2.1137767126322236e-16,2.5291783618078463e-07,2.8880159094489206e-16,29.970359367618347,32.650007796655323,1.6987511684398631,2.5499999978322352
1068,47808,168319,4,1.4162286058202359e-15,0.00039893763544231929,2.1137767126322236e-16,2.5356569197757168e-07,2.8876564457060265e-16,29.974485033641177,32.656301533859533,1.6984358624853464,2.549999997791573
1069,47824,168383,4,1.4162286058202359e-15,0.00039893763544231929,2.1137767126322236e-16,2.542133362213614e-07,2.8905707622363187e-16,29.9786135530072,32.662607048363874,1.6981207726116407,2.5499999977502239
1070,47840,168447,4,1.4162286058202359e-15,0.00039893763544231929,2.1137767126322236e-16,2.5485931832250537e-07,2.8931386038272855e-16,29.982744919452287,32.668924191210877,1.6978058984742384,2.5499999977081806
1071,47856,168511,4,1.4162286058202359e-15,0.00039893763544231929,2.1137767126322236e-16,2.5550621447026551e-07,2.897527998456719e-16,29.986879126586793,32.675252818369685,1.6974912397302506,2.5499999976654162
1072,47872,168575,4,1.4162286058202359e-15,0.00039893763544231929,2.1137767126322236e-16,2.5615525695668801e-07,2.9005103567962483e-16,29.991016167903755,32.681592790482838,1.6971767960383934,2.549999997621951
1073,47888,168639,4,1.4162286058202359e-15,0.00039893763544231929,2.1137767126322236e-16,2.568115147270364e-07,2.9029810687717375e-16,29.995156036787918,32.687943972629505,1.6968625670589645,2.5499999975777721
1074,47904,168703,4,1.4162286058202359e-15,0.00039893763544231929,2.1137767126322236e-16,2.5746294596931869e-07,2.9067849063814479e-16,29.999298726524657,32.694306234105788,1.696548552453736,2.54999999753284
1075,47920,168767,4,1.4162286058202359e-15,0.00039893763544231929,2.1137767126322236e-16,2.5811317631111081e-07,2.9082513631906548e-16,30.003444230310272,32.700679448218892,1.6962347518859864,2.549999997487165
1076,47936,168831,4,1.4162286058202359e-15,0.00039893763544231929,2.1137767126322236e-16,2.5876680224226818e-07,2.9097475654146892e-16,30.007592541262113,32.707063492095131,1.6959211650204229,2.5499999974407195
1077,47952,168895,4,1.4162286058202359e-15,0.00039893763544231929,2.1137767126322236e-16,2.5941878104654621e-07,2.913223374212734e-16,30.011743652429484,32.71345824649994,1.6956077915231822,2.5499999973935048
1078,47968,168959,4,1.4162286058202359e-15,0.00039893763544231929,2.1137767126322236e-16,2.60074936371065e-07,2.9154190258870825e-16,30.015897556804791,32.719863595669928,1.6952946310617958,2.5499999973455139
1079,47984,169023,4,1.4162286058202359e-15,0.00039893763544231929,2.1137767126322236e-16,2.6072409259983638e-07,2.9202171821559668e-16,30.020054247335285,32.726279427154601,1.6949816833050981,2.5499999972967373
1080,48000,169087,4,1.4162286058202359e-15,0.00039893763544231929,2.1137767126322236e-16,2.6137722215027943e-07,2.9218210398687734e-16,30.024213716934696,32.732705631668068,1.6946689479232591,2.5499999972471548
1081,48016,169151,4,1.4162286058202359e-15,0.00039893763544231929,2.1137767126322236e-16,2.6202868050975909e-07,2.9248483678823042e-16,30.028375958495499,32.739011592095991,1.6943563802272517,2.5499999971967493
1082,48032,169215,4,1.4162286058202359e-15,0.00039893763544231929,2.1137767126322236e-16,2.6268050876779498e-07,2.9288487332657994e-16,30.032540964901369,32.745225518713951,1.6940439891928878,2.5499999971455174
1083,48048,169279,4,1.4162286058202359e-15,0.00039893763544231929,2.1137767126322236e-16,2.6333339764964188e-07,2.9320630971555861e-16,30.036708729039546,32.751383181964684,1.6937317866311388,2.5499999970934391
1084,48064,169343,4,1.4162286058202359e-15,0.00039893763544231929,2.1137767126322236e-16,2.6398231662375289e-07,2.9346943090532805e-16,30.040879243813478,32.757497643428053,1.6934197766695698,2.5499999970405196
1085,48080,169407,4,1.4162286058202359e-15,0.00039893763544231929,2.1137767126322236e-16,2.6463669362078641e-07,2.9390406861549582e-16,30.045052502155674,32.763576435157425,1.6931079615661475,2.5499999969867462
1086,48096,169471,4,1.4162286058202359e-15,0.00039893763544231929,2.1137767126322236e-16,2.65284628715253e-07,2.9419152794042841e-16,30.04922849704025,32.769624615876616,1.6927963427427044,2.549999996932081
1087,48112,169535,4,1.4162286058202359e-15,0.00039893763544231929,2.1137767126322236e-16,2.6593519112475179e-07,2.9446690960123712e-16,30.053407221495789,32.775645878237455,1.6924849211594428,2.5499999968765015
1088,48128,169599,4,1.4162286058202359e-15,0.00039893763544231929,2.1137767126322236e-16,2.665887243522866e-07,2.9461516373485893e-16,30.057588668617825,32.781643065184355,1.6921736974894879,2.5499999968200364
1089,48144,169663,4,1.4162286058202359e-15,0.00039893763544231929,2.1137767126322236e-16,2.6724027022509618e-07,2.9487073379961152e-16,30.061772831581383,32.787618448432454,1.6918626722131052,2.5499999967626681
1090,48160,169727,4,1.4162286058202359e-15,0.00039893763544231929,2.1137767126322236e-16,2.678943181520252e-07,2.9506921144489541e-16,30.065959703653476,32.793573893897751,1.6915518456736705,2.5499999967043467
1091,48176,169791,4,1.4162286058202359e-15,0.00039893763544231929,2.1137767126322236e-16,2.6854626675823696e-07,2.9537426821017945e-16,30.070149278205143,32.79951096705242,1.6912412181132788,2.5499999966450986
1092,48192,169855,4,1.4162286058202359e-15,0.00039893763544231929,2.1137767126322236e-16,2.6920191249038745e-07,2.9567596414063469e-16,30.074341548723417,32.805431003653389,1.6909307896967209,2.5499999965849054
1093,48208,169919,4,1.4162286058202359e-15,0.00039893763544231929,2.1137767126322236e-16,2.698547530497772e-07,2.9592081146310677e-16,30.078536508823099,32.81133515923176,1.6906205605282101,2.5499999965237157
1094,48224,169983,4,1.4162286058202359e-15,0.00039893763544231929,2.1137767126322236e-16,2.7050975984857701e-07,2.9611796355145903e-16,30.08273415225819,32.817224444900603,1.6903105306635076,2.549999996461557
1095,48240,170047,4,1.4162286058202359e-15,0.00039893763544231929,2.1137767126322236e-16,2.7115952395220995e-07,2.9625082757619399e-16,30.086934472932821,32.823099753986668,1.690000700118927,2.5499999963984061
1096,48256,170111,4,1.4162286058202359e-15,0.00039893763544231929,2.1137767126322236e-16,2.7181187523631274e-07,2.9647905849452109e-16,30.091137464912148,32.828961882303425,1.6896910688782425,2.5499999963342472
1097,48272,170175,4,1.4162286058202359e-15,0.00039893763544231929,2.1137767126322236e-16,2.7246552883977899e-07,2.9663315645237544e-16,30.095343122432759,32.834811543890844,1.6893816368979691,2.5499999962690674
1098,48288,170239,4,1.4162286058202359e-15,0.00039893763544231929,2.1137767126322236e-16,2.7311613507533168e-07,2.9686073906789746e-16,30.099551439912744,32.840649383445587,1.6890724041116358,2.5499999962028288
1099,48304,170303,4,1.4162286058202359e-15,0.00039893763544231929,2.1137767126322236e-16,2.7376577999652292e-07,2.9710884134607993e-16,30.103762411961142,32.84647598628441,1.6887633704330676,2.5499999961355342
1100,48320,170367,4,1.4162286058202359e-15,0.00039893763544231929,2.1137767126322236e-16,2.7441731321279001e-07,2.9759130188297699e-16,30.107976033387359,32.852291886434649,1.6884545357592549,2.549999996067172
1101,48336,170431,4,1.4162286058202359e-15,0.00039893763544231929,2.1137767126322236e-16,2.7507004366581129e-07,2.97789586588383e-16,30.112192299209802,32.858097573281022,1.6881458999725185,2.549999995997744
1102,48352,170495,4,1.4162286058202359e-15,0.00039893763544231929,2.1137767126322236e-16,2.7572526476541044e-07,2.9786710313115141e-16,30.116411204664402,32.863893497082579,1.6878374629424042,2.5499999959272075
1103,48368,170559,4,1.4162286058202359e-15,0.00039893763544231929,2.1137767126322236e-16,2.7638049721704001e-07,2.9806358871872512e-16,30.120632745212358,32.869680073594346,1.6875292245272657,2.5499999958555404
1104,48384,170623,4,1.4162286058202359e-15,0.00039893763544231929,2.1137767126322236e-16,2.770343182143828e-07,2.9818298045282342e-16,30.124856916547767,32.875457687971583,1.6872211845755831,2.5499999957827808
1105,48400,170687,4,1.4162286058202359e-15,0.00039893763544231929,2.1137767126322236e-16,2.7768821304155673e-07,2.9841456724289565e-16,30.129083714604448,32.8812266980933,1.6869133429270911,2.5499999957088608
1106,48416,170751,4,1.4162286058202359e-15,0.00039893763544231929,2.1137767126322236e-16,2.7833952063274965e-07,2.9866223587164199e-16,30.13331313556272,32.886987437410689,1.6866056994137408,2.5499999956337835
1107,48432,170815,4,1.4162286058202359e-15,0.00039893763544231929,2.1137767126322236e-16,2.7899483976504187e-07,2.9902519838173205e-16,30.137545175855362,32.892740217404445,1.6862982538605391,2.549999995557509
1108,48448,170879,4,1.4162286058202359e-15,0.00039893763544231929,2.1137767126322236e-16,2.7965079258488097e-07,2.9923752096251854e-16,30.141779832173263,32.898485329715939,1.6859910060862782,2.5499999954800483
1109,48464,170943,4,1.4162286058202359e-15,0.00039893763544231929,2.1137767126322236e-16,2.8030635208045802e-07,2.9940467968865478e-16,30.146017101470708,32.904223048007026,1.6856839559041827,2.5499999954013726
1110,48480,171007,4,1.4162286058202359e-15,0.00039893763544231929,2.1137767126322236e-16,2.8095717480950051e-07,2.9974727246257041e-16,30.150256980969864,32.909953629589516,1.6853771031224205,2.5499999953214929
1111,48496,171071,4,1.4162286058202359e-15,0.00039893763544231929,2.1137767126322236e-16,2.8161302312959742e-07,3.0018016792357299e-16,30.154499468165341,32.915677316860737,1.6850704475446592,2.5499999952403463
1112,48512,171135,4,1.4162286058202359e-15,0.00039893763544231929,2.1137767126322236e-16,2.822673117251226e-07,3.0049104514523727e-16,30.158744560827529,32.921394338572647,1.6847639889704049,2.5499999951579637
1113,48528,171199,4,1.4162286058202359e-15,0.00039893763544231929,2.1137767126322236e-16,2.8292327140058888e-07,3.0080855263310146e-16,30.162992257006326,32.927104910958988,1.6844577271954779,2.5499999950742938
1114,48544,171263,4,1.4162286058202359e-15,0.00039893763544231929,2.1137767126322236e-16,2.8357981458152133e-07,3.0126309044765088e-16,30.167242555033511,32.932809238739608,1.6841516620123134,2.5499999949893306
1115,48560,171327,4,1.4162286058202359e-15,0.00039893763544231929,2.1137767126322236e-16,2.8423375770339683e-07,3.0150533401234979e-16,30.17149545352536,32.938507516018632,1.6838457932102782,2.5499999949030467
1116,48576,171391,4,1.4162286058202359e-15,0.00039893763544231929,2.1137767126322236e-16,2.8488999790446585e-07,3.018329080814736e-16,30.175750951384181,32.94419992709085,1.6835401205758922,2.5499999948154275
1117,48592,171455,4,1.4162286058202359e-15,0.00039893763544231929,2.1137767126322236e-16,2.8554544152051471e-07,3.018928195324699e-16,30.180009047799661,32.949886647166991,1.6832346438931951,2.5499999947264809
1118,48608,171519,4,1.4162286058202359e-15,0.00039893763544231929,2.1137767126322236e-16,2.8620206064070204e-07,3.0210231791184998e-16,30.184269742249455,32.95556784302822,1.6829293629438447,2.5499999946361593
1119,48624,171583,4,1.4162286058202359e-15,0.00039893763544231929,2.1137767126322236e-16,2.868534759790395e-07,3.0216576742112132e-16,30.188533034499343,32.961243673619308,1.6826242775073861,2.5499999945444589
1120,48640,171647,4,1.4162286058202359e-15,0.00039893763544231929,2.1137767126322236e-16,2.8751175180177975e-07,3.0278890718518073e-16,30.192798924602808,32.966914290586288,1.6823193873614279,2.5499999944513436
1121,48656,171711,4,1.4162286058202359e-15,0.00039893763544231929,2.1137767126322236e-16,2.8816860706640441e-07,3.0310516955942788e-16,30.197067412899827,32.97257983876554,1.6820146922818058,2.5499999943568095
1122,48672,171775,4,1.4162286058202359e-15,0.00039893763544231929,2.1137767126322236e-16,2.8882620173956348e-07,3.0323740678805367e-16,30.2013385000154,32.97824045663009,1.6817101920426927,2.5499999942608262
1123,48688,171839,4,1.4162286058202359e-15,0.00039893763544231929,2.1137767126322236e-16,2.8948158332190084e-07,3.0335872130348585e-16,30.205612186856953,32.983896276697443,1.6814058864168282,2.5499999941634224
1124,48704,171903,4,1.4162286058202359e-15,0.00039893763544231929,2.1137767126322236e-16,2.9013766140265269e-07,3.0377709684960598e-16,30.209888474611759,32.989547425902551,1.6811017751755617,2.5499999940645055
1125,48720,171967,4,1.4162286058202359e-15,0.00039893763544231929,2.1137767126322236e-16,2.9079450165151095e-07,3.0407096847864709e-16,30.21416736474286,32.995194025940627,1.6807978580890062,2.5499999939640889
1126,48736,172031,4,1.4162286058202359e-15,0.00039893763544231929,2.1137767126322236e-16,2.9145005781641893e-07,3.0442898568944499e-16,30.218448858985372,33.000836193582089,1.6804941349261664,2.5499999938621487
1127,48752,172095,4,1.4162286058202359e-15,0.00039893763544231929,2.1137767126322236e-16,2.9210505320767717e-07,3.0476451806324217e-16,30.222732959341123,33.006474040962459,1.6801906054549587,2.5499999937586861
1128,48768,172159,4,1.4162286058202359e-15,0.00039893763544231929,2.1137767126322236e-16,2.927618977031385e-07,3.050795373918238e-16,30.227019668073421,33.012107675849897,1.6798872694424098,2.5499999936536377
1129,48784,172223,4,1.4162286058202359e-15,0.00039893763544231929,2.1137767126322236e-16,2.9341647479011663e-07,3.053153456981522e-16,30.231308987700757,33.017737201892956,1.6795841266546587,2.5499999935470199
1130,48800,172287,4,1.4162286058202359e-15,0.00039893763544231929,2.1137767126322236e-16,2.9406895272291096e-07,3.0541777898892225e-16,30.235600920990027,33.023362718848766,1.6792811768570541,2.549999993438802
1131,48816,172351,4,1.4162286058202359e-15,0.00039893763544231929,2.1137767126322236e-16,2.9472791022258833e-07,3.0561117691806444e-16,30.239895470949161,33.028984322795949,1.6789784198142665,2.5499999933289765
1132,48832,172415,4,1.4162286058202359e-15,0.00039893763544231929,2.1137767126322236e-16,2.9538165092305086e-07,3.0580857633341986e-16,30.244192640819204,33.034602106331043,1.67867585529031,2.5499999932174848
1133,48848,172479,4,1.4162286058202359e-15,0.00039893763544231929,2.1137767126322236e-16,2.9603637972200532e-07,3.0597757781116573e-16,30.248492434065579,33.040216158752003,1.6783734830485948,2.5499999931043327
1134,48864,172543,4,1.4162286058202359e-15,0.00039893763544231929,2.1137767126322236e-16,2.9669262391987723e-07,3.0606835798826128e-16,30.252794854369267,33.045826566228712,1.6780713028520433,2.5499999929895107
1135,48880,172607,4,1.4162286058202359e-15,0.00039893763544231929,2.1137767126322236e-16,2.9735211982221039e-07,3.0625108259916455e-16,30.257099905617039,33.051433411961476,1.6777693144630774,2.5499999928729871
1136,48896,172671,4,1.4162286058202359e-15,0.00039893763544231929,2.1137767126322236e-16,2.9800555934692192e-07,3.0638548145752609e-16,30.261407591891569,33.057036776329937,1.6774675176437344,2.5499999927547314
1137,48912,172735,4,1.4162286058202359e-15,0.00039893763544231929,2.1137767126322236e-16,2.9866683385429611e-07,3.065057729573357e-16,30.265717917460943,33.062636737031369,1.6771659121556448,2.5499999926347132
1138,48928,172799,4,1.4162286058202359e-15,0.00039893763544231929,2.1137767126322236e-16,2.993215904920929e-07,3.0665545356392385e-16,30.270030886767756,33.068233369210226,1.6768644977601226,2.5499999925129062
1139,48944,172863,4,1.4162286058202359e-15,0.00039893763544231929,2.1137767126322236e-16,2.9997724632727292e-07,3.0707028443432404e-16,30.274346504418123,33.073826745579822,1.6765632742182273,2.5499999923893064
1140,48960,172927,4,1.4162286058202359e-15,0.00039893763544231929,2.1137767126322236e-16,3.0063477327682748e-07,3.0723748348551515e-16,30.27866477516999,33.079416936536248,1.6762622412907315,2.5499999922638961
1141,48976,172991,4,1.4162286058202359e-15,0.00039893763544231929,2.1137767126322236e-16,3.0129212250743138e-07,3.0744998908001217e-16,30.282985703921508,33.085044139641148,1.6759614495814725,2.5499999921366254
1142,48992,173055,4,1.4162286058202359e-15,0.00039893763544231929,2.1137767126322236e-16,3.0194952447362895e-07,3.0770747386108767e-16,30.287309295699085,33.090699715113267,1.675660888187622,2.5499999920074812
1143,49008,173119,4,1.4162286058202359e-15,0.00039893763544231929,2.1137767126322236e-16,3.0260728631861995e-07,3.081314370122456e-16,30.291635555645207,33.096372697413365,1.6753605429584015,2.5499999918764433
1144,49024,173183,4,1.4162286058202359e-15,0.00039893763544231929,2.1137767126322236e-16,3.032645838128309e-07,3.0857078717036309e-16,30.295964489006334,33.102059102395167,1.6750604085508081,2.5499999917435017
1145,49040,173247,4,1.4162286058202359e-15,0.00039893763544231929,2.1137767126322236e-16,3.0392047593122613e-07,3.0878771818113727e-16,30.30029610112037,33.107756645066196,1.6747604817659842,2.5499999916086185
1146,49056,173311,4,1.4162286058202359e-15,0.00039893763544231929,2.1137767126322236e-16,3.0458144490522394e-07,3.0896544393280372e-16,30.304630397404431,33.113463799917859,1.6744607603646593,2.5499999914717555
1147,49072,173375,4,1.4162286058202359e-15,0.00039893763544231929,2.1137767126322236e-16,3.0523869843460312e-07,3.092181325138925e-16,30.308967383342367,33.119179460511219,1.6741612426380508,2.5499999913329132
1148,49088,173439,4,1.4162286058202359e-15,0.00039893763544231929,2.1137767126322236e-16,3.0590155018031724e-07,3.0928577417450825e-16,30.313307064472568,33.124902780747298,1.6738619272076345,2.5499999911920463
1149,49104,173503,4,1.4162286058202359e-15,0.00039893763544231929,2.1137767126322236e-16,3.0656037384260899e-07,3.095619195298175e-16,30.317649446375444,33.130633089280543,1.6735628129172437,2.5499999910491518
1150,49120,173567,4,1.4162286058202359e-15,0.00039893763544231929,2.1137767126322236e-16,3.0722087544046901e-07,3.0974458499730697e-16,30.321994534661528,33.13636983868988,1.6732638987689326,2.5499999909041793
1151,49136,173631,4,1.4162286058202359e-15,0.00039893763544231929,2.1137767126322236e-16,3.0788182398636317e-07,3.1005906583130983e-16,30.326342334959136,33.142112573119462,1.6729651838821054,2.5499999907571107
1152,49152,173695,4,1.4162286058202359e-15,0.00039893763544231929,2.1137767126322236e-16,3.0853934957589453e-07,3.1006950340307418e-16,30.330692852902903,33.147860906564738,1.6726666674660722,2.5499999906079109
1153,49168,173759,4,1.4162286058202359e-15,0.00039893763544231929,2.1137767126322236e-16,3.0919334351822898e-07,3.1038181805784791e-16,30.335046094121726,33.153614507686768,1.6723683488009,2.5499999904565889
1154,49184,173823,4,1.4162286058202359e-15,0.00039893763544231929,2.1137767126322236e-16,3.0985166369437906e-07,3.1053239119231701e-16,30.33940206422751,33.159373088832709,1.6720702272234722,2.5499999903030663
1155,49200,173887,4,1.4162286058202359e-15,0.00039893763544231929,2.1137767126322236e-16,3.1051046048927362e-07,3.1048193152059005e-16,30.343760768804017,33.165136397875024,1.6717723021171484,2.5499999901473589
1156,49216,173951,4,1.4162286058202359e-15,0.00039893763544231929,2.1137767126322236e-16,3.111703798029128e-07,3.1099111950384963e-16,30.348122213395772,33.170904212005574,1.6714745729039266,2.5499999899894013
1157,49232,174015,4,1.4162286058202359e-15,0.00039893763544231929,2.1137767126322236e-16,3.1182920884978622e-07,3.1134118854293666e-16,30.352486403497668,33.176676332921275,1.6711770390383329,2.5499999898292014
1158,49248,174079,4,1.4162286058202359e-15,0.00039893763544231929,2.1137767126322236e-16,3.124890809234357e-07,3.1169427472330799e-16,30.356853344544454,33.182452583026645,1.6708797000025419,2.5499999896666945
1159,49264,174143,4,1.4162286058202359e-15,0.00039893763544231929,2.1137767126322236e-16,3.1314584423383835e-07,3.1202535397027749e-16,30.361223041900796,33.188232802393443,1.6705825553025353,2.5499999895018757
1160,49280,174207,4,1.4162286058202359e-15,0.00039893763544231929,2.1137767126322236e-16,3.1380786547721891e-07,3.1240808485623664e-16,30.365595500851704,33.194016846295206,1.6702856044649779,2.5499999893347325
1161,49296,174271,4,1.4162286058202359e-15,0.00039893763544231929,2.1137767126322236e-16,3.1446608473409605e-07,3.1262549439099518e-16,30.36997072659311,33.199804583184324,1.6699888470345801,2.5499999891652112
1162,49312,174335,4,1.4162286058202359e-15,0.00039893763544231929,2.1137767126322236e-16,3.1512561236105214e-07,3.1299223670289429e-16,30.374348724222919,33.205595893015982,1.6696922825720277,2.549999988993275
1163,49328,174399,4,1.4162286058202359e-15,0.00039893763544231929,2.1137767126322236e-16,3.1578791932032808e-07,3.1334052895802556e-16,30.378729498732564,33.211390665846139,1.6693959106520713,2.5499999888189055
1164,49344,174463,4,1.4162286058202359e-15,0.00039893763544231929,2.1137767126322236e-16,3.16445472276857e-07,3.1376869811580317e-16,30.383113054998692,33.217188800649147,1.6690997308620779,2.5499999886421083
1165,49360,174527,4,1.4162286058202359e-15,0.00039893763544231929,2.1137767126322236e-16,3.1710443743707324e-07,3.1395339906798498e-16,30.38749939777524,33.222990204313191,1.6688037428007583,2.5499999884628033
1166,49376,174591,4,1.4162286058202359e-15,0.00039893763544231929,2.1137767126322236e-16,3.1776566134603308e-07,3.1415830411342356e-16,30.391888531686241,33.228794790781357,1.6685079460770074,2.5499999882809594
1167,49392,174655,4,1.4162286058202359e-15,0.00039893763544231929,2.1137767126322236e-16,3.1842736148515933e-07,3.1447105531276557e-16,30.39628046121868,33.234602480311622,1.6682123403089075,2.5499999880965731
1168,49408,174719,4,1.4162286058202359e-15,0.00039893763544231929,2.1137767126322236e-16,3.1909261678045504e-07,3.1472276906150244e-16,30.400675190715564,33.240413198836727,1.6679169251229979,2.5499999879096142
1169,49424,174783,4,1.4162286058202359e-15,0.00039893763544231929,2.1137767126322236e-16,3.1975241266504946e-07,3.1509014933644899e-16,30.405072724370012,33.246226877406919,1.6676217001534859,2.5499999877200228
1170,49440,174847,4,1.4162286058202359e-15,0.00039893763544231929,2.1137767126322236e-16,3.2041355810899703e-07,3.1540710282009792e-16,30.409473066219132,33.25204345170269,1.6673266650415868,2.5499999875277926
1171,49456,174911,4,1.4162286058202359e-15,0.00039893763544231929,2.1137767126322236e-16,3.2107673548312428e-07,3.1558955756332635e-16,30.413876220138629,33.257862861606576,1.6670318194349998,2.5499999873328716
1172,49472,174975,4,1.4162286058202359e-15,0.00039893763544231929,2.1137767126322236e-16,3.2174237225105124e-07,3.1586355307622357e-16,30.418282189837488,33.263685050825764,1.6667371629874155,2.5499999871352634
1173,49488,175039,4,1.4162286058202359e-15,0.00039893763544231929,2.1137767126322236e-16,3.2240148637544181e-07,3.1598263937388068e-16,30.422690978853449,33.269509966557472,1.6664426953580356,2.5499999869348864
1174,49504,175103,4,1.4162286058202359e-15,0.00039893763544231929,2.1137767126322236e-16,3.2306370321236373e-07,3.161842425211091e-16,30.4271025905485,33.275337559192003,1.6661484162112383,2.5499999867317262
1175,49520,175167,4,1.4162286058202359e-15,0.00039893763544231929,2.1137767126322236e-16,3.2372542949724221e-07,3.1654488954586946e-16,30.431517028105041,33.281167782047476,1.6658543252161191,2.5499999865257617
1176,49536,175231,4,1.4162286058202359e-15,0.00039893763544231929,2.1137767126322236e-16,3.2438440834095723e-07,3.1692662740150324e-16,30.435934294522095,33.287000591132781,1.6655604220462945,2.549999986316942
1177,49552,175295,4,1.4162286058202359e-15,0.00039893763544231929,2.1137767126322236e-16,3.2504452979845362e-07,3.1726082511938207e-16,30.440354392612278,33.292835944934787,1.6652667063795412,2.549999986105234
1178,49568,175359,4,1.4162286058202359e-15,0.00039893763544231929,2.1137767126322236e-16,3.2570430519943323e-07,3.1761983577409565e-16,30.444777324998899,33.298673804226773,1.6649731778975374,2.549999985890631
1179,49584,175423,4,1.4162286058202359e-15,0.00039893763544231929,2.1137767126322236e-16,3.2636404709943307e-07,3.1797763895191006e-16,30.449203094113585,33.304514131895921,1.6646798362856867,2.5499999856730722
1180,49600,175487,4,1.4162286058202359e-15,0.00039893763544231929,2.1137767126322236e-16,3.2702453110025815e-07,3.1809443106413826e-16,30.453631702194038,33.310356892786544,1.6643866812328434,2.5499999854525432
1181,49616,175551,4,1.4162286058202359e-15,0.00039893763544231929,2.1137767126322236e-16,3.2768722799761591e-07,3.1836380491215799e-16,30.458063151282648,33.316202053558818,1.664093712431131,2.5499999852289705
1182,49632,175615,4,1.4162286058202359e-15,0.00039893763544231929,2.1137767126322236e-16,3.28350632523374e-07,3.1861613573763183e-16,30.462497443225057,33.322049582559849,1.6638009295757872,2.5499999850023518
1183,49648,175679,4,1.4162286058202359e-15,0.00039893763544231929,2.1137767126322236e-16,3.290102509665735e-07,3.1883775107221489e-16,30.46693457966925,33.327899449706187,1.663508332364984,2.5499999847726387
1184,49664,175743,4,1.4162286058202359e-15,0.00039893763544231929,2.1137767126322236e-16,3.2967401650910362e-07,3.18862168823512e-16,30.471374562064952,33.333751626377143,1.663215920499681,2.5499999845398036
1185,49680,175807,4,1.4162286058202359e-15,0.00039893763544231929,2.1137767126322236e-16,3.3033312919020425e-07,3.1923598022092599e-16,30.475817391663583,33.339606085316618,1.6629236936835006,2.5499999843038048
1186,49696,175871,4,1.4162286058202359e-15,0.00039893763544231929,2.1137767126322236e-16,3.3099731706157294e-07,3.1942648115676787e-16,30.48026306951849,33.345462800543785,1.6626316516225663,2.5499999840645997
1187,49712,175935,4,1.4162286058202359e-15,0.00039893763544231929,2.1137767126322236e-16,3.3166250091401701e-07,3.1969146184855433e-16,30.484711596485514,33.351321747270354,1.6623397940254443,2.5499999838221457
1188,49728,175999,4,1.4162286058202359e-15,0.00039893763544231929,2.1137767126322236e-16,3.3232545027609057e-07,3.1995483388084453e-16,30.48916297322377,33.357182901825325,1.6620481206029738,2.5499999835764178
1189,49744,176063,4,1.4162286058202359e-15,0.00039893763544231929,2.1137767126322236e-16,3.3299464550310049e-07,3.2023193731809827e-16,30.493617200197026,33.363046241585387,1.6617566310682226,2.5499999833273699
1190,49760,176127,4,1.4162286058202359e-15,0.00039893763544231929,2.1137767126322236e-16,3.3365958080436493e-07,3.2046079648010061e-16,30.498074277675425,33.368911744910328,1.6614653251363387,2.5499999830749425
1191,49776,176191,4,1.4162286058202359e-15,0.00039893763544231929,2.1137767126322236e-16,3.3432448832229817e-07,3.2076889913119523e-16,30.50253420573728,33.37477939108431,1.6611742025245173,2.5499999828191555
1192,49792,176255,4,1.4162286058202359e-15,0.00039893763544231929,2.1137767126322236e-16,3.349827325314378e-07,3.2113469514847358e-16,30.506996984271296,33.380649160260567,1.6608832629518908,2.549999982559918
1193,49808,176319,4,1.4162286058202359e-15,0.00039893763544231929,2.1137767126322236e-16,3.3565007143779497e-07,3.2155965525906479e-16,30.511462612979269,33.386521033410766,1.6605925061394611,2.5499999822971997
1194,49824,176383,4,1.4162286058202359e-15,0.00039893763544231929,2.1137767126322236e-16,3.363116477592984e-07,3.2193482592102036e-16,30.5159310913787,33.392394992278341,1.6603019318100274,2.5499999820309602
1195,49840,176447,4,1.4162286058202359e-15,0.00039893763544231929,2.1137767126322236e-16,3.3697527777135279e-07,3.2217569367756544e-16,30.520402418806174,33.398271019334047,1.6600115396881263,2.5499999817611916
1196,49856,176511,4,1.4162286058202359e-15,0.00039893763544231929,2.1137767126322236e-16,3.3763992449789755e-07,3.2269997605264288e-16,30.524876594420416,33.404149097736088,1.6597213294999626,2.5499999814877983
1197,49872,176575,4,1.4162286058202359e-15,0.00039893763544231929,2.1137767126322236e-16,3.38310383713821e-07,3.2301767813474617e-16,30.529353617206159,33.410029211291757,1.6594313009733763,2.5499999812107745
1198,49888,176639,4,1.4162286058202359e-15,0.00039893763544231929,2.1137767126322236e-16,3.3897410706787618e-07,3.2341392970140781e-16,30.533833485977706,33.415911344422426,1.6591414538377682,2.5499999809300542
1199,49904,176703,4,1.4162286058202359e-15,0.00039893763544231929,2.1137767126322236e-16,3.3963800991723887e-07,3.2352774768574358e-16,30.538316199382987,33.421795482130761,1.6588517878240385,2.5499999806456262
1200,49920,176767,4,1.4162286058202359e-15,0.00039893763544231929,2.1137767126322236e-16,3.4030038940183389e-07,3.2390351743325779e-16,30.54280175590792,33.427681609970037,1.6585623026645573,2.5499999803574149
1201,49936,176831,4,1.4162286058202359e-15,0.00039893763544231929,2.1137767126322236e-16,3.4096716684065194e-07,3.2404287006951276e-16,30.547290153880432,33.433493432048216,1.6582729423263884,2.5499999800654121
1202,49952,176895,4,1.4162286058202359e-15,0.00039893763544231929,2.1137767126322236e-16,3.4162841772803127e-07,3.2458085324387107e-16,30.551781391475316,33.439247483906108,1.6579837182412744,2.5499999797695496
1203,49968,176959,4,1.4162286058202359e-15,0.00039893763544231929,2.1137767126322236e-16,3.4229316312564735e-07,3.2479961335777475e-16,30.556275466718528,33.444964718758804,1.6576946454041801,2.5499999794697845
1204,49984,177023,4,1.4162286058202359e-15,0.00039893763544231929,2.1137767126322236e-16,3.4295649218399533e-07,3.2488929545260714e-16,30.560772377491979,33.450652815668903,1.6574057291503517,2.5499999791660657
1205,50000,177087,4,1.4162286058202359e-15,0.00039893763544231929,2.1137767126322236e-16,3.4362024698511768e-07,3.2534422473038145e-16,30.565272121538516,33.456316220696955,1.6571169724643922,2.5499999788583598
1206,50016,177151,4,1.4162286058202359e-15,0.00039893763544231929,2.1137767126322236e-16,3.4428433515845875e-07,3.255220193448339e-16,30.569774696466666,33.461957933250403,1.6568283772795172,2.5499999785466212
1207,50032,177215,4,1.4162286058202359e-15,0.00039893763544231929,2.1137767126322236e-16,3.4494968165857593e-07,3.258255048805444e-16,30.574280099755669,33.467580153299437,1.6565399449482567,2.5499999782308018
1208,50048,177279,4,1.4162286058202359e-15,0.00039893763544231929,2.1137767126322236e-16,3.4561354695464481e-07,3.2609424655578099e-16,30.578788328760208,33.473184583221595,1.6562516764620496,2.5499999779108591
1209,50064,177343,4,1.4162286058202359e-15,0.00039893763544231929,2.1137767126322236e-16,3.4627363557729525e-07,3.2610405071399127e-16,30.583299380715872,33.478772590602993,1.6559635725695567,2.5499999775867455
1210,50080,177407,4,1.4162286058202359e-15,0.00039893763544231929,2.1137767126322236e-16,3.4693671336441718e-07,3.2602669319669562e-16,30.5878132527437,33.484345304962567,1.6556756338470782,2.549999977258421
1211,50096,177471,4,1.4162286058202359e-15,0.00039893763544231929,2.1137767126322236e-16,3.476012105716761e-07,3.2623044018927662e-16,30.592329941855557,33.489903679361568,1.6553878607433232,2.5499999769258159
1212,50112,177535,4,1.4162286058202359e-15,0.00039893763544231929,2.1137767126322236e-16,3.4826651133060467e-07,3.2661735102566616e-16,30.596849444959009,33.495448531772965,1.6551002536095138,2.5499999765889085
1213,50128,177599,4,1.4162286058202359e-15,0.00039893763544231929,2.1137767126322236e-16,3.4892445788895139e-07,3.2685195330266145e-16,30.601371758862225,33.500980574035481,1.6548128127204127,2.5499999762476246
1214,50144,177663,4,1.4162286058202359e-15,0.00039893763544231929,2.1137767126322236e-16,3.4959154122196829e-07,3.2720473611454312e-16,30.605896880279143,33.506500432809204,1.6545255382895978,2.5499999759019381
1215,50160,177727,4,1.4162286058202359e-15,0.00039893763544231929,2.1137767126322236e-16,3.5025381573497634e-07,3.2760729079747241e-16,30.610424805834111,33.512008665166817,1.6542384304807665,2.5499999755517937
1216,50176,177791,4,1.4162286058202359e-15,0.00039893763544231929,2.1137767126322236e-16,3.5091534737000303e-07,3.2798445310354786e-16,30.61495553206689,33.517505770467679,1.6539514894163936,2.5499999751971241
1217,50192,177855,4,1.4162286058202359e-15,0.00039893763544231929,2.1137767126322236e-16,3.5158083717215711e-07,3.2816065187980354e-16,30.619489055437473,33.522992199580088,1.6536647151843884,2.549999974837903
1218,50208,177919,4,1.4162286058202359e-15,0.00039893763544231929,2.1137767126322236e-16,3.5224950265625083e-07,3.2834443590227634e-16,30.624025372330596,33.528468362168852,1.6533781078434191,2.5499999744740607
1219,50224,177983,4,1.4162286058202359e-15,0.00039893763544231929,2.1137767126322236e-16,3.529192564919756e-07,3.2868463998537807e-16,30.628564479060422,33.533934632540145,1.6530916674271789,2.5499999741055555
1220,50240,178047,4,1.4162286058202359e-15,0.00039893763544231929,2.1137767126322236e-16,3.5358348063988161e-07,3.2917657980529984e-16,30.633106371875147,33.53939135439024,1.6528053939477787,2.5499999737323344
1221,50256,178111,4,1.4162286058202359e-15,0.00039893763544231929,2.1137767126322236e-16,3.5424878972548286e-07,3.2961593161777855e-16,30.637651046961214,33.544838844710192,1.6525192873986101,2.5499999733543426
1222,50272,178175,4,1.4162286058202359e-15,0.00039893763544231929,2.1137767126322236e-16,3.5491419595559877e-07,3.2997688986924439e-16,30.642198500448146,33.550277397028552,1.6522333477567173,2.5499999729715395
1223,50288,178239,4,1.4162286058202359e-15,0.00039893763544231929,2.1137767126322236e-16,3.5557631997787582e-07,3.3047861999210118e-16,30.646748728412106,33.555707284130655,1.6519475749847148,2.5499999725838545
1224,50304,178303,4,1.4162286058202359e-15,0.00039893763544231929,2.1137767126322236e-16,3.5624311404228366e-07,3.3079753761611463e-16,30.651301726880448,33.561128760357889,1.6516619690325116,2.5499999721912556
1225,50320,178367,4,1.4162286058202359e-15,0.00039893763544231929,2.1137767126322236e-16,3.5690726533180368e-07,3.3091494390994765e-16,30.655857491835608,33.566542063565983,1.6513765298386864,2.5499999717936568
1226,50336,178431,4,1.4162286058202359e-15,0.00039893763544231929,2.1137767126322236e-16,3.5757357378466055e-07,3.3114801073293089e-16,30.660416019218953,33.571947416806324,1.6510912573317467,2.5499999713910331
1227,50352,178495,4,1.4162286058202359e-15,0.00039893763544231929,2.1137767126322236e-16,3.5824240896634358e-07,3.3136470000017105e-16,30.664977304934641,33.577345029776595,1.6508061514311176,2.549999970983321
1228,50368,178559,4,1.4162286058202359e-15,0.00039893763544231929,2.1137767126322236e-16,3.5890947739461638e-07,3.3167859560389053e-16,30.669541344853148,33.582735100081351,1.6505212120481121,2.549999970570465
1229,50384,178623,4,1.4162286058202359e-15,0.00039893763544231929,2.1137767126322236e-16,3.5957831626779098e-07,3.3182887033295365e-16,30.674108134814929,33.588117814332833,1.6502364390866799,2.5499999701523794
1230,50400,178687,4,1.4162286058202359e-15,0.00039893763544231929,2.1137767126322236e-16,3.602463689087751e-07,3.3204516751658346e-16,30.67867767063364,33.593493349116628,1.6499518324441302,2.5499999697290594
1231,50416,178751,4,1.4162286058202359e-15,0.00039893763544231929,2.1137767126322236e-16,3.6090948166792232e-07,3.3227351713532847e-16,30.683249948099441,33.598861871844051,1.6496673920117635,2.5499999693004241
1232,50432,178815,4,1.4162286058202359e-15,0.00039893763544231929,2.1137767126322236e-16,3.6157893851898799e-07,3.3261754051811351e-16,30.687824962982223,33.604223541505505,1.6493831176753491,2.549999968866413
1233,50448,178879,4,1.4162286058202359e-15,0.00039893763544231929,2.1137767126322236e-16,3.6224471831139611e-07,3.3288103311197799e-16,30.692402711034362,33.609578509342093,1.6490990093156868,2.5499999684269614
1234,50464,178943,4,1.4162286058202359e-15,0.00039893763544231929,2.1137767126322236e-16,3.6291307579186722e-07,3.3293778886893739e-16,30.696983187993695,33.614926919443512,1.6488150668089765,2.549999967982024
1235,50480,179007,4,1.4162286058202359e-15,0.00039893763544231929,2.1137767126322236e-16,3.6358066119549144e-07,3.3321127235703544e-16,30.701566389585984,33.620268909284398,1.6485312900272244,2.549999967531527
1236,50496,179071,4,1.4162286058202359e-15,0.00039893763544231929,2.1137767126322236e-16,3.6424595762455021e-07,3.3322650736955744e-16,30.706152311527298,33.625604610205976,1.6482476788386105,2.5499999670754323
1237,50512,179135,4,1.4162286058202359e-15,0.00039893763544231929,2.1137767126322236e-16,3.6491370295580112e-07,3.3347429304436046e-16,30.710740949526603,33.630934147850809,1.6479642331077606,2.5499999666136617
1238,50528,179199,4,1.4162286058202359e-15,0.00039893763544231929,2.1137767126322236e-16,3.6558051483928851e-07,3.3375756745577899e-16,30.715332299287354,33.636257642554817,1.6476809526960441,2.5499999661461512
1239,50544,179263,4,1.4162286058202359e-15,0.00039893763544231929,2.1137767126322236e-16,3.6624791991493795e-07,3.3406164194408563e-16,30.719926356509468,33.641575209703682,1.6473978374618328,2.5499999656728565
1240,50560,179327,4,1.4162286058202359e-15,0.00039893763544231929,2.1137767126322236e-16,3.6691714023298823e-07,3.3426597499413062e-16,30.724523116890893,33.646886960056413,1.6471148872607249,2.5499999651937042
1241,50576,179391,4,1.4162286058202359e-15,0.00039893763544231929,2.1137767126322236e-16,3.6757928379519051e-07,3.346184951761678e-16,30.729122576128955,33.652193000039937,1.6468321019457615,2.5499999647086335
1242,50592,179455,4,1.4162286058202359e-15,0.00039893763544231929,2.1137767126322236e-16,3.682415895609767e-07,3.3490514717282254e-16,30.733724729921157,33.657493432018939,1.6465494813676187,2.5499999642175935
1243,50608,179519,4,1.4162286058202359e-15,0.00039893763544231929,2.1137767126322236e-16,3.6890776695200551e-07,3.3518348310918898e-16,30.73832957396613,33.662788354542215,1.6462670253747456,2.5499999637205044
1244,50624,179583,4,1.4162286058202359e-15,0.00039893763544231929,2.1137767126322236e-16,3.6957552546715484e-07,3.3555554005652375e-16,30.742937103964078,33.668077862569071,1.645984733813602,2.5499999632173216
1245,50640,179647,4,1.4162286058202359e-15,0.00039893763544231929,2.1137767126322236e-16,3.702364087874463e-07,3.3576022507191938e-16,30.747547315616824,33.673362047677067,1.6457026065287361,2.5499999627079455
1246,50656,179711,4,1.4162286058202359e-15,0.00039893763544231929,2.1137767126322236e-16,3.7090291927313808e-07,3.3601978462876632e-16,30.752160204627735,33.678640998253911,1.6454206433629586,2.5499999621923473
1247,50672,179775,4,1.4162286058202359e-15,0.00039893763544231929,2.1137767126322236e-16,3.7156851171541079e-07,3.3645337926418167e-16,30.756775766701089,33.683914799674191,1.6451388441574053,2.5499999616704487
1248,50688,179839,4,1.4162286058202359e-15,0.00039893763544231929,2.1137767126322236e-16,3.7223688554391594e-07,3.3701081276346355e-16,30.761393997541543,33.689183534462849,1.644857208751763,2.5499999611421642
1249,50704,179903,4,1.4162286058202359e-15,0.00039893763544231929,2.1137767126322236e-16,3.7290571597939555e-07,3.3733218359837867e-16,30.766014892852798,33.694447282446745,1.6445757369842886,2.5499999606074479
1250,50720,179967,4,1.4162286058202359e-15,0.00039893763544231929,2.1137767126322236e-16,3.7357098959337116e-07,3.3764067254281935e-16,30.770638448336342,33.699706120894405,1.6442944286919068,2.5499999600662333
1251,50736,180031,4,1.4162286058202359e-15,0.00039893763544231929,2.1137767126322236e-16,3.7424150418166797e-07,3.3770671298856436e-16,30.775264659689668,33.704960124647407,1.6440132837103527,2.5499999595184453
1252,50752,180095,4,1.4162286058202359e-15,0.00039893763544231929,2.1137767126322236e-16,3.7490855190428136e-07,3.3781333967144974e-16,30.779893522604162,33.710209366240932,1.6437323018742187,2.5499999589640256
1253,50768,180159,4,1.4162286058202359e-15,0.00039893763544231929,2.1137767126322236e-16,3.7557469088159352e-07,3.3809117495675043e-16,30.784525032763035,33.715453916017417,1.6434514830170308,2.5499999584028989
1254,50784,180223,4,1.4162286058202359e-15,0.00039893763544231929,2.1137767126322236e-16,3.7624394425653436e-07,3.3841333492196992e-16,30.789159185838439,33.720693842231697,1.6431708269713556,2.549999957834995
1255,50800,180287,4,1.4162286058202359e-15,0.00039893763544231929,2.1137767126322236e-16,3.7691564608957813e-07,3.3881241110362828e-16,30.793795977488788,33.725929211149598,1.6428903335688383,2.5499999572602068
1256,50816,180351,4,1.4162286058202359e-15,0.00039893763544231929,2.1137767126322236e-16,3.7758491617337548e-07,3.3895642965892351e-16,30.798435403355796,33.73116008714036,1.6426100026402681,2.5499999566785236
1257,50832,180415,4,1.4162286058202359e-15,0.00039893763544231929,2.1137767126322236e-16,3.782537741423861e-07,3.3918742501485777e-16,30.803077459061065,33.736386532762715,1.6423298340156729,2.5499999560898527
1258,50848,180479,4,1.4162286058202359e-15,0.00039893763544231929,2.1137767126322236e-16,3.7892554744603708e-07,3.3957966165362122e-16,30.807722140202376,33.74160860884605,1.6420498275243032,2.5499999554941173
1259,50864,180543,4,1.4162286058202359e-15,0.00039893763544231929,2.1137767126322236e-16,3.7959260763090392e-07,3.397134792108073e-16,30.812369442350324,33.746826374566346,1.6417699829947516,2.5499999548912196
1260,50880,180607,4,1.4162286058202359e-15,0.00039893763544231929,2.1137767126322236e-16,3.8026458330045671e-07,3.4001739446684602e-16,30.817019361044299,33.752039887517391,1.6414903002549834,2.5499999542811138
1261,50896,180671,4,1.4162286058202359e-15,0.00039893763544231929,2.1137767126322236e-16,3.8093589863711004e-07,3.4044471762565214e-16,30.821671891788426,33.757386945150778,1.6412107951099908,2.5499999536637428
1262,50912,180735,4,1.4162286058202359e-15,0.00039893763544231929,2.1137767126322236e-16,3.8160117180699644e-07,3.4070388427170812e-16,30.826327030047594,33.762837719829541,1.6409314640352504,2.5499999530389976
1263,50928,180799,4,1.4162286058202359e-15,0.00039893763544231929,2.1137767126322236e-16,3.8227133409377196e-07,3.4105218728018735e-16,30.830984771243148,33.768354406436131,1.6406523024853015,2.5499999524068104
1264,50944,180863,4,1.4162286058202359e-15,0.00039893763544231929,2.1137767126322236e-16,3.8293879864961995e-07,3.4129497843845177e-16,30.835645110748729,33.773923168290715,1.6403733086822607,2.5499999517671244
1265,50960,180927,4,1.4162286058202359e-15,0.00039893763544231929,2.1137767126322236e-16,3.8360487453850873e-07,3.4153816085314593e-16,30.840308043885834,33.779536005988071,1.6400944815216798,2.5499999511198577
1266,50976,180991,4,1.4162286058202359e-15,0.00039893763544231929,2.1137767126322236e-16,3.8427305035873744e-07,3.4173289964206107e-16,30.844973565919378,33.785187531822757,1.6398158202002731,2.5499999504649056
1267,50992,181055,4,1.4162286058202359e-15,0.00039893763544231929,2.1137767126322236e-16,3.8494026716831748e-07,3.4188368970464581e-16,30.84964167205349,33.790873801132349,1.6395373240811206,2.5499999498022143
1268,51008,181119,4,1.4162286058202359e-15,0.00039893763544231929,2.1137767126322236e-16,3.8561352944757794e-07,3.4208197771877427e-16,30.854312357427101,33.796591767272275,1.6392589926307883,2.5499999491317018
1269,51024,181183,4,1.4162286058202359e-15,0.00039893763544231929,2.1137767126322236e-16,3.8628711990876448e-07,3.4240664093932251e-16,30.858985617109635,33.802338987659134,1.6389808253853972,2.5499999484532769
1270,51040,181247,4,1.4162286058202359e-15,0.00039893763544231929,2.1137767126322236e-16,3.8696035423816029e-07,3.4266518968146091e-16,30.863661446096451,33.808113449128939,1.6387028219305124,2.5499999477668922
1271,51056,181311,4,1.4162286058202359e-15,0.00039893763544231929,2.1137767126322236e-16,3.8762985114052157e-07,3.431978902736323e-16,30.868339839305186,33.813913456699503,1.6384249818882806,2.5499999470724068
1272,51072,181375,4,1.4162286058202359e-15,0.00039893763544231929,2.1137767126322236e-16,3.8830230748113288e-07,3.4351538225186001e-16,30.873020791570976,33.819737558881364,1.6381473049088899,2.5499999463698071
1273,51088,181439,4,1.4162286058202359e-15,0.00039893763544231929,2.1137767126322236e-16,3.8897485963399121e-07,3.439624094732426e-16,30.87770429764312,33.825584495405508,1.6378697906645046,2.5499999456590019
1274,51104,181503,4,1.4162286058202359e-15,0.00039893763544231929,2.1137767126322236e-16,3.8964785842957235e-07,3.4405715536098988e-16,30.882390352180451,33.831453159394449,1.6375924388449348,2.5499999449398629
1275,51120,181567,4,1.4162286058202359e-15,0.00039893763544231929,2.1137767126322236e-16,3.9031790328250744e-07,3.4426125783443913e-16,30.887078949748073,33.837342569218073,1.6373152491544187,2.549999944212336
1276,51136,181631,4,1.4162286058202359e-15,0.00039893763544231929,2.1137767126322236e-16,3.9098712546018128e-07,3.4439610047519931e-16,30.891770084813327,33.843251847062994,1.6370382213091137,2.5499999434763363
1277,51152,181695,4,1.4162286058202359e-15,0.00039893763544231929,2.1137767126322236e-16,3.9165951535394456e-07,3.4474799551548855e-16,30.896463751742594,33.84918020228784,1.6367613550352622,2.5499999427317648
1278,51168,181759,4,1.4162286058202359e-15,0.00039893763544231929,2.1137767126322236e-16,3.9232737953457026e-07,3.449506456665773e-16,30.901159944797719,33.855126918273307,1.6364846500676038,2.5499999419785584
1279,51184,181823,4,1.4162286058202359e-15,0.00039893763544231929,2.1137767126322236e-16,3.9299480245705483e-07,3.4528542654678798e-16,30.905858658132811,33.861091341876822,1.6362081061482412,2.5499999412166177
1280,51200,181887,4,1.4162286058202359e-15,0.00039893763544231929,2.1137767126322236e-16,3.9366646032526682e-07,3.4530345039874521e-16,30.910559885791411,33.867072874865542,1.6359317230256085,2.5499999404458662
1281,51216,181951,4,1.4162286058202359e-15,0.00039893763544231929,2.1137767126322236e-16,3.943369869039723e-07,3.4560316481804308e-16,30.915263621703325,33.873070966873691,1.6356555004537414,2.5499999396662019
1282,51232,182015,4,1.4162286058202359e-15,0.00039893763544231929,2.1137767126322236e-16,3.9500914209658817e-07,3.4589106110113425e-16,30.919969859682261,33.879085109554829,1.6353794381915245,2.5499999388775554
1283,51248,182079,4,1.4162286058202359e-15,0.00039893763544231929,2.1137767126322236e-16,3.9568512739210555e-07,3.4607114266318526e-16,30.924678593423113,33.885114831679033,1.6351035360022141,2.5499999380798006
1284,51264,182143,4,1.4162286058202359e-15,0.00039893763544231929,2.1137767126322236e-16,3.96354433114062e-07,3.464922042715495e-16,30.929389816499747,33.891159694988986,1.6348277936529063,2.5499999372728968
1285,51280,182207,4,1.4162286058202359e-15,0.00039893763544231929,2.1137767126322236e-16,3.9703241764369097e-07,3.4694142455553113e-16,30.934103522362975,33.89721929066971,1.6345522109141755,2.5499999364566972
1286,51296,182271,4,1.4162286058202359e-15,0.00039893763544231929,2.1137767126322236e-16,3.9770416133214277e-07,3.4736787896789891e-16,30.93881970433846,33.903293236320664,1.6342767875597488,2.5499999356311731
1287,51312,182335,4,1.4162286058202359e-15,0.00039893763544231929,2.1137767126322236e-16,3.9837580154780867e-07,3.4751984279977287e-16,30.943538355625158,33.909381173341785,1.634001523366156,2.549999934796209
1288,51328,182399,4,1.4162286058202359e-15,0.00039893763544231929,2.1137767126322236e-16,3.9904970734008978e-07,3.4760534970046339e-16,30.948259469293586,33.915482764664816,1.633726418112539,2.5499999339516828
1289,51344,182463,4,1.4162286058202359e-15,0.00039893763544231929,2.1137767126322236e-16,3.9972121649392762e-07,3.478770549570396e-16,30.952983038284749,33.921597692771073,1.6334514715803776,2.5499999330975478
1290,51360,182527,4,1.4162286058202359e-15,0.00039893763544231929,2.1137767126322236e-16,4.0039594490595882e-07,3.4832575908031899e-16,30.957709055408941,33.927725657953694,1.6331766835533574,2.5499999322336544
1291,51376,182591,4,1.4162286058202359e-15,0.00039893763544231929,2.1137767126322236e-16,4.0107030824890395e-07,3.4864888601967456e-16,30.962437513344668,33.933866376785673,1.6329020538171246,2.5499999313599617
1292,51392,182655,4,1.4162286058202359e-15,0.00039893763544231929,2.1137767126322236e-16,4.017465998827094e-07,3.4892664685872012e-16,30.967168404638251,33.940019580763199,1.6326275821592173,2.5499999304763383
1293,51408,182719,4,1.4162286058202359e-15,0.00039893763544231929,2.1137767126322236e-16,4.0242262359194343e-07,3.4906931193973806e-16,30.971901721703262,33.946185015100703,1.6323532683688513,2.5499999295826896
1294,51424,182783,4,1.4162286058202359e-15,0.00039893763544231929,2.1137767126322236e-16,4.0309650576422968e-07,3.4916330943582614e-16,30.976637456820303,33.95236243765509,1.6320791122368667,2.5499999286789552
1295,51440,182847,4,1.4162286058202359e-15,0.00039893763544231929,2.1137767126322236e-16,4.0377133873151423e-07,3.4926527206082764e-16,30.981375602137092,33.958551617963145,1.6318051135555838,2.5499999277650049
1296,51456,182911,4,1.4162286058202359e-15,0.00039893763544231929,2.1137767126322236e-16,4.0444188179703162e-07,3.4954668779740977e-16,30.986116149669012,33.964752336376733,1.6315312721187432,2.5499999268407443
1297,51472,182975,4,1.4162286058202359e-15,0.00039893763544231929,2.1137767126322236e-16,4.0511516900079898e-07,3.5008979949156591e-16,30.990859091299594,33.970964383283608,1.6312575877214077,2.5499999259060968
1298,51488,183039,4,1.4162286058202359e-15,0.00039893763544231929,2.1137767126322236e-16,4.057884149320254e-07,3.5045229526499532e-16,30.995604418781721,33.977187558403415,1.6309840601598316,2.549999924960944
1299,51504,183103,4,1.4162286058202359e-15,0.00039893763544231929,2.1137767126322236e-16,4.0646466493246742e-07,3.5086086706649548e-16,31.000352123738757,33.983421670149326,1.6307106892314878,2.5499999240051721
1300,51520,183167,4,1.4162286058202359e-15,0.00039893763544231929,2.1137767126322236e-16,4.0713689090180112e-07,3.5099021391926586e-16,31.005102197666627,33.989666535048599,1.6304374747349584,2.5499999230386936
1301,51536,183231,4,1.4162286058202359e-15,0.00039893763544231929,2.1137767126322236e-16,4.0781251518054646e-07,3.5106391136914611e-16,31.009854631935827,33.995921977214472,1.6301644164698352,2.5499999220614074
1302,51552,183295,4,1.4162286058202359e-15,0.00039893763544231929,2.1137767126322236e-16,4.0848584362909919e-07,3.5119096837918579e-16,31.014609417794048,34.002187827864347,1.6298915142367569,2.5499999210731987
1303,51568,183359,4,1.4162286058202359e-15,0.00039893763544231929,2.1137767126322236e-16,4.0916222910450579e-07,3.5156053323813009e-16,31.019366546369277,34.008463924878448,1.6296187678373102,2.5499999200739927
1304,51584,183423,4,1.4162286058202359e-15,0.00039893763544231929,2.1137767126322236e-16,4.0983926095175733e-07,3.5179041624293562e-16,31.024126008673296,34.014750112395703,1.6293461770739714,2.5499999190636364
1305,51600,183487,4,1.4162286058202359e-15,0.00039893763544231929,2.1137767126322236e-16,4.1051049282739478e-07,3.5226747777197455e-16,31.028887795605748,34.021046240442026,1.6290737417501118,2.5499999180420572
1306,51616,183551,4,1.4162286058202359e-15,0.00039893763544231929,2.1137767126322236e-16,4.1118462013692487e-07,3.523777761028039e-16,31.033651897958578,34.027352164588535,1.6288014616699438,2.5499999170091527
1307,51632,183615,4,1.4162286058202359e-15,0.00039893763544231929,2.1137767126322236e-16,4.1186085390035516e-07,3.5265876997727363e-16,31.038418306421285,34.033667745636031,1.6285293366384774,2.549999915964809
1308,51648,183679,4,1.4162286058202359e-15,0.00039893763544231929,2.1137767126322236e-16,4.125337840563978e-07,3.5301662878298423e-16,31.043187011586145,34.039992849323305,1.6282573664614786,2.5499999149089017
1309,51664,183743,4,1.4162286058202359e-15,0.00039893763544231929,2.1137767126322236e-16,4.1320648278645096e-07,3.5331674107615674e-16,31.047958003954516,34.046327346058334,1.6279855509454737,2.5499999138413396
1310,51680,183807,4,1.4162286058202359e-15,0.00039893763544231929,2.1137767126322236e-16,4.1387951869123669e-07,3.5362116918417524e-16,31.052731273943273,34.052671110667511,1.6277138898977235,2.5499999127620159
1311,51696,183871,4,1.4162286058202359e-15,0.00039893763544231929,2.1137767126322236e-16,4.1455168234930313e-07,3.5369475475787765e-16,31.057506811891848,34.059024022163847,1.6274423831261773,2.5499999116708008
1312,51712,183935,4,1.4162286058202359e-15,0.00039893763544231929,2.1137767126322236e-16,4.1522744282465802e-07,3.5398138131872855e-16,31.062284608069842,34.065385963531526,1.6271710304394498,2.5499999105675877
1313,51728,183999,4,1.4162286058202359e-15,0.00039893763544231929,2.1137767126322236e-16,4.1590470953959042e-07,3.5430515159780554e-16,31.067064652684788,34.071756821525021,1.6268998316468049,2.5499999094522705
1314,51744,184063,4,1.4162286058202359e-15,0.00039893763544231929,2.1137767126322236e-16,4.1657367064832003e-07,3.5463156864804754e-16,31.071846935890878,34.078136486481746,1.6266287865581708,2.5499999083247378
1315,51760,184127,4,1.4162286058202359e-15,0.00039893763544231929,2.1137767126322236e-16,4.1724625938302702e-07,3.5487512887748648e-16,31.076631447797507,34.084524852147212,1.6263578949840791,2.5499999071848674
1316,51776,184191,4,1.4162286058202359e-15,0.00039893763544231929,2.1137767126322236e-16,4.1792253874886804e-07,3.5518063045914492e-16,31.081418178478547,34.09092181551209,1.6260871567356354,2.5499999060325518
1317,51792,184255,4,1.4162286058202359e-15,0.00039893763544231929,2.1137767126322236e-16,4.185959172407236e-07,3.5538803379682856e-16,31.086207117981822,34.097327276658895,1.6258165716245736,2.5499999048676738
1318,51808,184319,4,1.4162286058202359e-15,0.00039893763544231929,2.1137767126322236e-16,4.1927166697467073e-07,3.5574474488943924e-16,31.090998256339113,34.103741138619192,1.6255461394631743,2.5499999036901024
1319,51824,184383,4,1.4162286058202359e-15,0.00039893763544231929,2.1137767126322236e-16,4.1994745981302679e-07,3.5631680087399953e-16,31.095791583576005,34.110163307238935,1.625275860064286,2.5499999024997555
1320,51840,184447,4,1.4162286058202359e-15,0.00039893763544231929,2.1137767126322236e-16,4.2062420028224552e-07,3.5652556388981505e-16,31.100587089722495,34.116593691052458,1.6250057332412848,2.5499999012964816
1321,51856,184511,4,1.4162286058202359e-15,0.00039893763544231929,2.1137767126322236e-16,4.2129482164624172e-07,3.5692213061229007e-16,31.105384764823302,34.122932781538346,1.6247358036679405,2.5499999000801616
1322,51872,184575,4,1.4162286058202359e-15,0.00039893763544231929,2.1137767126322236e-16,4.2197004463487482e-07,3.5707307080815599e-16,31.110184598948582,34.129202060822919,1.6244660617487245,2.5499998988506971
1323,51888,184639,4,1.4162286058202359e-15,0.00039893763544231929,2.1137767126322236e-16,4.2264708625208898e-07,3.5751850301852243e-16,31.114986582204864,34.135428770405049,1.6241964950237886,2.549999897607949
1324,51904,184703,4,1.4162286058202359e-15,0.00039893763544231929,2.1137767126322236e-16,4.2332166811468093e-07,3.5784544326050187e-16,31.119790704745743,34.141622853020365,1.6239270988057197,2.5499998963518027
1325,51920,184767,4,1.4162286058202359e-15,0.00039893763544231929,2.1137767126322236e-16,4.2400637648801394e-07,3.5798970190496989e-16,31.124596956782721,34.147790039383921,1.6236578702995865,2.549999895082125
1326,51936,184831,4,1.4162286058202359e-15,0.00039893763544231929,2.1137767126322236e-16,4.2468328346293078e-07,3.5831541006142693e-16,31.129405328596388,34.153934176308397,1.6233888075577196,2.5499998937988102
1327,51952,184895,4,1.4162286058202359e-15,0.00039893763544231929,2.1137767126322236e-16,4.2535640307853257e-07,3.5860426463325775e-16,31.134215810546888,34.160058070174436,1.6231199091010211,2.5499998925017135
1328,51968,184959,4,1.4162286058202359e-15,0.00039893763544231929,2.1137767126322236e-16,4.2602846348585772e-07,3.5881399958629302e-16,31.13902839308496,34.166163880274603,1.622851173742329,2.5499998911907205
1329,51984,185023,4,1.4162286058202359e-15,0.00039893763544231929,2.1137767126322236e-16,4.2670290740323886e-07,3.5895813953034314e-16,31.143843066762429,34.172253330942823,1.6225826004911039,2.5499998898657243
1330,52000,185087,4,1.4162286058202359e-15,0.00039893763544231929,2.1137767126322236e-16,4.2737928208172655e-07,3.5940496574683688e-16,31.14865982224266,34.178327837567046,1.6223141884968511,2.5499998885265738
1331,52016,185151,4,1.4162286058202359e-15,0.00039893763544231929,2.1137767126322236e-16,4.2806138906373499e-07,3.5946618600435739e-16,31.153478650311197,34.184388586838843,1.6220459370130551,2.5499998871731471
1332,52032,185215,4,1.4162286058202359e-15,0.00039893763544231929,2.1137767126322236e-16,4.2873747741570463e-07,3.5981325444577239e-16,31.158299541885295,34.190436590626064,1.621777845372909,2.5499998858052964
1333,52048,185279,4,1.4162286058202359e-15,0.00039893763544231929,2.1137767126322236e-16,4.2941943007671264e-07,3.6006672636690125e-16,31.16312248802442,34.196472723666062,1.6215099129723745,2.5499998844229084
1334,52064,185343,4,1.4162286058202359e-15,0.00039893763544231929,2.1137767126322236e-16,4.3009976675259716e-07,3.6018061528197454e-16,31.167947479939418,34.202497750836955,1.6212421392578964,2.5499998830258441
1335,52080,185407,4,1.4162286058202359e-15,0.00039893763544231929,2.1137767126322236e-16,4.3077953371753659e-07,3.6022441222066254e-16,31.172774509002068,34.20851234743936,1.6209745237173072,2.5499998816139771
1336,52096,185471,4,1.4162286058202359e-15,0.00039893763544231929,2.1137767126322236e-16,4.3145742385045289e-07,3.6048702159242796e-16,31.177603566754037,34.214517114634198,1.6207070658727822,2.5499998801871691
1337,52112,185535,4,1.4162286058202359e-15,0.00039893763544231929,2.1137767126322236e-16,4.3213580650605849e-07,3.6080122242579347e-16,31.182434644915617,34.220512591427728,1.6204397652754921,2.5499998787452829
1338,52128,185599,4,1.4162286058202359e-15,0.00039893763544231929,2.1137767126322236e-16,4.3281106299567136e-07,3.6121097606159381e-16,31.187267735394244,34.226499264135455,1.6201726215012966,2.5499998772881916
1339,52144,185663,4,1.4162286058202359e-15,0.00039893763544231929,2.1137767126322236e-16,4.334862316388874e-07,3.6147409476982142e-16,31.192102830292203,34.232477573967159,1.6199056341473088,2.5499998758157427
1340,52160,185727,4,1.4162286058202359e-15,0.00039893763544231929,2.1137767126322236e-16,4.3416519580155772e-07,3.6179245549448746e-16,31.196939921914705,34.238447923185639,1.6196388028291382,2.5499998743278258
1341,52176,185791,4,1.4162286058202359e-15,0.00039893763544231929,2.1137767126322236e-16,4.3484150225684055e-07,3.6204962884206234e-16,31.20177900277686,34.244410680165956,1.6193721271785511,2.5499998728242868
1342,52192,185855,4,1.4162286058202359e-15,0.00039893763544231929,2.1137767126322236e-16,4.3552091961254953e-07,3.6246498952164487e-16,31.206620065610956,34.250366183593378,1.6191056068415866,2.5499998713049994
1343,52208,185919,4,1.4162286058202359e-15,0.00039893763544231929,2.1137767126322236e-16,4.3620133195013317e-07,3.6262930853673822e-16,31.211463103372594,34.25631474598039,1.618839241476955,2.5499998697698003
1344,52224,185983,4,1.4162286058202359e-15,0.00039893763544231929,2.1137767126322236e-16,4.3688471346817388e-07,3.6295461923291093e-16,31.216308109247151,34.262256656637092,1.6185730307546617,2.5499998682185523
1345,52240,186047,4,1.4162286058202359e-15,0.00039893763544231929,2.1137767126322236e-16,4.3756488952254231e-07,3.6331810038524506e-16,31.221155076655482,34.268192184199386,1.6183069743548884,2.5499998666511452
1346,52256,186111,4,1.4162286058202359e-15,0.00039893763544231929,2.1137767126322236e-16,4.3824035354059405e-07,3.6361224974017682e-16,31.226003999259245,34.274121578795388,1.6180410719669738,2.5499998650674001
1347,52272,186175,4,1.4162286058202359e-15,0.00039893763544231929,2.1137767126322236e-16,4.3891750748462273e-07,3.6379768088604437e-16,31.230854870965924,34.280045073913641,1.6177753232885492,2.5499998634671761
1348,52288,186239,4,1.4162286058202359e-15,0.00039893763544231929,2.1137767126322236e-16,4.3959748492009205e-07,3.6399595028860904e-16,31.235707685933466,34.285962888024059,1.6175097280248094,2.5499998618503361
1349,52304,186303,4,1.4162286058202359e-15,0.00039893763544231929,2.1137767126322236e-16,4.4027918270164918e-07,3.6438906622036364e-16,31.240562438574212,34.291875225991092,1.6172442858878837,2.5499998602167473
1350,52320,186367,4,1.4162286058202359e-15,0.00039893763544231929,2.1137767126322236e-16,4.4095527296875354e-07,3.6470436100008925e-16,31.245419123559056,34.297782280312397,1.6169789965962111,2.5499998585662462
1351,52336,186431,4,1.4162286058202359e-15,0.00039893763544231929,2.1137767126322236e-16,4.4163261137633776e-07,3.6484205038292753e-16,31.250277735820529,34.303684232209619,1.6167138598740731,2.5499998568986824
1352,52352,186495,4,1.4162286058202359e-15,0.00039893763544231929,2.1137767126322236e-16,4.423098797566047e-07,3.6519036290398381e-16,31.255138270555939,34.309581252592196,1.6164488754511352,2.5499998552138852
1353,52368,186559,4,1.4162286058202359e-15,0.00039893763544231929,2.1137767126322236e-16,4.4299090207847365e-07,3.6518616227403811e-16,31.260000723229819,34.315473502913591,1.6161840430620387,2.5499998535117645
1354,52384,186623,4,1.4162286058202359e-15,0.00039893763544231929,2.1137767126322236e-16,4.4367026217443013e-07,3.6547958391682599e-16,31.264865089576212,34.321361135933991,1.6159193624460746,2.549999851792105
1355,52400,186687,4,1.4162286058202359e-15,0.00039893763544231929,2.1137767126322236e-16,4.4434733504442243e-07,3.6563377038300587e-16,31.269731365600322,34.327244296402,1.6156548333468235,2.5499998500548138
1356,52416,186751,4,1.4162286058202359e-15,0.00039893763544231929,2.1137767126322236e-16,4.4502530100557132e-07,3.6588922567644848e-16,31.274599547579815,34.333123121666617,1.6153904555118992,2.5499998482997039
1357,52432,186815,4,1.4162286058202359e-15,0.00039893763544231929,2.1137767126322236e-16,4.4570751581799102e-07,3.6589505998810397e-16,31.27946963206572,34.338997742227562,1.6151262286926642,2.5499998465266089
1358,52448,186879,4,1.4162286058202359e-15,0.00039893763544231929,2.1137767126322236e-16,4.4638751065620625e-07,3.6609012137745801e-16,31.284341615882724,34.344868282231907,1.6148621526440403,2.5499998447353796
1359,52464,186943,4,1.4162286058202359e-15,0.00039893763544231929,2.1137767126322236e-16,4.4706977431843904e-07,3.6633392148927459e-16,31.289215496129167,34.35073485992357,1.6145982271242258,2.549999842925863
1360,52480,187007,4,1.4162286058202359e-15,0.00039893763544231929,2.1137767126322236e-16,4.4775243779973857e-07,3.6681239604959492e-16,31.294091270176658,34.356597588050981,1.6143344518945812,2.5499998410979154
1361,52496,187071,4,1.4162286058202359e-15,0.00039893763544231929,2.1137767126322236e-16,4.4843127345409379e-07,3.6709348980612361e-16,31.298968935668899,34.362456574238124,1.6140708267193693,2.549999839251373
1362,52512,187135,4,1.4162286058202359e-15,0.00039893763544231929,2.1137767126322236e-16,4.4910636968301305e-07,3.6761324543529885e-16,31.303848490520036,34.368311921322153,1.6138073513656681,2.5499998373860508
1363,52528,187199,4,1.4162286058202359e-15,0.00039893763544231929,2.1137767126322236e-16,4.4978967778755625e-07,3.6777775387475248e-16,31.308729932912858,34.37416372766301,1.6135440256031834,2.5499998355018154
1364,52544,187263,4,1.4162286058202359e-15,0.00039893763544231929,2.1137767126322236e-16,4.5046951874886028e-07,3.6776853225848858e-16,31.313613261296055,34.380012087425051,1.6132808492040855,2.5499998335984935
1365,52560,187327,4,1.4162286058202359e-15,0.00039893763544231929,2.1137767126322236e-16,4.5115157044176208e-07,3.6824476123024098e-16,31.31849847438145,34.385857090837277,1.6130178219429634,2.5499998316759016
1366,52576,187391,4,1.4162286058202359e-15,0.00039893763544231929,2.1137767126322236e-16,4.5183461359158046e-07,3.6854011702809616e-16,31.323385571140005,34.391698824431025,1.6127549435966451,2.5499998297338959
1367,52592,187455,4,1.4162286058202359e-15,0.00039893763544231929,2.1137767126322236e-16,4.5252145667398964e-07,3.6891194836191885e-16,31.328274550798209,34.397537371259901,1.6124922139440958,2.5499998277723104
1368,52608,187519,4,1.4162286058202359e-15,0.00039893763544231929,2.1137767126322236e-16,4.5320561709674885e-07,3.6935189429687253e-16,31.333165412832958,34.403372811101782,1.612229632766345,2.5499998257909944
1369,52624,187583,4,1.4162286058202359e-15,0.00039893763544231929,2.1137767126322236e-16,4.5389295278511406e-07,3.6962151898741302e-16,31.33805815696692,34.409205220646015,1.6119671998463854,2.5499998237897605
1370,52640,187647,4,1.4162286058202359e-15,0.00039893763544231929,2.1137767126322236e-16,4.5457245843130907e-07,3.6973830655014785e-16,31.34295278316257,34.415034673666256,1.6117049149690608,2.5499998217684263
1371,52656,187711,4,1.4162286058202359e-15,0.00039893763544231929,2.1137767126322236e-16,4.5525116205239109e-07,3.7018800287657199e-16,31.347849291616285,34.420861241180965,1.6114427779210376,2.5499998197268408
1372,52672,187775,4,1.4162286058202359e-15,0.00039893763544231929,2.1137767126322236e-16,4.5593077291997326e-07,3.7048423900139408e-16,31.352747682751733,34.42668499160213,1.6111807884906728,2.5499998176648324
1373,52688,187839,4,1.4162286058202359e-15,0.00039893763544231929,2.1137767126322236e-16,4.5661078321804411e-07,3.7070021048265769e-16,31.357647957212908,34.432505990873565,1.6109189464679932,2.5499998155822232
1374,52704,187903,4,1.4162286058202359e-15,0.00039893763544231929,2.1137767126322236e-16,4.5729176335143813e-07,3.7096405628264373e-16,31.36255011585677,34.438324302599455,1.6106572516445932,2.5499998134788293
1375,52720,187967,4,1.4162286058202359e-15,0.00039893763544231929,2.1137767126322236e-16,4.5797218526469536e-07,3.711441715523047e-16,31.367454159745261,34.444139988164416,1.6103957038136218,2.5499998113544784
1376,52736,188031,4,1.4162286058202359e-15,0.00039893763544231929,2.1137767126322236e-16,4.5865080006793542e-07,3.7129910599655349e-16,31.372360090137395,34.449953106845534,1.6101343027696891,2.5499998092090239
1377,52752,188095,4,1.4162286058202359e-15,0.00039893763544231929,2.1137767126322236e-16,4.5933504700482381e-07,3.7172917456781267e-16,31.377267908480501,34.455763715916476,1.6098730483087866,2.5499998070422456
1378,52768,188159,4,1.4162286058202359e-15,0.00039893763544231929,2.1137767126322236e-16,4.6002434809325394e-07,3.7215339187021381e-16,31.38217761640173,34.461571870745665,1.6096119402283227,2.5499998048539996
1379,52784,188223,4,1.4162286058202359e-15,0.00039893763544231929,2.1137767126322236e-16,4.6070898438535708e-07,3.7252158009382366e-16,31.387089215698634,34.467377624887398,1.6093509783269977,2.5499998026440798
1380,52800,188287,4,1.4162286058202359e-15,0.00039893763544231929,2.1137767126322236e-16,4.6139569046624502e-07,3.7280379385290175e-16,31.392002708330093,34.47318103016763,1.6090901624047693,2.5499998004123041
1381,52816,188351,4,1.4162286058202359e-15,0.00039893763544231929,2.1137767126322236e-16,4.6208342053358415e-07,3.7314735008543585e-16,31.396918096406669,34.478973098617161,1.6088294183658025,2.5499997981585141
1382,52832,188415,4,1.4162286058202359e-15,0.00039893763544231929,2.1137767126322236e-16,4.6276593846464515e-07,3.7333007759147126e-16,31.401835382181066,34.484755839620526,1.6085687615143514,2.5499997958825147
1383,52848,188479,4,1.4162286058202359e-15,0.00039893763544231929,2.1137767126322236e-16,4.6344711097193376e-07,3.7369294083988781e-16,31.406754568038117,34.490531784426949,1.6083082118745333,2.549999793584127
1384,52864,188543,4,1.4162286058202359e-15,0.00039893763544231929,2.1137767126322236e-16,4.6413139823767353e-07,3.7369375023611719e-16,31.411675656484991,34.496301890031368,1.6080477766687398,2.5499997912631551
1385,52880,188607,4,1.4162286058202359e-15,0.00039893763544231929,2.1137767126322236e-16,4.6481309626903084e-07,3.741651929340502e-16,31.416598650141129,34.502066728949842,1.6077874600037192,2.549999788919409
1386,52896,188671,4,1.4162286058202359e-15,0.00039893763544231929,2.1137767126322236e-16,4.6550090152622432e-07,3.7451618241836386e-16,31.421523551728221,34.507826700934643,1.6075272645923588,2.549999786552692
1387,52912,188735,4,1.4162286058202359e-15,0.00039893763544231929,2.1137767126322236e-16,4.6618052987981913e-07,3.7496215767280244e-16,31.426450364060262,34.513582109716111,1.6072671923774997,2.5499997841628432
1388,52928,188799,4,1.4162286058202359e-15,0.00039893763544231929,2.1137767126322236e-16,4.6686590435921134e-07,3.7533969158976807e-16,31.4313790900333,34.519333198821705,1.6070072448228088,2.5499997817496665
1389,52944,188863,4,1.4162286058202359e-15,0.00039893763544231929,2.1137767126322236e-16,4.6754977129451398e-07,3.7572844186904477e-16,31.436309732615669,34.525080170917285,1.606747423069774,2.5499997793129441
1390,52960,188927,4,1.4162286058202359e-15,0.00039893763544231929,2.1137767126322236e-16,4.6822822725259479e-07,3.7626244423670517e-16,31.441242294837981,34.530823199316373,1.6064877280308971,2.5499997768525087
1391,52976,188991,4,1.4162286058202359e-15,0.00039893763544231929,2.1137767126322236e-16,4.6891008046537537e-07,3.7640189075795966e-16,31.446176779783517,34.53656243532636,1.6062281604490762,2.5499997743681511
1392,52992,189055,4,1.4162286058202359e-15,0.00039893763544231929,2.1137767126322236e-16,4.6959594954912505e-07,3.7687953379496922e-16,31.451113190578322,34.542298013194404,1.6059687209374975,2.5499997718596692
1393,53008,189119,4,1.4162286058202359e-15,0.00039893763544231929,2.1137767126322236e-16,4.7028310440991512e-07,3.7713946703065788e-16,31.456051530381863,34.548030053579396,1.6057094100075389,2.5499997693268761
1394,53024,189183,4,1.4162286058202359e-15,0.00039893763544231929,2.1137767126322236e-16,4.70968644312538e-07,3.7714194795211008e-16,31.460991802377624,34.553758666074621,1.6054502280889433,2.5499997667695826
1395,53040,189247,4,1.4162286058202359e-15,0.00039893763544231929,2.1137767126322236e-16,4.7165877024116427e-07,3.7731447776875879e-16,31.465934009764094,34.559483951093021,1.6051911755449224,2.5499997641875685
1396,53056,189311,4,1.4162286058202359e-15,0.00039893763544231929,2.1137767126322236e-16,4.7234691261757917e-07,3.775025784332582e-16,31.470878155745648,34.565206001308944,1.6049322526835101,2.5499997615806631
1397,53072,189375,4,1.4162286058202359e-15,0.00039893763544231929,2.1137767126322236e-16,4.7303608925000824e-07,3.7763799968685686e-16,31.475824243523874,34.570924902785649,1.6046734597665155,2.5499997589486219
1398,53088,189439,4,1.4162286058202359e-15,0.00039893763544231929,2.1137767126322236e-16,4.7371530807008484e-07,3.7796768037820568e-16,31.480772276289237,34.576640735870399,1.6044147970165017,2.5499997562912808
1399,53104,189503,4,1.4162286058202359e-15,0.00039893763544231929,2.1137767126322236e-16,4.7440210996321981e-07,3.7823715700341653e-16,31.48572225721275,34.582353575917885,1.6041562646224461,2.5499997536084043
1400,53120,189567,4,1.4162286058202359e-15,0.00039893763544231929,2.1137767126322236e-16,4.7508274570543159e-07,3.7866803455731478e-16,31.490674189437939,34.588063493882188,1.6038978627443152,2.5499997508997847
1401,53136,189631,4,1.4162286058202359e-15,0.00039893763544231929,2.1137767126322236e-16,4.7576946583064079e-07,3.7907172744076695e-16,31.49562807607327,34.593770556806909,1.6036395915168014,2.5499997481652281
1402,53152,189695,4,1.4162286058202359e-15,0.00039893763544231929,2.1137767126322236e-16,4.7645780449448645e-07,3.7923255079059165e-16,31.500583920184766,34.599474828236403,1.6033814510524655,2.5499997454045498
1403,53168,189759,4,1.4162286058202359e-15,0.00039893763544231929,2.1137767126322236e-16,4.7714449614247507e-07,3.7956826059463023e-16,31.505541724788653,34.605176368562582,1.6031234414443316,2.5499997426174867
1404,53184,189823,4,1.4162286058202359e-15,0.00039893763544231929,2.1137767126322236e-16,4.7783210935884086e-07,3.7950871103515192e-16,31.510501492844902,34.610875235322226,1.6028655627681514,2.5499997398038752
1405,53200,189887,4,1.4162286058202359e-15,0.00039893763544231929,2.1137767126322236e-16,4.7851596663520319e-07,3.7957846883056974e-16,31.51546322725029,34.616571483451523,1.6026078150842105,2.5499997369634624
1406,53216,189951,4,1.4162286058202359e-15,0.00039893763544231929,2.1137767126322236e-16,4.7920026003492517e-07,3.7987487576818832e-16,31.520426930832208,34.622265165507237,1.6023501984390232,2.5499997340960672
1407,53232,190015,4,1.4162286058202359e-15,0.00039893763544231929,2.1137767126322236e-16,4.7988136537372079e-07,3.800485570202497e-16,31.525392606343054,34.627956331860211,1.6020927128667022,2.5499997312014737
1408,53248,190079,4,1.4162286058202359e-15,0.00039893763544231929,2.1137767126322236e-16,4.8057361099565683e-07,3.8017339201636891e-16,31.530360256454117,34.633645030864109,1.6018353583901128,2.5499997282794369
1409,53264,190143,4,1.4162286058202359e-15,0.00039893763544231929,2.1137767126322236e-16,4.8126030045095498e-07,3.804942832933239e-16,31.535329883750613,34.63933130900547,1.6015781350220311,2.5499997253297497
1410,53280,190207,4,1.4162286058202359e-15,0.00039893763544231929,2.1137767126322236e-16,4.8194634572709867e-07,3.8086638842392935e-16,31.5403014907262,34.645015211036402,1.601321042765977,2.5499997223521964
1411,53296,190271,4,1.4162286058202359e-15,0.00039893763544231929,2.1137767126322236e-16,4.8263272604079561e-07,3.8109573003902396e-16,31.545275079778587,34.650696780093256,1.6010640816170811,2.5499997193465438
1412,53312,190335,4,1.4162286058202359e-15,0.00039893763544231929,2.1137767126322236e-16,4.8331901562151587e-07,3.8163437599184808e-16,31.550250653204778,34.656376057802852,1.6008072515628149,2.5499997163125894
1413,53328,190399,4,1.4162286058202359e-15,0.00039893763544231929,2.1137767126322236e-16,4.8400955957686649e-07,3.8211831862960769e-16,31.555228213196987,34.662053084377966,1.600550552583625,2.5499997132500876
1414,53344,190463,4,1.4162286058202359e-15,0.00039893763544231929,2.1137767126322236e-16,4.8469784628227459e-07,3.8214461056537769e-16,31.560207761838722,34.667727898703802,1.6002939846534769,2.5499997101588274
1415,53360,190527,4,1.4162286058202359e-15,0.00039893763544231929,2.1137767126322236e-16,4.8538536859913024e-07,3.8256778396584578e-16,31.565189301101068,34.67340053841648,1.6000375477404181,2.5499997070385843
1416,53376,190591,4,1.4162286058202359e-15,0.00039893763544231929,2.1137767126322236e-16,4.8607218176102891e-07,3.828063577437571e-16,31.570172832839276,34.679071039974318,1.5997812418069752,2.5499997038891165
1417,53392,190655,4,1.4162286058202359e-15,0.00039893763544231929,2.1137767126322236e-16,4.8676466946709547e-07,3.8319156003859141e-16,31.575158358789672,34.684739438723227,1.59952506681066,2.5499997007101913
1418,53408,190719,4,1.4162286058202359e-15,0.00039893763544231929,2.1137767126322236e-16,4.8745816433973439e-07,3.833650938457086e-16,31.580145880566739,34.690405768955799,1.599269022704239,2.5499996975015948
1419,53424,190783,4,1.4162286058202359e-15,0.00039893763544231929,2.1137767126322236e-16,4.8814094514385204e-07,3.8357004748800816e-16,31.585135399660476,34.696070063966602,1.5990131094361602,2.5499996942630974
1420,53440,190847,4,1.4162286058202359e-15,0.00039893763544231929,2.1137767126322236e-16,4.8883027229476768e-07,3.8406865583123318e-16,31.590126917434024,34.701732356102823,1.5987573269508184,2.5499996909944369
1421,53456,190911,4,1.4162286058202359e-15,0.00039893763544231929,2.1137767126322236e-16,4.8951518006415591e-07,3.8435880101161473e-16,31.595120435121238,34.707392676810237,1.5985016751888377,2.5499996876954105
1422,53472,190975,4,1.4162286058202359e-15,0.00039893763544231929,2.1137767126322236e-16,4.9020369641919665e-07,3.8461263896016464e-16,31.600115953825071,34.713051056677045,1.598246154087348,2.5499996843657744
1423,53488,191039,4,1.4162286058202359e-15,0.00039893763544231929,2.1137767126322236e-16,4.9088817736334307e-07,3.8500979339446488e-16,31.605113474515573,34.718707525473384,1.5979907635802009,2.5499996810052639
1424,53504,191103,4,1.4162286058202359e-15,0.00039893763544231929,2.1137767126322236e-16,4.9157912338596206e-07,3.8532140370494703e-16,31.610112998028139,34.724362112188842,1.59773550359818,2.5499996776136742
1425,53520,191167,4,1.4162286058202359e-15,0.00039893763544231929,2.1137767126322236e-16,4.9227295773704633e-07,3.8562244864426019e-16,31.615114525062559,34.730014845066833,1.5974803740692212,2.5499996741907176
1426,53536,191231,4,1.4162286058202359e-15,0.00039893763544231929,2.1137767126322236e-16,4.9296416696578889e-07,3.8589830552033081e-16,31.62011805618134,34.735665751637448,1.5972253749185916,2.5499996707361845
1427,53552,191295,4,1.4162286058202359e-15,0.00039893763544231929,2.1137767126322236e-16,4.9364828944667622e-07,3.8610012063259119e-16,31.625123591808862,34.741314858747067,1.5969705060690385,2.54999966724984
1428,53568,191359,4,1.4162286058202359e-15,0.00039893763544231929,2.1137767126322236e-16,4.9433447458316544e-07,3.8644753690345377e-16,31.630131132230709,34.746962192587134,1.5967157674409382,2.5499996637314153
1429,53584,191423,4,1.4162286058202359e-15,0.00039893763544231929,2.1137767126322236e-16,4.9502181279728803e-07,3.8675055797725032e-16,31.635140677592371,34.752607778720495,1.5964611589524873,2.5499996601806774
1430,53600,191487,4,1.4162286058202359e-15,0.00039893763544231929,2.1137767126322236e-16,4.9570907279619853e-07,3.8703691446363122e-16,31.640152227898959,34.758251642106515,1.5962066805197754,2.5499996565973713
1431,53616,191551,4,1.4162286058202359e-15,0.00039893763544231929,2.1137767126322236e-16,4.9639702571305428e-07,3.8722299804820692e-16,31.645165783015038,34.763893807124425,1.5959523320569413,2.5499996529812488
1432,53632,191615,4,1.4162286058202359e-15,0.00039893763544231929,2.1137767126322236e-16,4.9708630629011403e-07,3.8746073823485594e-16,31.650181342663657,34.769534297595484,1.5956981134763026,2.5499996493320585
1433,53648,191679,4,1.4162286058202359e-15,0.00039893763544231929,2.1137767126322236e-16,4.9777460734515473e-07,3.8766708753764403e-16,31.65519890642674,34.775173136803936,1.5954440246884145,2.5499996456495144
1434,53664,191743,4,1.4162286058202359e-15,0.00039893763544231929,2.1137767126322236e-16,4.9846823080937548e-07,3.8791458411282296e-16,31.660218473744635,34.780810347516656,1.5951900656021973,2.5499996419334061
1435,53680,191807,4,1.4162286058202359e-15,0.00039893763544231929,2.1137767126322236e-16,4.9915194958541549e-07,3.8826755738304066e-16,31.665240043916267,34.786445952001792,1.5949362361250332,2.5499996381834755
1436,53696,191871,4,1.4162286058202359e-15,0.00039893763544231929,2.1137767126322236e-16,4.998384173569312e-07,3.8876471340390519e-16,31.670263616099195,34.792079972046444,1.5946825361628352,2.549999634399442
1437,53712,191935,4,1.4162286058202359e-15,0.00039893763544231929,2.1137767126322236e-16,5.0052479880860674e-07,3.889047040032076e-16,31.675289189310138,34.797712428973561,1.5944289656201749,2.5499996305810559
1438,53728,191999,4,1.4162286058202359e-15,0.00039893763544231929,2.1137767126322236e-16,5.012168627425448e-07,3.8927357982070164e-16,31.680316762424791,34.803343343657609,1.5941755244002875,2.549999626728046
1439,53744,192063,4,1.4162286058202359e-15,0.00039893763544231929,2.1137767126322236e-16,5.0190611004066938e-07,3.8950526297731524e-16,31.685346334178831,34.80897273653968,1.5939222124051822,2.549999622840164
1440,53760,192127,4,1.4162286058202359e-15,0.00039893763544231929,2.1137767126322236e-16,5.0259672185840238e-07,3.8973948144250631e-16,31.690377903167974,34.814600627641973,1.5936690295357097,2.5499996189171372
1441,53776,192191,4,1.4162286058202359e-15,0.00039893763544231929,2.1137767126322236e-16,5.0328693013782151e-07,3.9014105901833702e-16,31.69541146784897,34.820156177502696,1.5934160159600732,2.5499996149587294
1442,53792,192255,4,1.4162286058202359e-15,0.00039893763544231929,2.1137767126322236e-16,5.0398470869497864e-07,3.9044921812450845e-16,31.700447026539816,34.825654777850126,1.5931631631291894,2.5499996109646355
1443,53808,192319,4,1.4162286058202359e-15,0.00039893763544231929,2.1137767126322236e-16,5.046790042882185e-07,3.9052758500894657e-16,31.705484577421046,34.831115923217354,1.5929104599217891,2.5499996069345796
1444,53824,192383,4,1.4162286058202359e-15,0.00039893763544231929,2.1137767126322236e-16,5.0537058608005254e-07,3.907483382145362e-16,31.710524118536231,34.836546776862498,1.5926579021924712,2.5499996028683305
1445,53840,192447,4,1.4162286058202359e-15,0.00039893763544231929,2.1137767126322236e-16,5.0605813981621979e-07,3.9116869568540401e-16,31.715565647793067,34.841951498124892,1.5924054874933709,2.5499995987655901
1446,53856,192511,4,1.4162286058202359e-15,0.00039893763544231929,2.1137767126322236e-16,5.0675127425495376e-07,3.9137655872871307e-16,31.720609162964166,34.847332901812237,1.5921532141359154,2.5499995946260703
1447,53872,192575,4,1.4162286058202359e-15,0.00039893763544231929,2.1137767126322236e-16,5.0744164532082387e-07,3.9164684867926121e-16,31.72565466168842,34.852693059434863,1.5919010808509058,2.5499995904495441
1448,53888,192639,4,1.4162286058202359e-15,0.00039893763544231929,2.1137767126322236e-16,5.0813391547868876e-07,3.9177168801807863e-16,31.730702141471799,34.858033579618393,1.5916490866300714,2.5499995862356974
1449,53904,192703,4,1.4162286058202359e-15,0.00039893763544231929,2.1137767126322236e-16,5.0882194752669059e-07,3.9213587703022194e-16,31.735751599688768,34.863355759357624,1.591397230640526,2.5499995819842542
1450,53920,192767,4,1.4162286058202359e-15,0.00039893763544231929,2.1137767126322236e-16,5.0951488198650225e-07,3.9231860184792037e-16,31.740803033583344,34.868660673887838,1.5911455121739921,2.5499995776949298
1451,53936,192831,4,1.4162286058202359e-15,0.00039893763544231929,2.1137767126322236e-16,5.1020346872968276e-07,3.9247823943433697e-16,31.745856440270636,34.873949233938397,1.5908939306144672,2.5499995733674599
1452,53952,192895,4,1.4162286058202359e-15,0.00039893763544231929,2.1137767126322236e-16,5.1089566686182892e-07,3.9272757710676429e-16,31.750911816737926,34.87922222418235,1.5906424854165346,2.5499995690015593
1453,53968,192959,4,1.4162286058202359e-15,0.00039893763544231929,2.1137767126322236e-16,5.1158432848955244e-07,3.9272197771440277e-16,31.755969159846188,34.884480330152797,1.590391176090147,2.5499995645969262
1454,53984,193023,4,1.4162286058202359e-15,0.00039893763544231929,2.1137767126322236e-16,5.1227717868343654e-07,3.9301794459193547e-16,31.761028466331666,34.889724157728615,1.5901400021896293,2.549999560153287
1455,54000,193087,4,1.4162286058202359e-15,0.00039893763544231929,2.1137767126322236e-16,5.129672069679478e-07,3.9317065040481888e-16,31.766089732807195,34.894954247636115,1.5898889633055684,2.5499995556703623
1456,54016,193151,4,1.4162286058202359e-15,0.00039893763544231929,2.1137767126322236e-16,5.1366553083889905e-07,3.9341035162990511e-16,31.771152955763768,34.900171086496229,1.5896380590584953,2.5499995511478297
1457,54032,193215,4,1.4162286058202359e-15,0.00039893763544231929,2.1137767126322236e-16,5.1435571752448035e-07,3.9352908451464551e-16,31.776218131572158,34.905375115408631,1.5893872890941358,2.5499995465854335
1458,54048,193279,4,1.4162286058202359e-15,0.00039893763544231929,2.1137767126322236e-16,5.150444414912267e-07,3.93782439803308e-16,31.781285256484793,34.91056673673738,1.5891366530795805,2.549999541982845
1459,54064,193343,4,1.4162286058202359e-15,0.00039893763544231929,2.1137767126322236e-16,5.1573885196479403e-07,3.9375582733505064e-16,31.786354326636832,34.915746319555417,1.5888861507002132,2.5499995373397994
1460,54080,193407,4,1.4162286058202359e-15,0.00039893763544231929,2.1137767126322236e-16,5.1643158539097151e-07,3.9396244898705541e-16,31.791425338048469,34.920914204070755,1.5886357816572503,2.549999532655979
1461,54096,193471,4,1.4162286058202359e-15,0.00039893763544231929,2.1137767126322236e-16,5.1712226465475326e-07,3.9414431353691678e-16,31.796498286626374,34.926070705267136,1.5883855456656846,2.5499995279311101
1462,54112,193535,4,1.4162286058202359e-15,0.00039893763544231929,2.1137767126322236e-16,5.1781826654975966e-07,3.9418625118038291e-16,31.801573168165444,34.931216115930212,1.5881354424526,2.5499995231648822
1463,54128,193599,4,1.4162286058202359e-15,0.00039893763544231929,2.1137767126322236e-16,5.1851349312051682e-07,3.9441677483657287e-16,31.806649978350716,34.936350709185973,1.5878854717557964,2.5499995183569495
1464,54144,193663,4,1.4162286058202359e-15,0.00039893763544231929,2.1137767126322236e-16,5.1920777819439352e-07,3.9482389472930284e-16,31.811728712759162,34.941474740648864,1.587635633322541,2.5499995135070783
1465,54160,193727,4,1.4162286058202359e-15,0.00039893763544231929,2.1137767126322236e-16,5.1990132347115776e-07,3.9510769936349402e-16,31.816809366861634,34.946588450253067,1.5873859269085684,2.5499995086149267
1466,54176,193791,4,1.4162286058202359e-15,0.00039893763544231929,2.1137767126322236e-16,5.2059493394576912e-07,3.9534380152573503e-16,31.821891936024432,34.951692063824787,1.5871363522772195,2.5499995036801897
1467,54192,193855,4,1.4162286058202359e-15,0.00039893763544231929,2.1137767126322236e-16,5.2128728040371137e-07,3.955405030074486e-16,31.826976415511407,34.956785794441046,1.5868869091986866,2.5499994987025496
1468,54208,193919,4,1.4162286058202359e-15,0.00039893763544231929,2.1137767126322236e-16,5.219838952250941e-07,3.9558556346452228e-16,31.832062800485975,34.961869843611112,1.5866375974493723,2.5499994936816841
1469,54224,193983,4,1.4162286058202359e-15,0.00039893763544231929,2.1137767126322236e-16,5.226766070019226e-07,3.9591767668725747e-16,31.837151086012643,34.96694440230862,1.5863884168112818,2.5499994886173276
1470,54240,194047,4,1.4162286058202359e-15,0.00039893763544231929,2.1137767126322236e-16,5.2337086226631109e-07,3.9600308122434719e-16,31.842241267059531,34.972009651878366,1.5861393670715869,2.5499994835091448
1471,54256,194111,4,1.4162286058202359e-15,0.00039893763544231929,2.1137767126322236e-16,5.2406497661564217e-07,3.9619571897450645e-16,31.847333338499642,34.97706576483673,1.5858904480221472,2.5499994783568156
1472,54272,194175,4,1.4162286058202359e-15,0.00039893763544231929,2.1137767126322236e-16,5.2476037618690214e-07,3.9665210595131523e-16,31.852427295113152,34.982112905580898,1.5856416594591314,2.5499994731600291
1473,54288,194239,4,1.4162286058202359e-15,0.00039893763544231929,2.1137767126322236e-16,5.2545279783469874e-07,3.9682260152404252e-16,31.85752313158925,34.987151231020938,1.5853930011826411,2.5499994679184406
1474,54304,194303,4,1.4162286058202359e-15,0.00039893763544231929,2.1137767126322236e-16,5.2614502688655613e-07,3.9682205268970609e-16,31.862620842527772,34.99218089114283,1.5851444729964919,2.5499994626317535
1475,54320,194367,4,1.4162286058202359e-15,0.00039893763544231929,2.1137767126322236e-16,5.2683624585750572e-07,3.9706486969736465e-16,31.867720422441369,34.99720202951513,1.5848960747078635,2.5499994572996463
1476,54336,194431,4,1.4162286058202359e-15,0.00039893763544231929,2.1137767126322236e-16,5.2753410698750032e-07,3.9739235132905501e-16,31.872821865756936,35.002214783743888,1.5846478061270801,2.5499994519217792
1477,54352,194495,4,1.4162286058202359e-15,0.00039893763544231929,2.1137767126322236e-16,5.2822935787214171e-07,3.9761106801597653e-16,31.877925166817406,35.007219285882805,1.5843996670673819,2.5499994464978317
1478,54368,194559,4,1.4162286058202359e-15,0.00039893763544231929,2.1137767126322236e-16,5.289193164624026e-07,3.9780412680106758e-16,31.883030319883304,35.012215662805239,1.5841516573447569,2.5499994410274813
1479,54384,194623,4,1.4162286058202359e-15,0.00039893763544231929,2.1137767126322236e-16,5.2961385544428503e-07,3.9815623773549671e-16,31.888137319134337,35.017204036541543,1.5839037767776989,2.5499994355103799
1480,54400,194687,4,1.4162286058202359e-15,0.00039893763544231929,2.1137767126322236e-16,5.3030782615851231e-07,3.984813596276946e-16,31.893246158670507,35.022184524586315,1.5836560251871357,2.5499994299462045
1481,54416,194751,4,1.4162286058202359e-15,0.00039893763544231929,2.1137767126322236e-16,5.3099982791996099e-07,3.9868745374526372e-16,31.898356832513564,35.027157240178042,1.5834084023961739,2.5499994243346324
1482,54432,194815,4,1.4162286058202359e-15,0.00039893763544231929,2.1137767126322236e-16,5.3169399916822209e-07,3.9887583523758109e-16,31.903469334607887,35.032122292555819,1.5831609082300424,2.5499994186753168
1483,54448,194879,4,1.4162286058202359e-15,0.00039893763544231929,2.1137767126322236e-16,5.3238690856474897e-07,3.9925618839286945e-16,31.908583658821492,35.037079787194052,1.5829135425159426,2.5499994129679293
1484,54464,194943,4,1.4162286058202359e-15,0.00039893763544231929,2.1137767126322236e-16,5.3308629403095638e-07,3.9944336902573255e-16,31.913699798946695,35.042029826018045,1.5826663050829437,2.5499994072121033
1485,54480,195007,4,1.4162286058202359e-15,0.00039893763544231929,2.1137767126322236e-16,5.337812633907943e-07,3.996607864187069e-16,31.918817748700373,35.046972507602582,1.5824191957618783,2.5499994014075367
1486,54496,195071,4,1.4162286058202359e-15,0.00039893763544231929,2.1137767126322236e-16,5.3447496962214154e-07,3.9985101479853695e-16,31.923937501724641,35.051907927355629,1.5821722143852144,2.5499993955538498
1487,54512,195135,4,1.4162286058202359e-15,0.00039893763544231929,2.1137767126322236e-16,5.35170645222601e-07,4.0010565531907619e-16,31.929059051586677,35.056836177686939,1.5819253607870296,2.5499993896507167
1488,54528,195199,4,1.4162286058202359e-15,0.00039893763544231929,2.1137767126322236e-16,5.3586271209863008e-07,4.0021402073560916e-16,31.934182391778595,35.061757348165187,1.5816786348028757,2.5499993836977888
1489,54544,195263,4,1.4162286058202359e-15,0.00039893763544231929,2.1137767126322236e-16,5.3655442600700405e-07,4.003594730017011e-16,31.93930751571725,35.066671525663267,1.5814320362697285,2.5499993776947067
1490,54560,195327,4,1.4162286058202359e-15,0.00039893763544231929,2.1137767126322236e-16,5.3724964225268708e-07,4.0076637162361721e-16,31.944434416743245,35.0715787944929,1.5811855650259188,2.5499993716411549
1491,54576,195391,4,1.4162286058202359e-15,0.00039893763544231929,2.1137767126322236e-16,5.3794761029715894e-07,4.008873207320138e-16,31.949563088120556,35.076479236530318,1.5809392209110684,2.5499993655367592
1492,54592,195455,4,1.4162286058202359e-15,0.00039893763544231929,2.1137767126322236e-16,5.3864588556809729e-07,4.0121733994702831e-16,31.954693523035264,35.081372931333469,1.5806930037660192,2.5499993593811503
1493,54608,195519,4,1.4162286058202359e-15,0.00039893763544231929,2.1137767126322236e-16,5.393403388685178e-07,4.0128987417417217e-16,31.95982571459426,35.086259956251006,1.5804469134327792,2.5499993531739857
1494,54624,195583,4,1.4162286058202359e-15,0.00039893763544231929,2.1137767126322236e-16,5.4004084882411569e-07,4.0134344631974901e-16,31.96495965582384,35.091140386524181,1.5802009497545075,2.5499993469148827
1495,54640,195647,4,1.4162286058202359e-15,0.00039893763544231929,2.1137767126322236e-16,5.4073030617643654e-07,4.0161482587395903e-16,31.970095339668116,35.096014295382432,1.5799551125754243,2.5499993406035251
1496,54656,195711,4,1.4162286058202359e-15,0.00039893763544231929,2.1137767126322236e-16,5.4142799369530565e-07,4.0222495925686182e-16,31.975232758987154,35.100881754132622,1.5797094017407749,2.5499993342395038
1497,54672,195775,4,1.4162286058202359e-15,0.00039893763544231929,2.1137767126322236e-16,5.4212645875887007e-07,4.0247672367041121e-16,31.980371906554872,35.105742832242534,1.5794638170967745,2.5499993278224768
1498,54688,195839,4,1.4162286058202359e-15,0.00039893763544231929,2.1137767126322236e-16,5.4282267004193891e-07,4.0291979758885126e-16,31.985512775057042,35.110597597420245,1.5792183584906294,2.5499993213521095
1499,54704,195903,4,1.4162286058202359e-15,0.00039893763544231929,2.1137767126322236e-16,5.4352532186755149e-07,4.0320468603644004e-16,31.990655357088929,35.115446115687853,1.5789730257704291,2.5499993148279589
1500,54720,195967,4,1.4162286058202359e-15,0.00039893763544231929,2.1137767126322236e-16,5.4422150159253086e-07,4.03439724030823e-16,31.995799645152825,35.120288451450591,1.5787278187851661,2.5499993082497161
1501,54736,196031,4,1.4162286058202359e-15,0.00039893763544231929,2.1137767126322236e-16,5.4492322291247093e-07,4.0357086255680017e-16,32.000945631655696,35.125243609588146,1.5784827244648278,2.5499993016169888
1502,54752,196095,4,1.4162286058202359e-15,0.00039893763544231929,2.1137767126322236e-16,5.4561761004359917e-07,4.039703426093926e-16,32.006093308906465,35.130285847621082,1.5782377453706333,2.5499992949294161
1503,54768,196159,4,1.4162286058202359e-15,0.00039893763544231929,2.1137767126322236e-16,5.463153142713248e-07,4.0418000208219697e-16,32.011242669113507,35.135382534150501,1.5779928848894447,2.5499992881866
1504,54784,196223,4,1.4162286058202359e-15,0.00039893763544231929,2.1137767126322236e-16,5.470034565367174e-07,4.0449858655921871e-16,32.016393704381699,35.140521734710525,1.5777481441703642,2.5499992813881849
1505,54800,196287,4,1.4162286058202359e-15,0.00039893763544231929,2.1137767126322236e-16,5.4770067012913288e-07,4.0472913647839311e-16,32.021546406709852,35.145696555205674,1.5775035238183279,2.5499992745337758
1506,54816,196351,4,1.4162286058202359e-15,0.00039893763544231929,2.1137767126322236e-16,5.483969317608159e-07,4.0520094416977141e-16,32.026700767988132,35.150902356578342,1.5772590241950915,2.5499992676230021
1507,54832,196415,4,1.4162286058202359e-15,0.00039893763544231929,2.1137767126322236e-16,5.49092909869294e-07,4.0558152728127007e-16,32.031856779995024,35.156135745658759,1.5770146455282892,2.5499992606554458
1508,54848,196479,4,1.4162286058202359e-15,0.00039893763544231929,2.1137767126322236e-16,5.497885714254322e-07,4.0582857966046006e-16,32.037014434394841,35.161394104532796,1.5767703879622454,2.5499992536307605
1509,54864,196543,4,1.4162286058202359e-15,0.00039893763544231929,2.1137767126322236e-16,5.5048929040827006e-07,4.0593308152314694e-16,32.042173722735072,35.166675336710476,1.5765262515854614,2.5499992465485355
1510,54880,196607,4,1.4162286058202359e-15,0.00039893763544231929,2.1137767126322236e-16,5.5119059705991042e-07,4.0618157340339793e-16,32.047334636443608,35.17197771632452,1.5762822364468609,2.5499992394083901
1511,54896,196671,4,1.4162286058202359e-15,0.00039893763544231929,2.1137767126322236e-16,5.5188319381763358e-07,4.0656489468951929e-16,32.052497166826214,35.177299792080404,1.576038342566165,2.5499992322099398
1512,54912,196735,4,1.4162286058202359e-15,0.00039893763544231929,2.1137767126322236e-16,5.5258194259869193e-07,4.0685667686033308e-16,32.057661305064336,35.18264032276484,1.5757945699408547,2.5499992249527743
1513,54928,196799,4,1.4162286058202359e-15,0.00039893763544231929,2.1137767126322236e-16,5.5327924417628211e-07,4.0715668678990478e-16,32.062827042212369,35.187998232113095,1.5755509185510359,2.5499992176365169
1514,54944,196863,4,1.4162286058202359e-15,0.00039893763544231929,2.1137767126322236e-16,5.5397794263648188e-07,4.0735240682182157e-16,32.067994369195858,35.193372576147006,1.575307388362968,2.5499992102607436
1515,54960,196927,4,1.4162286058202359e-15,0.00039893763544231929,2.1137767126322236e-16,5.5467375501641798e-07,4.0771575417769161e-16,32.073163276808792,35.198762518876322,1.5750639793316668,2.549999202825072
1516,54976,196991,4,1.4162286058202359e-15,0.00039893763544231929,2.1137767126322236e-16,5.5537570856725922e-07,4.079709743450451e-16,32.078333755712059,35.204167313796987,1.5748206914029013,2.5499991953290859
1517,54992,197055,4,1.4162286058202359e-15,0.00039893763544231929,2.1137767126322236e-16,5.5607334437749096e-07,4.0817418056830064e-16,32.08350579643119,35.20958628952193,1.5745775245147517,2.5499991877723938
1518,55008,197119,4,1.4162286058202359e-15,0.00039893763544231929,2.1137767126322236e-16,5.5677499653053659e-07,4.0833044511897441e-16,32.088679389354972,35.215018838429962,1.5743344785987972,2.5499991801545945
1519,55024,197183,4,1.4162286058202359e-15,0.00039893763544231929,2.1137767126322236e-16,5.5747350356053134e-07,4.0862994798683062e-16,32.093854524733857,35.220464407562901,1.5740915535811322,2.549999172475276
1520,55040,197247,4,1.4162286058202359e-15,0.00039893763544231929,2.1137767126322236e-16,5.5816954933710279e-07,4.0902809607184169e-16,32.099031192677927,35.225922491231195,1.5738487493831275,2.5499991647340021
1521,55056,197311,4,1.4162286058202359e-15,0.00039893763544231929,2.1137767126322236e-16,5.5887150585779062e-07,4.0913414517586436e-16,32.104209383156373,35.231392624936653,1.5736060659220734,2.5499991569303861
1522,55072,197375,4,1.4162286058202359e-15,0.00039893763544231929,2.1137767126322236e-16,5.5956689465988725e-07,4.0956449333417058e-16,32.109389085995943,35.236874380325148,1.5733635031117377,2.5499991490640084
1523,55088,197439,4,1.4162286058202359e-15,0.00039893763544231929,2.1137767126322236e-16,5.6026464293571139e-07,4.1011110627706451e-16,32.11457029088001,35.242367360956642,1.5731210608628254,2.5499991411344411
1524,55104,197503,4,1.4162286058202359e-15,0.00039893763544231929,2.1137767126322236e-16,5.6096138484987485e-07,4.1036998816619461e-16,32.119752987347866,35.247871198729413,1.5728787390833061,2.5499991331412879
1525,55120,197567,4,1.4162286058202359e-15,0.00039893763544231929,2.1137767126322236e-16,5.6166496149126694e-07,4.1058517796177937e-16,32.124937164794012,35.253385550835254,1.5726365376788365,2.5499991250841134
1526,55136,197631,4,1.4162286058202359e-15,0.00039893763544231929,2.1137767126322236e-16,5.6236425733472068e-07,4.1063729178793628e-16,32.130122812467917,35.258910097146696,1.5723944565529053,2.5499991169624767
1527,55152,197695,4,1.4162286058202359e-15,0.00039893763544231929,2.1137767126322236e-16,5.6306752119853116e-07,4.1095457676421569e-16,32.135309919473187,35.264444537964124,1.5721524956071979,2.5499991087759604
1528,55168,197759,4,1.4162286058202359e-15,0.00039893763544231929,2.1137767126322236e-16,5.6376643462566407e-07,4.1113805452306669e-16,32.140498474768059,35.269988592057096,1.5719106547417028,2.5499991005241718
1529,55184,197823,4,1.4162286058202359e-15,0.00039893763544231929,2.1137767126322236e-16,5.6446392169376609e-07,4.1133498885612271e-16,32.145688467165144,35.27554199495728,1.5716689338549583,2.54999909220665
1530,55200,197887,4,1.4162286058202359e-15,0.00039893763544231929,2.1137767126322236e-16,5.6516217850724666e-07,4.1151293711937394e-16,32.150879885331754,35.281104497459843,1.5714273328441763,2.549999083822966
1531,55216,197951,4,1.4162286058202359e-15,0.00039893763544231929,2.1137767126322236e-16,5.6586252695315005e-07,4.11672442977278e-16,32.156072717790046,35.286675864302254,1.5711858516053854,2.5499990753726633
1532,55232,198015,4,1.4162286058202359e-15,0.00039893763544231929,2.1137767126322236e-16,5.6656421116388551e-07,4.1182228260933892e-16,32.161266952917984,35.292255872996044,1.5709444900335614,2.5499990668553458
1533,55248,198079,4,1.4162286058202359e-15,0.00039893763544231929,2.1137767126322236e-16,5.672642056151775e-07,4.1208591458313661e-16,32.166462578949847,35.297844312787959,1.5707032480227121,2.5499990582705401
1534,55264,198143,4,1.4162286058202359e-15,0.00039893763544231929,2.1137767126322236e-16,5.6796566606046235e-07,4.1232735743700257e-16,32.171659583977686,35.303440983733672,1.5704621254660043,2.5499990496178535
1535,55280,198207,4,1.4162286058202359e-15,0.00039893763544231929,2.1137767126322236e-16,5.6866691964344214e-07,4.1236537507154582e-16,32.176857955952038,35.309045695868448,1.5702211222558324,2.5499990408967781
1536,55296,198271,4,1.4162286058202359e-15,0.00039893763544231929,2.1137767126322236e-16,5.6936808204935603e-07,4.1258338224429692e-16,32.182057682683613,35.314658268462537,1.5699802382838939,2.5499990321069133
1537,55312,198335,4,1.4162286058202359e-15,0.00039893763544231929,2.1137767126322236e-16,5.7007148022239691e-07,4.1300123832099237e-16,32.187258751845398,35.320278529350361,1.5697394734412757,2.549999023247814
1538,55328,198399,4,1.4162286058202359e-15,0.00039893763544231929,2.1137767126322236e-16,5.7076878390941084e-07,4.1323997360591829e-16,32.192461150974069,35.325906314324449,1.56949882761848,2.5499990143189972
1539,55344,198463,4,1.4162286058202359e-15,0.00039893763544231929,2.1137767126322236e-16,5.7147398147641888e-07,4.1369437224732965e-16,32.197664867472852,35.331541466586522,1.5692583007054948,2.5499990053200436
1540,55360,198527,4,1.4162286058202359e-15,0.00039893763544231929,2.1137767126322236e-16,5.7217228800013538e-07,4.139982171930163e-16,32.202869888613925,35.337183836248315,1.5690178925918694,2.5499989962504688
1541,55376,198591,4,1.4162286058202359e-15,0.00039893763544231929,2.1137767126322236e-16,5.7287379049511728e-07,4.1437415051549665e-16,32.208076201541502,35.342833279878249,1.5687776031667384,2.5499989871098392
1542,55392,198655,4,1.4162286058202359e-15,0.00039893763544231929,2.1137767126322236e-16,5.7358134706400805e-07,4.1451657199182419e-16,32.21328379327516,35.348489660085988,1.5685374323188708,2.5499989778976988
1543,55408,198719,4,1.4162286058202359e-15,0.00039893763544231929,2.1137767126322236e-16,5.7427818648350866e-07,4.1469841048549626e-16,32.218492650713848,35.354152845144284,1.5682973799366846,2.5499989686135796
1544,55424,198783,4,1.4162286058202359e-15,0.00039893763544231929,2.1137767126322236e-16,5.7498051054352879e-07,4.151906646340508e-16,32.223702760639569,35.359822708640699,1.568057445908325,2.5499989592570214
1545,55440,198847,4,1.4162286058202359e-15,0.00039893763544231929,2.1137767126322236e-16,5.756829079337797e-07,4.1550491757979491e-16,32.228914109722439,35.365499129158799,1.567817630121652,2.5499989498275419
1546,55456,198911,4,1.4162286058202359e-15,0.00039893763544231929,2.1137767126322236e-16,5.763850841676041e-07,4.1574949007150846e-16,32.234126684525322,35.371181989984244,1.5675779324642909,2.5499989403246861
1547,55472,198975,4,1.4162286058202359e-15,0.00039893763544231929,2.1137767126322236e-16,5.7708385662416846e-07,4.1599575559514076e-16,32.239340471509202,35.376871178834158,1.5673383528236569,2.5499989307479858
1548,55488,199039,4,1.4162286058202359e-15,0.00039893763544231929,2.1137767126322236e-16,5.7778674634281963e-07,4.1614109226274209e-16,32.244555457039489,35.38256658760681,1.5670988910869859,2.54999892109696
1549,55504,199103,4,1.4162286058202359e-15,0.00039893763544231929,2.1137767126322236e-16,5.7849207566554512e-07,4.1642734183602882e-16,32.249771627391858,35.388268112150371,1.566859547141346,2.5499989113711581
1550,55520,199167,4,1.4162286058202359e-15,0.00039893763544231929,2.1137767126322236e-16,5.7919763624772664e-07,4.1673567051422582e-16,32.254988968759086,35.393975652048454,1.5666203208736538,2.5499989015700586
1551,55536,199231,4,1.4162286058202359e-15,0.00039893763544231929,2.1137767126322236e-16,5.7989875035893896e-07,4.1699443969999747e-16,32.260207467258077,35.399689110421079,1.5663812121707288,2.5499988916932286
1552,55552,199295,4,1.4162286058202359e-15,0.00039893763544231929,2.1137767126322236e-16,5.806035297326892e-07,4.1717486785072514e-16,32.26542710893743,35.405408393740075,1.5661422209192291,2.5499988817401484
1553,55568,199359,4,1.4162286058202359e-15,0.00039893763544231929,2.1137767126322236e-16,5.8130824976501878e-07,4.1761833033725793e-16,32.270647879785351,35.411133411656444,1.5659033470058072,2.5499988717103603
1554,55584,199423,4,1.4162286058202359e-15,0.00039893763544231929,2.1137767126322236e-16,5.8200989261994658e-07,4.1797440243284542e-16,32.275869765737816,35.416864076840668,1.5656645903169595,2.5499988616033837
1555,55600,199487,4,1.4162286058202359e-15,0.00039893763544231929,2.1137767126322236e-16,5.8271208597896114e-07,4.1808250191081145e-16,32.281092752687051,35.422600304832507,1.5654259507391663,2.5499988514187093
1556,55616,199551,4,1.4162286058202359e-15,0.00039893763544231929,2.1137767126322236e-16,5.8340910553214749e-07,4.184003789416143e-16,32.286316826490591,35.428342013901279,1.5651874281588354,2.5499988411558587
1557,55632,199615,4,1.4162286058202359e-15,0.00039893763544231929,2.1137767126322236e-16,5.8410774145903539e-07,4.1871569171251824e-16,32.291541972980383,35.434089124915538,1.5649490224623634,2.5499988308143307
1558,55648,199679,4,1.4162286058202359e-15,0.00039893763544231929,2.1137767126322236e-16,5.8480844026356977e-07,4.1908363054117341e-16,32.296768177972353,35.439841561219843,1.5647107335361059,2.5499988203936397
1559,55664,199743,4,1.4162286058202359e-15,0.00039893763544231929,2.1137767126322236e-16,5.8551456853053936e-07,4.1939008524169267e-16,32.301995427275656,35.445599248520566,1.5644725612664145,2.54999880989328
1560,55680,199807,4,1.4162286058202359e-15,0.00039893763544231929,2.1137767126322236e-16,5.8621772090020259e-07,4.1962247873965729e-16,32.307223706702793,35.451362114777496,1.5642345055396354,2.5499987993127329
1561,55696,199871,4,1.4162286058202359e-15,0.00039893763544231929,2.1137767126322236e-16,5.8691772878519317e-07,4.1986685126045776e-16,32.312453002079486,35.457025609114581,1.5639965710996384,2.5499987886515347
1562,55712,199935,4,1.4162286058202359e-15,0.00039893763544231929,2.1137767126322236e-16,5.8762293190331634e-07,4.200340161904486e-16,32.317683299254895,35.462612330300921,1.5637587568136351,2.5499987779091549
1563,55728,199999,4,1.4162286058202359e-15,0.00039893763544231929,2.1137767126322236e-16,5.8832647687559665e-07,4.2053322796193048e-16,32.322914584111501,35.468150929177341,1.5635210612387485,2.5499987670850821
1564,55744,200063,4,1.4162286058202359e-15,0.00039893763544231929,2.1137767126322236e-16,5.8902839662014679e-07,4.208763009141917e-16,32.328146842575563,35.47365187667107,1.5632834837737677,2.5499987561788209
1565,55760,200127,4,1.4162286058202359e-15,0.00039893763544231929,2.1137767126322236e-16,5.8973735426273905e-07,4.2102414559341029e-16,32.333380060627285,35.479121216790944,1.5630460240224151,2.5499987451898423
1566,55776,200191,4,1.4162286058202359e-15,0.00039893763544231929,2.1137767126322236e-16,5.9044387113552283e-07,4.2117160646082466e-16,32.338614224310895,35.484563013285921,1.562808681680139,2.5499987341176498
1567,55792,200255,4,1.4162286058202359e-15,0.00039893763544231929,2.1137767126322236e-16,5.9114725526424245e-07,4.214718593747013e-16,32.343849319744947,35.489980236071872,1.5625714564931306,2.5499987229617296
1568,55808,200319,4,1.4162286058202359e-15,0.00039893763544231929,2.1137767126322236e-16,5.9184553975003191e-07,4.2182522286737298e-16,32.349085333132372,35.495375174616399,1.5623343482392105,2.5499987117215372
1569,55824,200383,4,1.4162286058202359e-15,0.00039893763544231929,2.1137767126322236e-16,5.9254993815075125e-07,4.220806556201439e-16,32.35432225077011,35.500749660882313,1.5620973567174765,2.5499987003965585
1570,55840,200447,4,1.4162286058202359e-15,0.00039893763544231929,2.1137767126322236e-16,5.9325223220699414e-07,4.2226973732084979e-16,32.359560059059504,35.506105201769458,1.5618604817422423,2.5499986889863022
1571,55856,200511,4,1.4162286058202359e-15,0.00039893763544231929,2.1137767126322236e-16,5.9395619506722093e-07,4.2242978146653747e-16,32.364798744515433,35.511443063463865,1.5616237231390679,2.5499986774901946
1572,55872,200575,4,1.4162286058202359e-15,0.00039893763544231929,2.1137767126322236e-16,5.9466318453419071e-07,4.2261665459500785e-16,32.370038293775892,35.516764328064902,1.5613870807422108,2.54999866590774
1573,55888,200639,4,1.4162286058202359e-15,0.00039893763544231929,2.1137767126322236e-16,5.9536523423034588e-07,4.230950844875751e-16,32.375278693611257,35.522069933210254,1.5611505543927322,2.549998654238379
1574,55904,200703,4,1.4162286058202359e-15,0.00039893763544231929,2.1137767126322236e-16,5.9607056713354063e-07,4.234054002603986e-16,32.380519930933517,35.527360700747103,1.5609141439372105,2.5499986424815919
1575,55920,200767,4,1.4162286058202359e-15,0.00039893763544231929,2.1137767126322236e-16,5.9678004455479745e-07,4.2359147557316817e-16,32.385761992804397,35.532637358057045,1.5606778492267261,2.5499986306368512
1576,55936,200831,4,1.4162286058202359e-15,0.00039893763544231929,2.1137767126322236e-16,5.9748475195834012e-07,4.2380168346671866e-16,32.391004866444327,35.537900554290516,1.5604416701161614,2.5499986187035981
1577,55952,200895,4,1.4162286058202359e-15,0.00039893763544231929,2.1137767126322236e-16,5.9819127688024083e-07,4.2400211718735608e-16,32.396248539240496,35.543150872972213,1.5602056064635348,2.5499986066813007
1578,55968,200959,4,1.4162286058202359e-15,0.00039893763544231929,2.1137767126322236e-16,5.9889389367831698e-07,4.2422825203001098e-16,32.401492998754613,35.548388841956246,1.5599696581296454,2.5499985945694092
1579,55984,201023,4,1.4162286058202359e-15,0.00039893763544231929,2.1137767126322236e-16,5.9960053783817053e-07,4.2448261689261109e-16,32.406738232730461,35.55361494140643,1.5597338249776054,2.5499985823673854
1580,56000,201087,4,1.4162286058202359e-15,0.00039893763544231929,2.1137767126322236e-16,6.0030470278674337e-07,4.2469014554815753e-16,32.411984229101357,35.558829610277556,1.5594981068726306,2.5499985700746879
1581,56016,201151,4,1.4162286058202359e-15,0.00039893763544231929,2.1137767126322236e-16,6.0100572802460257e-07,4.2501045800547889e-16,32.417230975996681,35.564033251640112,1.5592625036817263,2.549998557690738
1582,56032,201215,4,1.4162286058202359e-15,0.00039893763544231929,2.1137767126322236e-16,6.0170849767263363e-07,4.2532389493754871e-16,32.422478461748611,35.56922623710031,1.5590270152735042,2.5499985452149976
1583,56048,201279,4,1.4162286058202359e-15,0.00039893763544231929,2.1137767126322236e-16,6.0241835284727458e-07,4.257538359161984e-16,32.427726674898402,35.574408910504239,1.558791641518023,2.5499985326469328
1584,56064,201343,4,1.4162286058202359e-15,0.00039893763544231929,2.1137767126322236e-16,6.0312248571040201e-07,4.2589446944163191e-16,32.432975604202099,35.579581591065967,1.5585563822866368,2.549998519985925
1585,56080,201407,4,1.4162286058202359e-15,0.00039893763544231929,2.1137767126322236e-16,6.0383048303783355e-07,4.2607008650312182e-16,32.438225238636264,35.584744576032179,1.5583212374518798,2.5499985072314657
1586,56096,201471,4,1.4162286058202359e-15,0.00039893763544231929,2.1137767126322236e-16,6.0453898351833986e-07,4.2630297300073153e-16,32.44347556740275,35.589898142965268,1.5580862068873484,2.5499984943829732
1587,56112,201535,4,1.4162286058202359e-15,0.00039893763544231929,2.1137767126322236e-16,6.0524132972730933e-07,4.2651977269658347e-16,32.448726579933897,35.595042551713384,1.5578512904676121,2.5499984814398831
1588,56128,201599,4,1.4162286058202359e-15,0.00039893763544231929,2.1137767126322236e-16,6.0594580625997403e-07,4.2664916793941968e-16,32.453978265896566,35.6001780461199,1.5576164880681544,2.5499984684016277
1589,56144,201663,4,1.4162286058202359e-15,0.00039893763544231929,2.1137767126322236e-16,6.0665297311282758e-07,4.271332729113745e-16,32.459230615196482,35.605304855515023,1.5573817995652741,2.5499984552676169
1590,56160,201727,4,1.4162286058202359e-15,0.00039893763544231929,2.1137767126322236e-16,6.0736031385436235e-07,4.2732370601840615e-16,32.464483617982204,35.610423196022708,1.5571472248360441,2.5499984420372805
1591,56176,201791,4,1.4162286058202359e-15,0.00039893763544231929,2.1137767126322236e-16,6.080721087274052e-07,4.2785742114759884e-16,32.469737264647748,35.615533271712685,1.5569127637582625,2.5499984287100754
1592,56192,201855,4,1.4162286058202359e-15,0.00039893763544231929,2.1137767126322236e-16,6.0877849681431813e-07,4.2825225637425663e-16,32.474991545836254,35.620635275618866,1.5566784162103826,2.5499984152853905
1593,56208,201919,4,1.4162286058202359e-15,0.00039893763544231929,2.1137767126322236e-16,6.0948801770080636e-07,4.284112419355554e-16,32.480246452442252,35.625729390644146,1.5564441820715098,2.5499984017626427
1594,56224,201983,4,1.4162286058202359e-15,0.00039893763544231929,2.1137767126322236e-16,6.1019212314142508e-07,4.2872641677409219e-16,32.4855019756139,35.630815790366945,1.5562100612213199,2.5499983881412391
1595,56240,202047,4,1.4162286058202359e-15,0.00039893763544231929,2.1137767126322236e-16,6.1090224171647862e-07,4.2895986844285543e-16,32.490758106754974,35.635894639762206,1.5559760535400515,2.5499983744206132
1596,56256,202111,4,1.4162286058202359e-15,0.00039893763544231929,2.1137767126322236e-16,6.1160741546920279e-07,4.2938165073232836e-16,32.496014837526204,35.640966095849372,1.5557421589084861,2.5499983606001639
1597,56272,202175,4,1.4162286058202359e-15,0.00039893763544231929,2.1137767126322236e-16,6.1231656731755764e-07,4.2962773531020166e-16,32.501272159846323,35.646030308274845,1.5555083772078973,2.5499983466792924
1598,56288,202239,4,1.4162286058202359e-15,0.00039893763544231929,2.1137767126322236e-16,6.1302303561808409e-07,4.2987510884226447e-16,32.50653006589274,35.651087419838397,1.5552747083200438,2.5499983326574416
1599,56304,202303,4,1.4162286058202359e-15,0.00039893763544231929,2.1137767126322236e-16,6.1372970989273718e-07,4.3025789246098767e-16,32.5117885481014,35.656137566969676,1.5550411521271372,2.5499983185339556
1600,56320,202367,4,1.4162286058202359e-15,0.00039893763544231929,2.1137767126322236e-16,6.144368469638581e-07,4.3062856512156733e-16,32.517047599166808,35.661180880160416,1.5548077085118177,2.5499983043082737
1601,56336,202431,4,1.4162286058202359e-15,0.00039893763544231929,2.1137767126322236e-16,6.151484560133222e-07,4.3102338401140803e-16,32.52230721204117,35.666217484358285,1.5545743773571541,2.5499982899797744
1602,56352,202495,4,1.4162286058202359e-15,0.00039893763544231929,2.1137767126322236e-16,6.1585757386109692e-07,4.3133526522354079e-16,32.527567379933004,35.671247499325879,1.554341158546618,2.5499982755478587
1603,56368,202559,4,1.4162286058202359e-15,0.00039893763544231929,2.1137767126322236e-16,6.1656708417271084e-07,4.315626201575992e-16,32.532828096305572,35.676271039968427,1.5541080519640644,2.5499982610119005
1604,56384,202623,4,1.4162286058202359e-15,0.00039893763544231929,2.1137767126322236e-16,6.1727001635739271e-07,4.3189084769940693e-16,32.538089354874479,35.681288216634698,1.5538750574937314,2.5499982463713207
1605,56400,202687,4,1.4162286058202359e-15,0.00039893763544231929,2.1137767126322236e-16,6.179844798180087e-07,4.3195619662215984e-16,32.543351149605158,35.686299135392943,1.5536421750201808,2.5499982316254806
1606,56416,202751,4,1.4162286058202359e-15,0.00039893763544231929,2.1137767126322236e-16,6.1869255930194407e-07,4.3223295657266421e-16,32.548613474709249,35.691303898284019,1.5534094044283693,2.5499982167737683
1607,56432,202815,4,1.4162286058202359e-15,0.00039893763544231929,2.1137767126322236e-16,6.1940337556890186e-07,4.3250247290254445e-16,32.553876324641259,35.696302603555942,1.5531767456035752,2.5499982018155714
1608,56448,202879,4,1.4162286058202359e-15,0.00039893763544231929,2.1137767126322236e-16,6.2011629448724599e-07,4.328215454161276e-16,32.559139694093794,35.701295345878961,1.5529441984313908,2.5499981867502557
1609,56464,202943,4,1.4162286058202359e-15,0.00039893763544231929,2.1137767126322236e-16,6.2082607166871946e-07,4.3310553782031782e-16,32.564403577993396,35.706282216545226,1.55271176279775,2.5499981715772018
1610,56480,203007,4,1.4162286058202359e-15,0.00039893763544231929,2.1137767126322236e-16,6.2154021743901695e-07,4.3342742771106732e-16,32.569667971494532,35.711263303653695,1.5524794385888909,2.5499981562957674
1611,56496,203071,4,1.4162286058202359e-15,0.00039893763544231929,2.1137767126322236e-16,6.2225493100512481e-07,4.3368534490080804e-16,32.574932869974582,35.71623869228079,1.5522472256913364,2.5499981409053638
1612,56512,203135,4,1.4162286058202359e-15,0.00039893763544231929,2.1137767126322236e-16,6.2296251363650108e-07,4.3396742548380751e-16,32.580198269027029,35.721208464639957,1.5520151239919149,2.5499981254053163
1613,56528,203199,4,1.4162286058202359e-15,0.00039893763544231929,2.1137767126322236e-16,6.2367006881761307e-07,4.3421852960043293e-16,32.58546416445521,35.726172700229483,1.5517831333777472,2.5499981097950255
1614,56544,203263,4,1.4162286058202359e-15,0.00039893763544231929,2.1137767126322236e-16,6.243779024704152e-07,4.3459603125735467e-16,32.590730552265001,35.73113147597013,1.5515512537362461,2.5499980940737896
1615,56560,203327,4,1.4162286058202359e-15,0.00039893763544231929,2.1137767126322236e-16,6.2508929349983284e-07,4.3480566880987282e-16,32.595997428657434,35.736084866333471,1.551319484955058,2.5499980782410243
1616,56576,203391,4,1.4162286058202359e-15,0.00039893763544231929,2.1137767126322236e-16,6.2579451318803465e-07,4.3519752659991573e-16,32.601264790021055,35.741032943462216,1.551087826922166,2.5499980622960718
1617,56592,203455,4,1.4162286058202359e-15,0.00039893763544231929,2.1137767126322236e-16,6.2650008806433761e-07,4.3537329420827712e-16,32.60653263292334,35.74597577728197,1.5508562795257612,2.5499980462382812
1618,56608,203519,4,1.4162286058202359e-15,0.00039893763544231929,2.1137767126322236e-16,6.2720550223585776e-07,4.3580561271080244e-16,32.611800954102463,35.750913435606634,1.550624842654313,2.5499980300670075
1619,56624,203583,4,1.4162286058202359e-15,0.00039893763544231929,2.1137767126322236e-16,6.2791608627191437e-07,4.3601649889245524e-16,32.617069750458718,35.755845984235968,1.5503935161965401,2.5499980137815919
1620,56640,203647,4,1.4162286058202359e-15,0.00039893763544231929,2.1137767126322236e-16,6.286230651084987e-07,4.3634025055996844e-16,32.622339019045285,35.760773487048588,1.5501623000414047,2.5499979973813898
1621,56656,203711,4,1.4162286058202359e-15,0.00039893763544231929,2.1137767126322236e-16,6.2933561748671125e-07,4.3657808297725576e-16,32.627608757059072,35.765770480425871,1.5499311908314808,2.5499979808657116
1622,56672,203775,4,1.4162286058202359e-15,0.00039893763544231929,2.1137767126322236e-16,6.3004508005873512e-07,4.3680813679485778e-16,32.632878961831395,35.770820867843298,1.549700189137428,2.5499979642339357
1623,56688,203839,4,1.4162286058202359e-15,0.00039893763544231929,2.1137767126322236e-16,6.3075608456400674e-07,4.3701844002097387e-16,32.638149630818589,35.775904238568032,1.5494692957374199,2.549997947485386
1624,56704,203903,4,1.4162286058202359e-15,0.00039893763544231929,2.1137767126322236e-16,6.3146830687291406e-07,4.3737621238631046e-16,32.643420761592175,35.781013140297809,1.5492385108473219,2.5499979306193823
1625,56720,203967,4,1.4162286058202359e-15,0.00039893763544231929,2.1137767126322236e-16,6.3218084170960282e-07,4.3767351412655667e-16,32.648692351829411,35.786143275998548,1.5490078345462774,2.5499979136352642
1626,56736,204031,4,1.4162286058202359e-15,0.00039893763544231929,2.1137767126322236e-16,6.3288962982113923e-07,4.3800180680883763e-16,32.653964399303447,35.791291759929848,1.5487772668523911,2.5499978965323562
1627,56752,204095,4,1.4162286058202359e-15,0.00039893763544231929,2.1137767126322236e-16,6.3359786451425344e-07,4.3821541710304271e-16,32.659236901873697,35.796456485807589,1.5485468077500775,2.549997879309982
1628,56768,204159,4,1.4162286058202359e-15,0.00039893763544231929,2.1137767126322236e-16,6.3430915395826433e-07,4.3841787576181966e-16,32.664509857476055,35.801635832151753,1.5483164572029109,2.5499978619674817
1629,56784,204223,4,1.4162286058202359e-15,0.00039893763544231929,2.1137767126322236e-16,6.35016758211234e-07,4.3841085775470761e-16,32.669783264113427,35.806828503379698,1.5480862151604668,2.5499978445041651
1630,56800,204287,4,1.4162286058202359e-15,0.00039893763544231929,2.1137767126322236e-16,6.3572382525503763e-07,4.3869225922242417e-16,32.675057119846109,35.81203343541015,1.5478560815624378,2.5499978269193404
1631,56816,204351,4,1.4162286058202359e-15,0.00039893763544231929,2.1137767126322236e-16,6.3643567377960815e-07,4.390095551588467e-16,32.680331422782224,35.817249735546483,1.5476260563412358,2.5499978092123161
1632,56832,204415,4,1.4162286058202359e-15,0.00039893763544231929,2.1137767126322236e-16,6.3714898227521162e-07,4.3921654656058528e-16,32.685606171068564,35.822476642120449,1.5473961394237625,2.5499977913824159
1633,56848,204479,4,1.4162286058202359e-15,0.00039893763544231929,2.1137767126322236e-16,6.378566006280137e-07,4.3949402264270497e-16,32.690881362881434,35.827713496253686,1.5471663307326096,2.5499977734289621
1634,56864,204543,4,1.4162286058202359e-15,0.00039893763544231929,2.1137767126322236e-16,6.3856603802573049e-07,4.3975877999572604e-16,32.696156996417606,35.832959721428445,1.5469366301869389,2.5499977553512156
1635,56880,204607,4,1.4162286058202359e-15,0.00039893763544231929,2.1137767126322236e-16,6.3927720823178853e-07,4.3997909065968796e-16,32.701433069885731,35.838214808292513,1.5467070377031817,2.5499977371485198
1636,56896,204671,4,1.4162286058202359e-15,0.00039893763544231929,2.1137767126322236e-16,6.3998981220761615e-07,4.4029341908566296e-16,32.706709581497414,35.843478303093832,1.5464775531955064,2.5499977188201459
1637,56912,204735,4,1.4162286058202359e-15,0.00039893763544231929,2.1137767126322236e-16,6.4070899686388878e-07,4.4053255100369259e-16,32.711986529459281,35.848749798700673,1.5462481765762133,2.5499977003654242
1638,56928,204799,4,1.4162286058202359e-15,0.00039893763544231929,2.1137767126322236e-16,6.4141977230239484e-07,4.406723902289429e-16,32.717263911964594,35.854028927510946,1.5460189077560365,2.5499976817836063
1639,56944,204863,4,1.4162286058202359e-15,0.00039893763544231929,2.1137767126322236e-16,6.4212860537796375e-07,4.4086530487781221e-16,32.722541727185593,35.859315355769262,1.5457897466444199,2.5499976630740169
1640,56960,204927,4,1.4162286058202359e-15,0.00039893763544231929,2.1137767126322236e-16,6.4284028734132499e-07,4.4114535163048056e-16,32.727819973265859,35.864608778951471,1.5455606931496761,2.5499976442359
1641,56976,204991,4,1.4162286058202359e-15,0.00039893763544231929,2.1137767126322236e-16,6.4355048851697156e-07,4.4141435655594709e-16,32.733098648313117,35.869908917974072,1.545331747179205,2.549997625268599
1642,56992,205055,4,1.4162286058202359e-15,0.00039893763544231929,2.1137767126322236e-16,6.4425850913133105e-07,4.4160249092805646e-16,32.738377750391962,35.87521551604771,1.5451029086395531,2.5499976061713254
1643,57008,205119,4,1.4162286058202359e-15,0.00039893763544231929,2.1137767126322236e-16,6.4496881167033977e-07,4.4173388588002352e-16,32.743657277517428,35.88052833604182,1.5448741774366135,2.5499975869434266
1644,57024,205183,4,1.4162286058202359e-15,0.00039893763544231929,2.1137767126322236e-16,6.4568142413937353e-07,4.4208302351374082e-16,32.748937227648412,35.885847158257754,1.5446455534756316,2.5499975675841493
1645,57040,205247,4,1.4162286058202359e-15,0.00039893763544231929,2.1137767126322236e-16,6.4639493500087881e-07,4.4259775857018817e-16,32.75421759868177,35.891171778534257,1.5444170366613801,2.5499975480927484
1646,57056,205311,4,1.4162286058202359e-15,0.00039893763544231929,2.1137767126322236e-16,6.4711096914951889e-07,4.4273458437646695e-16,32.759498388446048,35.896502006623024,1.5441886268981746,2.5499975284685159
1647,57072,205375,4,1.4162286058202359e-15,0.00039893763544231929,2.1137767126322236e-16,6.4782323381343461e-07,4.4298191779027005e-16,32.764779594696527,35.901837664788033,1.5439603240899114,2.5499975087107236
1648,57088,205439,4,1.4162286058202359e-15,0.00039893763544231929,2.1137767126322236e-16,6.4854131751704487e-07,4.4348870674295807e-16,32.770061215109578,35.907178586590618,1.5437321281402065,2.5499974888186281
1649,57104,205503,4,1.4162286058202359e-15,0.00039893763544231929,2.1137767126322236e-16,6.4924954196835167e-07,4.4376825615328312e-16,32.775343247277917,35.912524615829405,1.5435040389523409,2.5499974687914988
1650,57120,205567,4,1.4162286058202359e-15,0.00039893763544231929,2.1137767126322236e-16,6.4996013724541641e-07,4.4408983461053199e-16,32.780625688706095,35.917875605611506,1.5432760564293826,2.5499974486285653
1651,57136,205631,4,1.4162286058202359e-15,0.00039893763544231929,2.1137767126322236e-16,6.506762485545567e-07,4.4430801218248928e-16,32.785908536806055,35.923231417534375,1.5430481804741638,2.5499974283291142
1652,57152,205695,4,1.4162286058202359e-15,0.00039893763544231929,2.1137767126322236e-16,6.5139411945616872e-07,4.4436968097869695e-16,32.791191788893272,35.928591920962603,1.5428204109893395,2.5499974078923739
1653,57168,205759,4,1.4162286058202359e-15,0.00039893763544231929,2.1137767126322236e-16,6.5210901196247257e-07,4.4456760151783828e-16,32.796475442183088,35.933956992385738,1.5425927478774188,2.5499973873175983
1654,57184,205823,4,1.4162286058202359e-15,0.00039893763544231929,2.1137767126322236e-16,6.5283047354739083e-07,4.4459821278397187e-16,32.801759493787515,35.939326514845938,1.5423651910407739,2.5499973666040501
1655,57200,205887,4,1.4162286058202359e-15,0.00039893763544231929,2.1137767126322236e-16,6.5354485332494634e-07,4.4511663355043361e-16,32.8070439407119,35.944700377426358,1.5421377403816665,2.5499973457509433
1656,57216,205951,4,1.4162286058202359e-15,0.00039893763544231929,2.1137767126322236e-16,6.5425583898418211e-07,4.4544409140068136e-16,32.812328779852905,35.950078474791852,1.5419103958022853,2.549997324757546
1657,57232,206015,4,1.4162286058202359e-15,0.00039893763544231929,2.1137767126322236e-16,6.5497109544934902e-07,4.4587898677760994e-16,32.817614007995523,35.955460706775789,1.5416831572047358,2.5499973036230763
1658,57248,206079,4,1.4162286058202359e-15,0.00039893763544231929,2.1137767126322236e-16,6.5568547303421405e-07,4.4603703721122621e-16,32.822899621811573,35.960846978006984,1.5414560244910649,2.5499972823467929
1659,57264,206143,4,1.4162286058202359e-15,0.00039893763544231929,2.1137767126322236e-16,6.5639620103844138e-07,4.4619609556441888e-16,32.828185617858068,35.966237197572561,1.5412289975632989,2.5499972609278863
1660,57280,206207,4,1.4162286058202359e-15,0.00039893763544231929,2.1137767126322236e-16,6.5710906949714904e-07,4.4668270627324428e-16,32.833471992576008,35.971631278711271,1.541002076323414,2.5499972393656156
1661,57296,206271,4,1.4162286058202359e-15,0.00039893763544231929,2.1137767126322236e-16,6.5782889056101497e-07,4.4682233146551109e-16,32.838758742289393,35.977029138534924,1.5407752606733982,2.5499972176591932
1662,57312,206335,4,1.4162286058202359e-15,0.00039893763544231929,2.1137767126322236e-16,6.5854273287960425e-07,4.473348496779168e-16,32.844045863205039,35.982430697774646,1.540548550515207,2.5499971958078396
1663,57328,206399,4,1.4162286058202359e-15,0.00039893763544231929,2.1137767126322236e-16,6.5925902446120816e-07,4.4774053751421129e-16,32.849333351412518,35.98783588054868,1.540321945750819,2.5499971738107741
1664,57344,206463,4,1.4162286058202359e-15,0.00039893763544231929,2.1137767126322236e-16,6.5997263921183298e-07,4.4814823436541851e-16,32.85462120288436,35.993244614149766,1.5400954462822325,2.549997151667216
1665,57360,206527,4,1.4162286058202359e-15,0.00039893763544231929,2.1137767126322236e-16,6.6068216870254965e-07,4.4821895913497241e-16,32.859909413477155,35.998656828849988,1.5398690520114298,2.5499971293763819
1666,57376,206591,4,1.4162286058202359e-15,0.00039893763544231929,2.1137767126322236e-16,6.6138964153286879e-07,4.483459481094067e-16,32.865197978932429,36.004072457722067,1.5396427628404747,2.5499971069374761
1667,57392,206655,4,1.4162286058202359e-15,0.00039893763544231929,2.1137767126322236e-16,6.621031816209952e-07,4.4878304006445192e-16,32.870486894878383,36.009491436473731,1.5394165786714402,2.5499970843496857
1668,57408,206719,4,1.4162286058202359e-15,0.00039893763544231929,2.1137767126322236e-16,6.6282060268799321e-07,4.4894781278811126e-16,32.875776156832153,36.014913703295889,1.5391904994064405,2.5499970616122454
1669,57424,206783,4,1.4162286058202359e-15,0.00039893763544231929,2.1137767126322236e-16,6.6353403350241842e-07,4.4931256118114381e-16,32.881065760201658,36.020339198721558,1.5389645249476669,2.5499970387243276
1670,57440,206847,4,1.4162286058202359e-15,0.00039893763544231929,2.1137767126322236e-16,6.6424774017950967e-07,4.4952568633391963e-16,32.886355700288924,36.025767865495645,1.5387386551973261,2.5499970156851681
1671,57456,206911,4,1.4162286058202359e-15,0.00039893763544231929,2.1137767126322236e-16,6.6496885476422158e-07,4.4992036377587558e-16,32.89164597229307,36.03119964845439,1.5385128900577179,2.549996992493917
1672,57472,206975,4,1.4162286058202359e-15,0.00039893763544231929,2.1137767126322236e-16,6.6567951326848758e-07,4.501536822685602e-16,32.896936571313859,36.036634494413235,1.5382872294311778,2.5499969691497943
1673,57488,207039,4,1.4162286058202359e-15,0.00039893763544231929,2.1137767126322236e-16,6.6639055768627693e-07,4.5067231644761997e-16,32.902227492355543,36.042072352062753,1.5380616732201247,2.549996945651972
1674,57504,207103,4,1.4162286058202359e-15,0.00039893763544231929,2.1137767126322236e-16,6.6710577171316872e-07,4.5094832345697177e-16,32.907518730331113,36.047513171871245,1.5378362213270529,2.5499969219996466
1675,57520,207167,4,1.4162286058202359e-15,0.00039893763544231929,2.1137767126322236e-16,6.6781915698069434e-07,4.5110059768837058e-16,32.91281028006685,36.052956905994876,1.5376108736545306,2.5499968981919676
1676,57536,207231,4,1.4162286058202359e-15,0.00039893763544231929,2.1137767126322236e-16,6.6853692224458556e-07,4.5147663957830632e-16,32.918102136307269,36.058403508192903,1.5373856301052071,2.5499968742281478
1677,57552,207295,4,1.4162286058202359e-15,0.00039893763544231929,2.1137767126322236e-16,6.6925454309621686e-07,4.5174591561221862e-16,32.923394293720101,36.063852933749097,1.5371604905818057,2.5499968501073309
1678,57568,207359,4,1.4162286058202359e-15,0.00039893763544231929,2.1137767126322236e-16,6.6996596743232524e-07,4.5201956019374096e-16,32.928686746901754,36.069305139397812,1.5369354549871332,2.5499968258287105
1679,57584,207423,4,1.4162286058202359e-15,0.00039893763544231929,2.1137767126322236e-16,6.7068336696099657e-07,4.5235014664786054e-16,32.933979490382711,36.074760083255107,1.5367105232240956,2.5499968013914702
1680,57600,207487,4,1.4162286058202359e-15,0.00039893763544231929,2.1137767126322236e-16,6.7139692561760307e-07,4.5243920111940315e-16,32.939272518633459,36.080217724753737,1.536485695195682,2.5499967767947465
1681,57616,207551,4,1.4162286058202359e-15,0.00039893763544231929,2.1137767126322236e-16,6.7211107546797018e-07,4.5250862266590197e-16,32.944565826070573,36.085736591780389,1.5362609756874024,2.5499967520377216
1682,57632,207615,4,1.4162286058202359e-15,0.00039893763544231929,2.1137767126322236e-16,6.7283039246282734e-07,4.5273794298109581e-16,32.94985940706232,36.091303940378261,1.5360363635779237,2.5499967271195296
1683,57648,207679,4,1.4162286058202359e-15,0.00039893763544231929,2.1137767126322236e-16,6.7354978195524802e-07,4.5292197660531844e-16,32.955153255935556,36.09690363632803,1.5358118574344348,2.5499967020393495
1684,57664,207743,4,1.4162286058202359e-15,0.00039893763544231929,2.1137767126322236e-16,6.7426662079353634e-07,4.5317237823880866e-16,32.960447366981441,36.102529738377058,1.5355874566701575,2.5499966767963249
1685,57680,207807,4,1.4162286058202359e-15,0.00039893763544231929,2.1137767126322236e-16,6.7499136414220424e-07,4.5353655029374942e-16,32.965741734462334,36.108178788856179,1.5353631609043665,2.5499966513895931
1686,57696,207871,4,1.4162286058202359e-15,0.00039893763544231929,2.1137767126322236e-16,6.757048907411209e-07,4.5381046184781446e-16,32.971036352617702,36.113848442108747,1.5351389698486324,2.5499966258183235
1687,57712,207935,4,1.4162286058202359e-15,0.00039893763544231929,2.1137767126322236e-16,6.7642385332503303e-07,4.5409320562287004e-16,32.976331215671173,36.119536967519224,1.5349148832655517,2.5499966000816556
1688,57728,207999,4,1.4162286058202359e-15,0.00039893763544231929,2.1137767126322236e-16,6.7714173521785299e-07,4.5432609729035858e-16,32.981626317836366,36.125243017710616,1.5346909009495642,2.5499965741787078
1689,57744,208063,4,1.4162286058202359e-15,0.00039893763544231929,2.1137767126322236e-16,6.7786088820501384e-07,4.5444644338408861e-16,32.986921653323833,36.130965503499439,1.5344670227165806,2.5499965481086275
1690,57760,208127,4,1.4162286058202359e-15,0.00039893763544231929,2.1137767126322236e-16,6.7857666800155898e-07,4.5492674332522569e-16,32.992217216347314,36.136703519585282,1.5342432483977986,2.5499965218705563
1691,57776,208191,4,1.4162286058202359e-15,0.00039893763544231929,2.1137767126322236e-16,6.7929922773582647e-07,4.5520947179743994e-16,32.997513001130038,36.142456297202919,1.5340195778357941,2.5499964954636032
1692,57792,208255,4,1.4162286058202359e-15,0.00039893763544231929,2.1137767126322236e-16,6.8001546144705522e-07,4.5531855789508159e-16,33.002809001910855,36.148223172316712,1.5337960108819,2.5499964688869161
1693,57808,208319,4,1.4162286058202359e-15,0.00039893763544231929,2.1137767126322236e-16,6.8073353452028003e-07,4.5534814283687016e-16,33.008105212950696,36.154003563350194,1.5335725473943296,2.5499964421396144
1694,57824,208383,4,1.4162286058202359e-15,0.00039893763544231929,2.1137767126322236e-16,6.8145123405896819e-07,4.5569455697842063e-16,33.013401628538389,36.15979695505748,1.5333491872368614,2.5499964152207903
1695,57840,208447,4,1.4162286058202359e-15,0.00039893763544231929,2.1137767126322236e-16,6.8216557006598095e-07,4.5597679348496556e-16,33.018698242996685,36.165602886516218,1.5331259302778495,2.5499963881296033
1696,57856,208511,4,1.4162286058202359e-15,0.00039893763544231929,2.1137767126322236e-16,6.8288539607033933e-07,4.5632122797651504e-16,33.023995050688043,36.171420941976663,1.5329027763894636,2.5499963608651455
1697,57872,208575,4,1.4162286058202359e-15,0.00039893763544231929,2.1137767126322236e-16,6.836028478072484e-07,4.5651639731293902e-16,33.029292046020302,36.177250743746647,1.5326797254470805,2.5499963334265274
1698,57888,208639,4,1.4162286058202359e-15,0.00039893763544231929,2.1137767126322236e-16,6.8432135328458572e-07,4.5694698494003258e-16,33.034589223451924,36.183091946566385,1.5324567773288493,2.5499963058128494
1699,57904,208703,4,1.4162286058202359e-15,0.00039893763544231929,2.1137767126322236e-16,6.8503922268739665e-07,4.5733619368416379e-16,33.039886577497846,36.188944233090041,1.5322339319152964,2.5499962780232215
1700,57920,208767,4,1.4162286058202359e-15,0.00039893763544231929,2.1137767126322236e-16,6.8575547940799759e-07,4.5764253009785545e-16,33.045184102733934,36.194807310211687,1.5320111890890451,2.5499962500567239
1701,57936,208831,4,1.4162286058202359e-15,0.00039893763544231929,2.1137767126322236e-16,6.8647410090364098e-07,4.5789283391723823e-16,33.050481793802412,36.200680906040134,1.531788548734546,2.5499962219125054
1702,57952,208895,4,1.4162286058202359e-15,0.00039893763544231929,2.1137767126322236e-16,6.8719359869831771e-07,4.5808607654322042e-16,33.055779645416443,36.206564767383576,1.5315660107378786,2.5499961935896134
1703,57968,208959,4,1.4162286058202359e-15,0.00039893763544231929,2.1137767126322236e-16,6.8791769878376514e-07,4.584341622099937e-16,33.061077652364531,36.212458657637207,1.5313435749865889,2.5499961650871441
1704,57984,209023,4,1.4162286058202359e-15,0.00039893763544231929,2.1137767126322236e-16,6.8863576822100954e-07,4.5891104134570757e-16,33.066375809515222,36.21836235499439,1.5311212413695021,2.5499961364041859
1705,58000,209087,4,1.4162286058202359e-15,0.00039893763544231929,2.1137767126322236e-16,6.8934901748621464e-07,4.5909942986906014e-16,33.071674111820997,36.224275650920362,1.5308990097766728,2.5499961075398532
1706,58016,209151,4,1.4162286058202359e-15,0.00039893763544231929,2.1137767126322236e-16,6.9006832940180147e-07,4.5936868997974565e-16,33.076972554322097,36.230198348840851,1.5306768800991966,2.5499960784932023
1707,58032,209215,4,1.4162286058202359e-15,0.00039893763544231929,2.1137767126322236e-16,6.9078786469426086e-07,4.5961918756618692e-16,33.082271132150517,36.236130263007325,1.5304548522291814,2.5499960492632887
1708,58048,209279,4,1.4162286058202359e-15,0.00039893763544231929,2.1137767126322236e-16,6.9150537305254418e-07,4.5993095669534668e-16,33.087569840533568,36.242071217509384,1.5302329260596013,2.5499960198492073
1709,58064,209343,4,1.4162286058202359e-15,0.00039893763544231929,2.1137767126322236e-16,6.9221763069429927e-07,4.6008966370357416e-16,33.09286867479706,36.248021045411903,1.5300111014842956,2.549995990250022
1710,58080,209407,4,1.4162286058202359e-15,0.00039893763544231929,2.1137767126322236e-16,6.9294175698101008e-07,4.6045327451646931e-16,33.098167630368145,36.253979587994827,1.5297893783978551,2.5499959604648121
1711,58096,209471,4,1.4162286058202359e-15,0.00039893763544231929,2.1137767126322236e-16,6.9366075228874586e-07,4.6077084383608429e-16,33.103466702778839,36.259946694082323,1.5295677566955994,2.5499959304926287
1712,58112,209535,4,1.4162286058202359e-15,0.00039893763544231929,2.1137767126322236e-16,6.943823853198547e-07,4.6114615925464705e-16,33.108765887668469,36.265922219447653,1.5293462362735337,2.5499959003325583
1713,58128,209599,4,1.4162286058202359e-15,0.00039893763544231929,2.1137767126322236e-16,6.9510569403833018e-07,4.6165517063484585e-16,33.114065180786113,36.271906026282124,1.5291248170282368,2.5499958699836092
1714,58144,209663,4,1.4162286058202359e-15,0.00039893763544231929,2.1137767126322236e-16,6.9582532880677257e-07,4.6203096995406696e-16,33.119364577993316,36.277897982720923,1.5289034988569425,2.5499958394448607
1715,58160,209727,4,1.4162286058202359e-15,0.00039893763544231929,2.1137767126322236e-16,6.9654537735533624e-07,4.6218186382781857e-16,33.12466407526604,36.283897962417193,1.5286822816573988,2.5499958087153805
1716,58176,209791,4,1.4162286058202359e-15,0.00039893763544231929,2.1137767126322236e-16,6.9726587151966641e-07,4.6257986819019821e-16,33.129963668697059,36.289905844158014,1.5284611653278699,2.5499957777941811
1717,58192,209855,4,1.4162286058202359e-15,0.00039893763544231929,2.1137767126322236e-16,6.9798476529750659e-07,4.6285628403356776e-16,33.135263354497638,36.295921511518067,1.5282401497671287,2.5499957466803131
1718,58208,209919,4,1.4162286058202359e-15,0.00039893763544231929,2.1137767126322236e-16,6.9870290406817888e-07,4.6304457060690983e-16,33.140563128999702,36.301944852545283,1.528019234874445,2.5499957153728392
1719,58224,209983,4,1.4162286058202359e-15,0.00039893763544231929,2.1137767126322236e-16,6.9942224010336091e-07,4.6332420252850099e-16,33.145862988657548,36.307975759475546,1.5277984205494817,2.549995683870776
1720,58240,210047,4,1.4162286058202359e-15,0.00039893763544231929,2.1137767126322236e-16,7.0014153222922233e-07,4.6371633680366364e-16,33.151162930049395,36.314014128472444,1.5275777066923732,2.5499956521731493
1721,58256,210111,4,1.4162286058202359e-15,0.00039893763544231929,2.1137767126322236e-16,7.0086486737100579e-07,4.6394293466066642e-16,33.156462949879362,36.32005985938946,1.5273570932036298,2.5499956202789975
1722,58272,210175,4,1.4162286058202359e-15,0.00039893763544231929,2.1137767126322236e-16,7.0158609850137972e-07,4.6405220315163314e-16,33.161763044978791,36.326112855552743,1.5271365799841681,2.5499955881873491
1723,58288,210239,4,1.4162286058202359e-15,0.00039893763544231929,2.1137767126322236e-16,7.0230924546036051e-07,4.6418830186615348e-16,33.167063212308001,36.332173023561012,1.5269161669352866,2.5499955558972345
1724,58304,210303,4,1.4162286058202359e-15,0.00039893763544231929,2.1137767126322236e-16,7.030319290400064e-07,4.6433325803067304e-16,33.172363448958009,36.338240273102009,1.5266958539586215,2.5499955234076563
1725,58320,210367,4,1.4162286058202359e-15,0.00039893763544231929,2.1137767126322236e-16,7.0375249217694198e-07,4.645697686133415e-16,33.177663752151823,36.344314516783143,1.5264756409561748,2.549995490717615
1726,58336,210431,4,1.4162286058202359e-15,0.00039893763544231929,2.1137767126322236e-16,7.0447039274926433e-07,4.6483120835172078e-16,33.182964119246314,36.350395669975192,1.5262555278302745,2.5499954578261641
1727,58352,210495,4,1.4162286058202359e-15,0.00039893763544231929,2.1137767126322236e-16,7.0519293738449869e-07,4.6497380312238665e-16,33.188264547733951,36.35648365066762,1.5260355144835716,2.549995424732284
1728,58368,210559,4,1.4162286058202359e-15,0.00039893763544231929,2.1137767126322236e-16,7.0591253712540465e-07,4.6507030035828586e-16,33.193565035244291,36.362578379334586,1.5258156008190269,2.5499953914349942
1729,58384,210623,4,1.4162286058202359e-15,0.00039893763544231929,2.1137767126322236e-16,7.0663107094118467e-07,4.6532493053906744e-16,33.198865579545924,36.368679778810069,1.5255957867398988,2.5499953579332808
1730,58400,210687,4,1.4162286058202359e-15,0.00039893763544231929,2.1137767126322236e-16,7.0735452118534021e-07,4.6570131757011377e-16,33.204166178548128,36.374787774172532,1.5253760721497445,2.5499953242261699
1731,58416,210751,4,1.4162286058202359e-15,0.00039893763544231929,2.1137767126322236e-16,7.0807967984068605e-07,4.6587513220504893e-16,33.20946683030288,36.380902292637025,1.5251564569524134,2.5499952903126069
1732,58432,210815,4,1.4162286058202359e-15,0.00039893763544231929,2.1137767126322236e-16,7.0880159064959565e-07,4.660015100998057e-16,33.214767533006778,36.387023263454317,1.5249369410520275,2.5499952561916235
1733,58448,210879,4,1.4162286058202359e-15,0.00039893763544231929,2.1137767126322236e-16,7.0952119752368454e-07,4.6630041781121118e-16,33.220068285002974,36.39315061781744,1.5247175243529731,2.5499952218621984
1734,58464,210943,4,1.4162286058202359e-15,0.00039893763544231929,2.1137767126322236e-16,7.1024184323345758e-07,4.666289216313435e-16,33.22536908478321,36.399284288773195,1.524498206759896,2.5499951873232791
1735,58480,211007,4,1.4162286058202359e-15,0.00039893763544231929,2.1137767126322236e-16,7.1096266599604747e-07,4.6683129447013189e-16,33.230669930990011,36.405424211140335,1.5242789881776919,2.5499951525738962
1736,58496,211071,4,1.4162286058202359e-15,0.00039893763544231929,2.1137767126322236e-16,7.1168310695293919e-07,4.6739247282284195e-16,33.235970822418736,36.41157032143218,1.5240598685115399,2.5499951176130091
1737,58512,211135,4,1.4162286058202359e-15,0.00039893763544231929,2.1137767126322236e-16,7.1240641128603372e-07,4.6761243048747746e-16,33.241271758019813,36.417722557783975,1.5238408476668164,2.5499950824395796
1738,58528,211199,4,1.4162286058202359e-15,0.00039893763544231929,2.1137767126322236e-16,7.1312753086674925e-07,4.6793398640405464e-16,33.24657273690098,36.423880859884896,1.5236219255491827,2.5499950470526032
1739,58544,211263,4,1.4162286058202359e-15,0.00039893763544231929,2.1137767126322236e-16,7.1385105632851471e-07,4.6817878471607542e-16,33.251873758329488,36.430045168913828,1.523403102064482,2.5499950114510233
1740,58560,211327,4,1.4162286058202359e-15,0.00039893763544231929,2.1137767126322236e-16,7.145747567059177e-07,4.6849222991995136e-16,33.257174821734232,36.436215427479098,1.5231843771188311,2.5499949756337981
1741,58576,211391,4,1.4162286058202359e-15,0.00039893763544231929,2.1137767126322236e-16,7.152968141197777e-07,4.6901378156503161e-16,33.262475926708291,36.442319997430658,1.5229657538816919,2.5499949395999031
1742,58592,211455,4,1.4162286058202359e-15,0.00039893763544231929,2.1137767126322236e-16,7.160228106881958e-07,4.6935482833838238e-16,33.267777073010905,36.448374353433465,1.5227472315748616,2.5499949033482845
1743,58608,211519,4,1.4162286058202359e-15,0.00039893763544231929,2.1137767126322236e-16,7.1675166674703612e-07,4.6972107516909458e-16,33.273078260569875,36.45439811647384,1.5225288092121008,2.5499948668779124
1744,58624,211583,4,1.4162286058202359e-15,0.00039893763544231929,2.1137767126322236e-16,7.1747649905232387e-07,4.7009021630477009e-16,33.278379489483527,36.46039845202511,1.5223104863727861,2.5499948301877122
1745,58640,211647,4,1.4162286058202359e-15,0.00039893763544231929,2.1137767126322236e-16,7.1820089506771851e-07,4.7022151757853278e-16,33.283680760023046,36.466379492523984,1.5220922627741531,2.5499947932766469
1746,58656,211711,4,1.4162286058202359e-15,0.00039893763544231929,2.1137767126322236e-16,7.1892509063234606e-07,4.7031626553423159e-16,33.28898207263456,36.472344013635933,1.521874138195263,2.5499947561436258
1747,58672,211775,4,1.4162286058202359e-15,0.00039893763544231929,2.1137767126322236e-16,7.196475552760115e-07,4.7075440283877592e-16,33.294283427941004,36.47829404157288,1.5216561124493888,2.5499947187876177
1748,58688,211839,4,1.4162286058202359e-15,0.00039893763544231929,2.1137767126322236e-16,7.203734497316669e-07,4.7102782945820686e-16,33.299584826744258,36.484231136319138,1.5214381853712586,2.5499946812075489
1749,58704,211903,4,1.4162286058202359e-15,0.00039893763544231929,2.1137767126322236e-16,7.2109664148814674e-07,4.7118858704717287e-16,33.304886270026806,36.490156544380959,1.5212203568100564,2.5499946434023513
1750,58720,211967,4,1.4162286058202359e-15,0.00039893763544231929,2.1137767126322236e-16,7.2181936314844237e-07,4.7146873988575477e-16,33.310187758953617,36.496071289532111,1.5210026266252663,2.5499946053709537
1751,58736,212031,4,1.4162286058202359e-15,0.00039893763544231929,2.1137767126322236e-16,7.2254192415946634e-07,4.7169212869557115e-16,33.315489294873821,36.50197623060793,1.5207849946841605,2.5499945671122632
1752,58752,212095,4,1.4162286058202359e-15,0.00039893763544231929,2.1137767126322236e-16,7.2326707945638753e-07,4.7193317801826069e-16,33.320790879322253,36.507872100308049,1.5205674608599336,2.5499945286252084
1753,58768,212159,4,1.4162286058202359e-15,0.00039893763544231929,2.1137767126322236e-16,7.2398894444084179e-07,4.7231308677076496e-16,33.326092514020857,36.513759532348836,1.5203500250305044,2.5499944899086922
1754,58784,212223,4,1.4162286058202359e-15,0.00039893763544231929,2.1137767126322236e-16,7.2471661722398246e-07,4.724097370350775e-16,33.331394200879721,36.519639081110761,1.5201326870776191,2.5499944509616608
1755,58800,212287,4,1.4162286058202359e-15,0.00039893763544231929,2.1137767126322236e-16,7.2544434859914326e-07,4.7270673685440012e-16,33.33669594199884,36.525511236253344,1.5199154468861857,2.5499944117830013
1756,58816,212351,4,1.4162286058202359e-15,0.00039893763544231929,2.1137767126322236e-16,7.2617160571478352e-07,4.7288777194890225e-16,33.341997739668415,36.531376433841537,1.5196983043437717,2.5499943723716054
1757,58832,212415,4,1.4162286058202359e-15,0.00039893763544231929,2.1137767126322236e-16,7.2689379507865e-07,4.7327923600097358e-16,33.347299596370505,36.537235064985147,1.5194812593401674,2.5499943327263952
1758,58848,212479,4,1.4162286058202359e-15,0.00039893763544231929,2.1137767126322236e-16,7.2761631664900102e-07,4.7364483122015824e-16,33.352601514779067,36.543087482663068,1.5192643117671409,2.5499942928462569
1759,58864,212543,4,1.4162286058202359e-15,0.00039893763544231929,2.1137767126322236e-16,7.2834646542377563e-07,4.7377964945909035e-16,33.3579034977611,36.54893400719407,1.519047461518132,2.5499942527300998
1760,58880,212607,4,1.4162286058202359e-15,0.00039893763544231929,2.1137767126322236e-16,7.2906893953209235e-07,4.740077451333873e-16,33.363205548376747,36.554774930679251,1.5188307084880626,2.549994212376796
1761,58896,212671,4,1.4162286058202359e-15,0.00039893763544231929,2.1137767126322236e-16,7.2978941604387644e-07,4.7426832129520707e-16,33.368507669879627,36.560610520653682,1.5186140525732035,2.5499941717852375
1762,58912,212735,4,1.4162286058202359e-15,0.00039893763544231929,2.1137767126322236e-16,7.3051673524873935e-07,4.7464241352043903e-16,33.373809865716986,36.566441023117051,1.518397493670977,2.5499941309543162
1763,58928,212799,4,1.4162286058202359e-15,0.00039893763544231929,2.1137767126322236e-16,7.3124122141424359e-07,4.7487076272559373e-16,33.379112139530001,36.572266665072817,1.5181810316798545,2.5499940898829054
1764,58944,212863,4,1.4162286058202359e-15,0.00039893763544231929,2.1137767126322236e-16,7.3196568676306612e-07,4.7498253860779226e-16,33.384414495153173,36.57808765667469,1.5179646664993074,2.5499940485698693
1765,58960,212927,4,1.4162286058202359e-15,0.00039893763544231929,2.1137767126322236e-16,7.3269323539551707e-07,4.7526589925278965e-16,33.389716936614022,36.583904193053215,1.5177483980296469,2.549994007014099
1766,58976,212991,4,1.4162286058202359e-15,0.00039893763544231929,2.1137767126322236e-16,7.3342072596330383e-07,4.7565232163902747e-16,33.395019468132972,36.589716455882332,1.5175322261719992,2.5499939652144548
1767,58992,213055,4,1.4162286058202359e-15,0.00039893763544231929,2.1137767126322236e-16,7.3414700419530328e-07,4.7583446081285221e-16,33.40032209412243,36.595524614730643,1.5173161508282254,2.5499939231697812
1768,59008,213119,4,1.4162286058202359e-15,0.00039893763544231929,2.1137767126322236e-16,7.3487452174150953e-07,4.7597172874716839e-16,33.405624819186102,36.601328828233854,1.5171001719008674,2.5499938808789961
1769,59024,213183,4,1.4162286058202359e-15,0.00039893763544231929,2.1137767126322236e-16,7.3560241337736394e-07,4.7611238646763482e-16,33.410927648117898,36.607129245118394,1.51688428929311,2.5499938383408858
1770,59040,213247,4,1.4162286058202359e-15,0.00039893763544231929,2.1137767126322236e-16,7.3632184183861278e-07,4.7636994610855576e-16,33.416230585901403,36.612926005097904,1.5166685029087226,2.5499937955543297
1771,59056,213311,4,1.4162286058202359e-15,0.00039893763544231929,2.1137767126322236e-16,7.3704454212711519e-07,4.7666229365731823e-16,33.421533637707761,36.618719239664145,1.5164528126520482,2.5499937525182004
1772,59072,213375,4,1.4162286058202359e-15,0.00039893763544231929,2.1137767126322236e-16,7.3776325280142303e-07,4.7698701436691904e-16,33.426836808895139,36.624509072785237,1.5162372184279043,2.5499937092313232
1773,59088,213439,4,1.4162286058202359e-15,0.00039893763544231929,2.1137767126322236e-16,7.3848935894885366e-07,4.7734055983932548e-16,33.432140105006631,36.630295621526869,1.5160217201416353,2.5499936656925404
1774,59104,213503,4,1.4162286058202359e-15,0.00039893763544231929,2.1137767126322236e-16,7.3921764565757138e-07,4.776420338785814e-16,33.437443531768814,36.636078996605555,1.5158063176990346,2.5499936219006885
1775,59120,213567,4,1.4162286058202359e-15,0.00039893763544231929,2.1137767126322236e-16,7.3994633521071358e-07,4.780955157970789e-16,33.442747095089672,36.641859302883923,1.5155910110063613,2.5499935778546177
1776,59136,213631,4,1.4162286058202359e-15,0.00039893763544231929,2.1137767126322236e-16,7.4067549114079285e-07,4.7837147276200363e-16,33.448050801056759,36.647636639814955,1.5153757999702526,2.5499935335531454
1777,59152,213695,4,1.4162286058202359e-15,0.00039893763544231929,2.1137767126322236e-16,7.414035480055889e-07,4.7878540469387313e-16,33.453354655934788,36.653411101841741,1.5151606844977672,2.5499934889950877
1778,59168,213759,4,1.4162286058202359e-15,0.00039893763544231929,2.1137767126322236e-16,7.4213097640088628e-07,4.7928132366613159e-16,33.458658666163153,36.659182778758968,1.5149456644963435,2.5499934441792949
1779,59184,213823,4,1.4162286058202359e-15,0.00039893763544231929,2.1137767126322236e-16,7.4285982971192461e-07,4.7948410016905891e-16,33.463962838353304,36.664951756039741,1.5147307398737893,2.5499933991045669
1780,59200,213887,4,1.4162286058202359e-15,0.00039893763544231929,2.1137767126322236e-16,7.4358829608248329e-07,4.7988043031787874e-16,33.469267179285936,36.670718115132694,1.51451591053824,2.5499933537697301
1781,59216,213951,4,1.4162286058202359e-15,0.00039893763544231929,2.1137767126322236e-16,7.4431611605344146e-07,4.8008051620906858e-16,33.474571695907727,36.676481933731459,1.51430117639818,2.5499933081736019
1782,59232,214015,4,1.4162286058202359e-15,0.00039893763544231929,2.1137767126322236e-16,7.4504685008228351e-07,4.8054375410250568e-16,33.479876395328233,36.682243286021325,1.5140865373624182,2.5499932623149641
1783,59248,214079,4,1.4162286058202359e-15,0.00039893763544231929,2.1137767126322236e-16,7.4577398271416713e-07,4.8066624962505743e-16,33.485181284815923,36.688002242904581,1.5138719933400644,2.5499932161926533
1784,59264,214143,4,1.4162286058202359e-15,0.00039893763544231929,2.1137767126322236e-16,7.4650239948551218e-07,4.8092497910615968e-16,33.490486371794745,36.693758872206381,1.5136575442405431,2.5499931698054512
1785,59280,214207,4,1.4162286058202359e-15,0.00039893763544231929,2.1137767126322236e-16,7.4722486798720262e-07,4.8113307500081117e-16,33.495791663839483,36.699513238864235,1.5134431899735519,2.5499931231521273
1786,59296,214271,4,1.4162286058202359e-15,0.00039893763544231929,2.1137767126322236e-16,7.4795272487307636e-07,4.8132244704191207e-16,33.501097168671755,36.705265405101784,1.513228930449094,2.5499930762315075
1787,59312,214335,4,1.4162286058202359e-15,0.00039893763544231929,2.1137767126322236e-16,7.4868039196632403e-07,4.8163068659139807e-16,33.506402894155364,36.711015430589448,1.513014765577436,2.5499930290423993
1788,59328,214399,4,1.4162286058202359e-15,0.00039893763544231929,2.1137767126322236e-16,7.4940988615360333e-07,4.8185263114386493e-16,33.511708848291129,36.716763372592155,1.5128006952690869,2.5499929815835563
1789,59344,214463,4,1.4162286058202359e-15,0.00039893763544231929,2.1137767126322236e-16,7.5013719927999518e-07,4.8205510717343474e-16,33.517015039211792,36.722509286106238,1.5125867194348461,2.5499929338537548
1790,59360,214527,4,1.4162286058202359e-15,0.00039893763544231929,2.1137767126322236e-16,7.5086004736693774e-07,4.822584562921411e-16,33.522321475176668,36.728253223985789,1.5123728379857511,2.5499928858518124
1791,59376,214591,4,1.4162286058202359e-15,0.00039893763544231929,2.1137767126322236e-16,7.5159498378421703e-07,4.8260918748930848e-16,33.527628164565712,36.733995237060455,1.5121590508331062,2.5499928375764784
1792,59392,214655,4,1.4162286058202359e-15,0.00039893763544231929,2.1137767126322236e-16,7.5232563046626262e-07,4.8284535437843243e-16,33.532935115873805,36.739735374243978,1.5119453578884032,2.5499927890265055
1793,59408,214719,4,1.4162286058202359e-15,0.00039893763544231929,2.1137767126322236e-16,7.5304871869444541e-07,4.8304004270933021e-16,33.53824233770429,36.745473682635875,1.5117317590634294,2.5499927402006937
1794,59424,214783,4,1.4162286058202359e-15,0.00039893763544231929,2.1137767126322236e-16,7.5377536299473165e-07,4.8350806439504485e-16,33.543549838762836,36.751210207615642,1.5115182542701529,2.549992691097791
1795,59440,214847,4,1.4162286058202359e-15,0.00039893763544231929,2.1137767126322236e-16,7.5450881199071369e-07,4.8368737791989711e-16,33.548857627850758,36.756944992930833,1.5113048434207745,2.5499926417165284
1796,59456,214911,4,1.4162286058202359e-15,0.00039893763544231929,2.1137767126322236e-16,7.5523626603216294e-07,4.8405783696108357e-16,33.554165713858112,36.762678080779139,1.511091526427732,2.5499925920556992
1797,59472,214975,4,1.4162286058202359e-15,0.00039893763544231929,2.1137767126322236e-16,7.5596721663776152e-07,4.8446715612026717e-16,33.559474105756557,36.768409511885082,1.510878303203677,2.5499925421140168
1798,59488,215039,4,1.4162286058202359e-15,0.00039893763544231929,2.1137767126322236e-16,7.5669783162293975e-07,4.8467458365298372e-16,33.564782812592881,36.774139325571795,1.5106651736614507,2.5499924918902734
1799,59504,215103,4,1.4162286058202359e-15,0.00039893763544231929,2.1137767126322236e-16,7.5743261913155586e-07,4.8490105950084615e-16,33.570091843481059,36.779867559828666,1.5104521377141169,2.54999244138319
1800,59520,215167,4,1.4162286058202359e-15,0.00039893763544231929,2.1137767126322236e-16,7.5816110121177034e-07,4.8518502316051009e-16,33.57540120759522,36.78559425137378,1.5102391952749257,2.5499923905915014
