time_s,steps,total_picard,max_picard,max_scaled_nonlinear_residual,max_residual_ratio,max_linear_backward_error,cumulative_heat_balance,cumulative_water_balance,min_T,max_T,min_C,max_C
0,0,0,0,0,0,0,0,0,28,28,2.5499999999999998,2.5499999999999998
1,131072,262144,2,1.6110978350750752e-15,0.00045383037607729562,2.5003400223086e-16,4.1160878494487653e-10,2.0559147123306531e-17,27.999999999999122,28.000186609322778,2.5177882866671317,2.5500000000014893
2,262144,524288,2,1.6110978350750752e-15,0.00045383037607729562,2.5042970587404665e-16,6.3043117369148115e-10,5.4204339788125352e-17,27.999999999999122,28.000525249746985,2.504535834045567,2.5500000000014893
3,294912,589824,2,1.6447864189689246e-15,0.00046332011801929792,2.5042970587404665e-16,1.0990174315571188e-09,6.1292650898747032e-17,27.999999999999329,28.000961334283478,2.4944261397287812,2.5500000000009
4,327680,655360,2,1.6447864189689246e-15,0.00046332011801929792,2.5062540172619779e-16,1.7125402859158104e-09,6.7910121256179671e-17,27.999999999999329,28.00147540333738,2.4859409449891872,2.5500000000009
5,360448,720896,2,1.6473978645725669e-15,0.00046405573649919697,2.5084875285288293e-16,2.4155256402059504e-09,7.5549184574794864e-17,27.999999999999329,28.002056219961069,2.4784931969544073,2.5500000000009
6,393216,786432,2,1.6473978645725669e-15,0.00046405573649919697,2.5105339403257199e-16,3.0965857685200704e-09,8.5173507958524929e-17,27.999999999999329,28.002696207888818,2.4717820596592168,2.5500000000009
7,425984,851968,2,1.6923519935356456e-15,0.00047671887141837089,2.51239976966475e-16,3.7461752321372412e-09,9.5024181706454987e-17,27.999999999999329,28.003389809172553,2.4656289101212359,2.5500000000009
8,458752,917504,2,1.6923519935356456e-15,0.00047671887141837089,2.5141444149652852e-16,4.431541450326483e-09,1.0653827694868352e-16,27.999999999999329,28.004132720519159,2.4599174051216504,2.5500000000009
9,466944,938736,3,1.6923519935356456e-15,0.00047671887141837089,2.5141444149652852e-16,4.1985668226395091e-09,1.0839255999322024e-16,27.999999999999666,28.0049214841296,2.4545667667932167,2.5500000000005243
10,475136,955120,3,1.6923519935356456e-15,0.00047671887141837089,2.5141444149652852e-16,3.9156416480308445e-09,1.1114016915445514e-16,27.999999999999666,28.005753237644626,2.4495181653315719,2.5500000000005243
11,483328,971504,3,1.6923519935356456e-15,0.00047671887141837089,2.5141444149652852e-16,3.5617814190058945e-09,1.1399175350747259e-16,27.999999999999666,28.006625565276472,2.4447272111809033,2.5500000000005243
12,491520,987888,3,1.6923519935356456e-15,0.00047671887141837089,2.5141444149652852e-16,3.2148659030604918e-09,1.1744374535472463e-16,27.999999999999694,28.007536391373986,2.4401594227684815,2.5500000000005243
13,499712,1004272,3,1.6923519935356456e-15,0.00047671887141837089,2.5141444149652852e-16,2.870026275800044e-09,1.2029486307609461e-16,27.999999999999694,28.008483907555785,2.4357873819892935,2.5500000000005243
14,507904,1020656,3,1.6923519935356456e-15,0.00047671887141837089,2.5141444149652852e-16,2.518306328591142e-09,1.235253575589361e-16,27.999999999999694,28.00946651998488,2.4315888607274561,2.5500000000005243
15,516096,1037040,3,1.6923519935356456e-15,0.00047671887141837089,2.5141444149652852e-16,2.1653886186629512e-09,1.2691289121559107e-16,27.999999999999694,28.010482810149121,2.4275455416083589,2.5500000000005243
16,524288,1053424,3,1.6923519935356456e-15,0.00047671887141837089,2.5141444149652852e-16,1.8028814900642125e-09,1.3084535870958231e-16,27.999999999999694,28.01153150499804,2.4236421176741039,2.5500000000005243
17,532480,1069808,3,1.6923519935356456e-15,0.00047671887141837089,2.5141444149652852e-16,1.4215992650688633e-09,1.3442651206864093e-16,27.999999999999694,28.012611453747969,2.4198656422138205,2.5500000000005243
18,540672,1086192,3,1.6923519935356456e-15,0.00047671887141837089,2.5141444149652852e-16,1.0561341609341997e-09,1.3879284398090404e-16,27.999999999999694,28.013721609555855,2.4162050487052613,2.5500000000005243
19,548864,1102576,3,1.6923519935356456e-15,0.00047671887141837089,2.5142335571238418e-16,7.0301194231412668e-10,1.4285963137547462e-16,27.999999999999694,28.014861014820049,2.4126507894396649,2.5500000000005243
20,557056,1118960,3,1.6923519935356456e-15,0.00047671887141837089,2.5153174752450369e-16,3.4857698060084232e-10,1.4640948782291355e-16,27.999999999999694,28.016028789235747,2.4091945588247912,2.5500000000005243
21,565248,1135344,3,1.6923519935356456e-15,0.00047671887141837089,2.5163606586141678e-16,-1.004851620875498e-12,1.5054857988746772e-16,27.999999999999694,28.017224119973552,2.4058290783082157,2.5500000000005243
22,573440,1151728,3,1.6923519935356456e-15,0.00047671887141837089,2.5173442497805566e-16,-3.4311711714802264e-10,1.5432214430073015e-16,27.999999999999694,28.018446253520633,2.4025479269357035,2.5500000000005243
23,581632,1168112,3,1.6923519935356456e-15,0.00047671887141837089,2.5183863939744621e-16,-6.6742175876943291e-10,1.5925594295750983e-16,27.999999999999694,28.019694488838049,2.3993454062401454,2.5500000000005243
24,589824,1184496,3,1.6923519935356456e-15,0.00047671887141837089,2.5193726208494385e-16,-1.0001741487493649e-09,1.6485107007448909e-16,27.999999999999694,28.020968171574445,2.3962164313244672,2.5500000000005243
25,598016,1200880,3,1.6923519935356456e-15,0.00047671887141837089,2.5203364237081122e-16,-1.3517270742849468e-09,1.6920477055671215e-16,27.999999999999694,28.022266689133886,2.3931564421865246,2.5500000000005243
26,606208,1217264,3,1.6923519935356456e-15,0.00047671887141837089,2.5212687830837041e-16,-1.6998094683530003e-09,1.7379370570924131e-16,27.999999999999694,28.023589466443905,2.3901613308701739,2.5500000000005243
27,614400,1233648,3,1.6923519935356456e-15,0.00047671887141837089,2.5221976169594295e-16,-2.0450809235275664e-09,1.7819932757534424e-16,27.999999999999694,28.024935962299359,2.3872273811213014,2.5500000000005243
28,622592,1250032,3,1.6923519935356456e-15,0.00047671887141837089,2.5230998493947445e-16,-2.3933577125701164e-09,1.8269050611272274e-16,27.999999999999694,28.026305666186563,2.384351218021282,2.5500000000005243
29,630784,1266416,3,1.6923519935356456e-15,0.00047671887141837089,2.5239858887662655e-16,-2.7313203836261262e-09,1.8758479367490351e-16,27.999999999999694,28.027698095508182,2.3815297656526666,2.5500000000005243
30,638976,1282800,3,1.6923519935356456e-15,0.00047671887141837089,2.5248711921341453e-16,-3.0537495820873906e-09,1.9272639202055059e-16,27.999999999999694,28.029112793147696,2.3787602112851571,2.5500000000005243
31,647168,1299184,3,1.6923519935356456e-15,0.00047671887141837089,2.5257310177005804e-16,-3.3686223398239793e-09,1.9764086570823581e-16,27.999999999999694,28.03054932532028,2.3760399748946628,2.5500000000005243
32,655360,1315568,3,1.6923519935356456e-15,0.00047671887141837089,2.5265695273892462e-16,-3.6849852142132094e-09,2.0267264557747391e-16,27.999999999999694,28.032007279668541,2.3733666830762767,2.5500000000005243
33,657408,1321712,3,1.6923519935356456e-15,0.00047671887141837089,2.5265695273892462e-16,-3.6814685913411301e-09,2.0311823251262016e-16,27.999999999999996,28.033486267353489,2.370738154425692,2.5500000000003258
34,659456,1327856,3,1.6923519935356456e-15,0.00047671887141837089,2.5265695273892462e-16,-3.6768407351374075e-09,2.0398814122049397e-16,28.000000000006356,28.03498591005912,2.3681523559780064,2.5500000000003258
35,661504,1334000,3,1.6923519935356456e-15,0.00047671887141837089,2.5265695273892462e-16,-3.6692155714533474e-09,2.0511225501909387e-16,28.000000000026862,28.036505850262756,2.3656074112668892,2.5500000000003258
36,663552,1340144,3,1.6923519935356456e-15,0.00047671887141837089,2.5265695273892462e-16,-3.6607217638131522e-09,2.0602432959473469e-16,28.000000000064166,28.038045746089463,2.363101577037813,2.5500000000003258
37,665600,1346288,3,1.6923519935356456e-15,0.00047671887141837089,2.5265695273892462e-16,-3.6586062049728461e-09,2.0712921194169357e-16,28.000000000126022,28.039605270214381,2.360633230376457,2.5500000000003258
38,667648,1352432,3,1.6923519935356456e-15,0.00047671887141837089,2.5265695273892462e-16,-3.6548052010547655e-09,2.0845202410386042e-16,28.000000000224805,28.041184108869103,2.3582008573933804,2.5500000000003258
39,669696,1358576,3,1.6923519935356456e-15,0.00047671887141837089,2.5265695273892462e-16,-3.6525969729204545e-09,2.0948274082317468e-16,28.000000000377788,28.042781960940481,2.3558030432408792,2.5500000000003258
40,671744,1364720,3,1.6923519935356456e-15,0.00047671887141837089,2.5265695273892462e-16,-3.645909506381261e-09,2.1051861022823912e-16,28.000000000609148,28.044398537150609,2.3534384632750074,2.5500000000003258
41,673792,1370864,3,1.6923519935356456e-15,0.00047671887141837089,2.5265695273892462e-16,-3.6421713434851715e-09,2.1212473065160613e-16,28.00000000095196,28.04603355930977,2.35110587520643,2.5500000000003258
42,675840,1377008,3,1.6923519935356456e-15,0.00047671887141837089,2.5265695273892462e-16,-3.636543147347406e-09,2.1336922260687832e-16,28.000000001450385,28.047686759633152,2.348804112108076,2.5500000000003258
43,677888,1383152,3,1.6923519935356456e-15,0.00047671887141837089,2.5265695273892462e-16,-3.632960538663948e-09,2.1474840819730934e-16,28.000000002162757,28.049357880115107,2.3465320761680166,2.5500000000003258
44,679936,1389296,3,1.6923519935356456e-15,0.00047671887141837089,2.5265695273892462e-16,-3.6298074390428123e-09,2.1585936140049833e-16,28.000000003164711,28.051046671954985,2.3442887330926587,2.5500000000003258
45,681984,1395440,3,1.6923519935356456e-15,0.00047671887141837089,2.5265695273892462e-16,-3.6250903767172167e-09,2.1732696822663248e-16,28.000000004553065,28.052752895028735,2.3420731070795129,2.5500000000003258
46,684032,1401584,3,1.6923519935356456e-15,0.00047671887141837089,2.5265695273892462e-16,-3.6217063922861123e-09,2.1850146536369844e-16,28.000000006450442,28.054476317401974,2.3398842762900696,2.5500000000003258
47,686080,1407728,3,1.6923519935356456e-15,0.00047671887141837089,2.5265695273892462e-16,-3.6165816346664339e-09,2.1961279982606398e-16,28.000000009009849,28.056216714880541,2.337721368763555,2.5500000000003258
48,688128,1413872,3,1.6923519935356456e-15,0.00047671887141837089,2.5265695273892462e-16,-3.6148414596593035e-09,2.2117391291609345e-16,28.000000012420259,28.05797387059447,2.3355835587199429,2.5500000000003258
49,690176,1420016,3,1.6923519935356456e-15,0.00047671887141837089,2.5265695273892462e-16,-3.608205937612112e-09,2.2237055836659132e-16,28.000000016913091,28.059747574613109,2.3334700632079537,2.5500000000003258
50,692224,1426160,3,1.6923519935356456e-15,0.00047671887141837089,2.5265695273892462e-16,-3.6049118211405443e-09,2.2375584886659805e-16,28.000000022768322,28.061537623587178,2.3313801390595632,2.5500000000003258
51,694272,1432304,3,1.6923519935356456e-15,0.00047671887141837089,2.5265695273892462e-16,-3.6004098516917266e-09,2.2510552528627707e-16,28.000000030321921,28.063343820416598,2.3293130801173771,2.5500000000003258
52,696320,1438448,3,1.6923519935356456e-15,0.00047671887141837089,2.5265695273892462e-16,-3.5981363723811001e-09,2.2645597572405842e-16,28.000000039974008,28.06516597394117,2.3272682147054073,2.5500000000003258
53,698368,1444592,3,1.6923519935356456e-15,0.00047671887141837089,2.5265695273892462e-16,-3.5916660386315194e-09,2.2778681123120547e-16,28.000000052196651,28.067003898652157,2.3252449033180524,2.5500000000003258
54,700416,1450736,3,1.6923519935356456e-15,0.00047671887141837089,2.5265695273892462e-16,-3.5878353177618831e-09,2.2910723270892389e-16,28.000000067542953,28.068857414423086,2.3232425365042531,2.5500000000003258
55,702464,1456880,3,1.6923519935356456e-15,0.00047671887141837089,2.5265695273892462e-16,-3.5833136605975233e-09,2.307058124988969e-16,28.000000086656527,28.070726346258031,2.3212605329273672,2.5500000000003258
56,704512,1463024,3,1.6923519935356456e-15,0.00047671887141837089,2.5265695273892462e-16,-3.5775113534628705e-09,2.3231513553618233e-16,28.000000110280997,28.072610524056348,2.3192983375830676,2.5500000000003258
57,706560,1469168,3,1.6923519935356456e-15,0.00047671887141837089,2.5265695273892462e-16,-3.5748806121891753e-09,2.3365107777208795e-16,28.000000139270455,28.074509782391676,2.3173554201599127,2.5500000000003258
58,708608,1475312,3,1.6923519935356456e-15,0.00047671887141837089,2.5265695273892462e-16,-3.5687554776235024e-09,2.3504538020776682e-16,28.000000174599808,28.07642396030521,2.3154312735288203,2.5500000000003258
59,710656,1481456,3,1.6923519935356456e-15,0.00047671887141837089,2.5265695273892462e-16,-3.5631291140720115e-09,2.3659437937343477e-16,28.000000217375835,28.078352901111032,2.3135254123493514,2.5500000000003258
60,712704,1487600,3,1.6923519935356456e-15,0.00047671887141837089,2.5265695273892462e-16,-3.5600509737767316e-09,2.3780426834096878e-16,28.000000268848257,28.080296452213453,2.3116373717817775,2.5500000000003258
61,714752,1493744,3,1.6923519935356456e-15,0.00047671887141837089,2.5265695273892462e-16,-3.5525994947812647e-09,2.3922154287149678e-16,28.000000330421237,28.082302539479407,2.3097667235341635,2.5500000000003258
62,716800,1499888,3,1.6923519935356456e-15,0.00047671887141837089,2.5265695273892462e-16,-3.5508867263586232e-09,2.4051723600775395e-16,28.000000403664576,28.084362097823714,2.3079130373566819,2.5500000000003258
63,718848,1506032,3,1.6923519935356456e-15,0.00047671887141837089,2.5265695273892462e-16,-3.5442491998113501e-09,2.4199560581398178e-16,28.000000490325913,28.086460929698784,2.306075898016025,2.5500000000003258
64,720896,1512176,3,1.6923519935356456e-15,0.00047671887141837089,2.5265695273892462e-16,-3.5380466693245165e-09,2.4323268916164056e-16,28.000000592342012,28.088593885653154,2.3042549097958749,2.5500000000003258
65,722944,1518320,3,1.6923519935356456e-15,0.00047671887141837089,2.5265695273892462e-16,-3.5329871691559737e-09,2.4456291565059927e-16,28.000000711850767,28.090757936901849,2.3024496930866714,2.5500000000003258
66,724992,1524464,3,1.6923519935356456e-15,0.00047671887141837089,2.5265695273892462e-16,-3.528695109934919e-09,2.4569330437347134e-16,28.000000851202898,28.092951000703824,2.3006598831390934,2.5500000000003258
67,727040,1530608,3,1.6923519935356456e-15,0.00047671887141837089,2.5265695273892462e-16,-3.5220993220271003e-09,2.4698190141482793e-16,28.000001012973527,28.095171517232806,2.2988851291441992,2.5500000000003258
68,729088,1536752,3,1.6923519935356456e-15,0.00047671887141837089,2.5265695273892462e-16,-3.5182350658355921e-09,2.4804440764797254e-16,28.000001199973763,28.097418252772997,2.297125093446557,2.5500000000003258
69,731136,1542896,3,1.6923519935356456e-15,0.00047671887141837089,2.5265695273892462e-16,-3.5155685309553199e-09,2.491647696558131e-16,28.000001415262165,28.09969019371999,2.2953794508371343,2.5500000000003258
70,733184,1549040,3,1.6923519935356456e-15,0.00047671887141837089,2.5265695273892462e-16,-3.507462255809826e-09,2.5043944880821447e-16,28.0000016621557,28.101986483643792,2.2936478879053022,2.5500000000003258
71,735232,1555184,3,1.6923519935356456e-15,0.00047671887141837089,2.5265695273892462e-16,-3.5054451743481153e-09,2.5202406118502425e-16,28.000001944240754,28.104306383203355,2.2919301024389855,2.5500000000003258
72,737280,1561328,3,1.6923519935356456e-15,0.00047671887141837089,2.5265695273892462e-16,-3.5008978607861762e-09,2.5306822915679951e-16,28.000002265383799,28.106649243219955,2.2902258028666753,2.5500000000003258
73,739328,1567472,3,1.6923519935356456e-15,0.00047671887141837089,2.5265695273892462e-16,-3.4994843712350764e-09,2.5419464328329061e-16,28.000002629741505,28.109014485816576,2.2885347077363809,2.5500000000003258
74,741376,1573616,3,1.6923519935356456e-15,0.00047671887141837089,2.5265695273892462e-16,-3.4946000076780186e-09,2.5566348098002563e-16,28.000003041770928,28.111401590752109,2.2868565452281047,2.5500000000003258
75,743424,1579760,3,1.6923519935356456e-15,0.00047671887141837089,2.5265695273892462e-16,-3.4910927547047306e-09,2.5659340271732119e-16,28.000003506238901,28.113810085237819,2.2851910526968706,2.5500000000003258
76,745472,1585904,3,1.6923519935356456e-15,0.00047671887141837089,2.5265695273892462e-16,-3.4829814007225798e-09,2.5808996356615639e-16,28.000004028231235,28.116239536168191,2.2835379762436894,2.5500000000003258
77,747520,1592048,3,1.6923519935356456e-15,0.00047671887141837089,2.5265695273892462e-16,-3.4787983937273251e-09,2.5927663991345995e-16,28.000004613161448,28.118689544072982,2.2818970703122665,2.5500000000003258
78,749568,1598192,3,1.6923519935356456e-15,0.00047671887141837089,2.5265695273892462e-16,-3.471732958007113e-09,2.6038997963288256e-16,28.000005266778999,28.121159738326323,2.2802680973096541,2.5500000000003258
79,751616,1604336,3,1.6923519935356456e-15,0.00047671887141837089,2.5265695273892462e-16,-3.4694323831289434e-09,2.6176840328010948e-16,28.000005995177052,28.123649773293639,2.2786508272489119,2.5500000000003258
80,753664,1610480,3,1.6923519935356456e-15,0.00047671887141837089,2.5265695273892462e-16,-3.4600101905834462e-09,2.6308057636802229e-16,28.000006804800105,28.126159325190638,2.277045037412162,2.5500000000003258
81,755712,1616624,3,1.6923519935356456e-15,0.00047671887141837089,2.5265695273892462e-16,-3.4565566531599615e-09,2.6435509409418841e-16,28.000007702450528,28.128688089492726,2.2754505120328377,2.5500000000003258
82,757760,1622768,3,1.6923519935356456e-15,0.00047671887141837089,2.5265695273892462e-16,-3.4530745686661703e-09,2.6579105826659386e-16,28.000008695294923,28.131235778774464,2.2738670419954752,2.5500000000003258
83,759808,1628912,3,1.6923519935356456e-15,0.00047671887141837089,2.5265695273892462e-16,-3.4478734850702451e-09,2.6726130766659765e-16,28.000009790870283,28.133802120891151,2.2722944245521872,2.5500000000003258
84,761856,1635056,3,1.6923519935356456e-15,0.00047671887141837089,2.5265695273892462e-16,-3.4418810401944286e-09,2.6869832881426723e-16,28.000010997088932,28.136386857434655,2.2707324630543715,2.5500000000003258
85,763904,1641200,3,1.6923519935356456e-15,0.00047671887141837089,2.5265695273892462e-16,-3.4368581708669328e-09,2.7014218598285175e-16,28.000012322243521,28.138989742411642,2.26918096669898,2.5500000000003258
86,765952,1647344,3,1.6923519935356456e-15,0.00047671887141837089,2.5265695273892462e-16,-3.4330192928396214e-09,2.71432312574865e-16,28.000013775011258,28.141610541104129,2.2676397502879913,2.5500000000003258
87,768000,1653488,3,1.6923519935356456e-15,0.00047671887141837089,2.5265695273892462e-16,-3.4259947346583932e-09,2.7294209593487242e-16,28.000015364457798,28.144249029080463,2.2661086340007208,2.5500000000003258
88,770048,1659632,3,1.6923519935356456e-15,0.00047671887141837089,2.5265695273892462e-16,-3.4219943768334494e-09,2.7430388539034004e-16,28.000017100040566,28.146904991331812,2.2645874431777351,2.5500000000003258
89,772096,1665776,3,1.6923519935356456e-15,0.00047671887141837089,2.5265695273892462e-16,-3.4181917343335205e-09,2.756259808134308e-16,28.000018991611313,28.149578221514091,2.2630760081159225,2.5500000000003258
90,774144,1671920,3,1.6923519935356456e-15,0.00047671887141837089,2.5265695273892462e-16,-3.409367062518834e-09,2.7715475830825397e-16,28.000021049418567,28.15226852127843,2.2615741638738163,2.5500000000003258
91,776192,1678064,3,1.6923519935356456e-15,0.00047671887141837089,2.5265695273892462e-16,-3.4048062749530811e-09,2.7855634843131163e-16,28.000023284109488,28.154975699677561,2.2600817500867256,2.5500000000003258
92,778240,1684208,3,1.6923519935356456e-15,0.00047671887141837089,2.5265695273892462e-16,-3.3992130677134876e-09,2.7965351900573143e-16,28.000025706731126,28.157699572636886,2.2585986107909575,2.5500000000003258
93,780288,1690352,3,1.6923519935356456e-15,0.00047671887141837089,2.5265695273892462e-16,-3.3973793852292053e-09,2.8137808270045804e-16,28.000028328731364,28.160439962480954,2.257124594256632,2.5500000000003258
94,782336,1696496,3,1.6923519935356456e-15,0.00047671887141837089,2.5265695273892462e-16,-3.3980402438854152e-09,2.8289069889556951e-16,28.000031161959331,28.163196697508322,2.2556595528286292,2.5500000000003258
95,784384,1702640,3,1.6923519935356456e-15,0.00047671887141837089,2.5265695273892462e-16,-3.3915819104513979e-09,2.8430687138241469e-16,28.000034218665451,28.165969611608343,2.2542033427750461,2.5500000000003258
96,786432,1708784,3,1.6923519935356456e-15,0.00047671887141837089,2.5265695273892462e-16,-3.3886347696289976e-09,2.8564156017150483e-16,28.000037511501223,28.168758543913814,2.252755824142942,2.5500000000003258
97,788480,1714928,3,1.6923519935356456e-15,0.00047671887141837089,2.5265695273892462e-16,-3.3845660872804975e-09,2.8692993340880693e-16,28.000041053518263,28.171563338486656,2.2513168606206664,2.5500000000003258
98,790528,1721072,3,1.6923519935356456e-15,0.00047671887141837089,2.5265695273892462e-16,-3.3809780218075054e-09,2.8863899327669951e-16,28.00004485816736,28.174383844030636,2.2498863194067891,2.5500000000003258
99,792576,1727216,3,1.6923519935356456e-15,0.00047671887141837089,2.5265695273892462e-16,-3.3758929088669681e-09,2.8998458540486234e-16,28.000048939297226,28.177219913629834,2.2484640710848676,2.5500000000003258
100,794624,1733360,3,1.6923519935356456e-15,0.00047671887141837089,2.5265695273892462e-16,-3.3704354735549295e-09,2.913305205350984e-16,28.000053311152428,28.180071404508919,2.2470499895039238,2.5500000000003258
101,796672,1739504,3,1.6923519935356456e-15,0.00047671887141837089,2.5265695273892462e-16,-3.3656680507160483e-09,2.9248194546907407e-16,28.000057988371804,28.182938177812851,2.245643951664348,2.5500000000003258
102,798720,1745648,3,1.6923519935356456e-15,0.00047671887141837089,2.5265695273892462e-16,-3.3584047441420196e-09,2.9397237431816848e-16,28.000062985986222,28.185820098404225,2.2442458376089038,2.5500000000003258
103,800768,1751792,3,1.6923519935356456e-15,0.00047671887141837089,2.5265695273892462e-16,-3.3518481053109764e-09,2.9528601387775389e-16,28.000068319415714,28.188717034676753,2.2428555303183941,2.5500000000003258
104,802816,1757936,3,1.6923519935356456e-15,0.00047671887141837089,2.5265695273892462e-16,-3.3449836653591873e-09,2.9708795360117354e-16,28.000074004467432,28.191628858381968,2.2414729156120439,2.5500000000003258
105,804864,1764080,3,1.6923519935356456e-15,0.00047671887141837089,2.5265695273892462e-16,-3.3400194152110806e-09,2.9828166761728457e-16,28.000080057332408,28.194555444469636,2.2400978820520181,2.5500000000003258
106,806912,1770224,3,1.6923519935356456e-15,0.00047671887141837089,2.5265695273892462e-16,-3.3351574809238357e-09,3.0026956364609432e-16,28.000086494582938,28.197496670938843,2.2387303208522491,2.5500000000003258
107,808960,1776368,3,1.6923519935356456e-15,0.00047671887141837089,2.5265695273892462e-16,-3.3301167391198377e-09,3.0126543694276196e-16,28.000093333169254,28.20045241869984,2.2373701257908967,2.5500000000003258
108,811008,1782512,3,1.6923519935356456e-15,0.00047671887141837089,2.5265695273892462e-16,-3.3266585448582868e-09,3.0265492850246057e-16,28.000100590416526,28.203422571445437,2.2360171931265844,2.5500000000003258
109,813056,1788656,3,1.6923519935356456e-15,0.00047671887141837089,2.5265695273892462e-16,-3.3204907860903776e-09,3.0450137838489552e-16,28.000108284021287,28.206407015530395,2.2346714215182244,2.5500000000003258
110,815104,1794800,3,1.6923519935356456e-15,0.00047671887141837089,2.5265695273892462e-16,-3.3126212492268563e-09,3.0614144031646695e-16,28.000116432048408,28.209405639859494,2.2333327119478814,2.5500000000003258
111,817152,1800944,3,1.6923519935356456e-15,0.00047671887141837089,2.5265695273892462e-16,-3.3062145648804065e-09,3.0751952543679702e-16,28.000125052927451,28.212418335781912,2.2320009676471204,2.5500000000003258
112,819200,1807088,3,1.6923519935356456e-15,0.00047671887141837089,2.5265695273892462e-16,-3.3021251932710551e-09,3.0864710026570859e-16,28.000134165449285,28.215444996992797,2.2306760940260557,2.5500000000003258
113,821248,1813232,3,1.6923519935356456e-15,0.00047671887141837089,2.5265695273892462e-16,-3.2954789494672646e-09,3.1026515297297565e-16,28.000143788762422,28.218485519440449,2.2293579986054008,2.5500000000003258
114,823296,1819376,3,1.6923519935356456e-15,0.00047671887141837089,2.5265695273892462e-16,-3.2920843946477372e-09,3.1165890517845081e-16,28.000153942369511,28.221539801239036,2.2280465909511857,2.5500000000003258
115,825344,1825520,3,1.6923519935356456e-15,0.00047671887141837089,2.5265695273892462e-16,-3.288219631944079e-09,3.1363017755559172e-16,28.000164646123778,28.224607742586645,2.2267417826120286,2.5500000000003258
116,827392,1831664,3,1.6923519935356456e-15,0.00047671887141837089,2.5265695273892462e-16,-3.2870578765462501e-09,3.1547907511392682e-16,28.000175920225235,28.227689245687742,2.2254434870588171,2.5500000000003258
117,829440,1837808,3,1.6923519935356456e-15,0.00047671887141837089,2.5265695273892462e-16,-3.2822047798077536e-09,3.1678385219580586e-16,28.000187785217218,28.230784214680227,2.2241516196268676,2.5500000000003258
118,831488,1843952,3,1.6923519935356456e-15,0.00047671887141837089,2.5265695273892462e-16,-3.2783338557999896e-09,3.1862595355744887e-16,28.000200261982489,28.233892555566136,2.2228660974601673,2.5500000000003258
119,833536,1850096,3,1.6923519935356456e-15,0.00047671887141837089,2.5265695273892462e-16,-3.2703999591234165e-09,3.1959038800347357e-16,28.000213371739484,28.237014176146431,2.2215868394577876,2.5500000000003258
120,835584,1856240,3,1.6923519935356456e-15,0.00047671887141837089,2.5265695273892462e-16,-3.2668172128547027e-09,3.2097299556255054e-16,28.000227136038685,28.240148985958903,2.2203137662223393,2.5500000000003258
121,837632,1862384,3,1.6923519935356456e-15,0.00047671887141837089,2.5265695273892462e-16,-3.2600190943358512e-09,3.2250578405616398e-16,28.000241576758892,28.243236096060123,2.2190467942193939,2.5500000000003258
122,839680,1868528,3,1.6923519935356456e-15,0.00047671887141837089,2.5265695273892462e-16,-3.2537428779457184e-09,3.2383643004847787e-16,28.000256716103095,28.246286700671696,2.2177858482938846,2.5500000000003258
123,841728,1874672,3,1.6923519935356456e-15,0.00047671887141837089,2.5265695273892462e-16,-3.2509555813477633e-09,3.2604646390567449e-16,28.000272576594941,28.249318491196579,2.2165308555787964,2.5500000000003258
124,843776,1880816,3,1.6923519935356456e-15,0.00047671887141837089,2.5265695273892462e-16,-3.2462030077689415e-09,3.2681944155049837e-16,28.000289181074635,28.252337721750628,2.2152817436179886,2.5500000000003258
125,845824,1886960,3,1.6923519935356456e-15,0.00047671887141837089,2.5265695273892462e-16,-3.2432401231112692e-09,3.2817444655782354e-16,28.00030655269515,28.255347970102857,2.214038441172292,2.5500000000003258
126,847872,1893104,3,1.6923519935356456e-15,0.00047671887141837089,2.5265695273892462e-16,-3.2354132961426135e-09,3.2971258588571795e-16,28.000324714917973,28.258351623018786,2.2128008783204702,2.5500000000003258
127,849920,1899248,3,1.6923519935356456e-15,0.00047671887141837089,2.5265695273892462e-16,-3.230794864718641e-09,3.3173317519103193e-16,28.000343691509354,28.261350411196084,2.2115689864705721,2.5500000000003258
128,851968,1905392,3,1.6923519935356456e-15,0.00047671887141837089,2.5265695273892462e-16,-3.2266676123593204e-09,3.3291470841362997e-16,28.000363506536154,28.264345657976474,2.2103426983454382,2.5500000000003258
129,852992,1908464,3,1.6923519935356456e-15,0.00047671887141837089,2.5265695273892462e-16,-3.1143265699119708e-09,3.3321093612447426e-16,28.000384184578078,28.26733841282859,2.2091219492949756,2.5500000000002694
130,854016,1911536,3,1.6923519935356456e-15,0.00047671887141837089,2.5265695273892462e-16,-3.0067910233096217e-09,3.3343509862604436e-16,28.000405750085775,28.270329532310821,2.2079066732280799,2.5500000000002694
131,855040,1914608,3,1.6923519935356456e-15,0.00047671887141837089,2.5265695273892462e-16,-2.8967427064961836e-09,3.3395356217971575e-16,28.000428228003074,28.2733197286428,2.2066968066541315,2.5500000000002694
132,856064,1917680,3,1.6923519935356456e-15,0.00047671887141837089,2.5265695273892462e-16,-2.7854813118674637e-09,3.3455228142013054e-16,28.000451643557206,28.276309604453644,2.205492287285284,2.5500000000002694
133,857088,1920752,3,1.6923519935356456e-15,0.00047671887141837089,2.5265695273892462e-16,-2.6773974116391532e-09,3.3511301732168577e-16,28.000476022254478,28.279299676480168,2.2042930540066097,2.5500000000002694
134,858112,1923824,3,1.6923519935356456e-15,0.00047671887141837089,2.5265695273892462e-16,-2.56506152267578e-09,3.3575997743815662e-16,28.00050138987584,28.282290392705946,2.2030990468465812,2.5500000000002694
135,859136,1926896,3,1.6923519935356456e-15,0.00047671887141837089,2.5265695273892462e-16,-2.4546929478278403e-09,3.3633239687812324e-16,28.000527772472509,28.285282145104098,2.2019102069483472,2.5500000000002694
136,860160,1929968,3,1.6923519935356456e-15,0.00047671887141837089,2.5265695273892462e-16,-2.3458620130038887e-09,3.3707889798372886e-16,28.000555196361116,28.28827527933424,2.2007264765416141,2.5500000000002694
137,861184,1933040,3,1.6923519935356456e-15,0.00047671887141837089,2.5265695273892462e-16,-2.2347470025820081e-09,3.3755204855113286e-16,28.000583688119139,28.291270102268538,2.1995477989153045,2.5500000000002694
138,862208,1936112,3,1.6923519935356456e-15,0.00047671887141837089,2.5265695273892462e-16,-2.1235377396463478e-09,3.3820251211354e-16,28.000613274580203,28.294266887934175,2.1983741183910355,2.5500000000002694
139,863232,1939184,3,1.6923519935356456e-15,0.00047671887141837089,2.5265695273892462e-16,-2.013150794293638e-09,3.3890098232418052e-16,28.000643982829125,28.297265882274548,2.1972053802972265,2.5500000000002694
140,864256,1942256,3,1.6923519935356456e-15,0.00047671887141837089,2.5265695273892462e-16,-1.9018437188663644e-09,3.3955246770667575e-16,28.000675840197101,28.300267307014991,2.1960415309441825,2.5500000000002694
141,865280,1945328,3,1.6923519935356456e-15,0.00047671887141837089,2.5265695273892462e-16,-1.7888600111902552e-09,3.4039436375892852e-16,28.000708874256507,28.303271362837652,2.1948825175997437,2.5500000000002694
142,866304,1948400,3,1.6923519935356456e-15,0.00047671887141837089,2.5265695273892462e-16,-1.6800201205310982e-09,3.4112018552370373e-16,28.000743112816235,28.306278232015892,2.1937282884657332,2.5500000000002694
143,867328,1951472,3,1.6923519935356456e-15,0.00047671887141837089,2.5265695273892462e-16,-1.568574810411035e-09,3.4170871251602928e-16,28.000778583916247,28.309288080620753,2.1925787926551465,2.5500000000002694
144,868352,1954544,3,1.6923519935356456e-15,0.00047671887141837089,2.5265695273892462e-16,-1.4617710856925944e-09,3.4228137054590384e-16,28.00081531582256,28.312301060384133,2.1914339801700007,2.5500000000002694
145,869376,1957616,3,1.6923519935356456e-15,0.00047671887141837089,2.5265695273892462e-16,-1.3521388230060707e-09,3.432405375316372e-16,28.000853337021823,28.315317310284534,2.1902938018798506,2.5500000000002694
146,870400,1960688,3,1.6923519935356456e-15,0.00047671887141837089,2.5265695273892462e-16,-1.2408226578446235e-09,3.436607796689707e-16,28.000892676216264,28.318336957905611,2.1891582095009516,2.5500000000002694
147,871424,1963760,3,1.6923519935356456e-15,0.00047671887141837089,2.5265695273892462e-16,-1.1310757933621648e-09,3.4430579939420791e-16,28.000933362318182,28.321360120607721,2.1880271555760999,2.5500000000002694
148,872448,1966832,3,1.6923519935356456e-15,0.00047671887141837089,2.5265695273892462e-16,-1.0191386932566304e-09,3.4502258373903953e-16,28.000975424444455,28.324386906543737,2.1869005934549897,2.5500000000002694
149,873472,1969904,3,1.6923519935356456e-15,0.00047671887141837089,2.5265695273892462e-16,-9.0795937620181448e-10,3.4591659401811482e-16,28.001018891911237,28.327417415544794,2.1857784772752638,2.5500000000002694
150,874496,1972976,3,1.6923519935356456e-15,0.00047671887141837089,2.5265695273892462e-16,-7.9695130118230727e-10,3.4671591989868914e-16,28.001063794228219,28.330451739896571,2.1846607619440008,2.5500000000002694
151,875520,1976048,3,1.6923519935356456e-15,0.00047671887141837089,2.5265695273892462e-16,-6.8611030312704289e-10,3.4758143337914698e-16,28.00111016109329,28.33348996502216,2.183547403119884,2.5500000000002694
152,876544,1979120,3,1.6923519935356456e-15,0.00047671887141837089,2.5265695273892462e-16,-5.741842114682668e-10,3.4822212283326452e-16,28.001158022386686,28.336532170086137,2.1824383571958004,2.5500000000002694
153,877568,1982192,3,1.6923519935356456e-15,0.00047671887141837089,2.5265695273892462e-16,-4.6237547157581597e-10,3.4904818538197272e-16,28.001207408165261,28.339578428530114,2.1813335812819794,2.5500000000002694
154,878592,1985264,3,1.6923519935356456e-15,0.00047671887141837089,2.5265695273892462e-16,-3.5048357283463442e-10,3.4980933693543885e-16,28.001258348657085,28.342628808550245,2.1802330331896655,2.5500000000002694
155,879616,1988336,3,1.6923519935356456e-15,0.00047671887141837089,2.5265695273892462e-16,-2.4070993051007926e-10,3.5054414264422351e-16,28.001310874255122,28.34568337352361,2.1791366714151339,2.5500000000002694
156,880640,1991408,3,1.6923519935356456e-15,0.00047671887141837089,2.5265695273892462e-16,-1.3029621002577839e-10,3.5118823423403935e-16,28.001365015511578,28.348742182390776,2.1780444551243674,2.5500000000002694
157,881664,1994480,3,1.6923519935356456e-15,0.00047671887141837089,2.5265695273892462e-16,-1.7940185042817287e-11,3.5205104881156653e-16,28.001420803131992,28.351805289999788,2.1769563441379818,2.5500000000002694
158,882688,1997552,3,1.6923519935356456e-15,0.00047671887141837089,2.5265695273892462e-16,9.332059690325502e-11,3.5282920480089545e-16,28.001478267968974,28.354872747416355,2.1758722989166785,2.5500000000002694
159,883712,2000624,3,1.6923519935356456e-15,0.00047671887141837089,2.5265695273892462e-16,2.0269467169597107e-10,3.5338765282427393e-16,28.001537441016051,28.357944602204459,2.1747922805471345,2.5500000000002694
160,884736,2003696,3,1.6923519935356456e-15,0.00047671887141837089,2.5265695273892462e-16,3.119733921002394e-10,3.5409974983384225e-16,28.001598353401562,28.361020898680795,2.1737162507281607,2.5500000000002694
161,885760,2006768,3,1.6923519935356456e-15,0.00047671887141837089,2.5265695273892462e-16,4.2537182109353235e-10,3.5477024345199773e-16,28.001661036382025,28.364101678145971,2.1726441717574243,2.5500000000002694
162,886784,2009840,3,1.6923519935356456e-15,0.00047671887141837089,2.5265695273892462e-16,5.3563060811160308e-10,3.554437997192959e-16,28.001725521335725,28.367186979095035,2.1715760065183951,2.5500000000002694
163,887808,2012912,3,1.6923519935356456e-15,0.00047671887141837089,2.5265695273892462e-16,6.4572076081743042e-10,3.5630028847186267e-16,28.001791839755935,28.3702768374099,2.1705117184676901,2.5500000000002694
164,888832,2015984,3,1.6923519935356456e-15,0.00047671887141837089,2.5265695273892462e-16,7.5770186673758212e-10,3.5700914494322017e-16,28.001860023244284,28.373371286535018,2.1694512716228496,2.5500000000002694
165,889856,2019056,3,1.6923519935356456e-15,0.00047671887141837089,2.5265695273892462e-16,8.6819590817142724e-10,3.5786777350863404e-16,28.001930103503408,28.37647035763878,2.1683946305503099,2.5500000000002694
166,890880,2022128,3,1.6923519935356456e-15,0.00047671887141837089,2.5265695273892462e-16,9.7936752045192456e-10,3.5862898427659982e-16,28.002002112330455,28.37957407976133,2.1673417603538248,2.5500000000002694
167,891904,2025200,3,1.6923519935356456e-15,0.00047671887141837089,2.5265695273892462e-16,1.0929843021249048e-09,3.5944879993147261e-16,28.002076081609069,28.382682479950894,2.1662926266631262,2.5500000000002694
168,892928,2028272,3,1.6923519935356456e-15,0.00047671887141837089,2.5265695273892462e-16,1.2040543997970508e-09,3.6018081694299371e-16,28.002152043302544,28.38579558338904,2.1652471956229151,2.5500000000002694
169,893952,2031344,3,1.6923519935356456e-15,0.00047671887141837089,2.5265695273892462e-16,1.3183549744445309e-09,3.6098125047656938e-16,28.002230029445723,28.388913413506565,2.1642054338821413,2.5500000000002694
170,894976,2034416,3,1.6923519935356456e-15,0.00047671887141837089,2.5265695273892462e-16,1.4294398141220364e-09,3.6179721126945488e-16,28.002310072137622,28.392035992090456,2.1631673085835628,2.5500000000002694
171,896000,2037488,3,1.6923519935356456e-15,0.00047671887141837089,2.5265695273892462e-16,1.5397963828403786e-09,3.6265866651135465e-16,28.002392203533383,28.395163339382954,2.1621327873536367,2.5500000000002694
172,897024,2040560,3,1.6923519935356456e-15,0.00047671887141837089,2.5265695273892462e-16,1.6506933938156396e-09,3.6321302957436387e-16,28.00247645583616,28.398295474173317,2.1611018382925491,2.5500000000002694
173,898048,2043632,3,1.6923519935356456e-15,0.00047671887141837089,2.5265695273892462e-16,1.7649524759375585e-09,3.6418691624555997e-16,28.002562861288954,28.401432413883008,2.1600744299646384,2.5500000000002694
174,899072,2046704,3,1.6923519935356456e-15,0.00047671887141837089,2.5265695273892462e-16,1.8747160181599355e-09,3.6506412354602572e-16,28.002651452166408,28.404574174644985,2.1590505313890049,2.5500000000002694
175,900096,2049776,3,1.6923519935356456e-15,0.00047671887141837089,2.5265695273892462e-16,1.986462031969378e-09,3.6578109853660149e-16,28.002742260766187,28.407720771377249,2.1580301120303349,2.5500000000002694
176,901120,2052848,3,1.6923519935356456e-15,0.00047671887141837089,2.5265695273892462e-16,2.0959696614962062e-09,3.6663629730100299e-16,28.002835319400706,28.410872217851651,2.157013141790046,2.5500000000002694
177,902144,2055920,3,1.6923519935356456e-15,0.00047671887141837089,2.5265695273892462e-16,2.2071341987070068e-09,3.6731557922202836e-16,28.002930660388312,28.414028526757775,2.1559995909975833,2.5500000000002694
178,903168,2058992,3,1.6923519935356456e-15,0.00047671887141837089,2.5265695273892462e-16,2.317143251464029e-09,3.6827060631096756e-16,28.003028316044738,28.417189709762738,2.1549894304019399,2.5500000000002694
179,904192,2062064,3,1.6923519935356456e-15,0.00047671887141837089,2.5265695273892462e-16,2.4280210242475212e-09,3.6904538675716242e-16,28.003128318674424,28.420355777567231,2.1539826311634531,2.5500000000002694
180,905216,2065136,3,1.6923519935356456e-15,0.00047671887141837089,2.5265695273892462e-16,2.5406372949400134e-09,3.6964290038183441e-16,28.003230700561609,28.423526739957506,2.1529791648457377,2.5500000000002694
181,906240,2068208,3,1.6923519935356456e-15,0.00047671887141837089,2.5265695273892462e-16,2.6517731915409649e-09,3.7047746917774831e-16,28.003335493961767,28.426653462025286,2.1519790092355708,2.5500000000002694
182,907264,2071280,3,1.6923519935356456e-15,0.00047671887141837089,2.5265695273892462e-16,2.7632559957573975e-09,3.7109468376306948e-16,28.003442731092857,28.429745082947168,2.1509821356899814,2.5500000000002694
183,908288,2074352,3,1.6923519935356456e-15,0.00047671887141837089,2.5265695273892462e-16,2.8727052319983593e-09,3.7197862518613847e-16,28.003552444126427,28.432815971888338,2.1499885152153304,2.5500000000002694
184,909312,2077424,3,1.6923519935356456e-15,0.00047671887141837089,2.5265695273892462e-16,2.9850396323521498e-09,3.7269209053984805e-16,28.003664665179155,28.435871257156293,2.1489981203026134,2.5500000000002694
185,910336,2080496,3,1.6923519935356456e-15,0.00047671887141837089,2.5265695273892462e-16,3.0945220061483115e-09,3.7336837063535517e-16,28.00377942630406,28.43891390256918,2.1480109240664742,2.5500000000002694
186,911360,2083568,3,1.6923519935356456e-15,0.00047671887141837089,2.5265695273892462e-16,3.2090845709866182e-09,3.7430630904525608e-16,28.003896759482132,28.441945907713809,2.147026900095204,2.5500000000002694
187,912384,2086640,3,1.6923519935356456e-15,0.00047671887141837089,2.5265695273892462e-16,3.3210747126476754e-09,3.7512329232385157e-16,28.004016696613743,28.444968740271303,2.1460460223925653,2.5500000000002694
188,913408,2089712,3,1.6923519935356456e-15,0.00047671887141837089,2.5265695273892462e-16,3.4331710308780054e-09,3.7590329965325131e-16,28.004139269510411,28.447983537059812,2.1450682653473003,2.5500000000002694
189,914432,2092784,3,1.6923519935356456e-15,0.00047671887141837089,2.5265695273892462e-16,3.5430848869979959e-09,3.7655850832431766e-16,28.004264509886543,28.450991212281899,2.1440936037137734,2.5500000000002694
190,915456,2095856,3,1.6923519935356456e-15,0.00047671887141837089,2.5265695273892462e-16,3.6535884246334092e-09,3.7739821450637158e-16,28.004392449351517,28.453992521767702,2.1431220125981167,2.5500000000002694
191,916480,2098928,3,1.6923519935356456e-15,0.00047671887141837089,2.5265695273892462e-16,3.7633553925009703e-09,3.7820110583911638e-16,28.00452311940159,28.456988103868607,2.1421534674472529,2.5500000000002694
192,917504,2102000,3,1.6923519935356456e-15,0.00047671887141837089,2.5265695273892462e-16,3.8731264557253976e-09,3.7880427874919613e-16,28.004656551412296,28.459978506904896,2.1411879440395913,2.5500000000002694
193,918528,2105072,3,1.6923519935356456e-15,0.00047671887141837089,2.5265695273892462e-16,3.9872813223829332e-09,3.796871856730492e-16,28.004792776630769,28.462964208374672,2.1402254184769269,2.5500000000002694
194,919552,2108144,3,1.6923519935356456e-15,0.00047671887141837089,2.5265695273892462e-16,4.1002557184971043e-09,3.8052135006165409e-16,28.004931826168644,28.465945628855888,2.1392658671771141,2.5500000000002694
195,920576,2111216,3,1.6923519935356456e-15,0.00047671887141837089,2.5265695273892462e-16,4.2124986339800006e-09,3.8135020219296758e-16,28.005073730994557,28.468923142352608,2.1383092668672012,2.5500000000002694
196,921600,2114288,3,1.6923519935356456e-15,0.00047671887141837089,2.5265695273892462e-16,4.3267542614001171e-09,3.824768177799431e-16,28.005218521927407,28.471897084176732,2.1373555945770795,2.5500000000002694
197,922624,2117360,3,1.6923519935356456e-15,0.00047671887141837089,2.5265695273892462e-16,4.4400487072735523e-09,3.8319559071866609e-16,28.005366229629473,28.474867757072772,2.1364048276334384,2.5500000000002694
198,923648,2120432,3,1.6923519935356456e-15,0.00047671887141837089,2.5265695273892462e-16,4.5504835192848157e-09,3.841758245728845e-16,28.005516884600109,28.477835436060786,2.1354569436539634,2.5500000000002694
199,924672,2123504,3,1.6923519935356456e-15,0.00047671887141837089,2.5265695273892462e-16,4.6615384091783488e-09,3.8482538754239972e-16,28.005670517169271,28.480800372322999,2.1345119205418155,2.5500000000002694
200,925696,2126576,3,1.6923519935356456e-15,0.00047671887141837089,2.5265695273892462e-16,4.7760818895647548e-09,3.856513764332593e-16,28.005827157491574,28.48376279636453,2.1335697364802604,2.5500000000002694
201,926720,2129648,3,1.6923519935356456e-15,0.00047671887141837089,2.5265695273892462e-16,4.8880796570702124e-09,3.8672377843486704e-16,28.005986835540327,28.486722920614348,2.1326303699275333,2.5500000000002694
202,927744,2132720,3,1.6923519935356456e-15,0.00047671887141837089,2.5265695273892462e-16,5.0015481125134218e-09,3.8739205714768544e-16,28.006149581102211,28.489680941587881,2.131693799611821,2.5500000000002694
203,928768,2135792,3,1.6923519935356456e-15,0.00047671887141837089,2.5265695273892462e-16,5.1135024303999766e-09,3.8830019449547571e-16,28.006315423771579,28.492637041702288,2.1307600045263628,2.5500000000002694
204,929792,2138864,3,1.6923519935356456e-15,0.00047671887141837089,2.5265695273892462e-16,5.2247318974431212e-09,3.8887727312071542e-16,28.006484392945701,28.495591390813139,2.1298289639247985,2.5500000000002694
205,930816,2141936,3,1.6923519935356456e-15,0.00047671887141837089,2.5265695273892462e-16,5.3376004764010396e-09,3.9013842719801729e-16,28.006656517819863,28.498544147525301,2.1289006573165183,2.5500000000002694
206,931840,2145008,3,1.6923519935356456e-15,0.00047671887141837089,2.5265695273892462e-16,5.4470522457719573e-09,3.9089834170287736e-16,28.006831827382527,28.501495460319262,2.1279750644622113,2.5500000000002694
207,932864,2148080,3,1.6923519935356456e-15,0.00047671887141837089,2.5265695273892462e-16,5.5589493253732201e-09,3.9182835616194971e-16,28.007010350411193,28.504445468524779,2.1270521653694883,2.5500000000002694
208,933888,2151152,3,1.6923519935356456e-15,0.00047671887141837089,2.5265695273892462e-16,5.6706938511151809e-09,3.9254517021419755e-16,28.007192115468147,28.507394303168233,2.1261319402886492,2.5500000000002694
209,934912,2154224,3,1.6923519935356456e-15,0.00047671887141837089,2.5265695273892462e-16,5.7792148606765954e-09,3.934156701978818e-16,28.007377150896701,28.510342087713049,2.1252143697084724,2.5500000000002694
210,935936,2157296,3,1.6923519935356456e-15,0.00047671887141837089,2.5265695273892462e-16,5.8892054440496092e-09,3.9401636753733393e-16,28.007565484817235,28.513288938711604,2.1242994343522184,2.5500000000002694
211,936960,2160368,3,1.6923519935356456e-15,0.00047671887141837089,2.5265695273892462e-16,6.0017007186470137e-09,3.9497612593135588e-16,28.007757145124256,28.516234966379685,2.1233871151736663,2.5500000000002694
212,937984,2163440,3,1.6923519935356456e-15,0.00047671887141837089,2.5265695273892462e-16,6.1134628609395539e-09,3.9561645178143307e-16,28.007952159482699,28.519180275106969,2.1224773933531917,2.5500000000002694
213,939008,2166512,3,1.6923519935356456e-15,0.00047671887141837089,2.5265695273892462e-16,6.2262909502589207e-09,3.9670258110380006e-16,28.008150555325024,28.522124963911615,2.1215702502940035,2.5500000000002694
214,940032,2169584,3,1.6923519935356456e-15,0.00047671887141837089,2.5265695273892462e-16,6.3389430174040205e-09,3.974228956616156e-16,28.008352359848541,28.525069126846223,2.1206656676184954,2.5500000000002694
215,941056,2172656,3,1.6923519935356456e-15,0.00047671887141837089,2.5265695273892462e-16,6.4524095297400964e-09,3.9838401058014334e-16,28.008557600012683,28.528012853362593,2.1197636271645641,2.5500000000002694
216,942080,2175728,3,1.6923519935356456e-15,0.00047671887141837089,2.5265695273892462e-16,6.5617127255747277e-09,3.9915317096738605e-16,28.008766302536447,28.530956228639717,2.1188641109820816,2.5500000000002694
217,943104,2178800,3,1.6923519935356456e-15,0.00047671887141837089,2.5265695273892462e-16,6.6747157012581655e-09,3.9980878708306522e-16,28.008978493896205,28.53389933388037,2.1179671013294556,2.5500000000002694
218,944128,2181872,3,1.6923519935356456e-15,0.00047671887141837089,2.5265695273892462e-16,6.7849519468457085e-09,4.0097873789977527e-16,28.009194200323538,28.536842246579351,2.1170725806702362,2.5500000000002694
219,945152,2184944,3,1.6923519935356456e-15,0.00047671887141837089,2.5265695273892462e-16,6.8964447208432182e-09,4.0168644079022038e-16,28.009413447802935,28.539785040767445,2.116180531669797,2.5500000000002694
220,946176,2188016,3,1.6923519935356456e-15,0.00047671887141837089,2.5265695273892462e-16,7.0078055056945527e-09,4.0283964426267944e-16,28.009636262070284,28.542727787233577,2.1152909371920732,2.5500000000002694
221,947200,2191088,3,1.6923519935356456e-15,0.00047671887141837089,2.5265695273892462e-16,7.1204115043304021e-09,4.0355464171644218e-16,28.009862668610506,28.545670553727504,2.1144037802963962,2.5500000000002312
222,948224,2194160,3,1.6923519935356456e-15,0.00047671887141837089,2.5265695273892462e-16,7.2339493496884325e-09,4.045818612259865e-16,28.010092692656134,28.548613405145279,2.1135190442344052,2.5500000000002312
223,949248,2197232,3,1.6923519935356456e-15,0.00047671887141837089,2.5265695273892462e-16,7.3448643560345121e-09,4.0545039443266804e-16,28.010326359185473,28.551556403699792,2.1126367124469603,2.5500000000002312
224,950272,2200304,3,1.6923519935356456e-15,0.00047671887141837089,2.5265695273892462e-16,7.4588379914684431e-09,4.063889208645869e-16,28.010563692920954,28.554499609076903,2.111756768561206,2.5500000000002312
225,951296,2203376,3,1.6923519935356456e-15,0.00047671887141837089,2.5265695273892462e-16,7.5736237321682216e-09,4.0706253666950212e-16,28.010804718327201,28.557443078579745,2.1108791963875757,2.5500000000002312
226,952320,2206448,3,1.6923519935356456e-15,0.00047671887141837089,2.5265695273892462e-16,7.6831277330872189e-09,4.0790474301788217e-16,28.01104945960985,28.560386867261609,2.1100039799170029,2.5500000000002312
227,953344,2209520,3,1.6923519935356456e-15,0.00047671887141837089,2.5265695273892462e-16,7.7950626898334786e-09,4.0879167363904038e-16,28.011297940713529,28.563331028049173,2.1091311033180875,2.5500000000002312
228,954368,2212592,3,1.6923519935356456e-15,0.00047671887141837089,2.5265695273892462e-16,7.9042349589316436e-09,4.09687642882139e-16,28.011550185320282,28.566275611856177,2.1082605509343133,2.5500000000002312
229,955392,2215664,3,1.6923519935356456e-15,0.00047671887141837089,2.5265695273892462e-16,8.0162200613294233e-09,4.103484144526847e-16,28.011806216848097,28.569220667689105,2.1073923072814118,2.5500000000002312
230,956416,2218736,3,1.6923519935356456e-15,0.00047671887141837089,2.5265695273892462e-16,8.1297204432740059e-09,4.1156430871592292e-16,28.012066058448909,28.572166242745453,2.1065263570446793,2.5500000000002312
231,957440,2221808,3,1.6923519935356456e-15,0.00047671887141837089,2.5265695273892462e-16,8.2455499638366731e-09,4.1249177582060013e-16,28.012329733007252,28.575112382505282,2.1056626850764073,2.5500000000002312
232,958464,2224880,3,1.6923519935356456e-15,0.00047671887141837089,2.5265695273892462e-16,8.3537551184170287e-09,4.1333530937381068e-16,28.012597263138176,28.578059130815976,2.1048012763933257,2.5500000000002312
233,959488,2227952,3,1.6923519935356456e-15,0.00047671887141837089,2.5265695273892462e-16,8.4622542651500552e-09,4.1418945813582212e-16,28.012868671185668,28.581006529972314,2.1039421161741716,2.5500000000002312
234,960512,2231024,3,1.6923519935356456e-15,0.00047671887141837089,2.5265695273892462e-16,8.5757269244787682e-09,4.1532758969251151e-16,28.013143979220942,28.583954620790308,2.1030851897571443,2.5500000000002312
235,961536,2234096,3,1.6923519935356456e-15,0.00047671887141837089,2.5265695273892462e-16,8.6876591401450954e-09,4.1627348888862763e-16,28.013423209040479,28.586903442677009,2.1022304826376015,2.5500000000002312
236,962560,2237168,3,1.6923519935356456e-15,0.00047671887141837089,2.5265695273892462e-16,8.8009821650456963e-09,4.1703150734688971e-16,28.013706382164195,28.589853033695775,2.1013779804656934,2.5500000000002312
237,963584,2240240,3,1.6923519935356456e-15,0.00047671887141837089,2.5265695273892462e-16,8.9104634668911701e-09,4.1779770207191657e-16,28.013993519833747,28.592803430627129,2.1005276690440287,2.5500000000002312
238,964608,2243312,3,1.6923519935356456e-15,0.00047671887141837089,2.5265695273892462e-16,9.0222646056590301e-09,4.187081097526073e-16,28.014284643010605,28.595754669026412,2.0996795343254657,2.5500000000002312
239,965632,2246384,3,1.6923519935356456e-15,0.00047671887141837089,2.5265695273892462e-16,9.1378236848917766e-09,4.1965282867184924e-16,28.014579772374177,28.598706783277713,2.0988335624108863,2.5500000000002312
240,966656,2249456,3,1.6923519935356456e-15,0.00047671887141837089,2.5265695273892462e-16,9.2480386897661383e-09,4.2051207997501739e-16,28.014878928319991,28.601659806644705,2.0979897395469669,2.5500000000002312
241,967680,2252528,3,1.6923519935356456e-15,0.00047671887141837089,2.5265695273892462e-16,9.3617936601617361e-09,4.2150484659779296e-16,28.01518213095806,28.604770748730225,2.0971480360124573,2.5500000000002312
242,968704,2255600,3,1.6923519935356456e-15,0.00047671887141837089,2.5265695273892462e-16,9.471472628543127e-09,4.2230735848728115e-16,28.015489400110681,28.608010473810836,2.0963084410752741,2.5500000000002312
243,969728,2258672,3,1.6923519935356456e-15,0.00047671887141837089,2.5265695273892462e-16,9.5798396973338205e-09,4.2328087634578397e-16,28.015800755311183,28.611333136835821,2.0954709461657881,2.5500000000002312
244,970752,2261744,3,1.6923519935356456e-15,0.00047671887141837089,2.5265695273892462e-16,9.6934558047414696e-09,4.240229638547479e-16,28.01611621580183,28.614722407019425,2.0946355397780412,2.5500000000001921
245,971776,2264816,3,1.6923519935356456e-15,0.00047671887141837089,2.5265695273892462e-16,9.8042813031508964e-09,4.2522516497658828e-16,28.016435800532442,28.618168864348256,2.0938022098291551,2.5500000000001921
246,972800,2267888,3,1.6923519935356456e-15,0.00047671887141837089,2.5265695273892462e-16,9.9166448504369504e-09,4.2596517089200307e-16,28.016759528158492,28.621666165814958,2.0929709440530053,2.5500000000001921
247,973824,2270960,3,1.6923519935356456e-15,0.00047671887141837089,2.5265695273892462e-16,1.0027736457270736e-08,4.2675558346203743e-16,28.017087417039942,28.62520966460519,2.0921417301405771,2.5500000000001921
248,974848,2274032,3,1.6923519935356456e-15,0.00047671887141837089,2.5265695273892462e-16,1.0140864775941031e-08,4.2749367919123564e-16,28.017419485239554,28.628795768052079,2.0913145558041881,2.5500000000001921
249,975872,2277104,3,1.6923519935356456e-15,0.00047671887141837089,2.5265695273892462e-16,1.0251650431330082e-08,4.2832720752318591e-16,28.01775575052174,28.632421591993683,2.090489408811198,2.5500000000001921
250,976896,2280176,3,1.6923519935356456e-15,0.00047671887141837089,2.5265695273892462e-16,1.0362480288882763e-08,4.2899665708431199e-16,28.018096230351077,28.636084755683878,2.08966627700338,2.5500000000001921
251,977920,2283248,3,1.6923519935356456e-15,0.00047671887141837089,2.5265695273892462e-16,1.0472511034031592e-08,4.2986535358161633e-16,28.018440941891413,28.639783251282001,2.0888451483085047,2.5500000000001921
252,978944,2286320,3,1.6923519935356456e-15,0.00047671887141837089,2.5265695273892462e-16,1.0586473261490264e-08,4.3065921843517362e-16,28.018789902004681,28.643515356282602,2.0880260107476567,2.5500000000001921
253,979968,2289392,3,1.6923519935356456e-15,0.00047671887141837089,2.5265695273892462e-16,1.069786161510918e-08,4.3177155906258794e-16,28.019143127249979,28.647279572261105,2.0872088524397991,2.5500000000001921
254,980992,2292464,3,1.6923519935356456e-15,0.00047671887141837089,2.5265695273892462e-16,1.0808497113484671e-08,4.327619281799062e-16,28.019500633882814,28.651074580561364,2.0863936616046774,2.5500000000001921
255,982016,2295536,3,1.6923519935356456e-15,0.00047671887141837089,2.5265695273892462e-16,1.0921249618408525e-08,4.3349875334675883e-16,28.019862437854563,28.6548992093389,2.0855804265645572,2.5500000000001921
256,983040,2298608,3,1.6923519935356456e-15,0.00047671887141837089,2.5265695273892462e-16,1.1032536535806906e-08,4.3432979468911163e-16,28.020228554811744,28.658752408470981,2.0847691357452036,2.5500000000001921
257,984064,2301680,3,1.6923519935356456e-15,0.00047671887141837089,2.5265695273892462e-16,1.1145347803837987e-08,4.349456452536027e-16,28.020599000095608,28.66263323007346,2.083959777676244,2.5500000000001921
258,985088,2304752,3,1.6923519935356456e-15,0.00047671887141837089,2.5265695273892462e-16,1.125704446552348e-08,4.3572895623250905e-16,28.020973788742133,28.66654081310989,2.0831523409912651,2.5500000000001921
259,986112,2307824,3,1.6923519935356456e-15,0.00047671887141837089,2.5265695273892462e-16,1.1367462316818058e-08,4.3647904513062404e-16,28.021352935481644,28.670474371050418,2.0823468144274875,2.5500000000001921
260,987136,2310896,3,1.6923519935356456e-15,0.00047671887141837089,2.5265695273892462e-16,1.1475796855098348e-08,4.3723295939010527e-16,28.02173645473891,28.674433181845426,2.0815431868253444,2.5500000000001921
261,988160,2313968,3,1.6923519935356456e-15,0.00047671887141837089,2.5265695273892462e-16,1.1585474287924202e-08,4.3795681262658131e-16,28.02212436063337,28.678416579684519,2.080741447127803,2.5500000000001921
262,989184,2317040,3,1.6923519935356456e-15,0.00047671887141837089,2.5265695273892462e-16,1.1696308337436163e-08,4.3879621896858788e-16,28.022516666979286,28.682423948152024,2.0799415843796258,2.5500000000001921
263,990208,2320112,3,1.6923519935356456e-15,0.00047671887141837089,2.5265695273892462e-16,1.1808003473649199e-08,4.3967131085157225e-16,28.022913387286376,28.686454714489287,2.0791435877265565,2.5500000000001921
264,991232,2323184,3,1.6923519935356456e-15,0.00047671887141837089,2.5265695273892462e-16,1.1919080557486463e-08,4.404236264875845e-16,28.023314534760306,28.690508344743638,2.0783474464144041,2.5500000000001921
265,992256,2326256,3,1.6923519935356456e-15,0.00047671887141837089,2.5265695273892462e-16,1.2033884896590309e-08,4.4135298337038161e-16,28.023720122303363,28.694584339636389,2.0775531497880482,2.5500000000001921
266,993280,2329328,3,1.6923519935356456e-15,0.00047671887141837089,2.5265695273892462e-16,1.2145350658774893e-08,4.4221748670175281e-16,28.024130162515476,28.698682231017266,2.0767606872904953,2.5500000000001921
267,994304,2332400,3,1.6923519935356456e-15,0.00047671887141837089,2.5265695273892462e-16,1.2256967386462597e-08,4.4315733180173974e-16,28.024544667695061,28.702801578804038,2.0759700484618646,2.5500000000001921
268,995328,2335472,3,1.6923519935356456e-15,0.00047671887141837089,2.5265695273892462e-16,1.2370346680480168e-08,4.4395863486369792e-16,28.024963649840476,28.706941968324685,2.0751812229382871,2.5500000000001921
269,996352,2338544,3,1.6923519935356456e-15,0.00047671887141837089,2.5265695273892462e-16,1.2479870274125044e-08,4.4476276586876231e-16,28.025387120650809,28.71110300799598,2.0743942004509233,2.5500000000001921
270,997376,2341616,3,1.6923519935356456e-15,0.00047671887141837089,2.5265695273892462e-16,1.2590203892018118e-08,4.4534958074585389e-16,28.025815091527868,28.715284327287321,2.0736089708248571,2.5500000000001921
271,998400,2344688,3,1.6923519935356456e-15,0.00047671887141837089,2.5265695273892462e-16,1.270433068456144e-08,4.46128154254597e-16,28.026247573577518,28.719485574924921,2.0728255239780786,2.5500000000001921
272,999424,2347760,3,1.6923519935356456e-15,0.00047671887141837089,2.5265695273892462e-16,1.2813844161407425e-08,4.4694005452125305e-16,28.026684577611466,28.723706417302136,2.0720438499203615,2.5500000000001921
273,1000448,2350832,3,1.6923519935356456e-15,0.00047671887141837089,2.5265695273892462e-16,1.292499317522836e-08,4.4758008597258035e-16,28.027126114149262,28.727946537065659,2.0712639387522769,2.5500000000001921
274,1001472,2353904,3,1.6923519935356456e-15,0.00047671887141837089,2.5265695273892462e-16,1.3039144354189047e-08,4.4811867600670259e-16,28.027572193420529,28.732205631854555,2.0704857806640717,2.5500000000001921
275,1002496,2356976,3,1.6923519935356456e-15,0.00047671887141837089,2.5265695273892462e-16,1.3150569690594587e-08,4.4880244846509132e-16,28.028022825367099,28.736483413170582,2.0697093659346297,2.5500000000001921
276,1003520,2360048,3,1.6923519935356456e-15,0.00047671887141837089,2.5265695273892462e-16,1.3265633943425259e-08,4.4967986979854057e-16,28.028478019645899,28.740779605363102,2.0689346849304617,2.5500000000001921
277,1004544,2363120,3,1.6923519935356456e-15,0.00047671887141837089,2.5265695273892462e-16,1.3379099916587594e-08,4.5066881812329685e-16,28.028937785631776,28.745093944714672,2.0681617281046645,2.5500000000001921
278,1005568,2366192,3,1.6923519935356456e-15,0.00047671887141837089,2.5265695273892462e-16,1.3489908302600452e-08,4.5094901992709361e-16,28.029402132420461,28.749426178613707,2.067390485995857,2.5500000000001921
279,1006592,2369264,3,1.6923519935356456e-15,0.00047671887141837089,2.5265695273892462e-16,1.3599075751444178e-08,4.5173129073930438e-16,28.029871068832396,28.753776064805177,2.0666209492271839,2.5500000000001921
280,1007616,2372336,3,1.6923519935356456e-15,0.00047671887141837089,2.5265695273892462e-16,1.3712871618379403e-08,4.5260455691189223e-16,28.030344603416285,28.758143370709295,2.0658531085053631,2.5500000000001921
281,1008640,2375408,3,1.6923519935356456e-15,0.00047671887141837089,2.5265695273892462e-16,1.3823003535637116e-08,4.5342751960125488e-16,28.030822744453641,28.762527872800547,2.0650869546195914,2.5500000000001921
282,1009664,2378480,3,1.6923519935356456e-15,0.00047671887141837089,2.5265695273892462e-16,1.3936576169898676e-08,4.5392416735194474e-16,28.03130549996331,28.766929356041139,2.064322478440642,2.5500000000001921
283,1010688,2381552,3,1.6923519935356456e-15,0.00047671887141837089,2.5265695273892462e-16,1.4047233582602158e-08,4.5458209611598259e-16,28.031792877706486,28.771347613361794,2.0635596709198682,2.5500000000001921
284,1011712,2384624,3,1.6923519935356456e-15,0.00047671887141837089,2.5265695273892462e-16,1.4155928327321777e-08,4.5512956125524025e-16,28.032284885192578,28.775782445185865,2.0627985230882424,2.5500000000001921
285,1012736,2387696,3,1.6923519935356456e-15,0.00047671887141837089,2.5265695273892462e-16,1.4267433141601253e-08,4.5596599157588625e-16,28.032781529685142,28.780233658991975,2.0620390260554315,2.5500000000001921
286,1013760,2390768,3,1.6923519935356456e-15,0.00047671887141837089,2.5265695273892462e-16,1.4382960403078104e-08,4.5661288841304024e-16,28.033282818208466,28.784701068910916,2.0612811710087962,2.5500000000001921
287,1014784,2393840,3,1.6923519935356456e-15,0.00047671887141837089,2.5265695273892462e-16,1.4493911511404963e-08,4.5716870634457528e-16,28.033788757554891,28.789184495353972,2.0605249492125646,2.5500000000001921
288,1015808,2396912,3,1.6923519935356456e-15,0.00047671887141837089,2.5265695273892462e-16,1.4609454239134225e-08,4.5780034880801106e-16,28.034299354292234,28.793683764669435,2.0597703520068462,2.5500000000001921
289,1016832,2399984,3,1.6923519935356456e-15,0.00047671887141837089,2.5265695273892462e-16,1.4720867306165881e-08,4.5867273482811541e-16,28.034814614772117,28.798198708824469,2.0590173708067647,2.5500000000001921
290,1017856,2403056,3,1.6923519935356456e-15,0.00047671887141837089,2.5265695273892462e-16,1.4834638120224666e-08,4.5954861974466268e-16,28.035334545138767,28.802729165110172,2.0582659971015733,2.5500000000001921
291,1018880,2406128,3,1.6923519935356456e-15,0.00047671887141837089,2.5265695273892462e-16,1.494612587685978e-08,4.6004599724313622e-16,28.035859151338183,28.807274975867571,2.057516222453764,2.5500000000001921
292,1019904,2409200,3,1.6923519935356456e-15,0.00047671887141837089,2.5265695273892462e-16,1.5057464189127425e-08,4.6109018194270067e-16,28.036388439127858,28.811835988232996,2.0567680384982356,2.5500000000001921
293,1020928,2412272,3,1.6923519935356456e-15,0.00047671887141837089,2.5265695273892462e-16,1.5168379366452187e-08,4.6172490834871754e-16,28.036922414087208,28.816412053900429,2.0560214369414087,2.5500000000001921
294,1021952,2415344,3,1.6923519935356456e-15,0.00047671887141837089,2.5265695273892462e-16,1.5279012733286208e-08,4.6270245289013053e-16,28.037461081628038,28.821003028900499,2.0552764095603901,2.5500000000001921
295,1022976,2418416,3,1.6923519935356456e-15,0.00047671887141837089,2.5265695273892462e-16,1.5392372512423615e-08,4.6338377542049063e-16,28.038004447005878,28.825608773393487,2.0545329482021839,2.5500000000001921
296,1024000,2421488,3,1.6923519935356456e-15,0.00047671887141837089,2.5265695273892462e-16,1.5502280519272885e-08,4.6421640153103716e-16,28.038552515331538,28.830229151476065,2.0537910447828467,2.5500000000001921
297,1025024,2424560,3,1.6923519935356456e-15,0.00047671887141837089,2.5265695273892462e-16,1.561466132955119e-08,4.6493345872268629e-16,28.039105291582878,28.834864031000286,2.0530506912866873,2.5500000000001921
298,1026048,2427632,3,1.6923519935356456e-15,0.00047671887141837089,2.5265695273892462e-16,1.5727466051169554e-08,4.6569444272684195e-16,28.039662780617082,28.839513283403782,2.0523118797654711,2.5500000000001921
299,1027072,2430704,3,1.6923519935356456e-15,0.00047671887141837089,2.5265695273892462e-16,1.5839901151895864e-08,4.6649166228245929e-16,28.040224987183244,28.844176783550786,2.0515746023376407,2.5500000000001921
300,1028096,2433776,3,1.6923519935356456e-15,0.00047671887141837089,2.5265695273892462e-16,1.5954377418578049e-08,4.6723326103754113e-16,28.040791915935003,28.848854409582202,2.0508388511875739,2.5500000000001921
301,1029120,2436848,3,1.6923519935356456e-15,0.00047671887141837089,2.5265695273892462e-16,1.6065774995830107e-08,4.6814578535063476e-16,28.041363571443654,28.853426541952732,2.0501046215082241,2.5500000000001921
302,1030144,2439920,3,1.6923519935356456e-15,0.00047671887141837089,2.5265695273892462e-16,1.617643265833377e-08,4.6881229371599655e-16,28.041939958211028,28.857915268564511,2.0493719051138193,2.5500000000001921
303,1031168,2442992,3,1.6923519935356456e-15,0.00047671887141837089,2.5265695273892462e-16,1.6287400648989498e-08,4.6965296252302597e-16,28.042521080682754,28.862355399612486,2.0486406935123576,2.5500000000001921
304,1032192,2446064,3,1.6923519935356456e-15,0.00047671887141837089,2.5265695273892462e-16,1.6398635117890945e-08,4.7043362976807112e-16,28.043106943261819,28.866759279267274,2.0479109788364918,2.5500000000001921
305,1033216,2449136,3,1.6923519935356456e-15,0.00047671887141837089,2.5265695273892462e-16,1.6511356372855581e-08,4.7132167909284667e-16,28.043697550321312,28.871133992756107,2.0471827534112754,2.5500000000001921
306,1034240,2452208,3,1.6923519935356456e-15,0.00047671887141837089,2.5265695273892462e-16,1.6624706990159371e-08,4.7236805006308183e-16,28.044292906217901,28.875484284783301,2.0464560096811439,2.5500000000001921
307,1035264,2455280,3,1.6923519935356456e-15,0.00047671887141837089,2.5265695273892462e-16,1.6736005635589492e-08,4.7299463844651256e-16,28.04489301530511,28.8798136106162,2.0457307401833011,2.5500000000001921
308,1036288,2458352,3,1.6923519935356456e-15,0.00047671887141837089,2.5265695273892462e-16,1.6848482009073584e-08,4.7376955054367178e-16,28.045497881946091,28.884124624780434,2.0450069375348812,2.5500000000001921
309,1037312,2461424,3,1.6923519935356456e-15,0.00047671887141837089,2.5265695273892462e-16,1.6961105889997965e-08,4.7442202661065987e-16,28.04610751052676,28.888419444118089,2.044284594425815,2.5500000000001921
310,1038336,2464496,3,1.6923519935356456e-15,0.00047671887141837089,2.5265695273892462e-16,1.7071752300651482e-08,4.75231451319613e-16,28.046721905468335,28.892699803852352,2.0435637036142849,2.5500000000001921
311,1039360,2467568,3,1.6923519935356456e-15,0.00047671887141837089,2.5265695273892462e-16,1.7184502857155611e-08,4.7612691965315193e-16,28.047341071239757,28.896967156880827,2.0428442579236075,2.5500000000001921
312,1040384,2470640,3,1.6923519935356456e-15,0.00047671887141837089,2.5265695273892462e-16,1.7297517081002908e-08,4.7703749214957972e-16,28.047965012370096,28.901222740382998,2.042126250239944,2.5500000000001921
313,1041408,2473712,3,1.6923519935356456e-15,0.00047671887141837089,2.5265695273892462e-16,1.7412068863125348e-08,4.7778004605916216e-16,28.048593733460159,28.905467622398049,2.0414096735105534,2.5500000000001921
314,1042432,2476784,3,1.6923519935356456e-15,0.00047671887141837089,2.5265695273892462e-16,1.7524852555233113e-08,4.7832880244674306e-16,28.049227239194398,28.909702735507388,2.0406945207422353,2.5500000000001921
315,1043456,2479856,3,1.6923519935356456e-15,0.00047671887141837089,2.5265695273892462e-16,1.7638734573415065e-08,4.7916455509320988e-16,28.049865534351998,28.913928901875586,2.0399807850001643,2.5500000000001921
316,1044480,2482928,3,1.6923519935356456e-15,0.00047671887141837089,2.5265695273892462e-16,1.7751628191480056e-08,4.7972014992508642e-16,28.050508623817723,28.918146852304051,2.039268459406768,2.5500000000001921
317,1045504,2486000,3,1.6923519935356456e-15,0.00047671887141837089,2.5265695273892462e-16,1.7866597589631061e-08,4.8056265861444271e-16,28.051156512592371,28.922357241019661,2.0385575371407905,2.5500000000001921
318,1046528,2489072,3,1.6923519935356456e-15,0.00047671887141837089,2.5265695273892462e-16,1.7980912093240691e-08,4.8172552933379598e-16,28.051809205802986,28.926560657349526,2.0378480114363495,2.5500000000001921
319,1047552,2492144,3,1.6923519935356456e-15,0.00047671887141837089,2.5265695273892462e-16,1.8096397950012357e-08,4.8234585102921775e-16,28.052466708712675,28.930757635076301,2.0371398755821617,2.5500000000001921
320,1048576,2495216,3,1.6923519935356456e-15,0.00047671887141837089,2.5265695273892462e-16,1.8208678759662224e-08,4.8299014888427414e-16,28.053129026729469,28.934948660032791,2.0364331229207675,2.5500000000001921
321,1049600,2498288,3,1.6923519935356456e-15,0.00047671887141837089,2.5265695273892462e-16,1.8322309267876809e-08,4.8376583934546508e-16,28.053796165415385,28.939134176339966,2.0357277468477788,2.5500000000001921
322,1050624,2501360,3,1.6923519935356456e-15,0.00047671887141837089,2.5265695273892462e-16,1.8436385499410759e-08,4.846445151952485e-16,28.054468130494541,28.943314591582233,2.0350237408112135,2.5500000000001921
323,1051648,2504432,3,1.6923519935356456e-15,0.00047671887141837089,2.5265695273892462e-16,1.8548174629230096e-08,4.8523449939547003e-16,28.055144927861342,28.947490281143089,2.0343210983107953,2.5500000000001921
324,1052672,2507504,3,1.6923519935356456e-15,0.00047671887141837089,2.5265695273892462e-16,1.866024072673433e-08,4.860921710486245e-16,28.055826563587814,28.951661591865797,2.0336198128973741,2.5500000000001921
325,1053696,2510576,3,1.6923519935356456e-15,0.00047671887141837089,2.5265695273892462e-16,1.8772212407576577e-08,4.8688896657078033e-16,28.056513043930238,28.955828845169524,2.0329198781722382,2.5500000000001921
326,1054720,2513648,3,1.6923519935356456e-15,0.00047671887141837089,2.5265695273892462e-16,1.8889954894994478e-08,4.8771920928963875e-16,28.057204375336195,28.959992339718813,2.0322212877865566,2.5500000000001921
327,1055744,2516720,3,1.6923519935356456e-15,0.00047671887141837089,2.5265695273892462e-16,1.9001082503411922e-08,4.883293064252286e-16,28.057900564450005,28.964152353726139,2.0315240354407673,2.5500000000001921
328,1056768,2519792,3,1.6923519935356456e-15,0.00047671887141837089,2.5265695273892462e-16,1.9113790963815141e-08,4.8904014237210369e-16,28.058601618118669,28.968309146948698,2.0308281148840237,2.5500000000001921
329,1057792,2522864,3,1.6923519935356456e-15,0.00047671887141837089,2.5265695273892462e-16,1.9224124959227411e-08,4.8975577947558683e-16,28.059307543396855,28.97246296242999,2.030133519913643,2.5500000000001921
330,1058816,2525936,3,1.6923519935356456e-15,0.00047671887141837089,2.5265695273892462e-16,1.9338438206897245e-08,4.9047274274346235e-16,28.060018347551459,28.976614028025509,2.0294402443745381,2.5500000000001921
331,1059840,2529008,3,1.6923519935356456e-15,0.00047671887141837089,2.5265695273892462e-16,1.9451150346432116e-08,4.9141769167061336e-16,28.06073403806559,28.980762557746594,2.0287482821587122,2.5500000000001921
332,1060864,2532080,3,1.6923519935356456e-15,0.00047671887141837089,2.5265695273892462e-16,1.9564257293200767e-08,4.924156707009331e-16,28.061454622642682,28.984908752947977,2.0280576272047002,2.5500000000001921
333,1061888,2535152,3,1.6923519935356456e-15,0.00047671887141837089,2.5265695273892462e-16,1.9673168356528378e-08,4.9310276482585616e-16,28.062180109209098,28.989052803382421,2.0273682734971157,2.5500000000001921
334,1062912,2538224,3,1.6923519935356456e-15,0.00047671887141837089,2.5265695273892462e-16,1.978897673937707e-08,4.9383789813693747e-16,28.062910505917394,28.993194888139964,2.0266802150660759,2.5500000000001921
335,1063936,2541296,3,1.6923519935356456e-15,0.00047671887141837089,2.5265695273892462e-16,1.99062944407206e-08,4.94578461236043e-16,28.063645821148004,28.997335176488004,2.025993445986741,2.5500000000001921
336,1064960,2544368,3,1.6923519935356456e-15,0.00047671887141837089,2.5265695273892462e-16,2.0020385761096184e-08,4.9539250029449508e-16,28.064386063511286,29.001473828624508,2.02530796037885,2.5500000000001921
337,1065984,2547440,3,1.6923519935356456e-15,0.00047671887141837089,2.5265695273892462e-16,2.0130873811879345e-08,4.9643799690251103e-16,28.065131241848544,29.00561099635625,2.024623752406213,2.5500000000001921
338,1067008,2550512,3,1.6923519935356456e-15,0.00047671887141837089,2.5265695273892462e-16,2.0244652283115973e-08,4.9704846526125016e-16,28.065881365232801,29.009746823710241,2.0239408162762409,2.5500000000001921
339,1068032,2553584,3,1.6923519935356456e-15,0.00047671887141837089,2.5265695273892462e-16,2.035607845587507e-08,4.9779691363402826e-16,28.066636442968626,29.013881447487215,2.0232591462394969,2.5500000000001921
340,1069056,2556656,3,1.6923519935356456e-15,0.00047671887141837089,2.5265695273892462e-16,2.0469405468796522e-08,4.9847841230216005e-16,28.067396484591992,29.018014997763974,2.0225787365892312,2.5500000000001921
341,1070080,2559728,3,1.6923519935356456e-15,0.00047671887141837089,2.5265695273892462e-16,2.0581080231549694e-08,4.9950033249203474e-16,28.068161499868939,29.022147598349871,2.0218995816609371,2.5500000000001921
342,1071104,2562800,3,1.6923519935356456e-15,0.00047671887141837089,2.5265695273892462e-16,2.0694412944121967e-08,5.004285085163463e-16,28.068931498794171,29.026279367202946,2.0212216758319212,2.5500000000001921
343,1072128,2565872,3,1.6923519935356456e-15,0.00047671887141837089,2.5265695273892462e-16,2.0807785035350825e-08,5.0109854614472677e-16,28.069706491588704,29.030410416810387,2.0205450135208296,2.5500000000001921
344,1073152,2568944,3,1.6923519935356456e-15,0.00047671887141837089,2.5265695273892462e-16,2.0922592618929672e-08,5.0186042751706243e-16,28.070486488696922,29.034540854536278,2.0198695891872478,2.5500000000001921
345,1074176,2572016,3,1.6923519935356456e-15,0.00047671887141837089,2.5265695273892462e-16,2.1035472515331968e-08,5.0258230443164697e-16,28.071271500783258,29.038670782941075,2.0191953973312984,2.5500000000001921
346,1075200,2575088,3,1.6923519935356456e-15,0.00047671887141837089,2.5265695273892462e-16,2.1153644278288596e-08,5.0328194514162835e-16,28.072061538728104,29.042800300074962,2.0185224324931688,2.5500000000001921
347,1076224,2578160,3,1.6923519935356456e-15,0.00047671887141837089,2.5265695273892462e-16,2.1267666274777271e-08,5.0386397939299317e-16,28.07285661362285,29.046929499747819,2.0178506892527537,2.5500000000001921
348,1077248,2581232,3,1.6923519935356456e-15,0.00047671887141837089,2.5265695273892462e-16,2.1380810875020011e-08,5.0465341123055143e-16,28.073656736764921,29.051058471778482,2.0171801622292254,2.5500000000001921
349,1078272,2584304,3,1.6923519935356456e-15,0.00047671887141837089,2.5265695273892462e-16,2.1495348948923864e-08,5.0560279612699475e-16,28.074461919651444,29.055187302224859,2.0165108460806214,2.5500000000001921
350,1079296,2587376,3,1.6923519935356456e-15,0.00047671887141837089,2.5265695273892462e-16,2.160622978295219e-08,5.0673988678674318e-16,28.075272173972959,29.059316073596726,2.0158427355034632,2.5500000000001921
351,1080320,2590448,3,1.6923519935356456e-15,0.00047671887141837089,2.5265695273892462e-16,2.1720407158188928e-08,5.0745483301993143e-16,28.076087511606129,29.063444865053064,2.0151758252324008,2.5500000000001921
352,1081344,2593520,3,1.6923519935356456e-15,0.00047671887141837089,2.5265695273892462e-16,2.1838831746033318e-08,5.083700688827718e-16,28.076907944606184,29.067573752585172,2.0145101100397413,2.5500000000001921
353,1082368,2596592,3,1.6923519935356456e-15,0.00047671887141837089,2.5265695273892462e-16,2.1952377934110225e-08,5.0896666444682379e-16,28.077733485198564,29.071702809186807,2.0138455847351935,2.5500000000001921
354,1083392,2599664,3,1.6923519935356456e-15,0.00047671887141837089,2.5265695273892462e-16,2.2066288189470398e-08,5.0979596847078333e-16,28.078564145770194,29.07583210501236,2.0131822441653853,2.5500000000001921
355,1084416,2602736,3,1.6923519935356456e-15,0.00047671887141837089,2.5265695273892462e-16,2.2179080623066599e-08,5.1049799827224422e-16,28.079399938860323,29.079961707524621,2.0125200832135399,2.5500000000001921
356,1085440,2605808,3,1.6923519935356456e-15,0.00047671887141837089,2.5265695273892462e-16,2.2290005759764097e-08,5.1131373804634745e-16,28.080240877150946,29.08409168163211,2.0118590967991272,2.5500000000001921
357,1086464,2608880,3,1.6923519935356456e-15,0.00047671887141837089,2.5265695273892462e-16,2.2404487572899336e-08,5.1207093753764196e-16,28.081086973456362,29.088222089817869,2.0111992798774732,2.5500000000001921
358,1087488,2611952,3,1.6923519935356456e-15,0.00047671887141837089,2.5265695273892462e-16,2.2516728865548421e-08,5.1278246856826318e-16,28.081938240713125,29.092352992259379,2.0105406274394251,2.5500000000001921
359,1088512,2615024,3,1.6923519935356456e-15,0.00047671887141837089,2.5265695273892462e-16,2.2631472179357206e-08,5.1357040982635762e-16,28.082794691969152,29.096484446941126,2.0098831345110044,2.5500000000001921
360,1089536,2618096,3,1.6923519935356456e-15,0.00047671887141837089,2.5265695273892462e-16,2.2744979511362975e-08,5.1436595398580537e-16,28.083656340372482,29.100616509760322,2.0092267961530594,2.5500000000001921
361,1090560,2621168,3,1.6923519935356456e-15,0.00047671887141837089,2.5265695273892462e-16,2.2856554957294019e-08,5.1513006795092605e-16,28.084523199160262,29.104773276210807,2.008571611895595,2.5500000000001921
362,1091584,2624240,3,1.6923519935356456e-15,0.00047671887141837089,2.5265695273892462e-16,2.2966783290048847e-08,5.159341739467016e-16,28.085395281646885,29.10895033130457,2.0079175761154513,2.5500000000001921
363,1092608,2627312,3,1.6923519935356456e-15,0.00047671887141837089,2.5265695273892462e-16,2.3079852944816414e-08,5.1651908277347966e-16,28.086272601212563,29.113140699309728,2.0072646826655101,2.5500000000001921
364,1093632,2630384,3,1.6923519935356456e-15,0.00047671887141837089,2.5265695273892462e-16,2.3191090817028481e-08,5.171537237213995e-16,28.087155171291425,29.117341923115429,2.006612926278613,2.5500000000001921
365,1094656,2633456,3,1.6923519935356456e-15,0.00047671887141837089,2.5265695273892462e-16,2.3303182798992222e-08,5.1809481842633572e-16,28.088043005359602,29.121552602507116,2.0059623019169357,2.5500000000001921
366,1095680,2636528,3,1.6923519935356456e-15,0.00047671887141837089,2.5265695273892462e-16,2.341949506675214e-08,5.1855004616767714e-16,28.088936116923328,29.125771807080657,2.0053128046627373,2.5500000000001921
367,1096704,2639600,3,1.6923519935356456e-15,0.00047671887141837089,2.5265695273892462e-16,2.3533594944952312e-08,5.1930564605322569e-16,28.089834519506997,29.129998864829773,2.0046644296788929,2.5500000000001921
368,1097728,2642672,3,1.6923519935356456e-15,0.00047671887141837089,2.5265695273892462e-16,2.3645671764565512e-08,5.1978774292792127e-16,28.090738226641125,29.134233263874801,2.0040171721903741,2.5500000000001921
369,1098752,2645744,3,1.6923519935356456e-15,0.00047671887141837089,2.5265695273892462e-16,2.3758892975401121e-08,5.2031394323757119e-16,28.091647251850738,29.13847459958312,2.0033710274741412,2.5500000000001921
370,1099776,2648816,3,1.6923519935356456e-15,0.00047671887141837089,2.5265695273892462e-16,2.3870175504165949e-08,5.2099483363714707e-16,28.092561608643507,29.142722543212439,2.0027259908530302,2.5500000000001921
371,1100800,2651888,3,1.6923519935356456e-15,0.00047671887141837089,2.5265695273892462e-16,2.3985286406746655e-08,5.2163097294519837e-16,28.093481310498017,29.14697682197345,2.0020820576917844,2.5500000000001921
372,1101824,2654960,3,1.6923519935356456e-15,0.00047671887141837089,2.5265695273892462e-16,2.4099439390036597e-08,5.22248374344091e-16,28.094406370852571,29.151237205666082,2.0014392233942111,2.5500000000001921
373,1102848,2658032,3,1.6923519935356456e-15,0.00047671887141837089,2.5265695273892462e-16,2.4214446305485898e-08,5.2294553307925737e-16,28.095336803093772,29.155503497343567,2.0007974834012359,2.5500000000001921
374,1103872,2661104,3,1.6923519935356456e-15,0.00047671887141837089,2.5265695273892462e-16,2.4326120216489843e-08,5.2342536621911033e-16,28.096272620545477,29.159775526568843,2.0001568331893047,2.5500000000001921
375,1104896,2664176,3,1.6923519935356456e-15,0.00047671887141837089,2.5265695273892462e-16,2.4440658101525677e-08,5.2403201984058422e-16,28.097213836458177,29.164053144407916,1.9995172682691673,2.5500000000001921
376,1105920,2667248,3,1.6923519935356456e-15,0.00047671887141837089,2.5265695273892462e-16,2.4554131122435815e-08,5.2462253351394597e-16,28.098160463998092,29.168336219626198,1.9988787841849036,2.5500000000001921
377,1106944,2670320,3,1.6923519935356456e-15,0.00047671887141837089,2.5265695273892462e-16,2.466776257889362e-08,5.2517922163302306e-16,28.099112516237447,29.172624635741066,1.9982413765130864,2.5500000000001921
378,1107968,2673392,3,1.6923519935356456e-15,0.00047671887141837089,2.5265695273892462e-16,2.4780303885896342e-08,5.2613622498569262e-16,28.100070006143998,29.176918288699834,1.9976050408620547,2.5500000000001921
379,1108992,2676464,3,1.6923519935356456e-15,0.00047671887141837089,2.5265695273892462e-16,2.4896843681505253e-08,5.2656310634604111e-16,28.101032946571724,29.181217085023043,1.9969697728713121,2.5500000000001921
380,1110016,2679536,3,1.6923519935356456e-15,0.00047671887141837089,2.5265695273892462e-16,2.5012712218926241e-08,5.2710410921431138e-16,28.102001350251324,29.185520940300272,1.9963355682109556,2.5500000000001921
381,1111040,2682608,3,1.6923519935356456e-15,0.00047671887141837089,2.5265987285785908e-16,2.51272183860612e-08,5.2743212137896711e-16,28.1029752297813,29.189829777958373,1.9957024225812026,2.5500000000001921
382,1112064,2685680,3,1.6923519935356456e-15,0.00047671887141837089,2.5268277726554338e-16,2.5238603476231577e-08,5.2794437460923347e-16,28.103954597619378,29.194143528241604,1.9950703317119112,2.5500000000001921
383,1113088,2688752,3,1.6923519935356456e-15,0.00047671887141837089,2.5270722976378134e-16,2.5350018785935426e-08,5.2861925462400566e-16,28.104939466074146,29.198462127360639,1.994439291362146,2.5500000000001921
384,1114112,2691824,3,1.6923519935356456e-15,0.00047671887141837089,2.5273159324533376e-16,2.5464748908256379e-08,5.2944854379748826e-16,28.105929847297102,29.202785516775329,1.9938092973198105,2.5500000000001921
385,1115136,2694896,3,1.6923519935356456e-15,0.00047671887141837089,2.5275441581292763e-16,2.5576607742951268e-08,5.2976481234327826e-16,28.106925753275171,29.207113642586886,1.993180345401296,2.5500000000001921
386,1116160,2697968,3,1.6923519935356456e-15,0.00047671887141837089,2.5277769275738545e-16,2.5690563113698561e-08,5.30169345312653e-16,28.10792719582351,29.211446455018738,1.9925524314510463,2.5500000000001921
387,1117184,2701040,3,1.6923519935356456e-15,0.00047671887141837089,2.528029526527174e-16,2.580340600671439e-08,5.3066260096367184e-16,28.108934186578693,29.21578390797027,1.9919255513413165,2.5500000000001921
388,1118208,2704112,3,1.6923519935356456e-15,0.00047671887141837089,2.5282349782885811e-16,2.5915221722038358e-08,5.3111795330555539e-16,28.109946736992171,29.220125958631638,1.9912997009718074,2.5500000000001921
389,1119232,2707184,3,1.6923519935356456e-15,0.00047671887141837089,2.5284851181117014e-16,2.6026477976247738e-08,5.3160514304727192e-16,28.110964858324412,29.224472567148915,1.9906748762693611,2.5500000000001921
390,1120256,2710256,3,1.6923519935356456e-15,0.00047671887141837089,2.528737234924647e-16,2.6139304690148229e-08,5.3227567976929214e-16,28.111988561638881,29.228823696332054,1.9900510731876639,2.5500000000001921
391,1121280,2713328,3,1.6923519935356456e-15,0.00047671887141837089,2.5289722130390847e-16,2.6253793524143056e-08,5.327132918141475e-16,28.113017857797015,29.2331793113988,1.9894282877069787,2.5500000000001921
392,1122304,2716400,3,1.6923519935356456e-15,0.00047671887141837089,2.5292098341882071e-16,2.6367070936983521e-08,5.3336154575741866e-16,28.11405275745296,29.237539379749304,1.9888065158338355,2.5500000000001921
393,1123328,2719472,3,1.6923519935356456e-15,0.00047671887141837089,2.5294250737834938e-16,2.6481988602427866e-08,5.3399231122845937e-16,28.115093271049236,29.241903870767214,1.9881857536007668,2.5500000000001903
394,1124352,2722544,3,1.6923519935356456e-15,0.00047671887141837089,2.5296816175173184e-16,2.6596452863630975e-08,5.3448565742344354e-16,28.116139408812234,29.246272755643037,1.9875659970660866,2.5500000000001624
395,1125376,2725616,3,1.6923519935356456e-15,0.00047671887141837089,2.5298833329689126e-16,2.6709346849891024e-08,5.3512725413313434e-16,28.11719118074863,29.250646007217046,1.9869472423135663,2.550000000000157
396,1126400,2728688,3,1.6923519935356456e-15,0.00047671887141837089,2.5301307699711797e-16,2.682139689816734e-08,5.3567341268245333e-16,28.118248596641532,29.255023599839205,1.9863294854522211,2.5500000000001477
397,1127424,2731760,3,1.6923519935356456e-15,0.00047671887141837089,2.5303774304748562e-16,2.6938231610428114e-08,5.3594122095545449e-16,28.119311666047601,29.259405509243983,1.9857127226160591,2.5500000000001477
398,1128448,2734832,3,1.6923519935356456e-15,0.00047671887141837089,2.5306096240230593e-16,2.7052564203300471e-08,5.3622259881621185e-16,28.1203803982939,29.263791712437396,1.9850969499638416,2.5500000000001477
399,1129472,2737904,3,1.6923519935356456e-15,0.00047671887141837089,2.5308508289533284e-16,2.716447540908026e-08,5.3673005240852205e-16,28.121454802475835,29.268182187595951,1.9844821636788441,2.5500000000001477
400,1130496,2740976,3,1.6923519935356456e-15,0.00047671887141837089,2.5310698093685105e-16,2.7280401643404058e-08,5.3739829888714596e-16,28.122534887454592,29.27257691397546,1.9838683599686204,2.5500000000001477
401,1131520,2744048,3,1.6923519935356456e-15,0.00047671887141837089,2.5312740947790962e-16,2.739375671807982e-08,5.3784009473399143e-16,28.123620661855679,29.276975871828022,1.9832555350647558,2.5500000000001477
402,1132544,2747120,3,1.6923519935356456e-15,0.00047671887141837089,2.531529632562874e-16,2.7508527458517281e-08,5.382279623533934e-16,28.124712134067419,29.281379042327721,1.9826436852227041,2.5500000000001477
403,1133568,2750192,3,1.6923519935356456e-15,0.00047671887141837089,2.5317707986868275e-16,2.7622799653522375e-08,5.3873966104953192e-16,28.125809312239582,29.285786407502314,1.9820328067214885,2.5500000000001477
404,1134592,2753264,3,1.6923519935356456e-15,0.00047671887141837089,2.5319715608348322e-16,2.7736899851345347e-08,5.3919691007132361e-16,28.126912204282924,29.290197950171486,1.9814228958635367,2.5500000000001477
405,1135616,2756336,3,1.6923519935356456e-15,0.00047671887141837089,2.5322268049854901e-16,2.7850807394031684e-08,5.3968495069108477e-16,28.128020817868645,29.294613653890735,1.9808139489744447,2.5500000000001477
406,1136640,2759408,3,1.6923519935356456e-15,0.00047671887141837089,2.5324667698933166e-16,2.7967906299256839e-08,5.4023004457494488e-16,28.12913516042812,29.299033502899626,1.9802059624027937,2.5500000000001477
407,1137664,2762480,3,1.6923519935356456e-15,0.00047671887141837089,2.5327002980472208e-16,2.808044727601158e-08,5.408495807912892e-16,28.130255239153172,29.303457482074908,1.9795989325198973,2.5500000000001477
408,1138688,2765552,3,1.6923519935356456e-15,0.00047671887141837089,2.5329179586362075e-16,2.8194120488781334e-08,5.413788606749726e-16,28.13138106099656,29.307885576887578,1.9789928557196379,2.5500000000001477
409,1139712,2768624,3,1.6923519935356456e-15,0.00047671887141837089,2.5331663105826145e-16,2.8305721416499199e-08,5.4171073499760713e-16,28.132512632672654,29.312317773362928,1.9783877284182425,2.5500000000001477
410,1140736,2771696,3,1.6923519935356456e-15,0.00047671887141837089,2.5334015155149087e-16,2.8419831998593738e-08,5.4226249574394692e-16,28.133649960658644,29.316754058044818,1.977783547054095,2.5500000000001477
411,1141760,2774768,3,1.6923519935356456e-15,0.00047671887141837089,2.5336166227246371e-16,2.8534854624566199e-08,5.4289151212865769e-16,28.134793051195718,29.321194417961543,1.977180308087535,2.5500000000001477
412,1142784,2777840,3,1.6923519935356456e-15,0.00047671887141837089,2.5338592790663946e-16,2.864592248867345e-08,5.4337411679531414e-16,28.135941910290757,29.325638840595577,1.976578008000659,2.5500000000001477
413,1143808,2780912,3,1.6923519935356456e-15,0.00047671887141837089,2.5340780299128967e-16,2.8759765711716425e-08,5.4407159213385997e-16,28.137096543718041,29.330087313854797,1.9759766432971411,2.5500000000001477
414,1144832,2783984,3,1.6923519935356456e-15,0.00047671887141837089,2.5343135301461929e-16,2.8875569130870731e-08,5.4478385827601415e-16,28.138256957021508,29.334539826046417,1.9753762105020432,2.5500000000001477
415,1145856,2787056,3,1.6923519935356456e-15,0.00047671887141837089,2.53454645516357e-16,2.898899001553416e-08,5.450773398312353e-16,28.139423155516869,29.338996365852815,1.9747767061616173,2.5500000000001477
416,1146880,2790128,3,1.6923519935356456e-15,0.00047671887141837089,2.5347535781194703e-16,2.9103474635018302e-08,5.4553716415707955e-16,28.140595144294362,29.343456922308697,1.974178126843136,2.5500000000001477
417,1147904,2793200,3,1.6923519935356456e-15,0.00047671887141837089,2.5350036771994474e-16,2.9219575204931469e-08,5.4618150518708651e-16,28.141772928221386,29.347921484780372,1.9735804691346821,2.5500000000001477
418,1148928,2796272,3,1.6923519935356456e-15,0.00047671887141837089,2.5352336191236061e-16,2.933425291561836e-08,5.4669348264955381e-16,28.142956511945226,29.352390042946766,1.972983729645017,2.5500000000001477
419,1149952,2799344,3,1.6923519935356456e-15,0.00047671887141837089,2.5354667728626564e-16,2.9445778520125015e-08,5.4724179972021891e-16,28.144145899896465,29.356862586780835,1.9723879050033775,2.5500000000001477
420,1150976,2802416,3,1.6923519935356456e-15,0.00047671887141837089,2.5356359269878591e-16,2.9557567647125426e-08,5.4752255229059431e-16,28.14534109629194,29.361339106533361,1.971792991859276,2.5500000000001477
421,1152000,2805488,3,1.6923519935356456e-15,0.00047671887141837089,2.5358925986676458e-16,2.967463141791182e-08,5.4822311754939363e-16,28.146542105138284,29.365739689800488,1.9711989898510738,2.5500000000001477
422,1153024,2808560,3,1.6923519935356456e-15,0.00047671887141837089,2.5361354154467948e-16,2.9787114298126829e-08,5.4864251737775665e-16,28.147748930235537,29.370079173550955,1.9706058951647079,2.5500000000001477
423,1154048,2811632,3,1.6923519935356456e-15,0.00047671887141837089,2.5363393627565452e-16,2.9899555746640018e-08,5.4892001729301774e-16,28.148961575180511,29.374380899684557,1.9700137036321839,2.5500000000001477
424,1155072,2814704,3,1.6923519935356456e-15,0.00047671887141837089,2.5365975017896193e-16,3.0014745573067349e-08,5.4957963995492904e-16,28.150180043370764,29.378653186815161,1.9694224116719308,2.5500000000001477
425,1156096,2817776,3,1.6923519935356456e-15,0.00047671887141837089,2.5368189831145715e-16,3.0127520749851252e-08,5.501425971466217e-16,28.151404338008355,29.382900835659569,1.9688320158531603,2.5500000000001477
426,1157120,2820848,3,1.6923519935356456e-15,0.00047671887141837089,2.5370527812576292e-16,3.0240030287778757e-08,5.5056579596996893e-16,28.152634462103741,29.387127080466591,1.9682425128227872,2.5500000000001477
427,1158144,2823920,3,1.6923519935356456e-15,0.00047671887141837089,2.5372546692157086e-16,3.0356725304926415e-08,5.5106377718104267e-16,28.153870418479737,29.391334291870486,1.9676538992790695,2.5500000000001477
428,1159168,2826992,3,1.6923519935356456e-15,0.00047671887141837089,2.5374906923519038e-16,3.0471538445691917e-08,5.5175148517091546e-16,28.155112209775623,29.395524303704541,1.9670661719592129,2.5500000000001477
429,1160192,2830064,3,1.6923519935356456e-15,0.00047671887141837089,2.537732073182774e-16,3.0583996212532005e-08,5.5231363738662514e-16,28.156359838451046,29.399698588943071,1.9664793276327011,2.5500000000001477
430,1161216,2833136,3,1.6923519935356456e-15,0.00047671887141837089,2.5379579544462397e-16,3.069857601412487e-08,5.5275486452095009e-16,28.157613306790346,29.403858364099932,1.9658933630972368,2.5500000000001477
431,1162240,2836208,3,1.6923519935356456e-15,0.00047671887141837089,2.5381778356503249e-16,3.0809951890528344e-08,5.5312944647587876e-16,28.158872616906542,29.408004655665795,1.9653082751761293,2.5500000000001477
432,1163264,2839280,3,1.6923519935356456e-15,0.00047671887141837089,2.538400705489286e-16,3.0924517524851421e-08,5.5383825773664591e-16,28.160137770745436,29.412138344687914,1.9647240607164229,2.5500000000001477
433,1164288,2842352,3,1.6923519935356456e-15,0.00047671887141837089,2.5385210157662829e-16,3.1038114406101946e-08,5.5420001441773566e-16,28.161408770089892,29.416260197955168,1.9641407165876512,2.5500000000001477
434,1165312,2845424,3,1.6923519935356456e-15,0.00047671887141837089,2.5388470601596813e-16,3.1150069041768157e-08,5.5471072309500323e-16,28.162685616563635,29.420370890558914,1.9635582396808278,2.5500000000001477
435,1166336,2848496,3,1.6923519935356456e-15,0.00047671887141837089,2.5390720718637679e-16,3.1266933843674984e-08,5.5526988344367374e-16,28.163968311635827,29.424471022673906,1.9629766269076456,2.5500000000001477
436,1167360,2851568,3,1.6923519935356456e-15,0.00047671887141837089,2.5392684383106635e-16,3.1378673097809142e-08,5.5595212466796401e-16,28.165256856624811,29.428561132334167,1.9623958751998953,2.5500000000001477
437,1168384,2854640,3,1.6923519935356456e-15,0.00047671887141837089,2.5394878130470187e-16,3.1494947963629876e-08,5.5645836071503602e-16,28.166551252702149,29.432641705355394,1.9618159815089291,2.5500000000001477
438,1169408,2857712,3,1.6923519935356456e-15,0.00047671887141837089,2.5397507127186243e-16,3.1609123829223509e-08,5.5708680162114735e-16,28.167851500896973,29.436713183174117,1.9612369428052239,2.5500000000001477
439,1170432,2860784,3,1.6923519935356456e-15,0.00047671887141837089,2.5399387851398515e-16,3.1723818879772585e-08,5.5748269267923358e-16,28.169157602099428,29.44077596913376,1.9606587560780104,2.5500000000001477
440,1171456,2863856,3,1.6923519935356456e-15,0.00047671887141837089,2.540181877053804e-16,3.1839202462885959e-08,5.5806538445517485e-16,28.170469557065196,29.444830433593125,1.9600814183349564,2.5500000000001477
441,1172480,2866928,3,1.6923519935356456e-15,0.00047671887141837089,2.540399789059392e-16,3.1951745308588405e-08,5.5868116131011852e-16,28.171787366418904,29.448876918125414,1.9595049266018505,2.5500000000001477
442,1173504,2870000,3,1.6923519935356456e-15,0.00047671887141837089,2.5406059730673314e-16,3.2066702896958826e-08,5.59167472502014e-16,28.17311103065812,29.452915739006531,1.9589292779223533,2.5500000000001477
443,1174528,2873072,3,1.6923519935356456e-15,0.00047671887141837089,2.5408354816968018e-16,3.21783610319538e-08,5.5950084256106648e-16,28.174440550157183,29.45694719013969,1.9583544693577428,2.5500000000001477
444,1175552,2876144,3,1.6923519935356456e-15,0.00047671887141837089,2.5410718416590474e-16,3.2292642908450613e-08,5.5994452458650372e-16,28.175775925170655,29.460971545528736,1.9577804979866715,2.5500000000001477
445,1176576,2879216,3,1.6923519935356456e-15,0.00047671887141837089,2.5413002800382593e-16,3.2405694288556882e-08,5.6057192979786465e-16,28.177117155837088,29.464989061385531,1.9572073609049998,2.5500000000001477
446,1177600,2882288,3,1.6923519935356456e-15,0.00047671887141837089,2.5415048804929692e-16,3.2517251917576786e-08,5.6101295151997905e-16,28.178464242182759,29.468999977938115,1.9566350552255574,2.5500000000001477
447,1178624,2885360,3,1.6923519935356456e-15,0.00047671887141837089,2.5417052820527089e-16,3.2630090940641381e-08,5.6142120408792389e-16,28.17981718412468,29.473004520992426,1.9560635780779811,2.5500000000001477
448,1179648,2888432,3,1.6923519935356456e-15,0.00047671887141837089,2.541966621759907e-16,3.2743560830592485e-08,5.6214998268734685e-16,28.181175981474528,29.477002903288682,1.9554929266085221,2.5500000000001477
449,1180672,2891504,3,1.6923519935356456e-15,0.00047671887141837089,2.5421523395446041e-16,3.2855395308035048e-08,5.6270723107911728e-16,28.182540633941393,29.480995325686255,1.9549230979798577,2.5500000000001477
450,1181696,2894576,3,1.6923519935356456e-15,0.00047671887141837089,2.5423971019917566e-16,3.2967339947140389e-08,5.633037320343867e-16,28.183911141135457,29.484981978203891,1.9543540893709603,2.5500000000001477
451,1182720,2897648,3,1.6923519935356456e-15,0.00047671887141837089,2.542608042689106e-16,3.3082831771794493e-08,5.6379689802678196e-16,28.185287502570947,29.488963040936785,1.9537858979769378,2.5500000000001477
452,1183744,2900720,3,1.6923519935356456e-15,0.00047671887141837089,2.5428423249014209e-16,3.3198394440603792e-08,5.6412898990437994e-16,28.186669717669105,29.492938684869024,1.95321852100885,2.5500000000001477
453,1184768,2903792,3,1.6923519935356456e-15,0.00047671887141837089,2.5430653336652985e-16,3.3311792267756459e-08,5.6479483386276409e-16,28.188057785761256,29.496909072596164,1.9526519556935755,2.5500000000001477
454,1185792,2906864,3,1.6923519935356456e-15,0.00047671887141837089,2.5432672326285229e-16,3.3425029809495712e-08,5.6503008337627697e-16,28.189451706091365,29.500874358970343,1.9520861992736687,2.5500000000001477
455,1186816,2909936,3,1.6923519935356456e-15,0.00047671887141837089,2.5434913529935057e-16,3.3541977686008761e-08,5.6562273788353688e-16,28.190851477818985,29.504834691677956,1.9515212490072313,2.5500000000001477
456,1187840,2913008,3,1.6923519935356456e-15,0.00047671887141837089,2.5437010824972385e-16,3.3658069615047453e-08,5.661878811778792e-16,28.192257100021532,29.508790211759262,1.9509571021677397,2.5500000000001477
457,1188864,2916080,3,1.6923519935356456e-15,0.00047671887141837089,2.5439393487681805e-16,3.3772508470141054e-08,5.6664787557981221e-16,28.193668571696719,29.512741054076564,1.9503937560439604,2.5500000000001477
458,1189888,2919152,3,1.6923519935356456e-15,0.00047671887141837089,2.5441171704618367e-16,3.3889380096233195e-08,5.6731372150921266e-16,28.195085891764766,29.516687347738031,1.9498312079397497,2.5500000000001477
459,1190912,2922224,3,1.6923519935356456e-15,0.00047671887141837089,2.5443156090020324e-16,3.4006297087729478e-08,5.6781914517445026e-16,28.196509059070348,29.520629216481773,1.949269455174008,2.5500000000001477
460,1191936,2925296,3,1.6923519935356456e-15,0.00047671887141837089,2.5445580568616592e-16,3.4118935789480716e-08,5.6850451848581822e-16,28.197938072384272,29.524566779024738,1.9487084950804747,2.5500000000001477
461,1192960,2928368,3,1.6923519935356456e-15,0.00047671887141837089,2.5448166209280478e-16,3.4229711377402074e-08,5.6879339245115699e-16,28.199372930405154,29.528500149382019,1.9481483250076512,2.5500000000001477
462,1193984,2931440,3,1.6923519935356456e-15,0.00047671887141837089,2.5450340203479233e-16,3.4347450439391632e-08,5.6940721893700088e-16,28.200813631760553,29.532429437156775,1.9475889423186759,2.5500000000001477
463,1195008,2934512,3,1.6923519935356456e-15,0.00047671887141837089,2.5452295119032312e-16,3.4463677058432531e-08,5.702105084990495e-16,28.20226017500806,29.536354747807422,1.9470303443911789,2.5500000000001477
464,1196032,2937584,3,1.6923519935356456e-15,0.00047671887141837089,2.545454131817439e-16,3.4577609145070808e-08,5.7071048763564588e-16,28.20371255863602,29.540276182891766,1.9464725286171936,2.5500000000001477
465,1197056,2940656,3,1.6923519935356456e-15,0.00047671887141837089,2.5456638704255827e-16,3.4690628697121261e-08,5.713581526521703e-16,28.205170781063948,29.544193840291939,1.9459154924030098,2.5500000000001477
466,1198080,2943728,3,1.6923519935356456e-15,0.00047671887141837089,2.5458551476694113e-16,3.4805523560492876e-08,5.7182988904445721e-16,28.206634840642824,29.548107814421851,1.9453592331690748,2.5500000000001477
467,1199104,2946800,3,1.6923519935356456e-15,0.00047671887141837089,2.5460968620408496e-16,3.4919170565710877e-08,5.7232141420778519e-16,28.208104735654654,29.552018196418199,1.9448037483499132,2.5500000000001477
468,1200128,2949872,3,1.6923519935356456e-15,0.00047671887141837089,2.5463031951151302e-16,3.503436502471725e-08,5.7282227924835528e-16,28.209580464312339,29.555925074317454,1.9442490353939255,2.5500000000001477
469,1201152,2952944,3,1.6923519935356456e-15,0.00047671887141837089,2.5464775186174898e-16,3.5151070303621631e-08,5.7342338739284147e-16,28.211062024758547,29.559828533219786,1.9436950917633895,2.5500000000001477
470,1202176,2956016,3,1.6923519935356456e-15,0.00047671887141837089,2.5467559088351932e-16,3.5264411301666906e-08,5.7391144917033174e-16,28.212549415064984,29.563728655440936,1.9431419149342584,2.5500000000001477
471,1203200,2959088,3,1.6923519935356456e-15,0.00047671887141837089,2.5469786744664743e-16,3.5378038913543807e-08,5.7439563885721352e-16,28.21404263323058,29.56762552065377,1.9425895023961144,2.5500000000001477
472,1204224,2962160,3,1.6923519935356456e-15,0.00047671887141837089,2.5471948790132083e-16,3.5495700623129369e-08,5.7475266114421793e-16,28.215541677180198,29.571519206019495,1.9420378516520309,2.5500000000001477
473,1205248,2965232,3,1.6923519935356456e-15,0.00047671887141837089,2.5473750589885802e-16,3.5610327871144026e-08,5.753152445019725e-16,28.217046544762471,29.575409786310576,1.9414869602184879,2.5500000000001477
474,1206272,2968304,3,1.6923519935356456e-15,0.00047671887141837089,2.54761901354644e-16,3.5727968748218524e-08,5.7578683472886024e-16,28.218557233747426,29.579297334024616,1.940936825625236,2.5500000000001477
475,1207296,2971376,3,1.6923519935356456e-15,0.00047671887141837089,2.5478372850933243e-16,3.5842016177488081e-08,5.7649006064641157e-16,28.220073741824148,29.58318191949181,1.9403874454152334,2.5500000000001477
476,1208320,2974448,3,1.6923519935356456e-15,0.00047671887141837089,2.5480496961528911e-16,3.5959851158626998e-08,5.7692959847113053e-16,28.221596066597886,29.587063610974663,1.9398388171445295,2.5500000000001477
477,1209344,2977520,3,1.6923519935356456e-15,0.00047671887141837089,2.5482290001986508e-16,3.607886614637917e-08,5.7739094195294382e-16,28.223124205587091,29.590942474761814,1.9392909383821604,2.5500000000001477
478,1210368,2980592,3,1.6923519935356456e-15,0.00047671887141837089,2.5483977985901602e-16,3.6192324571976502e-08,5.7800514282848778e-16,28.22465815622024,29.594818575255854,1.9387438067100569,2.5500000000001477
479,1211392,2983664,3,1.6923519935356456e-15,0.00047671887141837089,2.5486815012313076e-16,3.6307174327550411e-08,5.7825113219658011e-16,28.226197915832429,29.598691975055932,1.9381974197229277,2.5500000000001477
480,1212416,2986736,3,1.6923519935356456e-15,0.00047671887141837089,2.5489006353802851e-16,3.6421333324476123e-08,5.7875718373713908e-16,28.2277434816618,29.602562735035487,1.937651775028207,2.5500000000001477
481,1213440,2989808,3,1.6923519935356456e-15,0.00047671887141837089,2.5490790501114495e-16,3.653681273891848e-08,5.795048145388169e-16,28.22929485084585,29.606539808655658,1.9371068776966918,2.5500000000001477
482,1214464,2992880,3,1.6923519935356456e-15,0.00047671887141837089,2.5493338434776829e-16,3.6650742652381923e-08,5.7994036532067161e-16,28.230852020417419,29.610603020667302,1.9365627240970962,2.5500000000001477
483,1215488,2995952,3,1.6923519935356456e-15,0.00047671887141837089,2.5495489998012957e-16,3.676831833637979e-08,5.8064922590208278e-16,28.232414987301265,29.614720603830328,1.9360193096719451,2.5500000000001477
484,1216512,2999024,3,1.6923519935356456e-15,0.00047671887141837089,2.5497298976597971e-16,3.6881994689215877e-08,5.8123017535131067e-16,28.233983748309551,29.618881263961352,1.9354766312988918,2.5500000000001477
485,1217536,3002096,3,1.6923519935356456e-15,0.00047671887141837089,2.5499718777202494e-16,3.699793054279819e-08,5.8172679709104768e-16,28.235558300138223,29.623078500064974,1.9349346861974315,2.5500000000001477
486,1218560,3005168,3,1.6923519935356456e-15,0.00047671887141837089,2.5501758328675789e-16,3.7113902803672615e-08,5.8232234212925937e-16,28.237138639362637,29.627307944903695,1.9343934717458622,2.5500000000001477
487,1219584,3008240,3,1.6923519935356456e-15,0.00047671887141837089,2.5503923770883454e-16,3.7232635158566698e-08,5.8299459773259248e-16,28.238724762433648,29.631566407165057,1.9338529854152944,2.5500000000001477
488,1220608,3011312,3,1.6923519935356456e-15,0.00047671887141837089,2.5505990980675335e-16,3.7344164048639616e-08,5.8345026561803031e-16,28.240316665673678,29.635851426104797,1.9333132247390608,2.5500000000001477
489,1221632,3014384,3,1.6923519935356456e-15,0.00047671887141837089,2.550805744680909e-16,3.745606177279907e-08,5.8427219445441189e-16,28.24191434527248,29.640161031802524,1.9327741872960806,2.5500000000001477
490,1222656,3017456,3,1.6923519935356456e-15,0.00047671887141837089,2.5510195733174325e-16,3.7569946062601413e-08,5.8471655660972076e-16,28.243517797283221,29.644493602916143,1.9322358707011065,2.5500000000001477
491,1223680,3020528,3,1.6923519935356456e-15,0.00047671887141837089,2.5512294654405017e-16,3.7684771029410532e-08,5.8534735751381849e-16,28.24512701761892,29.648847776170214,1.9316982725983187,2.5500000000001477
492,1224704,3023600,3,1.6923519935356456e-15,0.00047671887141837089,2.5514408910107864e-16,3.7799189153257553e-08,5.8590642572232359e-16,28.24674200204819,29.653222385630993,1.9311613906571639,2.5500000000001477
493,1225728,3026672,3,1.6923519935356456e-15,0.00047671887141837089,2.5516629471559098e-16,3.7915300800464315e-08,5.8632894057070181e-16,28.248362746191933,29.657616420234689,1.9306252225692806,2.5500000000001477
494,1226752,3029744,3,1.6923519935356456e-15,0.00047671887141837089,2.5518728120641884e-16,3.8031210604354711e-08,5.86806789763092e-16,28.249989245519544,29.662028993067732,1.9300897660463816,2.5500000000001477
495,1227776,3032816,3,1.6923519935356456e-15,0.00047671887141837089,2.552081761054361e-16,3.8146003825724219e-08,5.8746245243353002e-16,28.251621495345791,29.666459318523355,1.9295550188185495,2.5500000000001477
496,1228800,3035888,3,1.6923519935356456e-15,0.00047671887141837089,2.5522861166511553e-16,3.8261388389173197e-08,5.8794352778540554e-16,28.253259490827155,29.670906694914592,1.9290209786329824,2.5500000000001477
497,1229824,3038960,3,1.6923519935356456e-15,0.00047671887141837089,2.5524937583773209e-16,3.8377264252548265e-08,5.883123033460244e-16,28.254903226958927,29.675370490975574,1.9284876432529501,2.5500000000001477
498,1230848,3042032,3,1.6923519935356456e-15,0.00047671887141837089,2.5527086877520583e-16,3.8492724965587349e-08,5.8915071382073458e-16,28.256552698572442,29.679850135201022,1.9279550104570304,2.5500000000001477
499,1231872,3045104,3,1.6923519935356456e-15,0.00047671887141837089,2.5529219043264322e-16,3.8607638970548318e-08,5.8965700834559849e-16,28.258207900331911,29.684345107300494,1.9274230780384227,2.5500000000001477
500,1232896,3048176,3,1.6923519935356456e-15,0.00047671887141837089,2.5531009539939558e-16,3.8726228947362589e-08,5.9014517464511398e-16,28.259868826732106,29.688854931257943,1.9268918438043754,2.5500000000001477
501,1233920,3051248,3,1.6923519935356456e-15,0.00047671887141837089,2.553310761706653e-16,3.8842275931450742e-08,5.905429061348267e-16,28.261535472095943,29.693379169628532,1.9263613055757185,2.5500000000001477
502,1234944,3054320,3,1.6923519935356456e-15,0.00047671887141837089,2.5535472144173963e-16,3.8956590008318397e-08,5.911322060369618e-16,28.263207830572174,29.697917418804369,1.9258314611865068,2.5500000000001477
503,1235968,3057392,3,1.6923519935356456e-15,0.00047671887141837089,2.5537556189849236e-16,3.9075015822829125e-08,5.9158601109227312e-16,28.264885896133475,29.702469305046716,1.9253023084835919,2.5500000000001477
504,1236992,3060464,3,1.6923519935356456e-15,0.00047671887141837089,2.5539319823910864e-16,3.9189717791672265e-08,5.921987750258461e-16,28.266569662574497,29.707034481133384,1.9247738453263745,2.5500000000001477
505,1238016,3063536,3,1.6923519935356456e-15,0.00047671887141837089,2.5541455001254798e-16,3.9303138314212168e-08,5.9279564286802894e-16,28.268259123510347,29.711612623503516,1.9242460695865007,2.5500000000001477
506,1239040,3066608,3,1.6923519935356456e-15,0.00047671887141837089,2.5543799447663396e-16,3.9415804154194305e-08,5.9311773561189897e-16,28.269954272375333,29.716203429809923,1.9237189791476579,2.5500000000001477
507,1240064,3069680,3,1.6923519935356456e-15,0.00047671887141837089,2.5545666445343035e-16,3.9532721887935395e-08,5.9374956393247863e-16,28.271655102421427,29.720806616806289,1.923192571905292,2.5500000000001477
508,1241088,3072752,3,1.6923519935356456e-15,0.00047671887141837089,2.5547747811584194e-16,3.9646719068554225e-08,5.9407078343211574e-16,28.273361606717625,29.725421918513852,1.9226668457664668,2.5500000000001477
509,1242112,3075824,3,1.6923519935356456e-15,0.00047671887141837089,2.5549463997351048e-16,3.9760710117792929e-08,5.9457131959084415e-16,28.275073778148858,29.7300490846212,1.9221417986496441,2.5500000000001477
510,1243136,3078896,3,1.6923519935356456e-15,0.00047671887141837089,2.5552133054673027e-16,3.9879197659836465e-08,5.9499570926346778e-16,28.276791609415678,29.734687879080933,1.9216174284845493,2.5500000000001477
511,1244160,3081968,3,1.6923519935356456e-15,0.00047671887141837089,2.5554066542951823e-16,3.9997339176154566e-08,5.9567312333958417e-16,28.278515093033789,29.739338078873221,1.9210937332119449,2.5500000000001477
512,1245184,3085040,3,1.6923519935356456e-15,0.00047671887141837089,2.5555873044544598e-16,4.0112415405516116e-08,5.9613178456547664e-16,28.280244221333739,29.743999472911604,1.9205707107835872,2.5500000000001477
513,1245696,3086576,3,1.6923519935356456e-15,0.00047671887141837089,2.5555873044544598e-16,4.0260290748563115e-08,5.9614585507571723e-16,28.281978989210945,29.748671866344772,1.920048359488709,2.5500000000000909
514,1246208,3088112,3,1.6923519935356456e-15,0.00047671887141837089,2.5555873044544598e-16,4.0408223994945019e-08,5.9622906094088939e-16,28.283719385868498,29.75335506369224,1.9195266769719639,2.5500000000000909
515,1246720,3089648,3,1.6923519935356456e-15,0.00047671887141837089,2.5555873044544598e-16,4.055511186747e-08,5.963197936326479e-16,28.285465403083702,29.758048884254038,1.9190056612170907,2.5500000000000909
516,1247232,3091184,3,1.6923519935356456e-15,0.00047671887141837089,2.5555873044544598e-16,4.0701060654813836e-08,5.9642738142185689e-16,28.287217032450627,29.762753155951838,1.9184853102182819,2.5500000000000909
517,1247744,3092720,3,1.6923519935356456e-15,0.00047671887141837089,2.5555873044544598e-16,4.0851293817963191e-08,5.9651424542866458e-16,28.288974265381398,29.767467714700832,1.9179656219800354,2.5500000000000909
518,1248256,3094256,3,1.6923519935356456e-15,0.00047671887141837089,2.5555873044544598e-16,4.0998853971729265e-08,5.9667219997395328e-16,28.290737093107573,29.77219240384332,1.9174465945170949,2.5500000000000909
519,1248768,3095792,3,1.6923519935356456e-15,0.00047671887141837089,2.5555873044544598e-16,4.1144473605701875e-08,5.9679169188737858e-16,28.292505506682012,29.776927073635594,1.9169282258542917,2.5500000000000909
520,1249280,3097328,3,1.6923519935356456e-15,0.00047671887141837089,2.5555873044544598e-16,4.1290705801758875e-08,5.9689228873379118e-16,28.294279496981012,29.78167158078185,1.9164105140264784,2.5500000000000909
521,1249792,3098864,3,1.6923519935356456e-15,0.00047671887141837089,2.5555873044544598e-16,4.1438823278376013e-08,5.9700834496546694e-16,28.296059054706696,29.78642578801,1.9158934570784369,2.5500000000000909
522,1250304,3100400,3,1.6923519935356456e-15,0.00047671887141837089,2.5555873044544598e-16,4.1585636945935905e-08,5.9722031879915236e-16,28.297844170389979,29.791189563684394,1.9153770530647662,2.5500000000000909
523,1250816,3101936,3,1.6923519935356456e-15,0.00047671887141837089,2.5555873044544598e-16,4.1735722269879105e-08,5.973270895148619e-16,28.29963483439364,29.795962781451777,1.9148613000498151,2.5500000000000909
524,1251328,3103472,3,1.6923519935356456e-15,0.00047671887141837089,2.5555873044544598e-16,4.1883660389099252e-08,5.9747848811095884e-16,28.301431036916178,29.800745319916775,1.9143461961075754,2.5500000000000909
525,1251840,3105008,3,1.6923519935356456e-15,0.00047671887141837089,2.5555873044544598e-16,4.2032796456743886e-08,5.9762495019655764e-16,28.30323276799577,29.805537062343987,1.9138317393216144,2.5500000000000909
526,1252352,3106544,3,1.6923519935356456e-15,0.00047671887141837089,2.5555873044544598e-16,4.2181446968348701e-08,5.9774743752485145e-16,28.305040017514759,29.81033789638369,1.9133179277849841,2.5500000000000909
527,1252864,3108080,3,1.6923519935356456e-15,0.00047671887141837089,2.5555873044544598e-16,4.2329321203774761e-08,5.9787137724012924e-16,28.306852775204664,29.815147713819055,1.9128047596001481,2.5500000000000909
528,1253376,3109616,3,1.6923519935356456e-15,0.00047671887141837089,2.5555873044544598e-16,4.2477280798004179e-08,5.9805957464598622e-16,28.308671030651482,29.819966410332825,1.9122922328789005,2.5500000000000909
529,1253888,3111152,3,1.6923519935356456e-15,0.00047671887141837089,2.5555873044544598e-16,4.2626414717627469e-08,5.9818707570984317e-16,28.31049477330162,29.824793885291509,1.9117803457422868,2.5500000000000909
530,1254400,3112688,3,1.6923519935356456e-15,0.00047671887141837089,2.5555873044544598e-16,4.2775681442475909e-08,5.9837247579766365e-16,28.312323992467988,29.829630041545265,1.9112690963205397,2.5500000000000909
531,1254912,3114224,3,1.6923519935356456e-15,0.00047671887141837089,2.5555873044544598e-16,4.2925155611195458e-08,5.9855948660000723e-16,28.31415867733671,29.834474785242385,1.910758482752992,2.5500000000000909
532,1255424,3115760,3,1.6923519935356456e-15,0.00047671887141837089,2.5555873044544598e-16,4.3072715189467019e-08,5.987068724524798e-16,28.315998816974279,29.839328025656958,1.9102485031880152,2.5500000000000909
533,1255936,3117296,3,1.6923519935356456e-15,0.00047671887141837089,2.5555873044544598e-16,4.3224248067292536e-08,5.9880879365382719e-16,28.317844400334884,29.844189675028289,1.9097391557829619,2.5500000000000909
534,1256448,3118832,3,1.6923519935356456e-15,0.00047671887141837089,2.5555873044544598e-16,4.33702467348752e-08,5.9893848557015997e-16,28.319695416268257,29.849059648411572,1.90923043870406,2.5500000000000909
535,1256960,3120368,3,1.6923519935356456e-15,0.00047671887141837089,2.5555873044544598e-16,4.3518807779417783e-08,5.9903209971973292e-16,28.321551853527993,29.853937863538377,1.9087223501263877,2.5500000000000909
536,1257472,3121904,3,1.6923519935356456e-15,0.00047671887141837089,2.5555873044544598e-16,4.3667934309119066e-08,5.9919789739771939e-16,28.323413700779827,29.858824240686136,1.9082148882337782,2.5500000000000909
537,1257984,3123440,3,1.6923519935356456e-15,0.00047671887141837089,2.5555873044544598e-16,4.3817815863335479e-08,5.9944943565491943e-16,28.325280946610601,29.863718702556618,1.9077080512187659,2.5500000000000909
538,1258496,3124976,3,1.6923519935356456e-15,0.00047671887141837089,2.5555873044544598e-16,4.3967346993435085e-08,5.9961164508803214e-16,28.327153579537118,29.868621174161557,1.9072018372825132,2.5500000000000909
539,1259008,3126512,3,1.6923519935356456e-15,0.00047671887141837089,2.5555873044544598e-16,4.4116866274505988e-08,5.9981689310323219e-16,28.329031588015642,29.873531582715898,1.9066962446347706,2.5500000000000909
540,1259520,3128048,3,1.6923519935356456e-15,0.00047671887141837089,2.5555873044544598e-16,4.4264889821918434e-08,5.9986309023571448e-16,28.330914960451192,29.878449857537113,1.9061912714937919,2.5500000000000909
541,1260032,3129584,3,1.6923519935356456e-15,0.00047671887141837089,2.5555873044544598e-16,4.4414120441099807e-08,6.0014485493911753e-16,28.332803685207242,29.883327475851534,1.9056869145900197,2.5500000000000909
542,1260544,3131120,3,1.6923519935356456e-15,0.00047671887141837089,2.5555873044544598e-16,4.4564140369871091e-08,6.0032433225865577e-16,28.334697750615529,29.888173398468389,1.9051831724130586,2.5500000000000909
543,1261056,3132656,3,1.6923519935356456e-15,0.00047671887141837089,2.5555873044544598e-16,4.4712663027151555e-08,6.0042146050411538e-16,28.336597144985806,29.893001706893127,1.9046800436482372,2.5500000000000909
544,1261568,3134192,3,1.6923519935356456e-15,0.00047671887141837089,2.5555873044544598e-16,4.4862908473010481e-08,6.0063888474717919e-16,28.33850185661592,29.89781738515585,1.9041775267037522,2.5500000000000909
545,1262080,3135728,3,1.6923519935356456e-15,0.00047671887141837089,2.5555873044544598e-16,4.5011199769787274e-08,6.0076841452318721e-16,28.340411873801703,29.902623286823424,1.9036756199298304,2.5500000000000909
546,1262592,3137264,3,1.6923519935356456e-15,0.00047671887141837089,2.5555873044544598e-16,4.5158227763733665e-08,6.0095920043567482e-16,28.342327184846727,29.907421317528538,1.9031743216554349,2.5500000000000909
547,1263104,3138800,3,1.6923519935356456e-15,0.00047671887141837089,2.5555873044544598e-16,4.5305793073965272e-08,6.0107716917355028e-16,28.344247778072528,29.912212860885298,1.9026736302013914,2.5500000000000909
548,1263616,3140336,3,1.6923519935356456e-15,0.00047671887141837089,2.5555873044544598e-16,4.5456075801200101e-08,6.0121429370835246e-16,28.346173641828369,29.916998976512623,1.9021735438864862,2.5500000000000909
549,1264128,3141872,3,1.6923519935356456e-15,0.00047671887141837089,2.5555873044544598e-16,4.5603715226624857e-08,6.0144402930698789e-16,28.348104764500839,29.921780506620724,1.9016740610307277,2.5500000000000909
550,1264640,3143408,3,1.6923519935356456e-15,0.00047671887141837089,2.5555873044544598e-16,4.5750738297426024e-08,6.0163243676502168e-16,28.350041134523636,29.926558139238637,1.9011751799572223,2.5500000000000909
551,1265152,3144944,3,1.6923519935356456e-15,0.00047671887141837089,2.5555873044544598e-16,4.5901125932063063e-08,6.0178685052492426e-16,28.351982740386976,29.93133244843569,1.900676898993404,2.5500000000000909
552,1265664,3146480,3,1.6923519935356456e-15,0.00047671887141837089,2.5555873044544598e-16,4.6046639174143849e-08,6.0195558367303422e-16,28.353929570646976,29.936103921297097,1.9001792164717892,2.5500000000000909
553,1266176,3148016,3,1.6923519935356456e-15,0.00047671887141837089,2.5555873044544598e-16,4.6195860363368407e-08,6.0202721534273221e-16,28.355881613934596,29.940872976783226,1.8996821307305132,2.5500000000000909
554,1266688,3149552,3,1.6923519935356456e-15,0.00047671887141837089,2.5555873044544598e-16,4.6341683712424014e-08,6.0219930155792804e-16,28.357838858964815,29.945639979363161,1.899185640113713,2.5500000000000909
555,1267200,3151088,3,1.6923519935356456e-15,0.00047671887141837089,2.5555873044544598e-16,4.6492329985657704e-08,6.0240342472381729e-16,28.359801294545075,29.950405249147426,1.8986897429717777,2.5500000000000909
556,1267712,3152624,3,1.6923519935356456e-15,0.00047671887141837089,2.5555873044544598e-16,4.6642128275315674e-08,6.0252256216450072e-16,28.361768909583709,29.955169069594287,1.8981944376615476,2.5500000000000909
557,1268224,3154160,3,1.6923519935356456e-15,0.00047671887141837089,2.5555873044544598e-16,4.6791484959887813e-08,6.0257750576260848e-16,28.363741693098095,29.959931693488926,1.8976997225464449,2.5500000000000909
558,1268736,3155696,3,1.6923519935356456e-15,0.00047671887141837089,2.5555873044544598e-16,4.6940139408013875e-08,6.0277481642406911e-16,28.365719634222625,29.964693347660862,1.8972055959965815,2.5500000000000909
559,1269248,3157232,3,1.6923519935356456e-15,0.00047671887141837089,2.5555873044544598e-16,4.7089033985237099e-08,6.030237905893913e-16,28.367702722216126,29.969454236762093,1.8967120563888087,2.5500000000000909
560,1269760,3158768,3,1.6923519935356456e-15,0.00047671887141837089,2.5555873044544598e-16,4.7240152325734541e-08,6.0321313628995957e-16,28.369690946469305,29.974214546332473,1.8962191021067658,2.5500000000000909
561,1270272,3160304,3,1.6923519935356456e-15,0.00047671887141837089,2.5555873044544598e-16,4.7389222231893163e-08,6.034097197174901e-16,28.371684296511379,29.978974445315572,1.8957267315409285,2.5500000000000909
562,1270784,3161840,3,1.6923519935356456e-15,0.00047671887141837089,2.5555873044544598e-16,4.753749791572499e-08,6.0365720458289349e-16,28.373682762017093,29.983734088144796,1.8952349430886124,2.5500000000000909
563,1271296,3163376,3,1.6923519935356456e-15,0.00047671887141837089,2.5555873044544598e-16,4.7686707180026693e-08,6.0381013113667818e-16,28.375686332812766,29.988493616489279,1.8947437351539749,2.5500000000000909
564,1271808,3164912,3,1.6923519935356456e-15,0.00047671887141837089,2.5555873044544598e-16,4.7835546228317771e-08,6.0400146557330948e-16,28.377694998882411,29.993253160727161,1.8942531061480399,2.5500000000000909
565,1272320,3166448,3,1.6923519935356456e-15,0.00047671887141837089,2.5555873044544598e-16,4.7984550214550625e-08,6.0414864602649619e-16,28.379708750373254,29.998012841198378,1.8937630544886681,2.5500000000000909
566,1272832,3167984,3,1.6923519935356456e-15,0.00047671887141837089,2.5555873044544598e-16,4.8134712957901515e-08,6.0428745538603448e-16,28.381727577601222,30.002772769276824,1.8932735786005446,2.5500000000000909
567,1273344,3169520,3,1.6923519935356456e-15,0.00047671887141837089,2.5555873044544598e-16,4.8285547008446266e-08,6.0444050294083315e-16,28.383751471055788,30.007533048294576,1.892784676915177,2.5500000000000909
568,1273856,3171056,3,1.6923519935356456e-15,0.00047671887141837089,2.5555873044544598e-16,4.843532928487183e-08,6.0461336718401857e-16,28.385780421404668,30.01229377434224,1.8922963478708501,2.5500000000000909
569,1274368,3172592,3,1.6923519935356456e-15,0.00047671887141837089,2.5555873044544598e-16,4.8586604471693395e-08,6.046663361598325e-16,28.387814419498188,30.017055036966461,1.8918085899126342,2.5500000000000909
570,1274880,3174128,3,1.6923519935356456e-15,0.00047671887141837089,2.5555873044544598e-16,4.8733293892720086e-08,6.048008517282086e-16,28.389853456373213,30.021816919780253,1.8913214014923472,2.5500000000000909
571,1275392,3175664,3,1.6923519935356456e-15,0.00047671887141837089,2.5555873044544598e-16,4.8881480124668513e-08,6.0498704482374257e-16,28.391897523256816,30.02657950099989,1.89083478106852,2.5500000000000909
572,1275904,3177200,3,1.6923519935356456e-15,0.00047671887141837089,2.5555873044544598e-16,4.90317808565983e-08,6.0524301206443617e-16,28.393946611569625,30.031342853918957,1.8903487271063719,2.5500000000000909
573,1276416,3178736,3,1.6923519935356456e-15,0.00047671887141837089,2.5555873044544598e-16,4.9180813787126031e-08,6.053573897527786e-16,28.396000712928753,30.03610704732851,1.8898632380777955,2.5500000000000909
574,1276928,3180272,3,1.6923519935356456e-15,0.00047671887141837089,2.5555873044544598e-16,4.9330652929955542e-08,6.0551165310798136e-16,28.398059819150632,30.040872145891321,1.8893783124613031,2.5500000000000909
575,1277440,3181808,3,1.6923519935356456e-15,0.00047671887141837089,2.5555873044544598e-16,4.9478345828231445e-08,6.0556437243034666e-16,28.400123922253005,30.045638210475555,1.8888939487420056,2.5500000000000909
576,1277952,3183344,3,1.6923519935356456e-15,0.00047671887141837089,2.5555873044544598e-16,4.9628617123638568e-08,6.0561121064072838e-16,28.402193014457325,30.050405298454091,1.8884101454115816,2.5500000000000909
577,1278464,3184880,3,1.6923519935356456e-15,0.00047671887141837089,2.5555873044544598e-16,4.9776152355066144e-08,6.0574500427430017e-16,28.404267088190075,30.055173463973244,1.8879269009682489,2.5500000000000909
578,1278976,3186416,3,1.6923519935356456e-15,0.00047671887141837089,2.5555873044544598e-16,4.9925189502706645e-08,6.0590619243662441e-16,28.406346136084277,30.059942758194918,1.8874442139167176,2.5500000000000909
579,1279488,3187952,3,1.6923519935356456e-15,0.00047671887141837089,2.5555873044544598e-16,5.0076006628421803e-08,6.0610324730540531e-16,28.408430150980436,30.064713229515572,1.8869620827681672,2.5500000000000909
580,1280000,3189488,3,1.6923519935356456e-15,0.00047671887141837089,2.5555873044544598e-16,5.0226781090347793e-08,6.0630482942415159e-16,28.410519125927031,30.069484923764399,1.8864805060402048,2.5500000000000909
581,1280512,3191024,3,1.6923519935356456e-15,0.00047671887141837089,2.5555873044544598e-16,5.0376124410610273e-08,6.0661295688420223e-16,28.412613054181005,30.074257884383357,1.8859994822568351,2.5500000000000909
582,1281024,3192560,3,1.6923519935356456e-15,0.00047671887141837089,2.5555873044544598e-16,5.0523403866602295e-08,6.0686132751786999e-16,28.414711929207595,30.079032152590877,1.8855190099484265,2.5500000000000909
583,1281536,3194096,3,1.6923519935356456e-15,0.00047671887141837089,2.5555873044544598e-16,5.0673031549242169e-08,6.0701123797080851e-16,28.416815744679798,30.083807767531436,1.8850390876516832,2.5500000000000909
584,1282048,3195632,3,1.6923519935356456e-15,0.00047671887141837089,2.5555873044544598e-16,5.0825006848774595e-08,6.071394120171796e-16,28.41892449447781,30.088584766412101,1.8845597139095822,2.5500000000000909
585,1282560,3197168,3,1.6923519935356456e-15,0.00047671887141837089,2.5555873044544598e-16,5.0973165048025331e-08,6.0730502235168203e-16,28.421038172687748,30.093363184627506,1.8840808872713799,2.5500000000000909
586,1283072,3198704,3,1.6923519935356456e-15,0.00047671887141837089,2.5555873044544598e-16,5.1121993674097765e-08,6.0743888047302986e-16,28.423156773600201,30.098143055874655,1.8836026062925468,2.5500000000000909
587,1283584,3200240,3,1.6923519935356456e-15,0.00047671887141837089,2.5555873044544598e-16,5.1271075681687355e-08,6.07666096285649e-16,28.425280291708503,30.102924412258456,1.8831248695347398,2.5500000000000909
588,1284096,3201776,3,1.6923519935356456e-15,0.00047671887141837089,2.5555873044544598e-16,5.1418805476230549e-08,6.0777750374289517e-16,28.427408721706467,30.107707284388653,1.8826476755657697,2.5500000000000909
589,1284608,3203312,3,1.6923519935356456e-15,0.00047671887141837089,2.5555873044544598e-16,5.1571258695550053e-08,6.0793811286586592e-16,28.4295420584859,30.112491701469743,1.8821710229595754,2.5500000000000909
590,1285120,3204848,3,1.6923519935356456e-15,0.00047671887141837089,2.5555873044544598e-16,5.172146536470144e-08,6.0818765739160751e-16,28.431680297133951,30.117277691383126,1.8816949102961786,2.5500000000000909
591,1285632,3206384,3,1.6923519935356456e-15,0.00047671887141837089,2.5555873044544598e-16,5.187222975048612e-08,6.0825052038458811e-16,28.433823432929739,30.122065280764108,1.8812193361616376,2.5500000000000909
592,1286144,3207920,3,1.6923519935356456e-15,0.00047671887141837089,2.5555873044544598e-16,5.202231701601857e-08,6.0838880577690713e-16,28.435971461341062,30.126854495072671,1.8807442991480288,2.5500000000000909
593,1286656,3209456,3,1.6923519935356456e-15,0.00047671887141837089,2.5555873044544598e-16,5.2171085849642234e-08,6.0853764070764122e-16,28.438124378020731,30.131645358659046,1.8802697978534249,2.5500000000000909
594,1287168,3210992,3,1.6923519935356456e-15,0.00047671887141837089,2.5555873044544598e-16,5.2319796665872924e-08,6.0850851059240493e-16,28.440282178802455,30.136437894824937,1.8797958308818294,2.5500000000000909
595,1287680,3212528,3,1.6923519935356456e-15,0.00047671887141837089,2.5555873044544598e-16,5.2468489267507117e-08,6.0861304201387402e-16,28.442444859696682,30.141232125880347,1.8793223968431751,2.5500000000000909
596,1288192,3214064,3,1.6923519935356456e-15,0.00047671887141837089,2.5555873044544598e-16,5.2619549166905376e-08,6.0870550471510959e-16,28.444612416886077,30.146028073196369,1.8788494943532592,2.5500000000000909
597,1288704,3215600,3,1.6923519935356456e-15,0.00047671887141837089,2.5555873044544598e-16,5.2768754039320919e-08,6.0888584651593613e-16,28.446784846720846,30.150825757254641,1.8783771220337335,2.5500000000000909
598,1289216,3217136,3,1.6923519935356456e-15,0.00047671887141837089,2.5555873044544598e-16,5.2921003636365132e-08,6.0913194475521424e-16,28.448962145713715,30.15562519769319,1.8779052785120598,2.5500000000000909
599,1289728,3218672,3,1.6923519935356456e-15,0.00047671887141837089,2.5555873044544598e-16,5.3067894742848353e-08,6.0927333012320107e-16,28.451144310535,30.160426413349594,1.8774339624214738,2.5500000000000909
600,1290240,3220208,3,1.6923519935356456e-15,0.00047671887141837089,2.5555873044544598e-16,5.3218473832410223e-08,6.093724937434931e-16,28.453331338007249,30.165229422301248,1.8769631724009657,2.5500000000000909
601,1290752,3221744,3,1.6923519935356456e-15,0.00047671887141837089,2.5555873044544598e-16,5.3369433364177609e-08,6.0961391226661683e-16,28.455523225099753,30.170106746212522,1.8764928860727141,2.5500000000000909
602,1291264,3223280,3,1.6923519935356456e-15,0.00047671887141837089,2.5555873044544598e-16,5.3517899309878197e-08,6.0959779202220538e-16,28.457719968923186,30.175044893352791,1.87602310566207,2.5500000000000909
603,1291776,3224816,3,1.6923519935356456e-15,0.00047671887141837089,2.5555873044544598e-16,5.3667360234417687e-08,6.0990562815958404e-16,28.459921566723867,30.180022711729137,1.8755538360350941,2.5500000000000909
604,1292288,3226352,3,1.6923519935356456e-15,0.00047671887141837089,2.5555873044544598e-16,5.3816821310311801e-08,6.0997111755440707e-16,28.462128015878008,30.185032664366286,1.8750850780525157,2.5500000000000909
605,1292800,3227888,3,1.6923519935356456e-15,0.00047671887141837089,2.5555873044544598e-16,5.3967818149042262e-08,6.1006704470776787e-16,28.464339313885873,30.190070404133184,1.874616831650892,2.5500000000000909
606,1293312,3229424,3,1.6923519935356456e-15,0.00047671887141837089,2.5555873044544598e-16,5.4118227253050721e-08,6.1021454494380952e-16,28.46655545836613,30.195133004188481,1.8741490963587482,2.5500000000000909
607,1293824,3230960,3,1.6923519935356456e-15,0.00047671887141837089,2.5555873044544598e-16,5.426903597012751e-08,6.1030500975829653e-16,28.468776447049862,30.200218320588089,1.873681871482239,2.5500000000000909
608,1294336,3232496,3,1.6923519935356456e-15,0.00047671887141837089,2.5555873044544598e-16,5.4422165940636823e-08,6.1050408513204586e-16,28.471002277774627,30.205324695903879,1.8732151561913435,2.5500000000000909
609,1294848,3234032,3,1.6923519935356456e-15,0.00047671887141837089,2.5555873044544598e-16,5.4570755353112409e-08,6.1047547373660183e-16,28.4732329484786,30.21045079966721,1.8727489495662928,2.5500000000000909
610,1295360,3235568,3,1.6923519935356456e-15,0.00047671887141837089,2.5555873044544598e-16,5.4720393644887382e-08,6.1045629335043893e-16,28.475468457194747,30.215595533696309,1.8722832506250526,2.5500000000000909
611,1295872,3237104,3,1.6923519935356456e-15,0.00047671887141837089,2.5555873044544598e-16,5.4868958310665222e-08,6.1045622751203205e-16,28.47770880204498,30.220757971852038,1.8718180583408472,2.5500000000000909
612,1296384,3238640,3,1.6923519935356456e-15,0.00047671887141837089,2.5555873044544598e-16,5.5020206925859943e-08,6.1051327232984146e-16,28.479953981234395,30.225937319616587,1.8713533716538608,2.5500000000000909
613,1296896,3240176,3,1.6923519935356456e-15,0.00047671887141837089,2.5555873044544598e-16,5.5169433629770431e-08,6.1061696610815571e-16,28.482203993045466,30.231132885820553,1.8708891894794306,2.5500000000000909
614,1297408,3241712,3,1.6923519935356456e-15,0.00047671887141837089,2.5555873044544598e-16,5.5320466418042846e-08,6.1075045320022472e-16,28.484458835832438,30.236344062191499,1.8704255107139909,2.5500000000000909
615,1297920,3243248,3,1.6923519935356456e-15,0.00047671887141837089,2.5555873044544598e-16,5.5470551771910025e-08,6.1071674814289086e-16,28.486718508015802,30.241570308143931,1.8699623342394516,2.5500000000000909
616,1298432,3244784,3,1.6923519935356456e-15,0.00047671887141837089,2.5555873044544598e-16,5.5619464617506175e-08,6.107914835751929e-16,28.48898300807679,30.246811139201689,1.8694996589265447,2.5500000000000909
617,1298944,3246320,3,1.6923519935356456e-15,0.00047671887141837089,2.5555873044544598e-16,5.5771889310599159e-08,6.1083007098208183e-16,28.491252334552009,30.252066118007885,1.8690374836374062,2.5500000000000909
618,1299456,3247856,3,1.6923519935356456e-15,0.00047671887141837089,2.5555873044544598e-16,5.5920062055939922e-08,6.1082265824179653e-16,28.493526486028209,30.257334847223852,1.8685758072276231,2.5500000000000909
619,1299968,3249392,3,1.6923519935356456e-15,0.00047671887141837089,2.5555873044544598e-16,5.6069840647812823e-08,6.1085389457212988e-16,28.495805461137081,30.262616963836251,1.8681146285478625,2.5500000000000909
620,1300480,3250928,3,1.6923519935356456e-15,0.00047671887141837089,2.5555873044544598e-16,5.6221394599926488e-08,6.1093492431898087e-16,28.498089258550284,30.267912134532104,1.867653946445186,2.5500000000000909
621,1300992,3252464,3,1.6923519935356456e-15,0.00047671887141837089,2.5555873044544598e-16,5.6369923106260832e-08,6.1100527586205744e-16,28.500377876974653,30.273220051897983,1.8671937597641177,2.5500000000000909
622,1301504,3254000,3,1.6923519935356456e-15,0.00047671887141837089,2.5555873044544598e-16,5.6522566969521942e-08,6.1102638875538876e-16,28.502671315147339,30.27854043126402,1.8667340673475707,2.5500000000000909
623,1302016,3255536,3,1.6923519935356456e-15,0.00047671887141837089,2.5555873044544598e-16,5.667222154861563e-08,6.1110120346132029e-16,28.50496957183125,30.283873008058059,1.8662748680375478,2.5500000000000909
624,1302528,3257072,3,1.6923519935356456e-15,0.00047671887141837089,2.5555873044544598e-16,5.6822063362051933e-08,6.1111963043457916e-16,28.507272645810612,30.289217535569559,1.8658161606757959,2.5500000000000909
625,1303040,3258608,3,1.6923519935356456e-15,0.00047671887141837089,2.5555873044544598e-16,5.6972684297480852e-08,6.1114737851841998e-16,28.509580535886748,30.294573783044857,1.8653579441043389,2.5500000000000909
626,1303552,3260144,3,1.6923519935356456e-15,0.00047671887141837089,2.5555873044544598e-16,5.7122968709132176e-08,6.1121846970959819e-16,28.511893240873782,30.299941534053236,1.8649002171659059,2.5500000000000909
627,1304064,3261680,3,1.6923519935356456e-15,0.00047671887141837089,2.5555873044544598e-16,5.7271520913957607e-08,6.1131229507457067e-16,28.514210759594739,30.305320585076824,1.8644429787043233,2.5500000000000909
628,1304576,3263216,3,1.6923519935356456e-15,0.00047671887141837089,2.5555873044544598e-16,5.7418924376223628e-08,6.1124597055044639e-16,28.516533090877722,30.310710744285831,1.8639862275648498,2.5500000000000909
629,1305088,3264752,3,1.6923519935356456e-15,0.00047671887141837089,2.5555873044544598e-16,5.7571527182049508e-08,6.1125202858860818e-16,28.518860233552214,30.316111830469634,1.8635299625944601,2.5500000000000909
630,1305600,3266288,3,1.6923519935356456e-15,0.00047671887141837089,2.5555873044544598e-16,5.7720481749913659e-08,6.1126766396947136e-16,28.521192186445418,30.321523672098596,1.8630741826421022,2.5500000000000909
631,1306112,3267824,3,1.6923519935356456e-15,0.00047671887141837089,2.5555873044544598e-16,5.78690909126497e-08,6.1128395990575244e-16,28.523528948379205,30.326946106497484,1.8626188865589097,2.5500000000000909
632,1306624,3269360,3,1.6923519935356456e-15,0.00047671887141837089,2.5555873044544598e-16,5.8019920344059516e-08,6.1131576896818711e-16,28.525870518166698,30.33237897911329,1.862164073198358,2.5500000000000909
633,1307136,3270896,3,1.6923519935356456e-15,0.00047671887141837089,2.5555873044544598e-16,5.8170556885494506e-08,6.1133487995518908e-16,28.528216894609375,30.337822142864795,1.8617097414164743,2.5500000000000909
634,1307648,3272432,3,1.6923519935356456e-15,0.00047671887141837089,2.5555873044544598e-16,5.8318823004928449e-08,6.1144307779656217e-16,28.530568076494294,30.343275457561706,1.8612558900719645,2.5500000000000909
635,1308160,3273968,3,1.6923519935356456e-15,0.00047671887141837089,2.5555873044544598e-16,5.8470061908707471e-08,6.1157331076656374e-16,28.532924062591391,30.34873878938545,1.8608025180263308,2.5500000000000909
636,1308672,3275504,3,1.6923519935356456e-15,0.00047671887141837089,2.5555873044544598e-16,5.8622299278553263e-08,6.1165065557888218e-16,28.535284851651166,30.354212010421609,1.8603496241440027,2.5500000000000909
637,1309184,3277040,3,1.6923519935356456e-15,0.00047671887141837089,2.5555873044544598e-16,5.8772477525561539e-08,6.1173164294565147e-16,28.537650442402477,30.359694998239426,1.8598972072924196,2.5500000000000909
638,1309696,3278576,3,1.6923519935356456e-15,0.00047671887141837089,2.5555873044544598e-16,5.8924223449113949e-08,6.1187748345025638e-16,28.540020833550461,30.365187635511582,1.8594452663421219,2.5500000000000909
639,1310208,3280112,3,1.6923519935356456e-15,0.00047671887141837089,2.5555873044544598e-16,5.9076535375640015e-08,6.1190375504255319e-16,28.542396023775087,30.370689809669095,1.8589938001668191,2.5500000000000909
640,1310720,3281648,3,1.6923519935356456e-15,0.00047671887141837089,2.5555873044544598e-16,5.9227308059040761e-08,6.1184439717571949e-16,28.544776011729478,30.37620141258866,1.8585428076434789,2.5500000000000909
641,1311232,3283184,3,1.6923519935356456e-15,0.00047671887141837089,2.5555873044544598e-16,5.9377752877969824e-08,6.1195593013177422e-16,28.547160796038892,30.381722340306641,1.8580922876523609,2.5500000000000909
642,1311744,3284720,3,1.6923519935356456e-15,0.00047671887141837089,2.5555873044544598e-16,5.952710172592866e-08,6.1205355669539176e-16,28.549550375299695,30.387252492758911,1.8576422390770932,2.5500000000000909
643,1312256,3286256,3,1.6923519935356456e-15,0.00047671887141837089,2.5555873044544598e-16,5.9678171358860343e-08,6.120807144630809e-16,28.551944748078874,30.392791773542331,1.8571926608047005,2.5500000000000909
644,1312768,3287792,3,1.6923519935356456e-15,0.00047671887141837089,2.5555873044544598e-16,5.9830946832555808e-08,6.1211258827824789e-16,28.554343912913755,30.39834008969579,1.8567435517256412,2.5500000000000909
645,1313280,3289328,3,1.6923519935356456e-15,0.00047671887141837089,2.5555873044544598e-16,5.9979077161305499e-08,6.1221590823554876e-16,28.556747868311913,30.40389735149947,1.8562949107338687,2.5500000000000909
646,1313792,3290864,3,1.6923519935356456e-15,0.00047671887141837089,2.5555873044544598e-16,6.0129364220144848e-08,6.1223065035828561e-16,28.559156612751725,30.409463472289648,1.8558467367268254,2.5500000000000806
647,1314304,3292400,3,1.6923519935356456e-15,0.00047671887141837089,2.5555873044544598e-16,6.0281683933844598e-08,6.1240383831989622e-16,28.561570144682815,30.415038368287856,1.8553990286055098,2.5500000000000806
648,1314816,3293936,3,1.6923519935356456e-15,0.00047671887141837089,2.5555873044544598e-16,6.0431706071352547e-08,6.1244426671417361e-16,28.56398846252722,30.420621958443171,1.8549517852744535,2.5500000000000642
649,1315328,3295472,3,1.6923519935356456e-15,0.00047671887141837089,2.5555873044544598e-16,6.0585035603149494e-08,6.1233984386662227e-16,28.566411564680738,30.426214164286296,1.8545050056417913,2.5500000000000642
650,1315840,3297008,3,1.6923519935356456e-15,0.00047671887141837089,2.5555873044544598e-16,6.0737105327150164e-08,6.1239677329273622e-16,28.568839449514392,30.431814909793662,1.854058688619235,2.5500000000000642
651,1316352,3298544,3,1.6923519935356456e-15,0.00047671887141837089,2.5555873044544598e-16,6.088665117464374e-08,6.1248169348326555e-16,28.571272115376605,30.437424121262186,1.853612833122122,2.5500000000000642
652,1316864,3300080,3,1.6923519935356456e-15,0.00047671887141837089,2.5555873044544598e-16,6.103672001437711e-08,6.1244409478339083e-16,28.573709560595368,30.443041727191979,1.8531674380693945,2.5500000000000642
653,1317376,3301616,3,1.6923519935356456e-15,0.00047671887141837089,2.5555873044544598e-16,6.1186124840995153e-08,6.1248312259933245e-16,28.576151783480849,30.448667658177499,1.85272250238363,2.5500000000000642
654,1317888,3303152,3,1.6923519935356456e-15,0.00047671887141837089,2.5555873044544598e-16,6.1336264887224084e-08,6.1255576797240877e-16,28.578598782328353,30.454301846805865,1.8522780249910433,2.5500000000000642
655,1318400,3304688,3,1.6923519935356456e-15,0.00047671887141837089,2.5555873044544598e-16,6.1485682261964391e-08,6.1262693426900166e-16,28.581050555421164,30.459944227562058,1.8518340048214925,2.5500000000000642
656,1318912,3306224,3,1.6923519935356456e-15,0.00047671887141837089,2.5555873044544598e-16,6.1635097370288477e-08,6.1264762067317903e-16,28.583507101034218,30.465594736740094,1.8513904408084805,2.5500000000000642
657,1319424,3307760,3,1.6923519935356456e-15,0.00047671887141837089,2.5555873044544598e-16,6.1785778691875275e-08,6.1274523879050704e-16,28.585968417437606,30.471253312360083,1.8509473318891749,2.5500000000000642
658,1319936,3309296,3,1.6923519935356456e-15,0.00047671887141837089,2.5555873044544598e-16,6.1935925782816242e-08,6.1269871421082445e-16,28.588434502900405,30.476919894090091,1.8505046770043667,2.5500000000000642
659,1320448,3310832,3,1.6923519935356456e-15,0.00047671887141837089,2.5555873044544598e-16,6.208525995458079e-08,6.127396228997697e-16,28.59090535569457,30.482594423173413,1.8500624750985193,2.5500000000000642
660,1320960,3312368,3,1.6923519935356456e-15,0.00047671887141837089,2.5555873044544598e-16,6.2235520620036133e-08,6.1277256075354777e-16,28.593380974099325,30.488276842359728,1.8496207251197432,2.5500000000000642
661,1321472,3313904,3,1.6923519935356456e-15,0.00047671887141837089,2.5555873044544598e-16,6.2384624376287622e-08,6.1281015063231675e-16,28.595861356405383,30.493865236127462,1.8491794320469119,2.5500000000000642
662,1321984,3315440,3,1.6923519935356456e-15,0.00047671887141837089,2.5555873044544598e-16,6.253590327281534e-08,6.1285773034549413e-16,28.598346500919416,30.499378527701101,1.8487385938107561,2.5500000000000642
663,1322496,3316976,3,1.6923519935356456e-15,0.00047671887141837089,2.5555873044544598e-16,6.2687799796386317e-08,6.1296245120424819e-16,28.600836405968568,30.504846402444425,1.8482982075896321,2.5500000000000642
664,1323008,3318512,3,1.6923519935356456e-15,0.00047671887141837089,2.5555873044544598e-16,6.2838760280516891e-08,6.1310791315093824e-16,28.603331069905192,30.510279418676024,1.8478582717156644,2.5500000000000642
665,1323520,3320048,3,1.6923519935356456e-15,0.00047671887141837089,2.5555873044544598e-16,6.2989848321033059e-08,6.1323748527471622e-16,28.605830491111416,30.515683653757186,1.8474187847911967,2.5500000000000642
666,1324032,3321584,3,1.6923519935356456e-15,0.00047671887141837089,2.5555873044544598e-16,6.31395629332684e-08,6.1332578621703253e-16,28.608334668003987,30.521063190090054,1.8469797455407719,2.5500000000000642
667,1324544,3323120,3,1.6923519935356456e-15,0.00047671887141837089,2.5555873044544598e-16,6.3290030242019967e-08,6.1336952779924298e-16,28.610843599038926,30.526421010567589,1.846541152757901,2.5500000000000642
668,1325056,3324656,3,1.6923519935356456e-15,0.00047671887141837089,2.5555873044544598e-16,6.3441116724754453e-08,6.1351543110495095e-16,28.613357282716329,30.531759414944062,1.846103005280308,2.5500000000000642
669,1325568,3326192,3,1.6923519935356456e-15,0.00047671887141837089,2.5555873044544598e-16,6.3591284664469515e-08,6.135443312962887e-16,28.615875717584977,30.53708024398378,1.8456653019766194,2.5500000000000642
670,1326080,3327728,3,1.6923519935356456e-15,0.00047671887141837089,2.5555873044544598e-16,6.3742862532348381e-08,6.1354029692318377e-16,28.618398902247097,30.542385012456343,1.8452280417384554,2.5500000000000642
671,1326592,3329264,3,1.6923519935356456e-15,0.00047671887141837089,2.5555873044544598e-16,6.3894085660118432e-08,6.136642280952368e-16,28.620926835362912,30.547674993764769,1.844791223475404,2.5500000000000642
672,1327104,3330800,3,1.6923519935356456e-15,0.00047671887141837089,2.5555873044544598e-16,6.4042826401630126e-08,6.1374505388390565e-16,28.623459515655124,30.552951276724347,1.844354846111627,2.5500000000000642
673,1327616,3332336,3,1.6923519935356456e-15,0.00047671887141837089,2.5555873044544598e-16,6.4194238231752531e-08,6.1383170646851866e-16,28.625996941913385,30.558214805275576,1.8439189085834848,2.5500000000000642
674,1328128,3333872,3,1.6923519935356456e-15,0.00047671887141837089,2.5555873044544598e-16,6.4345955450401903e-08,6.1397242885124453e-16,28.628539112998574,30.563466407208647,1.843483409837843,2.5500000000000642
675,1328640,3335408,3,1.6923519935356456e-15,0.00047671887141837089,2.5555873044544598e-16,6.4495704285261978e-08,6.1407492061334413e-16,28.631086027847097,30.568706815524422,1.8430483488307929,2.5500000000000642
676,1329152,3336944,3,1.6923519935356456e-15,0.00047671887141837089,2.5555873044544598e-16,6.4646318449197809e-08,6.1406155199816503e-16,28.633637685474731,30.573936684693383,1.8426137245266438,2.5500000000000642
677,1329664,3338480,3,1.6923519935356456e-15,0.00047671887141837089,2.5555873044544598e-16,6.47963619875556e-08,6.1409869661465756e-16,28.636194084980708,30.579156603278893,1.8421795358971838,2.5500000000000642
678,1330176,3340016,3,1.6923519935356456e-15,0.00047671887141837089,2.5555873044544598e-16,6.4950255958039309e-08,6.1417668555510392e-16,28.638755225551446,30.58436710390648,1.841745781921083,2.5500000000000642
679,1330688,3341552,3,1.6923519935356456e-15,0.00047671887141837089,2.5555873044544598e-16,6.5102892015044777e-08,6.1425147740370868e-16,28.641321106464027,30.589568671256263,1.8413124615833814,2.5500000000000642
680,1331200,3343088,3,1.6923519935356456e-15,0.00047671887141837089,2.5555873044544598e-16,6.525667770105335e-08,6.1424786414954608e-16,28.643891727089898,30.594761748554294,1.8408795738751038,2.5500000000000642
681,1331712,3344624,3,1.6923519935356456e-15,0.00047671887141837089,2.5555873044544598e-16,6.5407352624979969e-08,6.1432962931166042e-16,28.64646708689779,30.599946742906198,1.8404471177929496,2.5500000000000642
682,1332224,3346160,3,1.6923519935356456e-15,0.00047671887141837089,2.5555873044544598e-16,6.5557739289472904e-08,6.143749534002426e-16,28.649047185456936,30.605124029726003,1.840015092338954,2.5500000000000642
683,1332736,3347696,3,1.6923519935356456e-15,0.00047671887141837089,2.5555873044544598e-16,6.5707527151708061e-08,6.1444284594215321e-16,28.651632022440019,30.610293956447446,1.8395834965203455,2.5500000000000642
684,1333248,3349232,3,1.6923519935356456e-15,0.00047671887141837089,2.5555873044544598e-16,6.5857321964546505e-08,6.1462947262249983e-16,28.654221597625835,30.615456845660045,1.8391523293492598,2.5500000000000642
685,1333760,3350768,3,1.6923519935356456e-15,0.00047671887141837089,2.5555873044544598e-16,6.6008136072276496e-08,6.1462649110814302e-16,28.656815910901742,30.620612997780434,1.8387215898426246,2.5500000000000642
686,1334272,3352304,3,1.6923519935356456e-15,0.00047671887141837089,2.5555873044544598e-16,6.6160461752123961e-08,6.1473952256650087e-16,28.659414962266069,30.625762693342448,1.8382912770219739,2.5500000000000642
687,1334784,3353840,3,1.6923519935356456e-15,0.00047671887141837089,2.5555873044544598e-16,6.6310156569863398e-08,6.1486755563027631e-16,28.662018751830139,30.630906194973598,1.8378613899133434,2.5500000000000642
688,1335296,3355376,3,1.6923519935356456e-15,0.00047671887141837089,2.5555873044544598e-16,6.6462883057136306e-08,6.1495290060389958e-16,28.664627279820319,30.636043749111149,1.8374319275471365,2.5500000000000642
689,1335808,3356912,3,1.6923519935356456e-15,0.00047671887141837089,2.5555873044544598e-16,6.6613345204651852e-08,6.1490759706558574e-16,28.667240546579585,30.641175587498999,1.8370028889580268,2.5500000000000642
690,1336320,3358448,3,1.6923519935356456e-15,0.00047671887141837089,2.5555873044544598e-16,6.6766495172186035e-08,6.1499610937839796e-16,28.669858552569242,30.646301928501476,1.8365742731848813,2.5500000000000642
691,1336832,3359984,3,1.6923519935356456e-15,0.00047671887141837089,2.5555873044544598e-16,6.691977293549765e-08,6.1507550733700728e-16,28.672481298370045,30.651422978260552,1.8361460792706423,2.5500000000000642
692,1337344,3361520,3,1.6923519935356456e-15,0.00047671887141837089,2.5555873044544598e-16,6.7070737718272998e-08,6.1515831048154341e-16,28.675108784683513,30.656538931719847,1.8357183062622822,2.5500000000000642
693,1337856,3363056,3,1.6923519935356456e-15,0.00047671887141837089,2.5555873044544598e-16,6.7221940251839623e-08,6.1507236821243204e-16,28.67774101233265,30.661649973534875,1.8352909532107304,2.5500000000000642
694,1338368,3364592,3,1.6923519935356456e-15,0.00047671887141837089,2.5555873044544598e-16,6.7370651754153448e-08,6.1506804656208532e-16,28.680377982262737,30.666756278884574,1.834864019170803,2.5500000000000642
695,1338880,3366128,3,1.6923519935356456e-15,0.00047671887141837089,2.5555873044544598e-16,6.7523549963004286e-08,6.1509033688239512e-16,28.683019695541603,30.671858014197738,1.8344375032011433,2.5500000000000642
696,1339392,3367664,3,1.6923519935356456e-15,0.00047671887141837089,2.5555873044544598e-16,6.7673259854189687e-08,6.1507603516871097e-16,28.68566615335984,30.6769553378053,1.8340114043641782,2.5500000000000642
697,1339904,3369200,3,1.6923519935356456e-15,0.00047671887141837089,2.5555873044544598e-16,6.7823728285741024e-08,6.1515212862478367e-16,28.688317357030797,30.682048400527894,1.8335857217260683,2.5500000000000642
698,1340416,3370736,3,1.6923519935356456e-15,0.00047671887141837089,2.5555873044544598e-16,6.7973620173705184e-08,6.1523222054915283e-16,28.690973307989985,30.68713734620653,1.8331604543566555,2.5500000000000642
699,1340928,3372272,3,1.6923519935356456e-15,0.00047671887141837089,2.5555873044544598e-16,6.8124118139357381e-08,6.15204640654395e-16,28.693634007794518,30.692222312183748,1.8327356013294238,2.5500000000000642
700,1341440,3373808,3,1.6923519935356456e-15,0.00047671887141837089,2.5555873044544598e-16,6.8273098755395566e-08,6.1520933424521169e-16,28.696299458122013,30.697303429739907,1.8323111617214605,2.5500000000000642
701,1341952,3375344,3,1.6923519935356456e-15,0.00047671887141837089,2.5555873044544598e-16,6.8424697778227222e-08,6.1527660066955973e-16,28.698969660769176,30.702380824491314,1.8318871346134116,2.5500000000000642
702,1342464,3376880,3,1.6923519935356456e-15,0.00047671887141837089,2.5555873044544598e-16,6.8573946957215064e-08,6.1535526780117316e-16,28.701644617650121,30.707454616752727,1.8314635190894539,2.5500000000000642
703,1342976,3378416,3,1.6923519935356456e-15,0.00047671887141837089,2.5555873044544598e-16,6.8724736411055014e-08,6.1539061817244418e-16,28.704324330794257,30.712524921869402,1.8310403142372584,2.5500000000000642
704,1343488,3379952,3,1.6923519935356456e-15,0.00047671887141837089,2.5555873044544598e-16,6.8875498285827463e-08,6.155068228442658e-16,28.707008802343672,30.717591850521544,1.8306175191479579,2.5500000000000642
705,1344000,3381488,3,1.6923519935356456e-15,0.00047671887141837089,2.5555873044544598e-16,6.9026260280729512e-08,6.1546173671228139e-16,28.709698034550463,30.722655509003548,1.8301951329161188,2.5500000000000642
706,1344512,3383024,3,1.6923519935356456e-15,0.00047671887141837089,2.5555873044544598e-16,6.9178966806973063e-08,6.1545355717556825e-16,28.712392029773014,30.727715999481145,1.8297731546397049,2.5500000000000642
707,1345024,3384560,3,1.6923519935356456e-15,0.00047671887141837089,2.5555873044544598e-16,6.9331810865563236e-08,6.1551663183631279e-16,28.715090790472729,30.732773420228686,1.8293515834200427,2.5500000000000642
708,1345536,3386096,3,1.6923519935356456e-15,0.00047671887141837089,2.5555873044544598e-16,6.9484725386886281e-08,6.1554562328893655e-16,28.717794319209496,30.737827865847848,1.8289304183618322,2.5500000000000642
709,1346048,3387632,3,1.6923519935356456e-15,0.00047671887141837089,2.5555873044544598e-16,6.9635442494083665e-08,6.1551932204738466e-16,28.720502618637319,30.742879427470342,1.8285096585730627,2.5500000000000642
710,1346560,3389168,3,1.6923519935356456e-15,0.00047671887141837089,2.5555873044544598e-16,6.9785070230933648e-08,6.1550955451776588e-16,28.723215691499245,30.747928192945491,1.8280893031650454,2.5500000000000642
711,1347072,3390704,3,1.6923519935356456e-15,0.00047671887141837089,2.5555873044544598e-16,6.9937059815480217e-08,6.1555409454252493e-16,28.725933540622169,30.752974247014592,1.8276693512523481,2.5500000000000642
712,1347584,3392240,3,1.6923519935356456e-15,0.00047671887141837089,2.5555873044544598e-16,7.0088950200298494e-08,6.1553712953991291e-16,28.728656168910764,30.758017671472444,1.8272498019527839,2.5500000000000642
713,1348096,3393776,3,1.6923519935356456e-15,0.00047671887141837089,2.5555873044544598e-16,7.0240092779653384e-08,6.155803153342999e-16,28.731383579341511,30.763058545318241,1.8268306543873929,2.5500000000000642
714,1348608,3395312,3,1.6923519935356456e-15,0.00047671887141837089,2.5555873044544598e-16,7.0390322723155967e-08,6.1560638848079788e-16,28.734115774956109,30.768096944895781,1.8264119076804242,2.5500000000000642
715,1349120,3396848,3,1.6923519935356456e-15,0.00047671887141837089,2.5555873044544598e-16,7.0542230262654697e-08,6.1563422513112538e-16,28.736852758854855,30.773132944024699,1.8259935609592957,2.5500000000000642
716,1349632,3398384,3,1.6923519935356456e-15,0.00047671887141837089,2.5555873044544598e-16,7.0691045824958314e-08,6.156743979007441e-16,28.739594534189219,30.778166614122537,1.8255756133545922,2.5500000000000642
717,1350144,3399920,3,1.6923519935356456e-15,0.00047671887141837089,2.5555873044544598e-16,7.0840810040744089e-08,6.1569247540311887e-16,28.742341104154637,30.783198024319518,1.8251580640000373,2.5500000000000642
718,1350656,3401456,3,1.6923519935356456e-15,0.00047671887141837089,2.5555873044544598e-16,7.0991350440334593e-08,6.1577869907519722e-16,28.745092471982598,30.788227241565732,1.8247409120324818,2.5500000000000642
719,1351168,3402992,3,1.6923519935356456e-15,0.00047671887141837089,2.5555873044544598e-16,7.1143291093536076e-08,6.1574207715284129e-16,28.747848640932954,30.793254330731511,1.8243241565918473,2.5500000000000642
720,1351680,3404528,3,1.6923519935356456e-15,0.00047671887141837089,2.5555873044544598e-16,7.1295979249058016e-08,6.157976710053834e-16,28.750609614285722,30.798279354702064,1.8239077968211694,2.5500000000000642
721,1352192,3406064,3,1.6923519935356456e-15,0.00047671887141837089,2.5555873044544598e-16,7.1446230900890178e-08,6.1582792952422218e-16,28.753375395332789,30.803355072720279,1.8234918394255826,2.5500000000000642
722,1352704,3407600,3,1.6923519935356456e-15,0.00047671887141837089,2.5555873044544598e-16,7.1598981013795786e-08,6.1586625236256206e-16,28.75614598736961,30.808471725662429,1.8230762822694178,2.5500000000000642
723,1353216,3409136,3,1.6923519935356456e-15,0.00047671887141837089,2.5555873044544598e-16,7.1752904589937699e-08,6.1585522872687137e-16,28.758921393686538,30.813613985442824,1.8226611222712348,2.5500000000000642
724,1353728,3410672,3,1.6923519935356456e-15,0.00047671887141837089,2.5555873044544598e-16,7.1905317657781308e-08,6.1590747079833497e-16,28.761701617560409,30.818776418561193,1.8222463577953052,2.5500000000000642
725,1354240,3412208,3,1.6923519935356456e-15,0.00047671887141837089,2.5555873044544598e-16,7.2056700818128826e-08,6.1591047179021027e-16,28.764486662245918,30.823955908830332,1.8218319875432869,2.5500000000000642
726,1354752,3413744,3,1.6923519935356456e-15,0.00047671887141837089,2.5555873044544598e-16,7.2207486449071916e-08,6.1594431959436094e-16,28.767276530966882,30.829150371257743,1.8214180103685293,2.5500000000000642
727,1355264,3415280,3,1.6923519935356456e-15,0.00047671887141837089,2.5555873044544598e-16,7.2362081658969384e-08,6.1595160154317423e-16,28.770071226907898,30.834358288813842,1.8210044252093049,2.5500000000000642
728,1355776,3416816,3,1.6923519935356456e-15,0.00047671887141837089,2.5555873044544598e-16,7.251601780318288e-08,6.1597395672607628e-16,28.772870753205446,30.839578497054113,1.8205912310577743,2.5500000000000642
729,1356288,3418352,3,1.6923519935356456e-15,0.00047671887141837089,2.5555873044544598e-16,7.2666825567029119e-08,6.1598839292123345e-16,28.775675112939716,30.844810068188291,1.8201784269432626,2.5500000000000642
730,1356800,3419888,3,1.6923519935356456e-15,0.00047671887141837089,2.5555873044544598e-16,7.281698193787332e-08,6.1594551375235978e-16,28.778484309126224,30.850052242306287,1.8197660119223349,2.5500000000000642
731,1357312,3421424,3,1.6923519935356456e-15,0.00047671887141837089,2.5555873044544598e-16,7.297152308554734e-08,6.1593133137240369e-16,28.781298344707437,30.855304383626088,1.8193539850725022,2.5500000000000642
732,1357824,3422960,3,1.6923519935356456e-15,0.00047671887141837089,2.5555873044544598e-16,7.312521382363486e-08,6.1582833208329951e-16,28.784117222544804,30.860565951147713,1.8189423454879354,2.5500000000000642
733,1358336,3424496,3,1.6923519935356456e-15,0.00047671887141837089,2.5555873044544598e-16,7.3277406892546203e-08,6.1590344984752796e-16,28.786940945410844,30.865836478135545,1.8185310922765396,2.5500000000000642
734,1358848,3426032,3,1.6923519935356456e-15,0.00047671887141837089,2.5555873044544598e-16,7.3428683922511461e-08,6.1592491444771598e-16,28.789769515981376,30.871115557283478,1.8181202245577646,2.5500000000000642
735,1359360,3427568,3,1.6923519935356456e-15,0.00047671887141837089,2.5555873044544598e-16,7.3583068940302154e-08,6.1593839497784701e-16,28.792602936828114,30.87640282968918,1.8177097414610004,2.5500000000000642
736,1359872,3429104,3,1.6923519935356456e-15,0.00047671887141837089,2.5555873044544598e-16,7.3736483076297748e-08,6.1586226557819175e-16,28.795441210411273,30.881697976465887,1.8172996421243737,2.5500000000000642
737,1360384,3430640,3,1.6923519935356456e-15,0.00047671887141837089,2.5555873044544598e-16,7.3890866883251454e-08,6.1595980406646111e-16,28.798284339072644,30.887000712234688,1.8168899256937707,2.5500000000000642
738,1360896,3432176,3,1.6923519935356456e-15,0.00047671887141837089,2.5555873044544598e-16,7.4042474040201488e-08,6.160298135057309e-16,28.801132325028814,30.89231077998809,1.8164805913220881,2.5500000000000642
739,1361408,3433712,3,1.6923519935356456e-15,0.00047671887141837089,2.5555873044544598e-16,7.4194061723579462e-08,6.1607522539824264e-16,28.803985170364449,30.897627946976037,1.8160716381686037,2.5500000000000642
740,1361920,3435248,3,1.6923519935356456e-15,0.00047671887141837089,2.5555873044544598e-16,7.434597879885314e-08,6.160879789917116e-16,28.806842877026302,30.902952001366994,1.8156630653985115,2.5500000000000642
741,1362432,3436784,3,1.6923519935356456e-15,0.00047671887141837089,2.5555873044544598e-16,7.4498819890198808e-08,6.160796790420582e-16,28.809705446817123,30.908282749507332,1.8152548721824806,2.5500000000000642
742,1362944,3438320,3,1.6923519935356456e-15,0.00047671887141837089,2.5555873044544598e-16,7.4651294999126493e-08,6.1613339726902369e-16,28.812572881389912,30.913620013648003,1.8148470576963114,2.5500000000000642
743,1363456,3439856,3,1.6923519935356456e-15,0.00047671887141837089,2.5555873044544598e-16,7.4804785574411014e-08,6.1612873869767372e-16,28.815445182242762,30.91896363004134,1.814439621120679,2.5500000000000642
744,1363968,3441392,3,1.6923519935356456e-15,0.00047671887141837089,2.5555873044544598e-16,7.4956889739177895e-08,6.1609099180968472e-16,28.818322350713618,30.924313447334931,1.8140325616408208,2.5500000000000642
745,1364480,3442928,3,1.6923519935356456e-15,0.00047671887141837089,2.5555873044544598e-16,7.5107195872602905e-08,6.1603957554235343e-16,28.821204387975342,30.929669325205243,1.8136258784463866,2.5500000000000642
746,1364992,3444464,3,1.6923519935356456e-15,0.00047671887141837089,2.5555873044544598e-16,7.5259593202167779e-08,6.1606322042261508e-16,28.824091295031579,30.935031133187696,1.813219570731218,2.5500000000000642
747,1365504,3446000,3,1.6923519935356456e-15,0.00047671887141837089,2.5555873044544598e-16,7.5410209848059222e-08,6.1611345871366826e-16,28.826983072712274,30.940398749668162,1.812813637693184,2.5500000000000642
748,1366016,3447536,3,1.6923519935356456e-15,0.00047671887141837089,2.5555873044544598e-16,7.5562992776295145e-08,6.1602771125851584e-16,28.829879721669954,30.945772061009258,1.8124080785340588,2.5500000000000642
749,1366528,3449072,3,1.6923519935356456e-15,0.00047671887141837089,2.5555873044544598e-16,7.5715367953441231e-08,6.1597746624015784e-16,28.832781242376086,30.951150960788294,1.8120028924593994,2.5500000000000642
750,1367040,3450608,3,1.6923519935356456e-15,0.00047671887141837089,2.5555873044544598e-16,7.5867381101604136e-08,6.158865231989545e-16,28.835687635117846,30.956535349130665,1.8115980786783961,2.5500000000000642
751,1367552,3452144,3,1.6923519935356456e-15,0.00047671887141837089,2.5555873044544598e-16,7.6018381285315139e-08,6.1583014774474406e-16,28.838598899995095,30.961925132122758,1.8111936364038184,2.5500000000000642
752,1368064,3453680,3,1.6923519935356456e-15,0.00047671887141837089,2.5555873044544598e-16,7.617201667314703e-08,6.1577509035760329e-16,28.841515036917755,30.967320221293868,1.8107895648518799,2.5500000000000642
753,1368576,3455216,3,1.6923519935356456e-15,0.00047671887141837089,2.5555873044544598e-16,7.6326351545286202e-08,6.1586552355828126e-16,28.844436045603398,30.972720533156206,1.8103858632422094,2.5500000000000642
754,1369088,3456752,3,1.6923519935356456e-15,0.00047671887141837089,2.5555873044544598e-16,7.647949913971867e-08,6.1580950001772268e-16,28.847361925575242,30.978125988795682,1.8099825307977286,2.5500000000000642
755,1369600,3458288,3,1.6923519935356456e-15,0.00047671887141837089,2.5555873044544598e-16,7.6633162940586374e-08,6.1580230530415227e-16,28.850292676160471,30.983536513506071,1.8095795667446166,2.5500000000000642
756,1370112,3459824,3,1.6923519935356456e-15,0.00047671887141837089,2.5555873044544598e-16,7.6785919788122197e-08,6.1570647184192054e-16,28.85322829648856,30.98895203646153,1.8091769703122162,2.5500000000000642
757,1370624,3461360,3,1.6923519935356456e-15,0.00047671887141837089,2.5555873044544598e-16,7.6939919370305847e-08,6.1563479711359427e-16,28.8561687854904,30.994372490421881,1.8087747407330166,2.5500000000000642
758,1371136,3462896,3,1.6923519935356456e-15,0.00047671887141837089,2.5555873044544598e-16,7.7092455832933431e-08,6.1563678581088321e-16,28.859114141897376,30.999797811466916,1.8083728772425753,2.5500000000000642
759,1371648,3464432,3,1.6923519935356456e-15,0.00047671887141837089,2.5555873044544598e-16,7.7245375280437466e-08,6.1566081936263518e-16,28.862064364240876,31.005227938756441,1.8079713790794738,2.5500000000000642
760,1372160,3465968,3,1.6923519935356456e-15,0.00047671887141837089,2.5555873044544598e-16,7.7398022840394303e-08,6.1570849173296587e-16,28.865019450852198,31.010662814312443,1.80757024548527,2.5500000000000642
761,1372672,3467504,3,1.6923519935356456e-15,0.00047671887141837089,2.5555873044544598e-16,7.7550505226920651e-08,6.1570990318743422e-16,28.867979399862737,31.016102382821668,1.8071694757044601,2.5500000000000642
762,1373184,3469040,3,1.6923519935356456e-15,0.00047671887141837089,2.5555873044544598e-16,7.7702623671931186e-08,6.156427902438639e-16,28.870944209204414,31.021546591455284,1.8067690689844471,2.5500000000000642
763,1373696,3470576,3,1.6923519935356456e-15,0.00047671887141837089,2.5555873044544598e-16,7.7853272813530144e-08,6.1557166490563602e-16,28.873913876610583,31.026995389704766,1.8063690245754838,2.5500000000000642
764,1374208,3472112,3,1.6923519935356456e-15,0.00047671887141837089,2.5555873044544598e-16,7.8009758278740997e-08,6.1551181882775751e-16,28.876888399617332,31.032448729231589,1.805969341730655,2.5500000000000642
765,1374720,3473648,3,1.6923519935356456e-15,0.00047671887141837089,2.5555873044544598e-16,7.816392948405702e-08,6.1546986793647688e-16,28.87986777556474,31.037906563729464,1.8055700197058357,2.5500000000000642
766,1375232,3475184,3,1.6923519935356456e-15,0.00047671887141837089,2.5555873044544598e-16,7.831516743373813e-08,6.1535872247576505e-16,28.882852001599066,31.043368848798007,1.8051710577596671,2.5500000000000642
767,1375744,3476720,3,1.6923519935356456e-15,0.00047671887141837089,2.5555873044544598e-16,7.8468315600629345e-08,6.1535016752830078e-16,28.88584107467474,31.04883554182657,1.8047724551535105,2.5500000000000642
768,1376256,3478256,3,1.6923519935356456e-15,0.00047671887141837089,2.5555873044544598e-16,7.8619777853091665e-08,6.1532225080947492e-16,28.888834991557101,31.054306601886875,1.8043742111514514,2.5500000000000642
769,1376768,3479792,3,1.6923519935356456e-15,0.00047671887141837089,2.5555873044544598e-16,7.8773114640369551e-08,6.1527916898135117e-16,28.891833748825057,31.059781989634459,1.8039763250202381,2.5500000000000642
770,1377280,3481328,3,1.6923519935356456e-15,0.00047671887141837089,2.5555873044544598e-16,7.892540523326631e-08,6.1519253205500867e-16,28.894837342874446,31.065261667217317,1.8035787960292657,2.5500000000000642
771,1377792,3482864,3,1.6923519935356456e-15,0.00047671887141837089,2.5555873044544598e-16,7.9079262621033996e-08,6.1517892311154989e-16,28.897845769921449,31.070745598191035,1.80318162345057,2.5500000000000642
772,1378304,3484400,3,1.6923519935356456e-15,0.00047671887141837089,2.5555873044544598e-16,7.9231434943519929e-08,6.1510002274085311e-16,28.900859026006358,31.076233747440817,1.8027848065587775,2.5500000000000642
773,1378816,3485936,3,1.6923519935356456e-15,0.00047671887141837089,2.5555873044544598e-16,7.9384364867452716e-08,6.1497012900537556e-16,28.903877106997907,31.081726081108442,1.802388344631098,2.5500000000000642
774,1379328,3487472,3,1.6923519935356456e-15,0.00047671887141837089,2.5555873044544598e-16,7.9536288689065992e-08,6.1489580987756618e-16,28.906900008597248,31.087222566524844,1.8019922369473107,2.5500000000000642
775,1379840,3489008,3,1.6923519935356456e-15,0.00047671887141837089,2.5555873044544598e-16,7.9689073025463696e-08,6.1488826615193841e-16,28.909927726342765,31.09272317214695,1.8015964827897166,2.5500000000000642
776,1380352,3490544,3,1.6923519935356456e-15,0.00047671887141837089,2.5555873044544598e-16,7.9842704774713096e-08,6.1485723798031374e-16,28.91296025561503,31.098227867499141,1.8012010814431467,2.550000000000062
777,1380864,3492080,3,1.6923519935356456e-15,0.00047671887141837089,2.5555873044544598e-16,7.999331399468702e-08,6.1484430242649706e-16,28.915997591641617,31.103736623118635,1.8008060321949162,2.550000000000062
778,1381376,3493616,3,1.6923519935356456e-15,0.00047671887141837089,2.5555873044544598e-16,8.0146742367124501e-08,6.149174668877195e-16,28.919039729502472,31.109249410504244,1.8004113343348298,2.550000000000062
779,1381888,3495152,3,1.6923519935356456e-15,0.00047671887141837089,2.5555873044544598e-16,8.0300877945990817e-08,6.1484332374904779e-16,28.92208666413547,31.114766202068573,1.8000169871551452,2.5500000000000291
780,1382400,3496688,3,1.6923519935356456e-15,0.00047671887141837089,2.5555873044544598e-16,8.0451490218644377e-08,6.1474715175022567e-16,28.925138390341843,31.12028697109341,1.7996229899505765,2.550000000000022
781,1382912,3498224,3,1.6923519935356456e-15,0.00047671887141837089,2.5555873044544598e-16,8.0603814836841075e-08,6.1468033180307561e-16,28.92819490279194,31.125740248416701,1.799229363252099,2.5500000000000158
782,1383424,3499760,3,1.6923519935356456e-15,0.00047671887141837089,2.5555873044544598e-16,8.0757315846487303e-08,6.1464355812538902e-16,28.931256196031221,31.131139319649471,1.7988361027511119,2.5500000000000034
783,1383936,3501296,3,1.6923519935356456e-15,0.00047671887141837089,2.5555873044544598e-16,8.0911942099261374e-08,6.1452188757332662e-16,28.934322264486099,31.136505018670078,1.798443201474341,2.5500000000000034
784,1384448,3502832,3,1.6923519935356456e-15,0.00047671887141837089,2.5555873044544598e-16,8.1066039864191679e-08,6.1443359142607292e-16,28.937393102470054,31.141844763685615,1.798050656504236,2.5500000000000034
785,1384960,3504368,3,1.6923519935356456e-15,0.00047671887141837089,2.5555873044544598e-16,8.1218922599309112e-08,6.1431957159674299e-16,28.94046870418952,31.147162829838251,1.7976584658649994,2.5500000000000034
786,1385472,3505904,3,1.6923519935356456e-15,0.00047671887141837089,2.5555873044544598e-16,8.1372335162777875e-08,6.142989003144612e-16,28.943549063750357,31.152462092859892,1.7972666280010048,2.5500000000000034
787,1385984,3507440,3,1.6923519935356456e-15,0.00047671887141837089,2.5555873044544598e-16,8.1528162381094237e-08,6.1419782302474672e-16,28.946634175163755,31.157744657133886,1.7968751415892408,2.5500000000000034
788,1386496,3508976,3,1.6923519935356456e-15,0.00047671887141837089,2.5555873044544598e-16,8.168137358349976e-08,6.1421574640010892e-16,28.949724032352517,31.163012147735511,1.7964840054521016,2.5500000000000034
789,1387008,3510512,3,1.6923519935356456e-15,0.00047671887141837089,2.5555873044544598e-16,8.1834471040520645e-08,6.1415774067630871e-16,28.952818629157001,31.168265867650494,1.7960932185104985,2.5500000000000034
790,1387520,3512048,3,1.6923519935356456e-15,0.00047671887141837089,2.5555873044544598e-16,8.1987225953839792e-08,6.1417828628529853e-16,28.955917959341573,31.17350689105918,1.7957027797559881,2.5500000000000034
791,1388032,3513584,3,1.6923519935356456e-15,0.00047671887141837089,2.5555873044544598e-16,8.2143296919452807e-08,6.1410549451417849e-16,28.959022016600404,31.178736122696481,1.7953126882330914,2.5500000000000034
792,1388544,3515120,3,1.6923519935356456e-15,0.00047671887141837089,2.5555873044544598e-16,8.2295560329232697e-08,6.1400892681929319e-16,28.962130794563578,31.183954337678706,1.7949229430273668,2.5500000000000034
793,1389056,3516656,3,1.6923519935356456e-15,0.00047671887141837089,2.5555873044544598e-16,8.244902669124694e-08,6.1401415377358392e-16,28.96524428680296,31.189162209360667,1.794533543257107,2.5500000000000034
794,1389568,3518192,3,1.6923519935356456e-15,0.00047671887141837089,2.5555873044544598e-16,8.260448898532664e-08,6.140126759766455e-16,28.968362486838224,31.194360329485193,1.7941444880673074,2.5500000000000034
795,1390080,3519728,3,1.6923519935356456e-15,0.00047671887141837089,2.5555873044544598e-16,8.2757058918576331e-08,6.1392556545709057e-16,28.971485388142277,31.199549223168045,1.7937557766251877,2.5500000000000034
796,1390592,3521264,3,1.6923519935356456e-15,0.00047671887141837089,2.5555873044544598e-16,8.2908473113560515e-08,6.1380377006537916e-16,28.974612984147239,31.204729360304221,1.7933674081167503,2.5500000000000034
797,1391104,3522800,3,1.6923519935356456e-15,0.00047671887141837089,2.5555873044544598e-16,8.3062782217249814e-08,6.1377045418359881e-16,28.97774526824978,31.209901164424501,1.7929793817441588,2.5500000000000034
798,1391616,3524336,3,1.6923519935356456e-15,0.00047671887141837089,2.5555873044544598e-16,8.3215171430043543e-08,6.1372049402556425e-16,28.980882233816509,31.215065019689956,1.7925916967236128,2.5500000000000034
799,1392128,3525872,3,1.6923519935356456e-15,0.00047671887141837089,2.5555873044544598e-16,8.3370765351904835e-08,6.1362860391425832e-16,28.98402387418929,31.220221276500403,1.7922043522836677,2.5500000000000034
800,1392640,3527408,3,1.6923519935356456e-15,0.00047671887141837089,2.5555873044544598e-16,8.3524235787917161e-08,6.1355136819284552e-16,28.987170182690434,31.225370256049359,1.7918173476638528,2.5500000000000034
801,1393152,3528944,3,1.6923519935356456e-15,0.00047671887141837089,2.5555873044544598e-16,8.367871542576617e-08,6.1353784816484024e-16,28.990321152627399,31.230512254067516,1.7914306821135519,2.5500000000000034
802,1393664,3530480,3,1.6923519935356456e-15,0.00047671887141837089,2.5555873044544598e-16,8.3832912134119374e-08,6.134894675275724e-16,28.9934767772979,31.235647543931261,1.7910443548910646,2.5500000000000003
803,1394176,3532016,3,1.6923519935356456e-15,0.00047671887141837089,2.5555873044544598e-16,8.3987119209613752e-08,6.1341319879968271e-16,28.996637049994483,31.240776379267761,1.7906583652627734,2.5499999999999958
804,1394688,3533552,3,1.6923519935356456e-15,0.00047671887141837089,2.5555873044544598e-16,8.4139263367129329e-08,6.1336568611398434e-16,28.999801964008956,31.245898996156939,1.7902727125025368,2.5499999999999958
805,1395200,3535088,3,1.6923519935356456e-15,0.00047671887141837089,2.5555873044544598e-16,8.4292644879047873e-08,6.1334849946574225e-16,29.002971512636801,31.251015615007169,1.7898873958910608,2.5499999999999958
806,1395712,3536624,3,1.6923519935356456e-15,0.00047671887141837089,2.5555873044544598e-16,8.444674044434881e-08,6.1328080769607594e-16,29.006145689181238,31.256126442163307,1.7895024147154472,2.5499999999999958
807,1396224,3538160,3,1.6923519935356456e-15,0.00047671887141837089,2.5555873044544598e-16,8.4601285276141813e-08,6.1318503618837963e-16,29.009324486957482,31.261231671295437,1.7891177682687252,2.5499999999999923
808,1396736,3539696,3,1.6923519935356456e-15,0.00047671887141837089,2.5555873044544598e-16,8.4755253775983901e-08,6.131371614172928e-16,29.012507899296242,31.266331484603878,1.7887334558495156,2.5499999999999923
809,1397248,3541232,3,1.6923519935356456e-15,0.00047671887141837089,2.5555873044544598e-16,8.4909763240668356e-08,6.1293406551925146e-16,29.015695919547635,31.271426053871583,1.7883494767616752,2.5499999999999923
810,1397760,3542768,3,1.6923519935356456e-15,0.00047671887141837089,2.5555873044544598e-16,8.5063858629027499e-08,6.1277521352177223e-16,29.018888541084589,31.276515541387091,1.7879658303140304,2.5499999999999923
811,1398272,3544304,3,1.6923519935356456e-15,0.00047671887141837089,2.5555873044544598e-16,8.5214098503821983e-08,6.1266037545572012e-16,29.022085757306108,31.281600100758219,1.7875825158201037,2.5499999999999923
812,1398784,3545840,3,1.6923519935356456e-15,0.00047671887141837089,2.5555873044544598e-16,8.5364990727451139e-08,6.1258279256401929e-16,29.025287561640489,31.28667987763215,1.787199532597908,2.5499999999999923
813,1399296,3547376,3,1.6923519935356456e-15,0.00047671887141837089,2.5555873044544598e-16,8.5520681897043132e-08,6.124934271436522e-16,29.028493947548068,31.291755010335336,1.7868168799697142,2.5499999999999923
814,1399808,3548912,3,1.6923519935356456e-15,0.00047671887141837089,2.5555873044544598e-16,8.5672280845715359e-08,6.1237091056676891e-16,29.031704908524222,31.296825630444719,1.7864345572618918,2.5499999999999923
815,1400320,3550448,3,1.6923519935356456e-15,0.00047671887141837089,2.5555873044544598e-16,8.5827230853834879e-08,6.1230850114664498e-16,29.034920438101668,31.301891863298824,1.7860525638047342,2.5499999999999923
816,1400832,3551984,3,1.6923519935356456e-15,0.00047671887141837089,2.5555873044544598e-16,8.5982254317952627e-08,6.1219921021840414e-16,29.038140529852928,31.306953828456844,1.7856708989323091,2.5499999999999923
817,1401344,3553520,3,1.6923519935356456e-15,0.00047671887141837089,2.5555873044544598e-16,8.6133764050230165e-08,6.1201614425332653e-16,29.041365177392247,31.31201164011253,1.7852895619823419,2.5499999999999923
818,1401856,3555056,3,1.6923519935356456e-15,0.00047671887141837089,2.5555873044544598e-16,8.6284796350177922e-08,6.1189101018617944e-16,29.044594374377571,31.31706540746784,1.7849085522960568,2.5499999999999923
819,1402368,3556592,3,1.6923519935356456e-15,0.00047671887141837089,2.5555873044544598e-16,8.6438940246175943e-08,6.1178142026445891e-16,29.047828114512054,31.322115235072097,1.7845278692181068,2.5499999999999923
820,1402880,3558128,3,1.6923519935356456e-15,0.00047671887141837089,2.5555873044544598e-16,8.6592165158101097e-08,6.1167055076541659e-16,29.051066391545433,31.32716122312948,1.7841475120964356,2.5499999999999923
821,1403392,3559664,3,1.6923519935356456e-15,0.00047671887141837089,2.5555873044544598e-16,8.6747850807369308e-08,6.1144921819735605e-16,29.05430919927506,31.332203467779472,1.7837674802821937,2.5499999999999923
822,1403904,3561200,3,1.6923519935356456e-15,0.00047671887141837089,2.5555873044544598e-16,8.6902481595144226e-08,6.1140280303169651e-16,29.057556531546574,31.337242061353209,1.7833877731296597,2.5499999999999923
823,1404416,3562736,3,1.6923519935356456e-15,0.00047671887141837089,2.5555873044544598e-16,8.7055931485091702e-08,6.1126211589461955e-16,29.060808382254471,31.342277092607201,1.7830083899961591,2.5499999999999909
824,1404928,3564272,3,1.6923519935356456e-15,0.00047671887141837089,2.5555873044544598e-16,8.7209574406827649e-08,6.1118861427328697e-16,29.06406474534214,31.347308646938504,1.7826293302419793,2.5499999999999825
825,1405440,3565808,3,1.6923519935356456e-15,0.00047671887141837089,2.5555873044544598e-16,8.7363039332057173e-08,6.1097126960112068e-16,29.067325614801771,31.352336806581988,1.782250593230305,2.5499999999999696
826,1405952,3567344,3,1.6923519935356456e-15,0.00047671887141837089,2.5555873044544598e-16,8.7517235907270351e-08,6.1086764496993576e-16,29.070590984673814,31.357361650792036,1.7818721783271509,2.549999999999963
827,1406464,3568880,3,1.6923519935356456e-15,0.00047671887141837089,2.5555873044544598e-16,8.7670050874547833e-08,6.1083853398325113e-16,29.07386084904612,31.362383256010183,1.7814940849013114,2.549999999999959
828,1406976,3570416,3,1.6923519935356456e-15,0.00047671887141837089,2.5555873044544598e-16,8.7823086939271221e-08,6.1070940385826359e-16,29.077135202052702,31.367401696019936,1.7811163123242901,2.549999999999959
829,1407488,3571952,3,1.6923519935356456e-15,0.00047671887141837089,2.5555873044544598e-16,8.7976878752756792e-08,6.1063514200624928e-16,29.080414037872483,31.372417042090031,1.7807388599702667,2.549999999999959
830,1408000,3573488,3,1.6923519935356456e-15,0.00047671887141837089,2.5555873044544598e-16,8.8130095732225171e-08,6.105660181542981e-16,29.083697350727263,31.377429363107584,1.7803617272160235,2.549999999999959
831,1408512,3575024,3,1.6923519935356456e-15,0.00047671887141837089,2.5555873044544598e-16,8.8281855345781573e-08,6.1033781845557677e-16,29.086985134879644,31.382438725701132,1.7799849134409138,2.549999999999959
832,1409024,3576560,3,1.6923519935356456e-15,0.00047671887141837089,2.5555873044544598e-16,8.8439165626468762e-08,6.1019513552555217e-16,29.090277384630632,31.387445194355518,1.7796084180268257,2.5499999999999559
833,1409536,3578096,3,1.6923519935356456e-15,0.00047671887141837089,2.5555873044544598e-16,8.8595322802200681e-08,6.1008159358689645e-16,29.093574094316878,31.39244883151849,1.779232240358112,2.5499999999999496
834,1410048,3579632,3,1.6923519935356456e-15,0.00047671887141837089,2.5555873044544598e-16,8.8748948170703456e-08,6.0991953861683845e-16,29.096875258307577,31.397449697700807,1.7788563798215877,2.549999999999927
835,1410560,3581168,3,1.6923519935356456e-15,0.00047671887141837089,2.5555873044544598e-16,8.8903828083851482e-08,6.0988345206774695e-16,29.100180871001303,31.402447851568741,1.7784808358064634,2.5499999999999203
836,1411072,3582704,3,1.6923519935356456e-15,0.00047671887141837089,2.5555873044544598e-16,8.9058926491492839e-08,6.0985099741023124e-16,29.103490926822392,31.40744335003119,1.7781056077043229,2.5499999999998124
837,1411584,3584240,3,1.6923519935356456e-15,0.00047671887141837089,2.5555873044544598e-16,8.9211491157254696e-08,6.0968879379969456e-16,29.106805420217153,31.412436248321136,1.7777306949090879,2.5499999999995495
838,1412096,3585776,3,1.6923519935356456e-15,0.00047671887141837089,2.5555873044544598e-16,8.9364705895894025e-08,6.0956234912302803e-16,29.110124345649833,31.417426600071849,1.7773560968169912,2.549999999999256
839,1412608,3587312,3,1.6923519935356456e-15,0.00047671887141837089,2.5555873044544598e-16,8.9520558978070052e-08,6.0939075760061259e-16,29.113447697598733,31.422414457388435,1.7769818128265358,2.5499999999989704
840,1413120,3588848,3,1.6923519935356456e-15,0.00047671887141837089,2.5555873044544598e-16,8.9676119383772745e-08,6.0933051219483102e-16,29.116775470551381,31.427399870915142,1.7766078423384826,2.5499999999986618
841,1413632,3590384,3,1.6923519935356456e-15,0.00047671887141837089,2.5555873044544598e-16,8.9828389369889332e-08,6.0917568120631994e-16,29.120107659000453,31.432399159158074,1.7762341664980363,2.5499999999983829
842,1414144,3591920,3,1.6923519935356456e-15,0.00047671887141837089,2.5555873044544598e-16,8.9981803065265164e-08,6.0899667219379303e-16,29.123444257438969,31.437409338872669,1.7758607878120263,2.549999999998033
843,1414656,3593456,3,1.6923519935356456e-15,0.00047671887141837089,2.5555873044544598e-16,9.0137062188531358e-08,6.0892201569907835e-16,29.126785260355529,31.44242570679085,1.7754877110842135,2.5499999999977092
844,1415168,3594992,3,1.6923519935356456e-15,0.00047671887141837089,2.5555873044544598e-16,9.0290229485085704e-08,6.0871388771886638e-16,29.130130662229664,31.447446613632113,1.7751149376346962,2.5499999999973548
845,1415680,3596528,3,1.6923519935356456e-15,0.00047671887141837089,2.5555873044544598e-16,9.0444816526170323e-08,6.0857230952732394e-16,29.133480457526836,31.452471124839466,1.7747424679778865,2.5499999999970004
846,1416192,3598064,3,1.6923519935356456e-15,0.00047671887141837089,2.5555873044544598e-16,9.0596833726647268e-08,6.0842082626153648e-16,29.136834640693678,31.457498623549906,1.7743703022709916,2.5499999999966314
847,1416704,3599600,3,1.6923519935356456e-15,0.00047671887141837089,2.5555873044544598e-16,9.0749483037807454e-08,6.083447267502432e-16,29.140193206152944,31.462528667608428,1.7739984404752973,2.5499999999962557
848,1417216,3601136,3,1.6923519935356456e-15,0.00047671887141837089,2.5555873044544598e-16,9.0904574629286593e-08,6.0817136925538111e-16,29.143556148298725,31.467560923099608,1.7736268824310635,2.5499999999958671
849,1417728,3602672,3,1.6923519935356456e-15,0.00047671887141837089,2.5555873044544598e-16,9.1062055850492467e-08,6.0805122663515706e-16,29.146923461491596,31.472595128579499,1.7732556278978799,2.5499999999954643
850,1418240,3604208,3,1.6923519935356456e-15,0.00047671887141837089,2.5555873044544598e-16,9.1219022107758795e-08,6.0791538272457713e-16,29.150295140053633,31.477631073864842,1.772884676578534,2.5499999999950447
851,1418752,3605744,3,1.6923519935356456e-15,0.00047671887141837089,2.5555873044544598e-16,9.1374167681664103e-08,6.0779942474644851e-16,29.153671178263885,31.482668586546605,1.77251402813426,2.549999999994633
852,1419264,3607280,3,1.6923519935356456e-15,0.00047671887141837089,2.5555873044544598e-16,9.1528230676664418e-08,6.0763686684411572e-16,29.157051570353502,31.487707522949162,1.7721436821949021,2.5499999999941823
853,1419776,3608816,3,1.6923519935356456e-15,0.00047671887141837089,2.5555873044544598e-16,9.1684135226351254e-08,6.0753399077261107e-16,29.1604363105013,31.49274776181462,1.7717736383660485,2.5499999999937413
854,1420288,3610352,3,1.6923519935356456e-15,0.00047671887141837089,2.5555873044544598e-16,9.1837691447041552e-08,6.0740859927134772e-16,29.163825392828986,31.49778919974052,1.7714038962342025,2.5499999999932794
855,1420800,3611888,3,1.6923519935356456e-15,0.00047671887141837089,2.5555873044544598e-16,9.1992255720747911e-08,6.07308120123689e-16,29.16721881139722,31.502831747792762,1.7710344553705917,2.5499999999928114
856,1421312,3613424,3,1.6923519935356456e-15,0.00047671887141837089,2.5555873044544598e-16,9.2146713071303381e-08,6.071023025817125e-16,29.170616560201132,31.507875328931831,1.7706653153340921,2.5499999999923175
857,1421824,3614960,3,1.6923519935356456e-15,0.00047671887141837089,2.5555873044544598e-16,9.2300409207416677e-08,6.0693445820039663e-16,29.174018633166224,31.512919876018824,1.7702964756734714,2.5499999999918255
858,1422336,3616496,3,1.6923519935356456e-15,0.00047671887141837089,2.5555873044544598e-16,9.2456330007125675e-08,6.0676272842895898e-16,29.177425024144579,31.517965330244248,1.7699279359291944,2.5499999999913232
859,1422848,3618032,3,1.6923519935356456e-15,0.00047671887141837089,2.5555873044544598e-16,9.2608787997802099e-08,6.065979858715426e-16,29.180835726910964,31.523011639871847,1.7695596956348285,2.5499999999908058
860,1423360,3619568,3,1.6923519935356456e-15,0.00047671887141837089,2.5555873044544598e-16,9.2762480209537212e-08,6.0638730127639003e-16,29.184250735159388,31.528058759221132,1.7691917543182134,2.5499999999902774
861,1423872,3621104,3,1.6923519935356456e-15,0.00047671887141837089,2.5555873044544598e-16,9.2918202501369406e-08,6.0617976192565677e-16,29.187670042499516,31.533106647833627,1.7688241115024055,2.5499999999897227
862,1424384,3622640,3,1.6923519935356456e-15,0.00047671887141837089,2.5555873044544598e-16,9.3072276710923312e-08,6.0608037161264045e-16,29.19109364245352,31.538155269783353,1.768456766706465,2.5499999999891623
863,1424896,3624176,3,1.6923519935356456e-15,0.00047671887141837089,2.5555873044544598e-16,9.3228309875177061e-08,6.0592512874634546e-16,29.194521528452984,31.543204593100803,1.7680897194461089,2.5499999999885903
864,1425408,3625712,3,1.6923519935356456e-15,0.00047671887141837089,2.5555873044544598e-16,9.3384918523535625e-08,6.0570688014671541e-16,29.197953693835998,31.548254589288092,1.7677229692342726,2.5499999999879939
865,1425920,3627248,3,1.6923519935356456e-15,0.00047671887141837089,2.5555873044544598e-16,9.3540578162793719e-08,6.0555378525521372e-16,29.201390131844636,31.553305232907615,1.7673565155815794,2.5499999999873846
866,1426432,3628784,3,1.6923519935356456e-15,0.00047671887141837089,2.5555873044544598e-16,9.3693504292452583e-08,6.0532567944795426e-16,29.204830835622207,31.558356501231316,1.7669903579967454,2.5499999999867669
867,1426944,3630320,3,1.6923519935356456e-15,0.00047671887141837089,2.5555873044544598e-16,9.3848107846803652e-08,6.0518205670504448e-16,29.208275798211247,31.563408373938987,1.766624495986914,2.5499999999861225
868,1427456,3631856,3,1.6923519935356456e-15,0.00047671887141837089,2.5555873044544598e-16,9.4001847896140699e-08,6.0507385788785676e-16,29.211725012551117,31.568460832857649,1.7662589290579729,2.549999999985471
869,1427968,3633392,3,1.6923519935356456e-15,0.00047671887141837089,2.5555873044544598e-16,9.4157627603850501e-08,6.0485951469224191e-16,29.215178471476307,31.573513861735517,1.765893656714802,2.5499999999847991
870,1428480,3634928,3,1.6923519935356456e-15,0.00047671887141837089,2.5555873044544598e-16,9.4312765233589651e-08,6.0471282742610839e-16,29.218636167714529,31.578567446044698,1.7655286784615061,2.5499999999841063
871,1428992,3636464,3,1.6923519935356456e-15,0.00047671887141837089,2.5555873044544598e-16,9.4468527561104947e-08,6.0452018484857477e-16,29.222098093885371,31.583621572808241,1.7651639938016144,2.549999999983398
872,1429504,3638000,3,1.6923519935356456e-15,0.00047671887141837089,2.5555873044544598e-16,9.4624933447177383e-08,6.0437295976640907e-16,29.22556424249878,31.588676230448151,1.7647996022382537,2.5499999999826781
873,1430016,3639536,3,1.6923519935356456e-15,0.00047671887141837089,2.5555873044544598e-16,9.4780106012512615e-08,6.042082024166769e-16,29.229034605953924,31.593731408650935,1.7644355032743166,2.5499999999819387
874,1430528,3641072,3,1.6923519935356456e-15,0.00047671887141837089,2.5555873044544598e-16,9.4936210779212559e-08,6.0405148628354981e-16,29.232509176538382,31.598787098248906,1.7640716964125736,2.549999999981182
875,1431040,3642608,3,1.6923519935356456e-15,0.00047671887141837089,2.5555873044544598e-16,9.5090038354456268e-08,6.0384505149035295e-16,29.235987946427077,31.603843291113886,1.7637081811558164,2.5499999999804071
876,1431552,3644144,3,1.6923519935356456e-15,0.00047671887141837089,2.5555873044544598e-16,9.5246693325135811e-08,6.0365867855412157e-16,29.239470907681916,31.608899980063331,1.7633449570069706,2.5499999999796135
877,1432064,3645680,3,1.6923519935356456e-15,0.00047671887141837089,2.5555873044544598e-16,9.540068212210993e-08,6.0352374712715486e-16,29.242958052251264,31.613957158775655,1.7629820234691755,2.5499999999788008
878,1432576,3647216,3,1.6923519935356456e-15,0.00047671887141837089,2.5555873044544598e-16,9.5556211227329584e-08,6.0343002059087853e-16,29.246449371969593,31.619014821714565,1.7626193800458732,2.5499999999779597
879,1433088,3648752,3,1.6923519935356456e-15,0.00047671887141837089,2.5555873044544598e-16,9.5711029265926988e-08,6.0328214712835956e-16,29.249944858557644,31.624072964061206,1.7622570262409203,2.5499999999770959
880,1433600,3650288,3,1.6923519935356456e-15,0.00047671887141837089,2.5555873044544598e-16,9.5865094209455447e-08,6.0318461500550352e-16,29.253444503622305,31.629131581652601,1.7618949615586115,2.5499999999762171
881,1434112,3651824,3,1.6923519935356456e-15,0.00047671887141837089,2.5555873044544598e-16,9.6020157426930052e-08,6.0303262701737074e-16,29.256948298657125,31.63419067092665,1.7615331855037726,2.5499999999753116
882,1434624,3653360,3,1.6923519935356456e-15,0.00047671887141837089,2.5555873044544598e-16,9.6177233838269743e-08,6.0284501508090403e-16,29.260456235042579,31.639250228871582,1.7611716975818146,2.549999999974387
883,1435136,3654896,3,1.6923519935356456e-15,0.00047671887141837089,2.5555873044544598e-16,9.6333403685289292e-08,6.0267382398499091e-16,29.263968304046927,31.644310252980851,1.7608104972987932,2.5499999999734362
884,1435648,3656432,3,1.6923519935356456e-15,0.00047671887141837089,2.5555873044544598e-16,9.6488405621922384e-08,6.0256565280080552e-16,29.267484496826778,31.649370741211676,1.7604495841614247,2.549999999972469
885,1436160,3657968,3,1.6923519935356456e-15,0.00047671887141837089,2.5555873044544598e-16,9.6642249863521889e-08,6.0239686533019376e-16,29.271004804428266,31.654431691947501,1.7600889576771666,2.5499999999714742
886,1436672,3659504,3,1.6923519935356456e-15,0.00047671887141837089,2.5555873044544598e-16,9.6795281205460614e-08,6.0226379416133885e-16,29.274529217788118,31.659493103963818,1.7597286173542437,2.5499999999704559
887,1437184,3661040,3,1.6923519935356456e-15,0.00047671887141837089,2.5555873044544598e-16,9.695033267582152e-08,6.0203332114411203e-16,29.278057727735007,31.664554976396879,1.7593685627016709,2.5499999999694132
888,1437696,3662576,3,1.6923519935356456e-15,0.00047671887141837089,2.5555873044544598e-16,9.7104413855928034e-08,6.0184635272185014e-16,29.281590324990947,31.66961730871494,1.7590087932292962,2.5499999999683407
889,1438208,3664112,3,1.6923519935356456e-15,0.00047671887141837089,2.5555873044544598e-16,9.7259122350207377e-08,6.016652442086063e-16,29.285127000172967,31.674680100692093,1.7586493084478443,2.5499999999672451
890,1438720,3665648,3,1.6923519935356456e-15,0.00047671887141837089,2.5555873044544598e-16,9.7414156095163806e-08,6.014835947257042e-16,29.288667743794896,31.679743352384463,1.7582901078689159,2.5499999999661203
891,1439232,3667184,3,1.6923519935356456e-15,0.00047671887141837089,2.5555873044544598e-16,9.7571848039301839e-08,6.0132711392546138e-16,29.292212546269138,31.684807064107854,1.7579311910050301,2.549999999964971
892,1439744,3668720,3,1.6923519935356456e-15,0.00047671887141837089,2.5555873044544598e-16,9.7724728730481335e-08,6.0125186158928702e-16,29.295761397908944,31.689871236417623,1.7575725573696452,2.5499999999637937
893,1440256,3670256,3,1.6923519935356456e-15,0.00047671887141837089,2.5555873044544598e-16,9.7881744257797509e-08,6.0103396393395655e-16,29.299314288930397,31.694935870089925,1.7572142064771732,2.549999999962584
894,1440768,3671792,3,1.6923519935356456e-15,0.00047671887141837089,2.5555873044544598e-16,9.8036746684489983e-08,6.0086853105554491e-16,29.302871209454782,31.700000966104625,1.7568561378429999,2.5499999999613516
895,1441280,3673328,3,1.6923519935356456e-15,0.00047671887141837089,2.5555873044544598e-16,9.8192611276989954e-08,6.0066040388958885e-16,29.306432149510933,31.705066525629256,1.7564983509835141,2.5499999999600842
896,1441792,3674864,3,1.6923519935356456e-15,0.00047671887141837089,2.5555873044544598e-16,9.8349420378284019e-08,6.0054204280314674e-16,29.30999709903784,31.710132550004509,1.7561408454161045,2.5499999999587892
897,1442304,3676400,3,1.6923519935356456e-15,0.00047671887141837089,2.5555873044544598e-16,9.8503955264473652e-08,6.0041528238905545e-16,29.313566047887171,31.715199040730614,1.7557836206591768,2.549999999957461
898,1442816,3677936,3,1.6923519935356456e-15,0.00047671887141837089,2.5555873044544598e-16,9.8657945540733215e-08,6.0021014992064722e-16,29.317138985825984,31.720265999454789,1.7554266762321855,2.5499999999561025
899,1443328,3679472,3,1.6923519935356456e-15,0.00047671887141837089,2.5555873044544598e-16,9.8811296651622842e-08,6.0002861295369547e-16,29.320715902539625,31.72533342795964,1.7550700116556242,2.5499999999547143
900,1443840,3681008,3,1.6923519935356456e-15,0.00047671887141837089,2.5555873044544598e-16,9.8969382778711045e-08,5.9988795657093519e-16,29.324296787634346,31.730401328152514,1.7547136264510546,2.5499999999532985
901,1444352,3682544,3,1.6923519935356456e-15,0.00047671887141837089,2.5555873044544598e-16,9.9122996602629087e-08,5.99785648766049e-16,29.327881630640448,31.735535132773823,1.7543574880918362,2.549999999951853
902,1444864,3684080,3,1.6923519935356456e-15,0.00047671887141837089,2.5555873044544598e-16,9.9276129709952126e-08,5.9963392117178812e-16,29.33147042101508,31.740722653445335,1.7540016015449102,2.5499999999503724
903,1445376,3685616,3,1.6923519935356456e-15,0.00047671887141837089,2.5555873044544598e-16,9.9430283812629399e-08,5.9951125287188592e-16,29.335063148145402,31.745944789556333,1.7536459758090959,2.5499999999488532
904,1445888,3687152,3,1.6923519935356456e-15,0.00047671887141837089,2.5555873044544598e-16,9.9587983803715956e-08,5.9933646425116653e-16,29.338659801351525,31.751194727870473,1.7532906137644126,2.5499999999472944
905,1446400,3688688,3,1.6923519935356456e-15,0.00047671887141837089,2.5555873044544598e-16,9.9743231757097688e-08,5.9912266885591234e-16,29.342260369889686,31.756468534408416,1.7529355168738607,2.5499999999457001
906,1446912,3690224,3,1.6923519935356456e-15,0.00047671887141837089,2.5555873044544598e-16,9.9897578590588908e-08,5.9890085900463836e-16,29.345864842955233,31.761763557501549,1.7525806859707826,2.5499999999440681
907,1447424,3691760,3,1.6923519935356456e-15,0.00047671887141837089,2.5555873044544598e-16,1.0005580014103367e-07,5.987365141853873e-16,29.349473209685925,31.767077852553673,1.7522261215420007,2.549999999942393
908,1447936,3693296,3,1.6923519935356456e-15,0.00047671887141837089,2.5555873044544598e-16,1.002111916028844e-07,5.9862642797468628e-16,29.353085459164834,31.772409914547413,1.751871823859446,2.5499999999406784
909,1448448,3694832,3,1.6923519935356456e-15,0.00047671887141837089,2.5555873044544598e-16,1.0036786889164882e-07,5.9844901673259835e-16,29.356701580423728,31.777758534027775,1.7515177930509176,2.5499999999389229
910,1448960,3696368,3,1.6923519935356456e-15,0.00047671887141837089,2.5555873044544598e-16,1.0052192929453858e-07,5.9831953188929969e-16,29.360321562446064,31.78312271164096,1.7511640291421235,2.5499999999371257
911,1449472,3697904,3,1.6923519935356456e-15,0.00047671887141837089,2.5555873044544598e-16,1.0067603374292476e-07,5.9819143510030534e-16,29.363945394170081,31.788501603744436,1.7508105320834053,2.5499999999352831
912,1449984,3699440,3,1.6923519935356456e-15,0.00047671887141837089,2.5555873044544598e-16,1.0083090772678794e-07,5.9809372930829475e-16,29.3675730644919,31.793894485906883,1.7504573017676721,2.5499999999334015
913,1450496,3700976,3,1.6923519935356456e-15,0.00047671887141837089,2.5555873044544598e-16,1.0098773740840765e-07,5.9794487773055083e-16,29.371204562268684,31.799300727373019,1.7501043380429491,2.5499999999314791
914,1451008,3702512,3,1.6923519935356456e-15,0.00047671887141837089,2.5555873044544598e-16,1.0114382786537364e-07,5.9777394969745954e-16,29.37483987632168,31.804719772587799,1.7497516407214555,2.5499999999295087
915,1451520,3704048,3,1.6923519935356456e-15,0.00047671887141837089,2.5555873044544598e-16,1.0129867317816089e-07,5.9755423759560604e-16,29.378478995438982,31.810151127451604,1.7493992095863453,2.5499999999274943
916,1452032,3705584,3,1.6923519935356456e-15,0.00047671887141837089,2.5555873044544598e-16,1.0145747585576593e-07,5.9741853249627265e-16,29.382121908378956,31.815594348854859,1.7490470443968662,2.5499999999254377
917,1452544,3707120,3,1.6923519935356456e-15,0.00047671887141837089,2.5555873044544598e-16,1.016123341325754e-07,5.9724853416895344e-16,29.385768603872755,31.82104903654826,1.7486951448923578,2.5499999999233292
918,1453056,3708656,3,1.6923519935356456e-15,0.00047671887141837089,2.5555873044544598e-16,1.0176819125795817e-07,5.9710829203565898e-16,29.389419070627422,31.82651482671913,1.7483435107953758,2.5499999999211718
919,1453568,3710192,3,1.6923519935356456e-15,0.00047671887141837089,2.5555873044544598e-16,1.0192432077265691e-07,5.9701607531079572e-16,29.39307329732868,31.831991386838752,1.7479921418142552,2.5499999999189669
920,1454080,3711728,3,1.6923519935356456e-15,0.00047671887141837089,2.5555873044544598e-16,1.0208101813260563e-07,5.9686079763182916e-16,29.396731272643731,31.837478411474777,1.7476410376451481,2.5499999999167078
921,1454592,3713264,3,1.6923519935356456e-15,0.00047671887141837089,2.5555873044544598e-16,1.0223935890148759e-07,5.9678080906626248e-16,29.400392985223938,31.842975618847976,1.7472901979737292,2.5499999999144034
922,1455104,3714800,3,1.6923519935356456e-15,0.00047671887141837089,2.5555873044544598e-16,1.023958029536449e-07,5.9663620153898407e-16,29.4040584237075,31.848482747971296,1.7469396224765761,2.549999999912044
923,1455616,3716336,3,1.6923519935356456e-15,0.00047671887141837089,2.5555873044544598e-16,1.0255008863249574e-07,5.9653581918438171e-16,29.407727576722227,31.85399955625024,1.7465893108223842,2.5499999999096246
924,1456128,3717872,3,1.6923519935356456e-15,0.00047671887141837089,2.5555873044544598e-16,1.0270567474246354e-07,5.9640873041836133e-16,29.411400432887788,31.85952581745368,1.7462392626729184,2.5499999999071541
925,1456640,3719408,3,1.6923519935356456e-15,0.00047671887141837089,2.5555873044544598e-16,1.028623061460573e-07,5.9627371499378836e-16,29.41507698081865,31.86506131998399,1.7458894776839065,2.5499999999046299
926,1457152,3720944,3,1.6923519935356456e-15,0.00047671887141837089,2.5555873044544598e-16,1.0301869913489438e-07,5.9610748800260162e-16,29.418757209125992,31.870605865392413,1.7455399555057223,2.5499999999020475
927,1457664,3722480,3,1.6923519935356456e-15,0.00047671887141837089,2.5555873044544598e-16,1.0317820195773634e-07,5.9599310856296274e-16,29.422441106420415,31.876159267096583,1.7451906957840666,2.5499999998994016
928,1458176,3724016,3,1.6923519935356456e-15,0.00047671887141837089,2.5555873044544598e-16,1.033323495027252e-07,5.9582559529299878e-16,29.426128661314294,31.881721349266201,1.7448416981604467,2.5499999998967029
929,1458688,3725552,3,1.6923519935356456e-15,0.00047671887141837089,2.5555873044544598e-16,1.0349048269112658e-07,5.9564120724773306e-16,29.429819862423699,31.887291945849171,1.7444929622727177,2.5499999998939353
930,1459200,3727088,3,1.6923519935356456e-15,0.00047671887141837089,2.5555873044544598e-16,1.0364721098639905e-07,5.9548264827252348e-16,29.433514698370928,31.892870899717238,1.7441444877554628,2.5499999998911118
931,1459712,3728624,3,1.6923519935356456e-15,0.00047671887141837089,2.5555873044544598e-16,1.0380294394287749e-07,5.9536489728994427e-16,29.437213157786406,31.898458061911299,1.7437962742403683,2.5499999998882306
932,1460224,3730160,3,1.6923519935356456e-15,0.00047671887141837089,2.5555873044544598e-16,1.0395952227694331e-07,5.952117685292739e-16,29.440915229310896,31.904053290973668,1.7434483213565648,2.5499999998852858
933,1460736,3731696,3,1.6923519935356456e-15,0.00047671887141837089,2.5555873044544598e-16,1.0411572041209858e-07,5.9504665291340126e-16,29.44462090159756,31.909656452353179,1.743100628730895,2.5499999998822833
934,1461248,3733232,3,1.6923519935356456e-15,0.00047671887141837089,2.5555873044544598e-16,1.0427350652700155e-07,5.9483325923711909e-16,29.448330163313901,31.91526741787489,1.7427531959881886,2.5499999998792116
935,1461760,3734768,3,1.6923519935356456e-15,0.00047671887141837089,2.5555873044544598e-16,1.0443020649727542e-07,5.9471460763579857e-16,29.452043003143746,31.920886065264067,1.7424060227514824,2.5499999998760652
936,1462272,3736304,3,1.6923519935356456e-15,0.00047671887141837089,2.5555873044544598e-16,1.0458547855377249e-07,5.9455719440913495e-16,29.455759409789344,31.926512277718615,1.7420591086422397,2.5499999998728442
937,1462784,3737840,3,1.6923519935356456e-15,0.00047671887141837089,2.5555873044544598e-16,1.0474143726586306e-07,5.9443850124198865e-16,29.459479371973309,31.932145943523302,1.7417124532805315,2.5499999998695513
938,1463296,3739376,3,1.6923519935356456e-15,0.00047671887141837089,2.5555873044544598e-16,1.0489890357018176e-07,5.9423147933796498e-16,29.46320287844053,31.937786955700844,1.7413660562852051,2.5499999998661909
939,1463808,3740912,3,1.6923519935356456e-15,0.00047671887141837089,2.5555873044544598e-16,1.0505465606788648e-07,5.9400026136058601e-16,29.466929917960424,31.943435211695135,1.7410199172740417,2.5499999998627509
940,1464320,3742448,3,1.6923519935356456e-15,0.00047671887141837089,2.5555873044544598e-16,1.052096700343932e-07,5.9388090472996496e-16,29.470660479328831,31.949090613083747,1.7406740358638813,2.5499999998592355
941,1464832,3743984,3,1.6923519935356456e-15,0.00047671887141837089,2.5555873044544598e-16,1.0536383141466913e-07,5.9369421135818145e-16,29.474394551370299,31.954753065314961,1.74032841167078,2.5499999998556411
942,1465344,3745520,3,1.6923519935356456e-15,0.00047671887141837089,2.5555873044544598e-16,1.0551804034501659e-07,5.9349885991923809e-16,29.478132122940362,31.960422477468057,1.7399830443100834,2.5499999998519667
943,1465856,3747056,3,1.6923519935356456e-15,0.00047671887141837089,2.5555873044544598e-16,1.0567391282617157e-07,5.9324668532104009e-16,29.481873182927757,31.966098762033521,1.7396379333965661,2.5499999998482132
944,1466368,3748592,3,1.6923519935356456e-15,0.00047671887141837089,2.5555873044544598e-16,1.0583136695143043e-07,5.9300000992941427e-16,29.485617720256968,31.971781834711226,1.7392930785445169,2.5499999998443843
945,1466880,3750128,3,1.6923519935356456e-15,0.00047671887141837089,2.5555873044544598e-16,1.0598623765709992e-07,5.9285611843681595e-16,29.489365723890863,31.977471614224797,1.7389484793678185,2.5499999998404714
946,1467392,3751664,3,1.6923519935356456e-15,0.00047671887141837089,2.5555873044544598e-16,1.061423773628654e-07,5.9271662961949029e-16,29.493117182833302,31.98316802215075,1.7386041354800414,2.5499999998364764
947,1467904,3753200,3,1.6923519935356456e-15,0.00047671887141837089,2.5555873044544598e-16,1.062965541700372e-07,5.9262188870775138e-16,29.496872086132026,31.988870982760336,1.7382600464945184,2.549999999832381
948,1468416,3754736,3,1.6923519935356456e-15,0.00047671887141837089,2.5555873044544598e-16,1.064526561290872e-07,5.9245133178794945e-16,29.500630422881734,31.994580422873717,1.7379162120243985,2.549999999828211
949,1468928,3756272,3,1.6923519935356456e-15,0.00047671887141837089,2.5555873044544598e-16,1.066108030591006e-07,5.9230347618736183e-16,29.504392182227129,32.000296271724345,1.7375726316827316,2.5499999998239566
950,1469440,3757808,3,1.6923519935356456e-15,0.00047671887141837089,2.5555873044544598e-16,1.0676505973641069e-07,5.9212586168502541e-16,29.508157353366382,32.006018460833637,1.7372293050825169,2.5499999998196006
951,1469952,3759344,3,1.6923519935356456e-15,0.00047671887141837089,2.5555873044544598e-16,1.0692052607803394e-07,5.9195047262811653e-16,29.51192592555434,32.011746923894023,1.7368862318367526,2.5499999998151592
952,1470464,3760880,3,1.6923519935356456e-15,0.00047671887141837089,2.5555873044544598e-16,1.070806028076834e-07,5.9176861544533249e-16,29.515697888106544,32.017481596660481,1.7365434115584937,2.5499999998106189
953,1470976,3762416,3,1.6923519935356456e-15,0.00047671887141837089,2.5555873044544598e-16,1.0723721298129758e-07,5.9159323005903759e-16,29.519473230402522,32.023222416848967,1.736200843860888,2.5499999998059781
954,1471488,3763952,3,1.6923519935356456e-15,0.00047671887141837089,2.5555873044544598e-16,1.0739203114306035e-07,5.9136197038012352e-16,29.52325194189001,32.02896932404213,1.7358585283572459,2.5499999998012406
955,1472000,3765488,3,1.6923519935356456e-15,0.00047671887141837089,2.5555873044544598e-16,1.075523231128619e-07,5.9112382132714501e-16,29.52703401208888,32.03472225960089,1.7355164646610575,2.549999999796396
956,1472512,3767024,3,1.6923519935356456e-15,0.00047671887141837089,2.5555873044544598e-16,1.0770747402667975e-07,5.9097201819449209e-16,29.530819430595308,32.040481166581571,1.7351746523860256,2.5499999997914502
957,1473024,3768560,3,1.6923519935356456e-15,0.00047671887141837089,2.5555873044544598e-16,1.078633279788196e-07,5.9079715525676454e-16,29.534608187085908,32.046245989658651,1.7348330911461334,2.5499999997863929
958,1473536,3770096,3,1.6923519935356456e-15,0.00047671887141837089,2.5555873044544598e-16,1.0802004690571794e-07,5.9057082227850354e-16,29.538400271322121,32.052016675051824,1.7344917805556312,2.5499999997812326
959,1474048,3771632,3,1.6923519935356456e-15,0.00047671887141837089,2.5555873044544598e-16,1.0817564859523727e-07,5.9045866325012269e-16,29.542195673154758,32.057793170457998,1.7341507202291011,2.5499999997759661
960,1474560,3773168,3,1.6923519935356456e-15,0.00047671887141837089,2.5555873044544598e-16,1.0833154728155876e-07,5.9032613703819508e-16,29.545994382528271,32.063575424986908,1.7338099097814783,2.5499999997705936
961,1475072,3774704,3,1.6923519935356456e-15,0.00047671887141837089,2.5555873044544598e-16,1.0848776431392422e-07,5.9017587899491588e-16,29.549796389485241,32.069255870514702,1.7334693763814291,2.5499999997650988
962,1475584,3776240,3,1.6923519935356456e-15,0.00047671887141837089,2.5555873044544598e-16,1.0864410715450768e-07,5.8996339857126641e-16,29.553601684171241,32.074854490765226,1.7331291149661587,2.5499999997594895
963,1476096,3777776,3,1.6923519935356456e-15,0.00047671887141837089,2.5555873044544598e-16,1.0880170579003835e-07,5.8976721146018452e-16,29.557410256838942,32.080402629342544,1.7327891170057368,2.5499999997537728
964,1476608,3779312,3,1.6923519935356456e-15,0.00047671887141837089,2.5555873044544598e-16,1.0895563250776448e-07,5.8966283790742781e-16,29.561222097852937,32.085911440043127,1.7324493792328759,2.5499999997479308
965,1477120,3780848,3,1.6923519935356456e-15,0.00047671887141837089,2.5555873044544598e-16,1.0911408918262917e-07,5.8950591384177424e-16,29.565037197694185,32.091387346620742,1.7321098996000504,2.5499999997419751
966,1477632,3782384,3,1.6923519935356456e-15,0.00047671887141837089,2.5555873044544598e-16,1.092706599971024e-07,5.8932597174366697e-16,29.568855546964457,32.096834666901692,1.731770676602554,2.5499999997358858
967,1478144,3783920,3,1.6923519935356456e-15,0.00047671887141837089,2.5555873044544598e-16,1.0942779740609e-07,5.8917113219900643e-16,29.572677136390819,32.102256557986927,1.7314317090350535,2.5499999997296823
968,1478656,3785456,3,1.6923519935356456e-15,0.00047671887141837089,2.5555873044544598e-16,1.0958241907052048e-07,5.8904001444947981e-16,29.576501956829919,32.107655455759499,1.7310929958784791,2.5499999997233376
969,1479168,3786992,3,1.6923519935356456e-15,0.00047671887141837089,2.5555873044544598e-16,1.0973942689392969e-07,5.8890304887552691e-16,29.580329999272173,32.113033311490547,1.7307545362391688,2.5499999997168654
970,1479680,3788528,3,1.6923519935356456e-15,0.00047671887141837089,2.5555873044544598e-16,1.0989518037262054e-07,5.8881410629308684e-16,29.584161254846265,32.118391732227451,1.7304163293127561,2.5499999997102556
971,1480192,3790064,3,1.6923519935356456e-15,0.00047671887141837089,2.5555873044544598e-16,1.100507969798944e-07,5.8863098004722208e-16,29.587995714822778,32.123732070128078,1.7300783743612089,2.549999999703521
972,1480704,3791600,3,1.6923519935356456e-15,0.00047671887141837089,2.5555873044544598e-16,1.1020869824747643e-07,5.8851866449429735e-16,29.591833370618332,32.129055482397696,1.7297406706974339,2.5499999996966412
973,1481216,3793136,3,1.6923519935356456e-15,0.00047671887141837089,2.5555873044544598e-16,1.1036564439365982e-07,5.8835717998805632e-16,29.595674213799452,32.134362973211793,1.7294032176744758,2.5499999996896201
974,1481728,3794672,3,1.6923519935356456e-15,0.00047671887141837089,2.5555873044544598e-16,1.1052181255105871e-07,5.8804959563023896e-16,29.599518236086048,32.139655424040441,1.7290660146777606,2.5499999996824574
975,1482240,3796208,3,1.6923519935356456e-15,0.00047671887141837089,2.5555873044544598e-16,1.1067865194496147e-07,5.8787384702118226e-16,29.60336542935503,32.144933616198863,1.7287290611192816,2.5499999996751446
976,1482752,3797744,3,1.6923519935356456e-15,0.00047671887141837089,2.5555873044544598e-16,1.1083722338826397e-07,5.8773033242567523e-16,29.607215785643557,32.150198248012885,1.7283923564331916,2.5499999996676848
977,1483264,3799280,3,1.6923519935356456e-15,0.00047671887141837089,2.5555873044544598e-16,1.1099514440567277e-07,5.8753576032011586e-16,29.611069297152262,32.155449948146476,1.7280559000723881,2.5499999996600753
978,1483776,3800816,3,1.6923519935356456e-15,0.00047671887141837089,2.5555873044544598e-16,1.1115469880054264e-07,5.873503784625806e-16,29.614925956248342,32.160689286128189,1.7277196915057935,2.5499999996523086
979,1484288,3802352,3,1.6923519935356456e-15,0.00047671887141837089,2.5555873044544598e-16,1.1131433619152249e-07,5.8714181131408684e-16,29.618785755468018,32.165916780789843,1.7273837302161952,2.5499999996443901
980,1484800,3803888,3,1.6923519935356456e-15,0.00047671887141837089,2.5555873044544598e-16,1.1147520019159441e-07,5.8700231174987557e-16,29.622648687519632,32.171132907121255,1.7270480156985106,2.5499999996363072
981,1485312,3805424,3,1.6923519935356456e-15,0.00047671887141837089,2.5555873044544598e-16,1.1163370606842106e-07,5.8679810144567866e-16,29.626514745285746,32.176338101902644,1.7267125474583045,2.549999999628044
982,1485824,3806960,3,1.6923519935356456e-15,0.00047671887141837089,2.5555873044544598e-16,1.1178752785792829e-07,5.8668573407764337e-16,29.63038392182553,32.181532768381899,1.7263773250106098,2.5499999996196356
983,1486336,3808496,3,1.6923519935356456e-15,0.00047671887141837089,2.5555873044544598e-16,1.1194446405547255e-07,5.8653192956211133e-16,29.634256210376801,32.186717280194188,1.7260423478789078,2.5499999996110656
984,1486848,3810032,3,1.6923519935356456e-15,0.00047671887141837089,2.5555873044544598e-16,1.1210206548217328e-07,5.8638512699475524e-16,29.638131604357802,32.191891984674569,1.7257076155942879,2.5499999996023099
985,1487360,3811568,3,1.6923519935356456e-15,0.00047671887141837089,2.5555873044544598e-16,1.1225900302673032e-07,5.8621300976674878e-16,29.642010097368985,32.197057205679627,1.7253731276947275,2.54999999959339
986,1487872,3813104,3,1.6923519935356456e-15,0.00047671887141837089,2.5555873044544598e-16,1.1241614059791456e-07,5.8598848561922994e-16,29.645891683194492,32.202213246006735,1.7250388837244526,2.5499999995842852
987,1488384,3814640,3,1.6923519935356456e-15,0.00047671887141837089,2.5555873044544598e-16,1.125713992441318e-07,5.858046152597807e-16,29.649776355803318,32.207360389482361,1.7247048832334222,2.5499999995750002
988,1488896,3816176,3,1.6923519935356456e-15,0.00047671887141837089,2.5555873044544598e-16,1.1272989299437398e-07,5.85652988775425e-16,29.653664109350441,32.21249890277489,1.7243711257768415,2.5499999995655349
989,1489408,3817712,3,1.6923519935356456e-15,0.00047671887141837089,2.5555873044544598e-16,1.1288591540637794e-07,5.8553919468239177e-16,29.657554938177814,32.217629036976888,1.7240376109147826,2.5499999995558711
990,1489920,3819248,3,1.6923519935356456e-15,0.00047671887141837089,2.5555873044544598e-16,1.1304333338303533e-07,5.8531885610108419e-16,29.661448836814923,32.22275102899291,1.723704338211802,2.5499999995460172
991,1490432,3820784,3,1.6923519935356456e-15,0.00047671887141837089,2.5555873044544598e-16,1.1319842524990182e-07,5.8515825583153093e-16,29.665345799979306,32.227865102763168,1.7233713072366341,2.5499999995359817
992,1490944,3822320,3,1.6923519935356456e-15,0.00047671887141837089,2.5555873044544598e-16,1.1335438260240286e-07,5.8498977094746465e-16,29.669245822576872,32.232971470345532,1.7230385175619274,2.5499999995257392
993,1491456,3823856,3,1.6923519935356456e-15,0.00047671887141837089,2.5555873044544598e-16,1.135110279978425e-07,5.8478152630247456e-16,29.673148899702003,32.23807033287779,1.7227059687639741,2.5499999995152827
994,1491968,3825392,3,1.6923519935356456e-15,0.00047671887141837089,2.5555873044544598e-16,1.1366793206093541e-07,5.8465796959766978e-16,29.677055026637102,32.243161881435967,1.7223736604225046,2.5499999995046405
995,1492480,3826928,3,1.6923519935356456e-15,0.00047671887141837089,2.5555873044544598e-16,1.1382313576542439e-07,5.8449293799232811e-16,29.680964198852656,32.248246297801956,1.7220415921204832,2.5499999994937808
996,1492992,3828464,3,1.6923519935356456e-15,0.00047671887141837089,2.5555873044544598e-16,1.1397733233066291e-07,5.8436033359890793e-16,29.68487641200624,32.253323755153559,1.7217097634439358,2.5499999994827158
997,1493504,3830000,3,1.6923519935356456e-15,0.00047671887141837089,2.5555873044544598e-16,1.1413574390358459e-07,5.8418146417310938e-16,29.688791661941668,32.25839441868613,1.7213781739817833,2.5499999994714311
998,1494016,3831536,3,1.6923519935356456e-15,0.00047671887141837089,2.5555873044544598e-16,1.1429355573272732e-07,5.8403906903085212e-16,29.692709944687849,32.263458446173637,1.7210468233257006,2.5499999994599305
999,1494528,3833072,3,1.6923519935356456e-15,0.00047671887141837089,2.5555873044544598e-16,1.1445306168110731e-07,5.8382408546173384e-16,29.696631256457206,32.268515988477404,1.7207157110699847,2.5499999994481959
1000,1495040,3834608,3,1.6923519935356456e-15,0.00047671887141837089,2.5555873044544598e-16,1.1460822439798369e-07,5.8371252882117173e-16,29.700555593643845,32.273567190008528,1.720384836811425,2.5499999994362414
1001,1495552,3836144,3,1.6923519935356456e-15,0.00047671887141837089,2.5555873044544598e-16,1.1476440350886028e-07,5.8351974111221471e-16,29.704482952821415,32.278612189148241,1.7200542001492172,2.5499999994240579
1002,1496064,3837680,3,1.6923519935356456e-15,0.00047671887141837089,2.5555873044544598e-16,1.1492250403805647e-07,5.8336911114139024e-16,29.708413330740427,32.283651118632349,1.7197238006848476,2.5499999994116402
1003,1496576,3839216,3,1.6923519935356456e-15,0.00047671887141837089,2.5555873044544598e-16,1.150771537586034e-07,5.8316535542463871e-16,29.712346724325521,32.288684105902313,1.7193936380219956,2.5499999993989864
1004,1497088,3840752,3,1.6923519935356456e-15,0.00047671887141837089,2.5555873044544598e-16,1.1523335437137748e-07,5.82957606454706e-16,29.716283130671997,32.293711273427391,1.7190637117664682,2.5499999993860873
1005,1497600,3842288,3,1.6923519935356456e-15,0.00047671887141837089,2.5555873044544598e-16,1.153931319640097e-07,5.828284110664606e-16,29.720222547042212,32.298732739000855,1.7187340215261104,2.5499999993729401
1006,1498112,3843824,3,1.6923519935356456e-15,0.00047671887141837089,2.5555873044544598e-16,1.1555413235367916e-07,5.8267759909651432e-16,29.724164970861359,32.303748616011731,1.7184045669107308,2.5499999993595424
1007,1498624,3845360,3,1.6923519935356456e-15,0.00047671887141837089,2.5555873044544598e-16,1.1571098084360447e-07,5.8250519588373578e-16,29.728110399712847,32.308759013696395,1.7180753475320503,2.5499999993458751
1008,1499136,3846896,3,1.6923519935356456e-15,0.00047671887141837089,2.5555873044544598e-16,1.1586974331508982e-07,5.8232271246060455e-16,29.732058831333418,32.313764037370269,1.7177463630036269,2.549999999331952
1009,1499648,3848432,3,1.6923519935356456e-15,0.00047671887141837089,2.5555873044544598e-16,1.1602713344726702e-07,5.8211464836070785e-16,29.736010263607835,32.318763788642528,1.7174176129408107,2.5499999993177709
1010,1500160,3849968,3,1.6923519935356456e-15,0.00047671887141837089,2.5555873044544598e-16,1.1618535459612329e-07,5.8182218476109038e-16,29.739964694562765,32.323758365614921,1.717089096960678,2.5499999993033144
1011,1500672,3851504,3,1.6923519935356456e-15,0.00047671887141837089,2.5555873044544598e-16,1.1634422941957666e-07,5.8167838946701235e-16,29.743922122360857,32.328747863066205,1.7167608146819948,2.5499999992885938
1012,1501184,3853040,3,1.6923519935356456e-15,0.00047671887141837089,2.5555873044544598e-16,1.1650313626949483e-07,5.8144758144809979e-16,29.747882545293884,32.33373237262397,1.7164327657251688,2.5499999992735893
1013,1501696,3854576,3,1.6923519935356456e-15,0.00047671887141837089,2.5555873044544598e-16,1.1665930575482454e-07,5.8121924047597712e-16,29.751845961775885,32.33871198292416,1.716104949712195,2.5499999992583087
1014,1502208,3856112,3,1.6923519935356456e-15,0.00047671887141837089,2.5555873044544598e-16,1.1681649493229746e-07,5.810556582590897e-16,29.755812370335846,32.343686779759999,1.7157773662666402,2.5499999992427349
1015,1502720,3857648,3,1.6923519935356456e-15,0.00047671887141837089,2.5555873044544598e-16,1.1697309525398334e-07,5.8083240332974794e-16,29.759781769609649,32.348656846220877,1.715450015013581,2.549999999226864
1016,1503232,3859184,3,1.6923519935356456e-15,0.00047671887141837089,2.5555873044544598e-16,1.1713102669577919e-07,5.8066840272102928e-16,29.76375415833256,32.353622262822178,1.7151228955795808,2.5499999992106974
1017,1503744,3860720,3,1.6923519935356456e-15,0.00047671887141837089,2.5555873044544598e-16,1.1728914367839386e-07,5.8044104151849278e-16,29.767729535330549,32.358583107626927,1.7147960075926567,2.5499999991942257
1018,1504256,3862256,3,1.6923519935356456e-15,0.00047671887141837089,2.5555873044544598e-16,1.17448766960434e-07,5.8024992194848794e-16,29.771707899511942,32.36353945635932,1.7144693506822499,2.5499999991774507
1019,1504768,3863792,3,1.6923519935356456e-15,0.00047671887141837089,2.5555873044544598e-16,1.1760854387478934e-07,5.8005264392834976e-16,29.77568924985853,32.368491382511607,1.7141429244791881,2.549999999160371
1020,1505280,3865328,3,1.6923519935356456e-15,0.00047671887141837089,2.5555873044544598e-16,1.1776643432506946e-07,5.7981492852480738e-16,29.779673585416656,32.373438957444279,1.7138167286156574,2.5499999991429667
1021,1505792,3866864,3,1.6923519935356456e-15,0.00047671887141837089,2.5555873044544598e-16,1.1792500802698192e-07,5.7968746761152188e-16,29.783660905288009,32.378541406281926,1.7134907872891492,2.5499999991252369
1022,1506304,3868400,3,1.6923519935356456e-15,0.00047671887141837089,2.5555873044544598e-16,1.1808405319941327e-07,5.7950726198530368e-16,29.787651208620495,32.38376914381697,1.7131650959646008,2.5499999991071776
1023,1506816,3869936,3,1.6923519935356456e-15,0.00047671887141837089,2.5555873044544598e-16,1.1823966437093112e-07,5.79321892134812e-16,29.79164449459871,32.389075769202464,1.7128396470149641,2.5499999990887834
1024,1507328,3871472,3,1.6923519935356456e-15,0.00047671887141837089,2.5555873044544598e-16,1.1839864216626898e-07,5.7916745995075375e-16,29.79564076243464,32.394444767796188,1.7125144375064452,2.5499999990700548
1025,1507840,3873008,3,1.6923519935356456e-15,0.00047671887141837089,2.5555873044544598e-16,1.1855871912229985e-07,5.7899598462782733e-16,29.799640011358228,32.39986662664343,1.7121894655935965,2.5499999990509741
1026,1508352,3874544,3,1.6923519935356456e-15,0.00047671887141837089,2.5555873044544598e-16,1.1871756409159588e-07,5.7887600980894536e-16,29.80364224060779,32.405334950099167,1.7118647299157241,2.5499999990315416
1027,1508864,3876080,3,1.6923519935356456e-15,0.00047671887141837089,2.5555873044544598e-16,1.1887629555446542e-07,5.786738976095981e-16,29.807647449420799,32.410845060682803,1.7115402293798256,2.5499999990117641
1028,1509376,3877616,3,1.6923519935356456e-15,0.00047671887141837089,2.5555873044544598e-16,1.19035196635127e-07,5.7847079638011922e-16,29.811655637024401,32.416393348494395,1.7112159630596753,2.549999998991618
1029,1509888,3879152,3,1.6923519935356456e-15,0.00047671887141837089,2.5555873044544598e-16,1.191960328570719e-07,5.7830940171990988e-16,29.815666802626172,32.4219769209774,1.7108919301415564,2.5499999989711082
1030,1510400,3880688,3,1.6923519935356456e-15,0.00047671887141837089,2.5555873044544598e-16,1.1935406010981372e-07,5.7818419120964197e-16,29.81968094540504,32.427593395109497,1.7105681298920432,2.5499999989502191
1031,1510912,3882224,3,1.6923519935356456e-15,0.00047671887141837089,2.5555873044544598e-16,1.1951242659900698e-07,5.7803386171863736e-16,29.823698064502242,32.433240765166914,1.7102445616374722,2.5499999989289517
1032,1511424,3883760,3,1.6923519935356456e-15,0.00047671887141837089,2.5555873044544598e-16,1.1967011682880454e-07,5.7784326596075541e-16,29.827718159012552,32.438917314003142,1.7099212247502042,2.5499999989073006
1033,1511936,3885296,3,1.6923519935356456e-15,0.00047671887141837089,2.5555873044544598e-16,1.1982645621468621e-07,5.7771836868698337e-16,29.831741227975531,32.444621550993894,1.7095981186390004,2.5499999988852564
1034,1512448,3886832,3,1.6923519935356456e-15,0.00047671887141837089,2.5555873044544598e-16,1.1998218518693851e-07,5.7753204889710635e-16,29.835767270367263,32.450352167151117,1.7092752427420177,2.5499999988628099
1035,1512960,3888368,3,1.6923519935356456e-15,0.00047671887141837089,2.5555873044544598e-16,1.201409932404516e-07,5.7743672122350746e-16,29.839796285092088,32.456108001743019,1.7089525965216594,2.5499999988399642
1036,1513472,3889904,3,1.6923519935356456e-15,0.00047671887141837089,2.5555873044544598e-16,1.2029920651626538e-07,5.7733300529226242e-16,29.843828270974594,32.461888016886036,1.7086301794606022,2.5499999988167059
1037,1513984,3891440,3,1.6923519935356456e-15,0.00047671887141837089,2.5555873044544598e-16,1.2045388513426966e-07,5.7718165213293803e-16,29.847863226751961,32.467691277817764,1.7083079910587275,2.5499999987930289
1038,1514496,3892976,3,1.6923519935356456e-15,0.00047671887141837089,2.5555873044544598e-16,1.2061029060704423e-07,5.7703148123442883e-16,29.85190115106661,32.47351693731639,1.7079860308306791,2.549999998768929
1039,1515008,3894512,3,1.6923519935356456e-15,0.00047671887141837089,2.5555873044544598e-16,1.2077009030655874e-07,5.7687461827674302e-16,29.855942042458963,32.479364223209572,1.7076642983039292,2.5499999987443926
1040,1515520,3896048,3,1.6923519935356456e-15,0.00047671887141837089,2.5555873044544598e-16,1.2092899479421723e-07,5.7673387237753082e-16,29.859985899360666,32.48523242822921,1.7073427930171967,2.5499999987194215
1041,1516032,3897584,3,1.6923519935356456e-15,0.00047671887141837089,2.5555873044544598e-16,1.2108600217353724e-07,5.7665011047250361e-16,29.864032720088016,32.491120901673902,1.7070215145191243,2.5499999986940112
1042,1516544,3899120,3,1.6923519935356456e-15,0.00047671887141837089,2.5555873044544598e-16,1.2124327181702596e-07,5.764839881907502e-16,29.868082502835772,32.497029042487121,1.7067004623671871,2.549999998668143
1043,1517056,3900656,3,1.6923519935356456e-15,0.00047671887141837089,2.5555873044544598e-16,1.2140500913153948e-07,5.7620918310067784e-16,29.872135245671213,32.502956293455014,1.7063796361268091,2.5499999986418125
1044,1517568,3902192,3,1.6923519935356456e-15,0.00047671887141837089,2.5555873044544598e-16,1.2156416740056888e-07,5.7604924056249619e-16,29.876190946528467,32.508902136303583,1.7060590353705578,2.5499999986150192
1045,1518080,3903728,3,1.6923519935356456e-15,0.00047671887141837089,2.5555873044544598e-16,1.2172192847907528e-07,5.7581928950916057e-16,29.880249603203527,32.514866087522698,1.7057386596775042,2.5499999985877491
1046,1518592,3905264,3,1.6923519935356456e-15,0.00047671887141837089,2.5555873044544598e-16,1.2187705862478368e-07,5.7557331143079114e-16,29.88431121334882,32.520847694785154,1.7054185086326588,2.5499999985599975
1047,1519104,3906800,3,1.6923519935356456e-15,0.00047671887141837089,2.5555873044544598e-16,1.220347828907232e-07,5.7539705175336286e-16,29.88837577446898,32.526846533856236,1.7050985818264495,2.5499999985317578
1048,1519616,3908336,3,1.6923519935356456e-15,0.00047671887141837089,2.5555873044544598e-16,1.22193386802845e-07,5.7524559535155826e-16,29.892443283916485,32.532862205910057,1.7047788788543303,2.5499999985030195
1049,1520128,3909872,3,1.6923519935356456e-15,0.00047671887141837089,2.5555873044544598e-16,1.2235076289156829e-07,5.7512260882622713e-16,29.896513738887457,32.538894335188154,1.7044593993163948,2.5499999984737798
1050,1520640,3911408,3,1.6923519935356456e-15,0.00047671887141837089,2.5555873044544598e-16,1.2251019625304651e-07,5.748746605651973e-16,29.900587136418338,32.54494256694511,1.7041401428170397,2.549999998444028
1051,1521152,3912944,3,1.6923519935356456e-15,0.00047671887141837089,2.5555873044544598e-16,1.2266988965738004e-07,5.7470501824865891e-16,29.904663473382378,32.551006565638154,1.7038211089646835,2.5499999984137491
1052,1521664,3914480,3,1.6923519935356456e-15,0.00047671887141837089,2.5555873044544598e-16,1.2282689799340004e-07,5.7450282867561264e-16,29.908742746486858,32.557086013324778,1.7035022973714977,2.549999998382952
1053,1522176,3916016,3,1.6923519935356456e-15,0.00047671887141837089,2.5555873044544598e-16,1.2298400101062737e-07,5.7435150592810046e-16,29.912824952270437,32.563180608239151,1.7031837076531822,2.5499999983516117
1054,1522688,3917552,3,1.6923519935356456e-15,0.00047671887141837089,2.5555873044544598e-16,1.2314442469191092e-07,5.7415177804455714e-16,29.916910087100995,32.56929006352189,1.7028653394287612,2.5499999983197288
1055,1523200,3919088,3,1.6923519935356456e-15,0.00047671887141837089,2.5555873044544598e-16,1.2330198600313127e-07,5.739735142506763e-16,29.920998147173787,32.575414106083265,1.7025471923203896,2.5499999982872947
1056,1523712,3920624,3,1.6923519935356456e-15,0.00047671887141837089,2.5555873044544598e-16,1.2346018198201727e-07,5.7375787145092156e-16,29.92508912851018,32.581552475582185,1.702229265953201,2.5499999982542936
1057,1524224,3922160,3,1.6923519935356456e-15,0.00047671887141837089,2.5555873044544598e-16,1.2361803505464433e-07,5.7353285839442425e-16,29.929183026956579,32.587704923506571,1.7019115599551371,2.5499999982207213
1058,1524736,3923696,3,1.6923519935356456e-15,0.00047671887141837089,2.5555873044544598e-16,1.237769428816455e-07,5.7337738374307433e-16,29.933279838184156,32.593871212342108,1.7015940739568227,2.5499999981865789
1059,1525248,3925232,3,1.6923519935356456e-15,0.00047671887141837089,2.5555873044544598e-16,1.2393651239202838e-07,5.7325188567768363e-16,29.937379557688729,32.6000511148195,1.7012768075914388,2.5499999981518453
1060,1525760,3926768,3,1.6923519935356456e-15,0.00047671887141837089,2.5555873044544598e-16,1.2409526379294219e-07,5.730221101611213e-16,29.941482180791429,32.606244413230336,1.7009597604945994,2.5499999981165224
1061,1526272,3928304,3,1.6923519935356456e-15,0.00047671887141837089,2.5555873044544598e-16,1.2425466223703893e-07,5.7288463144438293e-16,29.945587702639695,32.612450898804489,1.7006429323042642,2.5499999980805885
1062,1526784,3929840,3,1.6923519935356456e-15,0.00047671887141837089,2.5555873044544598e-16,1.2441518868594328e-07,5.7277763262069477e-16,29.949696118209193,32.618670371141242,1.7003263226606233,2.5499999980440338
1063,1527296,3931376,3,1.6923519935356456e-15,0.00047671887141837089,2.5555873044544598e-16,1.2457326583540382e-07,5.7255389843066091e-16,29.953807422305918,32.624902637689516,1.7000099312060259,2.5499999980068662
1064,1527808,3932912,3,1.6923519935356456e-15,0.00047671887141837089,2.5555873044544598e-16,1.2473369404691772e-07,5.7230343000879858e-16,29.957921609569237,32.631147513270811,1.6996937575848947,2.5499999979690573
1065,1528320,3934448,3,1.6923519935356456e-15,0.00047671887141837089,2.5555873044544598e-16,1.2489390389144047e-07,5.7205649669838036e-16,29.962038674475494,32.637404819641304,1.6993778014436385,2.5499999979306089
1066,1528832,3935984,3,1.6923519935356456e-15,0.00047671887141837089,2.5555873044544598e-16,1.2505158978269462e-07,5.7190943301983169e-16,29.966158611342067,32.643674385088637,1.6990620624305983,2.5499999978915056
1067,1529344,3937520,3,1.6923519935356456e-15,0.00047671887141837089,2.5555873044544598e-16,1.2521086461993744e-07,5.7174045311986759e-16,29.970281414332486,32.64995604406031,1.6987465401959754,2.5499999978517383
1068,1529856,3939056,3,1.6923519935356456e-15,0.00047671887141837089,2.5555873044544598e-16,1.2537125019455039e-07,5.7160275094804156e-16,29.974407077461962,32.656249636819965,1.6984312343917789,2.5499999978113066
1069,1530368,3940592,3,1.6923519935356456e-15,0.00047671887141837089,2.5555873044544598e-16,1.2553112612995751e-07,5.7143374199335844e-16,29.978535594603507,32.662555009130116,1.6981161446717505,2.549999997770187
1070,1530880,3942128,3,1.6923519935356456e-15,0.00047671887141837089,2.5555873044544598e-16,1.256868461571082e-07,5.7122641546068715e-16,29.982666959494935,32.66887201195739,1.6978012706913361,2.5499999977283725
1071,1531392,3943664,3,1.6923519935356456e-15,0.00047671887141837089,2.5555873044544598e-16,1.2584380042439955e-07,5.710677422505425e-16,29.986801165746428,32.675200501199299,1.6974866121076289,2.5499999976858603
1072,1531904,3945200,3,1.6923519935356456e-15,0.00047671887141837089,2.5555873044544598e-16,1.2600394656207e-07,5.7101766350841232e-16,29.990938206848586,32.681540337430221,1.6971721685793151,2.5499999976426362
1073,1532416,3946736,3,1.6923519935356456e-15,0.00047671887141837089,2.5555873044544598e-16,1.2616519801089557e-07,5.7084722790627944e-16,29.995078076181368,32.687891385664926,1.6968579397666443,2.5499999975986829
1074,1532928,3948272,3,1.6923519935356456e-15,0.00047671887141837089,2.5555873044544598e-16,1.2632442767854115e-07,5.7065779648265785e-16,29.999220767023196,32.694253515137966,1.6965439253313865,2.5499999975539969
1075,1533440,3949808,3,1.6923519935356456e-15,0.00047671887141837089,2.5555873044544598e-16,1.2648582415111667e-07,5.7051021280477191e-16,30.003366272561088,32.700626599098094,1.696230124936783,2.5499999975085639
1076,1533952,3951344,3,1.6923519935356456e-15,0.00047671887141837089,2.5555873044544598e-16,1.2664626212131749e-07,5.7031897766858821e-16,30.007514585900793,32.70701051461598,1.6959165382475259,2.5499999974623804
1077,1534464,3952880,3,1.6923519935356456e-15,0.00047671887141837089,2.5555873044544598e-16,1.268057541051735e-07,5.7015996922411328e-16,30.011665700077813,32.713405142404255,1.6956031649297236,2.5499999974154255
1078,1534976,3954416,3,1.6923519935356456e-15,0.00047671887141837089,2.5555873044544598e-16,1.269674370100852e-07,5.7011325673225997e-16,30.015819608068576,32.71981036664873,1.6952900046508519,2.5499999973676939
1079,1535488,3955952,3,1.6923519935356456e-15,0.00047671887141837089,2.5555873044544598e-16,1.2712594591487167e-07,5.7002416468862297e-16,30.019976302802011,32.726226074850658,1.6949770570797462,2.5499999973191696
1080,1536000,3957488,3,1.6923519935356456e-15,0.00047671887141837089,2.5555873044544598e-16,1.2728416986096955e-07,5.6981929939955259e-16,30.024135777171516,32.732652157678139,1.6946643218865571,2.5499999972698477
1081,1536512,3959024,3,1.6923519935356456e-15,0.00047671887141837089,2.5555873044544598e-16,1.2744274860312107e-07,5.6964195196023175e-16,30.028298024047285,32.738960830505718,1.6943517556318719,2.5499999972197074
1082,1537024,3960560,3,1.6923519935356456e-15,0.00047671887141837089,2.5555873044544598e-16,1.2760379439787647e-07,5.6945391452335042e-16,30.032463036288455,32.745175777884512,1.6940393653050194,2.5499999971687481
1083,1537536,3962096,3,1.6923519935356456e-15,0.00047671887141837089,2.5555873044544598e-16,1.277659735854906e-07,5.6928691281935889e-16,30.036630806756044,32.751334175521563,1.6937271633288311,2.5499999971169509
1084,1538048,3963632,3,1.6923519935356456e-15,0.00047671887141837089,2.5555873044544598e-16,1.2792707942249495e-07,5.691952804846737e-16,30.040801328325411,32.757449224968425,1.6934151538914506,2.549999997064301
1085,1538560,3965168,3,1.6923519935356456e-15,0.00047671887141837089,2.5555873044544598e-16,1.2808385622063581e-07,5.6899360075861513e-16,30.044974593899152,32.763528512039478,1.693103339274139,2.5499999970108016
1086,1539072,3966704,3,1.6923519935356456e-15,0.00047671887141837089,2.5555873044544598e-16,1.2824500142632208e-07,5.6881805987528976e-16,30.049150596419882,32.769577122898369,1.692791720910666,2.5499999969564118
1087,1539584,3968240,3,1.6923519935356456e-15,0.00047671887141837089,2.5555873044544598e-16,1.2840381793054059e-07,5.6865092677236546e-16,30.053329328883251,32.775598766438549,1.6924802997682651,2.5499999969011462
1088,1540096,3969776,3,1.6923519935356456e-15,0.00047671887141837089,2.5555873044544598e-16,1.2856213785888839e-07,5.6857615776816278e-16,30.057510784350239,32.781596296153388,1.6921690765246467,2.5499999968449831
1089,1540608,3971312,3,1.6923519935356456e-15,0.00047671887141837089,2.5555873044544598e-16,1.2872069418841261e-07,5.6843645738647076e-16,30.06169495596021,32.787571991063835,1.6918580516632531,2.5499999967879052
1090,1541120,3972848,3,1.6923519935356456e-15,0.00047671887141837089,2.5555873044544598e-16,1.2888054010789942e-07,5.6826736883504073e-16,30.065881836943156,32.793527722389484,1.6915472255297566,2.5499999967299076
1091,1541632,3974384,3,1.6923519935356456e-15,0.00047671887141837089,2.5555873044544598e-16,1.2904068253846581e-07,5.6816414664661085e-16,30.070071420632107,32.799465059594922,1.69123659836799,2.5499999966709654
1092,1542144,3975920,3,1.6923519935356456e-15,0.00047671887141837089,2.5555873044544598e-16,1.2920168583336341e-07,5.6800096742177811e-16,30.074263700475093,32.805385341529082,1.6909261703440917,2.5499999966110671
1093,1542656,3977456,3,1.6923519935356456e-15,0.00047671887141837089,2.5555873044544598e-16,1.2935955691849168e-07,5.6775396508701519e-16,30.078458670046974,32.811289726174891,1.6906159415633255,2.5499999965502105
1094,1543168,3978992,3,1.6923519935356456e-15,0.00047671887141837089,2.5555873044544598e-16,1.2952040746404833e-07,5.6761146780733932e-16,30.082656323061101,32.817179226626614,1.6903059120823158,2.5499999964883697
1095,1543680,3980528,3,1.6923519935356456e-15,0.00047671887141837089,2.5555873044544598e-16,1.296798624575283e-07,5.6739952363583368e-16,30.086856653380394,32.823054737838547,1.6899960819180824,2.549999996425544
1096,1544192,3982064,3,1.6923519935356456e-15,0.00047671887141837089,2.5555873044544598e-16,1.2983736520188202e-07,5.6726178164947832e-16,30.091059655028189,32.828917056979932,1.6896864510549814,2.5499999963617093
1097,1544704,3983600,3,1.6923519935356456e-15,0.00047671887141837089,2.5555873044544598e-16,1.2999592319327133e-07,5.6704671269981118e-16,30.095265322198873,32.834766899233301,1.6893770194500246,2.5499999962968545
1098,1545216,3985136,3,1.6923519935356456e-15,0.00047671887141837089,2.5555873044544598e-16,1.3015859560440304e-07,5.6686705459607266e-16,30.099473649267942,32.840604910268603,1.6890677870371424,2.5499999962309641
1099,1545728,3986672,3,1.6923519935356456e-15,0.00047671887141837089,2.5555873044544598e-16,1.3031833235860887e-07,5.6674161587442857e-16,30.103684630801723,32.846431676239177,1.6887587537305557,2.5499999961640234
1100,1546240,3988208,3,1.6923519935356456e-15,0.00047671887141837089,2.5555873044544598e-16,1.3048064585979021e-07,5.664590551906317e-16,30.107898261566689,32.852247731897542,1.6884499194275362,2.5499999960960174
1101,1546752,3989744,3,1.6923519935356456e-15,0.00047671887141837089,2.5555873044544598e-16,1.3063961443767488e-07,5.6628529064536004e-16,30.112114536538378,32.858053567261393,1.6881412840106791,2.5499999960269393
1102,1547264,3991280,3,1.6923519935356456e-15,0.00047671887141837089,2.5555873044544598e-16,1.3079913513554123e-07,5.6612858709442555e-16,30.116333450909906,32.863849633145932,1.6878328473497686,2.549999995956759
1103,1547776,3992816,3,1.6923519935356456e-15,0.00047671887141837089,2.5555873044544598e-16,1.3095837551944109e-07,5.6594629074335974e-16,30.120555000099735,32.869636345797893,1.6875246093033747,2.5499999958854729
1104,1548288,3994352,3,1.6923519935356456e-15,0.00047671887141837089,2.5555873044544598e-16,1.311169708125893e-07,5.6574748707259223e-16,30.124779179759479,32.87541409080945,1.687216569720152,2.549999995813061
1105,1548800,3995888,3,1.6923519935356456e-15,0.00047671887141837089,2.5555873044544598e-16,1.3127988253142661e-07,5.655304332125724e-16,30.12900598578091,32.881183226449807,1.6869087284399966,2.5499999957395145
1106,1549312,3997424,3,1.6923519935356456e-15,0.00047671887141837089,2.5555873044544598e-16,1.3144151669668016e-07,5.6537921967875047e-16,30.133235414302632,32.886944086520153,1.6866010852950004,2.5499999956648041
1107,1549824,3998960,3,1.6923519935356456e-15,0.00047671887141837089,2.5555873044544598e-16,1.3160259961885476e-07,5.6516733361022051e-16,30.137467461716081,32.89269698281641,1.6862936401103166,2.5499999955889274
1108,1550336,4000496,3,1.6923519935356456e-15,0.00047671887141837089,2.5555873044544598e-16,1.3176025214964173e-07,5.6495550108871052e-16,30.141702124671504,32.898442207265084,1.6859863927048566,2.5499999955118633
1109,1550848,4002032,3,1.6923519935356456e-15,0.00047671887141837089,2.5555873044544598e-16,1.3192015777223906e-07,5.647257843859822e-16,30.145939400082952,32.904180033786659,1.685679342891931,2.5499999954335895
1110,1551360,4003568,3,1.6923519935356456e-15,0.00047671887141837089,2.5555873044544598e-16,1.3208141945246368e-07,5.6456873550652902e-16,30.150179285133213,32.909910719928483,1.6853724904798213,2.5499999953540864
1111,1551872,4005104,3,1.6923519935356456e-15,0.00047671887141837089,2.5555873044544598e-16,1.3224289735295916e-07,5.6441399232194749e-16,30.15442177727812,32.915634508302823,1.6850658352722607,2.5499999952733643
1112,1552384,4006640,3,1.6923519935356456e-15,0.00047671887141837089,2.5555873044544598e-16,1.3240445607682347e-07,5.6431689327337856e-16,30.158666874250201,32.921351627858506,1.6847593770688596,2.5499999951913797
1113,1552896,4008176,3,1.6923519935356456e-15,0.00047671887141837089,2.5555873044544598e-16,1.3256420324197224e-07,5.6405866010064384e-16,30.162914574062267,32.927062295009961,1.6844531156654992,2.5499999951081254
1114,1553408,4009712,3,1.6923519935356456e-15,0.00047671887141837089,2.5555873044544598e-16,1.3272426001015866e-07,5.6385029748548124e-16,30.167164875010162,32.932766714643428,1.6841470508546801,2.5499999950235845
1115,1553920,4011248,3,1.6923519935356456e-15,0.00047671887141837089,2.5555873044544598e-16,1.3288308299356935e-07,5.6360722854316502e-16,30.171417775675007,32.938465081016616,1.6838411824258179,2.5499999949377306
1116,1554432,4012784,3,1.6923519935356456e-15,0.00047671887141837089,2.5555873044544598e-16,1.3304360528520889e-07,5.6343201788584981e-16,30.175673274925249,32.944157578566333,1.6835355101655234,2.5499999948505487
1117,1554944,4014320,3,1.6923519935356456e-15,0.00047671887141837089,2.5555873044544598e-16,1.3320250469012759e-07,5.6326601760031205e-16,30.179931371917746,32.949844382634474,1.6832300338578416,2.5499999947620262
1118,1555456,4015856,3,1.6923519935356456e-15,0.00047671887141837089,2.5555873044544598e-16,1.3336352416479105e-07,5.6307442468912637e-16,30.184192066098714,32.955525660124557,1.6829247532844978,2.5499999946721452
1119,1555968,4017392,3,1.6923519935356456e-15,0.00047671887141837089,2.5555873044544598e-16,1.3352430039566135e-07,5.6292879919331959e-16,30.188455357203786,32.961201570094829,1.6826196682250716,2.549999994580888
1120,1556480,4018928,3,1.6923519935356456e-15,0.00047671887141837089,2.5555873044544598e-16,1.3368472014953095e-07,5.6270521189246795e-16,30.192721245257733,32.966872264296967,1.6823147784572188,2.5499999944882248
1121,1556992,4020464,3,1.6923519935356456e-15,0.00047671887141837089,2.5555873044544598e-16,1.3384460385649924e-07,5.6251396334044868e-16,30.196989730573467,32.972537887666256,1.6820100837567902,2.5499999943941507
1122,1557504,4022000,3,1.6923519935356456e-15,0.00047671887141837089,2.5555873044544598e-16,1.3400433410202258e-07,5.6240597591314391e-16,30.201260813750274,32.978198578767845,1.6817055838980268,2.5499999942986387
1123,1558016,4023536,3,1.6923519935356456e-15,0.00047671887141837089,2.5555873044544598e-16,1.3416353822499763e-07,5.6227216848892034e-16,30.205534495671959,32.983854470205635,1.6814012786536692,2.5499999942016789
1124,1558528,4025072,3,1.6923519935356456e-15,0.00047671887141837089,2.5555873044544598e-16,1.3432571778904675e-07,5.6208753641244922e-16,30.209810777503552,32.989505688995649,1.6810971677951061,2.5499999941032416
1125,1559040,4026608,3,1.6923519935356456e-15,0.00047671887141837089,2.5555873044544598e-16,1.3448947236752032e-07,5.6193312963188306e-16,30.214089660688138,32.995152356909124,1.6807932510924801,2.5499999940033162
1126,1559552,4028144,3,1.6923519935356456e-15,0.00047671887141837089,2.5555873044544598e-16,1.3464989549109027e-07,5.6172518111755226e-16,30.218371146942474,33.000794590787827,1.680489528314798,2.5499999939018756
1127,1560064,4029680,3,1.6923519935356456e-15,0.00047671887141837089,2.5555873044544598e-16,1.3481106509826432e-07,5.6155821292083789e-16,30.222655238252248,33.006432502834613,1.680185999230025,2.5499999937989042
1128,1560576,4031216,3,1.6923519935356456e-15,0.00047671887141837089,2.5555873044544598e-16,1.3497097830247059e-07,5.6138502451332523e-16,30.226941936866641,33.01206620088108,1.6798826636051916,2.5499999936943771
1129,1561088,4032752,3,1.6923519935356456e-15,0.00047671887141837089,2.5555873044544598e-16,1.3513128437470664e-07,5.6124024174007923e-16,30.231231245292207,33.01769578863545,1.6795795212064559,2.5499999935882842
1130,1561600,4034288,3,1.6923519935356456e-15,0.00047671887141837089,2.5555873044544598e-16,1.3529373231348793e-07,5.6106929545731568e-16,30.2355231662861,33.023321365911499,1.6792765717991989,2.5499999934805886
1131,1562112,4035824,3,1.6923519935356456e-15,0.00047671887141837089,2.5555873044544598e-16,1.3545391408064386e-07,5.6090617819994304e-16,30.239817702848672,33.02894302884102,1.6789738151480873,2.5499999933712711
1132,1562624,4037360,3,1.6923519935356456e-15,0.00047671887141837089,2.5555873044544598e-16,1.3561428792418931e-07,5.6071854874404946e-16,30.244114858215628,33.034560870071303,1.6786712510171478,2.5499999932603226
1133,1563136,4038896,3,1.6923519935356456e-15,0.00047671887141837089,2.5555873044544598e-16,1.3577521173318987e-07,5.6059265566114217e-16,30.248414635849482,33.040174978948144,1.6783688791698144,2.5499999931477149
1134,1563648,4040432,3,1.6923519935356456e-15,0.00047671887141837089,2.5555873044544598e-16,1.3593524452055896e-07,5.6042555229148348e-16,30.252717039430355,33.045785441686704,1.6780666993690254,2.5499999930334321
1135,1564160,4041968,3,1.6923519935356456e-15,0.00047671887141837089,2.5555873044544598e-16,1.3609333935118853e-07,5.6019697329813955e-16,30.257022072846638,33.051392341530502,1.6777647113772078,2.5499999929174448
1136,1564672,4043504,3,1.6923519935356456e-15,0.00047671887141837089,2.5555873044544598e-16,1.3625535472886482e-07,5.5996455406710305e-16,30.261329740184827,33.056995758900072,1.6774629149563995,2.5499999927997354
1137,1565184,4045040,3,1.6923519935356456e-15,0.00047671887141837089,2.5555873044544598e-16,1.3641778221785841e-07,5.5971663645052999e-16,30.265640045719,33.062595771531491,1.6771613098682578,2.5499999926802723
1138,1565696,4046576,3,1.6923519935356456e-15,0.00047671887141837089,2.5555873044544598e-16,1.3658142952103222e-07,5.5960513557357339e-16,30.269952993900063,33.068192454606425,1.6768598958741079,2.5499999925590422
1139,1566208,4048112,3,1.6923519935356456e-15,0.00047671887141837089,2.5555873044544598e-16,1.3673783305265122e-07,5.5943336701511983e-16,30.27426858934453,33.073785880873352,1.6765586727349879,2.5499999924360237
1140,1566720,4049648,3,1.6923519935356456e-15,0.00047671887141837089,2.5555873044544598e-16,1.3689827609171404e-07,5.5927864094283722e-16,30.278586836822885,33.079376120761935,1.6762576402116849,2.549999992311184
1141,1567232,4051184,3,1.6923519935356456e-15,0.00047671887141837089,2.5555873044544598e-16,1.3706004434241867e-07,5.5904305441784821e-16,30.282907741247854,33.085002500920837,1.6759568474739521,2.5499999921845
1142,1567744,4052720,3,1.6923519935356456e-15,0.00047671887141837089,2.5555873044544598e-16,1.3721897036840383e-07,5.5889673196421422e-16,30.287231307662562,33.090657773152635,1.6756562858986743,2.5499999920559659
1143,1568256,4054256,3,1.6923519935356456e-15,0.00047671887141837089,2.5555873044544598e-16,1.373799216363423e-07,5.5863933796621094e-16,30.291557541227963,33.096330539845418,1.675355940632854,2.5499999919255405
1144,1568768,4055792,3,1.6923519935356456e-15,0.00047671887141837089,2.5555873044544598e-16,1.3754044453166561e-07,5.5841971160033546e-16,30.295886447210741,33.1020167738304,1.6750558062639425,2.5499999917932068
1145,1569280,4057328,3,1.6923519935356456e-15,0.00047671887141837089,2.5555873044544598e-16,1.3770087375712539e-07,5.5821208759929873e-16,30.300218030971067,33.107714173600108,1.6747558795663113,2.5499999916589404
1146,1569792,4058864,3,1.6923519935356456e-15,0.00047671887141837089,2.5555873044544598e-16,1.378614741486179e-07,5.5799304976596673e-16,30.304552297949833,33.113421205223325,1.6744561582870161,2.5499999915227103
1147,1570304,4060400,3,1.6923519935356456e-15,0.00047671887141837089,2.5555873044544598e-16,1.3802386375125078e-07,5.5785263512027812e-16,30.308889253656243,33.119136757281126,1.6741566407091359,2.5499999913845031
1148,1570816,4061936,3,1.6923519935356456e-15,0.00047671887141837089,2.5555873044544598e-16,1.3818582285276279e-07,5.5766784990553375e-16,30.313228903655482,33.124859980444242,1.6738573254488787,2.5499999912442854
1149,1571328,4063472,3,1.6923519935356456e-15,0.00047671887141837089,2.5555873044544598e-16,1.3834750183372998e-07,5.574831356473763e-16,30.31757125355632,33.130590201133614,1.673558211346426,2.5499999911020241
1150,1571840,4065008,3,1.6923519935356456e-15,0.00047671887141837089,2.5555873044544598e-16,1.3850657546560099e-07,5.5733854388176597e-16,30.321916308998755,33.13632687030956,1.6732592974011562,2.5499999909577014
1151,1572352,4066544,3,1.6923519935356456e-15,0.00047671887141837089,2.5555873044544598e-16,1.3866857506683463e-07,5.5715046446546855e-16,30.326264075641937,33.142069530900429,1.6729605827304657,2.5499999908112954
1152,1572864,4068080,3,1.6923519935356456e-15,0.00047671887141837089,2.5555873044544598e-16,1.3882722810459055e-07,5.5697218130392915e-16,30.330614559152192,33.147817795962034,1.672662066542115,2.5499999906627782
1153,1573376,4069616,3,1.6923519935356456e-15,0.00047671887141837089,2.5555873044544598e-16,1.3898773336298028e-07,5.5687043077320659e-16,30.334967765191248,33.153571333412437,1.6723637481149114,2.5499999905121165
1154,1573888,4071152,3,1.6923519935356456e-15,0.00047671887141837089,2.5555873044544598e-16,1.3915082522157487e-07,5.567491562403248e-16,30.339323699404773,33.159329854999847,1.6720656267847342,2.5499999903592943
1155,1574400,4072688,3,1.6923519935356456e-15,0.00047671887141837089,2.5555873044544598e-16,1.3931251984714574e-07,5.5651482248683585e-16,30.343682367410953,33.165093108106248,1.6717677019341302,2.549999990204276
1156,1574912,4074224,3,1.6923519935356456e-15,0.00047671887141837089,2.5555873044544598e-16,1.394747835713043e-07,5.563422215649662e-16,30.348043774789584,33.170860869516176,1.6714699729844062,2.549999990047032
1157,1575424,4075760,3,1.6923519935356456e-15,0.00047671887141837089,2.5555873044544598e-16,1.3963424574393737e-07,5.5619976984484752e-16,30.352407927071308,33.176632940584284,1.6711724393894758,2.5499999898875325
1158,1575936,4077296,3,1.6923519935356456e-15,0.00047671887141837089,2.5555873044544598e-16,1.3979718445940878e-07,5.5607384565865673e-16,30.356774829727193,33.182409143424643,1.6708751006310285,2.5499999897257646
1159,1576448,4078832,3,1.6923519935356456e-15,0.00047671887141837089,2.5555873044544598e-16,1.3995816071083475e-07,5.5595991511313417e-16,30.361144488158626,33.188189317860143,1.6705779562146226,2.5499999895616838
1160,1576960,4080368,3,1.6923519935356456e-15,0.00047671887141837089,2.5555873044544598e-16,1.4012154525544365e-07,5.5577046163351703e-16,30.365516907687695,33.193973318949517,1.6702810056665331,2.5499999893952712
1161,1577472,4081904,3,1.6923519935356456e-15,0.00047671887141837089,2.5555873044544598e-16,1.4028268081953685e-07,5.5550039570674323e-16,30.369892093547556,33.19976101495832,1.6699842485311589,2.5499999892264982
1162,1577984,4083440,3,1.6923519935356456e-15,0.00047671887141837089,2.5555873044544598e-16,1.4044500581239386e-07,5.5544428567411184e-16,30.374270050873601,33.205552285678337,1.6696876843688599,2.5499999890553333
1163,1578496,4084976,3,1.6923519935356456e-15,0.00047671887141837089,2.5555873044544598e-16,1.4060555547103095e-07,5.5528412561974083e-16,30.378650784694869,33.211347021021382,1.6693913127541535,2.5499999888817428
1164,1579008,4086512,3,1.6923519935356456e-15,0.00047671887141837089,2.5555873044544598e-16,1.4076567580468971e-07,5.5508682645479824e-16,30.383034299925534,33.217145119834463,1.6690951332741855,2.5499999887057023
1165,1579520,4088048,3,1.6923519935356456e-15,0.00047671887141837089,2.5555873044544598e-16,1.4092862538646897e-07,5.5498033711620629e-16,30.387420601357061,33.222946488892674,1.668799145527438,2.5499999885271762
1166,1580032,4089584,3,1.6923519935356456e-15,0.00047671887141837089,2.5555873044544598e-16,1.4109127245762751e-07,5.5478860950382773e-16,30.391809693650849,33.228751042037864,1.6685033491226091,2.5499999883461366
1167,1580544,4091120,3,1.6923519935356456e-15,0.00047671887141837089,2.5555873044544598e-16,1.4125110606231236e-07,5.5456915523029375e-16,30.396201581331024,33.234558699437287,1.6682077436776435,2.5499999881625546
1168,1581056,4092656,3,1.6923519935356456e-15,0.00047671887141837089,2.5555873044544598e-16,1.414102274979582e-07,5.5438495632504497e-16,30.400596268777612,33.240369386942092,1.6679123288189082,2.5499999879763973
1169,1581568,4094192,3,1.6923519935356456e-15,0.00047671887141837089,2.5555873044544598e-16,1.4156928820960876e-07,5.5418384080725001e-16,30.404993760220304,33.246183035528745,1.6676171041804613,2.5499999877876269
1170,1582080,4095728,3,1.6923519935356456e-15,0.00047671887141837089,2.5555873044544598e-16,1.4173015828554966e-07,5.5397223388632739e-16,30.409394059732481,33.251999580811002,1.6673220694033983,2.5499999875962311
1171,1582592,4097264,3,1.6923519935356456e-15,0.00047671887141837089,2.5555873044544598e-16,1.4189017238040593e-07,5.5380274030074054e-16,30.413797171225596,33.257818962610671,1.6670272241353032,2.5499999874021566
1172,1583104,4098800,3,1.6923519935356456e-15,0.00047671887141837089,2.5555873044544598e-16,1.420540192851997e-07,5.536655778901136e-16,30.41820309844406,33.263641124579649,1.6667325680297458,2.5499999872053838
1173,1583616,4100336,3,1.6923519935356456e-15,0.00047671887141837089,2.5555873044544598e-16,1.4221525771926238e-07,5.5344955159520971e-16,30.422611844960425,33.269466013864601,1.6664381007458404,2.5499999870058745
1174,1584128,4101872,3,1.6923519935356456e-15,0.00047671887141837089,2.5555873044544598e-16,1.4237724127170178e-07,5.5321835477555985e-16,30.427023414170925,33.275293580809588,1.6661438219478377,2.549999986803591
1175,1584640,4103408,3,1.6923519935356456e-15,0.00047671887141837089,2.5555873044544598e-16,1.4253491009501165e-07,5.5303572528396467e-16,30.431437809291531,33.28112377869013,1.665849731304778,2.5499999865985092
1176,1585152,4104944,3,1.6923519935356456e-15,0.00047671887141837089,2.5555873044544598e-16,1.4269503737710529e-07,5.5280436608488316e-16,30.435855033354258,33.286956563476203,1.6655558284901895,2.5499999863905924
1177,1585664,4106480,3,1.6923519935356456e-15,0.00047671887141837089,2.5555873044544598e-16,1.428556972045609e-07,5.5266940291486045e-16,30.440275089203951,33.292791893618556,1.6652621131817578,2.5499999861798068
1178,1586176,4108016,3,1.6923519935356456e-15,0.00047671887141837089,2.5555873044544598e-16,1.4301413132715304e-07,5.5248679461976847e-16,30.444697979495349,33.298629729857232,1.6649685850611211,2.5499999859661111
1179,1586688,4109552,3,1.6923519935356456e-15,0.00047671887141837089,2.5555873044544598e-16,1.4317849579883893e-07,5.5224883786043298e-16,30.449123706690791,33.30447003504861,1.6646752438135863,2.5499999857494755
1180,1587200,4111088,3,1.6923519935356456e-15,0.00047671887141837089,2.5555873044544598e-16,1.4334215633621813e-07,5.5205268293184679e-16,30.453552273057845,33.31031277400858,1.6643820891279426,2.5499999855298698
1181,1587712,4112624,3,1.6923519935356456e-15,0.00047671887141837089,2.5555873044544598e-16,1.4350460204587975e-07,5.5199262762250975e-16,30.457983680667809,33.316157913370688,1.6640891206962694,2.5499999853072528
1182,1588224,4114160,3,1.6923519935356456e-15,0.00047671887141837089,2.5555873044544598e-16,1.436636170501688e-07,5.5185065816807522e-16,30.462417931394313,33.322005421457384,1.6637963382137448,2.5499999850815902
1183,1588736,4115696,3,1.6923519935356456e-15,0.00047671887141837089,2.5555873044544598e-16,1.4382489553379238e-07,5.5169185833467337e-16,30.46685502691231,33.327855268162487,1.6635037413784834,2.5499999848528514
1184,1589248,4117232,3,1.6923519935356456e-15,0.00047671887141837089,2.5555873044544598e-16,1.4398508827567638e-07,5.515559647415579e-16,30.471294968697695,33.333707424843737,1.6632113298913953,2.549999984620988
1185,1589760,4118768,3,1.6923519935356456e-15,0.00047671887141837089,2.5555873044544598e-16,1.4414896354146425e-07,5.5139866371418955e-16,30.475737758026856,33.339561864225189,1.6629191034560529,2.5499999843859693
1186,1590272,4120304,3,1.6923519935356456e-15,0.00047671887141837089,2.5555873044544598e-16,1.4431395984714498e-07,5.5119417918669488e-16,30.480183395977036,33.345418560307145,1.6626270617785419,2.5499999841477563
1187,1590784,4121840,3,1.6923519935356456e-15,0.00047671887141837089,2.5555873044544598e-16,1.4447483158495097e-07,5.5107228105010411e-16,30.484631883426932,33.351277488284012,1.6623352045673745,2.5499999839063134
1188,1591296,4123376,3,1.6923519935356456e-15,0.00047671887141837089,2.5555873044544598e-16,1.446374705454099e-07,5.5095301903472796e-16,30.489083221057438,33.357138624468419,1.6620435315333555,2.5499999836616087
1189,1591808,4124912,3,1.6923519935356456e-15,0.00047671887141837089,2.5555873044544598e-16,1.4480177721610956e-07,5.5078267728528287e-16,30.493537409352943,33.363001946221488,1.661752042389504,2.5499999834135889
1190,1592320,4126448,3,1.6923519935356456e-15,0.00047671887141837089,2.5555873044544598e-16,1.4496323144630321e-07,5.5053516207269076e-16,30.497994448603016,33.368867431888752,1.6614607368509409,2.5499999831622229
1191,1592832,4127984,3,1.6923519935356456e-15,0.00047671887141837089,2.5555873044544598e-16,1.4512434742970517e-07,5.5030465947729469e-16,30.502454338904172,33.374735060740605,1.6611696146348163,2.5499999829074764
1192,1593344,4129520,3,1.6923519935356456e-15,0.00047671887141837089,2.5555873044544598e-16,1.4528977941465634e-07,5.5015550959754236e-16,30.50691708016236,33.380604812917689,1.6608786754602354,2.5499999826493003
1193,1593856,4131056,3,1.6923519935356456e-15,0.00047671887141837089,2.5555873044544598e-16,1.454506294181119e-07,5.4999978160274281e-16,30.511382672095223,33.386476669379491,1.6605879190481658,2.5499999823876607
1194,1594368,4132592,3,1.6923519935356456e-15,0.00047671887141837089,2.5555873044544598e-16,1.4561451911159492e-07,5.4985712801824291e-16,30.515851114235097,33.392350611858092,1.6602973451213752,2.5499999821225194
1195,1594880,4134128,3,1.6923519935356456e-15,0.00047671887141837089,2.5555873044544598e-16,1.4577865523035396e-07,5.4963801931879687e-16,30.52032240593212,33.39822662281356,1.6600069534043687,2.5499999818538326
1196,1595392,4135664,3,1.6923519935356456e-15,0.00047671887141837089,2.5555873044544598e-16,1.4594104904055863e-07,5.4948608739799998e-16,30.524796546357504,33.404104685393747,1.6597167436233262,2.5499999815815575
1197,1595904,4137200,3,1.6923519935356456e-15,0.00047671887141837089,2.5555873044544598e-16,1.4610181899866883e-07,5.4932615073409315e-16,30.529273534507162,33.409984783396517,1.6594267155060505,2.5499999813056551
1198,1596416,4138736,3,1.6923519935356456e-15,0.00047671887141837089,2.5555873044544598e-16,1.4626648577801279e-07,5.491417884218993e-16,30.533753369205492,33.415866901234182,1.6591368687819112,2.5499999810260801
1199,1596928,4140272,3,1.6923519935356456e-15,0.00047671887141837089,2.5555873044544598e-16,1.4642609289893535e-07,5.4888958705019132e-16,30.538236049109521,33.421751023900718,1.6588472031817862,2.5499999807427871
1200,1597440,4141808,3,1.6923519935356456e-15,0.00047671887141837089,2.5555873044544598e-16,1.4658974482081041e-07,5.4873253286514999e-16,30.542721572713006,33.427637136941335,1.6585577184380156,2.5499999804557461
1201,1597952,4143344,3,1.6923519935356456e-15,0.00047671887141837089,2.5555873044544598e-16,1.4675272264128577e-07,5.4856619505114822e-16,30.547209938350683,33.433450600036331,1.6582683600926795,2.5499999801649071
1202,1598464,4144880,3,1.6923519935356456e-15,0.00047671887141837089,2.5555873044544598e-16,1.4691003580118025e-07,5.484069767031305e-16,30.551701144203054,33.439205303514498,1.6579791370737322,2.5499999798702291
1203,1598976,4146416,3,1.6923519935356456e-15,0.00047671887141837089,2.5555873044544598e-16,1.4707242531967904e-07,5.4829470438331748e-16,30.556195188300816,33.444923021966673,1.6576900651473701,2.5499999795716577
1204,1599488,4147952,3,1.6923519935356456e-15,0.00047671887141837089,2.5555873044544598e-16,1.4723655240399821e-07,5.4810260965138096e-16,30.560692068529669,33.450611516283502,1.6574011497252079,2.5499999792691583
1205,1600000,4149488,3,1.6923519935356456e-15,0.00047671887141837089,2.5555873044544598e-16,1.474011570039139e-07,5.4790081346087709e-16,30.5651917826352,33.456275263963434,1.6571123938212282,2.5499999789626813
1206,1600512,4151024,3,1.6923519935356456e-15,0.00047671887141837089,2.5555873044544598e-16,1.4756246635087019e-07,5.4770880876238038e-16,30.569694328227751,33.461917280466714,1.6568237993836552,2.5499999786521941
1207,1601024,4152560,3,1.6923519935356456e-15,0.00047671887141837089,2.5555873044544598e-16,1.477270752711147e-07,5.4751519688426522e-16,30.574199702787471,33.467539775270957,1.6565353677739287,2.5499999783376355
1208,1601536,4154096,3,1.6923519935356456e-15,0.00047671887141837089,2.5555873044544598e-16,1.4788916709631985e-07,5.4730630604319566e-16,30.578707903669251,33.473144456933078,1.6562470999892474,2.5499999780189593
1209,1602048,4155632,3,1.6923519935356456e-15,0.00047671887141837089,2.5555873044544598e-16,1.4805488286641918e-07,5.4709164807950834e-16,30.583218928107815,33.47873269732257,1.6559589967822883,2.549999977696134
1210,1602560,4157168,3,1.6923519935356456e-15,0.00047671887141837089,2.5555873044544598e-16,1.482158403967094e-07,5.4689549722866409e-16,30.587732773222776,33.484305629070988,1.6556710587322532,2.5499999773690964
1211,1603072,4158704,3,1.6923519935356456e-15,0.00047671887141837089,2.5555873044544598e-16,1.4837942744426327e-07,5.4674556773118443e-16,30.592249436023746,33.489864207585306,1.6553832862900475,2.5499999770378041
1212,1603584,4160240,3,1.6923519935356456e-15,0.00047671887141837089,2.5555873044544598e-16,1.4854357805663695e-07,5.4650967754043774e-16,30.596768913415271,33.495409252657758,1.6550956798085827,2.5499999767022112
1213,1604096,4161776,3,1.6923519935356456e-15,0.00047671887141837089,2.5555873044544598e-16,1.4870834733298485e-07,5.4623066454381523e-16,30.601291202202027,33.500941477571331,1.6548082395639825,2.5499999763622729
1214,1604608,4163312,3,1.6923519935356456e-15,0.00047671887141837089,2.5555873044544598e-16,1.4887291075576939e-07,5.460831470403783e-16,30.605816299093576,33.506461510155304,1.6545209657709099,2.5499999760179373
1215,1605120,4164848,3,1.6923519935356456e-15,0.00047671887141837089,2.5555873044544598e-16,1.4903701080876e-07,5.4586431206662918e-16,30.610344200709534,33.511969908444343,1.6542338585939527,2.5499999756691505
1216,1605632,4166384,3,1.6923519935356456e-15,0.00047671887141837089,2.5555873044544598e-16,1.4920123017863337e-07,5.4570380305189959e-16,30.614874903584276,33.517467172600469,1.6539469181563158,2.5499999753158633
1217,1606144,4167920,3,1.6923519935356456e-15,0.00047671887141837089,2.5555873044544598e-16,1.493628462342412e-07,5.4551769886535676e-16,30.619408404171857,33.522953754169791,1.6536601445465493,2.5499999749580256
1218,1606656,4169456,3,1.6923519935356456e-15,0.00047671887141837089,2.5555873044544598e-16,1.4952588613266351e-07,5.4534344999937411e-16,30.623944698850593,33.528430063395732,1.6533735378238692,2.549999974595599
1219,1607168,4170992,3,1.6923519935356456e-15,0.00047671887141837089,2.5555873044544598e-16,1.4968849199112907e-07,5.4511468903275777e-16,30.628483783927983,33.533896475082877,1.6530870980223986,2.5499999742285153
1220,1607680,4172528,3,1.6923519935356456e-15,0.00047671887141837089,2.5555873044544598e-16,1.4985024243489722e-07,5.4495853162136037e-16,30.633025655644964,33.53935333336036,1.6528008251546518,2.5499999738567336
1221,1608192,4174064,3,1.6923519935356456e-15,0.00047671887141837089,2.5555873044544598e-16,1.5001422495169872e-07,5.4479024140908137e-16,30.637570310180504,33.544800955597928,1.6525147192143723,2.5499999734801935
1222,1608704,4175600,3,1.6923519935356456e-15,0.00047671887141837089,2.5555873044544598e-16,1.5017574494178989e-07,5.4462398947322929e-16,30.642117743655994,33.550239635657825,1.6522287801789026,2.5499999730988563
1223,1609216,4177136,3,1.6923519935356456e-15,0.00047671887141837089,2.5555873044544598e-16,1.503378292079375e-07,5.4441939486608967e-16,30.64666795213957,33.555669646620998,1.651943008011147,2.5499999727126577
1224,1609728,4178672,3,1.6923519935356456e-15,0.00047671887141837089,2.5555873044544598e-16,1.5050029910658327e-07,5.4424454764479376e-16,30.651220931650069,33.561091243092214,1.6516574026612332,2.5499999723215492
1225,1610240,4180208,3,1.6923519935356456e-15,0.00047671887141837089,2.5555873044544598e-16,1.5066059792940991e-07,5.4411131935039655e-16,30.655776678161153,33.566504663163087,1.6513719640679716,2.5499999719254709
1226,1610752,4181744,3,1.6923519935356456e-15,0.00047671887141837089,2.5555873044544598e-16,1.5082289853378958e-07,5.439100418215238e-16,30.660335187605366,33.571910130097017,1.6510866921600347,2.5499999715243771
1227,1611264,4183280,3,1.6923519935356456e-15,0.00047671887141837089,2.5555873044544598e-16,1.5098791269931585e-07,5.4369958951548934e-16,30.664896455877653,33.577307853783388,1.650801586857028,2.5499999711182029
1228,1611776,4184816,3,1.6923519935356456e-15,0.00047671887141837089,2.5555873044544598e-16,1.5115119785814737e-07,5.4357307055412638e-16,30.669460478839277,33.582698032000543,1.6505166480704201,2.5499999707068981
1229,1612288,4186352,3,1.6923519935356456e-15,0.00047671887141837089,2.5555873044544598e-16,1.5131461542928917e-07,5.4335051633077398e-16,30.674027252321242,33.58808085151869,1.6502318757043057,2.5499999702904095
1230,1612800,4187888,3,1.6923519935356456e-15,0.00047671887141837089,2.5555873044544598e-16,1.5148098427420495e-07,5.4318822151065008e-16,30.678596772127761,33.593456489067925,1.6499472696561288,2.5499999698686784
1231,1613312,4189424,3,1.6923519935356456e-15,0.00047671887141837089,2.5555873044544598e-16,1.5164294404011605e-07,5.4296578381636647e-16,30.68316903403943,33.598825112191626,1.649662829817282,2.5499999694416458
1232,1613824,4190960,3,1.6923519935356456e-15,0.00047671887141837089,2.5555873044544598e-16,1.5180619136636328e-07,5.4283283732560185e-16,30.687744033816529,33.604186880001748,1.6493785560736594,2.5499999690092543
1233,1614336,4192496,3,1.6923519935356456e-15,0.00047671887141837089,2.5555873044544598e-16,1.5197214701489223e-07,5.426309715808407e-16,30.692321767201932,33.609541943851092,1.649094448306142,2.5499999685714467
1234,1614848,4194032,3,1.6923519935356456e-15,0.00047671887141837089,2.5555873044544598e-16,1.5213322987982094e-07,5.4242364357475394e-16,30.6969022299239,33.614890447932702,1.6488105063910314,2.5499999681281587
1235,1615360,4195568,3,1.6923519935356456e-15,0.00047671887141837089,2.5555873044544598e-16,1.5229698350332923e-07,5.4220617617612661e-16,30.701485417698699,33.620232529816704,1.6485267302004145,2.5499999676793488
1236,1615872,4197104,3,1.6923519935356456e-15,0.00047671887141837089,2.5555873044544598e-16,1.5246310001189875e-07,5.4202898911937173e-16,30.706071326233225,33.625568320933183,1.6482431196025431,2.5499999672249376
1237,1616384,4198640,3,1.6923519935356456e-15,0.00047671887141837089,2.5555873044544598e-16,1.5262592235257841e-07,5.4181793909133417e-16,30.710659951227139,33.630897947006858,1.647959674462101,2.5499999667648825
1238,1616896,4200176,3,1.6923519935356456e-15,0.00047671887141837089,2.5555873044544598e-16,1.5278694383171484e-07,5.4162524827236874e-16,30.715251288375004,33.636221528450548,1.6476763946405379,2.5499999662991057
1239,1617408,4201712,3,1.6923519935356456e-15,0.00047671887141837089,2.5555873044544598e-16,1.5295059678314829e-07,5.4137747945783305e-16,30.71984533336807,33.64153918072163,1.6473932799962796,2.5499999658275523
1240,1617920,4203248,3,1.6923519935356456e-15,0.00047671887141837089,2.5555873044544598e-16,1.5311206431086474e-07,5.4117858815761941e-16,30.724442081896026,33.646851014645812,1.6471103303849794,2.5499999653501648
1241,1618432,4204784,3,1.6923519935356456e-15,0.00047671887141837089,2.5555873044544598e-16,1.5327494530427984e-07,5.4098137808261373e-16,30.729041529648061,33.652157136713022,1.646827545659731,2.5499999648668852
1242,1618944,4206320,3,1.6923519935356456e-15,0.00047671887141837089,2.5555873044544598e-16,1.5343722666537199e-07,5.4072183907603513e-16,30.73364367231429,33.657457649346618,1.6465449256712497,2.5499999643776423
1243,1619456,4207856,3,1.6923519935356456e-15,0.00047671887141837089,2.5555873044544598e-16,1.5359967073051575e-07,5.4051989545997412e-16,30.738248505586284,33.662752651150655,1.6462624702680557,2.5499999638823678
1244,1619968,4209392,3,1.6923519935356456e-15,0.00047671887141837089,2.5555873044544598e-16,1.5376176152009099e-07,5.4034301884151819e-16,30.742856025157725,33.668042237136362,1.6459801792966178,2.5499999633810067
1245,1620480,4210928,3,1.6923519935356456e-15,0.00047671887141837089,2.5555873044544598e-16,1.5392771409382258e-07,5.4013842442824902e-16,30.747466226724434,33.673326498930408,1.645698052601539,2.5499999628734935
1246,1620992,4212464,3,1.6923519935356456e-15,0.00047671887141837089,2.5555873044544598e-16,1.540913368914252e-07,5.4001205744839893e-16,30.752079105984507,33.678605524966677,1.6454160900256454,2.549999962359756
1247,1621504,4214000,3,1.6923519935356456e-15,0.00047671887141837089,2.5555873044544598e-16,1.5425330290841235e-07,5.3982441876427163e-16,30.756694658637709,33.683879400663379,1.6451342914101537,2.5499999618397338
1248,1622016,4215536,3,1.6923519935356456e-15,0.00047671887141837089,2.5555873044544598e-16,1.5441740907803794e-07,5.3969456251041559e-16,30.761312880384857,33.689148208586737,1.6448526565947377,2.5499999613133633
1249,1622528,4217072,3,1.6923519935356456e-15,0.00047671887141837089,2.5555873044544598e-16,1.5458490870592098e-07,5.3944702858932448e-16,30.76593376692654,33.694412028602464,1.6445711854176859,2.5499999607805757
1250,1623040,4218608,3,1.6923519935356456e-15,0.00047671887141837089,2.5555873044544598e-16,1.547471017218833e-07,5.3930171951595139e-16,30.770557313961955,33.699670938016432,1.6442898777159718,2.5499999602413044
1251,1623552,4220144,3,1.6923519935356456e-15,0.00047671887141837089,2.5555873044544598e-16,1.5491189334407165e-07,5.390841469619887e-16,30.775183517187237,33.704925011705164,1.6440087333253404,2.549999959695481
1252,1624064,4221680,3,1.6923519935356456e-15,0.00047671887141837089,2.5555873044544598e-16,1.5507689288240958e-07,5.3887778826294583e-16,30.779812372293176,33.710174322237378,1.6437277520804123,2.5499999591430318
1253,1624576,4223216,3,1.6923519935356456e-15,0.00047671887141837089,2.5555873044544598e-16,1.5524136170378408e-07,5.3866583415881049e-16,30.784443874963234,33.715418939987117,1.6434469338147424,2.5499999585838995
1254,1625088,4224752,3,1.6923519935356456e-15,0.00047671887141837089,2.5555873044544598e-16,1.5540511937700432e-07,5.384129323266824e-16,30.789078020870843,33.720658933239392,1.6431662783609207,2.5499999580180059
1255,1625600,4226288,3,1.6923519935356456e-15,0.00047671887141837089,2.5555873044544598e-16,1.5556937895516579e-07,5.3815116734476368e-16,30.793714805676633,33.725894368288955,1.6428857855506009,2.5499999574452854
1256,1626112,4227824,3,1.6923519935356456e-15,0.00047671887141837089,2.5555873044544598e-16,1.5573546315884737e-07,5.3787943698842575e-16,30.798354225025271,33.731125309532437,1.6426054552146045,2.5499999568656584
1257,1626624,4229360,3,1.6923519935356456e-15,0.00047671887141837089,2.5555873044544598e-16,1.5589590953031398e-07,5.3761634723151959e-16,30.802996274542203,33.73635181955477,1.6423252871829546,2.5499999562790578
1258,1627136,4230896,3,1.6923519935356456e-15,0.00047671887141837089,2.5555873044544598e-16,1.5606264224648927e-07,5.3740737801508699e-16,30.807640949830152,33.741573959210271,1.6420452812849369,2.5499999556854145
1259,1627648,4232432,3,1.6923519935356456e-15,0.00047671887141837089,2.5555873044544598e-16,1.5622712169564714e-07,5.3729296849967802e-16,30.812288246465393,33.746791787698868,1.6417654373491568,2.5499999550846484
1260,1628160,4233968,3,1.6923519935356456e-15,0.00047671887141837089,2.5555873044544598e-16,1.5638787170790683e-07,5.3714436024228116e-16,30.816938159993835,33.752005362637149,1.6414857552035935,2.5499999544766951
1261,1628672,4235504,3,1.6923519935356456e-15,0.00047671887141837089,2.5555873044544598e-16,1.5655400989878507e-07,5.370970458925217e-16,30.821590685927038,33.757349492038657,1.6412062502014191,2.5499999538614739
1262,1629184,4237040,3,1.6923519935356456e-15,0.00047671887141837089,2.5555873044544598e-16,1.5671688287604299e-07,5.3681049222049993e-16,30.826245819738123,33.76279912469974,1.640926919536386,2.5499999532389115
1263,1629696,4238576,3,1.6923519935356456e-15,0.00047671887141837089,2.5555873044544598e-16,1.5687765715187993e-07,5.366953903355312e-16,30.830903556857479,33.768314972362418,1.6406477584418047,2.5499999526089403
1264,1630208,4240112,3,1.6923519935356456e-15,0.00047671887141837089,2.5555873044544598e-16,1.5704025042926348e-07,5.3644965818183529e-16,30.835563892668407,33.773883050598613,1.640368765117882,2.5499999519714724
1265,1630720,4241648,3,1.6923519935356456e-15,0.00047671887141837089,2.5555873044544598e-16,1.5720580823370836e-07,5.3624661922354689e-16,30.840226822502782,33.779495303243223,1.6400899384517227,2.5499999513264413
1266,1631232,4243184,3,1.6923519935356456e-15,0.00047671887141837089,2.5555873044544598e-16,1.5737133360055896e-07,5.3604339480878022e-16,30.844892341636665,33.785146313610923,1.6398112776357645,2.5499999506737687
1267,1631744,4244720,3,1.6923519935356456e-15,0.00047671887141837089,2.5555873044544598e-16,1.5753701479935414e-07,5.3587069827000165e-16,30.849560445285913,33.790832119878814,1.6395327820305392,2.5499999500133725
1268,1632256,4246256,3,1.6923519935356456e-15,0.00047671887141837089,2.5555873044544598e-16,1.5770501271527995e-07,5.3566001121269428e-16,30.854231128601725,33.796549664250705,1.6392544511009448,2.5499999493451706
1269,1632768,4247792,3,1.6923519935356456e-15,0.00047671887141837089,2.5555873044544598e-16,1.5786942525528599e-07,5.3541769439081237e-16,30.858904386666207,33.802296496415423,1.638976284381962,2.5499999486690927
1270,1633280,4249328,3,1.6923519935356456e-15,0.00047671887141837089,2.5555873044544598e-16,1.5803519987414452e-07,5.3525733546412753e-16,30.863580214488223,33.808070597594551,1.6386982814583135,2.5499999479850515
1271,1633792,4250864,3,1.6923519935356456e-15,0.00047671887141837089,2.5555873044544598e-16,1.5820196720932886e-07,5.3505089402117402e-16,30.868258606998946,33.813870268576373,1.6384204419515354,2.5499999472929709
1272,1634304,4252400,3,1.6923519935356456e-15,0.00047671887141837089,2.5555873044544598e-16,1.5836667713471511e-07,5.3494162160756173e-16,30.872939559047801,33.819694054592375,1.6381427655113197,2.5499999465927665
1273,1634816,4253936,3,1.6923519935356456e-15,0.00047671887141837089,2.5555873044544598e-16,1.5852836038743886e-07,5.3474856614411783e-16,30.877623065398303,33.825540692771256,1.6378652518094534,2.549999945884363
1274,1635328,4255472,3,1.6923519935356456e-15,0.00047671887141837089,2.5555873044544598e-16,1.5869140199629852e-07,5.3445852760541181e-16,30.882309120724099,33.831409074130086,1.6375879005354441,2.54999994516767
1275,1635840,4257008,3,1.6923519935356456e-15,0.00047671887141837089,2.5555873044544598e-16,1.5885733314706254e-07,5.3427252346248667e-16,30.886997719605198,33.837298215307115,1.6373107113932543,2.5499999444426171
1276,1636352,4258544,3,1.6923519935356456e-15,0.00047671887141837089,2.5555873044544598e-16,1.590213268519631e-07,5.3413078562508601e-16,30.891688856524119,33.843207237044936,1.6370336840988486,2.5499999437091012
1277,1636864,4260080,3,1.6923519935356456e-15,0.00047671887141837089,2.5555873044544598e-16,1.5918578529101759e-07,5.3389368013799841e-16,30.896382525862506,33.849135347483518,1.6367568183782626,2.5499999429670597
1278,1637376,4261616,3,1.6923519935356456e-15,0.00047671887141837089,2.5555873044544598e-16,1.5935157763267851e-07,5.3361892280468173e-16,30.901078721897566,33.855081828963819,1.6364801139661127,2.5499999422163855
1279,1637888,4263152,3,1.6923519935356456e-15,0.00047671887141837089,2.5555873044544598e-16,1.5951869508103047e-07,5.3346971329037712e-16,30.905777438798864,33.861046027448502,1.6362035706043543,2.5499999414570098
1280,1638400,4264688,3,1.6923519935356456e-15,0.00047671887141837089,2.5555873044544598e-16,1.5968331956955081e-07,5.3337036110521716e-16,30.910478670625327,33.867027343927688,1.6359271880413255,2.549999940688835
1281,1638912,4266224,3,1.6923519935356456e-15,0.00047671887141837089,2.5555873044544598e-16,1.5985000342637204e-07,5.3313572882353761e-16,30.915182411322249,33.873025227356599,1.6356509660309408,2.5499999399117783
1282,1639424,4267760,3,1.6923519935356456e-15,0.00047671887141837089,2.5555873044544598e-16,1.600126237385536e-07,5.3301282078989179e-16,30.91988865471858,33.879039168791017,1.6353749043320047,2.5499999391257515
1283,1639936,4269296,3,1.6923519935356456e-15,0.00047671887141837089,2.5555873044544598e-16,1.6017740634972085e-07,5.3276125881587262e-16,30.924597394524518,33.885068696471734,1.6350990027076868,2.5499999383306649
1284,1640448,4270832,3,1.6923519935356456e-15,0.00047671887141837089,2.5555873044544598e-16,1.6034482833138111e-07,5.3256047126872818e-16,30.929308624329032,33.891113371670144,1.6348232609250299,2.5499999375264339
1285,1640960,4272368,3,1.6923519935356456e-15,0.00047671887141837089,2.5555873044544598e-16,1.60510882364752e-07,5.3233853713356716e-16,30.934022337597753,33.897172785149834,1.6345476787545439,2.5499999367129549
1286,1641472,4273904,3,1.6923519935356456e-15,0.00047671887141837089,2.5555873044544598e-16,1.6067343856155389e-07,5.3217004881799381e-16,30.938738527671084,33.903246554131393,1.634272255969885,2.5499999358901566
1287,1641984,4275440,3,1.6923519935356456e-15,0.00047671887141837089,2.5555873044544598e-16,1.6083888969438278e-07,5.3202354950926745e-16,30.943457187762444,33.909334319673171,1.6339969923475486,2.5499999350579312
1288,1642496,4276976,3,1.6923519935356456e-15,0.00047671887141837089,2.5555873044544598e-16,1.6100416478053444e-07,5.3184136792304927e-16,30.9481783109565,33.915435744396852,1.6337218876666215,2.5499999342161952
1289,1643008,4278512,3,1.6923519935356456e-15,0.00047671887141837089,2.5555873044544598e-16,1.6116373724428404e-07,5.3161620863006695e-16,30.95290189020816,33.921550510502442,1.6334469417085595,2.5499999333648549
1290,1643520,4280048,3,1.6923519935356456e-15,0.00047671887141837089,2.5555873044544598e-16,1.6132988256747785e-07,5.3143313839337695e-16,30.957627918341167,33.927678318026373,1.6331721542569861,2.5499999325038107
1291,1644032,4281584,3,1.6923519935356456e-15,0.00047671887141837089,2.5555873044544598e-16,1.6149427448856065e-07,5.3122193686204033e-16,30.962356388047205,33.933818883306536,1.6328975250975368,2.5499999316329713
1292,1644544,4283120,3,1.6923519935356456e-15,0.00047671887141837089,2.5555873044544598e-16,1.616565830978218e-07,5.3097700533516683e-16,30.96708729188525,33.939971937623696,1.632623054017684,2.549999930752243
1293,1645056,4284656,3,1.6923519935356456e-15,0.00047671887141837089,2.5555873044544598e-16,1.6182196869626722e-07,5.3078959179280017e-16,30.971820622281044,33.946137225993873,1.6323487408066422,2.5499999298615359
1294,1645568,4286192,3,1.6923519935356456e-15,0.00047671887141837089,2.5555873044544598e-16,1.6198521813020347e-07,5.3062880947242632e-16,30.976556371526961,33.952314506091263,1.6320745852552085,2.5499999289607365
1295,1646080,4287728,3,1.6923519935356456e-15,0.00047671887141837089,2.5555873044544598e-16,1.6214694934716397e-07,5.3042749838457762e-16,30.981294531781931,33.958503547283208,1.6318005871556958,2.5499999280497594
1296,1646592,4289264,3,1.6923519935356456e-15,0.00047671887141837089,2.5555873044544598e-16,1.6231410496116713e-07,5.3015301175257874e-16,30.986035095071646,33.964704129765281,1.6315267463018073,2.5499999271284963
1297,1647104,4290800,3,1.6923519935356456e-15,0.00047671887141837089,2.5555873044544598e-16,1.6247837490169928e-07,5.2993588089367611e-16,30.990778053289553,33.970916043779582,1.6312530624885615,2.5499999261968584
1298,1647616,4292336,3,1.6923519935356456e-15,0.00047671887141837089,2.5555873044544598e-16,1.626439196592889e-07,5.2975817611879299e-16,30.995523398197346,33.977139088910363,1.630979535512231,2.5499999252547392
1299,1648128,4293872,3,1.6923519935356456e-15,0.00047671887141837089,2.5555873044544598e-16,1.6281321447963884e-07,5.2955370982804589e-16,31.000271121426724,33.983373073444803,1.6307061651702572,2.5499999243020497
1300,1648640,4295408,3,1.6923519935356456e-15,0.00047671887141837089,2.5555873044544598e-16,1.6298037489448921e-07,5.292984940809388e-16,31.005021214480859,33.989617813792229,1.6304329512611839,2.5499999233386728
1301,1649152,4296944,3,1.6923519935356456e-15,0.00047671887141837089,2.5555873044544598e-16,1.6314300718840582e-07,5.2912961921352545e-16,31.009773668736337,33.995873133955911,1.6301598935846173,2.5499999223645102
1302,1649664,4298480,3,1.6923519935356456e-15,0.00047671887141837089,2.5555873044544598e-16,1.63311912917219e-07,5.2892367663802949e-16,31.014528475446056,34.002138865049908,1.6298869919411674,2.5499999213794617
1303,1650176,4300016,3,1.6923519935356456e-15,0.00047671887141837089,2.5555873044544598e-16,1.6347439146432865e-07,5.2872052137039215e-16,31.019285625741858,34.008414844857619,1.6296142461323933,2.549999920383426
1304,1650688,4301552,3,1.6923519935356456e-15,0.00047671887141837089,2.5555873044544598e-16,1.6363814717123984e-07,5.2845990430190615e-16,31.024045110638223,34.01470091742712,1.6293416559607741,2.5499999193762966
1305,1651200,4303088,3,1.6923519935356456e-15,0.00047671887141837089,2.5555873044544598e-16,1.6380297559905618e-07,5.2832013526422329e-16,31.028806921036125,34.020996932698658,1.6290692212296585,2.5499999183579574
1306,1651712,4304624,3,1.6923519935356456e-15,0.00047671887141837089,2.5555873044544598e-16,1.6396744919265496e-07,5.2808071097015886e-16,31.033571047727495,34.027302746162697,1.6287969417432415,2.5499999173283174
1307,1652224,4306160,3,1.6923519935356456e-15,0.00047671887141837089,2.5555873044544598e-16,1.6413562980792254e-07,5.2789949401224424e-16,31.038337481400021,34.033618218543999,1.6285248173065117,2.5499999162872626
1308,1652736,4307696,3,1.6923519935356456e-15,0.00047671887141837089,2.5555873044544598e-16,1.6429865732649076e-07,5.2769909579574967e-16,31.043106212642989,34.039943215509602,1.6282528477252427,2.5499999152346877
1309,1653248,4309232,3,1.6923519935356456e-15,0.00047671887141837089,2.5555873044544598e-16,1.6446302573860102e-07,5.2743904631533555e-16,31.047877231952889,34.046277607399432,1.6279810328059503,2.5499999141704826
1310,1653760,4310768,3,1.6923519935356456e-15,0.00047671887141837089,2.5555873044544598e-16,1.6462667097832126e-07,5.272406296552348e-16,31.052650529740188,34.052621268975514,1.6277093723558709,2.5499999130945299
1311,1654272,4312304,3,1.6923519935356456e-15,0.00047671887141837089,2.5555873044544598e-16,1.6479296380158278e-07,5.2695201463620185e-16,31.057426096336105,34.058974079190122,1.6274378661829418,2.5499999120067298
1312,1654784,4313840,3,1.6923519935356456e-15,0.00047671887141837089,2.5555873044544598e-16,1.6496076855691691e-07,5.2683397484480424e-16,31.062203922000371,34.06533592096968,1.6271665140957812,2.5499999109069633
1313,1655296,4315376,3,1.6923519935356456e-15,0.00047671887141837089,2.5555873044544598e-16,1.6512603466153777e-07,5.2660818356644688e-16,31.066983996928808,34.071706681013502,1.6268953159036428,2.549999909795122
1314,1655808,4316912,3,1.6923519935356456e-15,0.00047671887141837089,2.5555873044544598e-16,1.652910828883595e-07,5.2643983044966724e-16,31.071766311262085,34.078086249607018,1.6266242714164292,2.5499999086710958
1315,1656320,4318448,3,1.6923519935356456e-15,0.00047671887141837089,2.5555873044544598e-16,1.6545556423964166e-07,5.2624577813664999e-16,31.076550855094322,34.084474520446221,1.6263533804446653,2.5499999075347608
1316,1656832,4319984,3,1.6923519935356456e-15,0.00047671887141837089,2.5555873044544598e-16,1.6562195670368493e-07,5.2598517567953403e-16,31.081337618482308,34.090871390474383,1.6260826427994668,2.5499999063860175
1317,1657344,4321520,3,1.6923519935356456e-15,0.00047671887141837089,2.5555873044544598e-16,1.6578720044164865e-07,5.2578723694241922e-16,31.086126591455127,34.097276759729063,1.625812058292543,2.5499999052247393
1318,1657856,4323056,3,1.6923519935356456e-15,0.00047671887141837089,2.5555873044544598e-16,1.65953905219235e-07,5.2557548583357608e-16,31.090917764023892,34.103690531198879,1.6255416267361664,2.5499999040508134
1319,1658368,4324592,3,1.6923519935356456e-15,0.00047671887141837089,2.5555873044544598e-16,1.661183314115148e-07,5.2536876672289304e-16,31.095711126192036,34.110112610688788,1.6252713479431768,2.5499999028641147
1320,1658880,4326128,3,1.6923519935356456e-15,0.00047671887141837089,2.5555873044544598e-16,1.6628590897878889e-07,5.2519653562830539e-16,31.100506667965501,34.116542906694121,1.6250012217269538,2.5499999016645338
1321,1659392,4327664,3,1.6923519935356456e-15,0.00047671887141837089,2.5555873044544598e-16,1.664523683198916e-07,5.2491358069601141e-16,31.105304379363485,34.122884068402719,1.6247312914910894,2.5499999004519518
1322,1659904,4329200,3,1.6923519935356456e-15,0.00047671887141837089,2.5555873044544598e-16,1.6661925308457956e-07,5.2476269452537925e-16,31.110104250429114,34.129154130363318,1.6244615496591968,2.5499998992262443
1323,1660416,4330736,3,1.6923519935356456e-15,0.00047671887141837089,2.5555873044544598e-16,1.6678421594218959e-07,5.2453806422086101e-16,31.114906271240322,34.135381404563155,1.6241919831494527,2.549999897987294
1324,1660928,4332272,3,1.6923519935356456e-15,0.00047671887141837089,2.5555873044544598e-16,1.6695026016049505e-07,5.242738846922719e-16,31.119710431920637,34.141575940361577,1.6239225872128202,2.5499998967349615
1325,1661440,4333808,3,1.6923519935356456e-15,0.00047671887141837089,2.5555873044544598e-16,1.6711886997063671e-07,5.2412561804754332e-16,31.124516722650359,34.147743509423876,1.6236533590306379,2.5499998954691532
1326,1661952,4335344,3,1.6923519935356456e-15,0.00047671887141837089,2.5555873044544598e-16,1.6728259534504055e-07,5.2385655247939813e-16,31.129325133677401,34.153887979462795,1.6233842966431113,2.5499998941897242
1327,1662464,4336880,3,1.6923519935356456e-15,0.00047671887141837089,2.5555873044544598e-16,1.6744961491508983e-07,5.2365999177348505e-16,31.134135655328244,34.160012169228324,1.6231153985639433,2.549999892896551
1328,1662976,4338416,3,1.6923519935356456e-15,0.00047671887141837089,2.5555873044544598e-16,1.6761674135277884e-07,5.2346825191495603e-16,31.138948278018741,34.166118246046196,1.6228466636012813,2.549999891589521
1329,1663488,4339952,3,1.6923519935356456e-15,0.00047671887141837089,2.5555873044544598e-16,1.6778330177968795e-07,5.2320506191409938e-16,31.143762992264946,34.172207939812942,1.622578090761345,2.5499998902684986
1330,1664000,4341488,3,1.6923519935356456e-15,0.00047671887141837089,2.5555873044544598e-16,1.6794841175485916e-07,5.2290900729726061e-16,31.148579788693638,34.178282669954093,1.622309679191281,2.5499998889333564
1331,1664512,4343024,3,1.6923519935356456e-15,0.00047671887141837089,2.5555873044544598e-16,1.6811109722412184e-07,5.2272157783166715e-16,31.153398658052666,34.184343626200025,1.6220414281427626,2.5499998875839669
1332,1665024,4344560,3,1.6923519935356456e-15,0.00047671887141837089,2.5555873044544598e-16,1.6827999661252071e-07,5.2247944736452996e-16,31.158219591221204,34.190391822771723,1.6217733369476013,2.5499998862202036
1333,1665536,4346096,3,1.6923519935356456e-15,0.00047671887141837089,2.5555873044544598e-16,1.6844418049689066e-07,5.2231703444498657e-16,31.163042579219759,34.196428136271784,1.6215054050006621,2.5499998848419283
1334,1666048,4347632,3,1.6923519935356456e-15,0.00047671887141837089,2.5555873044544598e-16,1.6861201235901382e-07,5.2216579802798848e-16,31.167867613219915,34.202453333085657,1.6212376317475041,2.5499998834490167
1335,1666560,4349168,3,1.6923519935356456e-15,0.00047671887141837089,2.5555873044544598e-16,1.68781146822393e-07,5.2198555498477226e-16,31.172694684553736,34.208468089751499,1.6209700166751893,2.5499998820413419
1336,1667072,4350704,3,1.6923519935356456e-15,0.00047671887141837089,2.5555873044544598e-16,1.6894972143239325e-07,5.2180675923620937e-16,31.177523784722716,34.214473008460942,1.6207025593052966,2.5499998806187647
1337,1667584,4352240,3,1.6923519935356456e-15,0.00047671887141837089,2.5555873044544598e-16,1.6911598813679077e-07,5.2160598242302585e-16,31.182354905406786,34.220468629088685,1.620435259188467,2.5499998791811436
1338,1668096,4353776,3,1.6923519935356456e-15,0.00047671887141837089,2.5555873044544598e-16,1.6928151693839385e-07,5.2147449307553374e-16,31.187188038472804,34.226455438689889,1.6201681159001033,2.5499998777283488
1339,1668608,4355312,3,1.6923519935356456e-15,0.00047671887141837089,2.5555873044544598e-16,1.6945229811058401e-07,5.2127831309888463e-16,31.192023175982584,34.232433879109784,1.6199011290369545,2.5499998762602472
1340,1669120,4356848,3,1.6923519935356456e-15,0.00047671887141837089,2.5555873044544598e-16,1.6962143291657108e-07,5.2105026448340971e-16,31.196860310200634,34.238404353161883,1.6196342982142744,2.549999874776701
1341,1669632,4358384,3,1.6923519935356456e-15,0.00047671887141837089,2.5555873044544598e-16,1.6979188824177296e-07,5.2086873534236204e-16,31.20169943360159,34.244367229701567,1.6193676230635354,2.5499998732775682
1342,1670144,4359920,3,1.6923519935356456e-15,0.00047671887141837089,2.5555873044544598e-16,1.6995760835995668e-07,5.2075586458322522e-16,31.206540538877334,34.250322847836301,1.619101103230518,2.5499998717627146
1343,1670656,4361456,3,1.6923519935356456e-15,0.00047671887141837089,2.5555873044544598e-16,1.7012352077137035e-07,5.2054069889866286e-16,31.211383618943323,34.256271520451563,1.6188347383736883,2.5499998702319986
1344,1671168,4362992,3,1.6923519935356456e-15,0.00047671887141837089,2.5555873044544598e-16,1.7029298007473084e-07,5.2034576403563079e-16,31.216228666945177,34.262213537188849,1.6185685281628686,2.5499998686852781
1345,1671680,4364528,3,1.6923519935356456e-15,0.00047671887141837089,2.5555873044544598e-16,1.7046049338264321e-07,5.2008409416009547e-16,31.221075676264217,34.268149166979789,1.6183024722780281,2.5499998671224078
1346,1672192,4366064,3,1.6923519935356456e-15,0.00047671887141837089,2.5555873044544598e-16,1.7062991554904352e-07,5.199666571959563e-16,31.225924640523051,34.274078660217668,1.6180365704083381,2.5499998655432523
1347,1672704,4367600,3,1.6923519935356456e-15,0.00047671887141837089,2.5555873044544598e-16,1.7079836387811362e-07,5.1981160712736752e-16,31.230775553590625,34.280002250629934,1.6177708222512854,2.5499998639476629
1348,1673216,4369136,3,1.6923519935356456e-15,0.00047671887141837089,2.5555873044544598e-16,1.7096332932653316e-07,5.1955596987357719e-16,31.235628409586798,34.285920156902392,1.6175052275119375,2.5499998623354916
1349,1673728,4370672,3,1.6923519935356456e-15,0.00047671887141837089,2.5555873044544598e-16,1.7113011730319213e-07,5.1938565737918392e-16,31.240483202886523,34.291832584095218,1.6172397859022767,2.5499998607065986
1350,1674240,4372208,3,1.6923519935356456e-15,0.00047671887141837089,2.5555873044544598e-16,1.7129644663891338e-07,5.191719153047675e-16,31.245339928123816,34.297739724884352,1.6169744971406321,2.5499998590608373
1351,1674752,4373744,3,1.6923519935356456e-15,0.00047671887141837089,2.5555873044544598e-16,1.7146244259894647e-07,5.1895972632011229e-16,31.25019858019526,34.303641760653811,1.616709360951182,2.5499998573980549
1352,1675264,4375280,3,1.6923519935356456e-15,0.00047671887141837089,2.5555873044544598e-16,1.7163158721652952e-07,5.1879071551719749e-16,31.255059154262725,34.309538862462013,1.6164443770634849,2.5499998557180987
1353,1675776,4376816,3,1.6923519935356456e-15,0.00047671887141837089,2.5555873044544598e-16,1.7179870060389382e-07,5.1863608424110555e-16,31.259921645756318,34.315431191899066,1.6161795452120966,2.5499998540208275
1354,1676288,4378352,3,1.6923519935356456e-15,0.00047671887141837089,2.5555873044544598e-16,1.7196335804001714e-07,5.1844121804698903e-16,31.264786050376429,34.321318901850752,1.615914865136217,2.5499998523060787
1355,1676800,4379888,3,1.6923519935356456e-15,0.00047671887141837089,2.5555873044544598e-16,1.7213229255309695e-07,5.18159214307776e-16,31.269652364095602,34.327202137181764,1.6156503365793546,2.5499998505737138
1356,1677312,4381424,3,1.6923519935356456e-15,0.00047671887141837089,2.5555873044544598e-16,1.722966616113917e-07,5.1799230541603414e-16,31.274520583159738,34.333081035348066,1.6153859592890423,2.5499998488235747
1357,1677824,4382960,3,1.6923519935356456e-15,0.00047671887141837089,2.5555873044544598e-16,1.7246265599195906e-07,5.1779289551881286e-16,31.279390704089153,34.33895572694864,1.6151217330165866,2.549999847055493
1358,1678336,4384496,3,1.6923519935356456e-15,0.00047671887141837089,2.5555873044544598e-16,1.7263027971849012e-07,5.1761975945632334e-16,31.284262723679113,34.344826336222589,1.6148576575168245,2.5499998452693196
1359,1678848,4386032,3,1.6923519935356456e-15,0.00047671887141837089,2.5555873044544598e-16,1.7279453838939121e-07,5.1742958085596406e-16,31.289136638999633,34.3506929814994,1.6145937325479172,2.5499998434649074
1360,1679360,4387568,3,1.6923519935356456e-15,0.00047671887141837089,2.5555873044544598e-16,1.7296271663329179e-07,5.1722217325313039e-16,31.294012447395179,34.356555775607333,1.614329957871141,2.5499998416420948
1361,1679872,4389104,3,1.6923519935356456e-15,0.00047671887141837089,2.5555873044544598e-16,1.731287892004483e-07,5.1701477383809232e-16,31.298890146483554,34.362414826244567,1.6140663332507283,2.549999839800726
1362,1680384,4390640,3,1.6923519935356456e-15,0.00047671887141837089,2.5555873044544598e-16,1.7329959043124601e-07,5.1680835869689735e-16,31.303769734154582,34.368270236318075,1.613802858453699,2.5499998379406272
1363,1680896,4392176,3,1.6923519935356456e-15,0.00047671887141837089,2.5555873044544598e-16,1.7346499955080704e-07,5.1668186607606702e-16,31.30865120856804,34.374122104252514,1.6135395332497,2.5499998360616538
1364,1681408,4393712,3,1.6923519935356456e-15,0.00047671887141837089,2.5555873044544598e-16,1.7363265772807898e-07,5.1638855784749595e-16,31.313534568151326,34.379970524273332,1.6132763574108839,2.5499998341636267
1365,1681920,4395248,3,1.6923519935356456e-15,0.00047671887141837089,2.5555873044544598e-16,1.7379989136127047e-07,5.161517568727337e-16,31.318419811596289,34.385815586666595,1.6130133307117742,2.5499998322463937
1366,1682432,4396784,3,1.6923519935356456e-15,0.00047671887141837089,2.5555873044544598e-16,1.7396691224797486e-07,5.1595822624572667e-16,31.323306937855772,34.391657378017534,1.6127504529291625,2.5499998303097828
1367,1682944,4398320,3,1.6923519935356456e-15,0.00047671887141837089,2.5555873044544598e-16,1.7413473281704819e-07,5.1576685706104729e-16,31.328195946139523,34.39749598143014,1.6124877238419801,2.5499998283536409
1368,1683456,4399856,3,1.6923519935356456e-15,0.00047671887141837089,2.5555873044544598e-16,1.7429921151680552e-07,5.1557153516149909e-16,31.333086835909878,34.403331476729903,1.6122251432312236,2.5499998263777806
1369,1683968,4401392,3,1.6923519935356456e-15,0.00047671887141837089,2.5555873044544598e-16,1.7446741849119632e-07,5.1530185943132987e-16,31.337979606876299,34.40916394065124,1.6119627108798376,2.5499998243820552
1370,1684480,4402928,3,1.6923519935356456e-15,0.00047671887141837089,2.5555873044544598e-16,1.7463660799821875e-07,5.1505974639960903e-16,31.342874258990065,34.414993447010112,1.6117004265726442,2.5499998223662863
1371,1684992,4404464,3,1.6923519935356456e-15,0.00047671887141837089,2.5555873044544598e-16,1.748071597558313e-07,5.1482157451515313e-16,31.347770792438197,34.420820066865168,1.6114382900962592,2.549999820330306
1372,1685504,4406000,3,1.6923519935356456e-15,0.00047671887141837089,2.5555873044544598e-16,1.749755860278924e-07,5.1465759143232371e-16,31.352669207636861,34.426643868666119,1.6111763012390319,2.5499998182739403
1373,1686016,4407536,3,1.6923519935356456e-15,0.00047671887141837089,2.5555873044544598e-16,1.7514338596589943e-07,5.1438732291738567e-16,31.357569505224372,34.432464918392817,1.610914459790953,2.5499998161970141
1374,1686528,4409072,3,1.6923519935356456e-15,0.00047671887141837089,2.5555873044544598e-16,1.7530980713007524e-07,5.1422417101536253e-16,31.362471686053851,34.43828327968339,1.6106527655435983,2.5499998140993614
1375,1687040,4410608,3,1.6923519935356456e-15,0.00047671887141837089,2.5555873044544598e-16,1.7547791405342219e-07,5.1402049967103349e-16,31.367375751185385,34.444099013954876,1.6103912182900746,2.5499998119807992
1376,1687552,4412144,3,1.6923519935356456e-15,0.00047671887141837089,2.5555873044544598e-16,1.7564489201526154e-07,5.1379714899553582e-16,31.372281701877821,34.449912180514929,1.6101298178249634,2.5499998098411631
1377,1688064,4413680,3,1.6923519935356456e-15,0.00047671887141837089,2.5555873044544598e-16,1.7581419290627628e-07,5.1364179013008462e-16,31.377189539580364,34.455722836666418,1.6098685639442516,2.5499998076802588
1378,1688576,4415216,3,1.6923519935356456e-15,0.00047671887141837089,2.5555873044544598e-16,1.759831480139932e-07,5.1346413282761385e-16,31.382099265923674,34.461531037805344,1.6096074564453016,2.5499998054979152
1379,1689088,4416752,3,1.6923519935356456e-15,0.00047671887141837089,2.5555873044544598e-16,1.7614932173287559e-07,5.1323977001908854e-16,31.387010882710634,34.467336837512406,1.6093464951267911,2.5499998032939599
1380,1689600,4418288,3,1.6923519935356456e-15,0.00047671887141837089,2.5555873044544598e-16,1.7631822725178722e-07,5.1309716956155595e-16,31.391924391907288,34.473140287638955,1.6090856797886792,2.5499998010682052
1381,1690112,4419824,3,1.6923519935356456e-15,0.00047671887141837089,2.5555873044544598e-16,1.7648652980944154e-07,5.1292973059567546e-16,31.396839795632829,34.478932596398309,1.6088249384300368,2.5499997988204695
1382,1690624,4421360,3,1.6923519935356456e-15,0.00047671887141837089,2.5555873044544598e-16,1.7665270565856436e-07,5.127446335790766e-16,31.401757096150515,34.484715459785249,1.6085642830247715,2.5499997965505714
1383,1691136,4422896,3,1.6923519935356456e-15,0.00047671887141837089,2.5555873044544598e-16,1.7682317715312376e-07,5.1251441758237573e-16,31.406676295857029,34.490491506390761,1.6083037346228755,2.5499997942583215
1384,1691648,4424432,3,1.6923519935356456e-15,0.00047671887141837089,2.5555873044544598e-16,1.7699033186940752e-07,5.1236879734692065e-16,31.411597397273056,34.496261702926802,1.6080433005483414,2.5499997919435349
1385,1692160,4425968,3,1.6923519935356456e-15,0.00047671887141837089,2.5555873044544598e-16,1.7715884831846642e-07,5.1215930947531929e-16,31.416520403033037,34.502026625655169,1.6077829849470244,2.549999789606034
1386,1692672,4427504,3,1.6923519935356456e-15,0.00047671887141837089,2.5555873044544598e-16,1.7732262247502914e-07,5.1203960089873464e-16,31.421445315874923,34.507786676249552,1.6075227905517924,2.5499997872456186
1387,1693184,4429040,3,1.6923519935356456e-15,0.00047671887141837089,2.5555873044544598e-16,1.7748862553528541e-07,5.1175665874896607e-16,31.426372138630278,34.513542159585946,1.607262719317315,2.5499997848621048
1388,1693696,4430576,3,1.6923519935356456e-15,0.00047671887141837089,2.5555873044544598e-16,1.7765483955873304e-07,5.1165388613319912e-16,31.431300874214035,34.519293319942115,1.6070027727149785,2.5499997824553033
1389,1694208,4432112,3,1.6923519935356456e-15,0.00047671887141837089,2.5555873044544598e-16,1.7782115761354752e-07,5.1142278675284048e-16,31.436231525614545,34.52504036050879,1.6067429518915928,2.5499997800250171
1390,1694720,4433648,3,1.6923519935356456e-15,0.00047671887141837089,2.5555873044544598e-16,1.7798896634226577e-07,5.1118360794400986e-16,31.441164095883536,34.530783454984949,1.6064832577635388,2.5499997775710579
1391,1695232,4435184,3,1.6923519935356456e-15,0.00047671887141837089,2.5555873044544598e-16,1.7815497063070626e-07,5.1098015237749843e-16,31.446098588126279,34.536522754971926,1.6062236910766354,2.5499997750932262
1392,1695744,4436720,3,1.6923519935356456e-15,0.00047671887141837089,2.5555873044544598e-16,1.783230493812766e-07,5.1081991385082915e-16,31.45103500549191,34.542258394947616,1.6059642524463398,2.5499997725913235
1393,1696256,4438256,3,1.6923519935356456e-15,0.00047671887141837089,2.5555873044544598e-16,1.7849280421646526e-07,5.1065914851350725e-16,31.455973351163681,34.547990495756892,1.6057049423858218,2.5499997700651722
1394,1696768,4439792,3,1.6923519935356456e-15,0.00047671887141837089,2.5555873044544598e-16,1.7866310152483836e-07,5.1043674826207105e-16,31.460913628349758,34.553719167145751,1.6054457613263031,2.5499997675145534
1395,1697280,4441328,3,1.6923519935356456e-15,0.00047671887141837089,2.5555873044544598e-16,1.7882968842449506e-07,5.1027898266939118e-16,31.46585584027385,34.559444509654561,1.6051867096321637,2.5499997649392756
1396,1697792,4442864,3,1.6923519935356456e-15,0.00047671887141837089,2.5555873044544598e-16,1.7899833525276834e-07,5.101320836385585e-16,31.470799990166256,34.565166616066094,1.6049277876124568,2.5499997623391395
1397,1698304,4444400,3,1.6923519935356456e-15,0.00047671887141837089,2.5555873044544598e-16,1.7916881602289416e-07,5.0994847384100222e-16,31.475746081254982,34.570885572536298,1.6046689955298237,2.5499997597139412
1398,1698816,4445936,3,1.6923519935356456e-15,0.00047671887141837089,2.5555873044544598e-16,1.7933587692359762e-07,5.0971453107252437e-16,31.480694116757391,34.576601459493254,1.604410333607553,2.5499997570634698
1399,1699328,4447472,3,1.6923519935356456e-15,0.00047671887141837089,2.5555873044544598e-16,1.7950377437821749e-07,5.0949440843705544e-16,31.485644099871777,34.582314352362317,1.6041518020352363,2.549999754387525
1400,1699840,4449008,3,1.6923519935356456e-15,0.00047671887141837089,2.5555873044544598e-16,1.7967363563001778e-07,5.0938178700178748e-16,31.490596033769354,34.588024322160038,1.6038934009733798,2.5499997516859061
1401,1700352,4450544,3,1.6923519935356456e-15,0.00047671887141837089,2.5558206172089201e-16,1.7984419438203539e-07,5.0925326411138009e-16,31.495549921586463,34.593731435985895,1.6036351305571344,2.5499997489583976
1402,1700864,4452080,3,1.6923519935356456e-15,0.00047671887141837089,2.5558206172089201e-16,1.800137831157165e-07,5.0909615476373165e-16,31.500505766417071,34.599435757433994,1.6033769908994795,2.5499997462047954
1403,1701376,4453616,3,1.6923519935356456e-15,0.00047671887141837089,2.5560970816706076e-16,1.8017884867502784e-07,5.0895562376992001e-16,31.505463571305764,34.605137346941511,1.6031189820938165,2.5499997434248898
1404,1701888,4455152,3,1.6923519935356456e-15,0.00047671887141837089,2.5560970816706076e-16,1.8034676182542572e-07,5.0879112017076544e-16,31.51042333924061,34.610836262086089,1.6028611042161898,2.5499997406184667
1405,1702400,4456688,3,1.6923519935356456e-15,0.00047671887141837089,2.5563091804303337e-16,1.8051842157867795e-07,5.0862333763412505e-16,31.515385073146682,34.616532557841232,1.6026033573272196,2.5499997377853116
1406,1702912,4458224,3,1.6923519935356456e-15,0.00047671887141837089,2.5563091804303337e-16,1.8068434633785332e-07,5.0847876674190049e-16,31.520348775879771,34.622226286798067,1.6023457414736575,2.5499997349252186
1407,1703424,4459760,3,1.6923519935356456e-15,0.00047671887141837089,2.5563091804303337e-16,1.8085107857611229e-07,5.0831718214034299e-16,31.525314450220293,34.62791749935873,1.6020882566898347,2.5499997320379619
1408,1703936,4461296,3,1.6923519935356456e-15,0.00047671887141837089,2.5566223642978242e-16,1.8101904532773086e-07,5.0812207767297361e-16,31.530282098867627,34.633606243905973,1.6018309029988513,2.5499997291233298
1409,1704448,4462832,3,1.6923519935356456e-15,0.00047671887141837089,2.55681666233052e-16,1.8118785465102158e-07,5.079080639666612e-16,31.535251724434694,34.639292566953287,1.6015736804136611,2.5499997261811087
1410,1704960,4464368,3,1.6923519935356456e-15,0.00047671887141837089,2.5568834060620053e-16,1.8135765650849214e-07,5.0771895306906462e-16,31.540223329442856,34.644976513277925,1.601316588937971,2.5499997232110712
1411,1705472,4465904,3,1.6923519935356456e-15,0.00047671887141837089,2.5568834060620053e-16,1.8152222679904692e-07,5.0756369347174927e-16,31.545196916317217,34.650658126039311,1.6010596285670817,2.5499997202129956
1412,1705984,4467440,3,1.6923519935356456e-15,0.00047671887141837089,2.5568834060620053e-16,1.8168748699693435e-07,5.0736073305684497e-16,31.550172487381776,34.656337446886162,1.6008027992886029,2.5499997171866657
1413,1706496,4468976,3,1.6923519935356456e-15,0.00047671887141837089,2.5568834060620053e-16,1.8185950871151554e-07,5.0716673346366707e-16,31.555150044855491,34.662014516051613,1.600546101083109,2.5499997141318564
1414,1707008,4470512,3,1.6923519935356456e-15,0.00047671887141837089,2.5568834060620053e-16,1.820305692678604e-07,5.0700849606138297e-16,31.560129590848231,34.667689372440194,1.600289533924695,2.5499997110483346
1415,1707520,4472048,3,1.6923519935356456e-15,0.00047671887141837089,2.5568834060620053e-16,1.8220607467754482e-07,5.0680370695693947e-16,31.565111127356996,34.673362053706043,1.6000330977815185,2.5499997079358807
1416,1708032,4473584,3,1.6923519935356456e-15,0.00047671887141837089,2.5568834060620053e-16,1.8237515656145545e-07,5.0666653573166912e-16,31.570094656262683,34.679032596324475,1.599776792616233,2.5499997047942675
1417,1708544,4475120,3,1.6923519935356456e-15,0.00047671887141837089,2.5568834060620053e-16,1.8254238133107733e-07,5.0647555598103719e-16,31.575080179326697,34.68470103565739,1.599520618386421,2.5499997016232672
1418,1709056,4476656,3,1.6923519935356456e-15,0.00047671887141837089,2.5568834060620053e-16,1.8271124630256244e-07,5.0628585280919733e-16,31.580067698188309,34.690367406012804,1.599264575044963,2.549999698422639
1419,1709568,4478192,3,1.6923519935356456e-15,0.00047671887141837089,2.5568834060620053e-16,1.8287734530430263e-07,5.0605770552012262e-16,31.585057214361623,34.69603174069956,1.5990086625403817,2.5499996951921582
1420,1710080,4479728,3,1.6923519935356456e-15,0.00047671887141837089,2.5568834060620053e-16,1.8304497124000404e-07,5.0583103936902052e-16,31.590048729233555,34.701694072078602,1.5987528808171474,2.5499996919315819
1421,1710592,4481264,3,1.6923519935356456e-15,0.00047671887141837089,2.5568834060620053e-16,1.8321841277023917e-07,5.0573322265725967e-16,31.595042244061286,34.707354431608771,1.5984972298159632,2.5499996886406926
1422,1711104,4482800,3,1.6923519935356456e-15,0.00047671887141837089,2.5568834060620053e-16,1.8338883466645231e-07,5.0558523349931486e-16,31.600037759970505,34.713012849890546,1.5982417094740309,2.5499996853192322
1423,1711616,4484336,3,1.6923519935356456e-15,0.00047671887141837089,2.5568834060620053e-16,1.8355767388943686e-07,5.0537331833082945e-16,31.605035277953434,34.718669356705952,1.5979863197252584,2.5499996819669843
1424,1712128,4485872,3,1.6923519935356456e-15,0.00047671887141837089,2.5568834060620053e-16,1.8372575855714898e-07,5.0516218334229569e-16,31.61003479886736,34.724323981055761,1.5977310605005037,2.5499996785836943
1425,1712640,4487408,3,1.6923519935356456e-15,0.00047671887141837089,2.5568834060620053e-16,1.8389252223553623e-07,5.0501200304753172e-16,31.615036323433248,34.729976751194336,1.5974759317277583,2.5499996751691247
1426,1713152,4488944,3,1.6923519935356456e-15,0.00047671887141837089,2.5568834060620053e-16,1.8405677098642112e-07,5.0480654913544497e-16,31.620039852234289,34.735627694661943,1.5972209333323304,2.549999671723036
1427,1713664,4490480,3,1.6923519935356456e-15,0.00047671887141837089,2.5568834060620053e-16,1.8422625329048017e-07,5.0456783326341406e-16,31.625045385715243,34.741276838314917,1.5969660652370159,2.5499996682451767
1428,1714176,4492016,3,1.6923519935356456e-15,0.00047671887141837089,2.5568834060620053e-16,1.8439309298358278e-07,5.0440232279158355e-16,31.63005292418115,34.746924208354017,1.5967113273622651,2.5499996647353114
1429,1714688,4493552,3,1.6923519935356456e-15,0.00047671887141837089,2.5568834060620053e-16,1.8456056412904106e-07,5.041861345825371e-16,31.635062467796807,34.75256983035122,1.5964567196262911,2.5499996611931794
1430,1715200,4495088,3,1.6923519935356456e-15,0.00047671887141837089,2.5568834060620053e-16,1.8472786686667694e-07,5.0394895155372942e-16,31.640074016586077,34.758213729274622,1.5962022419452415,2.549999657618538
1431,1715712,4496624,3,1.6923519935356456e-15,0.00047671887141837089,2.5568834060620053e-16,1.8489937668430969e-07,5.0378824198001303e-16,31.645087570431553,34.763855929511791,1.595947894233291,2.5499996540111445
1432,1716224,4498160,3,1.6923519935356456e-15,0.00047671887141837089,2.5568834060620053e-16,1.8506781508729206e-07,5.037254729172684e-16,31.650103129074026,34.769496454891971,1.5956936764027847,2.5499996503707418
1433,1716736,4499696,3,1.6923519935356456e-15,0.00047671887141837089,2.5568834060620053e-16,1.852366333053774e-07,5.0355128444193281e-16,31.655120692112583,34.775135328707151,1.5954395883643226,2.5499996466970738
1434,1717248,4501232,3,1.6923519935356456e-15,0.00047671887141837089,2.5568834060620053e-16,1.8540715977939528e-07,5.0340988913485393e-16,31.66014025900418,34.78077257373171,1.5951856300268601,2.5499996429898943
1435,1717760,4502768,3,1.6923519935356456e-15,0.00047671887141837089,2.5568834060620053e-16,1.8557507200605291e-07,5.0312297478623569e-16,31.665161829063955,34.786408212240957,1.5949318012978115,2.5499996392489406
1436,1718272,4504304,3,1.6923519935356456e-15,0.00047671887141837089,2.5568834060620053e-16,1.8574493961388003e-07,5.0301705614410526e-16,31.670185401465236,34.792042266028893,1.5946781020831351,2.5499996354739562
1437,1718784,4505840,3,1.6923519935356456e-15,0.00047671887141837089,2.5568834060620053e-16,1.8591261348692997e-07,5.0286020370066051e-16,31.675210975239803,34.797674756425117,1.5944245322874084,2.5499996316646865
1438,1719296,4507376,3,1.6923519935356456e-15,0.00047671887141837089,2.5568834060620053e-16,1.8607851714492898e-07,5.0258363319390346e-16,31.680238549278243,34.803305704310446,1.5941710918138918,2.5499996278208581
1439,1719808,4508912,3,1.6923519935356456e-15,0.00047671887141837089,2.5568834060620053e-16,1.8624635700152528e-07,5.0238650355575001e-16,31.685268122330339,34.808935130132184,1.5939177805646416,2.5499996239422171
1440,1720320,4510448,3,1.6923519935356456e-15,0.00047671887141837089,2.5568834060620053e-16,1.8641249547863289e-07,5.0218187244280351e-16,31.690299693005695,34.814563053918711,1.5936645984405169,2.5499996200284998
1441,1720832,4511984,3,1.6923519935356456e-15,0.00047671887141837089,2.5568834060620053e-16,1.865792011071011e-07,5.0193407578847033e-16,31.695333259774319,34.820120174098925,1.5934115844667636,2.5499996160794405
1442,1721344,4513520,3,1.6923519935356456e-15,0.00047671887141837089,2.5568834060620053e-16,1.8674706983123076e-07,5.0174540986234452e-16,31.700368820967043,34.825619425249648,1.5931587319113283,2.5499996120947657
1443,1721856,4515056,3,1.6923519935356456e-15,0.00047671887141837089,2.5568834060620053e-16,1.8691809735670592e-07,5.0153133563613807e-16,31.705406374776842,34.831081064900118,1.5929060290932564,2.5499996080742191
1444,1722368,4516592,3,1.6923519935356456e-15,0.00047671887141837089,2.5568834060620053e-16,1.8708608905885224e-07,5.013717408886299e-16,31.710445919259271,34.836512332330614,1.5926534718117098,2.5499996040175197
1445,1722880,4518128,3,1.6923519935356456e-15,0.00047671887141837089,2.5568834060620053e-16,1.8725515068379475e-07,5.0117175645631207e-16,31.715487452333488,34.841917416094326,1.5924010575974881,2.5499995999243987
1446,1723392,4519664,3,1.6923519935356456e-15,0.00047671887141837089,2.5568834060620053e-16,1.8742242448537569e-07,5.008826261037575e-16,31.720530971783269,34.84729914592149,1.5921487847511306,2.5499995957945853
1447,1723904,4521200,3,1.6923519935356456e-15,0.00047671887141837089,2.5568834060620053e-16,1.8759175238430023e-07,5.0064152660739393e-16,31.725576475258016,34.852659602163698,1.5918966519970059,2.5499995916278047
1448,1724416,4522736,3,1.6923519935356456e-15,0.00047671887141837089,2.5568834060620053e-16,1.8776368274574109e-07,5.0046461894381564e-16,31.730623960273977,34.858000399196783,1.5916446583226314,2.5499995874237702
1449,1724928,4524272,3,1.6923519935356456e-15,0.00047671887141837089,2.5568834060620053e-16,1.8793241824006804e-07,5.0022998406427198e-16,31.735673424215385,34.863322838003313,1.5913928028922149,2.5499995831822151
1450,1725440,4525808,3,1.6923519935356456e-15,0.00047671887141837089,2.5568834060620053e-16,1.8810077646326398e-07,4.999695699006053e-16,31.740724864335593,34.868627996719269,1.5911410849953778,2.5499995789028609
1451,1725952,4527344,3,1.6923519935356456e-15,0.00047671887141837089,2.5568834060620053e-16,1.8826848073907756e-07,4.9975080973500282e-16,31.745778277758653,34.873916788261511,1.5908895040145343,2.5499995745854207
1452,1726464,4528880,3,1.6923519935356456e-15,0.00047671887141837089,2.5568834060620053e-16,1.8843662078957138e-07,4.9960691746046033e-16,31.750833661480318,34.879189999001269,1.5906380594030287,2.5499995702296085
1453,1726976,4530416,3,1.6923519935356456e-15,0.00047671887141837089,2.5568834060620053e-16,1.8860410808877467e-07,4.9943766348583248e-16,31.755891012369844,34.884448315821459,1.5903867506698397,2.5499995658351424
1454,1727488,4531952,3,1.6923519935356456e-15,0.00047671887141837089,2.5568834060620053e-16,1.8877077756820773e-07,4.9922981616541741e-16,31.760950327171042,34.889692345694726,1.5901355773685106,2.5499995614017297
1455,1728000,4533488,3,1.6923519935356456e-15,0.00047671887141837089,2.5568834060620053e-16,1.8893882367995587e-07,4.9906358076025288e-16,31.766011602504069,34.894922630248402,1.5898845390889547,2.549999556929103
1456,1728512,4535024,3,1.6923519935356456e-15,0.00047671887141837089,2.5568834060620053e-16,1.8911014266759793e-07,4.9888610955403289e-16,31.771074834866909,34.900139656856282,1.5896336354511831,2.5499995524169465
1457,1729024,4536560,3,1.6923519935356456e-15,0.00047671887141837089,2.5568834060620053e-16,1.8927962139552454e-07,4.9870402591116912e-16,31.776140020636905,34.905343867254722,1.5893828661004707,2.549999547864982
1458,1729536,4538096,3,1.6923519935356456e-15,0.00047671887141837089,2.5568834060620053e-16,1.8944783138139528e-07,4.9846493855749498e-16,31.781207156072533,34.910535664351983,1.5891322307035136,2.5499995432729148
1459,1730048,4539632,3,1.6923519935356456e-15,0.00047671887141837089,2.5568834060620053e-16,1.896136368054733e-07,4.9828748027597206e-16,31.786276237314816,34.915715417690357,1.5888817289453629,2.5499995386404501
1460,1730560,4541168,3,1.6923519935356456e-15,0.00047671887141837089,2.5568834060620053e-16,1.8978404230768222e-07,4.9818815240862965e-16,31.791347260389422,34.920883467886384,1.5886313605269371,2.5499995339672874
1461,1731072,4542704,3,1.6923519935356456e-15,0.00047671887141837089,2.5568834060620053e-16,1.8995847949113001e-07,4.9794585041783763e-16,31.79642022120796,34.926040130281606,1.5883811251629849,2.5499995292531312
1462,1731584,4544240,3,1.6923519935356456e-15,0.00047671887141837089,2.5568834060620053e-16,1.9012706906658968e-07,4.9771581154118542e-16,31.801495115570148,34.931185697977554,1.5881310225803829,2.5499995244976885
1463,1732096,4545776,3,1.6923519935356456e-15,0.00047671887141837089,2.5568834060620053e-16,1.9029622875631766e-07,4.9749759887221323e-16,31.806571939165341,34.936320444380506,1.5878810525167133,2.5499995197006395
1464,1732608,4547312,3,1.6923519935356456e-15,0.00047671887141837089,2.5568834060620053e-16,1.9046575915818717e-07,4.973663048362809e-16,31.811650687574552,34.941444625355125,1.5876312147190756,2.5499995148616934
1465,1733120,4548848,3,1.6923519935356456e-15,0.00047671887141837089,2.5568834060620053e-16,1.9063870209246611e-07,4.9730109894468812e-16,31.816731356272125,34.946558481060009,1.5873815089430492,2.5499995099805504
1466,1733632,4550384,3,1.6923519935356456e-15,0.00047671887141837089,2.5568834060620053e-16,1.9080754441713623e-07,4.9718519638766054e-16,31.821813940627848,34.951662237523635,1.5871319349518362,2.5499995050568898
1467,1734144,4551920,3,1.6923519935356456e-15,0.00047671887141837089,2.5568834060620053e-16,1.9097922032760292e-07,4.9698679342773869e-16,31.826898435908554,34.956756108006161,1.5868824925155065,2.5499995000904119
1468,1734656,4553456,3,1.6923519935356456e-15,0.00047671887141837089,2.5568834060620053e-16,1.9114667480497069e-07,4.9677750118435219e-16,31.831984837280338,34.96184029418297,1.5866331814103347,2.5499994950808085
1469,1735168,4554992,3,1.6923519935356456e-15,0.00047671887141837089,2.5568834060620053e-16,1.9131934550215565e-07,4.9659879941772406e-16,31.837073139810233,34.966914987179329,1.5863840014182442,2.5499994900277607
1470,1735680,4556528,3,1.6923519935356456e-15,0.00047671887141837089,2.5568834060620053e-16,1.9148864155676134e-07,4.9632782465856396e-16,31.842163338468286,34.971980368478661,1.5861349523262969,2.54999948493096
1471,1736192,4558064,3,1.6923519935356456e-15,0.00047671887141837089,2.5568834060620053e-16,1.9165724228562561e-07,4.9610757335773569e-16,31.847255428129483,34.977036610724703,1.585886033926261,2.5499994797900882
1472,1736704,4559600,3,1.6923519935356456e-15,0.00047671887141837089,2.5568834060620053e-16,1.9183139502212823e-07,4.9584687678943801e-16,31.852349403575534,34.982083878431879,1.5856372460142234,2.5499994746048178
1473,1737216,4561136,3,1.6923519935356456e-15,0.00047671887141837089,2.5568834060620053e-16,1.9199812951552772e-07,4.9565691748241394e-16,31.857445259496895,34.987122328618021,1.5853885883902408,2.5499994693748449
1474,1737728,4562672,3,1.6923519935356456e-15,0.00047671887141837089,2.5568834060620053e-16,1.9216913950988742e-07,4.9540701829652236e-16,31.862542990494664,34.992152111369492,1.5851400608580439,2.5499994640998418
1475,1738240,4564208,3,1.6923519935356456e-15,0.00047671887141837089,2.5568834060620053e-16,1.9233897710092687e-07,4.9518435495641494e-16,31.867642591082348,34.997173370347497,1.5848916632247498,2.5499994587794905
1476,1738752,4565744,3,1.6923519935356456e-15,0.00047671887141837089,2.5568834060620053e-16,1.9250688625538922e-07,4.9502784409332673e-16,31.872744055687587,35.002186243244154,1.5846433953006274,2.5499994534134522
1477,1739264,4567280,3,1.6923519935356456e-15,0.00047671887141837089,2.5568834060620053e-16,1.926745237530226e-07,4.948492559670976e-16,31.877847378654039,35.007190862193553,1.5843952568988751,2.5499994480014223
1478,1739776,4568816,3,1.6923519935356456e-15,0.00047671887141837089,2.5568834060620053e-16,1.9284631965344476e-07,4.9462956789225595e-16,31.882952554242838,35.012187354144103,1.5841472478354022,2.549999442543053
1479,1740288,4570352,3,1.6923519935356456e-15,0.00047671887141837089,2.5568834060620053e-16,1.930195186476539e-07,4.9438661715921914e-16,31.88805957663417,35.017175841196362,1.5838993679286948,2.5499994370380348
1480,1740800,4571888,3,1.6923519935356456e-15,0.00047671887141837089,2.5568834060620053e-16,1.9319190426732172e-07,4.941194853002392e-16,31.893168439928647,35.022156440910287,1.5836516169995947,2.5499994314860124
1481,1741312,4573424,3,1.6923519935356456e-15,0.00047671887141837089,2.5568834060620053e-16,1.9336080706358485e-07,4.9401246069178039e-16,31.898279138148574,35.027129266586208,1.5834039948711993,2.5499994258866665
1482,1741824,4574960,3,1.6923519935356456e-15,0.00047671887141837089,2.5568834060620053e-16,1.9353095631591135e-07,4.9389358252698256e-16,31.903391665239049,35.032094427521116,1.5831565013686937,2.5499994202396601
1483,1742336,4576496,3,1.6923519935356456e-15,0.00047671887141837089,2.5568834060620053e-16,1.9370036330174653e-07,4.9369679050130365e-16,31.908506015068919,35.037052029243853,1.5829091363192471,2.5499994145446534
1484,1742848,4578032,3,1.6923519935356456e-15,0.00047671887141837089,2.5568834060620053e-16,1.9386785448412832e-07,4.935205075141842e-16,31.913622181431432,35.042002173731163,1.5826618995518902,2.5499994088013032
1485,1743360,4579568,3,1.6923519935356456e-15,0.00047671887141837089,2.5568834060620053e-16,1.9403807185904573e-07,4.9331690904575959e-16,31.918740158044937,35.046944959606627,1.5824147908974142,2.5499994030092719
1486,1743872,4581104,3,1.6923519935356456e-15,0.00047671887141837089,2.5568834060620053e-16,1.9421164928231379e-07,4.9321560114713762e-16,31.923859938552972,35.051880482323796,1.5821678101882846,2.5499993971682136
1487,1744384,4582640,3,1.6923519935356456e-15,0.00047671887141837089,2.5568834060620053e-16,1.9438116179658218e-07,4.9303491386915838e-16,31.928981516524626,35.056808834336074,1.5819209572585236,2.5499993912777983
1488,1744896,4584176,3,1.6923519935356456e-15,0.00047671887141837089,2.5568834060620053e-16,1.9455213012895553e-07,4.9282536240158508e-16,31.934104885454374,35.06173010525319,1.5816742319436667,2.5499993853376597
1489,1745408,4585712,3,1.6923519935356456e-15,0.00047671887141837089,2.5568834060620053e-16,1.9472445274693614e-07,4.9264487987665683e-16,31.939230038761625,35.066644381986968,1.5814276340806648,2.5499993793474593
1490,1745920,4587248,3,1.6923519935356456e-15,0.00047671887141837089,2.5568834060620053e-16,1.94893038958767e-07,4.9237452387444431e-16,31.944356969790206,35.071551748886243,1.5811811635078323,2.5499993733068438
1491,1746432,4588784,3,1.6923519935356456e-15,0.00047671887141837089,2.5568834060620053e-16,1.9506538999672232e-07,4.9215933974633923e-16,31.949485671807651,35.076452287862672,1.5809348200647573,2.5499993672154635
1492,1746944,4590320,3,1.6923519935356456e-15,0.00047671887141837089,2.5568834060620053e-16,1.9523480438548993e-07,4.9199311414455742e-16,31.954616138004145,35.081346078507707,1.580688603592266,2.5499993610729632
1493,1747456,4591856,3,1.6923519935356456e-15,0.00047671887141837089,2.5568834060620053e-16,1.9540745452533434e-07,4.9174744866291135e-16,31.959748361491219,35.086233198202109,1.5804425139323586,2.5499993548789806
1494,1747968,4593392,3,1.6923519935356456e-15,0.00047671887141837089,2.5568834060620053e-16,1.955815010429838e-07,4.9158986811311945e-16,31.964882335300413,35.091113722217493,1.5801965509281546,2.5499993486331678
1495,1748480,4594928,3,1.6923519935356456e-15,0.00047671887141837089,2.5568834060620053e-16,1.9575124069760732e-07,4.9135038577424047e-16,31.970018052381562,35.095987723812435,1.5799507144238578,2.5499993423351572
1496,1748992,4596464,3,1.6923519935356456e-15,0.00047671887141837089,2.5568834060620053e-16,1.9591676377722503e-07,4.9115146275035786e-16,31.97515550560091,35.100855274321574,1.5797050042647027,2.5499993359845945
1497,1749504,4598000,3,1.6923519935356456e-15,0.00047671887141837089,2.5568834060620053e-16,1.9609058061401682e-07,4.9094825173203971e-16,31.980294687739335,35.105716443239437,1.5794594202969001,2.5499993295811056
1498,1750016,4599536,3,1.6923519935356456e-15,0.00047671887141837089,2.5568834060620053e-16,1.9626247171866542e-07,4.9066840679205378e-16,31.985435591489956,35.110571298299512,1.5792139623676182,2.5499993231243412
1499,1750528,4601072,3,1.6923519935356456e-15,0.00047671887141837089,2.5568834060620053e-16,1.9643328723664568e-07,4.9052087350109937e-16,31.99057820945594,35.115419905548102,1.5789686303249442,2.5499993166139103
1500,1751040,4602608,3,1.6923519935356456e-15,0.00047671887141837089,2.5568834060620053e-16,1.9660248716415204e-07,4.9033446343221331e-16,31.995722534148168,35.120262329414089,1.5787234240178445,2.5499993100494591
1501,1751552,4604144,3,1.6923519935356456e-15,0.00047671887141837089,2.5568834060620053e-16,1.9677474812745823e-07,4.9011490707295951e-16,32.000868557982592,35.125214993349665,1.5784783307434809,2.5499993034306105
1502,1752064,4605680,3,1.6923519935356456e-15,0.00047671887141837089,2.5568834060620053e-16,1.969447429208738e-07,4.8989374443881606e-16,32.006016273277581,35.13025627941046,1.5782333524793499,2.549999296756988
1503,1752576,4607216,3,1.6923519935356456e-15,0.00047671887141837089,2.5568834060620053e-16,1.9711594706808702e-07,4.8965204413144679e-16,32.011165672251359,35.13535227548401,1.5779884927920926,2.549999290028222
1504,1753088,4608752,3,1.6923519935356456e-15,0.00047671887141837089,2.5568834060620053e-16,1.9728916966928059e-07,4.8942961636333054e-16,32.016316747019346,35.140490919524424,1.5777437528486444,2.5499992832439302
1505,1753600,4610288,3,1.6923519935356456e-15,0.00047671887141837089,2.5568834060620053e-16,1.9746037259611584e-07,4.8925890931670977e-16,32.021469489591226,35.145665268426193,1.577499133260776,2.5499992764037347
1506,1754112,4611824,3,1.6923519935356456e-15,0.00047671887141837089,2.5568834060620053e-16,1.9762947423419005e-07,4.890459154530068e-16,32.026623891868226,35.150870658109973,1.5772546343937306,2.5499992695072544
1507,1754624,4613360,3,1.6923519935356456e-15,0.00047671887141837089,2.5568834060620053e-16,1.9780184834310024e-07,4.8890830499483119e-16,32.031779945640473,35.15610368059086,1.5770102564771975,2.5499992625541155
1508,1755136,4614896,3,1.6923519935356456e-15,0.00047671887141837089,2.5568834060620053e-16,1.9797216890977834e-07,4.8874552961508313e-16,32.036937642584178,35.161361708327895,1.5767659996568655,2.5499992555439084
1509,1755648,4616432,3,1.6923519935356456e-15,0.00047671887141837089,2.5568834060620053e-16,1.9814509987706738e-07,4.8851561951365019e-16,32.042096974258861,35.166642638160774,1.5765218640221614,2.5499992484762681
1510,1756160,4617968,3,1.6923519935356456e-15,0.00047671887141837089,2.5568834060620053e-16,1.9831561986061738e-07,4.883624303946445e-16,32.047257932104763,35.171944739376841,1.5762778496226675,2.5499992413507888
1511,1756672,4619504,3,1.6923519935356456e-15,0.00047671887141837089,2.5568834060620053e-16,1.984871172836509e-07,4.8805782837190221e-16,32.052420507440353,35.177266557031892,1.576033956478617,2.549999234167097
1512,1757184,4621040,3,1.6923519935356456e-15,0.00047671887141837089,2.5568834060620053e-16,1.9865828352368672e-07,4.8782531556605891e-16,32.057584691459724,35.182606847083711,1.5757901845878843,2.5499992269247791
1513,1757696,4622576,3,1.6923519935356456e-15,0.00047671887141837089,2.5568834060620053e-16,1.9882800967175326e-07,4.8766019072841492e-16,32.062750475230168,35.18796453102302,1.5755465339308878,2.5499992196234507
1514,1758208,4624112,3,1.6923519935356456e-15,0.00047671887141837089,2.5568834060620053e-16,1.990001440366749e-07,4.8735683867897577e-16,32.067917849690033,35.193338663055918,1.5753030044741245,2.549999212262712
1515,1758720,4625648,3,1.6923519935356456e-15,0.00047671887141837089,2.5568834060620053e-16,1.9917165331047184e-07,4.8717432415902339e-16,32.073086805646412,35.198728405699327,1.5750595961728253,2.5499992048421611
1516,1759232,4627184,3,1.6923519935356456e-15,0.00047671887141837089,2.5568834060620053e-16,1.9934137897455053e-07,4.8699774391033365e-16,32.078257333772967,35.20413301120449,1.574816308972923,2.5499991973613927
1517,1759744,4628720,3,1.6923519935356456e-15,0.00047671887141837089,2.5568834060620053e-16,1.995144986493961e-07,4.868643862720305e-16,32.083429424608454,35.209551807134375,1.5745731428126386,2.5499991898200096
1518,1760256,4630256,3,1.6923519935356456e-15,0.00047671887141837089,2.5568834060620053e-16,1.9968283978990261e-07,4.8670147900867354e-16,32.088603068554377,35.214984184972124,1.5743300976236849,2.5499991822176087
1519,1760768,4631792,3,1.6923519935356456e-15,0.00047671887141837089,2.5568834060620053e-16,1.9985269370815942e-07,4.8659531379563473e-16,32.093778255873794,35.220429590988992,1.5740871733322472,2.5499991745537702
1520,1761280,4633328,3,1.6923519935356456e-15,0.00047671887141837089,2.5568834060620053e-16,2.0002675259091781e-07,4.8641217830214922e-16,32.098954976689676,35.225887518826902,1.5738443698597753,2.5499991668280804
1521,1761792,4634864,3,1.6923519935356456e-15,0.00047671887141837089,2.5568834060620053e-16,2.0019745611341574e-07,4.8620742742249731e-16,32.104133220983442,35.231357503403061,1.5736016871236433,2.5499991590401403
1522,1762304,4636400,3,1.6923519935356456e-15,0.00047671887141837089,2.5568834060620053e-16,2.0037179922020734e-07,4.8594147355918253e-16,32.109312978594154,35.236839115849214,1.5733591250377037,2.5499991511895286
1523,1762816,4637936,3,1.6923519935356456e-15,0.00047671887141837089,2.5568834060620053e-16,2.0054192979997034e-07,4.8564669811253759e-16,32.114494239217173,35.242331959270167,1.5731166835126966,2.5499991432758295
1524,1763328,4639472,3,1.6923519935356456e-15,0.00047671887141837089,2.5568834060620053e-16,2.007154002393722e-07,4.854942241105585e-16,32.119676992403541,35.247835665159521,1.5728743624566726,2.5499991352986324
1525,1763840,4641008,3,1.6923519935356456e-15,0.00047671887141837089,2.5568834060620053e-16,2.008857128809661e-07,4.8537634982636923e-16,32.124861227559308,35.253349890346577,1.5726321617753023,2.5499991272575078
1526,1764352,4642544,3,1.6923519935356456e-15,0.00047671887141837089,2.5568834060620053e-16,2.0105783158827364e-07,4.8513627285448975e-16,32.130046933944946,35.258874314379042,1.5723900813721474,2.5499991191520262
1527,1764864,4644080,3,1.6923519935356456e-15,0.00047671887141837089,2.5568834060620053e-16,2.0123072427455238e-07,4.8487381049469116e-16,32.135234100674936,35.264408637263472,1.5721481211488997,2.5499991109817746
1528,1765376,4645616,3,1.6923519935356456e-15,0.00047671887141837089,2.5568834060620053e-16,2.013998782119373e-07,4.8463305248174891e-16,32.140422716718049,35.269952577504085,1.5719062810056066,2.5499991027463147
1529,1765888,4647152,3,1.6923519935356456e-15,0.00047671887141837089,2.5568834060620053e-16,2.0157401854516707e-07,4.8449311106738121e-16,32.145612770896832,35.275505870391264,1.5716645608408235,2.5499990944452287
1530,1766400,4648688,3,1.6923519935356456e-15,0.00047671887141837089,2.5568834060620053e-16,2.0174640228873144e-07,4.8430469655246282e-16,32.150804251888175,35.281068266499851,1.5714229605517951,2.5499990860780799
1531,1766912,4650224,3,1.6923519935356456e-15,0.00047671887141837089,2.5568834060620053e-16,2.0192229020234023e-07,4.8399645600777515e-16,32.15599714822352,35.286639530366308,1.5711814800345665,2.5499990776444368
1532,1767424,4651760,3,1.6923519935356456e-15,0.00047671887141837089,2.5568834060620053e-16,2.0209241977596362e-07,4.837333342040826e-16,32.161191448289394,35.29221943931752,1.5709401191841452,2.5499990691438508
1533,1767936,4653296,3,1.6923519935356456e-15,0.00047671887141837089,2.5568834060620053e-16,2.0226170388005929e-07,4.8351876034139912e-16,32.166387140328524,35.297807782430695,1.5706988778945576,2.5499990605758991
1534,1768448,4654832,3,1.6923519935356456e-15,0.00047671887141837089,2.5568834060620053e-16,2.0242998924226715e-07,4.8325943868945117e-16,32.171584212440216,35.303404359604947,1.570457756058983,2.5499990519401332
1535,1768960,4656368,3,1.6923519935356456e-15,0.00047671887141837089,2.5568834060620053e-16,2.0260443504902534e-07,4.8298897168347786e-16,32.176782652582276,35.309008980731129,1.5702167535698379,2.5499990432361082
1536,1769472,4657904,3,1.6923519935356456e-15,0.00047671887141837089,2.5568834060620053e-16,2.0277712838521902e-07,4.8278873057313854e-16,32.181982448571809,35.31462146494583,1.5699758703188356,2.5499990344633856
1537,1769984,4659440,3,1.6923519935356456e-15,0.00047671887141837089,2.5568834060620053e-16,2.0294617109300203e-07,4.825892735460094e-16,32.187183588087301,35.320241639959171,1.5697351061970635,2.5499990256215148
1538,1770496,4660976,3,1.6923519935356456e-15,0.00047671887141837089,2.5568834060620053e-16,2.0311882879537343e-07,4.8239432770344717e-16,32.192386058670451,35.32586934144836,1.5694944610950414,2.5499990167100459
1539,1771008,4662512,3,1.6923519935356456e-15,0.00047671887141837089,2.5568834060620053e-16,2.0329178807595169e-07,4.8228781663843944e-16,32.197589847728473,35.331504412507449,1.5692539349027834,2.5499990077285264
1540,1771520,4664048,3,1.6923519935356456e-15,0.00047671887141837089,2.5568834060620053e-16,2.0346744058671742e-07,4.8205756730894482e-16,32.202794942536883,35.337146703148164,1.5690135275098449,2.549998998676509
1541,1772032,4665584,3,1.6923519935356456e-15,0.00047671887141837089,2.5568834060620053e-16,2.0363799048383904e-07,4.8180497265809202e-16,32.208001330242034,35.342796069844717,1.5687732388053701,2.5499989895535342
1542,1772544,4667120,3,1.6923519935356456e-15,0.00047671887141837089,2.5568834060620053e-16,2.0380444112009935e-07,4.8153767537591427e-16,32.21320899786474,35.348452375119372,1.5685330686781302,2.5499989803591459
1543,1773056,4668656,3,1.6923519935356456e-15,0.00047671887141837089,2.5568834060620053e-16,2.0397864334826274e-07,4.8131352152742885e-16,32.218417932303986,35.354115487162353,1.5682930170165583,2.5499989710928785
1544,1773568,4670192,3,1.6923519935356456e-15,0.00047671887141837089,2.5568834060620053e-16,2.0415034850616723e-07,4.8108132618445737e-16,32.22362812034082,35.359785279484029,1.5680530837088005,2.549998961754266
1545,1774080,4671728,3,1.6923519935356456e-15,0.00047671887141837089,2.5568834060620053e-16,2.0432377728965425e-07,4.8090018003449566e-16,32.228839548642966,35.365461630595213,1.5678132686427271,2.5499989523428486
1546,1774592,4673264,3,1.6923519935356456e-15,0.00047671887141837089,2.5568834060620053e-16,2.0449658573429155e-07,4.8075312009118443e-16,32.234052203769657,35.371144423713432,1.567573571705976,2.5499989428581595
1547,1775104,4674800,3,1.6923519935356456e-15,0.00047671887141837089,2.5568834060620053e-16,2.0467040657482513e-07,4.8060006504006146e-16,32.239266072177124,35.376833546491149,1.5673339927859682,2.549998933299733
1548,1775616,4676336,3,1.6923519935356456e-15,0.00047671887141837089,2.5568834060620053e-16,2.048406556847738e-07,4.8036693468572976e-16,32.244481140224288,35.382528890765791,1.5670945317699356,2.5499989236670917
1549,1776128,4677872,3,1.6923519935356456e-15,0.00047671887141837089,2.5568834060620053e-16,2.0501382191092385e-07,4.8008173956092888e-16,32.249697394179101,35.388230352328115,1.5668551885449586,2.5499989139597647
1550,1776640,4679408,3,1.6923519935356456e-15,0.00047671887141837089,2.5568834060620053e-16,2.0518481959395104e-07,4.7990214023225029e-16,32.254914820224926,35.393937830707273,1.5666159629979659,2.5499989041772624
1551,1777152,4680944,3,1.6923519935356456e-15,0.00047671887141837089,2.5568834060620053e-16,2.0535604961543227e-07,4.7965674016572092e-16,32.260133404467908,35.399651228971891,1.5663768550157622,2.5499988943191281
1552,1777664,4682480,3,1.6923519935356456e-15,0.00047671887141837089,2.5568834060620053e-16,2.0553180852979921e-07,4.7953351938025537e-16,32.265353132944213,35.405370453544904,1.5661378644850446,2.549998884384856
1553,1778176,4684016,3,1.6923519935356456e-15,0.00047671887141837089,2.5568834060620053e-16,2.0570484936579961e-07,4.7930156532845351e-16,32.270573991627991,35.411095414031159,1.5658989912924186,2.5499988743739879
1554,1778688,4685552,3,1.6923519935356456e-15,0.00047671887141837089,2.5568834060620053e-16,2.0587937070155057e-07,4.7912159693505006e-16,32.275795966439546,35.416826023057006,1.5656602353244262,2.5499988642860187
1555,1779200,4687088,3,1.6923519935356456e-15,0.00047671887141837089,2.5568834060620053e-16,2.0604818683276357e-07,4.7884923513617437e-16,32.281019043254162,35.422562196120531,1.56542159646752,2.5499988541204743
1556,1779712,4688624,3,1.6923519935356456e-15,0.00047671887141837089,2.5568834060620053e-16,2.0622046436701577e-07,4.786627499037125e-16,32.286243207910559,35.428303851451389,1.5651830746081432,2.5499988438768573
1557,1780224,4690160,3,1.6923519935356456e-15,0.00047671887141837089,2.5568834060620053e-16,2.0639698912536816e-07,4.784283294384309e-16,32.291468446220478,35.434050909880064,1.5649446696326763,2.5499988335546711
1558,1780736,4691696,3,1.6923519935356456e-15,0.00047671887141837089,2.5568834060620053e-16,2.0657026751440135e-07,4.7823173722856871e-16,32.296694743977746,35.439803294715254,1.5647063814274889,2.5499988231534285
1559,1781248,4693232,3,1.6923519935356456e-15,0.00047671887141837089,2.5568834060620053e-16,2.0674155744108838e-07,4.7801167464124238e-16,32.301922086968297,35.445560931628741,1.5644682098789189,2.5499988126726243
1560,1781760,4694768,3,1.6923519935356456e-15,0.00047671887141837089,2.5568834060620053e-16,2.0691436270424282e-07,4.7782096867446851e-16,32.307150460979898,35.451323748547594,1.5642301548733231,2.5499988021117592
1561,1782272,4696304,3,1.6923519935356456e-15,0.00047671887141837089,2.5568834060620053e-16,2.0708700408807048e-07,4.7760752437861026e-16,32.312379851812075,35.456989462160145,1.5639922210163639,2.5499987914703359
1562,1782784,4697840,3,1.6923519935356456e-15,0.00047671887141837089,2.5568834060620053e-16,2.0725898855640393e-07,4.7741984441300052e-16,32.317610245286268,35.462577048152461,1.5637544073949785,2.5499987807478481
1563,1783296,4699376,3,1.6923519935356456e-15,0.00047671887141837089,2.5568834060620053e-16,2.0743587916967212e-07,4.7714643207535985e-16,32.322841627256125,35.468116282358871,1.5635167124985951,2.5499987699437843
1564,1783808,4700912,3,1.6923519935356456e-15,0.00047671887141837089,2.5568834060620053e-16,2.076084069317142e-07,4.7695288166710396e-16,32.328073983617784,35.473617747765175,1.5632791357193083,2.5499987590576407
1565,1784320,4702448,3,1.6923519935356456e-15,0.00047671887141837089,2.5568834060620053e-16,2.0778043047122449e-07,4.7673913815158381e-16,32.333307300320186,35.479087531422117,1.5630416766582522,2.5499987480889068
1566,1784832,4703984,3,1.6923519935356456e-15,0.00047671887141837089,2.5568834060620053e-16,2.0795509412021998e-07,4.7652480286588357e-16,32.338541563375095,35.484529719049142,1.5628043350095624,2.549998737037062
1567,1785344,4705520,3,1.6923519935356456e-15,0.00047671887141837089,2.5568834060620053e-16,2.0812982887813283e-07,4.7631146389984411e-16,32.343776758867719,35.489947293567624,1.5625671105186476,2.549998725901601
1568,1785856,4707056,3,1.6923519935356456e-15,0.00047671887141837089,2.5568834060620053e-16,2.0830095485089997e-07,4.7614730583600338e-16,32.349012872966554,35.49534255289322,1.562330002962818,2.5499987146819847
1569,1786368,4708592,3,1.6923519935356456e-15,0.00047671887141837089,2.5568834060620053e-16,2.0847483760197968e-07,4.7602955702477328e-16,32.354249891933492,35.500717334840452,1.562093012140831,2.549998703377709
1570,1786880,4710128,3,1.6923519935356456e-15,0.00047671887141837089,2.5568834060620053e-16,2.0864450667937859e-07,4.7580663955927204e-16,32.3594878021337,35.506073150558095,1.5618561378667304,2.5499986919882476
1571,1787392,4711664,3,1.6923519935356456e-15,0.00047671887141837089,2.5568834060620053e-16,2.0881351368221565e-07,4.755676479776032e-16,32.364726590045443,35.51141126943088,1.5616193799659024,2.5499986805130672
1572,1787904,4713200,3,1.6923519935356456e-15,0.00047671887141837089,2.5568834060620053e-16,2.0898540944112734e-07,4.7539432951532626e-16,32.369966242269484,35.516732776036548,1.5613827382724348,2.5499986689516345
1573,1788416,4714736,3,1.6923519935356456e-15,0.00047671887141837089,2.5568834060620053e-16,2.0915722653553356e-07,4.7519492387679266e-16,32.375206745538328,35.522038609978154,1.5611462126272744,2.5499986573034299
1574,1788928,4716272,3,1.6923519935356456e-15,0.00047671887141837089,2.5568834060620053e-16,2.0933235375728562e-07,4.7506764362492283e-16,32.380448086725586,35.527329594691594,1.5609098028769015,2.5499986455679156
1575,1789440,4717808,3,1.6923519935356456e-15,0.00047671887141837089,2.5568834060620053e-16,2.0950625294313554e-07,4.7482253585688007e-16,32.385690252854424,35.532606458863818,1.5606735088723269,2.5499986337445621
1576,1789952,4719344,3,1.6923519935356456e-15,0.00047671887141837089,2.5568834060620053e-16,2.0967699804695519e-07,4.7455580187177477e-16,32.390933231106274,35.537869852733174,1.5604373304683457,2.5499986218328154
1577,1790464,4720880,3,1.6923519935356456e-15,0.00047671887141837089,2.5568834060620053e-16,2.0984949175984488e-07,4.7435670177307994e-16,32.396177008829191,35.543120360741426,1.560201267522948,2.5499986098321417
1578,1790976,4722416,3,1.6923519935356456e-15,0.00047671887141837089,2.5568834060620053e-16,2.1002068826039702e-07,4.7411162115982573e-16,32.40142157354564,35.548358511524164,1.5599653198968626,2.5499985977420017
1579,1791488,4723952,3,1.6923519935356456e-15,0.00047671887141837089,2.5568834060620053e-16,2.1019605591222076e-07,4.7390350486353991e-16,32.406666912960006,35.553584785917387,1.5597294874531831,2.5499985855618408
1580,1792000,4725488,3,1.6923519935356456e-15,0.00047671887141837089,2.5568834060620053e-16,2.1037062069672327e-07,4.7374179496996901e-16,32.41191301496626,35.558799623458448,1.5594937700570697,2.5499985732911159
1581,1792512,4727024,3,1.6923519935356456e-15,0.00047671887141837089,2.5568834060620053e-16,2.1054237273899914e-07,4.7353576373751349e-16,32.417159867654554,35.564003427726732,1.5592581675754973,2.5499985609292759
1582,1793024,4728560,3,1.6923519935356456e-15,0.00047671887141837089,2.5568834060620053e-16,2.1071502267501354e-07,4.7328360155348703e-16,32.422407459318023,35.569196570776171,1.559022679877053,2.549998548475767
1583,1793536,4730096,3,1.6923519935356456e-15,0.00047671887141837089,2.5568834060620053e-16,2.1088942804796959e-07,4.7312781577236687e-16,32.427655778458949,35.574379396848045,1.5587873068317755,2.5499985359300306
1584,1794048,4731632,3,1.6923519935356456e-15,0.00047671887141837089,2.5568834060620053e-16,2.1106147573483066e-07,4.7294525776727119e-16,32.432904813794941,35.579552225508664,1.558552048311,2.5499985232915061
1585,1794560,4733168,3,1.6923519935356456e-15,0.00047671887141837089,2.5568834060620053e-16,2.1123423530797083e-07,4.7264717475493643e-16,32.438154554263974,35.584715354318682,1.5583169041872313,2.5499985105596323
1586,1795072,4734704,3,1.6923519935356456e-15,0.00047671887141837089,2.5568834060620053e-16,2.1140722101532652e-07,4.7245584279338462e-16,32.443404989030107,35.589869061122826,1.5580818743340539,2.5499984977338492
1587,1795584,4736240,3,1.6923519935356456e-15,0.00047671887141837089,2.5568834060620053e-16,2.1158069701018031e-07,4.7226394389645813e-16,32.448656107488112,35.595013606023493,1.5578469586260217,2.549998484813591
1588,1796096,4737776,3,1.6923519935356456e-15,0.00047671887141837089,2.5568834060620053e-16,2.1175356892488014e-07,4.7199336175082096e-16,32.453907899267975,35.600149233094172,1.5576121569385912,2.5499984717982858
1589,1796608,4739312,3,1.6923519935356456e-15,0.00047671887141837089,2.5568834060620053e-16,2.1192746184751096e-07,4.7166675208381851e-16,32.459160354239067,35.605276171873825,1.5573774691480602,2.5499984586873579
1590,1797120,4740848,3,1.6923519935356456e-15,0.00047671887141837089,2.5568834060620053e-16,2.1210121614752145e-07,4.7151413085661507e-16,32.464413462513768,35.610394638676723,1.5571428951314816,2.5499984454802331
1591,1797632,4742384,3,1.6923519935356456e-15,0.00047671887141837089,2.5568834060620053e-16,2.1227786218646358e-07,4.7126494981212921e-16,32.469667214451093,35.615504837746506,1.556908434766644,2.5499984321763471
1592,1798144,4743920,3,1.6923519935356456e-15,0.00047671887141837089,2.5568834060620053e-16,2.1245200949848589e-07,4.7105330499599478e-16,32.474921600659592,35.620606962276277,1.5566740879319965,2.5499984187751021
1593,1798656,4745456,3,1.6923519935356456e-15,0.00047671887141837089,2.5568834060620053e-16,2.1262895057486e-07,4.7086321590562508e-16,32.480176611999937,35.625701195315457,1.5564398545066251,2.5499984052759244
1594,1799168,4746992,3,1.6923519935356456e-15,0.00047671887141837089,2.5568834060620053e-16,2.1280204783187409e-07,4.7064229056891985e-16,32.485432239587311,35.630787710577025,1.5562057343702025,2.5499983916782289
1595,1799680,4748528,3,1.6923519935356456e-15,0.00047671887141837089,2.5568834060620053e-16,2.1297669123057508e-07,4.7040968955201905e-16,32.49068847479338,35.635866673160685,1.5559717274029627,2.5499983779814408
1596,1800192,4750064,3,1.6923519935356456e-15,0.00047671887141837089,2.5568834060620053e-16,2.1315042574259488e-07,4.702345236658545e-16,32.49594530924761,35.640938240200938,1.5557378334856744,2.5499983641849595
1597,1800704,4751600,3,1.6923519935356456e-15,0.00047671887141837089,2.5568834060620053e-16,2.1332501881002894e-07,4.7000569704177703e-16,32.501202734838529,35.646002561450857,1.5555040524996002,2.5499983502881816
1598,1801216,4753136,3,1.6923519935356456e-15,0.00047671887141837089,2.5568834060620053e-16,2.1349473450812126e-07,4.6973715690134188e-16,32.506460743714122,35.651059779809628,1.5552703843264977,2.549998336290523
1599,1801728,4754672,3,1.6923519935356456e-15,0.00047671887141837089,2.5568834060620053e-16,2.1366776624289493e-07,4.6952231978842845e-16,32.511719328282332,35.656110031799102,1.5550368288485574,2.5499983221913927
1600,1802240,4756208,3,1.6923519935356456e-15,0.00047671887141837089,2.5568834060620053e-16,2.1383823228695317e-07,4.6934042451656215e-16,32.516978481210657,35.6611534479973,1.5548033859484323,2.5499983079901742
1601,1802752,4757744,3,1.6923519935356456e-15,0.00047671887141837089,2.5568834060620053e-16,2.1400940686146794e-07,4.6917831689775062e-16,32.522238195425587,35.666190153432289,1.5545700555091826,2.5499982936862735
1602,1803264,4759280,3,1.6923519935356456e-15,0.00047671887141837089,2.5568834060620053e-16,2.1418091092935973e-07,4.6895210570891012e-16,32.527498464111218,35.671220267941813,1.554336837414263,2.5499982792790918
1603,1803776,4760816,3,1.6923519935356456e-15,0.00047671887141837089,2.5568834060620053e-16,2.1435372675264333e-07,4.6869270243750016e-16,32.532759280707687,35.676243906501796,1.5541037315475319,2.5499982647680017
1604,1804288,4762352,3,1.6923519935356456e-15,0.00047671887141837089,2.5568834060620053e-16,2.1452889657313242e-07,4.6847788222362816e-16,32.538020638909202,35.681261179527155,1.5538707377932075,2.5499982501524086
1605,1804800,4763888,3,1.6923519935356456e-15,0.00047671887141837089,2.5568834060620053e-16,2.1469959070123537e-07,4.683295764752286e-16,32.543282532660847,35.686272193148127,1.5536378560358757,2.5499982354316928
1606,1805312,4765424,3,1.6923519935356456e-15,0.00047671887141837089,2.5568834060620053e-16,2.1487286262668889e-07,4.680929219954453e-16,32.548544956156015,35.691277049464318,1.5534050861604729,2.5499982206052398
1607,1805824,4766960,3,1.6923519935356456e-15,0.00047671887141837089,2.5568834060620053e-16,2.1504958474453114e-07,4.6784987491525417e-16,32.553807903832102,35.696275846778789,1.5531724280522685,2.5499982056724244
1608,1806336,4768496,3,1.6923519935356456e-15,0.00047671887141837089,2.5568834060620053e-16,2.1521906640067098e-07,4.6761731331221709e-16,32.559071370366738,35.701268679813687,1.5529398815968636,2.5499981906326301
1609,1806848,4770032,3,1.6923519935356456e-15,0.00047671887141837089,2.5568834060620053e-16,2.1539401762952223e-07,4.6741269409645424e-16,32.564335350672678,35.706255639910552,1.5527074466801736,2.5499981754852308
1610,1807360,4771568,3,1.6923519935356456e-15,0.00047671887141837089,2.5568834060620053e-16,2.1556499084947897e-07,4.6728904330631714e-16,32.569599839892959,35.71123681521442,1.5524751231884291,2.5499981602296029
1611,1807872,4773104,3,1.6923519935356456e-15,0.00047671887141837089,2.5568834060620053e-16,2.1573962568385016e-07,4.6699532457644239e-16,32.574864833394749,35.716212290845824,1.5522429110081659,2.5499981448651146
1612,1808384,4774640,3,1.6923519935356456e-15,0.00047671887141837089,2.5568834060620053e-16,2.1591775234917767e-07,4.6674996999192201e-16,32.580130326763516,35.721182149060049,1.5520108100262071,2.5499981293911267
1613,1808896,4776176,3,1.6923519935356456e-15,0.00047671887141837089,2.5568834060620053e-16,2.1608925442127011e-07,4.6651370508189548e-16,32.585396315796224,35.726146469394585,1.5517788201296681,2.54999811380701
1614,1809408,4777712,3,1.6923519935356456e-15,0.00047671887141837089,2.5568834060620053e-16,2.162639104374823e-07,4.6624333975451403e-16,32.590662796494222,35.731105328807736,1.5515469412059444,2.5499980981121175
1615,1809920,4779248,3,1.6923519935356456e-15,0.00047671887141837089,2.5568834060620053e-16,2.1644170318068376e-07,4.6596795073309034e-16,32.595929765056049,35.736058801806855,1.5513151731427093,2.5499980823058235
1616,1810432,4780784,3,1.6923519935356456e-15,0.00047671887141837089,2.5568834060620053e-16,2.1661346869568951e-07,4.6576024177801976e-16,32.601197217869121,35.741006960568271,1.5510835158279019,2.5499980663874711
1617,1810944,4782320,3,1.6923519935356456e-15,0.00047671887141837089,2.5568834060620053e-16,2.1679037565265493e-07,4.6554624588193991e-16,32.606465151502078,35.745949875050101,1.5508519691497327,2.5499980503564199
1618,1811456,4783856,3,1.6923519935356456e-15,0.00047671887141837089,2.5568834060620053e-16,2.1696113164793593e-07,4.6532377273521224e-16,32.611733562695832,35.750887613096566,1.5506205329966603,2.5499980342120203
1619,1811968,4785392,3,1.6923519935356456e-15,0.00047671887141837089,2.5568834060620053e-16,2.1713654430542553e-07,4.6514397139998078e-16,32.617002448354995,35.755820240537197,1.5503892072574099,2.5499980179536199
1620,1812480,4786928,3,1.6923519935356456e-15,0.00047671887141837089,2.5568834060620053e-16,2.1730874628032728e-07,4.6491293297895587e-16,32.622271805538972,35.760747821278187,1.5501579918209536,2.5499980015805597
1621,1812992,4788464,3,1.6923519935356456e-15,0.00047671887141837089,2.5568834060620053e-16,2.1748414870555046e-07,4.6468547816930084e-16,32.62754163145248,35.765743275379215,1.5499268834223261,2.5499979850921934
1622,1813504,4790000,3,1.6923519935356456e-15,0.00047671887141837089,2.5568834060620053e-16,2.176567522351098e-07,4.6449909894520434e-16,32.632811923436336,35.770793088863435,1.5496958824851619,2.5499979684878387
1623,1814016,4791536,3,1.6923519935356456e-15,0.00047671887141837089,2.5568834060620053e-16,2.1783134043924659e-07,4.6423899912955748e-16,32.638082678957687,35.775876049103751,1.5494649898329289,2.5499979517668536
1624,1814528,4793072,3,1.6923519935356456e-15,0.00047671887141837089,2.5568834060620053e-16,2.1800952259057185e-07,4.6401138228943761e-16,32.643353895600562,35.780984623925768,1.5492342056859731,2.5499979349285633
1625,1815040,4794608,3,1.6923519935356456e-15,0.00047671887141837089,2.5568834060620053e-16,2.1818358229472181e-07,4.6379866943449836e-16,32.648625571056137,35.786114485618548,1.5490035301251703,2.5499979179722971
1626,1815552,4796144,3,1.6923519935356456e-15,0.00047671887141837089,2.5568834060620053e-16,2.1835559951983865e-07,4.6361216666968491e-16,32.653897703112627,35.79126273278461,1.5487729631694893,2.5499979008973912
1627,1816064,4797680,3,1.6923519935356456e-15,0.00047671887141837089,2.5568834060620053e-16,2.1852828696924822e-07,4.6338604712340899e-16,32.659170289646013,35.796427249873112,1.5485425048038828,2.5499978837031581
1628,1816576,4799216,3,1.6923519935356456e-15,0.00047671887141837089,2.5568834060620053e-16,2.1870132305731046e-07,4.631222666383796e-16,32.664443328609899,35.801606409384945,1.5483121549922512,2.5499978663889338
1629,1817088,4800752,3,1.6923519935356456e-15,0.00047671887141837089,2.5568834060620053e-16,2.1888038397097639e-07,4.6297159192225387e-16,32.669716818025925,35.806798911569736,1.5480819136844071,2.5499978489540278
1630,1817600,4802288,3,1.6923519935356456e-15,0.00047671887141837089,2.5568834060620053e-16,2.1905417428644832e-07,4.6271704092462889e-16,32.674990755974193,35.812003689320363,1.5478517808202186,2.5499978313977629
1631,1818112,4803824,3,1.6923519935356456e-15,0.00047671887141837089,2.5568834060620053e-16,2.1922716537491624e-07,4.6252851794565268e-16,32.680265140583622,35.817219847663182,1.5476217563322259,2.5499978137194526
1632,1818624,4805360,3,1.6923519935356456e-15,0.00047671887141837089,2.5568834060620053e-16,2.1940248212041221e-07,4.6230770523475774e-16,32.685539970022788,35.822446623165675,1.5473918401474243,2.5499977959184084
1633,1819136,4806896,3,1.6923519935356456e-15,0.00047671887141837089,2.5568834060620053e-16,2.1958201036684785e-07,4.6203029173402127e-16,32.690815242490416,35.827683355551677,1.5471620321884785,2.5499977779939322
1634,1819648,4808432,3,1.6923519935356456e-15,0.00047671887141837089,2.5568834060620053e-16,2.1975466553912506e-07,4.6181371098253772e-16,32.696090956206575,35.832929467173123,1.5469323323746329,2.5499977599453389
1635,1820160,4809968,3,1.6923519935356456e-15,0.00047671887141837089,2.5568834060620053e-16,2.1992999846178482e-07,4.6161970340189703e-16,32.70136710940362,35.838184447750052,1.5467027406223566,2.5499977417719237
1636,1820672,4811504,3,1.6923519935356456e-15,0.00047671887141837089,2.5568834060620053e-16,2.2010578317756138e-07,4.6135783852499464e-16,32.70664370031772,35.843447842757115,1.5464732568458524,2.5499977234729854
1637,1821184,4813040,3,1.6923519935356456e-15,0.00047671887141837089,2.5568834060620053e-16,2.2027944469415203e-07,4.610855972295321e-16,32.711920727180427,35.848719244411036,1.5462438809574603,2.5499977050478209
1638,1821696,4814576,3,1.6923519935356456e-15,0.00047671887141837089,2.5568834060620053e-16,2.2045159972743652e-07,4.6086020264890195e-16,32.717198188210304,35.853998284555161,1.5460146128679566,2.5499976864957312
1639,1822208,4816112,3,1.6923519935356456e-15,0.00047671887141837089,2.5568834060620053e-16,2.2062562588984072e-07,4.6054992974729864e-16,32.722476081605357,35.859284628956878,1.5457854524868035,2.5499976678160001
1640,1822720,4817648,3,1.6923519935356456e-15,0.00047671887141837089,2.5568834060620053e-16,2.2080272108945678e-07,4.6020682874198243e-16,32.727754405535087,35.864577972678831,1.5455563997223418,2.5499976490079259
1641,1823232,4819184,3,1.6923519935356456e-15,0.00047671887141837089,2.5568834060620053e-16,2.2097637339379841e-07,4.5998206838269991e-16,32.733033158133402,35.869878036276759,1.5453274544819802,2.5499976300707869
1642,1823744,4820720,3,1.6923519935356456e-15,0.00047671887141837089,2.5568834060620053e-16,2.211513855877715e-07,4.5974871867687186e-16,32.73831233749128,35.875184562644371,1.545098616672296,2.5499976110038594
1643,1824256,4822256,3,1.6923519935356456e-15,0.00047671887141837089,2.5568834060620053e-16,2.2132860666412715e-07,4.5952783086702459e-16,32.743591941650237,35.880497314370714,1.544869886199171,2.5499975918064299
1644,1824768,4823792,3,1.6923519935356456e-15,0.00047671887141837089,2.5568834060620053e-16,2.2150189037962878e-07,4.593878772840546e-16,32.748871968595694,35.885816071508309,1.5446412629679012,2.5499975724777673
1645,1825280,4825328,3,1.6923519935356456e-15,0.00047671887141837089,2.5568834060620053e-16,2.2167610192585932e-07,4.5923121279155466e-16,32.754152416250776,35.891140629673409,1.5444127468832485,2.5499975530171519
1646,1825792,4826864,3,1.6923519935356456e-15,0.00047671887141837089,2.5568834060620053e-16,2.2184757840384159e-07,4.5894985826633786e-16,32.759433282470582,35.896470798418363,1.5441843378495259,2.5499975334238569
1647,1826304,4828400,3,1.6923519935356456e-15,0.00047671887141837089,2.5568834060620053e-16,2.2202181636123705e-07,4.5874235131782015e-16,32.764714565036414,35.901806399827635,1.543956035770673,2.5499975136971376
1648,1826816,4829936,3,1.6923519935356456e-15,0.00047671887141837089,2.5568834060620053e-16,2.2219754963552365e-07,4.5858427447258542e-16,32.76999626165081,35.907147267300125,1.5437278405502959,2.5499974938362664
1649,1827328,4831472,3,1.6923519935356456e-15,0.00047671887141837089,2.5568834060620053e-16,2.2237180292613992e-07,4.583171895367182e-16,32.775278369932238,35.912493244486988,1.5434997520916809,2.5499974738404991
1650,1827840,4833008,3,1.6923519935356456e-15,0.00047671887141837089,2.5568834060620053e-16,2.2254765425529796e-07,4.5814746559425545e-16,32.780560887410786,35.917844184361265,1.5432717702979009,2.5499974537091066
1651,1828352,4834544,3,1.6923519935356456e-15,0.00047671887141837089,2.5568834060620053e-16,2.2272204599159276e-07,4.5789559865554654e-16,32.785843811523534,35.923199948397794,1.5430438950717986,2.5499974334413325
1652,1828864,4836080,3,1.6923519935356456e-15,0.00047671887141837089,2.5568834060620053e-16,2.2290000152991881e-07,4.5768385211558381e-16,32.791127139610765,35.92856040584914,1.5428161263160367,2.5499974130364338
1653,1829376,4837616,3,1.6923519935356456e-15,0.00047671887141837089,2.5568834060620053e-16,2.2307521247029319e-07,4.5745459940948035e-16,32.796410868912297,35.933925433101912,1.5425884639331267,2.5499973924936628
1654,1829888,4839152,3,1.6923519935356456e-15,0.00047671887141837089,2.5568834060620053e-16,2.2324683621155341e-07,4.57243005639437e-16,32.80169499656396,35.939294913103417,1.5423609078254426,2.5499973718122568
1655,1830400,4840688,3,1.6923519935356456e-15,0.00047671887141837089,2.5568834060620053e-16,2.2341839043377034e-07,4.5706610204713829e-16,32.806979519594577,35.944668734849415,1.5421334578952612,2.5499973509914686
1656,1830912,4842224,3,1.6923519935356456e-15,0.00047671887141837089,2.5568834060620053e-16,2.2358982841476923e-07,4.5687245833549424e-16,32.812264434923463,35.950046792923828,1.5419061140447587,2.5499973300305219
1657,1831424,4843760,3,1.6923519935356456e-15,0.00047671887141837089,2.5568834060620053e-16,2.2376363538792335e-07,4.5661111738057468e-16,32.817549739357858,35.955428987085163,1.5416788761760507,2.5499973089286798
1658,1831936,4845296,3,1.6923519935356456e-15,0.00047671887141837089,2.5568834060620053e-16,2.239401567739733e-07,4.5644075462203449e-16,32.822835429591031,35.960815221892865,1.5414517441911988,2.549997287685164
1659,1832448,4846832,3,1.6923519935356456e-15,0.00047671887141837089,2.5568834060620053e-16,2.2411478173169638e-07,4.5617384770448238e-16,32.828121502200823,35.96620540636917,1.5412247179922114,2.5499972662992008
1660,1832960,4848368,3,1.6923519935356456e-15,0.00047671887141837089,2.5568834060620053e-16,2.2428770139465989e-07,4.558900797376568e-16,32.833407953648013,35.971599453692569,1.5409977974810845,2.5499972447700148
1661,1833472,4849904,3,1.6923519935356456e-15,0.00047671887141837089,2.5568834060620053e-16,2.2446208766657574e-07,4.5565219365702724e-16,32.838694780275844,35.976997280918745,1.5407709825597882,2.5499972230968453
1662,1833984,4851440,3,1.6923519935356456e-15,0.00047671887141837089,2.5568834060620053e-16,2.2464019325154358e-07,4.5538616579335938e-16,32.843981978309294,35.982398808726252,1.540544273130293,2.5499972012789076
1663,1834496,4852976,3,1.6923519935356456e-15,0.00047671887141837089,2.5568834060620053e-16,2.2481370613615944e-07,4.5518313683878651e-16,32.849269543855122,35.987803961183964,1.5403176690945848,2.5499971793154184
1664,1835008,4854512,3,1.6923519935356456e-15,0.00047671887141837089,2.5568834060620053e-16,2.249902366442528e-07,4.5490481718107604e-16,32.854557472902144,35.993212665538401,1.5400911703546423,2.5499971572056022
1665,1835520,4856048,3,1.6923519935356456e-15,0.00047671887141837089,2.5568834060620053e-16,2.2516012438528057e-07,4.5464780495923719e-16,32.859845761321999,35.99862485201848,1.5398647768124831,2.549997134948657
1666,1836032,4857584,3,1.6923519935356456e-15,0.00047671887141837089,2.5568834060620053e-16,2.2533599617029784e-07,4.5439857093641804e-16,32.865134404870226,36.00404045365611,1.539638488370151,2.5499971125437968
1667,1836544,4859120,3,1.6923519935356456e-15,0.00047671887141837089,2.5568834060620053e-16,2.2550959389243266e-07,4.541416026133128e-16,32.87042339918807,36.009459406120783,1.5394123049297219,2.5499970899902427
1668,1837056,4860656,3,1.6923519935356456e-15,0.00047671887141837089,2.5568834060620053e-16,2.256849116137106e-07,4.5397576546330147e-16,32.875712739804165,36.014881647567051,1.5391862263933214,2.5499970672871828
1669,1837568,4862192,3,1.6923519935356456e-15,0.00047671887141837089,2.5568834060620053e-16,2.2586200463711606e-07,4.5380034280864255e-16,32.881002422137058,36.020307118493847,1.5389602526631214,2.5499970444338138
1670,1838080,4863728,3,1.6923519935356456e-15,0.00047671887141837089,2.5568834060620053e-16,2.2603369283549648e-07,4.5359858757004136e-16,32.88629244149778,36.025735761613987,1.538734383641345,2.5499970214293484
1671,1838592,4865264,3,1.6923519935356456e-15,0.00047671887141837089,2.5568834060620053e-16,2.2621030728859356e-07,4.5340680398726213e-16,32.891582793093484,36.031167521733153,1.5385086192302844,2.5499969982729711
1672,1839104,4866800,3,1.6923519935356456e-15,0.00047671887141837089,2.5568834060620053e-16,2.263891573847849e-07,4.5316172779425432e-16,32.896873472030343,36.036602345638087,1.5382829593322807,2.5499969749638742
1673,1839616,4868336,3,1.6923519935356456e-15,0.00047671887141837089,2.5568834060620053e-16,2.2656538233521575e-07,4.5299927457550546e-16,32.902164473317974,36.042040181991766,1.5380574038497614,2.5499969515012473
1674,1840128,4869872,3,1.6923519935356456e-15,0.00047671887141837089,2.5568834060620053e-16,2.2674240258783876e-07,4.5272798252149462e-16,32.907455791873382,36.047480981236895,1.5378319526852142,2.5499969278842696
1675,1840640,4871408,3,1.6923519935356456e-15,0.00047671887141837089,2.5568834060620053e-16,2.2691624867987461e-07,4.5252058023717379e-16,32.912747422525392,36.052924695504757,1.5376066057412032,2.5499969041121315
1676,1841152,4872944,3,1.6923519935356456e-15,0.00047671887141837089,2.5568834060620053e-16,2.2709084340483695e-07,4.523063395990302e-16,32.918039360019932,36.058371278531396,1.5373813629203752,2.5499968801840032
1677,1841664,4874480,3,1.6923519935356456e-15,0.00047671887141837089,2.5568834060620053e-16,2.2726732154683274e-07,4.5210683343866514e-16,32.92333159902465,36.063820685578179,1.5371562241254595,2.5499968560990602
1678,1842176,4876016,3,1.6923519935356456e-15,0.00047671887141837089,2.5568834060620053e-16,2.274475214955455e-07,4.5185426306685578e-16,32.928624134134665,36.069272873358429,1.5369311892592707,2.5499968318564856
1679,1842688,4877552,3,1.6923519935356456e-15,0.00047671887141837089,2.5568834060620053e-16,2.2762470094027245e-07,4.5159190294141102e-16,32.933916959877777,36.074727799968009,1.536706258224708,2.549996807455436
1680,1843200,4879088,3,1.6923519935356456e-15,0.00047671887141837089,2.5568834060620053e-16,2.2780176531905652e-07,4.5133902816713625e-16,32.939210070720833,36.080185424820449,1.5364814309247612,2.549996782895088
1681,1843712,4880624,3,1.6923519935356456e-15,0.00047671887141837089,2.5568834060620053e-16,2.2797867462483753e-07,4.510569905135181e-16,32.944503461075243,36.085703004675096,1.5362567120056738,2.5499967581745877
1682,1844224,4882160,3,1.6923519935356456e-15,0.00047671887141837089,2.5568834060620053e-16,2.2815401134914378e-07,4.5081420049908937e-16,32.949797125303277,36.091269826473088,1.5360321005675328,2.5499967332931135
1683,1844736,4883696,3,1.6923519935356456e-15,0.00047671887141837089,2.5568834060620053e-16,2.2832941269363424e-07,4.5062579132853323e-16,32.955091057724353,36.096869125343225,1.5358075951092851,2.5499967082497994
1684,1845248,4885232,3,1.6923519935356456e-15,0.00047671887141837089,2.5568834060620053e-16,2.2850645963671265e-07,4.5038419815397798e-16,32.960385252621343,36.102494897186737,1.5355831950374097,2.5499966830438163
1685,1845760,4886768,3,1.6923519935356456e-15,0.00047671887141837089,2.5568834060620053e-16,2.2868385572845243e-07,4.5008795682696533e-16,32.965679704247002,36.108143660176843,1.5353588999685928,2.5499966576743125
1686,1846272,4888304,3,1.6923519935356456e-15,0.00047671887141837089,2.5568834060620053e-16,2.2885655296430449e-07,4.4986060528563989e-16,32.970974406830472,36.1138130563129,1.5351347096130528,2.5499966321404304
1687,1846784,4889840,3,1.6923519935356456e-15,0.00047671887141837089,2.5568834060620053e-16,2.2903482201226546e-07,4.4963320329275944e-16,32.976269354583913,36.119501347661341,1.5349106237326187,2.5499966064413027
1688,1847296,4891376,3,1.6923519935356456e-15,0.00047671887141837089,2.5568834060620053e-16,2.2921022503770297e-07,4.4947349803262897e-16,32.981564541708792,36.125207182083074,1.5346866421212082,2.5499965805760878
1689,1847808,4892912,3,1.6923519935356456e-15,0.00047671887141837089,2.5568834060620053e-16,2.2938451039641741e-07,4.492702058859873e-16,32.986859962402562,36.130929467089146,1.5344627645943731,2.5499965545439127
1690,1848320,4894448,3,1.6923519935356456e-15,0.00047671887141837089,2.5568834060620053e-16,2.2956159234708292e-07,4.4910242537852435e-16,32.992155610865034,36.136667294973115,1.5342389909830541,2.5499965283439145
1691,1848832,4895984,3,1.6923519935356456e-15,0.00047671887141837089,2.5568834060620053e-16,2.2973954966089846e-07,4.4891297928537158e-16,32.997451481304864,36.142419895153139,1.5340153211296415,2.549996501975222
1692,1849344,4897520,3,1.6923519935356456e-15,0.00047671887141837089,2.5568834060620053e-16,2.2991281188838039e-07,4.4869030541809839e-16,33.002747567945718,36.148186602182101,1.5337917548853035,2.5499964754369571
1693,1849856,4899056,3,1.6923519935356456e-15,0.00047671887141837089,2.5568834060620053e-16,2.3009058619320602e-07,4.4854439840300236e-16,33.008043865032562,36.153966833360116,1.5335682921081408,2.5499964487282547
1694,1850368,4900592,3,1.6923519935356456e-15,0.00047671887141837089,2.5568834060620053e-16,2.3026868898960587e-07,4.4826570895678398e-16,33.013340366837937,36.159760072530034,1.533344932661836,2.5499964218482205
1695,1850880,4902128,3,1.6923519935356456e-15,0.00047671887141837089,2.5568834060620053e-16,2.3044623134542288e-07,4.4803427189286496e-16,33.018637067667633,36.165565858017636,1.5331216764146545,2.5499963947959863
1696,1851392,4903664,3,1.6923519935356456e-15,0.00047671887141837089,2.5568834060620053e-16,2.30622122719805e-07,4.478438350958323e-16,33.023933961866788,36.171383773444092,1.5328985232386918,2.549996367570659
1697,1851904,4905200,3,1.6923519935356456e-15,0.00047671887141837089,2.5568834060620053e-16,2.3080191490268278e-07,4.476176142005443e-16,33.029231043825575,36.177213440584815,1.5326754730092802,2.5499963401713481
1698,1852416,4906736,3,1.6923519935356456e-15,0.00047671887141837089,2.5568834060620053e-16,2.3097911360804449e-07,4.4741722775844877e-16,33.034528307984516,36.18305451372381,1.5324525256045127,2.5499963125971541
1699,1852928,4908272,3,1.6923519935356456e-15,0.00047671887141837089,2.5568834060620053e-16,2.3115790841426184e-07,4.4723255865918289e-16,33.039825748840066,36.188906675121444,1.5322296809048848,2.5499962848471922
1700,1853440,4909808,3,1.6923519935356456e-15,0.00047671887141837089,2.5568834060620053e-16,2.313352807923317e-07,4.4705291092751377e-16,33.045123360949695,36.19476963132832,1.5320069387929705,2.5499962569205605
1701,1853952,4911344,3,1.6923519935356456e-15,0.00047671887141837089,2.5568834060620053e-16,2.3150874412196939e-07,4.4676009488433186e-16,33.050421138936784,36.2006431101521,1.5317842991531947,2.549996228816354
1702,1854464,4912880,3,1.6923519935356456e-15,0.00047671887141837089,2.5568834060620053e-16,2.3168380773227895e-07,4.4649311069647831e-16,33.05571907749566,36.206526858134602,1.5315617618716095,2.549996200533672
1703,1854976,4914416,3,1.6923519935356456e-15,0.00047671887141837089,2.5568834060620053e-16,2.3185550783259714e-07,4.4630886433174188e-16,33.061017171396017,36.212420638434182,1.5313393268357332,2.5499961720716025
1704,1855488,4915952,3,1.6923519935356456e-15,0.00047671887141837089,2.5568834060620053e-16,2.3202920659803763e-07,4.4612106712620501e-16,33.066315415487267,36.218324229032511,1.5311169939343774,2.5499961434292215
1705,1856000,4917488,3,1.6923519935356456e-15,0.00047671887141837089,2.5568834060620053e-16,2.3220849129276669e-07,4.4586492376066443e-16,33.071613804702913,36.224237421204812,1.5308947630575587,2.5499961146056283
1706,1856512,4919024,3,1.6923519935356456e-15,0.00047671887141837089,2.5568834060620053e-16,2.3238302436565669e-07,4.4569345780168104e-16,33.076912334064403,36.230160018205076,1.5306726340963617,2.5499960855998935
1707,1857024,4920560,3,1.6923519935356456e-15,0.00047671887141837089,2.5568834060620053e-16,2.3255888253309467e-07,4.4550281559890017e-16,33.08221099868485,36.23609183412885,1.5304506069428656,2.5499960564111017
1708,1857536,4922096,3,1.6923519935356456e-15,0.00047671887141837089,2.5568834060620053e-16,2.3273460210046373e-07,4.4524289619909972e-16,33.087509793772625,36.24203269292461,1.5302286814900485,2.5499960270383171
1709,1858048,4923632,3,1.6923519935356456e-15,0.00047671887141837089,2.5568834060620053e-16,2.3291403549915859e-07,4.4508238733300415e-16,33.092808714634806,36.247982427527567,1.5300068576317274,2.5499959974806226
1710,1858560,4925168,3,1.6923519935356456e-15,0.00047671887141837089,2.5568834060620053e-16,2.3308717038492696e-07,4.4489493333633566e-16,33.098107756680363,36.253940879099048,1.5297851352624869,2.5499959677370767
1711,1859072,4926704,3,1.6923519935356456e-15,0.00047671887141837089,2.5568834060620053e-16,2.3326260196911705e-07,4.4465175298313068e-16,33.103406915422845,36.259907896354463,1.529563514277634,2.5499959378067456
1712,1859584,4928240,3,1.6923519935356456e-15,0.00047671887141837089,2.5568834060620053e-16,2.3344276511914072e-07,4.444059183236623e-16,33.108706186483495,36.265883334966539,1.5293419945731452,2.5499959076886967
1713,1860096,4929776,3,1.6923519935356456e-15,0.00047671887141837089,2.5568834060620053e-16,2.3361834641083415e-07,4.4424102916140704e-16,33.114005565593502,36.271867057033774,1.5291205760456206,2.5499958773819777
1714,1860608,4931312,3,1.6923519935356456e-15,0.00047671887141837089,2.5568834060620053e-16,2.3379586435909186e-07,4.4407135932818859e-16,33.119305048596644,36.277858930605248,1.528899258592255,2.5499958468856363
1715,1861120,4932848,3,1.6923519935356456e-15,0.00047671887141837089,2.5568834060620053e-16,2.3397302778104542e-07,4.4385443237576929e-16,33.124604631451597,36.283858829254207,1.5286780421107975,2.5499958161987375
1716,1861632,4934384,3,1.6923519935356456e-15,0.00047671887141837089,2.5568834060620053e-16,2.3414898042239126e-07,4.4359529406711164e-16,33.129904310233755,36.289866631693116,1.5284569264995107,2.5499957853203203
1717,1862144,4935920,3,1.6923519935356456e-15,0.00047671887141837089,2.5568834060620053e-16,2.3432585353837112e-07,4.4345191501290279e-16,33.135204081137388,36.295882221427497,1.5282359116571678,2.54999575424943
1718,1862656,4937456,3,1.6923519935356456e-15,0.00047671887141837089,2.5568834060620053e-16,2.3450325907134342e-07,4.4318833568785862e-16,33.140503940477707,36.301905486440184,1.5280149974830011,2.5499957229851051
1719,1863168,4938992,3,1.6923519935356456e-15,0.00047671887141837089,2.5568834060620053e-16,2.3468071549156152e-07,4.4295964824984391e-16,33.145803884692327,36.307936318906329,1.5277941838766937,2.5499956915263824
1720,1863680,4940528,3,1.6923519935356456e-15,0.00047671887141837089,2.5568834060620053e-16,2.3485443755433829e-07,4.4281233518926525e-16,33.151103910343167,36.313974614932391,1.5275734707383593,2.5499956598722981
1721,1864192,4942064,3,1.6923519935356456e-15,0.00047671887141837089,2.5568834060620053e-16,2.3503471750849777e-07,4.4259331768001939e-16,33.156404014117918,36.320020274318345,1.5273528579685094,2.5499956280218714
1722,1864704,4943600,3,1.6923519935356456e-15,0.00047671887141837089,2.5568834060620053e-16,2.3520976730780637e-07,4.4244509333136199e-16,33.161704192831891,36.326073200339728,1.5271323454680594,2.549995595974142
1723,1865216,4945136,3,1.6923519935356456e-15,0.00047671887141837089,2.5568834060620053e-16,2.3538608007601111e-07,4.422438256640331e-16,33.167004443429306,36.332133299547721,1.5269119331382899,2.5499955637281246
1724,1865728,4946672,3,1.6923519935356456e-15,0.00047671887141837089,2.5568834060620053e-16,2.3556572475621909e-07,4.4199020367424655e-16,33.172304762985171,36.338200481585226,1.5266916208808436,2.549995531282844
1725,1866240,4948208,3,1.6923519935356456e-15,0.00047671887141837089,2.5568834060620053e-16,2.3573808080839262e-07,4.4175213151029091e-16,33.177605148706697,36.344274659017039,1.5264714085977049,2.5499954986373035
1726,1866752,4949744,3,1.6923519935356456e-15,0.00047671887141837089,2.5568834060620053e-16,2.3591351967668658e-07,4.4148368297364624e-16,33.182905597934806,36.350355747173857,1.5262512961912118,2.5499954657905328
1727,1867264,4951280,3,1.6923519935356456e-15,0.00047671887141837089,2.5568834060620053e-16,2.3609059009144098e-07,4.4125372783610636e-16,33.188206108146076,36.356443664007024,1.5260312835639931,2.5499954327415275
1728,1867776,4952816,3,1.6923519935356456e-15,0.00047671887141837089,2.5568834060620053e-16,2.3626819680376423e-07,4.4102243860487244e-16,33.19350667695425,36.362538329954297,1.5258113706190248,2.5499953994892985
1729,1868288,4954352,3,1.6923519935356456e-15,0.00047671887141837089,2.5568834060620053e-16,2.3644230687734505e-07,4.4076599626523921e-16,33.198807302111753,36.368639667815387,1.525591557259556,2.5499953660328507
1730,1868800,4955888,3,1.6923519935356456e-15,0.00047671887141837089,2.5568834060620053e-16,2.3661866087558999e-07,4.4052423334417498e-16,33.204107981511982,36.37474760263617,1.5253718433891341,2.5499953323711835
1731,1869312,4957424,3,1.6923519935356456e-15,0.00047671887141837089,2.5568834060620053e-16,2.3679175811265476e-07,4.4034974242446558e-16,33.209408713190612,36.380862061600524,1.5251522289116131,2.5499952985032799
1732,1869824,4958960,3,1.6923519935356456e-15,0.00047671887141837089,2.5568834060620053e-16,2.3696954584077065e-07,4.4012693455393315e-16,33.214709495327995,36.38698297392957,1.5249327137311017,2.5499952644281381
1733,1870336,4960496,3,1.6923519935356456e-15,0.00047671887141837089,2.5568834060620053e-16,2.3714710545795361e-07,4.3989796977130634e-16,33.220010326250893,36.393110270787979,1.5247132977519804,2.549995230144749
1734,1870848,4962032,3,1.6923519935356456e-15,0.00047671887141837089,2.5568834060620053e-16,2.3732338992327748e-07,4.3969200952128714e-16,33.225311204434455,36.399243885195638,1.5244939808789031,2.5499951956520888
1735,1871360,4963568,3,1.6923519935356456e-15,0.00047671887141837089,2.5568834060620053e-16,2.3750020923680873e-07,4.3951619468608265e-16,33.230612128504561,36.405383751945408,1.5242747630167597,2.5499951609491522
1736,1871872,4965104,3,1.6923519935356456e-15,0.00047671887141837089,2.5568834060620053e-16,2.3767916557787408e-07,4.3931585165804458e-16,33.235913097239681,36.411529807525824,1.5240556440707203,2.5499951260348954
1737,1872384,4966640,3,1.6923519935356456e-15,0.00047671887141837089,2.5568834060620053e-16,2.3785786711668374e-07,4.3908898165215792e-16,33.241214109573306,36.417681990048514,1.5238366239461671,2.5499950909083062
1738,1872896,4968176,3,1.6923519935356456e-15,0.00047671887141837089,2.5568834060620053e-16,2.380346693535971e-07,4.3893452144735642e-16,33.246515164595905,36.423840239180052,1.523617702548741,2.5499950555683593
1739,1873408,4969712,3,1.6923519935356456e-15,0.00047671887141837089,2.5568834060620053e-16,2.3821091310756306e-07,4.3869908616717254e-16,33.251816261557515,36.430004496077643,1.5233988797843068,2.549995020014014
1740,1873920,4971248,3,1.6923519935356456e-15,0.00047671887141837089,2.5568834060620053e-16,2.3838936896962989e-07,4.3848834206671465e-16,33.257117399869571,36.436174703328653,1.5231801555589648,2.5499949842442264
1741,1874432,4972784,3,1.6923519935356456e-15,0.00047671887141837089,2.5568834060620053e-16,2.3856915993646652e-07,4.3824960175408157e-16,33.262418579107674,36.442280776340837,1.5229615329489967,2.5499949482579716
1742,1874944,4974320,3,1.6923519935356456e-15,0.00047671887141837089,2.5568834060620053e-16,2.3874732707029064e-07,4.3797538239189343e-16,33.267719799013314,36.448335707529587,1.5227430113243345,2.5499949120541996
1743,1875456,4975856,3,1.6923519935356456e-15,0.00047671887141837089,2.5568834060620053e-16,2.3892354348067782e-07,4.3774685638980749e-16,33.273021059496557,36.45435988863931,1.5225245896530915,2.5499948756318598
1744,1875968,4977392,3,1.6923519935356456e-15,0.00047671887141837089,2.5568834060620053e-16,2.3909657616607996e-07,4.3760311448119072e-16,33.278322360637929,36.460360561918002,1.5223062675101382,2.5499948389899019
1745,1876480,4978928,3,1.6923519935356456e-15,0.00047671887141837089,2.5568834060620053e-16,2.3927512014429311e-07,4.3746235918572375e-16,33.283623702690875,36.466341889292146,1.522088044610967,2.5499948021272698
1746,1876992,4980464,3,1.6923519935356456e-15,0.00047671887141837089,2.5568834060620053e-16,2.3945143042056757e-07,4.3731783272214537e-16,33.288925086083459,36.47230666148036,1.5218699207337161,2.5499947650429049
1747,1877504,4982000,3,1.6923519935356456e-15,0.00047671887141837089,2.5568834060620053e-16,2.3962813949589137e-07,4.370478783355073e-16,33.294226511420796,36.478256913605613,1.5216518956911733,2.5499947277357524
1748,1878016,4983536,3,1.6923519935356456e-15,0.00047671887141837089,2.5568834060620053e-16,2.3980450227704128e-07,4.367767034309507e-16,33.299527979486875,36.484194211440602,1.521433969317689,2.549994690204735
1749,1878528,4985072,3,1.6923519935356456e-15,0.00047671887141837089,2.5568834060620053e-16,2.3998355859369e-07,4.3647025275001223e-16,33.304829491246466,36.49011980550133,1.5212161414622003,2.5499946524487882
1750,1879040,4986608,3,1.6923519935356456e-15,0.00047671887141837089,2.5568834060620053e-16,2.401600182487377e-07,4.36289320057885e-16,33.310131047846816,36.496034722472601,1.5209984119840585,2.5499946144668479
1751,1879552,4988144,3,1.6923519935356456e-15,0.00047671887141837089,2.5568834060620053e-16,2.403380301343517e-07,4.360508737304115e-16,33.315432650619421,36.501939823381832,1.5207807807503704,2.5499945762578244
1752,1880064,4989680,3,1.6923519935356456e-15,0.00047671887141837089,2.5568834060620053e-16,2.4051478699089892e-07,4.3581561167994246e-16,33.320734301081714,36.507835842626548,1.5205632476342341,2.5499945378206466
1753,1880576,4991216,3,1.6923519935356456e-15,0.00047671887141837089,2.5568834060620053e-16,2.4069139114407536e-07,4.3560464117110363e-16,33.32603600093821,36.513723415269681,1.5203458125134868,2.5499944991542294
1754,1881088,4992752,3,1.6923519935356456e-15,0.00047671887141837089,2.5568834060620053e-16,2.4086801684685419e-07,4.3532782607091685e-16,33.331337752081986,36.519603096780337,1.5201284752698092,2.5499944602574818
1755,1881600,4994288,3,1.6923519935356456e-15,0.00047671887141837089,2.5568834060620053e-16,2.4104420878462992e-07,4.3513245366165249e-16,33.33663955659609,36.525475377712297,1.5199112357880515,2.5499944211293202
1756,1882112,4995824,3,1.6923519935356456e-15,0.00047671887141837089,2.5568834060620053e-16,2.4121835442264408e-07,4.3485173967149785e-16,33.341941416754239,36.531340694875745,1.5196940939557175,2.5499943817686384
1757,1882624,4997360,3,1.6923519935356456e-15,0.00047671887141837089,2.5568834060620053e-16,2.4139649797116783e-07,4.3466757911382528e-16,33.347243335021943,36.537199440008649,1.5194770496625938,2.5499943421743523
1758,1883136,4998896,3,1.6923519935356456e-15,0.00047671887141837089,2.5568834060620053e-16,2.4157463269775533e-07,4.3456418496230087e-16,33.35254531405721,36.543051966625306,1.5192601028003874,2.5499943023453469
1759,1883648,5000432,3,1.6923519935356456e-15,0.00047671887141837089,2.5568834060620053e-16,2.4175112578265914e-07,4.3429851519675241e-16,33.357847356711233,36.548898595504326,1.5190432532625187,2.5499942622805216
1760,1884160,5001968,3,1.6923519935356456e-15,0.00047671887141837089,2.5568834060620053e-16,2.4192958537958561e-07,4.3403229549826827e-16,33.36314946602873,36.554739619146041,1.5188265009438986,2.549994221978773
1761,1884672,5003504,3,1.6923519935356456e-15,0.00047671887141837089,2.5568834060620053e-16,2.421055075392379e-07,4.3375675844382668e-16,33.368451645248243,36.560575305433836,1.5186098457407406,2.5499941814389819
1762,1885184,5005040,3,1.6923519935356456e-15,0.00047671887141837089,2.5568834060620053e-16,2.42284040492416e-07,4.3357645704560318e-16,33.373753897802565,36.566405900673374,1.518393287550466,2.5499941406600306
1763,1885696,5006576,3,1.6923519935356456e-15,0.00047671887141837089,2.5568834060620053e-16,2.4246239950834061e-07,4.3332486655970228e-16,33.379056227318422,36.572231632139001,1.5181768262715372,2.5499940996408008
1764,1886208,5008112,3,1.6923519935356456e-15,0.00047671887141837089,2.5568834060620053e-16,2.4264045613334042e-07,4.331220218919226e-16,33.384358637616437,36.578052710224895,1.5179604618033837,2.549994058380169
1765,1886720,5009648,3,1.6923519935356456e-15,0.00047671887141837089,2.5568834060620053e-16,2.4281657489874522e-07,4.3286345517153057e-16,33.389661132710991,36.583869330276556,1.5177441940463219,2.5499940168770046
1766,1887232,5011184,3,1.6923519935356456e-15,0.00047671887141837089,2.5568834060620053e-16,2.4299591428670339e-07,4.3252222533923284e-16,33.394963716809407,36.589681674160659,1.5175280229014589,2.549993975130183
1767,1887744,5012720,3,1.6923519935356456e-15,0.00047671887141837089,2.5568834060620053e-16,2.4317532045717857e-07,4.3220986612656595e-16,33.4002663943117,36.595489911619488,1.5173119482706408,2.5499939331385657
1768,1888256,5014256,3,1.6923519935356456e-15,0.00047671887141837089,2.5568834060620053e-16,2.4335031542708227e-07,4.319953587872983e-16,33.405569169809461,36.60129420144596,1.5170959700564108,2.5499938909010096
1769,1888768,5015792,3,1.6923519935356456e-15,0.00047671887141837089,2.5568834060620053e-16,2.4352705218859274e-07,4.3171969765576482e-16,33.410872048085452,36.607094692508909,1.5168800881619311,2.54999384841638
1770,1889280,5017328,3,1.6923519935356456e-15,0.00047671887141837089,2.5568834060620053e-16,2.437024533925706e-07,4.3156398690251116e-16,33.416175034111959,36.612891524652007,1.5166643024909638,2.5499938056835241
1771,1889792,5018864,3,1.6923519935356456e-15,0.00047671887141837089,2.5568834060620053e-16,2.4388311025356915e-07,4.3131709292194612e-16,33.421478133049931,36.618684829485169,1.5164486129478252,2.5499937627012925
1772,1890304,5020400,3,1.6923519935356456e-15,0.00047671887141837089,2.5568834060620053e-16,2.4406170482932929e-07,4.3107746040454953e-16,33.42678135024758,36.624474731085201,1.5162330194373554,2.5499937194685387
1773,1890816,5021936,3,1.6923519935356456e-15,0.00047671887141837089,2.5568834060620053e-16,2.4424041572783947e-07,4.3087442205372189e-16,33.432084691238757,36.630261346617537,1.5160175218648835,2.5499936759840938
1774,1891328,5023472,3,1.6923519935356456e-15,0.00047671887141837089,2.5568834060620053e-16,2.4441627420492559e-07,4.3064040051567774e-16,33.437388161741318,36.636044786890238,1.5158021201361989,2.5499936322468062
1775,1891840,5025008,3,1.6923519935356456e-15,0.00047671887141837089,2.5568834060620053e-16,2.445977726331914e-07,4.3028624592814773e-16,33.442691767655184,36.641825156850722,1.5155868141575299,2.549993588255504
1776,1892352,5026544,3,1.6923519935356456e-15,0.00047671887141837089,2.5568834060620053e-16,2.4478047976126413e-07,4.2994937125993623e-16,33.447995515060441,36.647602556030115,1.5153716038355309,2.5499935440090256
1777,1892864,5028080,3,1.6923519935356456e-15,0.00047671887141837089,2.5568834060620053e-16,2.4495601573590883e-07,4.2975002520425613e-16,33.45329941021506,36.653377078944061,1.515156489077254,2.5499934995061992
1778,1893376,5029616,3,1.6923519935356456e-15,0.00047671887141837089,2.5568834060620053e-16,2.4513743831165593e-07,4.2948703047618518e-16,33.458603459552315,36.659148815454486,1.5149414697901187,2.5499934547458363
1779,1893888,5031152,3,1.6923519935356456e-15,0.00047671887141837089,2.5568834060620053e-16,2.453160753820697e-07,4.2934226028513178e-16,33.463907669678392,36.664917851097101,1.5147265458819321,2.5499934097267687
1780,1894400,5032688,3,1.6923519935356456e-15,0.00047671887141837089,2.5568834060620053e-16,2.4549531970544666e-07,4.2908079359229676e-16,33.469212047369432,36.670684267378775,1.5145117172608249,2.5499933644478041
1781,1894912,5034224,3,1.6923519935356456e-15,0.00047671887141837089,2.5568834060620053e-16,2.4567371956370079e-07,4.288038326175165e-16,33.474516599568453,36.676448142047597,1.5142969838352864,2.5499933189077626
1782,1895424,5035760,3,1.6923519935356456e-15,0.00047671887141837089,2.5568834060620053e-16,2.4585506581161495e-07,4.2858258965638075e-16,33.479821333382056,36.682209549339753,1.5140823455141055,2.5499932731054407
1783,1895936,5037296,3,1.6923519935356456e-15,0.00047671887141837089,2.5568834060620053e-16,2.4604090951402127e-07,4.2830642444227446e-16,33.485126256076754,36.687968560205086,1.513867802206398,2.5499932270396619
1784,1896448,5038832,3,1.6923519935356456e-15,0.00047671887141837089,2.5568834060620053e-16,2.4621591742756418e-07,4.2810528728207425e-16,33.490431375075339,36.693725242513338,1.5136533538215802,2.5499931807092131
1785,1896960,5040368,3,1.6923519935356456e-15,0.00047671887141837089,2.5568834060620053e-16,2.463924111196212e-07,4.2787996582938012e-16,33.495736697952573,36.699479661243792,1.5134390002693574,2.5499931341128983
1786,1897472,5041904,3,1.6923519935356456e-15,0.00047671887141837089,2.5568834060620053e-16,2.4656906130021563e-07,4.2764812693662917e-16,33.501042232431033,36.705231878659681,1.5132247414597086,2.5499930872495078
1787,1897984,5043440,3,1.6923519935356456e-15,0.00047671887141837089,2.5568834060620053e-16,2.4674941290192412e-07,4.2740169443883541e-16,33.506347986376326,36.710981954468274,1.5130105773029052,2.5499930401178341
1788,1898496,5044976,3,1.6923519935356456e-15,0.00047671887141837089,2.5568834060620053e-16,2.4692968075465263e-07,4.2722949889362705e-16,33.511653967792356,36.716729945969391,1.5127965077094656,2.5499929927166605
1789,1899008,5046512,3,1.6923519935356456e-15,0.00047671887141837089,2.5568834060620053e-16,2.4710974721118975e-07,4.2695808658823465e-16,33.516960184815801,36.722475908192337,1.5125825325901754,2.54999294504477
1790,1899520,5048048,3,1.6923519935356456e-15,0.00047671887141837089,2.5568834060620053e-16,2.4728882302786506e-07,4.2673269817268501e-16,33.52226664571117,36.728219894022232,1.5123686518560706,2.5499928971009465
1791,1900032,5049584,3,1.6923519935356456e-15,0.00047671887141837089,2.5568834060620053e-16,2.4746968252191284e-07,4.2645657634032443e-16,33.527573358864757,36.733961954318104,1.5121548654184327,2.5499928488839467
1792,1900544,5051120,3,1.6923519935356456e-15,0.00047671887141837089,2.5568834060620053e-16,2.4764687076515726e-07,4.2624502555782355e-16,33.532880332778774,36.739702138021315,1.5119411731887842,2.5499928003925576
1793,1901056,5052656,3,1.6923519935356456e-15,0.00047671887141837089,2.5568834060620053e-16,2.4782676247172294e-07,4.2607259947479353e-16,33.538187576065177,36.745440492257821,1.5117275750788772,2.5499927516255405
1794,1901568,5054192,3,1.6923519935356456e-15,0.00047671887141837089,2.5568834060620053e-16,2.4800334251224307e-07,4.2586505597523251e-16,33.543495097439227,36.751177062432006,1.5115140710006987,2.5499927025816533
1795,1902080,5055728,3,1.6923519935356456e-15,0.00047671887141837089,2.5568834060620053e-16,2.4818023771819167e-07,4.2561447150897752e-16,33.548802905713025,36.756911892315138,1.5113006608664534,2.5499926532596735
1796,1902592,5057264,3,1.6923519935356456e-15,0.00047671887141837089,2.5568834060620053e-16,2.4836283241363174e-07,4.2539253182912146e-16,33.554111009788485,36.762645024127202,1.5110873445885646,2.5499926036583358
1797,1903104,5058800,3,1.6923519935356456e-15,0.00047671887141837089,2.5568834060620053e-16,2.4854153303477269e-07,4.2520522503829026e-16,33.559419418650521,36.768376498614231,1.5108741220796691,2.5499925537763977
1798,1903616,5060336,3,1.6923519935356456e-15,0.00047671887141837089,2.5568834060620053e-16,2.4871955699926626e-07,4.2497630144667301e-16,33.564728141359765,36.77410635511955,1.5106609932526196,2.5499925036126081
1799,1904128,5061872,3,1.6923519935356456e-15,0.00047671887141837089,2.5568834060620053e-16,2.4889755784943687e-07,4.2477846213279043e-16,33.570037187045465,36.779834631651838,1.5104479580204788,2.5499924531657041
1800,1904640,5063408,3,1.6923519935356456e-15,0.00047671887141837089,2.5568834060620053e-16,2.4908015115796553e-07,4.2452682737980205e-16,33.575346564897927,36.785561364947604,1.5102350162965028,2.5499924024344414
