time_s,j_water_kg_m2_s,T_surface_C,latent_W_m2,convective_W_m2,mean_T_C,mean_T0_C,cum_conv_J,cum_latent_J,energy_balance_J,max_linear_backward_error,max_scaled_residual
0,0.00046758386478873242,28,1138.3516221827606,0,27.999999999999986,27.999999999999986,0,0,0,0,0
1,0.00046161956077738668,26.570300211031583,1125.3954319060251,35.962494724210359,27.94814162137094,28.00000507175643,0.75678876576419285,35.490885327739917,-1.0910325710101345e-09,1.3693651704711515e-16,1.0095525824050963e-14
2,0.00045917271391871087,25.999144575749902,1120.0517485139474,50.461385606252485,27.897535432533001,28.000020143736911,2.1279556946012166,70.757447681489225,-2.3012710931988865e-09,1.4378149050855197e-16,1.0095525824050963e-14
3,0.00045730484319431592,25.569085212074878,1115.9615887312987,61.432869698128023,27.847732703108424,28.000045077817305,3.8917368045762193,105.87847710252525,-2.4280876919731892e-09,1.4378149050855197e-16,1.0095525824050963e-14
4,0.00045573654465251757,25.212003681755238,1112.5201500046767,70.57990795611903,27.798573435882993,28.000079772392166,5.9690708186628525,140.88207645524261,-2.578903213023795e-09,1.4378149050855197e-16,1.0095525824050963e-14
5,0.00045435967198859085,24.901522775238785,1109.4933365794548,78.561930619030292,27.749965217433573,28.000124143097004,8.3143014287575898,175.78448679230286,-2.7533342960044159e-09,1.4378149050855197e-16,1.0095525824050963e-14
6,0.00045311875979647321,24.624118523689518,1106.7610757647105,85.717036907762093,27.701845728142732,28.000178116359216,10.896647241789164,210.5966676247933,-2.9120957700712946e-09,1.4378149050855197e-16,1.0095525824050963e-14
7,0.00045198085976426265,24.371759332630994,1104.2520342774458,92.246016684225111,27.654169242018632,28.000241626204406,13.693528034269228,245.32666542934879,-3.0760886871987471e-09,1.4378149050855197e-16,1.0095525824050963e-14
8,0.00045092450499288627,24.139213634353464,1101.9197323239068,98.279659141163393,27.606900349020343,28.000314612387442,16.687461646259241,279.98071525078763,-3.2436745666618888e-09,1.4378149050855197e-16,1.0095525824050963e-14
9,0.00044993482583956647,23.922848479199239,1099.7319832283144,103.90878802001905,27.560010572716287,28.000397019182202,19.864393395673698,314.56383556546649,-4.3639750943291067e-09,1.4378149050855197e-16,1.0095525824050963e-14
10,0.00044900091403059938,23.720019602288254,1097.6651500561907,109.19950994279368,27.513476368511519,28.000488794553338,23.212704976645135,349.08017794501757,-5.4833574406142239e-09,1.4378149050855197e-16,1.0095525824050963e-14
11,0.00044811457869282906,23.528731332894235,1095.7014948105486,114.20171667764407,27.467277848321313,28.000589889544351,26.722583358881625,383.5332501510224,-6.603441502442784e-09,1.4378149050855197e-16,1.0095525824050963e-14
12,0.00044726945599086727,23.347433642453431,1093.8272348401781,118.95415893866428,27.421397921264013,28.000700257824217,30.385597581220054,417.92606848199608,-7.7256725217252939e-09,1.4378149050855197e-16,1.0095525824050963e-14
13,0.00044646048495604985,23.174894208644297,1092.0314082445293,123.48764478389258,27.375821694563903,28.00081985533259,34.194402629619752,452.26126291972548,-8.8443811426116637e-09,1.4378149050855197e-16,1.0095525824050963e-14
14,0.00044568356212751418,23.010114141072808,1090.3051262889112,127.82714647317972,27.330536040066367,28.000948640000203,38.142525192785655,486.54115322728762,-9.9636978297723052e-09,1.4378149050855197e-16,1.0095525824050963e-14
15,0.00044493530566706895,22.852270434929761,1088.6410627659425,131.99323912675592,27.285529271763387,28.001086571519803,42.224204294818186,520.76780557204506,-1.108672988165374e-08,1.4378149050855197e-16,1.0095525824050963e-14
16,0.00044421288930705615,22.700675469994934,1087.0330945118133,136.00311325012672,27.240790900237769,28.001233611160231,46.434269951915944,554.94307565060433,-1.2210335818698164e-08,1.4378149050855197e-16,1.0095525824050963e-14
17,0.00044351392241315842,22.554747763083608,1085.4760417438843,139.87130592290978,27.196311441935126,28.0013897216092,50.76804892618506,589.06864219216857,-1.3334934359518766e-08,1.4378149050855197e-16,1.0095525824050963e-14
18,0.00044283636141389285,22.413990373350451,1083.9654762981743,143.61024066623864,27.152082268450485,28.001554866841349,55.221290259432955,623.14603343679482,-1.4459215591502761e-08,1.4378149050855197e-16,1.0095525824050963e-14
19,0.00044217844311830615,22.277974646902319,1082.4975772504563,147.23063382744206,27.108095485647045,28.001729012005203,59.790105549340019,657.17664837659106,-1.5580580180652008e-08,1.4378149050855197e-16,1.0095525824050963e-14
20,0.00044153863365302019,22.146327770903039,1081.0690203514187,150.74180572742409,27.06434383541724,28.001912123325827,64.470920415223432,691.16177402114874,-1.6709658060189535e-08,1.4378149050855197e-16,1.0095525824050963e-14
21,0.00044091558876714469,22.018723099835725,1079.6768920728205,154.15192250410686,27.020820614906729,28.00210416802031,69.260434594285258,725.1025995958878,-1.7837833802540051e-08,1.4378149050855197e-16,1.0095525824050963e-14
22,0.00044030812255704349,21.894872534738294,1078.3186218829405,157.46818663154255,26.977519609405096,28.002305114222807,74.155588790223661,759.00022834033916,-1.8961608247231284e-08,1.4378149050855197e-16,1.0095525824050963e-14
23,0.0004397151825259423,21.774520446831971,1076.9919282376452,160.69698882920073,26.934435036063835,28.002514930920356,79.153536872721261,792.8556874041733,-2.0088087359549299e-08,1.4378149050855197e-16,1.0095525824050963e-14
24,0.00043913582947735616,21.65743877946781,1075.6947750375393,163.84403051330477,26.891561496296038,28.002733587893513,84.251622366262538,826.66993621810104,-2.1211438507799942e-08,1.4378149050855197e-16,1.0095525824050963e-14
25,0.00043856922114438902,21.543423060639022,1074.4253361742046,166.91442348402444,26.848893935208274,28.002961055665939,89.447358413316536,860.44387362922066,-2.2337796198695873e-08,1.4378149050855197e-16,1.0095525824050963e-14
26,0.00043801459874004672,21.432289127366726,1073.1819664013587,169.91277181583183,26.80642760678295,28.003197305456322,94.738410578535024,894.17834402588073,-2.3460901713807544e-08,1.4378149050855197e-16,1.0095525824050963e-14
27,0.00043747127581571541,21.323870412556058,1071.9631772040602,172.84323968609857,26.764158043802656,28.003442309138073,100.12258199625633,927.87414262895072,-2.4581492998912428e-08,1.4378149050855197e-16,1.0095525824050963e-14
28,0.0004369386289614387,21.218015680615789,1070.7676166562358,175.70960798460521,26.722081031719259,28.003696039201216,105.59780046618795,961.53202008995811,-2.5705220444575653e-08,1.4378149050855197e-16,1.0095525824050963e-14
29,0.00043641608998898373,21.114587124338893,1069.5940524891998,178.51532189152763,26.680192585825512,28.00395846871691,111.16210718064133,995.15268650864823,-2.6825884059353512e-08,1.4378149050855197e-16,1.0095525824050963e-14
30,0.00043590313931860203,21.013458755016885,1068.4413577668604,181.26353112457787,26.638488931210716,28.004229571307846,116.8136468273961,1028.7368149609736,-2.7952099837599928e-08,1.4378149050855197e-16,1.0095525824050963e-14
31,0.00043539930035042389,20.914515032397304,1067.3084986932854,183.95712419006739,26.596966485079832,28.004509321118643,122.55065885968536,1062.2850446116458,-2.9074314594695566e-08,1.4378149050855197e-16,1.0095525824050963e-14
32,0.00043490413464703149,20.817649692216428,1066.1945241770361,186.59875769458932,26.555621841088971,28.004797692789506,128.37146976216087,1095.797983472122,-3.0195871975776042e-08,1.4378149050855197e-16,1.0095525824050963e-14
33,0.00043441726091713364,20.722764682286524,1065.0986136152349,189.19088294283685,26.514451753852843,28.005094661433521,134.27448607366853,1129.2762118016001,-2.9611528439093667e-08,1.4378149050855197e-16,1.0095525824050963e-14
34,0.00043393828003364198,20.629769422513469,1064.0198939502855,191.73576443716325,26.47345312872795,28.005400202611934,140.25818860194295,1162.720283159711,-2.9022592600353388e-08,1.4378149050855197e-16,1.0095525824050963e-14
35,0.00043346684554566742,20.538579966359951,1062.9576135012467,194.23550084100114,26.432623011129053,28.005714292315485,146.32112651623325,1196.1307256603313,-2.8433476438811765e-08,1.4378149050855197e-16,1.0095525824050963e-14
36,0.00043300263558306078,20.449118334681227,1061.9110738714644,196.69204163296925,26.391958575335735,28.006036906944853,152.4619125348203,1229.5080446539735,-2.7845120283815856e-08,1.4378149050855197e-16,1.0095525824050963e-14
37,0.00043254535048271121,20.36131194516603,1060.8796247986975,199.10720137084928,26.351457115460171,28.00636802329339,158.67921846608908,1262.8527243190588,-2.7245448785838709e-08,1.4378149050855197e-16,1.0095525824050963e-14
38,0.00043209471070179716,20.275093105389285,1059.862659633239,201.48267236526794,26.311116037272136,28.00670761852961,164.97177117306435,1296.1652291015744,-2.6654854640021052e-08,1.4378149050855197e-16,1.0095525824050963e-14
39,0.00043165045497654998,20.190398564882958,1058.8596113485994,203.82003587792605,26.270932850783886,28.007055670183146,171.33834891239931,1329.4460050212465,-2.6057480601023544e-08,1.4378149050855197e-16,1.0095525824050963e-14
40,0.0004312123386921229,20.107169118417485,1057.8699490096571,206.12077203956289,26.230905163503159,28.007412156129213,177.77777800457307,1362.6954808597548,-2.5464667996447729e-08,1.4378149050855197e-16,1.0095525824050963e-14
41,0.00043078013243470103,20.025349253615612,1056.8931746355927,208.38626865960973,26.191030674284502,28.007777054575623,184.2889297978445,1395.9140692443393,-2.486986294699243e-08,1.4378149050855197e-16,1.0095525824050963e-14
42,0.00043035362070155744,19.944886837019386,1055.9288204049628,210.61782907451533,26.15130716770539,28.00815034405051,190.87071789351512,1429.1021676383546,-2.4276619590657112e-08,1.4378149050855197e-16,1.0095525824050963e-14
43,0.00042993260074850054,19.865732833620065,1054.9764461583734,212.81667915949836,26.111732508918671,28.008532003390211,197.52209560431402,1462.2601592488004,-2.367883729665191e-08,1.4378149050855197e-16,1.0095525824050963e-14
44,0.00042951688155723835,19.787841055598083,1054.0356371609041,214.98397361004794,26.072304638923981,28.008922011728046,204.24205362133478,1495.3884138595693,-2.3073956318286137e-08,1.4378149050855197e-16,1.0095525824050963e-14
45,0.00042910628290775702,19.711167936643495,1053.1060020920088,217.12080158391265,26.033021570219557,28.009320348484156,211.02961786804804,1528.4872885980481,-2.247046316279572e-08,1.4378149050855197e-16,1.0095525824050963e-14
46,0.00042870063454295194,19.635672328745983,1052.1871712352529,219.22819178135038,25.99388138279431,28.009726993354779,217.88384752255004,1561.5571286417751,-2.186892112094309e-08,1.4378149050855197e-16,1.0095525824050963e-14
47,0.0004282997754145321,19.561315318782864,1051.2787948441046,221.30711703042837,25.954882220427539,28.01014192630435,224.80383319147529,1594.5982678710532,-2.1267136323443e-08,1.4378149050855197e-16,1.0095525824050963e-14
48,0.00042790355300076062,19.488060062596208,1050.3805416633534,223.35849843509479,25.91602228726515,28.010565127555541,231.78869522095312,1627.6110294727148,-2.0664736091546436e-08,1.4378149050855197e-16,1.0095525824050963e-14
49,0.00042751182268780378,19.415871634567015,1049.4920975883167,225.38320913582456,25.87729984464799,28.010996577581114,238.83758213167138,1660.5957264996409,-2.0060738067090931e-08,1.4378149050855197e-16,1.0095525824050963e-14
50,0.00042712444720764301,19.344716890951776,1048.6131644466006,227.38207772620552,25.838713208168251,28.011436257096214,245.94966916657597,1693.5526623901244,-1.9464296509736364e-08,1.4378149050855197e-16,1.0095525824050963e-14
51,0.00042674129612628898,19.274564345475451,1047.7434588888291,229.3558913631137,25.800260744933546,28.011884147050715,253.12415694099943,1726.4821314507046,-1.88563767259417e-08,1.4378149050855197e-16,1.0095525824050963e-14
52,0.00042636224537697076,19.205384055862616,1046.8827113768245,231.30539860343458,25.761940871018535,28.012340228622129,260.36027018612378,1759.3844193057134,-1.8255034538954009e-08,1.4378149050855197e-16,1.0095525824050963e-14
53,0.00042598717683349751,19.137147520157384,1046.0306652588174,233.23131199606539,25.723752049091928,28.012804483208697,267.65725657764523,1792.2598033164204,-1.7650207971336805e-08,1.4378149050855197e-16,1.0095525824050963e-14
54,0.00042561597791970925,19.069827581815083,1045.1870759228639,235.13431045462295,25.685692786198764,28.013276892423018,275.01438564236474,1825.1085529723807,-1.7039986194333453e-08,1.4378149050855197e-16,1.0095525824050963e-14
55,0.00042524854125130569,19.003398342681237,1044.3517100204092,237.01504143296913,25.647761631687981,28.013757438086326,282.43094773616582,1857.9309302573126,-1.6430109193131133e-08,1.4378149050855197e-16,1.0095525824050963e-14
56,0.00042488476430685852,18.937835083066634,1043.5243447530927,238.87412292333411,25.60995717527388,28.0142461022213,289.90625308750361,1890.7271899915804,-1.582674456559487e-08,1.4378149050855197e-16,1.0095525824050963e-14
57,0.00042452454912514349,18.873114188227845,1042.7047672165843,240.71214529430387,25.572278045217907,28.014742867048074,297.43963090111015,1923.4975801531914,-1.5217045096899098e-08,1.4378149050855197e-16,1.0095525824050963e-14
58,0.00042416780202626071,18.80921308063515,1041.8927737959673,242.52967298412128,25.534722906624296,28.015247714977871,305.030428517129,1956.2423421790056,-1.4609605418203184e-08,1.4378149050855197e-16,1.0095525824050963e-14
59,0.00042381443335431609,18.746110157480501,1041.0881696078523,244.3272460629874,25.497290459837693,28.015760628608028,312.67801062135663,1988.9617112476863,-1.3996584801123609e-08,1.4378149050855197e-16,1.0095525824050963e-14
60,0.00042346435723963232,18.683784732940897,1040.2907679848063,246.10538167647755,25.459979438937815,28.016281590717131,320.38175850266737,2021.6559165458068,-1.3388578518190194e-08,1.4378149050855197e-16,1.0095525824050963e-14
61,0.00042311712501371252,18.62226585830722,1039.4994409156307,247.9200202089861,25.422789938372556,28.016811890619216,328.14194408603083,2054.3251667385371,-1.2776797663968235e-08,1.4378149050855197e-16,1.0095525824050963e-14
62,0.00042277302672962029,18.561525496490596,1038.7149323618646,249.71519592106839,25.385722047296053,28.01735278090074,335.95882939934557,2086.9696641390556,-1.2172472128660769e-08,1.4378149050855197e-16,1.0095525824050963e-14
63,0.00042243198569245151,18.501531122538339,1037.9370897010983,251.49172193654144,25.348774557802972,28.017904209277575,343.83181724573825,2119.5896205906884,-1.1559319670151969e-08,1.4378149050855197e-16,1.0095525824050963e-14
64,0.00042209392880031412,18.442260129326122,1037.1657590362568,253.25016343351353,25.311946299755196,28.018466133037307,351.76033087002907,2152.1852430820918,-1.0946988779067874e-08,1.4378149050855197e-16,1.0095525824050963e-14
65,0.00042175878592554399,18.38369274694945,1036.4007907981306,254.99101465959706,25.275236134781586,28.019038514068612,359.74381002361133,2184.7567338314975,-1.0333715640309041e-08,1.4378149050855197e-16,1.0095525824050963e-14
66,0.00042142648968498546,18.325810812527177,1035.64204042557,256.71472968682059,25.238642953584456,28.019621317195533,367.78170931004195,2217.3042904363706,-9.7148484836596783e-09,1.4378149050855197e-16,1.0095525824050963e-14
67,0.0004210969752702685,18.268597306013945,1034.889368422271,258.421734016318,25.202165674125091,28.020214509351341,375.87349712905609,2249.8281060323789,-9.10079720143894e-09,1.4378149050855197e-16,1.0095525824050963e-14
68,0.00042077018030252974,18.212036118261597,1034.1426402394543,260.11243037679338,25.165803240198478,28.020818059093678,384.01865487897805,2282.3283694509132,-8.4838602312163754e-09,1.4378149050855197e-16,1.0095525824050963e-14
69,0.00042044604470186416,18.156111913459274,1033.4017260992994,261.78720216351809,25.12955462022315,28.021431936289908,392.21667629938639,2314.8052653718291,-7.8695395111541657e-09,1.4378149050855197e-16,1.0095525824050963e-14
70,0.00042012451056764856,18.100810037271515,1032.6665007986778,263.44641573487877,25.093418806173002,28.022056111899239,400.46706690193588,2347.2589744702764,-7.2569344736061281e-09,1.4378149050855197e-16,1.0095525824050963e-14
71,0.00041980552206778731,18.046116449988432,1031.9368435092565,265.09042208362246,25.057394812608496,28.022690557813583,408.76934346260975,2379.6896735572695,-6.6372912662159581e-09,1.4378149050855197e-16,1.0095525824050963e-14
72,0.00041948902533565485,17.992017674700282,1031.2126375810481,266.71955813249298,25.021481675787427,28.0233352467359,417.12303356011773,2412.0975357140292,-6.0165220004812057e-09,1.4378149050855197e-16,1.0095525824050963e-14
73,0.00041917496837387362,17.938500755196117,1030.4937703526609,268.33414778676376,24.985678452839156,28.023990152088295,425.52767515092506,2444.4827304202458,-5.3989387282259597e-09,1.4378149050855197e-16,1.0095525824050963e-14
74,0.00041886330096428529,17.885553220554275,1029.7801329697461,269.93450281947639,24.949984220991464,28.024655247934032,433.98281617456968,2476.8454236765165,-4.7828072812330093e-09,1.4378149050855197e-16,1.0095525824050963e-14
75,0.00041855397458353855,17.833163054578915,1029.0716202121114,271.52092363552708,24.914398076846826,28.025330508919158,442.48801418479002,2509.1857781212002,-4.1626260701270212e-09,1.4378149050855197e-16,1.0095525824050963e-14
76,0.00041824694232386363,17.781318668901903,1028.3681303296526,273.09369994411907,24.878919135697725,28.026015910219236,451.04283600315875,2541.5039531419934,-3.5456802058397861e-09,1.4378149050855197e-16,1.0095525824050963e-14
77,0.00041794215881859188,17.730008878959243,1027.6695648868306,274.65311135935224,24.843546530880197,28.026711427498174,459.64685739266821,2573.8001049824779,-2.925093181234055e-09,1.4378149050855197e-16,1.0095525824050963e-14
78,0.0004176395801720838,17.679222882288887,1026.9758286154474,276.19942794277773,24.808279413161713,28.027417036870169,468.29966274924396,2606.0743868439213,-2.3101667928071669e-09,1.4378149050855197e-16,1.0095525824050963e-14
79,0.00041733916389372723,17.628950238752164,1026.2868292752953,277.73291069786251,24.773116950159906,28.028132714869983,477.00084480952427,2638.3269489825689,-1.6890156054718827e-09,1.4378149050855197e-16,1.0095525824050963e-14
80,0.00041704086883572058,17.579180852382937,1025.6024775223013,279.25381202375991,24.73805832578816,28.028858438423526,485.75000437351787,2670.5579388026831,-1.0657103105522284e-09,1.4378149050855197e-16,1.0095525824050963e-14
81,0.00041674465513436666,17.529904954636326,1024.9226867837237,280.76237613409188,24.703102739731285,28.029594184825417,494.54675004095583,2702.7675009455484,-4.4604617595107034e-10,1.4378149050855197e-16,1.0095525824050963e-14
82,0.00041645048415464391,17.481113088859964,1024.2473731400287,282.25883944516755,24.668249406941548,28.030339931717439,503.3906979603077,2734.9557773746633,1.6904170078727558e-10,1.4378149050855197e-16,1.0095525824050963e-14
83,0.00041615831843781601,17.432796095844093,1023.5764552130036,283.74343093723098,24.633497557160773,28.031095657068793,512.28147158956335,2767.1229074573193,7.9020928110450036e-10,1.4378149050855197e-16,1.0095525824050963e-14
84,0.00041586812165189625,17.384945100333276,1022.9098540597915,285.21637249166804,24.598846434462857,28.031861339159864,521.21870146797755,2799.2690280427632,1.4155361446056004e-09,1.4378149050855197e-16,1.0095525824050963e-14
85,0.00041557985854475988,17.337551498403062,1022.2474930724413,286.67787920659009,24.564295296815995,28.032636956566328,530.20202499806362,2831.3942735371088,2.0398839634193095e-09,1.4378149050855197e-16,1.0095525824050963e-14
86,0.00041529349489974197,17.290606945620226,1021.5892978826637,288.12815969282769,24.529843415664406,28.03342248814624,539.23108623719054,2863.4987759751848,2.6651857142672239e-09,1.4378149050855197e-16,1.0095525824050963e-14
87,0.00041500899749356504,17.244103345912713,1020.9351962714943,289.56741635218225,24.495490075528561,28.034217913026037,548.30553569819131,2895.5826650894592,3.2892299141281814e-09,1.4378149050855197e-16,1.0095525824050963e-14
88,0.0004147263340564332,17.198032841093479,1020.2851180835237,290.99584563932967,24.461234573619652,28.035023210590268,557.4250301584583,2927.6460683762111,3.9163608776098762e-09,1.4378149050855197e-16,1.0095525824050963e-14
89,0.00041444547323416702,17.152387800980662,1019.6389951454503,292.4136383088167,24.427076219473232,28.035838360470052,566.58923247702364,2959.6891111590635,4.5472278714332133e-09,1.4378149050855197e-16,1.0095525824050963e-14
90,0.00041416638455225619,17.107160814069822,1018.9967611887054,293.82097964825442,24.393014334595591,28.036663342533988,575.79781141918363,2991.711916650027,5.1694252449244749e-09,1.4378149050855197e-16,1.0095525824050963e-14
91,0.00041388903838170728,17.062344678715057,1018.3583517758944,295.21804969879025,24.359048252124698,28.037498136878735,585.05044148824481,3023.7146060081795,5.7966163741377604e-09,1.4378149050855197e-16,1.0095525824050963e-14
92,0.0004136134059065716,17.017932394783099,1017.723704230818,296.60502346375586,24.325177316505396,28.038342723820968,594.34680276400752,3055.6972983960786,6.4223600379243726e-09,1.4378149050855197e-16,1.0095525824050963e-14
93,0.00041333945909306839,16.973917155745326,1017.092757571899,297.98207110636685,24.291400883176358,28.039197083889022,603.68658074763289,3087.6601110340389,7.0497412559708003e-09,1.4378149050855197e-16,1.0095525824050963e-14
94,0.00041306717066019987,16.930292341178774,1016.4654524487987,299.34935813719727,24.25771831826955,28.040061197816669,613.06946621255611,3119.6031592523709,7.6775418902041125e-09,1.4378149050855197e-16,1.0095525824050963e-14
95,0.00041279651405176301,16.887051509648668,1015.8417310820187,300.70704559211663,24.224128998321479,28.040935046535111,622.49515506113823,3151.5265565416635,8.3027151130978757e-09,1.4378149050855197e-16,1.0095525824050963e-14
96,0.00041252746340968415,16.844188391945863,1015.2215372053366,302.05529020135344,24.190632309994101,28.041818611167258,631.96334818676689,3183.4304146012319,8.9278975788431579e-09,1.4378149050855197e-16,1.0095525824050963e-14
97,0.00041225999354862152,16.801696884658693,1014.6048160109652,303.39424455019935,24.157227649808256,28.042711873022306,641.47375134113736,3215.3148433857823,9.5522211569708052e-09,1.4378149050855197e-16,1.0095525824050963e-14
98,0.0004119940799317259,16.759571044056365,1013.9915140971923,304.72405723192412,24.123914423884727,28.043614813588817,651.02607500645695,3247.1799511504032,1.0178195892045411e-08,1.4378149050855197e-16,1.0095525824050963e-14
99,0.00041172969864750899,16.717805080266128,1013.3815794183978,306.04487299334681,24.090692047696113,28.044527414530759,660.62003427233583,3279.0258444939495,1.0801997685045756e-08,1.4378149050855197e-16,1.0095525824050963e-14
100,0.00041146682638778067,16.676393351724872,1012.7749612373731,307.35683287354487,24.057559945826764,28.045449657681694,670.25534871714456,3310.852628400884,1.1429321178868542e-08,1.4378149050855197e-16,1.0095525824050963e-14
101,0.00041120544042656099,16.635330359889942,1012.171610079733,308.66007433608473,24.024517551742381,28.046381525040022,679.93174229362637,3342.6604062816791,1.2055706087278513e-08,1.4378149050855197e-16,1.0095525824050963e-14
102,0.00041094551859993417,16.594610744194732,1011.5714776903534,309.95473139513177,23.991564307566406,28.04732299876536,689.64894321856275,3374.4492800117705,1.2679035099703954e-08,1.4378149050855197e-16,1.0095525824050963e-14
103,0.00041068703928680012,16.554229277232135,1010.9745169917455,311.24093473586328,23.958699663865712,28.048274061172986,699.4066838663166,3406.2193499692262,1.3303874533582457e-08,1.4378149050855197e-16,1.0095525824050963e-14
104,0.00041042998139044875,16.514180860156621,1010.3806820441965,312.51881182941776,23.925923079441656,28.049234694731368,709.20470066606651,3437.970715071111,1.3928444704012913e-08,1.4378149050855197e-16,1.0095525824050963e-14
105,0.00041017432432094582,16.474460518289291,1009.7899280076633,313.78848704276766,23.893234021130599,28.050204882056519,719.04273400257387,3469.7034728086151,1.4555454289670878e-08,1.4378149050855197e-16,1.0095525824050963e-14
106,0.00040992004797825763,16.435063396917126,1009.2022111052543,315.05008174373853,23.860631963609638,28.051184605910219,728.92052812032443,3501.4177192810339,1.518160690603888e-08,1.4378149050855197e-16,1.0095525824050963e-14
107,0.00040966713273610662,16.395984757275098,1008.6174885882913,316.30371440145586,23.828116389208997,28.052173849194762,738.83783103089706,3533.1135492286089,1.5812422453801874e-08,1.4378149050855197e-16,1.0095525824050963e-14
108,0.00040941555942649514,16.35721997270041,1008.0357187028104,317.54950068248968,23.795686787731611,28.053172594951018,748.79439442342016,3564.7910560643031,1.6434846015565231e-08,1.4378149050855197e-16,1.0095525824050963e-14
109,0.00040916530932487156,16.318764524951277,1007.4568606574474,318.78755354288478,23.76334265627689,28.054180826354532,758.78997357798164,3596.450331904548,1.7062621537145358e-08,1.4378149050855197e-16,1.0095525824050963e-14
110,0.00040891636413591353,16.280614000679897,1006.8808745926581,320.01798331633591,23.73108349907233,28.055198526712168,768.82432728187052,3628.0914675989848,1.7689411038301099e-08,1.4378149050855197e-16,1.0095525824050963e-14
111,0.00040866870597989,16.242764088054052,1006.307721551185,321.24089779864863,23.698908827308834,28.056225679460372,778.89721774853035,3659.7145527592866,1.8312821143669119e-08,1.4378149050855197e-16,1.0095525824050963e-14
112,0.00040842231737957767,16.205210573516332,1005.7373634497245,322.45640232875843,23.666818158982082,28.057262268161111,789.0084105391096,3691.3196757870437,1.894027264226578e-08,1.4378149050855197e-16,1.0095525824050963e-14
113,0.00040817718124769406,16.167949338677527,1005.1697630517059,323.66459986639518,23.634811018739232,28.058308276499787,799.15767448650547,3722.9069239007931,1.956735215968713e-08,1.4378149050855197e-16,1.0095525824050963e-14
114,0.00040793328087483925,16.130976357334401,1004.6048839411718,324.86559106663992,23.602886937728901,28.059363688282492,809.34478162179892,3754.4763831622131,2.0196299081902313e-08,1.4378149050855197e-16,1.0095525824050963e-14
115,0.00040769059991791048,16.094287692608646,1004.0426904976792,326.05947435145055,23.571045453457849,28.060428487433644,819.56950710298111,3786.0281385014964,2.0822285326942959e-08,1.4378149050855197e-16,1.0095525824050963e-14
116,0.00040744912238896121,16.057879494197657,1003.4831478721608,327.24634597839196,23.53928610965102,28.061502657993437,829.83162914588615,3817.5622737419667,2.1450947813482132e-08,1.4378149050855197e-16,1.0095525824050963e-14
117,0.0004072088326445122,16.021747995735293,1002.9262219637657,328.42630010661765,23.507608456115427,28.062586184115812,840.13092895723855,3849.0788716239449,2.2078637010316933e-08,1.4378149050855197e-16,1.0095525824050963e-14
118,0.00040696971537524599,15.985889512253801,1002.3718793975245,329.59942886032161,23.476012048609196,28.063679050065421,850.46719066973151,3880.5780138279038,2.270477515203067e-08,1.4378149050855197e-16,1.0095525824050963e-14
119,0.0004067317555961164,15.950300437746025,1001.8200875029155,330.7658223896828,23.444496448713121,28.064781240217108,860.84020127906206,3912.0597809969272,2.3330007145508624e-08,1.4378149050855197e-16,1.0095525824050963e-14
120,0.00040649493863681885,15.91497724281842,1001.27081429321,331.92556892953951,23.413061223708734,28.065892739051726,871.24975058284099,3943.5242527585169,2.3955313953765861e-08,1.4378149050855197e-16,1.0095525824050963e-14
121,0.00040625937224586322,15.879855375352671,1000.7243880692137,333.00861561618319,23.381704286261648,28.067011878996539,881.69452461782009,3974.9715132197616,2.4581948767953714e-08,1.4378149050855197e-16,1.0095525824050963e-14
122,0.00040602491935886199,15.844942735523048,1000.1804642410234,334.08643161192384,23.350423599706154,28.068137039249098,892.17324353861397,4006.4016466686717,2.5204287574512568e-08,1.4378149050855197e-16,1.0095525824050963e-14
123,0.00040579156650758815,15.810253867300863,999.63899626847081,335.15865331747841,23.31921879134028,28.069268249597862,902.68573553084957,4037.8147309220249,2.5830643882400858e-08,1.4378149050855197e-16,1.0095525824050963e-14
124,0.00040555930030378634,15.775791892047556,999.09994881183889,336.22520269881113,23.288089482192387,28.070405528031241,913.23182335032561,4069.2108425660472,2.6453552432278863e-08,1.4378149050855197e-16,1.0095525824050963e-14
125,0.00040532810758430393,15.741557308034597,998.56328960477936,337.28606729913508,23.257035292992018,28.07154888702048,923.81132849672872,4100.5900571311504,2.7084460931737325e-08,1.4378149050855197e-16,1.0095525824050963e-14
126,0.00040509797542957136,15.707549480234885,998.02898806245003,338.34126299412793,23.226055846097353,28.072698335615922,934.42407257543027,4131.9524491624452,2.7713634042224604e-08,1.4378149050855197e-16,1.0095525824050963e-14
127,0.00040486889116566065,15.673767175785827,997.49701476986831,339.39082060535429,23.195150766400904,28.073853880487768,945.06987794764541,4163.2980922634424,2.8336844292727689e-08,1.4378149050855197e-16,1.0095525824050963e-14
128,0.00040464084236157215,15.64020881207327,996.96734123588089,340.43477969816826,23.16431968182043,28.075015526532756,955.74856809160053,4194.6270591285238,2.8966822228870883e-08,1.4378149050855197e-16,1.0095525824050963e-14
129,0.00040441382077609369,15.606872580775953,996.43994949823798,341.47318548060116,23.133562223267933,28.076183277264658,966.45996778055087,4225.9394217405443,2.8757825660601709e-08,1.4378149050855197e-16,1.0095525824050963e-14
130,0.0004041878104088105,15.573756545808644,995.91480258872025,342.50608635478392,23.102878025330771,28.077357135088022,977.20390334896183,4257.2352511837389,2.8548347068906107e-08,1.4378149050855197e-16,1.0095525824050963e-14
131,0.00040396279953053575,15.540858681964512,995.39187413666559,343.53353295088721,23.072266726313778,28.078537101491047,987.98020264546813,4288.5146175656282,2.8344125043823856e-08,1.4378149050855197e-16,1.0095525824050963e-14
132,0.00040373877663435492,15.508176905492189,994.8711383640416,344.55557736269532,23.04172796815649,28.079723177194129,998.78869513423228,4319.7775901746927,2.813952598015697e-08,1.4378149050855197e-16,1.0095525824050963e-14
133,0.00040351573043001846,15.475709097713038,994.35257004908101,345.57227255717407,23.011261396460579,28.08091536226274,1009.6292119309433,4351.0242374983964,2.7932073840058715e-08,1.4378149050855197e-16,1.0095525824050963e-14
134,0.00040329364983848716,15.443453121079772,993.83614449758818,346.58367197300566,22.980866660494712,28.082113656198455,1020.5015858235859,4382.2546272401951,2.772677197088948e-08,1.4378149050855197e-16,1.0095525824050963e-14
135,0.0004030725239866036,15.411406830729701,993.32183751890852,347.58982923175751,22.950543413185496,28.083318058011095,1031.4056512824836,4413.4688263357166,2.7518945931288236e-08,1.4378149050855197e-16,1.0095525824050963e-14
136,0.00040285234220190628,15.379568082981589,992.80962540519727,348.59079792546038,22.920291311098257,28.084528566279388,1042.3412444625405,4444.66690096825,2.7312995318578372e-08,1.4378149050855197e-16,1.0095525824050963e-14
137,0.00040263309400758005,15.34793474167687,992.29948491310415,349.58663145807822,22.8901100144091,28.085745179199169,1053.3082031997083,4475.8489165836263,2.711483486015881e-08,1.4378149050855197e-16,1.0095525824050963e-14
138,0.00040241476911754897,15.316504682962716,991.79139324731113,350.57738292593211,22.859999186871306,28.086967894627133,1064.3063670031111,4507.0149379045415,2.6914222081398298e-08,1.4378149050855197e-16,1.0095525824050963e-14
139,0.00040219735743171142,15.285275798923916,991.28532804552447,351.56310502690206,22.829958495779319,28.088196710115088,1075.3355770438907,4538.1650289443969,2.6710296176351526e-08,1.4378149050855197e-16,1.0095525824050963e-14
140,0.00040198084903131538,15.254246000349379,990.78126736464594,352.54384999126557,22.799987611927378,28.089431622941003,1086.3956761415523,4569.2992530206766,2.6511232359990981e-08,1.4378149050855197e-16,1.0095525824050963e-14
141,0.0004017652341744749,15.223413218840033,990.27918966792345,353.5196695289992,22.770086209566866,28.090672630135185,1097.4865087484109,4600.4176727679232,2.6313718901177801e-08,1.4378149050855197e-16,1.0095525824050963e-14
142,0.0004015505032918235,15.192775408407213,989.77907381292141,354.49061478981963,22.740253966362758,28.091919728503861,1108.6079209325874,4631.5203501503011,2.6117425498765221e-08,1.4378149050855197e-16,1.0095525824050963e-14
143,0.00040133664698229513,15.162330546673621,989.28089904018896,355.45673633315948,22.710490563347971,28.093172914649653,1119.7597603599136,4662.6073464738138,2.5923208075682659e-08,1.4378149050855197e-16,1.0095525824050963e-14
144,0.00040112365600903727,15.132076635761619,988.78464496254617,356.41808410595951,22.680795684877612,28.094432184988506,1130.9418762750208,4693.6787223981592,2.5726642968314084e-08,1.4378149050855197e-16,1.0095525824050963e-14
145,0.00040091152129543536,15.102011702932611,988.29029155488161,357.37470742668467,22.651169018582415,28.095697535765833,1142.1541194818326,4724.7345379482695,2.5528592028965359e-08,1.4378149050855197e-16,1.0095525824050963e-14
146,0.00040070023392127681,15.072133801028768,987.79781914447813,358.32665497428081,22.621610255322338,28.0969689630716,1153.396342323636,4755.7748525255274,2.533704770829967e-08,1.4378149050855197e-16,1.0095525824050963e-14
147,0.00040048978511901984,15.042441008753874,987.3072084017474,359.27397478115324,22.592119089140542,28.098246462851705,1164.6683986628684,4786.7997249186947,2.5143311959856682e-08,1.4378149050855197e-16,1.0095525824050963e-14
148,0.00040028016627016868,15.012931430826395,986.81844033134371,360.21671422934014,22.562695217215744,28.09953003092043,1175.9701438607422,4817.8092133145456,2.4952560780487442e-08,1.4378149050855197e-16,1.0095525824050963e-14
149,0.00040007136890176775,14.98360319802797,986.3314962636681,361.15492004930076,22.53333833981802,28.100819662969208,1187.3014347567839,4848.8033753082382,2.4764532231267745e-08,1.4378149050855197e-16,1.0095525824050963e-14
150,0.00039986338468300109,14.954454467166117,985.84635784670786,362.08863832084711,22.504048160261775,28.102115354578043,1198.6621296483765,4879.7822679134215,2.4575909349255985e-08,1.4378149050855197e-16,1.0095525824050963e-14
151,0.00039965620542187398,14.925483420969893,985.36300703813947,363.01791447575272,22.474824384860963,28.103417101221893,1210.0520882703549,4910.7459475720771,2.4381368251976807e-08,1.4378149050855197e-16,1.0095525824050963e-14
152,0.00039944982306201721,14.896688267927651,984.88142609778288,363.94279330180871,22.44566672288494,28.104724898280196,1221.471171774707,4941.6944701641378,2.4193512701034611e-08,1.4378149050855197e-16,1.0095525824050963e-14
153,0.0003992442296795745,14.868067242080595,984.401597580302,364.86331894798514,22.416574886513342,28.10603874104223,1232.919242710421,4972.6278910168667,2.4006389253690148e-08,1.4378149050855197e-16,1.0095525824050963e-14
154,0.0003990394174801659,14.839618602779041,983.92350432811952,365.77953493052399,22.387548590793948,28.107358624714223,1244.3961650035112,5003.5462649139945,2.3821713941244439e-08,1.4378149050855197e-16,1.0095525824050963e-14
155,0.00039883537879596535,14.811340634408792,983.44712946464062,366.6914841397803,22.358587553598387,28.108684544426112,1255.9018039372443,5034.449646104672,2.3629196505267805e-08,1.4378149050855197e-16,1.0095525824050963e-14
156,0.00039863210608284607,14.783231646093576,982.9724563876606,367.59920884766063,22.329691495581024,28.110016495235183,1267.4360261325919,5065.3380883121781,2.3450471845266546e-08,1.4378149050855197e-16,1.0095525824050963e-14
157,0.00039842959191761063,14.755289971378986,982.49946876299612,368.50275071552534,22.300860140136791,28.111354472132565,1278.9986995289257,5096.2116447424423,2.3266030220010202e-08,1.4378149050855197e-16,1.0095525824050963e-14
158,0.00039822782899530249,14.727513967901306,982.02815051832533,369.40215080246742,22.272093213360812,28.11269847004726,1290.5896933649656,5127.0703680923743,2.3081303287110719e-08,1.4378149050855197e-16,1.0095525824050963e-14
159,0.00039802681012658794,14.699902017044844,981.55848583721172,370.29744957387891,22.243390444007655,28.114048483850617,1302.2088781599921,5157.9143105579888,2.2894933219361826e-08,1.4378149050855197e-16,1.0095525824050963e-14
160,0.00039782652823522335,14.67245252359057,981.09045915333991,371.18868691023573,22.214751563452314,28.11540450835966,1313.8561256953326,5188.7435238423568,2.2714880030249674e-08,1.4378149050855197e-16,1.0095525824050963e-14
161,0.00039762697635557613,14.645163915359324,980.62405514488648,372.07590211601695,22.186176305650932,28.116766538341764,1325.5313089961255,5219.5580591633743,2.2534781150060201e-08,1.4378149050855197e-16,1.0095525824050963e-14
162,0.00039742814763022973,14.618034642849532,980.15925872909929,372.95913392876173,22.157664407103194,28.118134568516957,1337.2343023133665,5250.3579672613578,2.2351857096387341e-08,1.4378149050855197e-16,1.0095525824050963e-14
163,0.00039723003530765051,14.591063178874359,979.69605505702577,373.838420528141,22.129215606814405,28.119508593562454,1348.9649811062402,5281.1432984064731,2.2171410824495464e-08,1.4378149050855197e-16,1.0095525824050963e-14
164,0.00039703263273991213,14.564248018195691,979.23442950838341,374.71379954510775,22.10082964625887,28.120888608114271,1360.7232220247388,5311.9141024059909,2.1995928138263104e-08,1.4378149050855197e-16,1.0095525824050963e-14
165,0.00039683593338049237,14.537587677159705,978.774367686603,375.58530807100738,22.072506269343776,28.122274606770329,1372.5089028925643,5342.6704286114054,2.1815515001121961e-08,1.4378149050855197e-16,1.0095525824050963e-14
166,0.00039663993078212543,14.511080693333579,978.31585541400443,376.45298266666049,22.044245222373796,28.123666584094085,1384.3219026903214,5373.4123259253756,2.1639618653685737e-08,1.4378149050855197e-16,1.0095525824050963e-14
167,0.00039644461859470614,14.484725625143907,977.85887872709588,377.31685937140236,22.016046254015681,28.125064534615479,1396.1621015389919,5404.1398428085358,2.1463761719163539e-08,1.4378149050855197e-16,1.0095525824050963e-14
168,0.00039624999056326471,14.458521051517403,977.40342387204123,378.17697371206498,21.987909115265133,28.126468452834185,1408.0293806836928,5434.8530272861481,2.1288628168567832e-08,1.4378149050855197e-16,1.0095525824050963e-14
169,0.00039605604052597623,14.432465571525823,976.94947730020613,379.03336071185436,21.959833559412395,28.127878333220881,1419.9236224777164,5465.5519269546176,2.1117883402903166e-08,1.4378149050855197e-16,1.0095525824050963e-14
170,0.00039586276241224258,14.406557804034236,976.49702566387623,379.88605489914409,21.931819342009717,28.129294170220383,1431.8447103668443,5496.2365889878774,2.0945763370689737e-08,1.4378149050855197e-16,1.0095525824050963e-14
171,0.00039567015024081354,14.380796387353485,976.04605581206545,380.73509031616294,21.903866220838459,28.130715958252431,1443.7925288739416,5526.9070601436288,2.0773086674664027e-08,1.4378149050855197e-16,1.0095525824050963e-14
172,0.00039547819811796474,14.355179978897601,975.59655478645698,381.58050052755999,21.875973955878269,28.132143691714248,1455.7669635838163,5557.5633867694578,2.0592966867263562e-08,1.4378149050855197e-16,1.0095525824050963e-14
173,0.00039528690023569806,14.329707254845106,975.14850981739244,382.42231862887235,21.848142309275065,28.133577364981402,1467.767901128351,5588.2056148088277,2.0421584868024312e-08,1.4378149050855197e-16,1.0095525824050963e-14
174,0.00039509625087004474,14.304376909806706,974.70190832010576,383.26057725483241,21.820371045311305,28.135016972410085,1479.7952291718955,5618.8337898069467,2.0250060214963491e-08,1.4378149050855197e-16,1.0095525824050963e-14
175,0.00039490624437933772,14.279187656497079,974.25673789087591,384.09530858757302,21.792659930375034,28.136462508338283,1491.8488363969186,5649.4479569165132,2.0079951985299713e-08,1.4378149050855197e-16,1.0095525824050963e-14
176,0.00039471687520259603,14.254138225412586,973.812986303446,384.92654436468536,21.765008732931239,28.137913967086895,1503.9286124899177,5680.0481609033495,1.990749049076033e-08,1.4378149050855197e-16,1.0095525824050963e-14
177,0.00039452813785790559,14.229227364513813,973.37064150542631,385.75431588715475,21.737417223492535,28.13937134296182,1516.0344481275779,5710.6344461519175,1.973640391398286e-08,1.4378149050855197e-16,1.0095525824050963e-14
178,0.00039434002694086395,14.204453838914713,972.92969161484928,386.5786540271323,21.709885174590919,28.140834630254243,1528.1662349631752,5741.2068566707267,1.9563731054612495e-08,1.4378149050855197e-16,1.0095525824050963e-14
179,0.00039415253712305696,14.179816430575842,972.49012491679298,387.39958923560391,21.682412360750064,28.142303823242383,1540.3238656132298,5771.7654360976412,1.9394575710622374e-08,1.4378149050855197e-16,1.0095525824050963e-14
180,0.0003939656631505685,14.155313938004502,972.05192986008035,388.21715154988749,21.654998558457436,28.143778916192378,1552.5072336443886,5802.3102277050657,1.9222629025473295e-08,1.4378149050855197e-16,1.0095525824050963e-14
181,0.00039377927773916389,14.130896268715167,971.6148394180658,388.9746766154542,21.627642217085491,28.145258568194894,1564.715339212132,5832.8412702394789,1.9053844441904513e-08,1.4378149050855197e-16,1.0095525824050963e-14
182,0.00039359349876974461,14.106571274089111,971.17913733136436,389.72988481443889,21.600341823980926,28.146741476016519,1576.9472085433752,5863.3586030843571,1.8882720893720964e-08,1.4378149050855197e-16,1.0095525824050963e-14
183,0.00039340832089140013,14.082352100580835,970.7447983663069,390.48244748547916,21.573097196197256,28.148227670263402,1589.2027622664232,5893.8622694031756,1.8713500675376778e-08,1.4378149050855197e-16,1.0095525824050963e-14
184,0.00039322373902209704,14.058242705776419,970.31180653715865,391.23226568892289,21.54590814345557,28.149717171912215,1601.4819154984632,5924.3523117595441,1.8549084298314899e-08,1.4378149050855197e-16,1.0095525824050963e-14
185,0.00039303974819466007,14.034244909840229,969.88014813747134,391.97929392066095,21.518774472975323,28.151209997393423,1613.7845812198207,5954.8287722558998,1.8387027813078774e-08,1.4378149050855197e-16,1.0095525824050963e-14
186,0.0003928563435293203,14.010359589180997,969.44981055630137,392.72351027047512,21.49169599107136,28.152706160290283,1626.1106713934539,5985.2916925829368,1.8220278749565428e-08,1.4378149050855197e-16,1.0095525824050963e-14
187,0.00039267352022301285,13.986587106238423,969.0207818497903,393.46490567737277,21.464672503934128,28.154205672179373,1638.460097513725,6015.7411140463682,1.806215448727396e-08,1.4378149050855197e-16,1.0095525824050963e-14
188,0.00039249127354377305,13.962927509202002,968.59305054047002,394.20347893661665,21.437703818075473,28.155708543124423,1650.8327709228947,6046.1770775843661,1.7900482713933164e-08,1.4378149050855197e-16,1.0095525824050963e-14
189,0.00039230959882717754,13.939380639420106,968.16660550796428,394.93923401449734,21.410789740609591,28.157214781994021,1663.2286030118314,6076.5996237803547,1.7735544900530835e-08,1.4378149050855197e-16,1.0095525824050963e-14
190,0.00039212849147377644,13.915946195041059,967.74143592309429,395.67217845730687,21.383930079439828,28.158724396683173,1675.6475053554782,6107.0087928731164,1.7575436041063995e-08,1.4378149050855197e-16,1.0095525824050963e-14
191,0.00039194794694706999,13.892623771428651,967.31753120506812,396.40232238095041,21.357124643389348,28.160237394272055,1688.0893898083309,6137.4046247652113,1.7414616005210415e-08,1.4378149050855197e-16,1.0095525824050963e-14
192,0.00039176796077180094,13.869412888209855,966.89488099196774,397.12967779475372,21.330373242292758,28.161753781147496,1700.5541685738804,6167.7871590302984,1.7247992504962997e-08,1.4378149050855197e-16,1.0095525824050963e-14
193,0.00039158852853245484,13.846313008130434,966.47347511942132,397.85425813007248,21.303675687064846,28.163273563096539,1713.0417542562707,6198.1564349196597,1.7084986970708565e-08,1.4378149050855197e-16,1.0095525824050963e-14
194,0.00039140964587189785,13.823323550636442,966.05330360455571,398.57607790075565,21.277031789748737,28.164796745380652,1725.5520598993628,6228.5124913681384,1.6922754348113289e-08,1.4378149050855197e-16,1.0095525824050963e-14
195,0.00039123130849012339,13.800443901925648,965.63435663352664,399.29515245185877,21.250441363553367,28.166323332796562,1738.0849990166034,6258.8553669996436,1.6763837990885921e-08,1.4378149050855197e-16,1.0095525824050963e-14
196,0.00039105351214307332,13.777673422550532,965.21662455152682,400.0114977695701,21.223904222879433,28.167853329725613,1750.6404856140243,6289.1851001322957,1.6606350962169036e-08,1.4378149050855197e-16,1.0095525824050963e-14
197,0.00039087625264151493,13.755011453280238,964.80009785456332,400.72513033466066,21.197420183338874,28.169386740175337,1763.2184342079809,6319.5017287832843,1.644944780263872e-08,1.4378149050855197e-16,1.0095525824050963e-14
198,0.0003906995258499815,13.732457319692363,964.38476718258403,401.43606700769095,21.170989061768115,28.17092356781551,1775.8187598388192,6349.8052906735047,1.6294333222074179e-08,1.4378149050855197e-16,1.0095525824050963e-14
199,0.000390523327685743,13.710010335817499,963.97062331356472,402.14432493789599,21.144610676237896,28.172463816007291,1788.4413780813222,6380.0958232319763,1.6136721327665068e-08,1.4378149050855197e-16,1.0095525824050963e-14
200,0.00039034765411782141,13.68766980706827,963.5576571583772,402.84992148996002,21.118284846057321,28.174007487829833,1801.0862050525875,6410.3733636001034,1.5981149138753589e-08,1.4378149050855197e-16,1.0095525824050963e-14
201,0.00039017250116603341,13.665435032614267,963.14585975624595,403.55287418464326,21.092011391777234,28.175554586102791,1813.7531574178313,6440.6379486357719,1.582466836009838e-08,1.4378149050855197e-16,1.0095525824050963e-14
202,0.00038999786490006937,13.64330530732766,962.73522227069441,404.25320065014176,21.065790135191012,28.177105113406199,1826.4421523945018,6470.8896149173152,1.5670795111932283e-08,1.4378149050855197e-16,1.0095525824050963e-14
203,0.00038982374143859495,13.621279923386899,962.3257359858685,404.9509185819943,21.03962089933156,28.178659072098149,1839.1531077550085,6501.1283987473762,1.5519284545886737e-08,1.4378149050855197e-16,1.0095525824050963e-14
204,0.00038965012694837332,13.599358171607163,961.91739230316682,405.64604570982095,21.013503508468872,28.180216464330464,1851.8859418282959,6531.3543361566171,1.5360725346393567e-08,1.4378149050855197e-16,1.0095525824050963e-14
205,0.00038947701764342486,13.577539342552122,961.51018273816715,406.33859976953028,20.987437788105517,28.181777292062431,1864.640573500466,6561.5674629073837,1.5206947665824315e-08,1.4378149050855197e-16,1.0095525824050963e-14
206,0.00038930440978419251,13.555822727465099,961.10409891773679,407.02859848003914,20.961423564971113,28.183341557072968,1877.416922214599,6591.7678144972169,1.505839097560973e-08,1.4378149050855197e-16,1.0095525824050963e-14
207,0.00038913229967674293,13.534207619052781,960.6991325773688,407.71605952368049,20.935460667015352,28.184909260972976,1890.2149079699038,6621.9554261623243,1.4903321388548817e-08,1.4378149050855197e-16,1.0095525824050963e-14
208,0.00038896068367197254,13.512693312147858,960.29527555864195,408.40100052963686,20.909548923401431,28.186480405214731,1903.034451320302,6652.1303328809572,1.4750909208496535e-08,1.4378149050855197e-16,1.0095525824050963e-14
209,0.00038878955816484275,13.491279104268477,959.89251980685094,409.08343905995469,20.883688164498381,28.188054991101001,1915.87547337253,6682.2925693766947,1.460034036694545e-08,1.4378149050855197e-16,1.0095525824050963e-14
210,0.00038861891959363792,13.469964296094066,959.4908573687693,409.76339259764842,20.857878221872369,28.189633019794542,1928.7378957838382,6712.4421701216615,1.4449634452162395e-08,1.4378149050855197e-16,1.0095525824050963e-14
211,0.0003884487644392201,13.448748191867583,959.0902803904728,410.44087853664371,20.832118928278138,28.191214492324441,1941.6216407593497,6742.5791693396986,1.4296507607854871e-08,1.4378149050855197e-16,1.0095525824050963e-14
212,0.00038827908922432547,13.427630099737955,958.69078111532087,411.11591417321767,20.806410117650422,28.192799409594489,1954.5266310491186,6772.7036010094362,1.4148889503053103e-08,1.4378149050855197e-16,1.0095525824050963e-14
213,0.00038810989051285566,13.406609332050078,958.29235188197561,411.78851669874803,20.78075162509386,28.194387772389373,1967.4527899449465,6802.8154988673268,1.3998519121219556e-08,1.4378149050855197e-16,1.0095525824050963e-14
214,0.00038794116490920748,13.385685205590637,957.89498512255443,412.45870319356743,20.755143286874549,28.195979581380371,1980.4000412769913,6832.9148964106116,1.3849714443554765e-08,1.4378149050855197e-16,1.0095525824050963e-14
215,0.00038777290905759275,13.364857041795098,957.49867336079501,413.12649062178917,20.729584940409559,28.197574837131121,1993.3683094101893,6863.0018269002176,1.3703729358783764e-08,1.4378149050855197e-16,1.0095525824050963e-14
216,0.00038760511964138579,13.344124166923145,957.1034092103173,413.79189582692135,20.704076424257448,28.199173540103008,2006.3575192405374,6893.0763233636108,1.3552665588692812e-08,1.4378149050855197e-16,1.0095525824050963e-14
217,0.00038743779338248923,13.323485912204502,956.70918537295756,414.45493552822086,20.678617578108362,28.20077569065997,2019.367596191244,6923.1384185976121,1.3406468092730282e-08,1.4378149050855197e-16,1.0095525824050963e-14
218,0.00038727092704070548,13.302941613960456,956.31599463714008,415.11562631765526,20.653208242773641,28.20238128907312,2032.398466208776,6953.1881451711179,1.3257730382140653e-08,1.4378149050855197e-16,1.0095525824050963e-14
219,0.00038710451741312389,13.282490613704219,955.92382987630378,415.77398465739446,20.62784826017641,28.203990335524018,2045.4500557588196,6983.2255354278022,1.3113899753740871e-08,1.4378149050855197e-16,1.0095525824050963e-14
220,0.0003869385613335199,13.262132258222422,955.53268404737878,416.43002687777278,20.602537473341133,28.205602830110458,2058.5222918221684,7013.2506214887744,1.2965120537516116e-08,1.4378149050855197e-16,1.0095525824050963e-14
221,0.0003867730556717743,13.241865899640114,955.14255018932511,417.08376917566386,20.577275726383377,28.207218772847938,2071.6151018905571,7043.2634352551713,1.2818264183194311e-08,1.4378149050855197e-16,1.0095525824050963e-14
222,0.00038660799733328862,13.221690895471754,954.75342142167585,417.73522761320601,20.552062864500019,28.208838163674532,2084.7284139624453,7073.2640084107052,1.2670029423242096e-08,1.4378149050855197e-16,1.0095525824050963e-14
223,0.00038644338325842975,13.201606608659889,954.36529094316222,418.38441811683606,20.526898733958767,28.210461002454519,2097.8621565387712,7103.2523724241837,1.2524194665603358e-08,1.4378149050855197e-16,1.0095525824050963e-14
224,0.00038627921042197656,13.181612407601914,953.9781520303552,419.03135647661884,20.501783182088783,28.212087288979486,2111.0162586186761,7133.2285585519749,1.2379841903289426e-08,1.4378149050855197e-16,1.0095525824050963e-14
225,0.00038611547583258164,13.161707666168583,953.59199803635136,419.67605834578541,20.47671605726962,28.21371702297337,2124.1906496952111,7163.1925978404215,1.2236541082114492e-08,1.4378149050855197e-16,1.0095525824050963e-14
226,0.00038595217653223697,13.141891763712595,953.20682238947586,420.31853924051853,20.451697208922269,28.215350204094037,2137.3852597510358,7193.1445211282453,1.2092897752253054e-08,1.4378149050855197e-16,1.0095525824050963e-14
227,0.00038578930959575825,13.122164085070814,952.82261859203913,420.95881453989631,20.426726487498414,28.216986831935863,2150.6000192541142,7223.0843590488639,1.1946786755429274e-08,1.4378149050855197e-16,1.0095525824050963e-14
228,0.00038562687213028365,13.102524020559148,952.4393802191338,421.5968994860213,20.40180374447143,28.21862690603265,2163.8348591534022,7253.0121420327241,1.1807232253808052e-08,1.4378149050855197e-16,1.0095525824050963e-14
229,0.00038546486127476491,13.082970965962087,952.05710091741798,422.23280918428117,20.376928832325468,28.220270425859216,2177.0897108745539,7282.9279003095471,1.1660481581901738e-08,1.4378149050855197e-16,1.0095525824050963e-14
230,0.00038530327419948276,13.063504322517185,951.67577440396201,422.86655860373708,20.35210160454692,28.221917390834591,2190.3645063156328,7312.8316639105687,1.1520746757479167e-08,1.4378149050855197e-16,1.0095525824050963e-14
231,0.00038514210810557348,13.044123496894136,951.29539446512842,423.49816257764667,20.327321915613794,28.22356780032252,2203.6591778428296,7342.7234626707286,1.1379112788659433e-08,1.4378149050855197e-16,1.0095525824050963e-14
232,0.00038498136022456183,13.024827901171514,950.9159549554679,424.12763580404533,20.302589620986513,28.22522165363549,2216.9736582862133,7372.603326230841,1.1235055100020432e-08,1.4378149050855197e-16,1.0095525824050963e-14
233,0.00038482102781788909,13.005616952808271,950.53744979660939,424.75499284645986,20.277904577098649,28.226878950034543,2230.3078809354911,7402.4712840397033,1.1096696239720325e-08,1.4378149050855197e-16,1.0095525824050963e-14
234,0.0003846611081764692,12.986490074613389,950.15987297621814,425.38024813466524,20.253266641347231,28.228539688733061,2243.6617795357915,7432.3273653562046,1.0957913603397712e-08,1.4378149050855197e-16,1.0095525824050963e-14
235,0.00038450159862025296,12.967446694712535,949.78321854697913,426.00341596551993,20.228675672083103,28.230203868895952,2257.0352882834782,7462.1715992513664,1.0817321460898332e-08,1.4378149050855197e-16,1.0095525824050963e-14
236,0.00038434249649778806,12.948486246511758,949.40748062556997,426.62451050387278,20.204131528602534,28.231871489644046,2270.4283418219893,7492.0040146103811,1.0677640349650632e-08,1.4378149050855197e-16,1.0095525824050963e-14
237,0.00038418379918579124,12.929608168660669,949.03265339166467,427.24354578348328,20.179634071137283,28.23354255005362,2283.8408752377009,7521.8246401346014,1.0540215191747444e-08,1.4378149050855197e-16,1.0095525824050963e-14
238,0.00038402550408873584,12.910811905011714,948.65873108697917,427.86053570804052,20.155183160845898,28.235217049158681,2297.2728240558295,7551.6335043435083,1.0401634154224015e-08,1.4378149050855197e-16,1.0095525824050963e-14
239,0.00038386760863844751,12.89209690457975,948.28570801433546,428.47549405217296,20.130778659804751,28.236894985952304,2310.7241242363571,7581.430635576643,1.0264868203466951e-08,1.4378149050855197e-16,1.0095525824050963e-14
240,0.00038371011029368803,12.873462621499577,947.91357853669763,429.08843446251058,20.106420430998959,28.238576359387814,2324.1947121699959,7611.2160619955093,1.01263283227918e-08,1.4378149050855197e-16,1.0095525824050963e-14
241,0.00038355334230790014,12.855064846726636,947.5430244603416,429.88046216516727,20.082112586632558,28.240265433222906,2337.6873814069377,7640.989822847233,9.992259191957395e-09,1.4378149050855197e-16,1.0095525824050963e-14
242,0.00038339696397288615,12.836874205782632,947.17323112395559,430.66731152210087,20.057859124378965,28.241966350799434,2351.2048455403155,7670.7519541332449,9.8597135620829208e-09,1.4378149050855197e-16,1.0095525824050963e-14
243,0.00038324097368849818,12.818844456919786,946.80423685554683,431.45013857700525,20.033659798416963,28.243678994785146,2364.7469645976421,7700.5024805287867,9.7216609366369398e-09,1.4378149050855197e-16,1.0095525824050963e-14
244,0.00038308536932714371,12.800958785391565,946.43605189327116,432.22936369854426,20.009514393223302,28.245403278545062,2378.3136195147376,7730.2414273246859,9.5888701096070566e-09,1.4378149050855197e-16,1.0095525824050963e-14
245,0.0003829301486556231,12.783207262102776,946.0686799393485,433.00523511409727,19.985422708020913,28.247139129909105,2391.904701307521,7759.9688200145738,9.4514058875766903e-09,1.4378149050855197e-16,1.0095525824050963e-14
246,0.00038277530940717026,12.765583027074889,945.70212181309705,433.77792432312782,19.961384551579972,28.248886485749836,2405.5201074520105,7789.68468415802,9.313751925500033e-09,1.4378149050855197e-16,1.0095525824050963e-14
247,0.00038262084930722071,12.748080914718953,945.33637676692251,434.54756046535954,19.937399739637126,28.25064528929693,2419.1597400893852,7819.3890453135318,9.1820929117977518e-09,1.4378149050855197e-16,1.0095525824050963e-14
248,0.00038246676608521575,12.730696814555715,944.97144309811745,435.31424630277371,19.91346809338285,28.25241548856782,2432.8235049742129,7849.0819290000009,9.0476216297255273e-09,1.4378149050855197e-16,1.0095525824050963e-14
249,0.00038231305748080675,12.713427327019787,944.60731847803606,436.0780668245053,19.889589438481231,28.254197035351588,2446.5113107934762,7878.7633606723502,8.9114761707742589e-09,1.4378149050855197e-16,1.0095525824050963e-14
250,0.00038215972124740465,12.696269559193587,944.24400014720698,436.83909435349369,19.865763604390509,28.255989884509024,2460.2230686948224,7908.433365705192,8.7813207771814691e-09,1.4378149050855197e-16,1.0095525824050963e-14
251,0.00038200675515433441,12.679220994793031,943.88148503932473,437.5973917968409,19.841990423866527,28.257793993463761,2473.9586919432613,7938.0919693813667,8.650649876624675e-09,1.4378149050855197e-16,1.0095525824050963e-14
252,0.00038185415698816644,12.662279406904377,943.51976986422665,438.35301482739055,19.818269732589048,28.25960932181923,2487.7180956617622,7967.7391968836728,8.5212555359381515e-09,1.4378149050855197e-16,1.0095525824050963e-14
253,0.00038170192455356519,12.645442796923177,943.15885116578147,439.10601341025381,19.794601368868193,28.261435831062741,2501.5011966293023,7997.3750732888311,8.3853074903438698e-09,1.4378149050855197e-16,1.0095525824050963e-14
254,0.00038155005567381856,12.628709350362346,942.79872536359835,439.85643290760794,19.770985173411422,28.263273484329339,2515.3079131197937,8026.9996235629296,8.2528169687916641e-09,1.4378149050855197e-16,1.0095525824050963e-14
255,0.00038139854819116154,12.612077403967183,942.43938878390793,440.60431490082033,19.747420989132738,28.265122246211444,2529.1381647710004,8056.6128725580384,8.1282868095124634e-09,1.4378149050855197e-16,1.0095525824050963e-14
256,0.00038124739996695482,12.595545420664536,942.08083768293534,441.34969781671998,19.723908660994269,28.26698208260218,2542.9918724760228,8086.2148450096674,7.9950603477071778e-09,1.4378149050855197e-16,1.0095525824050963e-14
257,0.00038109660888174926,12.579111970095406,941.72306826488989,442.09261741428156,19.700448035873091,28.268852960564622,2556.8689582921456,8115.8055655348517,7.8627749128226561e-09,1.4378149050855197e-16,1.0095525824050963e-14
258,0.0003809461728353076,12.5627757132235,941.36607669612704,442.83310716941241,19.677038962448044,28.270734848220918,2570.7693453632983,8145.3850586307472,7.7323687414848591e-09,1.4378149050855197e-16,1.0095525824050963e-14
259,0.00038079608974654671,12.546535389981148,941.00985911633813,443.57119858380463,19.653681291100558,28.272627714658203,2584.6929578533559,8174.9533486736273,7.6045770763731708e-09,1.4378149050855197e-16,1.0095525824050963e-14
260,0.00038064635755344014,12.530389809221683,940.65441164753474,444.30692143612464,19.630374873830636,28.274531529846996,2598.6397208881885,8204.5104599181941,7.4793789902766015e-09,1.4378149050855197e-16,1.0095525824050963e-14
261,0.0003804969742129207,12.514337840449992,940.29973040140374,445.04030398875028,19.607119564180049,28.276446264571284,2612.6095605048827,8234.0564164971402,7.3491981352437774e-09,1.4378149050855197e-16,1.0095525824050963e-14
262,0.00038034793770072632,12.498378406945287,939.94581148525322,445.77137315970106,19.58391521716738,28.27837189036579,2626.6024036068898,8263.59124242092,7.2217004974464717e-09,1.4378149050855197e-16,1.0095525824050963e-14
263,0.00038019924601125424,12.482510479986786,939.59265100696575,446.50015466699705,19.56076168922721,28.28030837946201,2640.6181779241197,8293.1149615776885,7.0952230611848326e-09,1.4378149050855197e-16,1.0095525824050963e-14
264,0.00038005089715738131,12.466733073963303,939.2402450790612,447.22667315091746,19.53765883815699,28.282255704740145,2654.6568119772132,8322.6275977333953,6.9662402889810739e-09,1.4378149050855197e-16,1.0095525824050963e-14
265,0.00037990288917030558,12.451045242199502,938.88858982215402,447.95095227834577,19.514606523069727,28.28421383968556,2668.7182350453686,8352.1291745319722,6.8421248372662868e-09,1.4378149050855197e-16,1.0095525824050963e-14
266,0.00037975522009934387,12.43544607336775,938.53768136776716,448.67301483247292,19.491604604348183,28.28618275835041,2682.8023771372032,8381.6197154956553,6.7127085230082256e-09,1.4378149050855197e-16,1.0095525824050963e-14
267,0.00037960788801176076,12.419934688384132,938.18751586077792,449.3928827903967,19.468652943606209,28.28816243531956,2696.9091689642364,8411.0992440253358,6.5836675034005506e-09,1.4378149050855197e-16,1.0095525824050963e-14
268,0.00037946089099256063,12.404510237705459,937.83808946140607,450.11057739069685,19.445751403651183,28.290152845678168,2711.038541916656,8440.5677834010403,6.4565901537572541e-09,1.4378149050855197e-16,1.0095525824050963e-14
269,0.00037931422714430527,12.38917189896291,937.48939834695614,450.82611919259381,19.422899848450584,28.292153964984411,2725.1904280410631,8470.0253567824275,6.3254016535153557e-09,1.4378149050855197e-16,1.0095525824050963e-14
270,0.0003791678945869152,12.373918874880566,937.141438713257,451.53952812798582,19.400098143099783,28.294165769242813,2739.3647600199638,8499.4719872093483,6.1977927527129626e-09,1.4378149050855197e-16,1.0095525824050963e-14
271,0.00037902189145747051,12.358750391434143,936.79420677588121,452.25082354747974,19.377346153793354,28.296188234881267,2753.5614711527992,8528.907697602448,6.069699386976196e-09,1.4378149050855197e-16,1.0095525824050963e-14
272,0.00037887621591001393,12.343665696215874,936.44769877117983,452.96002426126984,19.354643747797752,28.29822133872846,2767.7804953383393,8558.3325107638047,5.9420845567973567e-09,1.4378149050855197e-16,1.0095525824050963e-14
273,0.00037873086611535931,12.328664056975422,936.10191095716777,453.66714857561448,19.331990793425653,28.300265057995226,2782.0217670582861,8587.7464493776006,5.8138415615020258e-09,1.4378149050855197e-16,1.0095525824050963e-14
274,0.00037858584026089501,12.313744760313734,935.75683961425784,454.37221432549001,19.309387160012353,28.302319370255169,2796.2852213619699,8617.1495360108074,5.6890316751692853e-09,1.4378149050855197e-16,1.0095525824050963e-14
275,0.00037844113655039038,12.298907110508837,935.41248104587942,455.07523890394577,19.28683271789302,28.304384253428818,2810.5707938520054,8646.5417931139,5.5601999276714909e-09,1.4378149050855197e-16,1.0095525824050963e-14
276,0.00037829675320379726,12.28415042845619,935.06883157898028,455.77623928859526,19.264327338381818,28.306459685766463,2824.8784206708356,8675.9232430215943,5.4351141509405576e-09,1.4378149050855197e-16,1.0095525824050963e-14
277,0.00037815268845706781,12.26947405071023,934.7258875644751,456.47523206557759,19.241870893751138,28.308545645835441,2839.2080384880637,8705.2939079535881,5.3098145678706958e-09,1.4378149050855197e-16,1.0095525824050963e-14
278,0.00037800894056195882,12.25487732861372,934.38364537757946,457.17223345132362,19.219463257214027,28.310642112505221,2853.5595844884979,8734.6538100153193,5.1852987088523371e-09,1.4378149050855197e-16,1.0095525824050963e-14
279,0.00037786550778584529,12.240359627504919,934.04210141809585,457.86725931237709,19.197104302904751,28.312749064935414,2867.9329963608579,8764.0029711987354,5.0638221784431433e-09,1.4378149050855197e-16,1.0095525824050963e-14
280,0.00037772238841153583,12.225920325993989,933.7012521106393,458.56032518348354,19.174793905862128,28.314866482564184,2882.3282122870655,8793.3414133830702,4.9429075436489787e-09,1.4378149050855197e-16,1.0095525824050963e-14
281,0.00037757958073708934,12.211558815299577,933.36109390481045,459.25144628417718,19.152531942013596,28.316994345096841,2896.7451709320912,8822.6691583356296,4.8200641175754151e-09,1.4378149050855197e-16,1.0095525824050963e-14
282,0.0003774370830756316,12.197274498640992,933.02162327531869,459.94063753397523,19.130318288159355,28.319132632495993,2911.1838114342895,8851.9862277125649,4.698194504386495e-09,1.4378149050855197e-16,1.0095525824050963e-14
283,0.00037729489375518122,12.183066790677531,932.68283672208247,460.62791356639502,19.108152821956804,28.321281324971235,2925.6440733961977,8881.2926430596872,4.5747556991603218e-09,1.4378149050855197e-16,1.0095525824050963e-14
284,0.00037715301111846094,12.168935116992245,932.34473077025416,461.31328874186056,19.086035421907706,28.323440402971137,2940.1258968757561,8910.5884258132301,4.4495523812610055e-09,1.4378149050855197e-16,1.0095525824050963e-14
285,0.00037701143352273639,12.154878913614324,932.0073019702761,461.99677715964179,19.063965967343034,28.325609847173574,2954.6292223779192,8939.873597300666,4.3287737733382625e-09,1.4378149050855197e-16,1.0095525824050963e-14
286,0.00037687015933963357,12.140897626576807,931.67054689785118,462.6783926689132,19.041944338410403,28.327789638478681,2969.1539908466275,8969.1481787414978,4.2088873621773108e-09,1.4378149050855197e-16,1.0095525824050963e-14
287,0.00037672918695497501,12.126990711505533,931.33446215393133,463.35814887902825,19.019970416061685,28.329979758000547,2983.7001436571127,8998.4121912480368,4.0854516960327854e-09,1.4378149050855197e-16,1.0095525824050963e-14
288,0.00037658851476860911,12.113157633237444,930.9990443646609,464.03605916906389,18.998044082040124,28.332180187060327,2998.2676226085155,9027.6656558262148,3.9597869331311828e-09,1.4378149050855197e-16,1.0095525824050963e-14
289,0.00037644814119423972,12.099397865464537,930.66429018129793,464.71213669671999,18.976165218869141,28.334390907179777,3012.856369916793,9056.9085933763654,3.8360973501600024e-09,1.4378149050855197e-16,1.0095525824050963e-14
290,0.00037630806465926845,12.085710890401391,930.33019628014426,465.38639440663189,18.954333709840814,28.336611900074107,3027.4663282078964,9086.1410246940086,3.7176437553780322e-09,1.4378149050855197e-16,1.0095525824050963e-14
291,0.00037616828360463524,12.072096198474243,929.9967593624508,466.05884503814394,18.932549439004625,28.338843147646642,3042.0974405111988,9115.3629704706364,3.594179488711823e-09,1.4378149050855197e-16,1.0095525824050963e-14
292,0.00037602879648464694,12.058553288030431,929.66397615427513,466.72950113257252,18.91081229115736,28.341084631982593,3056.7496502531653,9144.5744512945057,3.4716736883088664e-09,1.4378149050855197e-16,1.0095525824050963e-14
293,0.00037588960176683679,12.045081665064375,929.33184340639991,467.39837504005732,18.889122151832321,28.343336335344134,3071.4229012512351,9173.7754876513991,3.3508417159981045e-09,1.4378149050855197e-16,1.0095525824050963e-14
294,0.00037575069793179341,12.03168084296153,929.00035789415824,468.06547892596166,18.867478907289467,28.345598240163952,3086.1171377079222,9202.9660999254211,3.2301415851165672e-09,1.4378149050855197e-16,1.0095525824050963e-14
295,0.00037561208347302195,12.01835034225676,928.66951641732646,468.73082477691429,18.845882444506106,28.347870329042006,3100.8323042051011,9232.1463083997405,3.1099241752351543e-09,1.4378149050855197e-16,1.0095525824050963e-14
296,0.00037547375689678421,12.005089690406194,928.33931579995067,469.39442440651186,18.824332651166909,28.350152584739245,3115.5683456984884,9261.3161332573745,2.9898836002865903e-09,1.4378149050855197e-16,1.0095525824050963e-14
297,0.00037533571672195324,11.991898421573202,928.00975289019709,470.05628946066997,18.802829415655363,28.352444990174074,3130.325207512285,9290.475594581947,2.8704631683569723e-09,1.4378149050855197e-16,1.0095525824050963e-14
298,0.00037519796147986981,11.978776076424534,927.68082456019749,470.71643142271995,18.781372627044451,28.354747528417832,3145.1028353339948,9319.6247123584399,2.74863366565578e-09,1.4378149050855197e-16,1.0095525824050963e-14
299,0.00037506048971419419,11.965722201938631,927.3525277058701,471.37486161820095,18.759962175088404,28.357060182690311,3159.9011752093888,9348.7635064739425,2.6252381099989817e-09,1.4378149050855197e-16,1.0095525824050963e-14
300,0.00037492329998075989,11.952736351223802,927.0248592467384,472.03159121940496,18.738597950213926,28.359382936356166,3174.7201735376211,9377.8919967184011,2.5054008777838515e-09,1.4378149050855197e-16,1.0095525824050963e-14
301,0.00037478632980135398,11.939698667612637,926.69777125331848,472.54878330968404,18.717276598374188,28.361712526261702,3189.5576024747825,9407.0102017467016,2.385667932836812e-09,1.4378149050855197e-16,1.0095525824050963e-14
302,0.000374649639249725,11.926630750577296,926.37139305727794,473.0667312355676,18.695994854548761,28.364045781030242,3204.4112959173644,9436.1181423254275,2.2697346718315033e-09,1.4378149050855197e-16,1.0095525824050963e-14
303,0.00037451322675980775,11.913567088775903,926.04569017085373,473.5845727806024,18.674752696482486,28.366382772877834,3219.2812605911508,9465.2158400865828,2.1476428814192606e-09,1.4378149050855197e-16,1.0095525824050963e-14
304,0.00037437709087817419,11.900519701066216,925.72064836609809,474.1020074733446,18.653550080032325,28.368723550756087,3234.1674879024354,9494.3033160029117,2.0292538122045038e-09,1.4378149050855197e-16,1.0095525824050963e-14
305,0.00037424123018677034,11.887495355504928,925.3962581750236,474.61886611237674,18.632386951060266,28.371068152706723,3249.0699622024035,9523.3805906865637,1.9120234129047852e-09,1.4378149050855197e-16,1.0095525824050963e-14
306,0.0003741056432895493,11.874498484597421,925.07251226329277,475.13503788506443,18.61126324940156,28.373416609987821,3263.988663545339,9552.4476844894089,1.7910916875549802e-09,1.4378149050855197e-16,1.0095525824050963e-14
307,0.00037397032880757416,11.861532235274781,924.74940448371808,475.65044411813045,18.590178910826783,28.375768949114526,3278.9235690528253,9581.5046175531461,1.6749254369340043e-09,1.4378149050855197e-16,1.0095525824050963e-14
308,0.00037383528537666868,11.848598957074119,924.42692943584802,476.16502607314698,18.569133868186821,28.378125193053133,3293.8746537103689,9610.5514098388758,1.5574773946400103e-09,1.4378149050855197e-16,1.0095525824050963e-14
309,0.00037370051164610117,11.835700464912497,924.10508222869043,476.67873837718753,18.548128052150773,28.380485361992015,3308.8418908809017,9639.588081146514,1.4379676732768432e-09,1.4378149050855197e-16,1.0095525824050963e-14
310,0.0003735660062777416,11.822838194974398,923.78385833975005,477.19154512564,18.527161391713705,28.382849473872319,3323.8252526585816,9668.6146511283914,1.3194861755468892e-09,1.4378149050855197e-16,1.0095525824050963e-14
311,0.000373431767945501,11.810013303884304,923.46325352525878,477.70341740289234,18.506233814563824,28.385217544774346,3338.8247101245693,9697.6311392993302,1.2007535512850788e-09,1.4378149050855197e-16,1.0095525824050963e-14
312,0.00037329779533489579,11.797226735225271,923.14326375979942,478.21433161936824,18.485345247356609,28.387589589206009,3353.8402335388578,9726.6375650443842,1.0850654874351797e-09,1.4378149050855197e-16,1.0095525824050963e-14
313,0.00037316408714272586,11.784479266047642,922.82388519403514,478.72426834880901,18.464495615927664,28.389965620327647,3368.871792488294,9755.6339476250196,9.6732446418735301e-10,1.4378149050855197e-16,1.0095525824050963e-14
314,0.00037303064207680004,11.771771540494562,922.50511412403614,479.23321148763591,18.443684845458684,28.392345650129467,3383.9193560034987,9784.6203061841024,8.5083174907496349e-10,1.4378149050855197e-16,1.0095525824050963e-14
315,0.00037289745885570519,11.759104094795577,922.18694696840862,479.74114763011056,18.42291286061241,28.394729689575097,3398.9828926529667,9813.5966597501301,7.3191531414330776e-10,1.4378149050855197e-16,1.0095525824050963e-14
316,0.0003727645362086139,11.746477376277022,921.86938025085317,480.24806559307456,18.402179585641715,28.397117748718497,3414.0623706200372,9842.563027240767,6.1490674328006277e-10,1.4378149050855197e-16,1.0095525824050963e-14
317,0.00037263187287509339,11.733891758113357,921.55241058652473,480.75395604716607,18.381484944481041,28.399509836804128,3429.157757766689,9871.5194274659461,5.0340237769352524e-10,1.4378149050855197e-16,1.0095525824050963e-14
318,0.00037249946760495382,11.721347550966851,921.23603467126475,481.25881122582871,18.360828860821389,28.401905962346898,3444.2690216870337,9900.4658791305465,3.874499334114773e-10,1.4378149050855197e-16,1.0095525824050963e-14
319,0.00037236731915808708,11.708845012310238,920.92024927287855,481.76262469224406,18.340211258174755,28.404306133205477,3459.396129752623,9929.4024008367905,2.7215739384925259e-10,1.4378149050855197e-16,1.0095525824050963e-14
320,0.00037223542630432968,11.696384353991348,920.60505122403947,482.26539115021632,18.319632059928725,28.406710356640524,3474.5390491511521,9958.3290110864018,1.5505186024176296e-10,1.4378149050855197e-16,1.0095525824050963e-14
321,0.0003721037878233268,11.683965748441235,920.29043741640862,482.7671062889691,18.299091189393529,28.409118639367609,3489.697746919775,9987.2457282825399,4.1809140995817908e-11,1.4378149050855197e-16,1.0095525824050963e-14
322,0.00037197240250440294,11.67158933382273,919.97640479571533,483.26776665443168,18.278588569841688,28.41153098760476,3504.8721899739835,10016.152570731574,-7.3269243440629088e-11,1.4378149050855197e-16,1.0095525824050963e-14
323,0.00037184126914644529,11.65925521833864,919.6629503576213,483.76736954153409,18.258124124544384,28.413947407110136,3520.0623451327788,10045.049556644706,-1.8543630404178828e-10,1.4378149050855197e-16,1.0095525824050963e-14
324,0.00037171038655777378,11.646963483866973,919.35007114415089,484.26591290332573,18.237697776801106,28.416367903218951,3535.2681791407354,10073.936704139505,-3.0103403209758875e-10,1.4378149050855197e-16,1.0095525824050963e-14
325,0.00037157975355603639,11.634714189051516,919.0377642406728,484.76339527371192,18.217309449966915,28.418792480875801,3550.4896586874288,10102.814031241289,-4.1636319427904257e-10,1.4378149050855197e-16,1.0095525824050963e-14
326,0.00037144936896809689,11.622507371947906,918.72602677325858,485.25981570130233,18.196959067476513,28.421221144660453,3565.7267504246256,10131.681555884457,-5.2878521806740623e-10,1.4378149050855197e-16,1.0095525824050963e-14
327,0.00037131923162992227,11.610343052301348,918.41485590637012,485.75517369246626,18.176646552864277,28.423653898816276,3580.9794209815263,10160.539295913741,-6.4210711192825605e-10,1.4378149050855197e-16,1.0095525824050963e-14
328,0.00037118934038648209,11.598221233521043,918.10424884084762,486.24946916197393,18.156371829783932,28.426090747270301,3596.2476369783626,10189.387269085353,-7.5556607902107767e-10,1.4378149050855197e-16,1.0095525824050963e-14
329,0.00037105969409164161,11.586141904398021,917.79420281211299,486.74270239004949,18.136134822023902,28.428531693654978,3611.5313650385319,10218.225493068128,-8.7017674029194165e-10,1.4378149050855197e-16,1.0095525824050963e-14
330,0.00037093029160806371,11.574105040609865,917.48471508858324,487.23487398475334,18.115935453522685,28.430976741327214,3626.8305717994772,10247.053985444558,-9.8088343035298465e-10,1.4378149050855197e-16,1.0095525824050963e-14
331,0.00037080113180711327,11.562110606041349,917.17578297025545,487.72598484896628,18.095773648381794,28.433425893385127,3642.1452239224545,10275.872763711828,-1.0944627289089876e-09,1.4378149050855197e-16,1.0095525824050963e-14
332,0.00037067221356874971,11.550158553951869,916.86740378740194,488.21603615120318,18.075649330877177,28.435879152682631,3657.4752881013305,10304.681845282777,-1.2098138646619788e-09,1.4378149050855197e-16,1.0095525824050963e-14
333,0.00037054353578144371,11.538248828007829,916.55957489944149,488.70502929980421,18.055562425470139,28.438336521845013,3672.8207310705134,10333.481247486834,-1.3226715232257437e-09,1.4378149050855197e-16,1.0095525824050963e-14
334,0.0003704150973420799,11.526381363201876,916.25229369388148,489.192965919953,18.03551285681587,28.440798003281486,3688.1815196121156,10362.270987570917,-1.4344688697661139e-09,1.4378149050855197e-16,1.0095525824050963e-14
335,0.00037028689715586847,11.514556086672396,915.94555758536853,489.67984783319008,18.015500549772767,28.443263599196808,3703.5576205624425,10391.051082700289,-1.5457388505895853e-09,1.4378149050855197e-16,1.0095525824050963e-14
336,0.00037015893413624583,11.502772918436655,915.63936401479066,490.16567703908368,17.995525429409678,28.445733311602602,3718.9490008178686,10419.821549959415,-1.6600649017910119e-09,1.4378149050855197e-16,1.0095525824050963e-14
337,0.00037003120720479856,11.491031772049057,915.33371044850401,490.65045569877361,17.975587421011983,28.448207142327721,3734.3556273401587,10448.582406352765,-1.7697751078221739e-09,1.4378149050855197e-16,1.0095525824050963e-14
338,0.00036990371529117111,11.479332555193665,915.02859437757706,491.1341861201584,17.955686450088827,28.45068509302768,3749.7774671613215,10477.333668805604,-1.8796255261669557e-09,1.4378149050855197e-16,1.0095525824050963e-14
339,0.00036977645733297438,11.467675170218085,914.7240133170917,491.6168707445479,17.935822442377471,28.453167165193534,3765.2144873879956,10506.075354164746,-1.9914242678547252e-09,1.4378149050855197e-16,1.0095525824050963e-14
340,0.00036964943227571414,11.456059514616959,914.41996480553644,492.09851213457603,17.915995323848652,28.455653360159324,3780.6666552054503,10534.807479199315,-2.1005718806971582e-09,1.4378149050855197e-16,1.0095525824050963e-14
341,0.00036952263907269966,11.444485481469933,914.11644640419217,492.57911296325165,17.896205020711044,28.458143679111014,3796.1339378812258,10563.530060601459,-2.2106211075463264e-09,1.4378149050855197e-16,1.0095525824050963e-14
342,0.000369396076684958,11.432952959839479,913.81345569656798,493.05867600401297,17.876451459414405,28.460638123092409,3811.6163027684388,10592.243114987075,-2.3188102541255069e-09,1.4378149050855197e-16,1.0095525824050963e-14
343,0.00036926974408116743,11.421461835133039,913.51099028791668,493.53720412167394,17.856734566654559,28.463136693012345,3827.1137173087927,10620.946658896475,-2.431336216395111e-09,1.4378149050855197e-16,1.0095525824050963e-14
344,0.00036914364023756793,11.410011989433366,913.20904780472074,494.0147002641657,17.837054269374555,28.465639389650988,3842.6261490353186,10649.640708795068,-2.5383004235577911e-09,1.4378149050855197e-16,1.0095525824050963e-14
345,0.00036901776413787978,11.398603301799721,912.90762589422582,494.49116745500692,17.817410494768744,28.468146213664845,3858.1535655748676,10678.325281074038,-2.6493593883371329e-09,1.4378149050855197e-16,1.0095525824050963e-14
346,0.00036889211477323909,11.387235648544255,912.60672222403764,494.96660878639364,17.797803170284887,28.470657165593643,3873.6959346503686,10707.000392050972,-2.7649393282635935e-09,1.4378149050855197e-16,1.0095525824050963e-14
347,0.00036876669114210993,11.375908903485374,912.30633448168112,495.44102741286571,17.778232223626016,28.473172245864138,3889.2532240828955,10735.666057970486,-2.8722540662103229e-09,1.4378149050855197e-16,1.0095525824050963e-14
348,0.00036864149225021461,11.364622938178682,912.00646037422655,495.91442654553293,17.758697582752781,28.475691454795392,3904.8254017935237,10764.322295004866,-2.9799440988074384e-09,1.4378149050855197e-16,1.0095525824050963e-14
349,0.00036851651711046154,11.353377622131616,911.70709762792103,496.38680944670955,17.739199175884213,28.47821479260385,3920.4124358050308,10792.96911925466,-3.0879232757030386e-09,1.4378149050855197e-16,1.0095525824050963e-14
350,0.00036839176474287187,11.34217282299932,911.40824398783673,496.858179425017,17.719736931500243,28.480742259406679,3936.0142942434172,10821.606546749292,-3.1991890710843124e-09,1.4378149050855197e-16,1.0095525824050963e-14
351,0.00036826723417450019,11.331008406765797,911.10989721751616,497.32853983085505,17.700310778341905,28.483273855226301,3951.6309453392992,10850.234593447618,-3.3080695131997979e-09,1.4378149050855197e-16,1.0095525824050963e-14
352,0.00036814292443937245,11.319884237910792,910.81205509867323,497.79789405223022,17.68092064541317,28.485809579994513,3967.2623574291456,10878.853275238536,-3.4191794008592107e-09,1.4378149050855197e-16,1.0095525824050963e-14
353,0.00036801883457841686,11.308800179564356,910.51471543088735,498.266245510891,17.661566461980843,28.488349433555427,3982.9084989564058,10907.462607941523,-3.5277769768395081e-09,1.4378149050855197e-16,1.0095525824050963e-14
354,0.00036789496363938699,11.297756093648914,910.21787603129019,498.73359765877711,17.642248157576208,28.490893415669415,3998.5693384725105,10936.062607307216,-3.6361070333060076e-09,1.4378149050855197e-16,1.0095525824050963e-14
355,0.00036777131067679768,11.286751841012183,909.92153473429209,499.19995397469546,17.622965661994861,28.493441526016476,4014.2448446377616,10964.653289017944,-3.743468159903761e-09,1.4378149050855197e-16,1.0095525824050963e-14
356,0.00036764787475186098,11.275787281548679,909.62568939131847,499.66531796128299,17.603718905297121,28.495993764198261,4029.9349862221388,10993.234668688263,-3.8499792929485489e-09,1.4378149050855197e-16,1.0095525824050963e-14
357,0.00036752465493241482,11.264862274313577,909.33033787053523,500.12969314216065,17.584507817808881,28.49855012974238,4045.6397321059944,11021.806761865497,-3.9609482707206426e-09,1.4378149050855197e-16,1.0095525824050963e-14
358,0.0003674016502928596,11.253976677628033,909.03547805660105,500.59308305929909,17.565332330121279,28.501110622104399,4061.3590512806732,11050.369584030259,-4.0672804761114832e-09,1.4378149050855197e-16,1.0095525824050963e-14
359,0.00036727885991409942,11.243130349176662,908.74110785043968,501.0554912705835,17.546192373090467,28.503675240670379,4077.092912849047,11078.923150596967,-4.1757120295512752e-09,1.4378149050855197e-16,1.0095525824050963e-14
360,0.00036715628288346139,11.23232314609867,908.4472251689607,501.51692134753318,17.527087877838351,28.506243984759912,4092.8412860259891,11107.467476914333,-4.2854975735419943e-09,1.4378149050855197e-16,1.0095525824050963e-14
361,0.00036703382672921358,11.22157916751592,908.15358029628851,502.00510414543527,17.508019434548135,28.508817506802306,4108.6045775618168,11136.002574435077,-4.3926811676331987e-09,1.4378149050855197e-16,1.0095525824050963e-14
362,0.0003669115827916185,11.210893794121656,907.86040331953018,502.49182181362528,17.488987615645886,28.511396440728056,4124.3831818566314,11164.528454155665,-4.5024318329389374e-09,1.4378149050855197e-16,1.0095525824050963e-14
363,0.00036678954993945602,11.200259792657928,907.56769779451258,502.97725518355173,17.469992335642061,28.513980767878127,4140.1770564282597,11193.04513085357,-4.6137433193975351e-09,1.4378149050855197e-16,1.0095525824050963e-14
364,0.00036666772719990239,11.189674492685102,907.27546369525112,503.46147101620585,17.451033513907309,28.516570474241544,4155.9861620859992,11221.552619342847,-4.7219983866913277e-09,1.4378149050855197e-16,1.0095525824050963e-14
365,0.00036654611364222718,11.17913629071551,906.98370016971046,503.94450939877891,17.43211107224349,28.519165547972996,4171.8104612520447,11250.050934421693,-4.8306992035791655e-09,1.4378149050855197e-16,1.0095525824050963e-14
366,0.00036642470835781258,11.168644058375484,906.69240600588694,504.42639854061292,17.413224934072957,28.521765978562332,4187.6499174007695,11278.540090855233,-4.9409200335584357e-09,1.4378149050855197e-16,1.0095525824050963e-14
367,0.00036630351045289632,11.158196929263699,906.40157979958008,504.90716010174077,17.394375024036211,28.524371756426124,4203.5044947810238,11307.02010336722,-5.0452683393476096e-09,1.4378149050855197e-16,1.0095525824050963e-14
368,0.000366182519045173,11.147794199864789,906.11122003236142,505.38681167004694,17.375561267756051,28.526982872668089,4219.3741582536113,11335.490986635352,-5.1504411772497115e-09,1.4378149050855197e-16,1.0095525824050963e-14
369,0.00036606173326193152,11.13743527622449,905.82132511346617,505.86536809438769,17.356783591685286,28.529599318925474,4235.2588731862625,11363.952755288406,-5.2600415154231866e-09,1.4378149050855197e-16,1.0095525824050963e-14
370,0.00036594115223893549,11.127119642322619,905.53189340461529,506.3428422752678,17.338041923000663,28.532221087263494,4251.158605380976,11392.405423904391,-5.3718004954100783e-09,1.4378149050855197e-16,1.0095525824050963e-14
371,0.00036582077511968387,11.116846839959699,905.2429232357398,506.81924566767418,17.319336189526421,28.534848170098265,4267.0733210212793,11420.84900700931,-5.4787361020510746e-09,1.4378149050855197e-16,1.0095525824050963e-14
372,0.00036570060105489661,11.106616455269393,904.95441291548457,507.29458861826527,17.300666319675738,28.537480560139716,4283.0029866324276,11449.283519076356,-5.5863881168815618e-09,1.4378149050855197e-16,1.0095525824050963e-14
373,0.00036558062920213821,11.096428109293683,904.66636073850975,507.76888060099122,17.282032242405705,28.540118250347369,4298.9475690505042,11477.708974525331,-5.6930732945644004e-09,1.4378149050855197e-16,1.0095525824050963e-14
374,0.00036546085872554978,11.08628145117075,904.37876499078084,508.24213038739788,17.263433887180717,28.542761233895703,4314.9070353978132,11506.125387722328,-5.803606288774243e-09,1.4378149050855197e-16,1.0095525824050963e-14
375,0.00036534128879560216,11.076176153074348,904.09162395338319,508.71434617314134,17.244871183943417,28.545409504146193,4330.881353062894,11534.532772979501,-5.9175971558130112e-09,1.4378149050855197e-16,1.0095525824050963e-14
376,0.00036522191858892085,11.066111906366169,903.80493590545439,509.18553567417905,17.226344063089904,28.548063054623789,4346.8704896840045,11562.93114455497,-6.0225785097345725e-09,1.4378149050855197e-16,1.0095525824050963e-14
377,0.00036510274728814105,11.05608841861241,903.51869912643849,509.65570620135645,17.20785245544889,28.550721878998939,4362.8744131352714,11591.320516652786,-6.1267611417700906e-09,1.4378149050855197e-16,1.0095525824050963e-14
378,0.00036498377408176471,11.046105411229702,903.23291189779275,510.12486471925735,17.189396292264814,28.553385971070867,4378.8930915149222,11619.70090342298,-6.2332708796674793e-09,1.4378149050855197e-16,1.0095525824050963e-14
379,0.00036486499816405164,11.036162617601265,902.94757250437078,510.59301789330169,17.170975505181655,28.556055324754649,4394.9264931351763,11648.072318961636,-6.3410303208477052e-09,1.4378149050855197e-16,1.0095525824050963e-14
380,0.00036474641873491663,11.026259781548362,902.66267923550834,511.06017212795763,17.152590026230349,28.558729934069223,4410.974586513461,11676.434777311037,-6.4481183473420641e-09,1.4378149050855197e-16,1.0095525824050963e-14
381,0.00036462803499983678,11.016396656076882,902.37823038589443,511.52633359807788,17.134239787816842,28.561409793128433,4427.0373403647291,11704.788292459789,-6.5590806981640117e-09,1.4378149050855197e-16,1.0095525824050963e-14
382,0.0003645098461697629,11.006573002336943,902.09422425626678,511.99150827490973,17.115924722711679,28.564094896131088,4443.1147235946582,11733.132878343034,-6.6664655422675506e-09,1.4378149050855197e-16,1.0095525824050963e-14
383,0.00036439185146105085,10.996788588753937,901.81065915400518,512.45570194781828,17.097644764040883,28.566785237354519,4459.2067052936118,11761.468548842622,-6.7725532480766814e-09,1.4378149050855197e-16,1.0095525824050963e-14
384,0.00036427405009537939,10.98704319029383,901.5275333935765,512.91892024265428,17.079399845276832,28.56948081114766,4475.313254731218,11789.795317787341,-6.8762015386583037e-09,1.4378149050855197e-16,1.0095525824050963e-14
385,0.00036415644129968899,10.977336587838757,901.24484529693245,513.38116863736434,17.061189900231863,28.572181611925668,4491.4343413514853,11818.113198953144,-6.9805170584835963e-09,1.4378149050855197e-16,1.0095525824050963e-14
386,0.0003640390243061087,10.967668567653099,900.96259319380079,513.8424524753392,17.043014863049581,28.574887634164138,4507.5699347683712,11846.42220606338,-7.087450223616643e-09,1.4378149050855197e-16,1.0095525824050963e-14
387,0.00036392179835190386,10.958038920922201,900.68077542196261,514.30277697694498,17.024874668200479,28.577598872394539,4523.7200047617407,11874.722352789067,-7.1918463132042392e-09,1.4378149050855197e-16,1.0095525824050963e-14
388,0.00036380476267941177,10.948447443353638,900.39939032744655,514.76214724949239,17.006769250474509,28.580315321201208,4539.8845212736624,11903.013652749118,-7.2974628079792888e-09,1.4378149050855197e-16,1.0095525824050963e-14
389,0.00036368791653598265,10.938893934828137,900.11843626469215,515.22056829596318,16.988698544976057,28.583036975215929,4556.0634544049926,11931.296119510624,-7.4037092118050779e-09,1.4378149050855197e-16,1.0095525824050963e-14
390,0.00036357125917392985,10.929378199095325,899.83791159669647,515.67804502261686,16.970662487118865,28.585763829116733,4572.2567744122271,11959.569766589109,-7.5084328122446363e-09,1.4378149050855197e-16,1.0095525824050963e-14
391,0.00036345478985047542,10.919900043504814,899.5578146951184,516.13458224571298,16.952661012621395,28.588495877622954,4588.4644517045617,11987.834607448807,-7.6155176996573473e-09,1.4378149050855197e-16,1.0095525824050963e-14
392,0.00036333850782769786,10.910459278768627,899.27814394036113,516.59018469745104,16.934694057501975,28.591233115493679,4604.6864568411684,12016.090655502932,-7.7276547645894243e-09,1.4378149050855197e-16,1.0095525824050963e-14
393,0.0003632224123724776,10.901055718750284,898.99889772162533,517.04485703124283,16.91676155807523,28.593975537525171,4620.9227605286333,12044.337924113957,-7.83350564412754e-09,1.4378149050855197e-16,1.0095525824050963e-14
394,0.00036310650275645499,10.891689180276996,898.72007443697339,517.49860382640838,16.898863450947001,28.596723138548597,4637.173333618558,12072.576426593887,-7.9385864023012939e-09,1.4378149050855197e-16,1.0095525824050963e-14
395,0.00036299077825598103,10.882359482970992,898.44167249335851,517.95142959239195,16.880999673011548,28.599475913427359,4653.438147105303,12100.806176204544,-8.0461470349771339e-09,1.4378149050855197e-16,1.0095525824050963e-14
396,0.00036287523815207209,10.873066449098324,898.16369030664816,518.40333877254182,16.863170161447552,28.602233857056493,4669.7171721238446,12129.027186157839,-8.1540013461805045e-09,1.4378149050855197e-16,1.0095525824050963e-14
397,0.00036275988173035679,10.863809903433445,897.88612630161515,518.8543357474972,16.845374853715029,28.604996964359817,4686.0103799477611,12157.239469616054,-8.2543375568364194e-09,1.4378149050855197e-16,1.0095525824050963e-14
398,0.00036264470828103974,10.854589673134948,897.6089789119593,519.3044248382929,16.827613687550976,28.607765230289534,4702.3177419873073,12185.443039692131,-8.3615916058712829e-09,1.4378149050855197e-16,1.0095525824050963e-14
399,0.00036252971709885805,10.845405587634808,897.3322465803011,519.75361030912973,16.809886600967726,28.61053864982291,4718.6392297875864,12213.637909449937,-8.4639703123196304e-09,1.4378149050855197e-16,1.0095525824050963e-14
400,0.00036241490748302728,10.836257478536274,897.05592775813898,520.20189636992654,16.792193532248728,28.613317217963207,4734.9748150268088,12241.824091904562,-8.5685686982801115e-09,1.4378149050855197e-16,1.0095525824050963e-14
401,0.00036230027873721519,10.827145179521899,896.78002090586983,520.64928717861915,16.774534419946473,28.616100929737332,4751.3244695146195,12270.001600022581,-8.6735821405918549e-09,1.4378149050855197e-16,1.0095525824050963e-14
402,0.00036218583016948871,10.818068526267927,896.50452449273462,521.09578684330188,16.756909202878777,28.618889780193992,4767.6881651905023,12298.170446722343,-8.7775031824900221e-09,1.4378149050855197e-16,1.0095525824050963e-14
403,0.00036207156109227604,10.809027356367613,896.22943699679558,521.54139942414304,16.739317820127127,28.621683764404608,4784.0658741222414,12326.330644874241,-8.8802979916501823e-09,1.4378149050855197e-16,1.0095525824050963e-14
404,0.00036195747082232865,10.800021509259532,895.9547569049073,521.98612893517839,16.721760211033153,28.624482877460071,4800.4575685044465,12354.482207300996,-8.9857791571275094e-09,1.4378149050855197e-16,1.0095525824050963e-14
405,0.0003618435586806808,10.79105082616125,895.68048271267844,522.42997934596883,16.704236315196646,28.627287114471972,4816.8632206571301,12382.625146777937,-9.0914402966193326e-09,1.4378149050855197e-16,1.0095525824050963e-14
406,0.00036172982399260958,10.782115150009632,895.40661292442724,522.87295458309245,16.686746072473067,28.630096470569843,4833.2828030243327,12410.759476033252,-9.196074607625342e-09,1.4378149050855197e-16,1.0095525824050963e-14
407,0.00036161626608759704,10.773214325403892,895.13314605314133,523.31505853156943,16.669289422970863,28.632910940902224,4849.7162881727927,12438.885207748297,-9.3015275213678349e-09,1.4378149050855197e-16,1.0095525824050963e-14
408,0.00036150288429928883,10.764348198554098,894.86008062042288,523.75629503614755,16.65186630704931,28.635730520634553,4866.163648790669,12467.002354557826,-9.4047087863575752e-09,1.4378149050855197e-16,1.0095525824050963e-14
409,0.00036138967796546875,10.755516617231804,894.58741515647171,524.19666790253837,16.634476665316196,28.638555204949053,4882.6248576862854,12495.110929050295,-9.5120325927623995e-09,1.4378149050855197e-16,1.0095525824050963e-14
410,0.00036127664642800802,10.746719430725973,894.31514820000143,524.63618089851741,16.617120438625559,28.641384989043704,4899.0998877869315,12523.210943768123,-9.613483526190277e-09,1.4378149050855197e-16,1.0095525824050963e-14
411,0.00036116378903283664,10.737956489800295,894.04327829820852,525.0748377549927,16.599797568076138,28.64421986813273,4915.5887121376809,12551.302411207944,-9.7177676551990859e-09,1.4378149050855197e-16,1.0095525824050963e-14
412,0.00036105110512990471,10.729227646653829,893.77180400671386,525.51264216698769,16.582507995008278,28.64705983744453,4932.0913039002508,12579.385343820892,-9.820603621207523e-09,1.4378149050855197e-16,1.0095525824050963e-14
413,0.00036093859407315237,10.720532754884278,893.50072388952321,525.94959779455974,16.565251661002321,28.649904892222445,4948.6076363518914,12607.459754012856,-9.9237775616734171e-09,1.4378149050855197e-16,1.0095525824050963e-14
414,0.00036082625522046332,10.711871669453283,893.2300365189451,526.38570826366799,16.548028507877007,28.652755027723476,4965.1376828842949,12635.525654144729,-1.0026917321028031e-08,1.4378149050855197e-16,1.0095525824050963e-14
415,0.00036071408793364609,10.703244246653858,892.9597404755757,526.82097716698684,16.530838477686942,28.655610239218252,4981.6814170025482,12663.5830565327,-1.0132793313219331e-08,1.4378149050855197e-16,1.0095525824050963e-14
416,0.0003606020915783879,10.694650344079978,892.68983434821405,527.25540806466722,16.513681512720805,28.658470521990374,4998.238812324088,12691.631973448484,-1.023809485346901e-08,1.4378149050855197e-16,1.0095525824050963e-14
417,0.00036049026552422678,10.686089820597077,892.42031673382132,527.68900448507316,16.496557555499646,28.661335871336441,5014.8098425776943,12719.672417119593,-1.034467260480211e-08,1.4378149050855197e-16,1.0095525824050963e-14
418,0.00036037860914451669,10.677562536315529,892.15118623746014,528.12176992544516,16.479466548774763,28.664206282564496,5031.3944816025069,12747.704399729593,-1.0452621786028628e-08,1.4378149050855197e-16,1.0095525824050963e-14
419,0.00036026712181639134,10.669068352564052,891.88244147223077,528.55370785256537,16.462408435526157,28.667081750995322,5047.9927033470531,12775.727933418346,-1.0554584389765163e-08,1.4378149050855197e-16,1.0095525824050963e-14
420,0.00036015580292074126,10.660607131865742,891.61408105923863,528.98482170335649,16.445383158960375,28.669962271961332,5064.6044818683004,12803.743030282278,-1.0658145832421186e-08,1.4378149050855197e-16,1.0095525824050963e-14
421,0.00036004459080086354,10.652098936636957,891.34602060521581,529.3229432507427,16.428388493894801,28.672845669961983,5081.2283372997899,12831.749700854662,-1.0758817924813458e-08,1.4378149050855197e-16,1.0095525824050963e-14
422,0.00035993354633810258,10.643558358667615,891.07839835447112,529.66187436664291,16.4114222744941,28.675729830782743,5097.8628309097721,12859.747957053278,-1.0860834241724862e-08,1.4378149050855197e-16,1.0095525824050963e-14
423,0.00035982266876542171,10.635008598925234,890.81119260735511,530.00103502686909,16.394484501735484,28.678614808921864,5114.5079766975996,12887.737812222913,-1.0964753539688781e-08,1.4378149050855197e-16,1.0095525824050963e-14
424,0.00035971195742130464,10.62645783973751,890.54439475347169,530.34022067322906,16.377575161741909,28.681500643245702,5131.1637783058368,12915.719279300749,-1.1065540034167787e-08,1.4378149050855197e-16,1.0095525824050963e-14
425,0.00035960141167191203,10.617910751955444,890.27799925216414,530.67931453444714,16.360694233743107,28.68438736525102,5147.830234545133,12943.69237100918,-1.1167532982360255e-08,1.4378149050855197e-16,1.0095525824050963e-14
426,0.00035949103089771047,10.609370443220937,890.01200193487625,531.01823891947663,16.343841692733712,28.687275001824549,5164.5073412393995,12971.657099920472,-1.1271912678965911e-08,1.4378149050855197e-16,1.0095525824050963e-14
427,0.00035938081448862543,10.600839159712608,889.74639939339477,531.35693767385158,16.327017510788963,28.690163576611052,5181.1950921393418,12999.613478488875,-1.1372120884847948e-08,1.4378149050855197e-16,1.0095525824050963e-14
428,0.00035927076184176932,10.592318612450146,889.48118869525024,531.69536802207972,16.310221657834319,28.693053110812492,5197.8934794566367,13027.561519069588,-1.1476595102689899e-08,1.4378149050855197e-16,1.0095525824050963e-14
429,0.00035916087236021355,10.583810152962666,889.21636723044196,532.03349617593335,16.293454102142206,28.695943623704029,5214.6024942088616,13055.501233931021,-1.1578257400948755e-08,1.4378149050855197e-16,1.0095525824050963e-14
430,0.00035905114545223434,10.575314877524578,888.95193262039788,532.37129472855236,16.276714810674378,28.698835132993011,5231.322126457645,13083.432635263431,-1.1682139029932895e-08,1.4378149050855197e-16,1.0095525824050963e-14
431,0.00035894158053083818,10.566833693487053,888.68788266003548,532.70874099615696,16.260003749330131,28.701727655076098,5248.0523654812741,13111.35573518518,-1.178539877196384e-08,1.4378149050855197e-16,1.0095525824050963e-14
432,0.00035883217701341766,10.558367363785896,888.42421527881049,533.04581590535258,16.24332088313362,28.70462120523532,5264.7931999045086,13139.270545747559,-1.1886454529890893e-08,1.4378149050855197e-16,1.0095525824050963e-14
433,0.00035872293432152077,10.549916538074237,888.16092851348844,533.38250321481075,16.226666176377414,28.70751579778921,5281.5446177990925,13167.177078938554,-1.198694385797387e-08,1.4378149050855197e-16,1.0095525824050963e-14
434,0.00035861385188065725,10.541481775244572,887.89802048837373,533.71878895221892,16.210039592737846,28.710411446212536,5298.3066067634318,13195.075346685899,-1.2086141628352034e-08,1.4378149050855197e-16,1.0095525824050963e-14
435,0.0003585049291201647,10.533063560178666,887.63548940062765,534.05466099553337,16.193441095366474,28.71330816323438,5315.0791539869842,13222.965360859585,-1.2188755765923998e-08,1.4378149050855197e-16,1.0095525824050963e-14
436,0.00035839616547308877,10.524662316499233,887.37333350904385,534.39010875418592,16.176870646966467,28.716205960916781,5331.8622463031643,13250.847133273935,-1.2288444279399831e-08,1.4378149050855197e-16,1.0095525824050963e-14
437,0.0003582875603760903,10.5162784164717,887.11155112533038,534.72512292154079,16.160328209855809,28.719104850722815,5348.6558702334205,13278.720675689445,-1.2394139251216085e-08,1.4378149050855197e-16,1.0095525824050963e-14
438,0.00035817911326936652,10.507912188826213,886.85014060720721,535.05969527934474,16.143813746020015,28.722004843572435,5365.4600120243676,13306.585999814297,-1.2497224599822129e-08,1.4378149050855197e-16,1.0095525824050963e-14
439,0.00035807082359657629,10.499563925028257,886.5891003528435,535.39381854096018,16.127327217157671,28.724905949891031,5382.2746576794416,13334.443117305731,-1.2599338577051478e-08,1.4378149050855197e-16,1.0095525824050963e-14
440,0.00035796269080478422,10.491233884374438,886.32842879634711,535.72748622397239,16.110868584719171,28.727808179650779,5399.0997929860923,13362.292039771246,-1.270376152322651e-08,1.4378149050855197e-16,1.0095525824050963e-14
441,0.00035785471434440834,10.482922298179245,886.06812440404315,536.06069254551892,16.094437809940398,28.730711542406095,5415.9354035393544,13390.132778769652,-1.2808020190795284e-08,1.4378149050855197e-16,1.0095525824050963e-14
442,0.00035774689366916161,10.474629373252247,885.80818567134452,536.39343233536033,16.07803485387171,28.733616047327263,5432.7814747624216,13417.965345812056,-1.2912918533446593e-08,1.4378149050855197e-16,1.0095525824050963e-14
443,0.00035763922823601877,10.466355294813374,885.54861112016727,536.7257009629991,16.061659677403959,28.736521703225769,5449.6379919247101,13445.789752362691,-1.3013915346396029e-08,1.4378149050855197e-16,1.0095525824050963e-14
444,0.00035753171750516435,10.45810022895612,885.28939929668695,537.05749427609703,16.045312241291033,28.739428518581747,5466.5049401578199,13473.606009839774,-1.3117003136510022e-08,1.4378149050855197e-16,1.0095525824050963e-14
445,0.00035742436093995524,10.44986432474674,885.03054876944304,537.38880854799811,16.028992506169843,28.742336501563305,5483.382304469721,13501.414129616182,-1.3218829364588286e-08,1.4378149050855197e-16,1.0095525824050963e-14
446,0.00035731715800689436,10.441647716023802,884.772058127729,537.7196404327384,16.012700432578121,28.745245660048528,5500.2700697573928,13529.214123020165,-1.3321003681942651e-08,1.4378149050855197e-16,1.0095525824050963e-14
447,0.00035721010817558113,10.433450522951858,884.51392598013365,538.04998692620359,15.996435980970775,28.748156001641917,5517.1682208181592,13557.006001335958,-1.3423946376727126e-08,1.4378149050855197e-16,1.0095525824050963e-14
448,0.00035710321091868757,10.425272853370888,884.25615095332375,538.37984533239455,15.980199111733683,28.751067533691351,5534.0767423598936,13584.789775804365,-1.3526945226194419e-08,1.4378149050855197e-16,1.0095525824050963e-14
449,0.00035699646571192567,10.417114803973176,883.99873169095167,538.70921323400398,15.963989785197249,28.753980263302207,5550.9956190102184,13612.565457623319,-1.362930370300548e-08,1.4378149050855197e-16,1.0095525824050963e-14
450,0.000356889872034014,10.408976461336744,883.74166685268472,539.03808846658148,15.947807961647456,28.756894197350395,5567.9248353248513,13640.333057948392,-1.3730571872124061e-08,1.4378149050855197e-16,1.0095525824050963e-14
451,0.00035678342936664993,10.400857902835659,883.48495511335329,539.3664690957753,15.93165360133696,28.759809342495576,5584.8643757951786,13668.092587893298,-1.3834005310006207e-08,1.4378149050855197e-16,1.0095525824050963e-14
452,0.00035667713719448376,10.392759197445947,883.22859516219535,539.69435339718461,15.915526664494529,28.762725705191134,5601.8142248551703,13695.844058530334,-1.3932074406138414e-08,1.4378149050855197e-16,1.0095525824050963e-14
453,0.00035657099500508745,10.384680406461101,882.97258570216354,540.02173983847251,15.899427111333466,28.765643291695273,5618.7743668876765,13723.587480890837,-1.4033723799283828e-08,1.4378149050855197e-16,1.0095525824050963e-14
454,0.0003564650022889289,10.376621584131769,882.71692544931113,540.34862706337253,15.883354902060285,28.768562108079632,5635.7447862302188,13751.322865965618,-1.4131283317828479e-08,1.4378149050855197e-16,1.0095525824050963e-14
455,0.0003563591585393495,10.368582778236341,882.46161313224718,540.67501387742482,15.86730999688155,28.771482160239035,5652.7254671802839,13779.050224705339,-1.423001127231996e-08,1.4378149050855197e-16,1.0095525824050963e-14
456,0.00035625346325252722,10.360564030595157,882.2066474916021,541.0008992351211,15.85129235601052,28.77440345389893,5669.7163940002056,13806.769568020924,-1.4331528824036149e-08,1.4378149050855197e-16,1.0095525824050963e-14
457,0.00035614791592747001,10.352565377532711,881.9520272796143,541.32628222834887,15.835301939673744,28.777325994622998,5686.7175509216595,13834.480906783878,-1.443115141679737e-08,1.4378149050855197e-16,1.0095525824050963e-14
458,0.00035604251606597608,10.344586850294972,881.69775125967385,541.65116207595895,15.819338708116163,28.780249787820324,5703.7289221498113,13862.184251826729,-1.4535321841293146e-08,1.4378149050855197e-16,1.0095525824050963e-14
459,0.00035593726317261631,10.336628475428554,881.44381820595254,541.97553811428611,15.803402621606843,28.783174838751396,5720.7504918671566,13889.879613943305,-1.4633470809613959e-08,1.4378149050855197e-16,1.0095525824050963e-14
460,0.00035583215675470919,10.328690275123456,881.19022690304701,542.29940978858031,15.787493640443534,28.786101152535135,5737.7822442370716,13917.567003889086,-1.4737533807759994e-08,1.4378149050855197e-16,1.0095525824050963e-14
461,0.00035572719632230099,10.320772267526824,880.93697614566099,542.62277664516273,15.77161172495707,28.789028734153376,5754.8241634071119,13945.246432381522,-1.483841098681995e-08,1.4378149050855197e-16,1.0095525824050963e-14
462,0.00035562238138813715,10.312874467027733,880.68406473828873,542.94563832430674,15.755756835515461,28.791957588457574,5771.8762335120764,13972.917910100379,-1.4940872355751701e-08,1.4378149050855197e-16,1.0095525824050963e-14
463,0.00035551771146764686,10.304996884518427,880.43149149495355,543.26799455370599,15.739928932527993,28.79488772017277,5788.9384386768488,14000.581447687991,-1.5044806651550158e-08,1.4378149050855197e-16,1.0095525824050963e-14
464,0.00035541318607891883,10.29713952763365,880.17925523894155,543.58984514249209,15.724127976448159,28.797819133902706,5806.010763019055,14028.237055749585,-1.5145681040315317e-08,1.4378149050855197e-16,1.0095525824050963e-14
465,0.00035530880474267536,10.289302400970081,879.92735480254942,543.91118997574802,15.708353927777818,28.800751834133674,5823.0931906515289,14055.884744853565,-1.5248800570032642e-08,1.4378149050855197e-16,1.0095525824050963e-14
466,0.00035520456698225804,10.281485506288464,879.67578902687569,544.23202900945512,15.692606747069089,28.803685825240258,5840.1857056846229,14083.524525531797,-1.5349694839648236e-08,1.4378149050855197e-16,1.0095525824050963e-14
467,0.00035510047232360071,10.273688842699494,879.42455676159352,544.55236226584611,15.676886394928278,28.806621111487722,5857.2882922283579,14111.15640827985,-1.5448708450569705e-08,1.4378149050855197e-16,1.0095525824050963e-14
468,0.00035499652029521246,10.265912406836046,879.17365686476194,544.87218982909894,15.661192832017568,28.809557697036134,5874.4009343944363,14138.780403557317,-1.5550490382718044e-08,1.4378149050855197e-16,1.0095525824050963e-14
469,0.00035489271042815764,10.258156193011736,878.92308820263941,545.19151184137331,15.64552601905814,28.812495585944546,5891.5236162981255,14166.396521788027,-1.5649749190794923e-08,1.4378149050855197e-16,1.0095525824050963e-14
470,0.00035478904225603531,10.250420193367834,878.67284964950795,545.51032849913747,15.629885916831826,28.815434782173362,5908.6563220600246,14194.004773360324,-1.5749504671345919e-08,1.4378149050855197e-16,1.0095525824050963e-14
471,0.00035468551531495638,10.242704398010229,878.42294008749843,545.82864004974431,15.614272486183667,28.818375289588065,5925.7990358077095,14221.605168627302,-1.5850373828308327e-08,1.4378149050855197e-16,1.0095525824050963e-14
472,0.00035458212914352919,10.235008795135288,878.17335840644728,546.14644678828461,15.598685688023693,28.821317111962909,5942.9517416772851,14249.197717907065,-1.5950765496073362e-08,1.4378149050855197e-16,1.0095525824050963e-14
473,0.00035447888328283444,10.227333371148392,877.92410350373325,546.46374905462358,15.583125483328697,28.824260252982135,5960.1144238148372,14276.78243148296,-1.6053965595552989e-08,1.4378149050855197e-16,1.0095525824050963e-14
474,0.00035437577727640929,10.219678110773092,877.67517428414476,546.78054723067282,15.567591833143961,28.827204716244058,5977.2870663778003,14304.359319603809,-1.6157467744444546e-08,1.4378149050855197e-16,1.0095525824050963e-14
475,0.00035427281067023362,10.212042997153354,877.42656965975743,547.09684173783285,15.552084698584775,28.830150505263635,5994.4696535362264,14331.928392484137,-1.6258357131044243e-08,1.4378149050855197e-16,1.0095525824050963e-14
476,0.00035416998301269982,10.20442801194887,877.1782885497795,547.41263303461164,15.536604040837965,28.833097623473748,6011.6621694740015,14359.489660304409,-1.6356389255770372e-08,1.4378149050855197e-16,1.0095525824050963e-14
477,0.00035406729385460304,10.196833135424551,876.93032988044899,547.72792161438622,15.521149821163252,28.836046074229387,6028.8645983899632,14387.043133211253,-1.645705437242565e-08,1.4378149050855197e-16,1.0095525824050963e-14
478,0.00035396474274912025,10.18925834653348,876.68269258491375,548.04270800332984,15.505722000894309,28.83899586080776,6046.0769244989779,14414.588821317651,-1.6555075335972584e-08,1.4378149050855197e-16,1.0095525824050963e-14
479,0.00035386232925179318,10.18170362299508,876.43537560312041,548.3569927584565,15.490320541440529,28.841946986412957,6063.2991320329265,14442.126734703201,-1.6655706271516579e-08,1.4378149050855197e-16,1.0095525824050963e-14
480,0.00035376005292051026,10.174168941368084,876.18837788170822,548.67077646579799,15.474945404287178,28.844899454175405,6080.5312052416493,14469.656883414291,-1.6759463034808491e-08,1.4378149050855197e-16,1.0095525824050963e-14
481,0.0003536577607176988,10.166763527732066,875.94122884846809,549.10966180669834,15.459599519915869,28.847856225650439,6097.775109837371,14497.179270363027,-1.6861215668861446e-08,1.4378149050855197e-16,1.0095525824050963e-14
482,0.00035355560593746717,10.159467188836393,875.69432519926818,549.54582027909021,15.444285737734553,28.850820178818765,6115.0327553858524,14524.69389661718,-1.69646344576959e-08,1.4378149050855197e-16,1.0095525824050963e-14
483,0.00035345358774556456,10.152247950377555,875.44769173855036,549.98005124056101,15.429003941091764,28.853791236016573,6132.3040719567143,14552.200770378166,-1.706646835908486e-08,1.4378149050855197e-16,1.0095525824050963e-14
484,0.00035335170556578994,10.145094400628356,875.20133665876051,550.4126399842911,15.413754034107821,28.856769340833452,6149.5890039636724,14579.69990027862,-1.716516596912041e-08,1.4378149050855197e-16,1.0095525824050963e-14
485,0.00035324995888464164,10.137999936037062,874.95526427103141,550.84375159907358,15.398535930746242,28.859754446853685,6166.8875025999541,14607.19129513804,-1.7265287327076844e-08,1.4378149050855197e-16,1.0095525824050963e-14
486,0.00035314834721781739,10.130960093887603,874.70947716049955,551.27349765281008,15.383349551162425,28.862746513895587,6184.199523311594,14634.674963881258,-1.736213776195585e-08,1.4378149050855197e-16,1.0095525824050963e-14
487,0.00035304687009810981,10.12397159156756,874.46397696278746,551.70196021081108,15.368194819896296,28.865745506148812,6201.5250245461802,14662.15091549811,-1.7465116381785855e-08,1.4378149050855197e-16,1.0095525824050963e-14
488,0.00035294552706976827,10.117031879848446,874.21876472514452,552.12920300378892,15.353071664814642,28.868751391087045,6218.8639670209795,14689.6191590199,-1.7567190597314325e-08,1.4378149050855197e-16,1.0095525824050963e-14
489,0.00035284431768545861,10.110138902399514,873.97384110091139,552.55527744001222,15.337980016427295,28.87176413876427,6236.216313250141,14717.079703504281,-1.7668768489155531e-08,1.4378149050855197e-16,1.0095525824050963e-14
490,0.00035274324150444517,10.103290953099552,873.72920646490547,552.98022617251127,15.322919807415843,28.874783721328917,6253.5820272180681,14744.532558024808,-1.7769487318985678e-08,1.4378149050855197e-16,1.0095525824050963e-14
491,0.00035264229809143599,10.096486585239306,873.48486098687079,553.40408536901737,15.307890972290469,28.877810112672279,6270.9610741425095,14771.977731663445,-1.7874119188483737e-08,1.4378149050855197e-16,1.0095525824050963e-14
492,0.00035254148701579135,10.089724550603121,873.24080468073362,553.82688623492197,15.292893447132341,28.880843288164272,6288.3534202962419,14799.415233504937,-1.7977437177918599e-08,1.4378149050855197e-16,1.0095525824050963e-14
493,0.00035244080785098297,10.083003756860156,872.99703743909481,554.24865607849597,15.27792716939395,28.883883224446983,6305.7590328688293,14826.845072632472,-1.8076540775847318e-08,1.4378149050855197e-16,1.0095525824050963e-14
494,0.00035234026017417417,10.076323236744171,872.75355905811682,554.66941908139574,15.262992077740048,28.886929899273291,6323.1778798569239,14854.267258124304,-1.8177131949690435e-08,1.4378149050855197e-16,1.0095525824050963e-14
495,0.00035223984356592915,10.069682125133465,872.51036925609014,555.08919687166349,15.248088111919158,28.88998329137447,6340.6099299754642,14881.681799051024,-1.8278704958515744e-08,1.4378149050855197e-16,1.0095525824050963e-14
496,0.00035213955760996705,10.063079641604979,872.26746768750957,555.5080089598755,15.233215212657964,28.893043380352317,6358.055152584594,14909.088704473315,-1.8381798678006183e-08,1.4378149050855197e-16,1.0095525824050963e-14
497,0.00035203940189298505,10.056515076889104,872.02485395404017,555.92587307777239,15.218373321572864,28.896110146589233,6375.5135176286776,14936.487983440176,-1.8484008222832377e-08,1.4378149050855197e-16,1.0095525824050963e-14
498,0.00035193937600450223,10.049987782170275,871.7825276131432,556.34280544574301,15.203562381095166,28.899183571171804,6392.9849955847803,14963.879644987368,-1.8581518911218056e-08,1.4378149050855197e-16,1.0095525824050963e-14
499,0.00035183947953673693,10.043497160510942,871.540488184997,556.7588209872265,15.188782334407799,28.902263635825914,6410.4695574186717,14991.263698136137,-1.867960823698755e-08,1.4378149050855197e-16,1.0095525824050963e-14
500,0.00035173971208450768,10.037042659883987,871.29873515812426,557.17393350290047,15.174033125389798,28.905350322860841,6427.9671745469059,15018.640151892172,-1.8779017023409844e-08,1.4378149050855197e-16,1.0095525824050963e-14
501,0.00035164007324514027,10.030623767447985,871.05726799398815,557.58815581380043,15.159314698568533,28.908443615121204,6445.4778188038708,15046.009015244639,-1.8879223485357633e-08,1.4378149050855197e-16,1.0095525824050963e-14
502,0.0003515405626184011,10.024240004793453,870.81608613083574,558.00149988016358,15.14462699907809,28.911543495944187,6463.0014624129399,15073.370297165397,-1.8981022856848461e-08,1.4378149050855197e-16,1.0095525824050963e-14
503,0.00035144117980642504,10.017890923958763,870.57518898688147,558.41397690103088,15.129969972622353,28.914649949122548,6480.5380779610277,15100.724006608363,-1.9077909216772994e-08,1.4378149050855197e-16,1.0095525824050963e-14
504,0.00035134192441366212,10.011576104062023,870.33457596301616,558.8255973984493,15.115343565441739,28.91776295887124,6498.0876383760424,15128.070152508886,-1.9178988692205835e-08,1.4378149050855197e-16,1.0095525824050963e-14
505,0.00035124279604683016,10.005295148433746,870.09424644511068,559.2363712891563,15.100747724284275,28.920882509798194,6515.6501169067715,15155.408743783244,-1.9282738479760749e-08,1.4378149050855197e-16,1.0095525824050963e-14
506,0.00035114379431486328,9.9990476821571921,869.854199805966,559.64630794607024,15.086182396379202,28.924008586878397,6533.2254871048553,15182.739789328227,-1.9380217428543093e-08,1.4378149050855197e-16,1.0095525824050963e-14
507,0.00035104491882887552,9.992833349944636,869.61443540701646,560.05541625138426,15.071647529413646,28.927141175429774,6550.8137228085552,15210.063298020723,-1.9481925417879275e-08,1.4378149050855197e-16,1.0095525824050963e-14
508,0.00035094616920212219,9.9866518142946727,869.37495259979164,560.46370464263316,15.057143071510563,28.930280261092189,6568.4147981280857,15237.379278717408,-1.9582675987312753e-08,1.4378149050855197e-16,1.0095525824050963e-14
509,0.00035084754504997054,9.9805027538834246,869.13575072720357,560.87118115291435,15.042668971210045,28.93342582980797,6586.0286874322728,15264.687740254456,-1.9680036348566164e-08,1.4378149050855197e-16,1.0095525824050963e-14
510,0.00035074904598986201,9.9743858621521877,868.89682912464718,561.27785344619519,15.028225177450953,28.936577867804228,6603.6553653364308,15291.988691447266,-1.9779692773651816e-08,1.4378149050855197e-16,1.0095525824050963e-14
511,0.00035065067164128576,9.9683008460642686,868.6581871209878,561.68372884839323,15.013811639554726,28.939736361577836,6621.2948066912559,15319.282141090245,-1.9880573091793421e-08,1.4378149050855197e-16,1.0095525824050963e-14
512,0.00035055242162575358,9.962247425002964,868.41982403942984,562.08881437492585,14.999428307211151,28.942901297879501,6638.9469865726496,15346.568097956639,-1.9979317439266844e-08,1.4378149050855197e-16,1.0095525824050963e-14
513,0.00035045429653263367,9.9562253275134047,868.1817415929039,562.49311681216489,14.985075130358634,28.946072663686081,6656.611880249171,15373.846570844515,-2.1153733685426422e-08,1.4378149050855197e-16,1.0095525824050963e-14
514,0.00035035629501614299,9.9502342956427583,867.94393668886948,562.89664260893096,14.970752059379464,28.9492504462334,6674.2894632456591,15401.11756851314,-2.2332325607751813e-08,1.4378149050855197e-16,1.0095525824050963e-14
515,0.00035025841670365346,9.9442740811715051,867.70640863716312,563.29939797071233,14.956459044990162,28.952434632959559,6691.9797112612587,15428.381099670945,-2.3505352287101785e-08,1.4378149050855197e-16,1.0095525824050963e-14
516,0.00035016066122452389,9.9383444445792009,867.4691567450194,563.70138888552003,14.942196038226335,28.955625211508934,6709.6826001866539,15455.637173004616,-2.4678865175320377e-08,1.4378149050855197e-16,1.0095525824050963e-14
517,0.00035006302821003605,9.9324451547067323,867.23218031720262,564.10262113233159,14.92796299043143,28.958822169723245,6727.3981060973338,15482.885797179055,-2.5852205065261468e-08,1.4378149050855197e-16,1.0095525824050963e-14
518,0.00034996551729336563,9.9265759882339264,866.99547865638033,564.50310029415164,14.913759853248166,28.962025495631906,6745.1262052472266,15510.126980837274,-2.7023026714146999e-08,1.4378149050855197e-16,1.0095525824050963e-14
519,0.00034986812810956162,9.9207367291798167,866.75905106349569,564.90283177050458,14.899586578609567,28.965235177444619,6762.8668740627445,15537.36073260036,-2.8192229992049453e-08,1.4378149050855197e-16,1.0095525824050963e-14
520,0.00034977086029552265,9.9149271684397675,866.52289683810238,565.30182078900589,14.885443118730675,28.96845120354212,6780.6200891371964,15564.587061067408,-2.935955400640518e-08,1.4378149050855197e-16,1.0095525824050963e-14
521,0.00034967371348998237,9.9091471033608229,866.28701527868975,565.70007241597932,14.871329426100713,28.971673562470233,6798.3858272255657,15591.805974815499,-3.0527438870015386e-08,1.4378149050855197e-16,1.0095525824050963e-14
522,0.00034957668733349328,9.9033963373531648,866.05140568297202,566.09759156617088,14.857245453476091,28.974902242931485,6816.1640652395927,15619.017482399651,-3.1690647199543465e-08,1.4378149050855197e-16,1.0095525824050963e-14
523,0.00034947978146840434,9.897674679532475,865.81606734813772,566.494383011688,14.843191153872985,28.978137233781023,6833.9547802431616,15646.221592352824,-3.2858683436646482e-08,1.4378149050855197e-16,1.0095525824050963e-14
524,0.00034938299553885309,9.8919819443934021,865.5809995711079,566.89045139016491,14.829166480561367,28.98137852401814,6851.7579494479369,15673.418313185879,-3.4023884734234321e-08,1.4378149050855197e-16,1.0095525824050963e-14
525,0.00034928632919074181,9.8863179515071256,865.34620164873434,567.28580121232199,14.815171387058813,28.984626102781931,6869.5735502092703,15700.607653387602,-3.5189462721619945e-08,1.4378149050855197e-16,1.0095525824050963e-14
526,0.00034918978207172506,9.880682525244417,865.11167287800447,567.6804368688895,14.801205827124244,28.98787995934622,6887.4015600223202,15727.789621424687,-3.6349759378525879e-08,1.4378149050855197e-16,1.0095525824050963e-14
527,0.00034909335383120102,9.8750754945185122,864.87741255623951,568.07436263703721,14.787269754753394,28.99114008311351,6905.2419565183809,15754.964225741729,-3.7508890389779787e-08,1.4378149050855197e-16,1.0095525824050963e-14
528,0.00034899704412028613,9.8694966925493652,864.64341998123211,568.46758268626581,14.773363124172421,28.994406463611561,6923.0947174614175,15782.131474761278,-3.8669217042354811e-08,1.4378149050855197e-16,1.0095525824050963e-14
529,0.00034890085259181027,9.8639459566429739,864.40969445142264,568.86010108392566,14.759485889833924,28.997679090487615,6940.9598207447607,15809.291376883824,-3.9827819990318116e-08,1.4378149050855197e-16,1.0095525824050963e-14
530,0.00034880477890029922,9.85842312798896,864.17623526602927,569.25192180027591,14.745638006411511,29.000957953505377,6958.837244387988,15836.443940487838,-4.0985862786600637e-08,1.4378149050855197e-16,1.0095525824050963e-14
531,0.00034870882270196085,9.8529280514709239,863.94304172517434,569.64304871322679,14.73181942879642,29.004243042540192,6976.7269665339381,15863.589173929764,-4.2140383533273876e-08,1.4378149050855197e-16,1.0095525824050963e-14
532,0.00034861298365467354,9.8474605754906968,863.7101131300077,570.03348561273265,14.718030112091638,29.007534347576136,6994.6289654458878,15890.727085544093,-4.3296471728050117e-08,1.4378149050855197e-16,1.0095525824050963e-14
533,0.00034851726141797246,9.8420205518049482,863.47744878281071,570.42323620487616,14.70427001160915,29.010831858700936,7012.5432195048525,15917.857683643389,-4.4448226595004429e-08,1.4378149050855197e-16,1.0095525824050963e-14
534,0.00034842165565303459,9.8366078353715594,863.24504798709108,570.81230411571084,14.690539082865358,29.014135566104571,7030.4697072070112,15944.980976518291,-4.5598518649910681e-08,1.4378149050855197e-16,1.0095525824050963e-14
535,0.00034832616602267411,9.8312222842078913,863.01291004769348,571.20069289480261,14.67683728157798,29.017445460074569,7048.4084071612451,15972.096972437599,-4.6751843755262804e-08,1.4378149050855197e-16,1.0095525824050963e-14
536,0.00034823079219131574,9.8258637592560785,862.78103427084784,571.58840601859799,14.663164563661573,29.020761530993546,7066.3592980867943,15999.205679648278,-4.7904921919525265e-08,1.4378149050855197e-16,1.0095525824050963e-14
537,0.00034813553382499952,9.8205321242591328,862.54941996428829,571.97544689352162,14.649520885224836,29.024083769335864,7084.322358811005,16026.307106375536,-4.905217673854345e-08,1.4378149050855197e-16,1.0095525824050963e-14
538,0.0003480403905913579,9.815227245642669,862.31806643729715,572.36181885893325,14.63590620256717,29.027412165665869,7102.2975682671831,16053.401260822848,-5.0201148984010055e-08,1.4378149050855197e-16,1.0095525824050963e-14
539,0.00034794536215960781,9.8099489924055856,862.08697300077949,572.7475251898602,14.622320472175419,29.030746710633728,7120.2849054925191,16080.488151172018,-5.1351837260777674e-08,1.4378149050855197e-16,1.0095525824050963e-14
540,0.00034785044820053677,9.8046972360162528,861.85613896731775,573.13256909959364,14.60876365072062,29.034087394974371,7138.2843496261239,16107.567785583225,-5.2499498765262728e-08,1.4378149050855197e-16,1.0095525824050963e-14
541,0.00034775567890339926,9.7994233482897748,861.62567923666029,573.46108295942213,14.595234376654815,29.037432893590783,7156.2949985531877,16134.640173889587,-5.3646319693439763e-08,1.4378149050855197e-16,1.0095525824050963e-14
542,0.00034766102319852706,9.7941361302923777,861.39550956668086,573.78993007602389,14.58173132453903,29.040781918503949,7174.315975128191,16161.705326708194,-5.4792549079119533e-08,1.4378149050855197e-16,1.0095525824050963e-14
543,0.00034756648084068948,9.7888496656927799,861.16561774389368,574.11875835768046,14.56825448639932,29.044134496553482,7192.3472828853919,16188.763252914119,-5.5933395288559474e-08,1.4378149050855197e-16,1.0095525824050963e-14
544,0.00034747205153554773,9.7835688899408719,860.93599897939202,574.44744441814476,14.554803845229159,29.04749064515374,7210.3889190807959,16215.813961154003,-5.7077805402030686e-08,1.4378149050855197e-16,1.0095525824050963e-14
545,0.00034737773497819083,9.7782966051754645,860.70665021879518,574.77591820394662,14.541379379857435,29.050850377316287,7228.4408780617732,16242.857459955507,-5.8218760432967763e-08,1.4378149050855197e-16,1.0095525824050963e-14
546,0.00034728353085981378,9.7730346645752011,860.47756918160451,575.10413338562,14.527981066567467,29.054213703323907,7246.5031523884209,16269.893757763808,-5.9357135138790021e-08,1.4378149050855197e-16,1.0095525824050963e-14
547,0.00034718943887013427,9.7677843988731503,860.24875401517409,575.43205669483791,14.514608879898343,29.057580631556839,7264.5757333881083,16296.92286295974,-6.0497092639336675e-08,1.4378149050855197e-16,1.0095525824050963e-14
548,0.00034709545869849852,9.7625468146602259,860.02020313373578,575.75966296682759,14.501262793112064,29.060951168976192,7282.6586114793308,16323.944783870418,-6.1636020521102706e-08,1.4378149050855197e-16,1.0095525824050963e-14
549,0.00034700159003448302,9.7573227011240853,859.79191513174453,576.08693247189774,14.487942778495931,29.064325321435351,7300.7517763805326,16350.959528776139,-6.2772985430478066e-08,1.4378149050855197e-16,1.0095525824050963e-14
550,0.0003469078325682455,9.7521126933667794,859.56388873244657,576.41384933249719,14.474648807569075,29.067703093896,7318.8552172540321,16377.967105915151,-6.3907956674219967e-08,1.4378149050855197e-16,1.0095525824050963e-14
551,0.00034681418599073603,9.7469173126838538,859.33612275512132,576.74040051623695,14.461380851233699,29.071084490582077,7336.9689228101097,16404.967523487197,-6.5042798169253744e-08,1.4378149050855197e-16,1.0095525824050963e-14
552,0.00034672064999385118,9.741736993578364,859.10861609313861,577.06657516054088,14.448138879887029,29.074469515098116,7355.0928813851533,16431.960789656121,-6.6175417892054283e-08,1.4378149050855197e-16,1.0095525824050963e-14
553,0.00034662722427052339,9.7365721026455798,858.88136769856783,577.39236410052706,14.434922863508906,29.077858170518386,7373.2270810019736,16458.946912551954,-6.7307948325421277e-08,1.4378149050855197e-16,1.0095525824050963e-14
554,0.00034653390851479903,9.7314229522259232,858.65437657108305,577.71775952768508,14.421732771730099,29.081250459459451,7391.3715094175232,16485.925900272588,-6.8441709976368064e-08,1.4378149050855197e-16,1.0095525824050963e-14
555,0.00034644070242187376,9.7262898105500142,858.42764174966032,578.04275473624966,14.408568573887685,29.084646384137059,7409.5261541613218,16512.897760885113,-6.9568649356532741e-08,1.4378149050855197e-16,1.0095525824050963e-14
556,0.00034634760568814211,9.7211729094551238,858.20116230631618,578.36734393028848,14.395430239070739,29.088045946413889,7427.6910025669567,16539.862502426964,-7.0697691223828026e-08,1.4378149050855197e-16,1.0095525824050963e-14
557,0.00034625461801121105,9.7160724503710565,857.97493734118984,578.69152207405682,14.382317736157407,29.091449147838269,7445.8660417982137,16566.820132906883,-7.1826250370123187e-08,1.4378149050855197e-16,1.0095525824050963e-14
558,0.00034616173908992559,9.7109886090427366,857.74896597869781,579.0152847739314,14.369231033846868,29.094855989678486,7464.0512588710199,16593.770660305723,-7.2952966526704e-08,1.4378149050855197e-16,1.0095525824050963e-14
559,0.00034606896862437141,9.7059215393119764,857.52324736440914,579.33862818386729,14.356170100685903,29.098266472949362,7482.2466406721069,16620.714092577182,-7.408090273968542e-08,1.4378149050855197e-16,1.0095525824050963e-14
560,0.00034597630631589789,9.7008713761851126,857.29778066256483,579.66154892870543,14.343134905092001,29.101680598437937,7500.4521739749453,16647.650437648394,-7.5208513185749113e-08,1.4378149050855197e-16,1.0095525824050963e-14
561,0.00034588375186710824,9.6958382383512376,857.0725650539664,579.98404404121902,14.330125415372565,29.105098366722942,7518.667845453534,16674.579703420524,-7.6329382977153557e-08,1.4378149050855197e-16,1.0095525824050963e-14
562,0.00034579130498187588,9.6908222302684699,856.84759973428936,580.30611090995478,14.317141599742685,29.108519778194285,7536.8936416943598,16701.501897769223,-7.745520693697258e-08,1.4378149050855197e-16,1.0095525824050963e-14
563,0.00034569896536533381,9.6858234439114685,856.62288391260995,580.62774723554662,14.304183426339904,29.111944833067895,7555.1295492068757,16728.417028545093,-7.8578477777051059e-08,1.4378149050855197e-16,1.0095525824050963e-14
564,0.00034560673272388697,9.6808419602439866,856.39841681021483,580.94895099390021,14.291250863237142,29.115373531400927,7573.375554432705,16755.325103574087,-7.9699254791153468e-08,1.4378149050855197e-16,1.0095525824050963e-14
565,0.00034551460676520178,9.6758778504716982,856.17419765953832,581.26972040487408,14.278343878454402,29.118805873102993,7591.6316437537944,16782.226130657855,-8.0819127749741183e-08,1.4378149050855197e-16,1.0095525824050963e-14
566,0.00034542258719820235,9.6709311771141504,855.95022570326375,581.59005390547964,14.265462439969506,29.122241857948467,7609.8978034996426,16809.120117574119,-8.1942263260521931e-08,1.4378149050855197e-16,1.0095525824050963e-14
567,0.00034533067373308232,9.6660019949281963,855.72650019358866,581.90995012679514,14.252606515726534,29.125681485585588,7628.1740199537398,16836.007072076947,-8.3062805889861277e-08,1.4378149050855197e-16,1.0095525824050963e-14
568,0.00034523886608127982,9.6610903517072373,855.50302039149938,582.22940787398568,14.239776073644464,29.129124755546162,7646.4602793593622,16862.887001897067,-8.4181486694996377e-08,1.4378149050855197e-16,1.0095525824050963e-14
569,0.00034514716395548967,9.6561962889782329,855.27978556622418,582.54842610887738,14.226971081624523,29.132571667252495,7664.7565679247464,16889.759914742099,-8.5298459142141153e-08,1.4378149050855197e-16,1.0095525824050963e-14
570,0.00034505556706965158,9.6513198426102775,855.05679499469954,582.86700393474291,14.214191507556555,29.136022220025996,7683.0628718277731,16916.625818296841,-8.6413071697460164e-08,1.4378149050855197e-16,1.0095525824050963e-14
571,0.000344964075138949,9.6464610433505271,854.83404796112313,583.1851405829035,14.201437319325503,29.139476413093167,7701.3791772201967,16943.484720223492,-8.7524193593986389e-08,1.4378149050855197e-16,1.0095525824050963e-14
572,0.00034487268787979921,9.6416199172973709,854.61154375653655,583.50283540089902,14.188708484815892,29.142934245591679,7719.7054702314781,16970.336628161866,-8.864028151768006e-08,1.4378149050855197e-16,1.0095525824050963e-14
573,0.00034478140500984907,9.6367964863185538,854.38928167846939,583.82008784203606,14.176004971917562,29.14639571657592,7738.0417369722627,16997.181549729616,-8.9753987924763298e-08,1.4378149050855197e-16,1.0095525824050963e-14
574,0.00034469022624797119,9.6319907684242434,854.1672610306191,584.13689745606041,14.163326748530062,29.149860825021673,7756.3879635375642,17024.019492522406,-9.086461803183129e-08,1.4378149050855197e-16,1.0095525824050963e-14
575,0.00034459915131426213,9.6272027780994005,853.94548112257201,584.45326388084823,14.150673782565951,29.153329569831918,7774.7441360096536,17050.850464114144,-9.1972588290382707e-08,1.4378149050855197e-16,1.0095525824050963e-14
576,0.0003445081799300228,9.6224325266009689,853.72394126950815,584.76918683497581,14.138046041955196,29.156801949839824,7793.1102404607054,17077.674472057115,-9.30832344416458e-08,1.4378149050855197e-16,1.0095525824050963e-14
577,0.00034441731181777068,9.6176800222257111,853.50264079200974,585.08466611102369,14.125443494648268,29.160277963813556,7811.4862629552435,17104.491523882185,-9.4192156190723468e-08,1.4378149050855197e-16,1.0095525824050963e-14
578,0.00034432654670121614,9.6129452705504868,853.28157901580312,585.39970156957099,14.112866108619414,29.163757610458742,7829.8721895523495,17131.301627098954,-9.5297514035769878e-08,1.4378149050855197e-16,1.0095525824050963e-14
579,0.00034423588430526825,9.6082282746494734,853.06075527159317,585.71429313376314,14.100313851869204,29.16724088842394,7848.2680063077223,17158.104789195913,-9.6403649675491337e-08,1.4378149050855197e-16,1.0095525824050963e-14
580,0.00034414532435602356,9.6035290352909559,852.84016889487316,586.02844078439273,14.08778669242739,29.170727796301154,7866.6736992755659,17184.901017640612,-9.7508842893144639e-08,1.4378149050855197e-16,1.0095525824050963e-14
581,0.0003440548665807626,9.5988475511151901,852.61981922576786,586.34214455545339,14.075284598354919,29.174218332630975,7885.089254510327,17211.690319879799,-9.8612718394079386e-08,1.4378149050855197e-16,1.0095525824050963e-14
582,0.00034396451070793654,9.594183818797438,852.39970560886547,586.65540453006406,14.062807537746417,29.177712495904171,7903.514658068304,17238.472703339557,-9.9716275801407117e-08,1.4378149050855197e-16,1.0095525824050963e-14
583,0.00034387425646716931,9.5895378331946581,852.17982739310276,586.96822083680024,14.050355478732229,29.181210284564159,7921.949896009126,17265.248175425433,-1.0081916144526214e-07,1.4378149050855197e-16,1.0095525824050963e-14
584,0.00034378410358924512,9.5849095874811709,851.96018393161978,587.28059364630406,14.037928389480291,29.18471169700981,7940.3949543971275,17292.016743522614,-1.0192038965400689e-07,1.4378149050855197e-16,1.0095525824050963e-14
585,0.0003436940518061102,9.5802990732716946,851.74077458166425,587.59252316820744,14.025526238197219,29.1882167315975,7958.8498193026326,17318.77841499601,-1.0301982719106478e-07,1.4378149050855197e-16,1.0095525824050963e-14
586,0.00034360410085085145,9.5757062807346518,851.52159870444359,587.90400964830042,14.013148993131018,29.191725386642943,7977.3144768031189,17345.533197190405,-1.0412171042151347e-07,1.4378149050855197e-16,1.0095525824050963e-14
587,0.00034351425045770498,9.5711311986955234,851.30265566506159,588.21505336594521,14.000796622571459,29.195237660423068,7995.7889129843243,17372.281097430583,-1.0521888921493205e-07,1.4378149050855197e-16,1.0095525824050963e-14
588,0.00034342450036204655,9.5665738147328163,851.08394483241432,588.52565463167957,13.988469094851906,29.198753551178729,8014.2731139412554,17399.022123021437,-1.063141803739195e-07,1.4378149050855197e-16,1.0095525824050963e-14
589,0.00034333485030037567,9.5620341152652895,850.86546557907945,588.83581378503425,13.976166378350506,29.202273057114912,8032.7670657791377,17425.75628124809,-1.0741451708347618e-07,1.4378149050855197e-16,1.0095525824050963e-14
590,0.00034324530001032067,9.5575120856335243,850.64721728126119,589.14553119249501,13.963888441491486,29.205796176403723,8051.2707546142892,17452.483579376018,-1.0851121315589463e-07,1.4378149050855197e-16,1.0095525824050963e-14
591,0.00034315584923062445,9.5530077101746791,850.42919931869335,589.45480724563299,13.951635252745728,29.209322907185161,8069.784166574942,17479.204024651146,-1.096061220444947e-07,1.4378149050855197e-16,1.0095525824050963e-14
592,0.00034306649770114305,9.5485209722913247,850.21141107457856,589.76364235938354,13.939406780632414,29.212853247568653,8088.3072878020057,17505.917624299975,-1.1070069749286636e-07,1.4378149050855197e-16,1.0095525824050963e-14
593,0.00034297724516283909,9.5440518545158728,849.99385193551939,590.07203697043644,13.927202993719153,29.216387195634347,8106.8401044497623,17532.624385529678,-1.1179190156754785e-07,1.4378149050855197e-16,1.0095525824050963e-14
594,0.00034288809135777357,9.5396003385699952,849.77652129144849,590.37999153574992,13.915023860623521,29.219924749434512,8125.382602686539,17559.324315528203,-1.1288730852376943e-07,1.4378149050855197e-16,1.0095525824050963e-14
595,0.00034279903602909656,9.5351664054193801,849.55941853556078,590.68750653118207,13.902869350013388,29.223465906994811,8143.9347686953188,17586.017421464399,-1.139776824857484e-07,1.4378149050855197e-16,1.0095525824050963e-14
596,0.00034271007892104811,9.5307500353256493,849.34254306427306,590.99458245019207,13.890739430607894,29.227010666315056,8162.4965886743148,17612.703710488102,-1.1506626438089307e-07,1.4378149050855197e-16,1.0095525824050963e-14
597,0.00034262121977894535,9.5263512078931587,849.12589427715272,591.30121980267097,13.87863407117759,29.230559025370724,8181.0680488375001,17639.383189730215,-1.1615741195210489e-07,1.4378149050855197e-16,1.0095525824050963e-14
598,0.0003425324583491832,9.5219699021142379,848.90947157688379,591.60741911381081,13.866553240545707,29.234110982113677,8199.6491354151131,17666.05586630285,-1.1724658469217315e-07,1.4378149050855197e-16,1.0095525824050963e-14
599,0.00034244379437922044,9.5176060964099971,848.69327436919684,591.91318092308336,13.854496907588437,29.237666534473107,8218.2398346541213,17692.721747299391,-1.1833518263151291e-07,1.4378149050855197e-16,1.0095525824050963e-14
600,0.00034235522761757997,9.5132597686690854,848.4773020628395,592.2185057832728,13.842465041235119,29.241225680357225,8236.8401328186483,17719.380839794598,-1.194214583480067e-07,1.4378149050855197e-16,1.0095525824050963e-14
601,0.00034226718503623134,9.5090024761365726,848.26255481838768,592.60702142991897,13.830459556162541,29.244790386719117,8255.4513353194288,17746.033166772577,-1.2050839048135185e-07,1.4378149050855197e-16,1.0095525824050963e-14
602,0.00034217923597872356,9.5048210325901845,848.04797607345017,592.99364085191201,13.818482314365522,29.248362565071673,8274.0747108763444,17772.678749812279,-1.2158927813858991e-07,1.4378149050855197e-16,1.0095525824050963e-14
603,0.00034209138131143933,9.5006944521198893,847.83358503993031,593.37888869700282,13.806533233831777,29.251942159592751,8292.7102102318713,17799.317594586868,-1.2267655975635854e-07,1.4378149050855197e-16,1.0095525824050963e-14
604,0.00034200362119026113,9.4966152512116508,847.61938820695684,593.762952053042,13.794612246113832,29.255529128659262,8311.3577935515841,17825.949707107349,-1.2375730371341451e-07,1.4378149050855197e-16,1.0095525824050963e-14
605,0.00034191595560225383,9.4925790970407942,847.40538908584222,594.14593924064661,13.782719289181834,29.259123437326657,8330.0174254496051,17852.575093534571,-1.2483802534811207e-07,1.4378149050855197e-16,1.0095525824050963e-14
606,0.00034182838445968741,9.4885830596858227,847.19158986232594,594.52792350785444,13.770854305044045,29.262725054823218,8348.6890733318269,17879.193760116581,-1.2591876232943103e-07,1.4378149050855197e-16,1.0095525824050963e-14
607,0.00034174090763399101,9.4846249826561255,846.97799199201415,594.90895876693014,13.759017238568161,29.266333953312216,8367.3727065756066,17905.805713157668,-1.2699860153339861e-07,1.4378149050855197e-16,1.0095525824050963e-14
608,0.00034165352497156766,9.4807031901888017,846.76459647738852,595.28908691194658,13.747208036792125,29.269950107165073,8386.0682960499416,17932.410959000208,-1.2807835214550633e-07,1.4378149050855197e-16,1.0095525824050963e-14
609,0.00034156623630230207,9.4768163296668071,846.55140401695689,595.66834175832969,13.735426648478475,29.273573492493746,8404.7758138054833,17959.009504013011,-1.2915616210758176e-07,1.4378149050855197e-16,1.0095525824050963e-14
610,0.00034147904144462594,9.4729632781162536,846.3384150938175,596.04675138042694,13.723673023806695,29.277204086826753,8423.4952328603267,17985.601354583279,-1.3023147336066524e-07,1.4378149050855197e-16,1.0095525824050963e-14
611,0.00034139194020872541,9.4691430827036189,846.12563003199114,596.42433959907612,13.711947114150313,29.280841868875296,8442.2265270446496,18012.186517110764,-1.313095595619257e-07,1.4378149050855197e-16,1.0095525824050963e-14
612,0.00034130493239870882,9.4653549208120396,845.91304903426601,596.80112697969912,13.700248871907874,29.28448681835625,8460.9696708837328,18038.764998003418,-1.3238591508283748e-07,1.4378149050855197e-16,1.0095525824050963e-14
613,0.00034121801781410838,9.4615980721149846,845.70067220863928,597.17713153045872,13.688578250373562,29.288138915855246,8479.7246395072434,18065.336803674021,-1.3346150466782707e-07,1.4378149050855197e-16,1.0095525824050963e-14
614,0.00034113119625096849,9.4578718983750463,845.48849958745291,597.55236920729044,13.676935203632929,29.291798142717546,8498.4914085772525,18091.901940537511,-1.3453416514085205e-07,1.4378149050855197e-16,1.0095525824050963e-14
615,0.00034104446750266043,9.4541758284190713,845.27653114164457,597.92685428952313,13.6653196864794,29.295464480961467,8517.2699542299233,18118.460415008842,-1.356068570046935e-07,1.4378149050855197e-16,1.0095525824050963e-14
616,0.00034095783136049577,9.4505093467017804,845.06476679157856,598.30059966578892,13.653731654345291,29.299137913205072,8536.0602530275246,18145.012233501242,-1.366763135217162e-07,1.4378149050855197e-16,1.0095525824050963e-14
617,0.00034087128761420163,9.4468719844239555,844.85320641545752,598.67361705606777,13.642171063243755,29.302818422605998,8554.8622819183765,18171.557402424758,-1.377461258013257e-07,1.4378149050855197e-16,1.0095525824050963e-14
618,0.00034078483605230162,9.4432633125178977,844.64184985598149,599.0459171870524,13.630637869720587,29.30650599281147,8573.6760182029848,18198.09592818503,-1.3881320498718017e-07,1.4378149050855197e-16,1.0095525824050963e-14
619,0.00034069847646240968,9.4396829360218675,844.43069692566007,599.41750993278652,13.619132030812349,29.310200607912467,8592.5014395051203,18224.627817182274,-1.3988242014370282e-07,1.4378149050855197e-16,1.0095525824050963e-14
620,0.00034061220863147506,9.4361304895108127,844.21974741114411,599.78840442889634,13.607653504010182,29.313902252409463,8611.3385237469047,18251.153075810395,-1.4094851086762492e-07,1.4378149050855197e-16,1.0095525824050963e-14
621,0.00034052603234598701,9.432605633340895,844.00900107679479,600.15860916647762,13.59620224722908,29.317610911177383,8630.1872491271042,18277.671710456249,-1.4201612160463849e-07,1.4378149050855197e-16,1.0095525824050963e-14
622,0.00034043994739213024,9.4291080505299796,843.79845766761366,600.52813207008376,13.584778218780155,29.321326569438348,8649.0475941021668,18304.183727498967,-1.430776969340031e-07,1.4378149050855197e-16,1.0095525824050963e-14
623,0.0003403539535559292,9.42563744414322,843.58811691173275,600.89698056308623,13.573381377346561,29.325049212735976,8667.9195373694729,18330.689133309399,-1.4414436803924328e-07,1.4378149050855197e-16,1.0095525824050963e-14
624,0.00034026805062335925,9.4221935350829646,843.37797852249366,601.26516162292592,13.562011681962396,29.328778826913588,8686.8030578524704,18357.187934249625,-1.4520883829946123e-07,1.4378149050855197e-16,1.0095525824050963e-14
625,0.00034018223838044555,9.4187760602053423,843.16804220022959,601.63268182819968,13.550669091992628,29.3325153980946,8705.6981346874418,18383.680136672501,-1.4626938331247152e-07,1.4378149050855197e-16,1.0095525824050963e-14
626,0.00034009651661335135,9.415384770705483,842.958307633804,601.99954739902944,13.539353567117182,29.33625891266394,8724.6047472116061,18410.165746921288,-1.473313569564186e-07,1.4378149050855197e-16,1.0095525824050963e-14
627,0.00034001088510843519,9.4120194307230278,842.74877450188956,602.36576423192435,13.528065067314577,29.340009357253031,8743.5228749524376,18436.644771329302,-1.4839102372414109e-07,1.4378149050855197e-16,1.0095525824050963e-14
628,0.00033992534365232685,9.4086798161304674,842.53944247414768,602.73133793007162,13.516803552848211,29.343766718724869,8762.4524976179637,18463.117216219642,-1.4944965389734598e-07,1.4378149050855197e-16,1.0095525824050963e-14
629,0.00033983989203197274,9.4053657134770337,842.33031121220404,603.09627382974077,13.505568984253792,29.347530984161136,8781.3935950879841,18489.583087904874,-1.5050957946491102e-07,1.4378149050855197e-16,1.0095525824050963e-14
630,0.00033975453003468151,9.4020769190594766,842.12138037052057,603.460577023513,13.494361322327205,29.351302140849807,8800.3461474060732,18516.042392686846,-1.5156710119350724e-07,1.4378149050855197e-16,1.0095525824050963e-14
631,0.0003396692574481642,9.3988132381044753,841.91264959716398,603.82425238072153,13.483180528114788,29.355080176275553,8819.3101347722222,18542.495136856418,-1.5262741879749146e-07,1.4378149050855197e-16,1.0095525824050963e-14
632,0.00033958407406057411,9.3955744840448077,841.70411853449707,604.18730456554636,13.472026562902576,29.358865078107911,8838.2855375361378,18568.94132669333,-1.5368110108044508e-07,1.4378149050855197e-16,1.0095525824050963e-14
633,0.00033949897966052824,9.3923604778745098,841.49578681975891,604.54973805313705,13.460899388207995,29.362656834194457,8857.272336191043,18595.380968465979,-1.5473712930375044e-07,1.4378149050855197e-16,1.0095525824050963e-14
634,0.00033941397403714147,9.3891710475742691,841.28765408562026,604.91155714397644,13.449798965771217,29.366455432550129,8876.2705113679767,18621.814068431322,-1.5579085483627343e-07,1.4378149050855197e-16,1.0095525824050963e-14
635,0.0003393290569800456,9.3860060275973431,841.07971996065191,605.27276597673301,13.438725257547729,29.370260861351046,8895.2800438305094,18648.240632834684,-1.5684227837558772e-07,1.4378149050855197e-16,1.0095525824050963e-14
636,0.00033924422827941338,9.3828652584059924,840.87198406976358,605.63336853985015,13.427678225701056,29.374073108926414,8914.3009144698408,18674.660667909673,-1.578963743197452e-07,1.4378149050855197e-16,1.0095525824050963e-14
637,0.00033915948772597312,9.3797485860554755,840.6644460345816,605.99336868194644,13.416657832596163,29.377892163752211,8933.333104300249,18701.074179878069,-1.5894896908530114e-07,1.4378149050855197e-16,1.0095525824050963e-14
638,0.00033907483511102571,9.376655861816289,840.45710547379974,606.35277012125948,13.405664040793287,29.381718014445081,8952.3765944548486,18727.481174949709,-1.6000258579632697e-07,1.4378149050855197e-16,1.0095525824050963e-14
639,0.00033899027022646095,9.373586941833139,840.24996200350063,606.71157645417145,13.39469681304179,29.385550649756585,8971.4313661816377,18753.881659322404,-1.6105198706948612e-07,1.4378149050855197e-16,1.0095525824050963e-14
640,0.00033890579286476806,9.37054168681337,840.04301523743618,607.06979116299919,13.383756112275742,29.389390058567233,8990.4974008397749,18780.275639181873,-1.6210446464266052e-07,1.4378149050855197e-16,1.0095525824050963e-14
641,0.00033882140281904239,9.3675199617446907,839.8362647872774,607.42741762304945,13.372841901607659,29.393236229882163,9009.5746798961336,18806.663120701669,-1.631527888620275e-07,1.4378149050855197e-16,1.0095525824050963e-14
642,0.00033873709988301091,9.3645216356361658,839.62971026288835,607.78445910909579,13.361954144324242,29.397089152826176,9028.663184922023,18833.044110043116,-1.6420038481445208e-07,1.4378149050855197e-16,1.0095525824050963e-14
643,0.00033865288385101592,9.3615465812810612,839.42335127248191,608.14091880130673,13.351092803882192,29.400948816638724,9047.7628975901334,18859.41861335525,-1.652491575737079e-07,1.4378149050855197e-16,1.0095525824050963e-14
644,0.00033856875451804497,9.3585946750402762,839.21718742287146,608.49679979065968,13.340257843903492,29.404815210670968,9066.8737996716482,18885.786636774785,-1.6629917898988599e-07,1.4378149050855197e-16,1.0095525824050963e-14
645,0.00033848471167972417,9.3556657966421906,839.01121831961859,608.85210508394516,13.32944922817175,29.408688324380758,9085.9958730335238,18912.148186426046,-1.6734492985987513e-07,1.4378149050855197e-16,1.0095525824050963e-14
646,0.00033840075513232748,9.3527598289985328,838.80544356720839,609.20683760836994,13.318666920627722,29.41256814732925,9105.129099635913,18938.503268420969,-1.683916831432706e-07,1.4378149050855197e-16,1.0095525824050963e-14
647,0.00033831688467278519,9.3498766580345052,838.5998627692087,609.56100021580392,13.307910885366915,29.416454669177973,9124.2734615297395,18964.851888859041,-1.6943543755733146e-07,1.4378149050855197e-16,1.0095525824050963e-14
648,0.00033823310009868266,9.3470161725322249,838.39447552839727,609.91459568669438,13.297181086635355,29.420347879684659,9143.4289408543827,18991.194053827279,-1.7047875389510901e-07,1.4378149050855197e-16,1.0095525824050963e-14
649,0.00033814940120826685,9.3441782639845954,838.18928144689789,610.26762673371843,13.286477488826165,29.424247768700731,9162.5955198355077,19017.529769400211,-1.7152198164102668e-07,1.4378149050855197e-16,1.0095525824050963e-14
650,0.00033806578780045022,9.341362826460939,837.98428012630006,610.62009600514318,13.275800056477399,29.428154326167927,9181.7731807829769,19043.859041639858,-1.7256278252804345e-07,1.4378149050855197e-16,1.0095525824050963e-14
651,0.00033798225967481368,9.3385697564810481,837.77947116777113,610.9720060879738,13.265148754267935,29.432067542115906,9200.9619060888817,19070.181876595725,-1.7360166020437039e-07,1.4378149050855197e-16,1.0095525824050963e-14
652,0.00033789881663160028,9.3357989528987577,837.57485417213604,611.32335951086441,13.254523547016044,29.435987406660029,9220.1616782256551,19096.498280304771,-1.7464115314070041e-07,1.4378149050855197e-16,1.0095525824050963e-14
653,0.00033781545847172959,9.3330503167937025,837.37042874000213,611.67415874682411,13.243924399675471,29.439913909997184,9239.3724797442974,19122.808258791418,-1.7567796948674506e-07,1.4378149050855197e-16,1.0095525824050963e-14
654,0.00033773218499679218,9.3303237513684572,837.16619447183075,612.02440621578842,13.233351277333552,29.443847042405462,9258.5942932726575,19149.111818067533,-1.7671709759203017e-07,1.4378149050855197e-16,1.0095525824050963e-14
655,0.00033764899600905167,9.3276191618552833,836.96215096801939,612.37410428695136,13.222804145209025,29.447786794240177,9277.8271015138125,19175.408964132432,-1.7775385324916293e-07,1.4378149050855197e-16,1.0095525824050963e-14
656,0.00033756589131144404,9.3249364554263341,836.75829782897381,612.72325528100828,13.21228296864877,29.451733155932843,9297.070887244492,19201.699702972877,-1.787915199375474e-07,1.4378149050855197e-16,1.0095525824050963e-14
657,0.0003374828707075834,9.3222755411107094,836.55463465519085,613.07186147223217,13.201787713126608,29.455686117988108,9316.3256333136051,19227.984040563078,-1.7982858950284498e-07,1.4378149050855197e-16,1.0095525824050963e-14
658,0.000337399934001753,9.3196363297165643,836.35116104730105,613.41992509041904,13.191318344240528,29.459645670983139,9335.5913226408029,19254.261982864693,-1.8086255695790045e-07,1.4378149050855197e-16,1.0095525824050963e-14
659,0.0003373170809989163,9.317018733757795,836.14787660615616,613.76744832272175,13.180874827710898,29.463611805564344,9354.8679382151131,19280.533535826846,-1.8189675112440828e-07,1.4378149050855197e-16,1.0095525824050963e-14
660,0.00033723431150470664,9.3144226673852497,835.94478093286102,614.11443331536861,13.170457129378386,29.467584512446095,9374.1554630936334,19306.798705386118,-1.829316742554322e-07,1.4378149050855197e-16,1.0095525824050963e-14
661,0.00033715150326583157,9.3117464797951399,835.74165222036527,614.34342133845462,13.160062454384553,29.471561016110581,9393.4520275026516,19333.057493730212,-1.8396374989061436e-07,1.4378149050855197e-16,1.0095525824050963e-14
662,0.00033706877906194076,9.3090087762373894,835.5387799087224,614.57394726073176,13.149688083178999,29.47553861896494,9412.7558138164422,19359.309904754391,-1.8499608014019687e-07,1.4378149050855197e-16,1.0095525824050963e-14
663,0.00033698613838107608,9.3062392219950105,835.33613900193177,614.80526945012468,13.139334054815894,29.479517387316978,9432.0668557583831,19385.555946023989,-1.8602655623888582e-07,1.4378149050855197e-16,1.0095525824050963e-14
664,0.00033690358091596344,9.3034483225804046,835.13372033298981,615.03712526882316,13.129000389197865,29.483497367562769,9451.3851737698333,19411.795624649974,-1.8705536095099053e-07,1.4378149050855197e-16,1.0095525824050963e-14
665,0.00033682110640869946,9.3006421133481592,834.9315184338941,615.26936383296254,13.118687097265177,29.48747859675122,9470.7107820686379,19438.028947522409,-1.8808525457564031e-07,1.4378149050855197e-16,1.0095525824050963e-14
666,0.00033673871462379092,9.2978246396795399,834.72952948506622,615.50188400801142,13.10839418438921,29.491461106102765,9490.0436909995096,19464.255921388311,-1.8911493265001692e-07,1.4378149050855197e-16,1.0095525824050963e-14
667,0.00033665640533840771,9.2949988502201411,834.52775057654458,615.73461207782975,13.098121652051965,29.495444922750142,9509.3839081974565,19490.476552890203,-1.901422696670577e-07,1.4378149050855197e-16,1.0095525824050963e-14
668,0.00033657417833785758,9.2921670122288287,834.32617936437589,615.96749136094593,13.087869498827246,29.499430070756876,9528.7314392680491,19516.690848588703,-1.9116987734269387e-07,1.4378149050855197e-16,1.0095525824050963e-14
669,0.0003364920334131392,9.2893309351813205,834.12481388555841,616.20047662046693,13.077637721015877,29.503416571775414,9548.0862882267211,19542.898814977139,-1.9219720808157133e-07,1.4378149050855197e-16,1.0095525824050963e-14
670,0.00033640997035948317,9.2864921034447292,833.92365244819712,616.43353074721506,13.067426313082205,29.507404445499986,9567.4484578020783,19569.100458491626,-1.93223992620242e-07,1.4378149050855197e-16,1.0095525824050963e-14
671,0.00033632798897543186,9.283651760702627,833.72269356160746,616.66662264910099,13.057235267972523,29.511393709997396,9586.8179496558114,19595.295785518461,-1.9424906880092234e-07,1.4378149050855197e-16,1.0095525824050963e-14
672,0.00033624608906221562,9.2808109665988638,833.52193588939338,616.89972583502845,13.047064577353126,29.515384381953371,9606.1947645481123,19621.484802399631,-1.9527085034101948e-07,1.4378149050855197e-16,1.0095525824050963e-14
673,0.00033616427042331668,9.2779706363558159,833.32137821662127,617.1328174244378,13.036914231795404,29.519376476864981,9625.5789024657915,19647.667515437093,-1.9629356383957924e-07,1.4378149050855197e-16,1.0095525824050963e-14
674,0.00033608253286415327,9.2751315694314993,833.12101942606932,617.3658774308791,13.026784220922261,29.523370009193254,9644.9703627238796,19673.843930896252,-1.973147747643901e-07,1.4378149050855197e-16,1.0095525824050963e-14
675,0.000336000876191844,9.2722944708295785,832.92085848055979,617.59888822926052,13.01667453352718,29.527364992485793,9664.3691440478015,19700.014055008687,-1.9833396621334062e-07,1.4378149050855197e-16,1.0095525824050963e-14
676,0.00033591930021502635,9.2694599673203424,832.72089440950299,617.83183415032477,13.006585157670724,29.531361439477685,9683.7752446409049,19726.177893974484,-1.9935597865033228e-07,1.4378149050855197e-16,1.0095525824050963e-14
677,0.00033583780474372128,9.2666286200337744,832.52112629846033,618.06470116582227,12.996516080762467,29.535359362176646,9703.1886622407674,19752.335453964137,-2.0037671034201152e-07,1.4378149050855197e-16,1.0095525824050963e-14
678,0.00033575638958921483,9.2638009344056531,832.32155328087345,618.2974766398587,12.986467289629438,29.539358771933788,9722.6093941667041,19778.486741120192,-2.0139427295637346e-07,1.4378149050855197e-16,1.0095525824050963e-14
679,0.00033567505456397071,9.2609773681512042,832.12217453144774,618.53014912955337,12.976438770573854,29.543359679504377,9742.0374373602554,19804.631761558616,-2.0241454145911614e-07,1.4378149050855197e-16,1.0095525824050963e-14
680,0.00033559379948156035,9.2581583377404115,831.9229892607832,618.76270822315644,12.966430509424203,29.547362095099928,9761.4727884200529,19830.77052137005,-2.034343223578428e-07,1.4378149050855197e-16,1.0095525824050963e-14
681,0.00033551262415659831,9.2553442237196109,831.72399671094126,618.99514440700966,12.956442491578263,29.551366028434835,9780.9154436320514,19856.903026620817,-2.0444847802225589e-07,1.4378149050855197e-16,1.0095525824050963e-14
682,0.00033543152840469296,9.2525353751293817,831.52519615177596,619.22744895509857,12.946474702041415,29.555371488763754,9800.3653989959548,19883.029283353892,-2.0546402534619965e-07,1.4378149050855197e-16,1.0095525824050963e-14
683,0.00033535051204240272,9.2497321132066137,831.32658687785226,619.45961383650138,12.936527125459722,29.55937848491876,9819.8226502484649,19909.149297589694,-2.0647710256167316e-07,1.4378149050855197e-16,1.0095525824050963e-14
684,0.00033526957488719532,9.2469347345138182,831.12816820583009,619.6916316371545,12.926599746150377,29.563387025339001,9839.2871928838686,19935.263075326839,-2.0749184209527281e-07,1.4378149050855197e-16,1.0095525824050963e-14
685,0.00033518871675742375,9.2441435136026779,830.92993947226614,619.92349549326627,12.916692548127005,29.567397118098921,9858.7590221723294,19961.370622542796,-2.085036587950711e-07,1.4378149050855197e-16,1.0095525824050963e-14
686,0.00033510793747229583,9.2413587052992074,830.73190003170112,620.15519903418658,12.906805515124161,29.571408770931821,9878.2381331762645,19987.471945194469,-2.0951770633556073e-07,1.4378149050855197e-16,1.0095525824050963e-14
687,0.00033502723685184608,9.238580546675113,830.53404925500558,620.38673633312226,12.896938630617941,29.575421991253581,9897.724520765034,20013.567049218756,-2.1053005179622335e-07,1.4378149050855197e-16,1.0095525824050963e-14
688,0.00033494661471691835,9.2358092587593568,830.33638652796049,620.61810186434934,12.887091877845066,29.579436786181457,9917.2181796282166,20039.655940533012,-2.1154160481316322e-07,1.4378149050855197e-16,1.0095525824050963e-14
689,0.00033486607088914456,9.2330450480308457,830.13891125000521,620.84929046589559,12.877265239820288,29.583453162552075,9936.7191042875911,20065.73862503553,-2.1255312783443399e-07,1.4378149050855197e-16,1.0095525824050963e-14
690,0.00033478560519092573,9.2302881077292813,829.94162283313449,621.08029730676787,12.867458699352042,29.58747112693867,9956.2272891080447,20091.815108605937,-2.1356334150987062e-07,1.4378149050855197e-16,1.0095525824050963e-14
691,0.00033470521744542736,9.2275386190087065,829.74452070096083,621.31111785811561,12.857672239056454,29.591490685665821,9975.7427283075176,20117.885397105554,-2.1457203028919992e-07,1.4378149050855197e-16,1.0095525824050963e-14
692,0.00033462490747654958,9.2247967519587259,829.54760428781731,621.54174786769852,12.847905841370951,29.595511844822575,9995.265415966076,20143.94949637778,-2.1558009822793658e-07,1.4378149050855197e-16,1.0095525824050963e-14
693,0.00033454467510892898,9.2220626665126755,829.3508730380322,621.77218333718292,12.838159488565632,29.599534610275914,10014.795346034241,20170.007412248393,-2.1658718747077268e-07,1.4378149050855197e-16,1.0095525824050963e-14
694,0.00033446452016791821,9.2193365132558576,829.15432640522738,622.00242050193685,12.828433162754331,29.603558987681538,10034.332512340641,20196.059150525878,-2.175926939188844e-07,1.4378149050855197e-16,1.0095525824050963e-14
695,0.00033438444247957459,9.2166184341504032,828.95796385170684,622.23245581290655,12.818726845905006,29.607584982495457,10053.876908599063,20222.104717001665,-2.185950877931485e-07,1.4378149050855197e-16,1.0095525824050963e-14
696,0.00033430444187066045,9.2139085631853472,828.76178484793354,622.4622859203663,12.80904051984899,29.611612599982784,10073.428528414977,20248.144117450447,-2.1960049309307378e-07,1.4378149050855197e-16,1.0095525824050963e-14
697,0.00033422451816862237,9.2112070269622031,828.56578887200692,622.69190765927829,12.799374166289267,29.615641845227749,10092.987365291548,20274.177357630386,-2.2060599396059588e-07,1.4378149050855197e-16,1.0095525824050963e-14
698,0.00033414467120159038,9.2085139452241904,828.3699754092346,622.92131803606185,12.789727766809101,29.619672723141804,10112.553412635238,20300.204443283372,-2.2160911679937605e-07,1.4378149050855197e-16,1.0095525824050963e-14
699,0.00033406490079836458,9.2058294313351006,828.1743439517129,623.15051421662247,12.780101302878796,29.623705238471327,10132.126663760995,20326.225380135227,-2.226145988324083e-07,1.4378149050855197e-16,1.0095525824050963e-14
700,0.00033398520678841557,9.2031535927146866,827.97889399797748,623.37949351546627,12.770494755863083,29.627739395805623,10151.707111897087,20352.240173895927,-2.2361791699182436e-07,1.4378149050855197e-16,1.0095525824050963e-14
701,0.0003339055890018646,9.2004865312348247,827.7836250526351,623.60825338579605,12.760908107027266,29.631775199583316,10171.294750189629,20378.248830259781,-2.2461823139888994e-07,1.4378149050855197e-16,1.0095525824050963e-14
702,0.00033382604726949199,9.1978283435809853,827.58853662609226,623.83679141047526,12.751341337543662,29.635812654098856,10190.889571706781,20404.251354905631,-2.2561976865265091e-07,1.4378149050855197e-16,1.0095525824050963e-14
703,0.00033374658142271851,9.1951791215826049,827.39362823424415,624.06510529376828,12.741794428496576,29.639851763508158,10210.491569442687,20430.24775349702,-2.2661878487506154e-07,1.4378149050855197e-16,1.0095525824050963e-14
704,0.00033366719129360851,9.1925389525165944,827.19889939823588,624.29319285375175,12.732267360888104,29.643892531835281,10230.100736321183,20456.238031682376,-2.2761851332021946e-07,1.4378149050855197e-16,1.0095525824050963e-14
705,0.00033358787671485663,9.1899079193850053,827.00434964420742,624.52105201537483,12.722760115642696,29.647934962976926,10249.717065199251,20482.22219509515,-2.2861887934773879e-07,1.4378149050855197e-16,1.0095525824050963e-14
706,0.00033350863751978809,9.1872861011715141,826.80997850308643,624.74868080404542,12.713272673612366,29.651979060707067,10269.340548870274,20508.200249353991,-2.2961680037944103e-07,1.4378149050855197e-16,1.0095525824050963e-14
707,0.00033342947354234964,9.1846735730768678,826.61578551037564,624.97607733974507,12.703805015580212,29.656024828682757,10288.971180067107,20534.172200062883,-2.306131100158972e-07,1.4378149050855197e-16,1.0095525824050963e-14
708,0.00033335038461710905,9.1820704067370524,826.42177020597694,625.20323983157357,12.694357122265115,29.660072270447841,10308.608951464956,20560.138052811286,-2.3160918945303252e-07,1.4378149050855197e-16,1.0095525824050963e-14
709,0.00033327137057924644,9.1794766704250215,826.22793213400541,625.43016657270778,12.684928974325485,29.66412138943749,10328.253855684088,20586.09781317427,-2.3260503450540474e-07,1.4378149050855197e-16,1.0095525824050963e-14
710,0.00033319243126454741,9.1768924292368386,826.03427084262364,625.65685593574574,12.675520552362711,29.668172188981291,10347.905885292417,20612.051486712644,-2.335981938990335e-07,1.4378149050855197e-16,1.0095525824050963e-14
711,0.00033311356650940873,9.1743177452650961,825.8407858839148,625.8833063683727,12.666131836924807,29.672224672308193,10367.565032807923,20637.999078973095,-2.3459173765577075e-07,1.4378149050855197e-16,1.0095525824050963e-14
712,0.00033303477615081924,9.171752677760054,825.64747681370591,626.10951638933193,12.656762808509708,29.676278842549792,10387.231290700935,20663.940595488286,-2.3558344400338323e-07,1.4378149050855197e-16,1.0095525824050963e-14
713,0.00033295606002637095,9.1691972832788089,825.45434319147432,626.33548458469647,12.647413447567901,29.680334702742513,10406.90465139632,20689.876041776988,-2.3657747606171021e-07,1.4378149050855197e-16,1.0095525824050963e-14
714,0.00033287741797423848,9.1666516158254421,825.26138458018454,626.56120960436397,12.63808373450588,29.684392255832705,10426.585107275536,20715.805423344194,-2.3757322066346969e-07,1.4378149050855197e-16,1.0095525824050963e-14
715,0.00033279884983319306,9.16411572698048,825.06860054621723,626.78669015882122,12.628773649688398,29.688451504677968,10446.272650678584,20741.728745681212,-2.3856419246597649e-07,1.4378149050855197e-16,1.0095525824050963e-14
716,0.00033272035544258866,9.1615896660228664,824.875990659237,627.01192501609501,12.619483173441971,29.692512452050973,10465.967273905866,20767.646014265778,-2.3955313921203337e-07,1.4378149050855197e-16,1.0095525824050963e-14
717,0.00033264193464235228,9.1590734800434621,824.68355449207741,627.23691299891357,12.610212286055972,29.696575100642217,10485.668969219951,20793.557234562166,-2.405456624184481e-07,1.4378149050855197e-16,1.0095525824050963e-14
718,0.00033256358727299257,9.1565672140515151,824.49129162067447,627.46165298204562,12.600960967786282,29.700639453061992,10505.377728847239,20819.462412021272,-2.4153707229723826e-07,1.4378149050855197e-16,1.0095525824050963e-14
719,0.00033248531317559102,9.1540709110744274,824.29920162396616,627.68614388980598,12.591729198856667,29.704705511843734,10525.093544979572,20845.361552080725,-2.4252329153012971e-07,1.4378149050855197e-16,1.0095525824050963e-14
720,0.00033240711219179823,9.1515846122509732,824.10728408380692,627.91038469372575,12.582516959461357,29.708773279445985,10544.81640977574,20871.254660164974,-2.4351210364446252e-07,1.4378149050855197e-16,1.0095525824050963e-14
721,0.00033232883159411167,9.1491613572857169,823.91511858739329,628.19513273452378,12.573325670452141,29.712844189429525,10564.547273836662,20897.141735206187,-2.4449683913809493e-07,1.4378149050855197e-16,1.0095525824050963e-14
722,0.00033225062494018865,9.1467914270895037,823.72309352511786,628.47854765609577,12.564156713252961,29.716919635003407,10584.287060557064,20923.022775338446,-2.4548259099660761e-07,1.4378149050855197e-16,1.0095525824050963e-14
723,0.00033217249167249118,9.1444593338750515,823.53121973835664,628.76101665312365,12.555010029799408,29.720999579405714,10604.035735672898,20948.89778518851,-2.4646726091831222e-07,1.4378149050855197e-16,1.0095525824050963e-14
724,0.00033209443148991651,9.1421595879143212,823.33950082360798,629.04267696880856,12.545885572101762,29.725083996141954,10623.793271856943,20974.766769572114,-2.4745222940156026e-07,1.4378149050855197e-16,1.0095525824050963e-14
725,0.00033201644415299739,9.1398890315150201,823.14793869104528,629.32360754545778,12.536783296905291,29.729172863519409,10643.559645035824,21000.629733387377,-2.4843673120800325e-07,1.4378149050855197e-16,1.0095525824050963e-14
726,0.00033193852945008782,9.137645544730459,822.95653450105772,629.60386138173851,12.527703163912843,29.733266162829469,10663.334833164043,21026.486681579354,-2.4941938723443714e-07,1.4378149050855197e-16,1.0095525824050963e-14
727,0.00033186068718513335,9.1354275792448725,822.76528900149765,629.88347718554496,12.518645134905173,29.737363877446146,10683.118815617398,21052.337619122511,-2.5040293615520648e-07,1.4378149050855197e-16,1.0095525824050963e-14
728,0.00033178291717199452,9.1332339416516852,822.57420268455121,630.16248479204125,12.509609173227368,29.741465992301986,10702.911572838528,21078.182551010519,-2.5138471323877887e-07,1.4378149050855197e-16,1.0095525824050963e-14
729,0.00033170521923137238,9.1310636767963143,822.38327587115543,630.44090808009207,12.500595243457211,29.745572493547094,10722.713086108184,21104.021482249649,-2.5236504634479302e-07,1.4378149050855197e-16,1.0095525824050963e-14
730,0.00033162759318898326,9.1289159985691359,822.19250876108742,630.7187667024383,12.49160331117557,29.749683368316298,10742.523337387429,21129.854417854269,-2.5334512134853835e-07,1.4378149050855197e-16,1.0095525824050963e-14
731,0.00033155003887440284,9.126790245877265,822.00190146485272,630.99607718640164,12.482633342801719,29.753798604559254,10762.342309203355,21155.681362843534,-2.5432474083665786e-07,1.4378149050855197e-16,1.0095525824050963e-14
732,0.00033147255612028012,9.1246858531120036,821.81145402505285,631.27285367219986,12.473685305467965,29.75791819091376,10782.169984563207,21181.502322238957,-2.5530249222240984e-07,1.4378149050855197e-16,1.0095525824050963e-14
733,0.00033139514476179495,9.1226023295006655,821.62116643134675,631.54910842915001,12.464759166923924,29.762042116606153,10802.00634688796,21207.317301062554,-2.5627711429254536e-07,1.4378149050855197e-16,1.0095525824050963e-14
734,0.00033131780463625788,9.1205392441768112,821.431038631251,631.82485222891296,12.45585489545954,29.76617037137413,10821.85137995968,21233.126304335299,-2.5725674633699144e-07,1.4378149050855197e-16,1.0095525824050963e-14
735,0.00033124053558281443,9.1184962150833382,821.24107053817465,632.10009462291657,12.446972459843908,29.770302945404026,10841.70506787906,21258.929337075977,-2.5823269030928775e-07,1.4378149050855197e-16,1.0095525824050963e-14
736,0.00033116333744221576,9.1164729005305567,821.05126203752172,632.37484415340282,12.438111829274558,29.774439829279128,10861.567395030524,21284.726404300196,-2.5920785369661419e-07,1.4378149050855197e-16,1.0095525824050963e-14
737,0.00033108621005665211,9.1144689926456,820.86161299145556,632.64910851719344,12.429272973335047,29.778581013935096,10881.438346053212,21310.517511019592,-2.6018256017316738e-07,1.4378149050855197e-16,1.0095525824050963e-14
738,0.0003310091532696035,9.1124842122027356,820.67212324261595,632.92289469493164,12.420455861959541,29.782726490627212,10901.31790581651,21336.302662241149,-2.6115828161945351e-07,1.4378149050855197e-16,1.0095525824050963e-14
739,0.00033093216692573125,9.1105183044822233,820.48279261712571,633.19620905461113,12.411660465403189,29.786876250895791,10921.206059399259,21362.081862966654,-2.6213315690884199e-07,1.4378149050855197e-16,1.0095525824050963e-14
740,0.00033085525087078662,9.1085710359089624,820.29362092702104,633.46905743560922,12.402886754215029,29.791030286542206,10941.102792071844,21387.855118192183,-2.6310451572921081e-07,1.4378149050855197e-16,1.0095525824050963e-14
741,0.00033077840495153232,9.1066421912937052,820.10460797224107,633.74144521765731,12.394134699216629,29.795188589605662,10961.008089280731,21413.622432907734,-2.6407833140414965e-07,1.4378149050855197e-16,1.0095525824050963e-14
742,0.00033070162901568029,9.1047315715442387,819.91575354228416,634.01337737806068,12.385404271481434,29.799351152342485,10980.921936634924,21439.383812096836,-2.6505106235198554e-07,1.4378149050855197e-16,1.0095525824050963e-14
743,0.00033062492291183713,9.1028389917493069,819.72705741758887,634.28485853960069,12.376695442318287,29.803517967209014,11000.844319894122,21465.139260736272,-2.6602183869831518e-07,1.4378149050855197e-16,1.0095525824050963e-14
744,0.00033054828648945901,9.100964279561353,819.53851937070237,634.55589301096609,12.368008183255546,29.80768902684645,11020.775224958226,21490.888783795799,-2.6699412250140968e-07,1.4378149050855197e-16,1.0095525824050963e-14
745,0.00033047171959881341,9.0991072738204686,819.35013916727576,634.82648482115485,12.359342466027996,29.811864324066864,11040.714637858013,21516.632386237899,-2.6796505928969025e-07,1.4378149050855197e-16,1.0095525824050963e-14
746,0.00033039522209094084,9.0972678233761517,819.16191656690137,635.09663774892965,12.350698262564547,29.816043851840881,11060.662544746845,21542.370073017624,-2.6893317299720848e-07,1.4378149050855197e-16,1.0095525824050963e-14
747,0.00033031879381762737,9.0954457860717355,818.97385132384977,635.36635534820664,12.342075544977439,29.82022760328665,11080.618931893196,21568.101849082363,-2.6990330548301342e-07,1.4378149050855197e-16,1.0095525824050963e-14
748,0.00033024243463138385,9.0936410278639634,818.78594318771547,635.63564097006758,12.333474285552107,29.824415571660634,11100.583785673956,21593.827719371722,-2.7087113248774113e-07,1.4378149050855197e-16,1.0095525824050963e-14
749,0.0003301661443854146,9.0918534220560101,818.59819190394751,635.90449778193306,12.324894456739043,29.828607750347938,11120.557092568351,21619.547688817376,-2.7183741018128205e-07,1.4378149050855197e-16,1.0095525824050963e-14
750,0.00033008992293359483,9.090082848624947,818.41059721432589,636.17292878437638,12.316336031145255,29.832804132854609,11140.53883915247,21645.261762342932,-2.7280059553061261e-07,1.4378149050855197e-16,1.0095525824050963e-14
751,0.00033001377013046156,9.0883291936308144,818.22315885740818,636.4409368258963,12.307798981526886,29.837004712800361,11160.52901209423,21670.969944863849,-2.7376688578048011e-07,1.4378149050855197e-16,1.0095525824050963e-14
752,0.00032993768583119591,9.0865923486938911,818.03587656889965,636.70852461598599,12.299283280782729,29.841209483911673,11180.527598148825,21696.672241287317,-2.7472969583516033e-07,1.4378149050855197e-16,1.0095525824050963e-14
753,0.00032986166989159725,9.0848722105318913,817.84875008195627,636.97569473670262,12.29078890194824,29.845418440015781,11200.53458415454,21722.368656512182,-2.7569548173924301e-07,1.4378149050855197e-16,1.0095525824050963e-14
754,0.00032978572216808204,9.0831686805466081,817.6617791275105,637.24244965300136,12.282315818189764,29.84963157503535,11220.549957028914,21748.059195428876,-2.7666015431570116e-07,1.4378149050855197e-16,1.0095525824050963e-14
755,0.00032970984251766422,9.0814816644554046,817.47496343451371,637.50879172194811,12.273864002799286,29.8538488829827,11240.573703765209,21773.743862919342,-2.7762490083497142e-07,1.4378149050855197e-16,1.0095525824050963e-14
756,0.00032963403079794572,9.0798110719611334,817.28830273017604,637.77472320097172,12.265433429189537,29.858070357955739,11260.605811429146,21799.422663856982,-2.7858899372768522e-07,1.4378149050855197e-16,1.0095525824050963e-14
757,0.00032955828686710611,9.0781568164543032,817.10179674017604,638.04024625530906,12.257024070890312,29.862295994133277,11280.646267155904,21825.095603106602,-2.795516391549723e-07,1.4378149050855197e-16,1.0095525824050963e-14
758,0.0003294826105838963,9.0765188147455493,816.91544518885826,638.30536296469461,12.248635901543324,29.866525785770882,11300.695058147325,21850.762685524373,-2.8051437875470881e-07,1.4378149050855197e-16,1.0095525824050963e-14
759,0.00032940700180762066,9.0748969868233136,816.72924779938091,638.57007532941714,12.24026889489917,29.870759727197221,11320.752171669323,21876.423915957781,-2.8147625824607375e-07,1.4378149050855197e-16,1.0095525824050963e-14
760,0.00032933146039813572,9.073291255633956,816.54320429388736,638.83438527581779,12.231923024813362,29.874997812810815,11340.817595049477,21902.079299245608,-2.8243783638560044e-07,1.4378149050855197e-16,1.0095525824050963e-14
761,0.00032925598621584291,9.07170154688216,816.35731439364702,639.09829466127928,12.223598265243401,29.879240037076265,11360.891315674791,21927.728840217875,-2.8339841211172081e-07,1.4378149050855197e-16,1.0095525824050963e-14
762,0.00032918057912167655,9.0701277888495806,816.17157781916944,639.36180527876036,12.215294590245199,29.883486394522123,11380.973320989597,21953.372543695841,-2.8435853371736275e-07,1.4378149050855197e-16,1.0095525824050963e-14
763,0.00032910523897710151,9.0685699122283374,815.98599429033072,639.62491886095813,12.207011973970683,29.887736879736721,11401.063598493594,21979.01041449199,-2.8531674187834664e-07,1.4378149050855197e-16,1.0095525824050963e-14
764,0.00032902996564410607,9.0670278499693051,815.80056352647705,639.88763708410056,12.19875039066484,29.891991487366997,11421.162135740027,22004.642457409976,-2.8627413666839683e-07,1.4378149050855197e-16,1.0095525824050963e-14
765,0.00032895475898518878,9.065501537142902,815.6152852465018,640.14996157142741,12.190509814662999,29.896250212115199,11441.268920333952,22030.268677244654,-2.8723280522802251e-07,1.4378149050855197e-16,1.0095525824050963e-14
766,0.00032887961886336476,9.0639909108121106,815.43015916896354,640.41189389636395,12.182290220388927,29.90051304873651,11461.383939930633,22055.889078782016,-2.8819012607526049e-07,1.4378149050855197e-16,1.0095525824050963e-14
767,0.00032880454514214901,9.062495909913201,815.24518501213799,640.67343558550328,12.174091582352075,29.90477999203717,11481.507182234021,22081.50366679921,-2.8914728927084242e-07,1.4378149050855197e-16,1.0095525824050963e-14
768,0.00032872953768555991,9.0610164751489712,815.06036249411318,640.93458812127574,12.165913875145657,29.90905103687308,11501.638634995332,22107.112446064548,-2.9010097227123701e-07,1.4378149050855197e-16,1.0095525824050963e-14
769,0.00032865459635810803,9.0595525488881066,814.87569133284092,641.19535294446393,12.157757073444918,29.913326178145908,11521.778286011682,22132.715421337463,-2.910573172128693e-07,1.4378149050855197e-16,1.0095525824050963e-14
770,0.00032857972102479381,9.0581040750726167,814.6911712462047,641.45573145651781,12.149621152004741,29.917605410803887,11541.926123124835,22158.312597368553,-2.9200997896536769e-07,1.4378149050855197e-16,1.0095525824050963e-14
771,0.0003285049115511054,9.0566709991321606,814.50680195208326,641.71572502169602,12.141506085658074,29.92188872983764,11562.082134219992,22183.903978899529,-2.9296395076127391e-07,1.4378149050855197e-16,1.0095525824050963e-14
772,0.00032843016780300749,9.0552532679047157,814.32258316838568,641.97533496904862,12.13341184931457,29.926176130280716,11582.246307224659,22209.489570663245,-2.9391963510061272e-07,1.4378149050855197e-16,1.0095525824050963e-14
773,0.0003283554896469467,9.0538508295631441,814.13851461312299,642.23456259425461,12.125338417958172,29.930467607206651,11602.418630107559,22235.069377383694,-2.9487305790601737e-07,1.4378149050855197e-16,1.0095525824050963e-14
774,0.0003282808769498397,9.0524636335461874,813.95459600443439,642.4934091613452,12.117285766646546,29.934763155727719,11622.599090877624,22260.643403776005,-2.9582363042528545e-07,1.4378149050855197e-16,1.0095525824050963e-14
775,0.00032820632957906911,9.051091630494394,813.77082706062765,642.75187590430687,12.10925387050882,29.939062770994596,11642.787677583023,22286.211654546481,-2.967742489844177e-07,1.4378149050855197e-16,1.0095525824050963e-14
776,0.00032813184740248895,9.0497347721914938,813.58720750023951,643.00996402854605,12.101242704744667,29.943366448193348,11662.984378310228,22311.774134392552,-2.977238951258127e-07,1.4378149050855197e-16,1.0095525824050963e-14
777,0.0003280574302884103,9.0483930115076525,813.40373704204558,643.26767471230846,12.09325224462288,29.94767418254591,11683.189181183157,22337.330848002821,-2.9867084863272723e-07,1.4378149050855197e-16,1.0095525824050963e-14
778,0.00032798307810560359,9.04706630234854,813.22041540510668,643.52500910795311,12.085282465479935,29.951985969308112,11703.402074362337,22362.881800057054,-2.9962358921105369e-07,1.4378149050855197e-16,1.0095525824050963e-14
779,0.00032790879072329507,9.045754599605889,813.03724230879936,643.78196834318601,12.077333342719252,29.956301803768422,11723.623046044107,22388.426995226204,-3.0056968051687549e-07,1.4378149050855197e-16,1.0095525824050963e-14
780,0.00032783456801115926,9.0444578591127343,812.85421747283272,644.03855352218159,12.069404851809391,29.960621681247162,11743.852084459855,22413.966438172407,-3.0151791476910255e-07,1.4378149050855197e-16,1.0095525824050963e-14
781,0.0003277599826571591,9.0431055205680515,812.67033620993516,644.21236198579868,12.061495051475783,29.964943656844145,11764.087878045837,22439.500117573465,-3.0246481805071068e-07,1.4378149050855197e-16,1.0095525824050963e-14
782,0.000327685464930932,9.0417105111407174,812.4866552888725,644.38723722148211,12.0536020525258,29.969265840300146,11784.32915143484,22465.028023419982,-3.0341078728113509e-07,1.4378149050855197e-16,1.0095525824050963e-14
783,0.00032761101357731744,9.0402934408113218,812.30315557319523,644.56266397971683,12.045725881025264,29.973588279909443,11804.57592800476,22490.550161631159,-3.0435647050634265e-07,1.4378149050855197e-16,1.0095525824050963e-14
784,0.00032753662806044221,9.0388616177461003,812.1198300501577,644.73845955634738,12.037866549775408,29.977911009985299,11824.828221900822,22516.066537778192,-3.0530395486684262e-07,1.4378149050855197e-16,1.0095525824050963e-14
785,0.00032746230801646036,9.0374192465224166,811.93667454736635,644.91451883693946,12.030024065361438,29.982234058270411,11845.086042936089,22541.577157263473,-3.0624955577835362e-07,1.4378149050855197e-16,1.0095525824050963e-14
786,0.00032738805315855781,9.035969149995557,811.75368615848686,645.09077125011095,12.022198430499641,29.986557448405136,11865.349398223363,22567.082025380379,-3.0719339043325725e-07,1.4378149050855197e-16,1.0095525824050963e-14
787,0.00032731386324264287,9.0345133894310816,811.57086267589682,645.26716526422285,12.014389645199717,29.990881201147662,11885.618292983039,22592.581147342891,-3.0813682956387321e-07,1.4378149050855197e-16,1.0095525824050963e-14
788,0.00032723973805136265,9.0330535528632954,811.38820232674311,645.44366117841764,12.006597707443701,29.995205335089821,11905.892731015512,22618.074528302943,-3.0908049470836783e-07,1.4378149050855197e-16,1.0095525824050963e-14
789,0.00032716567738549012,9.0315909103342165,811.2057036307981,645.62022724164444,11.998822613625135,29.999529867117722,11926.172715006305,22643.562173361646,-3.100262344370451e-07,1.4378149050855197e-16,1.0095525824050963e-14
790,0.00032709168105881216,9.0301265060061464,811.02336531609819,645.79683734984633,11.991064358851995,30.003854812731035,11946.458246736787,22669.04408757704,-3.1096532838108619e-07,1.4378149050855197e-16,1.0095525824050963e-14
791,0.00032701774889486477,9.0286612167756388,810.84118626522024,645.97346958060893,11.983322937166159,30.008180186273155,11966.749327236972,22694.520275969764,-3.1190812853419332e-07,1.4378149050855197e-16,1.0095525824050963e-14
792,0.00032694388072474666,9.0271957916009278,810.65916547924053,646.15010520997691,11.975598341709004,30.01250600110642,11987.045956900491,22719.990743527273,-3.1285141698889016e-07,1.4378149050855197e-16,1.0095525824050963e-14
793,0.00032687007638559793,9.0257308790103057,810.47730205253856,646.32672802474235,11.967890564849299,30.016832269745407,12007.348135573679,22745.455495207163,-3.1378825218929198e-07,1.4378149050855197e-16,1.0095525824050963e-14
794,0.00032679633571947286,9.0242670469981281,810.29559515450387,646.50332382504678,11.960199598284994,30.021159003965082,12027.655862626238,22770.914535939806,-3.1472843713859927e-07,1.4378149050855197e-16,1.0095525824050963e-14
795,0.00032672265857252962,9.022804797823154,810.11404401599737,646.67988005442112,11.952525433125214,30.025486214886786,12047.969137008406,22796.367870630471,-3.1566329332241535e-07,1.4378149050855197e-16,1.0095525824050963e-14
796,0.00032664904479438997,9.0213445792713021,809.93264791898514,646.85638551821751,11.944868059957757,30.029813913049107,12068.287957297973,22821.815504161077,-3.1660136392583918e-07,1.4378149050855197e-16,1.0095525824050963e-14
797,0.00032657549423765412,9.0198867934010618,809.75140618852049,647.03283016497346,11.937227468905506,30.034142108468206,12088.612321739502,22847.257441391699,-3.1753755735843735e-07,1.4378149050855197e-16,1.0095525824050963e-14
798,0.00032650200675751707,9.0184318034506781,809.57031818640553,647.20920491373295,11.929603649674178,30.038470810686352,12108.94222827741,22872.693687161795,-3.1847513896269775e-07,1.4378149050855197e-16,1.0095525824050963e-14
799,0.00032642858221144878,9.0169799393758723,809.38938330608062,647.3855015156031,11.921996591592759,30.042800028816394,12129.277674584233,22898.124246291274,-3.1941222459205771e-07,1.4378149050855197e-16,1.0095525824050963e-14
800,0.00032635522045894696,9.015531502348292,809.2086009685022,647.56171244129268,11.914406283648043,30.047129771577314,12149.618658084908,22923.549123581444,-3.2034650388242421e-07,1.4378149050855197e-16,1.0095525824050963e-14
801,0.00032628192136132614,9.0140867684509427,809.02797061873741,647.73783078872634,11.906832714515696,30.05146004732714,12169.965175977914,22948.968323815796,-3.2128159235828221e-07,1.4378149050855197e-16,1.0095525824050963e-14
802,0.00032620868478154818,9.0126459917483341,808.84749172314707,647.9138502062915,11.899275872586097,30.055790864090177,12190.317225253715,22974.381851760736,-3.2221532614601564e-07,1.4378149050855197e-16,1.0095525824050963e-14
803,0.00032613551058406832,9.0112094068582138,808.66716376699753,648.08976482854473,11.891735745987912,30.060122229582181,12210.674802711022,22999.78971216621,-3.2314704813119939e-07,1.4378149050855197e-16,1.0095525824050963e-14
804,0.0003260623986347191,9.0097772311262911,808.48698625247414,648.26556922184261,11.884212322608919,30.064454151231384,12231.037904971199,23025.19190976625,-3.2408165249090984e-07,1.4378149050855197e-16,1.0095525824050963e-14
805,0.00032598934880059968,9.0083496664775478,808.30695869696262,648.44125833806117,11.876705590114158,30.068786636199764,12251.406528491063,23050.588449279512,-3.2501552928125164e-07,1.4378149050855197e-16,1.0095525824050963e-14
806,0.00032591636094998723,9.0069269010042632,808.12708063158777,648.6168274748934,11.869215535962276,30.07311969139792,12271.780669574364,23075.979335409691,-3.2594530922125571e-07,1.4378149050855197e-16,1.0095525824050963e-14
807,0.00032584343495225512,9.0055091103369929,807.94735159994059,648.79227224157512,11.861742147420687,30.077453323502812,12292.160324382112,23101.364572845963,-3.2687720001927474e-07,1.4378149050855197e-16,1.0095525824050963e-14
808,0.0003257705706778108,9.0040964588340664,807.76777115699417,648.96758852914843,11.854285411578672,30.081787538970804,12312.545488941865,23126.744166263336,-3.2780829418812885e-07,1.4378149050855197e-16,1.0095525824050963e-14
809,0.00032569776799802678,9.0026891006208878,807.5883388681209,649.14277248447775,11.846845315359435,30.086122344051034,12332.936159156181,23152.118120323019,-3.2873897330063168e-07,1.4378149050855197e-16,1.0095525824050963e-14
810,0.00032562502678519343,9.0012871805004604,807.40905430826376,649.31782048748858,11.839421845531321,30.090457744796673,12353.332330810279,23177.486439672692,-3.2966782895548379e-07,1.4378149050855197e-16,1.0095525824050963e-14
811,0.00032555234691246658,8.9998908347569646,807.22991706117728,649.49272913107586,11.832014988717445,30.094793747075911,12373.733999579052,23202.849128946855,-3.3059672785990525e-07,1.4378149050855197e-16,1.0095525824050963e-14
812,0.00032547972825383331,8.9985001918662935,807.05092671878822,649.6674952033427,11.824624731405175,30.099130356581515,12394.141161033458,23228.206192767029,-3.315261687790913e-07,1.4378149050855197e-16,1.0095525824050963e-14
813,0.00032540717068406638,8.997115373128084,806.87208288058764,649.84211567179796,11.817251059954595,30.103467578839499,12414.55381064641,23253.557635742065,-3.3245295961579251e-07,1.4378149050855197e-16,1.0095525824050963e-14
814,0.00032533467407870099,8.9957364932286819,806.69338515313325,650.0165876692829,11.809893960605953,30.107805419218195,12434.971943798182,23278.90346246833,-3.3338131999331787e-07,1.4378149050855197e-16,1.0095525824050963e-14
815,0.00032526223831398637,8.9943636607462079,806.51483314953339,650.19090848134488,11.8025534194868,30.112143882934831,12455.395555781402,23304.243677529932,-3.3430819732915791e-07,1.4378149050855197e-16,1.0095525824050963e-14
816,0.00032518986326687951,8.9929969786033084,806.33642648907835,650.36507553491742,11.795229422619126,30.116482975063448,12475.824641805673,23329.578285498927,-3.3523368091274611e-07,1.4378149050855197e-16,1.0095525824050963e-14
817,0.00032511754881500276,8.991636544475254,806.15816479681519,650.53908638811856,11.787921955924746,30.120822700541147,12496.259197001849,23354.907290935491,-3.3615872432732984e-07,1.4378149050855197e-16,1.0095525824050963e-14
818,0.00032504529483663665,8.9902824511592492,805.98004770324053,650.71293872101887,11.780631005231339,30.125163064173673,12516.699216426003,23380.230698388124,-3.3708558840926958e-07,1.4378149050855197e-16,1.0095525824050963e-14
819,0.00032497310121068403,8.9889347869083593,805.80207484395089,650.88663032729096,11.773356556277699,30.129504070641861,12537.144695063131,23405.548512393794,-3.3801001795899768e-07,1.4378149050855197e-16,1.0095525824050963e-14
820,0.00032490096781666246,8.9875936357350295,805.62424585938538,651.06015910662427,11.766098594718791,30.133845724506497,12557.595627830606,23430.860737478088,-3.3893672578442866e-07,1.4378149050855197e-16,1.0095525824050963e-14
821,0.00032482889453467879,8.9862590776881675,805.44656039454594,651.23352305779588,11.758857106129925,30.138188030212532,12578.052009581386,23456.167378155376,-3.3985859384353185e-07,1.4378149050855197e-16,1.0095525824050963e-14
822,0.00032475688124541886,8.9849311891048149,805.2690180987754,651.40672027237974,11.751632076011346,30.14253099209607,12598.513835107033,23481.46843892895,-3.4078195610549955e-07,1.4378149050855197e-16,1.0095525824050963e-14
823,0.00032468492783012929,8.9836100428420895,805.09161862552878,651.57974892894777,11.744423489792272,30.146874614385073,12618.981099140532,23506.763924291143,-3.417045887053775e-07,1.4378149050855197e-16,1.0095525824050963e-14
824,0.00032461303417060771,8.9822957084880137,804.91436163218555,651.75260728779983,11.737231332834666,30.151218901207017,12639.453796358948,23532.053838723459,-3.4262629771767715e-07,1.4378149050855197e-16,1.0095525824050963e-14
825,0.00032454120014918354,8.9809882525569318,804.73724677984819,651.92529368607688,11.73005559043642,30.155563856590344,12659.931921385909,23557.338186696721,-3.4354786372736837e-07,1.4378149050855197e-16,1.0095525824050963e-14
826,0.00032446942564871189,8.97968773866811,804.5602737331867,652.09780653329722,11.722896247835141,30.159909484468766,12680.415468793944,23582.616972671123,-3.4446987060363778e-07,1.4378149050855197e-16,1.0095525824050963e-14
827,0.00032439771055255975,8.978394227711096,804.38344216027519,652.27014430722261,11.71575329021122,30.164255788685033,12700.904433106709,23607.890201096412,-3.4538836310360858e-07,1.4378149050855197e-16,1.0095525824050963e-14
828,0.0003243260547445946,8.9771077779982633,804.20675173244388,652.44230555004356,11.708626702690456,30.168602772994092,12721.398808801052,23633.157876411937,-3.4630767525267641e-07,1.4378149050855197e-16,1.0095525824050963e-14
829,0.00032425445810917576,8.9758284454061013,804.0302021241464,652.61428886484759,11.701516470347094,30.172950441064888,12741.898590308987,23658.420003046784,-3.4722526160441141e-07,1.4378149050855197e-16,1.0095525824050963e-14
830,0.00032418292053115055,8.9745562835059651,803.85379301284854,652.7860929123508,11.694422578206384,30.177298796485378,12762.403772019565,23683.67658541986,-3.4814412591116412e-07,1.4378149050855197e-16,1.0095525824050963e-14
831,0.00032411144189583446,8.973291343685796,803.67752407888281,652.95771640785529,11.687345011247396,30.181647842762949,12782.914348280616,23708.927627939975,-3.4906039454618059e-07,1.4378149050855197e-16,1.0095525824050963e-14
832,0.00032404002208901209,8.9720336752630221,803.5013950053625,653.12915811842447,11.680283754404636,30.185997583329218,12803.430313400435,23734.173135005945,-3.4997721984500932e-07,1.4378149050855197e-16,1.0095525824050963e-14
833,0.00032396866099693075,8.9707833255895455,803.3254054780831,653.30041686026141,11.673238792571125,30.190348021540547,12823.951661649364,23759.413111006674,-3.508937786706848e-07,1.4378149050855197e-16,1.0095525824050963e-14
834,0.00032389735850628045,8.9695403401499654,803.14955518539625,653.47149149625091,11.666210110599883,30.194699160681555,12844.478387261288,23784.647560321235,-3.518082517509985e-07,1.4378149050855197e-16,1.0095525824050963e-14
835,0.00032382611450420027,8.9683047626532275,802.973843818153,653.64238093366941,11.659197693306425,30.199051003966979,12865.010484435077,23809.876487318947,-3.5272643731854146e-07,1.4378149050855197e-16,1.0095525824050963e-14
836,0.00032375492887827241,8.9670766351180422,802.79827106962216,653.81308412204908,11.652201525470302,30.203403554543979,12885.547947335941,23835.099896359461,-3.5364002727055146e-07,1.4378149050855197e-16,1.0095525824050963e-14
837,0.00032368380151650444,8.9658559979526284,802.62283663538346,653.98360005118445,11.645221591837043,30.207756815493706,12906.090770096727,23860.317791792826,-3.5455574831021375e-07,1.4378149050855197e-16,1.0095525824050963e-14
838,0.0003236127323073301,8.964642890030543,802.44754021327049,654.15392774923646,11.638257877120148,30.212110789833424,12926.638946819137,23885.530177959557,-3.5547050809331797e-07,1.4378149050855197e-16,1.0095525824050963e-14
839,0.00032354172113960842,8.9634373487603334,802.27238150331311,654.3240662809917,11.631310366002221,30.21646548051843,12947.192471574943,23910.737059190717,-3.5638156585279841e-07,1.4378149050855197e-16,1.0095525824050963e-14
840,0.00032347076790260941,8.9622394101516356,802.09736020765069,654.49401474620913,11.624379043137138,30.220820890444259,12967.751338407084,23935.938439807975,-3.5729559527623916e-07,1.4378149050855197e-16,1.0095525824050963e-14
841,0.00032340023863123831,8.9610646007865373,801.92337207309004,654.68255164700327,11.617464314243971,30.225177464286876,12988.315837510523,23961.134338260672,-3.5820767219089471e-07,1.4378149050855197e-16,1.0095525824050963e-14
842,0.00032332976430426996,8.9599101100148992,801.74950421952997,654.870580582961,11.61056657376926,30.229535634228881,13008.886251106513,23986.324772574666,-3.5911842371552102e-07,1.4378149050855197e-16,1.0095525824050963e-14
843,0.00032325934578058678,8.9587714343156204,801.57576223760384,655.05821414210959,11.603685795390312,30.233895390951989,13029.462565453858,24011.5097466394,-3.6003427589903884e-07,1.4378149050855197e-16,1.0095525824050963e-14
844,0.00032318898330133139,8.9576469905952312,801.40214794621909,655.24549190178595,11.596821955640527,30.23825672827369,13050.044768821443,24036.689264441386,-3.6094366715495093e-07,1.4378149050855197e-16,1.0095525824050963e-14
845,0.00032311867696048968,8.9565358764404461,801.22866227705799,655.43243642232221,11.589975032387372,30.242619641461317,13070.632850412736,24061.863330008171,-3.61855183220352e-07,1.4378149050855197e-16,1.0095525824050963e-14
846,0.00032304842678656333,8.9554374919889703,801.05530576717149,655.61906270027589,11.583145004326257,30.246984126671649,13091.226800008102,24087.031947389689,-3.6276739755702638e-07,1.4378149050855197e-16,1.0095525824050963e-14
847,0.0003229782327720734,8.9543514037680065,800.88207873661679,655.80538157246656,11.576331850730343,30.251350180673427,13111.826607788087,24112.195120649056,-3.6367832487022497e-07,1.4378149050855197e-16,1.0095525824050963e-14
848,0.0003229080948872935,8.9532772813972095,800.70898137108952,655.99140129840316,11.569535551304753,30.255717800686135,13132.432264230316,24137.352853857188,-3.6458731362611241e-07,1.4378149050855197e-16,1.0095525824050963e-14
849,0.00032283801308765687,8.9522148635271002,800.53601376643951,656.17712841182254,11.562756086092513,30.260086984275286,13153.043760043156,24162.505151089324,-3.6549374856468559e-07,1.4378149050855197e-16,1.0095525824050963e-14
850,0.00032276798731814045,8.9511639376394267,800.36317595505079,656.36256822568112,11.555993435410121,30.264457729282174,13173.661086120037,24187.652016422668,-3.6640312935699217e-07,1.4378149050855197e-16,1.0095525824050963e-14
851,0.00032269801751606407,8.9501243272044544,800.19046792264521,656.54772515322202,11.549247579800868,30.268830033770335,13194.284233506507,24212.793453934679,-3.6730930828601762e-07,1.4378149050855197e-16,1.0095525824050963e-14
852,0.00032262810361296943,8.9490958830710188,800.01788961955538,656.73260292322459,11.542518499999705,30.273203895988974,13214.913193375543,24237.929467701779,-3.6821662077230486e-07,1.4378149050855197e-16,1.0095525824050963e-14
853,0.00032255824553593108,8.9480784774523094,799.84544096859668,656.917204730359,11.535806176906581,30.277579314341128,13235.547957008568,24263.060061798387,-3.6911956993510117e-07,1.4378149050855197e-16,1.0095525824050963e-14
854,0.00032248844320850143,8.94707199958129,799.67312187074742,657.10153334380107,11.529110591564987,30.281956287361794,13256.188515780423,24288.185240296145,-3.7002654061027563e-07,1.4378149050855197e-16,1.0095525824050963e-14
855,0.00032241869655141978,8.9460763524857096,799.50093220938732,657.28559118785734,11.522431725145207,30.286334813698229,13276.834861147361,24313.305007263283,-3.7093196232305013e-07,1.4378149050855197e-16,1.0095525824050963e-14
856,0.00032234900548314707,8.9450914505368591,799.32887185350637,657.46938040324528,11.515769558930012,30.290714892095323,13297.4869846372,24338.419366764156,-3.7183883777941461e-07,1.4378149050855197e-16,1.0095525824050963e-14
857,0.00032227936992028112,8.9441172175515575,799.15694066019444,657.65290289454447,11.509124074303303,30.295096521381343,13318.144877841203,24363.528322858787,-3.7274413567285741e-07,1.4378149050855197e-16,1.0095525824050963e-14
858,0.00032220978977789207,8.9431535852958479,798.98513847662332,657.83616036760384,11.502495252740783,30.299479700458861,13338.808532407244,24388.631879602566,-3.7364955738563197e-07,1.4378149050855197e-16,1.0095525824050963e-14
859,0.00032214026496977464,8.9422004922892491,798.81346514159202,658.01915435943556,11.495883075800945,30.303864428295284,13359.477940034079,24413.730041045939,-3.7455267187339502e-07,1.4378149050855197e-16,1.0095525824050963e-14
860,0.00032207079540866844,8.9412578828359255,798.64192048681764,658.20188626243521,11.489287525119048,30.308250703915032,13380.153092466411,24438.822811234182,-3.7545505704785516e-07,1.4378149050855197e-16,1.0095525824050963e-14
861,0.00032200138100643022,8.940325706231194,798.47050433797392,658.38435734422023,11.482708582400651,30.312638526392622,13400.833981490694,24463.910194207172,-3.763572102790602e-07,1.4378149050855197e-16,1.0095525824050963e-14
862,0.00032193202167418044,8.9394039161050305,798.29921651555912,658.56656876404088,11.476146229416289,30.317027894847289,13421.520598931458,24488.992193999242,-3.7725803498115431e-07,1.4378149050855197e-16,1.0095525824050963e-14
863,0.00032186271732242191,8.9384924698738981,798.12805683561146,658.74852158648594,11.46960044799728,30.321418808438132,13442.212936648129,24514.068814638998,-3.7815868563861042e-07,1.4378149050855197e-16,1.0095525824050963e-14
864,0.00032179346786114784,8.9375913282792894,797.95702511033369,658.93021679301785,11.463071220031541,30.325811266360226,13462.910986532257,24539.140060149221,-3.7906090409295631e-07,1.4378149050855197e-16,1.0095525824050963e-14
865,0.00032172427319992087,8.9367004549964104,797.7861211485889,659.11165529175639,11.456558527460219,30.330205267839244,13483.614740505029,24564.205934546731,-3.7996244101779773e-07,1.4378149050855197e-16,1.0095525824050963e-14
866,0.00032165513324795679,8.9358198163001834,797.61534475636563,659.29283792582874,11.450062352274564,30.334600812129903,13504.324190515143,24589.266441842294,-3.8086406060512261e-07,1.4378149050855197e-16,1.0095525824050963e-14
867,0.00032158604791417556,8.9349493807784111,797.44469573712536,659.47376548053978,11.443582676512872,30.338997898511519,13525.039328536845,24614.32158604054,-3.8176528187786494e-07,1.4378149050855197e-16,1.0095525824050963e-14
868,0.00032151701710726998,8.9340891190836089,797.27417389216373,659.65443868957652,11.43711948225873,30.343396526286529,13545.760146568229,24639.371371139903,-3.8266390364221571e-07,1.4378149050855197e-16,1.0095525824050963e-14
869,0.0003214480407357492,8.9332390037181248,797.10377902088385,659.83485824038019,11.430672751638099,30.347796694776907,13566.486636629703,24664.415801132523,-3.8356072706156894e-07,1.4378149050855197e-16,1.0095525824050963e-14
870,0.00032137911870797384,8.932399008846339,796.93351092102773,660.01502477884151,11.424242466817777,30.352198403323136,13587.21879076261,24689.454880004236,-3.844593163887427e-07,1.4378149050855197e-16,1.0095525824050963e-14
871,0.0003213102509322015,8.9315691101303898,796.7633693889162,660.19493891340699,11.417828610003411,30.356601651281622,13607.95660102798,24714.488611734476,-3.8535529434877199e-07,1.4378149050855197e-16,1.0095525824050963e-14
872,0.00032124143731661515,8.9307492845853336,796.5933542196309,660.37460121870004,11.411431163437982,30.36100643802331,13628.700059505416,24739.517000296273,-3.8625092421952518e-07,1.4378149050855197e-16,1.0095525824050963e-14
873,0.00032117267776935507,8.9299395104515344,796.42346520719059,660.55401223871172,11.405050109400465,30.365412762931726,13649.449158292095,24764.540049656207,-3.8714500059364938e-07,1.4378149050855197e-16,1.0095525824050963e-14
874,0.00032110397219853857,8.9291397670815122,796.25370214468899,660.73317248962894,11.398685430204011,30.369820625402109,13670.203889501829,24789.557763774355,-3.8804076823520824e-07,1.4378149050855197e-16,1.0095525824050963e-14
875,0.00032103532051228929,8.9283500348390756,796.08406482444354,660.91208246235647,11.392337108195644,30.374230024839239,13690.964245264247,24814.570146604292,-3.8893933907667895e-07,1.4378149050855197e-16,1.0095525824050963e-14
876,0.00032096672261875303,8.9275702950100939,795.9145530381046,661.09074262474769,11.386005125754068,30.378640960657687,13711.730217724042,24839.57720209306,-3.8983533621998502e-07,1.4378149050855197e-16,1.0095525824050963e-14
877,0.00032089817842611602,8.9268005297216959,795.74516657676202,661.26915342362429,11.37968946528968,30.383053432279389,13732.50179904025,24864.578934181143,-3.9072949386144518e-07,1.4378149050855197e-16,1.0095525824050963e-14
878,0.00032082968784262494,8.9260407218709563,795.57590523105057,661.44731528655961,11.373390109242756,30.387467439133204,13753.278981385653,24889.575346802449,-3.9162311262722247e-07,1.4378149050855197e-16,1.0095525824050963e-14
879,0.00032076125077659548,8.9252908550594707,795.406768791221,661.62522862351329,11.36710704008342,30.391882980654533,13774.061756946183,24914.566443884312,-3.9251933613319402e-07,1.4378149050855197e-16,1.0095525824050963e-14
880,0.00032069286713642898,8.9245509135357288,795.23775704722584,661.80289382827345,11.360840240310363,30.396300056283334,13794.850117920389,24939.552229347468,-3.9341297652375596e-07,1.4378149050855197e-16,1.0095525824050963e-14
881,0.00032062453683062719,8.9238208821419889,795.06886978879731,661.98031127978356,11.354589692450082,30.400718665464872,13815.644056518962,24964.532707106046,-3.943037202395303e-07,1.4378149050855197e-16,1.0095525824050963e-14
882,0.00032055625976779684,8.9231007462673801,794.90010680549449,662.15748134331545,11.348355379056601,30.405138807647486,13836.443564964269,24989.50788106757,-3.9519367778974518e-07,1.4378149050855197e-16,1.0095525824050963e-14
883,0.00032048803585665978,8.9223904918036485,794.73146788676206,662.3344043715756,11.342137282710546,30.409560482283389,13857.248635489965,25014.477755132953,-3.9608430605707222e-07,1.4378149050855197e-16,1.0095525824050963e-14
884,0.00032041986500606874,8.9216901051068955,794.56295282200006,662.5110807056609,11.335935386018708,30.413983688827006,13878.059260340586,25039.442333196494,-3.9697390331047126e-07,1.4378149050855197e-16,1.0095525824050963e-14
885,0.00032035174712500864,8.9209995729612199,794.39456140059406,662.68751067596941,11.329749671613534,30.418408426735176,13898.875431771232,25064.401619145865,-3.9786587684867802e-07,1.4378149050855197e-16,1.0095525824050963e-14
886,0.00032028368212260621,8.9203188825463986,794.22629341196478,662.86369460300671,11.323580122152602,30.422834695466374,13919.697142047204,25089.355616862133,-3.9875834601299829e-07,1.4378149050855197e-16,1.0095525824050963e-14
887,0.00032021566990813574,8.9196480214082818,794.05814864560421,663.03963279812638,11.317426720317963,30.427262494480097,13940.52438344375,25114.304330219747,-3.9964835448609328e-07,1.4378149050855197e-16,1.0095525824050963e-14
888,0.00032014771039102715,8.9189869774311585,793.89012689111803,663.21532556422108,11.311289448816492,30.431691823236918,13961.357148245745,25139.247763086543,-4.0053613630393906e-07,1.4378149050855197e-16,1.0095525824050963e-14
889,0.00032007980348086682,8.9183357388132656,793.72222793824574,663.39077319633498,11.30516829037836,30.436122681197595,13982.195428747467,25164.185919323743,-4.0142695256737816e-07,1.4378149050855197e-16,1.0095525824050963e-14
890,0.00032001194908740869,8.9176942940439758,793.55445157690599,663.56597598223391,11.299063227757548,30.440555067823443,14003.039217252341,25189.118802785979,-4.0231663318083432e-07,1.4378149050855197e-16,1.0095525824050963e-14
891,0.00031994414712057398,8.9170626318822706,793.38679759721288,663.74093420294332,11.292974243731189,30.444988982574838,14023.888506072735,25214.046417321279,-4.0320618823102454e-07,1.4378149050855197e-16,1.0095525824050963e-14
892,0.00031987639749045372,8.916440741338052,793.21926578949581,663.91564813321543,11.286901321099318,30.449424424912095,14044.743287529736,25238.968766771082,-4.04093947726512e-07,1.4378149050855197e-16,1.0095525824050963e-14
893,0.00031980870010732415,8.9158286116538914,793.0518559443525,664.09011804198599,11.280844442684495,30.453861394295043,14065.603553952964,25263.885854970249,-4.0497763408916743e-07,1.4378149050855197e-16,1.0095525824050963e-14
894,0.00031974105488163376,8.9152262322891058,792.88456785262917,664.26434419277246,11.274803591331482,30.45829989018171,14086.469297680409,25288.797685747053,-4.0586405040649628e-07,1.4378149050855197e-16,1.0095525824050963e-14
895,0.00031967346172402092,8.9146335929042948,792.71740130547539,664.43832684405925,11.268778749907376,30.462739912029413,14107.340511058266,25313.704262923213,-4.06748973916108e-07,1.4378149050855197e-16,1.0095525824050963e-14
896,0.00031960592054530463,8.9140506833476056,792.55035609433241,664.61206624964325,11.262769901300658,30.467181459293993,14128.217186440774,25338.605590313888,-4.0763622209007367e-07,1.4378149050855197e-16,1.0095525824050963e-14
897,0.00031953843125649586,8.9134774936416292,792.38343201097132,664.78556265895929,11.256777028421959,30.471624531429356,14149.099316190073,25363.501671727689,-4.085205034830949e-07,1.4378149050855197e-16,1.0095525824050963e-14
898,0.00031947099376879873,8.9129140139715002,792.21662884750492,664.95881631737905,11.250800114202685,30.476069127887822,14169.986892676077,25388.392510966685,-4.094051455217188e-07,1.4378149050855197e-16,1.0095525824050963e-14
899,0.00031940360799360799,8.9123602346740629,792.04994639639028,665.13182746648192,11.24483914159565,30.48051524811935,14190.879908276334,25413.278111826439,-4.1028835055852156e-07,1.4378149050855197e-16,1.0095525824050963e-14
900,0.00031933627384251283,8.9118161462273822,791.88338445044565,665.30459634431554,11.238894093574755,30.484962891572113,14211.77835537594,25438.158478095971,-4.1117214713782153e-07,1.4378149050855197e-16,1.0095525824050963e-14
901,0.00031926963196274804,8.9113457950577839,791.71848321693085,665.5526051235554,11.232966694303876,30.489413834654783,14232.683416971693,25463.03363794856,-4.1205483073828385e-07,1.4378149050855197e-16,1.0095525824050963e-14
902,0.00031920303667522167,8.910937394619566,791.55365050697662,665.7990651345109,11.227058620851682,30.493869803758688,14253.59624321652,25487.903618257405,-4.1293933430852837e-07,1.4378149050855197e-16,1.0095525824050963e-14
903,0.00031913648959213731,8.9105721773787767,791.38890454285411,666.04444556553051,11.221169810598111,30.49833074989084,14274.516794679475,25512.768421533703,-4.1382003191666789e-07,1.4378149050855197e-16,1.0095525824050963e-14
904,0.00031906999124076509,8.9102434589919337,791.22425170730912,666.28891352520156,11.215300213012595,30.502796636886018,14295.445040352448,25537.628050614039,-4.1470167124930191e-07,1.4378149050855197e-16,1.0095525824050963e-14
905,0.00031900354188955449,8.9099473749718783,791.05969560510937,666.532565625703,11.209449783269221,30.507267434618832,14316.380953198262,25562.482508485158,-4.1558413860191733e-07,1.4378149050855197e-16,1.0095525824050963e-14
906,0.00031893714169152406,8.9096813166364264,790.89523860308282,666.77546708408931,11.203618480119726,30.511743116742359,14337.324508667809,25587.331798225456,-4.164651951117253e-07,1.4378149050855197e-16,1.0095525824050963e-14
907,0.00031887079073606177,8.9094433677921714,790.73088238527362,667.01766580519575,11.197806264840601,30.516223659569924,14358.275683965649,25612.175922976068,-4.1734536395900051e-07,1.4378149050855197e-16,1.0095525824050963e-14
908,0.0003188044890730427,8.9092320427802143,790.56662821121938,667.25919893049468,11.192013100616617,30.520709041419153,14379.234457620352,25637.014885923876,-4.1822558651945061e-07,1.4378149050855197e-16,1.0095525824050963e-14
909,0.00031873823672582264,8.9090461454379728,790.40247705505487,667.50009636405059,11.186238952143073,30.525199242188609,14400.200809206841,25661.848690290612,-4.191053099659186e-07,1.4378149050855197e-16,1.0095525824050963e-14
910,0.00031867203369896938,8.908884685404189,790.23842968812346,667.74038286489542,11.180483785349798,30.529694243065773,14421.174719154484,25686.677339325219,-4.1998586736174451e-07,1.4378149050855197e-16,1.0095525824050963e-14
911,0.00031860587998316242,8.9087468248512067,790.0744867315118,667.98007937871978,11.174747567202266,30.5341940263142,14442.156168607804,25711.500836298434,-4.2086355075392808e-07,1.4378149050855197e-16,1.0095525824050963e-14
912,0.00031853977555850588,8.908631842737611,789.91064869137324,668.21920393155972,11.169030265550624,30.538698575114282,14463.145139321578,25736.31918449861,-4.2174077828169894e-07,1.4378149050855197e-16,1.0095525824050963e-14
913,0.00031847372039682824,8.9085391097998787,789.74691598359902,668.45777225500308,11.163331849013108,30.54320787343897,14484.141613579504,25761.132387228536,-4.2262135695352267e-07,1.4378149050855197e-16,1.0095525824050963e-14
914,0.00031840771446336194,8.9084680704562658,789.58328895171121,668.6957982385934,11.157652286883492,30.547721905954862,14505.145574129572,25785.940447802896,-4.2349749347602734e-07,1.4378149050855197e-16,1.0095525824050963e-14
915,0.00031834175771798323,8.9084182293453047,789.41976788015268,668.9332942663674,11.151991549055754,30.552240657942988,14526.157004131719,25810.743369546191,-4.2437472867710891e-07,1.4378149050855197e-16,1.0095525824050963e-14
916,0.00031827585011615339,8.9083891410754443,789.25635300440013,669.17027147311398,11.146349605962513,30.556764115233182,14547.175887114739,25835.541155791092,-4.2525145778847138e-07,1.4378149050855197e-16,1.0095525824050963e-14
917,0.00031820999160966668,8.9083804022625994,789.09304451886385,669.40673994343513,11.140726428523447,30.561292264148975,14568.202206940285,25860.333809876982,-4.2612565121943581e-07,1.4378149050855197e-16,1.0095525824050963e-14
918,0.00031814418214722197,8.908391645237991,788.92984258308275,669.64270886905024,11.135121988101183,30.565825091461214,14589.23594777244,25885.121335148793,-4.2700185610416304e-07,1.4378149050855197e-16,1.0095525824050963e-14
919,0.00031807842167489429,8.9084225330018079,788.76674732672575,669.8781866749548,11.129536256464547,30.57036258434885,14610.27709405172,25909.903734956002,-4.2787504293627899e-07,1.4378149050855197e-16,1.0095525824050963e-14
920,0.00031801271013651275,8.9084727551206964,788.60375885364601,670.11318112198262,11.123969205755941,30.57490473036427,14631.325630472646,25934.681012651738,-4.2874995556572771e-07,1.4378149050855197e-16,1.0095525824050963e-14
921,0.00031794704747397268,8.9085420243559916,788.44087724521626,670.34769939110026,11.118420808463689,30.579451517403886,14652.381541964243,25959.453171592013,-4.2962389961409451e-07,1.4378149050855197e-16,1.0095525824050963e-14
922,0.00031788143362749123,8.9086300738605768,788.27810256309306,670.58174815348559,11.112891037397551,30.584002933682143,14673.444813672972,25984.22021513509,-4.3049916940127746e-07,1.4378149050855197e-16,1.0095525824050963e-14
923,0.00031781586853582984,8.9087366548288269,788.11543485155482,670.81533362927939,11.107379865666449,30.588558967708597,14694.515430947647,26008.982146640919,-4.3137078983165092e-07,1.4378149050855197e-16,1.0095525824050963e-14
924,0.00031775035213647455,8.9088615345087643,787.95287413946039,671.04846163728075,11.101887266660192,30.593119608267386,14715.593379326063,26033.73896947056,-4.3224184976155673e-07,1.4378149050855197e-16,1.0095525824050963e-14
925,0.00031768488436579678,8.9090044945075668,787.79042044193591,671.28113763731085,11.096413214031735,30.597684844399257,14736.678644523086,26058.49068698577,-4.331147980234674e-07,1.4378149050855197e-16,1.0095525824050963e-14
926,0.00031761946515917696,8.9091653293370747,787.6280737617883,671.51336676657309,11.090957681682189,30.602254665385161,14757.771212419952,26083.237302548576,-4.3398997573092193e-07,1.4378149050855197e-16,1.0095525824050963e-14
927,0.00031755409445113306,8.9093438451578351,787.4658340907788,671.74515387105419,11.085520643746506,30.606829060731837,14778.87106905463,26107.978819520944,-4.348598424610146e-07,1.4378149050855197e-16,1.0095525824050963e-14
928,0.00031748877217541502,8.9095398586868555,787.30370141068909,671.9765035328287,11.080102074581561,30.611408020158269,14799.978200613134,26132.715241264392,-4.3573084972410613e-07,1.4378149050855197e-16,1.0095525824050963e-14
929,0.00031742349826509422,8.909753196244468,787.14167569426786,672.20742009388846,11.074701948754251,30.615991533583866,14821.092593421588,26157.446571139732,-4.3660344815280643e-07,1.4378149050855197e-16,1.0095525824050963e-14
930,0.0003173582726526394,8.9099836929162457,786.97975690605722,672.43790767709402,11.069320241031653,30.620579591117423,14842.214233939027,26182.172812506797,-4.3747432217932129e-07,1.4378149050855197e-16,1.0095525824050963e-14
931,0.00031729309526998495,8.9102311918147272,786.81794500312515,672.66797020463173,11.063956926371121,30.625172183047422,14863.343108750823,26206.893968724184,-4.3834285549728714e-07,1.4378149050855197e-16,1.0095525824050963e-14
932,0.00031722796604859339,8.9104955434243021,786.65623993571762,672.89761141439237,11.058611979911818,30.629769299831867,14884.479204562642,26231.610043149016,-4.392121861419917e-07,1.4378149050855197e-16,1.0095525824050963e-14
933,0.00031716288491950379,8.9107766050190413,786.4946416478241,673.12683487452398,11.053285376966656,30.634370932091056,14905.622508194845,26256.321039136765,-4.4007862639007191e-07,1.4378149050855197e-16,1.0095525824050963e-14
934,0.00031709785181338417,8.9110742401426215,786.33315007770227,673.35564399643454,11.047977093014923,30.638977070599456,14926.773006577418,26281.026960041061,-4.4094963051408173e-07,1.4378149050855197e-16,1.0095525824050963e-14
935,0.00031703286666057455,8.9113883181422526,786.1717651583408,673.58404204644376,11.042687103695597,30.643587706277749,14947.930686745221,26305.727809213502,-4.4181782620637701e-07,1.4378149050855197e-16,1.0095525824050963e-14
936,0.00031696792939112279,8.9117187137497886,786.01048681786733,673.81203215625521,11.03741538480093,30.648202830187309,14969.095535833567,26330.423590003506,-4.4268722904995944e-07,1.4378149050855197e-16,1.0095525824050963e-14
937,0.00031690303993481863,8.9120653067033988,785.84931497992102,674.03961733241499,11.032161912270368,30.652822433522921,14990.267541074172,26355.114305758147,-4.4355801448461447e-07,1.4378149050855197e-16,1.0095525824050963e-14
938,0.00031683819822122904,8.9124279814059566,785.68824956400158,674.26680046485114,11.026926662185511,30.657446507608046,15011.446689791363,26379.799959822049,-4.4442391411307748e-07,1.4378149050855197e-16,1.0095525824050963e-14
939,0.00031677340417971803,8.9128066266144472,785.52729048575441,674.49358433463885,11.021709610764679,30.662075043888933,15032.632969398514,26404.480555537259,-4.4529046980960499e-07,1.4378149050855197e-16,1.0095525824050963e-14
940,0.00031670865773948442,8.9132011351580918,785.3664376572799,674.71997162104776,11.016510734358317,30.666708033928931,15053.826367394759,26429.156096243081,-4.4615924762715255e-07,1.4378149050855197e-16,1.0095525824050963e-14
941,0.00031664395882957544,8.9136114036813296,785.2056909873628,674.94596490796675,11.011330009444409,30.671345469405392,15075.026871361892,26453.826585276038,-4.4702366979451983e-07,1.4378149050855197e-16,1.0095525824050963e-14
942,0.00031657930737891008,8.9140373324079949,785.04505038171123,675.17156668980022,11.006167412624555,30.675987342104239,15096.234468961458,26478.492025969721,-4.4788645336126672e-07,1.4378149050855197e-16,1.0095525824050963e-14
943,0.00031651470331630358,8.9144788249263289,784.8845157431798,675.39677937684189,11.001022920619585,30.680633643915534,15117.449147932033,26503.152421654722,-4.487493949284566e-07,1.4378149050855197e-16,1.0095525824050963e-14
944,0.00031645014657047897,8.9149357879912809,784.72408697195112,675.62160530021811,10.995896510266189,30.685284366830356,15138.67089608666,26527.807775658537,-4.4961351992942783e-07,1.4378149050855197e-16,1.0095525824050963e-14
945,0.0003163856370700853,8.9154081313425806,784.56376396571852,675.84604671643547,10.990788158513594,30.689939502936728,15159.899701310434,26552.458091305474,-4.5047487730674588e-07,1.4378149050855197e-16,1.0095525824050963e-14
946,0.0003163211747437157,8.9158957675367017,784.40354661985964,676.07010581158238,10.985697842419913,30.694599044416769,15181.135551558218,26577.103371916604,-4.5134021573716759e-07,1.4378149050855197e-16,1.0095525824050963e-14
947,0.00031625675951991734,8.9163986117924452,784.24343482757979,676.29378470518895,10.980625539149074,30.699262983542198,15202.378434852506,26601.743620809681,-4.5220485973297131e-07,1.4378149050855197e-16,1.0095525824050963e-14
948,0.00031619239132720347,8.916916581847822,784.08342848005032,676.5170854538045,10.975571225968014,30.70393131267236,15223.628339281371,26626.378841299051,-4.5306654566750191e-07,1.4378149050855197e-16,1.0095525824050963e-14
949,0.00031612807009407133,8.9174495978268737,783.92352746655547,676.7400100543282,10.970534880244049,30.708604024251116,15244.885252996557,26651.009036695639,-4.5392822602144286e-07,1.4378149050855197e-16,1.0095525824050963e-14
950,0.00031606379574900656,8.9179975821169375,783.76373167459667,676.9625604470765,10.965516479441971,30.713281110803916,15266.149164211647,26675.634210306845,-4.5479213303063297e-07,1.4378149050855197e-16,1.0095525824050963e-14
951,0.00031599956822049569,8.9185604592541594,783.60404099001141,677.18473851864599,10.960516001121375,30.717962564935348,15287.420061200319,26700.254365436511,-4.5565552976466182e-07,1.4378149050855197e-16,1.0095525824050963e-14
952,0.00031593538743703606,8.9191381558169045,783.44445529707946,677.40654610457739,10.955533422935062,30.722648379326063,15308.697932294723,26724.869505384857,-4.565170270055067e-07,1.4378149050855197e-16,1.0095525824050963e-14
953,0.00031587125332714443,8.9197306003260852,783.28497447862037,677.62798499184794,10.950568722625666,30.727338546731307,15329.982765883902,26749.479633448467,-4.5737801187846917e-07,1.4378149050855197e-16,1.0095525824050963e-14
954,0.0003158071658193611,8.9203377231530041,783.12559841607413,677.84905692117491,10.94562187802453,30.732033059978033,15351.274550412309,26774.084752920211,-4.582388115456144e-07,1.4378149050855197e-16,1.0095525824050963e-14
955,0.0003157431248422663,8.9209594564322749,782.96632698960855,678.06976358919314,10.940692867048744,30.736731911963158,15372.573274378372,26798.684867089214,-4.5910084487184738e-07,1.4378149050855197e-16,1.0095525824050963e-14
956,0.00031567913032447742,8.9215957339808583,782.80716007817477,678.29010665047849,10.93578166770015,30.741435095651514,15393.878926333173,26823.279979240811,-4.599637941123479e-07,1.4378149050855197e-16,1.0095525824050963e-14
957,0.00031561518219466169,8.9222464912221078,782.64809755959618,678.51008771944748,10.930888258062591,30.746142604073299,15415.191494879127,26847.870092656533,-4.608223800293575e-07,1.4378149050855197e-16,1.0095525824050963e-14
958,0.00031555128038153918,8.9229116651141762,782.48913931063157,678.72970837214575,10.926012616300582,30.750854430322821,15436.510968668765,26872.455210614036,-4.6168153342257165e-07,1.4378149050855197e-16,1.0095525824050963e-14
959,0.00031548742481388918,8.923591194083377,782.33028520704102,678.94897014791559,10.92115472065742,30.755570567556873,15457.837336403547,26897.035336387096,-4.6254287963871051e-07,1.4378149050855197e-16,1.0095525824050963e-14
960,0.00031542361542055919,8.9242850179610702,782.17153512365758,679.16787455097335,10.916314549453899,30.760291008992304,15479.170586832739,26921.610473245582,-4.6340074531087521e-07,1.4378149050855197e-16,1.0095525824050963e-14
961,0.00031535930294437903,8.9248867584344431,782.01160655481362,679.26241437247222,10.911489191079378,30.765012827923272,15500.508752635016,26946.180604028599,-4.6425833648778912e-07,1.4378149050855197e-16,1.0095525824050963e-14
962,0.00031529504067499332,8.9254159168379825,781.85185690642948,679.35876874571704,10.906675812581263,30.769733179886625,15521.849921056044,26970.745713458276,-4.6511347360042784e-07,1.4378149050855197e-16,1.0095525824050963e-14
963,0.00031523082707983778,8.9259035745523772,781.69225912397508,679.45616063619048,10.901874468649908,30.774452137860351,15543.194133816816,26995.305806624681,-4.6596981158619046e-07,1.4378149050855197e-16,1.0095525824050963e-14
964,0.00031516666155940277,8.9263607569267656,781.53280346637439,679.55431441016424,10.897085193913552,30.77916975379253,15564.541418712646,27019.86088812957,-4.6682271262633511e-07,1.4378149050855197e-16,1.0095525824050963e-14
965,0.00031510254373696837,8.926793809836342,781.37348424634342,679.65307142075812,10.892308013587833,30.783886069755575,15585.891797001983,27044.410962342172,-4.6767950368621555e-07,1.4378149050855197e-16,1.0095525824050963e-14
966,0.00031503847333531963,8.9272069958576132,781.21429758269846,679.75232510355966,10.88754294702248,30.788601121658989,15607.245285866913,27068.956033484541,-4.6853798740867814e-07,1.4378149050855197e-16,1.0095525824050963e-14
967,0.00031497445013222336,8.9276034292850568,781.05524059038123,679.85199760120679,10.88279000945589,30.793314941087253,15628.6018996312,27093.496105673763,-4.6939444712105126e-07,1.4378149050855197e-16,1.0095525824050963e-14
968,0.00031491047393969674,8.9279855109084068,780.8963110036841,679.95202889395648,10.878049213042607,30.798027556375938,15649.961650472558,27118.031182946717,-4.7025063652361586e-07,1.4378149050855197e-16,1.0095525824050963e-14
969,0.00031484654459282291,8.9283551620798853,780.73750697331309,680.05237094800293,10.8733205675157,30.802738993304615,15671.324548882701,27142.561269276033,-4.7110425606467108e-07,1.4378149050855197e-16,1.0095525824050963e-14
970,0.00031478266194312943,8.9287139635978914,780.57882694599175,680.15298424338596,10.868604080644634,30.807449275577607,15692.69060398502,27167.086368581124,-4.7195970708547462e-07,1.4378149050855197e-16,1.0095525824050963e-14
971,0.00031471882585436115,8.9290632440856541,780.42026958779741,680.25383556452539,10.863899758567687,30.812158425171038,15714.059823764981,27191.60648473621,-4.7281593206429788e-07,1.4378149050855197e-16,1.0095525824050963e-14
972,0.00031465503619964631,8.9294041392888079,780.26183373272204,680.35489651778005,10.859207606041064,30.816866462594206,15735.432215243447,27216.121621576378,-4.7367136076274299e-07,1.4378149050855197e-16,1.0095525824050963e-14
973,0.00031459129285951607,8.9297376335511114,780.10351834669041,680.45614249455559,10.854527626633274,30.821573407092863,15756.80778461097,27240.631782902194,-4.7452502390215446e-07,1.4378149050855197e-16,1.0095525824050963e-14
974,0.00031452759572046519,8.9300645898157534,779.94532250151167,680.55755192127276,10.849859822877647,30.826279276809618,15778.186537334324,27265.136972483499,-4.7537717121391671e-07,1.4378149050855197e-16,1.0095525824050963e-14
975,0.00031446394467388948,8.9303857719367965,779.78724535552249,680.65910570158007,10.84520419639745,30.830984088913667,15799.568478242687,27289.637194062343,-4.7622931468902358e-07,1.4378149050855197e-16,1.0095525824050963e-14
976,0.00031440033961526944,8.930701861661964,779.62928613883446,680.76078679178431,10.840560748007324,30.835687859708422,15820.953611598503,27314.132451355512,-4.7708080418878711e-07,1.4378149050855197e-16,1.0095525824050963e-14
977,0.00031433678044354363,8.9310134718193961,779.47144414189199,680.86257987118177,10.835929477798585,30.840390604720561,15842.341941156603,27338.622748056576,-4.779362921809967e-07,1.4403540039937051e-16,1.0095525824050963e-14
978,0.00031427326706060687,8.9313211567323467,779.31371870641954,680.96447108169139,10.831310385211506,30.845092338774602,15863.733470214065,27363.108087837642,-4.7878683472446301e-07,1.4403540039937051e-16,1.0095525824050963e-14
979,0.00031420979937091693,8.9316254205683947,779.15610921818256,681.06644781912348,10.826703469095969,30.849793076058294,15885.128201652791,27387.588474350825,-4.796394856844363e-07,1.4403540039937051e-16,1.0095525824050963e-14
980,0.00031414637728115864,8.931926724122409,778.99861510106825,681.16849856360659,10.822108727764784,30.854492830176355,15906.526137976127,27412.063911229601,-4.804892452014248e-07,1.4403540039937051e-16,1.0095525824050963e-14
981,0.00031408300069999019,8.9322254903892979,778.841235812273,681.27061274026755,10.817526159039248,30.85919161420091,15927.927281340681,27436.534402089841,-4.8134159620470728e-07,1.4403540039937051e-16,1.0095525824050963e-14
982,0.0003140196695378129,8.9325221091922824,778.6839708382596,681.37278060352617,10.812955760289276,30.863889440710533,15949.331633584146,27460.999950530851,-4.8219083219263425e-07,1.4403540039937051e-16,1.0095525824050963e-14
983,0.00031395638370658967,8.9328169410606364,778.52681969139587,681.47499314015079,10.808397528468582,30.868586321828989,15970.739196249791,27485.460560136195,-4.830395725544476e-07,1.4403540039937051e-16,1.0095525824050963e-14
984,0.00031389314311968807,8.933110320508554,778.36978190710363,681.57724198728613,10.803851460146175,30.873282269258279,15992.149970608116,27509.916234474531,-4.8388524463834328e-07,1.4403540039937051e-16,1.0095525824050963e-14
985,0.00031382994769174464,8.9334025588262964,778.21285704142667,681.67951936267605,10.799317551533672,30.877977294306547,16013.563957676193,27534.366977100213,-4.8473357203652651e-07,1.4403540039937051e-16,1.0095525824050963e-14
986,0.00031376679733855086,8.9336939464746727,778.05604466894988,681.7818180047999,10.794795798510803,30.882671407914792,16034.981158234932,27558.812791553959,-4.8558490911643659e-07,1.4403540039937051e-16,1.0095525824050963e-14
987,0.00031370369197695477,8.9339847551513163,777.89934438100261,681.88413112121714,10.790286196647159,30.88736462068028,16056.401572844597,27583.253681363381,-4.8643502474479873e-07,1.4403540039937051e-16,1.0095525824050963e-14
988,0.00031364063152477525,8.9342752395846965,777.74275578409845,681.98645234371588,10.785788741222847,30.892056942877584,16077.825201858846,27607.689650043503,-4.8728411528860928e-07,1.4403540039937051e-16,1.0095525824050963e-14
989,0.00031357761590072657,8.9345656390997021,777.58627849857169,682.0887756891741,10.781303427246469,30.896748384478293,16099.252045437401,27632.12070109721,-4.8813319397366697e-07,1.4403540039937051e-16,1.0095525824050963e-14
990,0.00031351464502435438,8.9348561789915468,777.42991215738641,682.19109552521127,10.776830249471971,30.901438955167393,16120.682103557629,27656.546838015649,-4.8898011715599295e-07,1.4403540039937051e-16,1.0095525824050963e-14
991,0.00031345171881597475,8.935147071735738,777.2736564050748,682.29340653993984,10.772369202413543,30.906128664360214,16142.115376025047,27680.968064278633,-4.8982695209524578e-07,1.4403540039937051e-16,1.0095525824050963e-14
992,0.00031338883719662572,8.9354385180600158,777.11751089681161,682.39570371516629,10.767920280359652,30.910817521216629,16163.551862482969,27705.384383354958,-4.9067424010861658e-07,1.4403540039937051e-16,1.0095525824050963e-14
993,0.00031332600008801689,8.9357307078957255,776.96147529757377,682.49798230260683,10.763483477385865,30.915505534653541,16184.991562421368,27729.795798702762,-4.915199397466734e-07,1.4403540039937051e-16,1.0095525824050963e-14
994,0.00031326320741249764,8.9360238212276268,776.80554928142249,682.60023780264271,10.759058787366346,30.92019271335904,16206.434475184991,27754.202313769805,-4.9236723334063385e-07,1.4403540039937051e-16,1.0095525824050963e-14
995,0.00031320045909300804,8.9363180288534672,776.64973253080973,682.70246594533,10.754646203984718,30.924879065801974,16227.88059998089,27778.603931993734,-4.9321333164205994e-07,1.4403540039937051e-16,1.0095525824050963e-14
996,0.00031313775505305931,8.9366134930674246,776.49402473601538,682.8046626733144,10.7502457207442,30.929564600243452,16249.329935885346,27803.000656802327,-4.9405835009939907e-07,1.4403540039937051e-16,1.0095525824050963e-14
997,0.00031307509521669163,8.9369103682742743,776.33842559458162,682.90682412647641,10.745857330976603,30.934249324745913,16270.782481850305,27827.392491613773,-4.9490530153345984e-07,1.4403540039937051e-16,1.0095525824050963e-14
998,0.00031301247950845924,8.9372088015458395,776.18293481085539,683.00894662802057,10.741481027851137,30.938933247182828,16292.238236709376,27851.779439836857,-4.9574824784812432e-07,1.4403540039937051e-16,1.0095525824050963e-14
999,0.00031294990785339752,8.9375089331236843,776.0275520955297,683.11102667190789,10.737116804382259,30.943616375246791,16313.697199183358,27876.161504871179,-4.9659297750995182e-07,1.4403540039937051e-16,1.0095525824050963e-14
1000,0.00031288738017700357,8.9378108968771421,775.87227716525013,683.2130609114048,10.732764653437375,30.948298716457028,16335.159367885431,27900.538690107329,-4.9743484049266079e-07,1.4403540039937051e-16,1.0095525824050963e-14
1001,0.00031282489640521851,8.9381148207194236,775.71710974225766,683.31504614868106,10.728424567743367,30.952980278167292,16356.62474132601,27924.910998927113,-4.9827790434849366e-07,1.4403540039937051e-16,1.0095525824050963e-14
1002,0.00031276245646440177,8.9384208269876115,775.56204955403825,683.41697932530985,10.724096539893413,30.957661067572115,16378.093317917257,27949.278434703665,-4.9911955387365054e-07,1.4403540039937051e-16,1.0095525824050963e-14
1003,0.00031270006028132763,8.9387290327906808,775.407096333053,683.51885751356622,10.719780562353092,30.962341091713487,16399.565095977319,27973.641000801657,-4.9996279595956372e-07,1.4403540039937051e-16,1.0095525824050963e-14
1004,0.00031263770778315798,8.9390395503283422,775.25224981642941,683.62067790845811,10.715476627465808,30.967020357487247,16421.040073734323,27997.998700577413,-5.0080610291983081e-07,1.4611665289722616e-16,1.0095525824050963e-14
1005,0.0003125753988974281,8.9393524871838235,775.09750974570602,683.72243782040437,10.711184727458637,30.9716988716484,16442.518249330096,28022.351537379094,-5.0164870184279296e-07,1.4611665289722616e-16,1.0095525824050963e-14
1006,0.00031251313355204122,8.9396679465931062,774.94287586661619,683.82413466850574,10.706904854446844,30.976376640815971,16463.999620823699,28046.699514546795,-5.0249194637021403e-07,1.4611665289722616e-16,1.0095525824050963e-14
1007,0.00031245091167525198,8.9399860276939176,774.78834792885846,683.92576597431867,10.702637000438875,30.981053671478907,16485.484186194739,28071.042635412672,-5.0333435380919557e-07,1.4611665289722616e-16,1.0095525824050963e-14
1008,0.00031238873319565239,8.9403068257550853,774.63392568589006,684.02732935612289,10.698381157341242,30.985729970000115,16506.971943346489,28095.380903301084,-5.0417436229222418e-07,1.4611665289722616e-16,1.0095525824050963e-14
1009,0.00031232659804216714,8.9406304323888435,774.47960889475416,684.12882252361214,10.694137316961985,30.990405542621406,16528.46289010884,28119.714321528711,-5.05014860123203e-07,1.4611665289722616e-16,1.0095525824050963e-14
1010,0.00031226450614403963,8.9409569357480851,774.32539731589702,684.23024327296457,10.689905471015223,30.995080395467646,16549.957024241117,28144.04289340465,-5.0585455295413252e-07,1.4611665289722616e-16,1.0095525824050963e-14
1011,0.00031220245743082789,8.9412864207083853,774.17129071302031,684.33158948229038,10.685685611124889,30.999754534550014,16571.454343434692,28168.366622230522,-5.0669271007656244e-07,1.4611665289722616e-16,1.0095525824050963e-14
1012,0.00031214045183238821,8.9416189690382826,774.01728885291209,684.43285910737632,10.681477728828051,31.004427965770862,16592.954845315537,28192.685511300562,-5.075346232845778e-07,1.4611665289722616e-16,1.0095525824050963e-14
1013,0.00031207848927887634,8.9419546595573411,773.86339150533081,684.53405017773309,10.677281815578652,31.00910069492717,16614.458527446528,28216.999563901762,-5.0837519436079515e-07,1.4611665289722616e-16,1.0095525824050963e-14
1014,0.00031201656970073161,8.9422935682832954,773.70959844285426,684.63516079291753,10.673097862750588,31.013772727712901,16635.965387329779,28241.308783313878,-5.0921581252323714e-07,1.4611665289722616e-16,1.0095525824050963e-14
1015,0.00031195469302867479,8.9426357685698861,773.55590944077085,684.73618911908625,10.668925861640702,31.01844406972371,16657.475422408737,28265.613172809593,-5.1005610666269572e-07,1.4611665289722616e-16,1.0095525824050963e-14
1016,0.00031189285919370644,8.9429813312347797,773.40232427697856,684.83713338579719,10.664765803471923,31.023114726458946,16678.988630070249,28289.912735654569,-5.1089701327186255e-07,1.4611665289722616e-16,1.0095525824050963e-14
1017,0.00031183106812708843,8.9433303246806535,773.24884273184762,684.93799188298362,10.660617679395886,31.027784703324997,16700.505007646494,28314.207475107516,-5.1173551604206057e-07,1.4611665289722616e-16,1.0095525824050963e-14
1018,0.00031176931976034796,8.9436828150066923,773.09546458814725,685.03876295816599,10.656481480495533,31.03245400563852,16722.024552416846,28338.497394420308,-5.1257195783076313e-07,1.4611665289722616e-16,1.0095525824050963e-14
1019,0.00031170761402527094,8.9440388661156351,772.94218963094636,685.13944501377591,10.652357197787779,31.037122638628077,16743.547261609619,28362.782496838005,-5.1341089239908121e-07,1.4611665289722616e-16,1.0095525824050963e-14
1020,0.00031164595085388992,8.9443985398113917,772.78901764751231,685.24003650471514,10.648244822226056,31.04179060743753,16765.073132403792,28387.062785598959,-5.1425067626337855e-07,1.4611665289722616e-16,1.0095525824050963e-14
1021,0.00031158384202681377,8.9449220160481993,772.63461971577294,685.52403293212819,10.64414869719211,31.046462239470614,16786.60505663314,28411.338243393719,-5.1508483070792015e-07,1.4611665289722616e-16,1.0095525824050963e-14
1022,0.00031152177934998146,8.9455798690874495,772.48023716558748,685.80466993948039,10.64007304671151,31.051141740393422,16808.145843986917,28435.608850712033,-5.1591837582183505e-07,1.4611665289722616e-16,1.0095525824050963e-14
1023,0.0003114597614530183,8.9463252542163421,772.3259012367979,686.08311864459142,10.636017745962189,31.055828997297567,16829.695411959747,28459.874608652612,-5.1675479075395014e-07,1.4611665289722616e-16,1.0095525824050963e-14
1024,0.00031139778779759142,8.9471415361528486,772.17162290991257,686.35979492951208,10.631982700640217,31.060523928408006,16851.253699044082,28484.135518871546,-5.1759129323156451e-07,1.4611665289722616e-16,1.0095525824050963e-14
1025,0.00031133585804414663,8.9480191280637662,772.01740844772246,686.63493846507242,10.627967830788165,31.065226466573787,16872.820653600826,28508.391583284269,-5.1842685224075025e-07,1.4611665289722616e-16,1.0095525824050963e-14
1026,0.00031127397194199915,8.948951581088636,771.86326201277745,686.90871047278415,10.623973065409688,31.069936553771761,16894.396230153143,28532.642803966381,-5.1926250856146701e-07,1.4611665289722616e-16,1.0095525824050963e-14
1027,0.00031121212928961732,8.9499341759805606,771.70918660998007,687.18122893381928,10.619998339803983,31.074654138384762,16915.980387551837,28556.889183104515,-5.2009918996673535e-07,1.4611665289722616e-16,1.0095525824050963e-14
1028,0.00031115032991614041,8.9509632682291862,771.55518452495062,687.45258496093697,10.616043594006566,31.079379173611276,16937.57308790243,28581.130722967595,-5.2093213063303965e-07,1.4611665289722616e-16,1.0095525824050963e-14
1029,0.00031108857367140449,8.9520359355035346,771.40125756002021,687.72285161241155,10.612108771782639,31.084111616436633,16959.174295872232,28605.367425888315,-5.2176802517517486e-07,1.4611665289722616e-16,1.0095525824050963e-14
1030,0.0003110268604200289,8.9531497684622519,771.2474071742987,687.99208912177698,10.60819381993176,31.088851426923611,16980.783978211774,28629.599294250314,-5.2260053334578533e-07,1.4611665289722616e-16,1.0095525824050963e-14
1031,0.00031096519003763977,8.9543027376367306,771.09363457279426,688.26034822574832,10.604298687783006,31.093598567698471,17002.402103407789,28653.826330478896,-5.2343543942598817e-07,1.4611665289722616e-16,1.0095525824050963e-14
1032,0.0003109035624083475,8.9554931041174317,770.93994076624767,688.52767239706429,10.600423326816481,31.098353003563151,17024.028641422112,28678.048537034043,-5.2427185540446382e-07,1.4611665289722616e-16,1.0095525824050963e-14
1033,0.00031084197742296663,8.9567193570828785,770.78632661295489,688.79409940626135,10.596567690368582,31.10311470119527,17045.663563489346,28702.265916405002,-5.2510572349500168e-07,1.4611665289722616e-16,1.0095525824050963e-14
1034,0.00031078043497773214,8.9579801686124672,770.63279284903422,689.05966245135482,10.592731733399189,31.107883628909779,17067.306841956382,28726.478471106002,-5.2593986852229831e-07,1.4611665289722616e-16,1.0095525824050963e-14
1035,0.00031071893497335186,8.9592743600821052,770.47934011095765,689.32439099794726,10.588915412302862,31.112659756467878,17088.958450152553,28750.686203672773,-5.267720955707079e-07,1.4611665289722616e-16,1.0095525824050963e-14
1036,0.00031065747731426536,8.9606008765844791,770.32596895265704,689.58831141872133,10.58511868475353,31.117443054916329,17110.618362282854,28774.88911665972,-5.276035783079799e-07,1.4611665289722616e-16,1.0095525824050963e-14
1037,0.00031059606190809487,8.9619587670689107,770.17267985887304,689.85144748994389,10.58134150957547,31.122233496458701,17132.28655333889,28799.087212637525,-5.2843972432543386e-07,1.4611665289722616e-16,1.0095525824050963e-14
1038,0.0003105346886651805,8.9633471686549999,770.01947325562344,690.11382078362487,10.577583846633543,31.127031054340279,17153.962999023686,28823.280494191149,-5.292719067291266e-07,1.4611665289722616e-16,1.0095525824050963e-14
1039,0.0003104733574982314,8.9647652940565923,769.86634951865733,690.37545098191856,10.573845656740462,31.131835702755648,17175.647675687567,28847.468963918123,-5.3010646960306922e-07,1.4611665289722616e-16,1.0095525824050963e-14
1040,0.00031041206832202852,8.9662124213672207,769.71330898028805,690.63635613248618,10.570126901576156,31.136647416765971,17197.340560272914,28871.652624427112,-5.3093497265428349e-07,1.4611665289722616e-16,1.0095525824050963e-14
1041,0.00031035082105318582,8.9676878856659954,769.56035193502396,690.89655285835011,10.566427543618399,31.141466172227211,17219.041630266234,28895.831478336564,-5.3176568771169919e-07,1.4611665289722616e-16,1.0095525824050963e-14
1042,0.00031028961560995125,8.969191072047721,769.40747864424247,691.15605653214016,10.562747546081539,31.146291945729395,17240.750863656202,28920.005528273705,-5.3260001166664969e-07,1.4611665289722616e-16,1.0095525824050963e-14
1043,0.0003102284519120326,8.9707214097814827,769.2546893400895,691.41488142212961,10.559086872863073,31.15112471454119,17262.468238896752,28944.174776873475,-5.3343134372800262e-07,1.4611665289722616e-16,1.0095525824050963e-14
1044,0.00031016732988046271,8.9722783673732085,769.10198422880808,691.67304081566988,10.555445488496041,31.155964456560405,17284.19373487436,28968.339226777687,-5.3426086977104737e-07,1.4611665289722616e-16,1.0095525824050963e-14
1045,0.00031010624943747012,8.9738614483615251,768.94936349353577,691.93054712429523,10.551823358106706,31.160811150272842,17305.927330878938,28992.498880634266,-5.3508973939724068e-07,1.4611665289722616e-16,1.0095525824050963e-14
1046,0.00031004521050638094,8.9754701877113927,768.79682729673789,692.18741197388169,10.548220447376565,31.165664774712475,17327.669006577755,29016.653741096572,-5.3592031842778492e-07,1.4611665289722616e-16,1.0095525824050963e-14
1047,0.00030998421301152055,8.977104148702173,768.6443757822725,692.44364628244557,10.544636722508351,31.170525309426637,17349.418741992013,29040.803810822759,-5.3674947998857162e-07,1.4611665289722616e-16,1.0095525824050963e-14
1048,0.00030992325687814818,8.9787629202256802,768.49200907723446,692.69926032769126,10.541072150195445,31.175392734445282,17371.176517475695,29064.949092475246,-5.3757632351195447e-07,1.4611665289722616e-16,1.0095525824050963e-14
1049,0.00030986234203237209,8.9804461144276626,768.3397272934958,692.95426380597507,10.537526697593625,31.180267030252345,17392.9423136964,29089.089588720195,-5.3840449521566137e-07,1.4611665289722616e-16,1.0095525824050963e-14
1050,0.00030980146840109928,8.9821533646392346,768.18753052911632,693.20866588401907,10.534000332296115,31.185148177759157,17414.71611161788,29113.225302227067,-5.3923365503251375e-07,1.4611665289722616e-16,1.0095525824050963e-14
1051,0.00030974063591197642,8.9838843235537382,768.0354188695527,693.46247524448984,10.530493022310308,31.190036158282766,17436.497892484182,29137.356235668183,-5.4006341267002675e-07,1.4611665289722616e-16,1.0095525824050963e-14
1052,0.00030967984449334557,8.9856386616130255,767.88339238874585,693.71570012634118,10.527004736036401,31.194930953522409,17458.287637805046,29161.482391718389,-5.4089066741310549e-07,1.4611665289722616e-16,1.0095525824050963e-14
1053,0.00030961909407419995,8.9874160655731448,767.73145115007776,693.96834836067137,10.523535442248246,31.199832545540897,17480.08532934255,29185.603773054667,-5.4171815549458681e-07,1.4611665289722616e-16,1.0095525824050963e-14
1054,0.00030955838458414641,8.989216237225877,767.57959520722829,694.2204274026866,10.520085110075275,31.204740916745941,17501.890949098823,29209.720382355852,-5.4254598922383624e-07,1.4611665289722616e-16,1.0095525824050963e-14
1055,0.00030949771595337134,8.9910388922529769,767.42782460494186,694.47194436034226,10.516653708986025,31.209656049873242,17523.704479304663,29233.832222302313,-5.4337130645596445e-07,1.4611665289722616e-16,1.0095525824050963e-14
1056,0.0003094370881126054,8.9928837591980475,767.276139379705,694.72290602004875,10.513241208773078,31.214577927971519,17545.525902409066,29257.939295575696,-5.4420234030456079e-07,1.4611665289722616e-16,1.0095525824050963e-14
1057,0.00030937650099310577,8.9947505785407156,767.12453956038985,694.97331886981544,10.509847579538423,31.219506534387339,17567.355201069495,29282.041604858678,-5.450295566810861e-07,1.4611665289722616e-16,1.0095525824050963e-14
1058,0.00030931595452662387,8.9966391018582641,766.97302516879859,695.22318912021001,10.506472791680874,31.224441852752918,17589.192358142816,29306.139152834709,-5.4585575564637058e-07,1.4611665289722616e-16,1.0095525824050963e-14
1059,0.00030925544864537533,8.9985490910684138,766.82159622015081,695.47252272328967,10.503116815883285,31.229383866971855,17611.037356676916,29330.231942187853,-5.4668276030927802e-07,1.4611665289722616e-16,1.0095525824050963e-14
1060,0.0003091949832820311,9.0004803177396742,766.67025272357569,695.72132538984147,10.499779623101597,31.234332561209474,17632.890179902814,29354.319975602539,-5.4750803603577103e-07,1.4611665289722616e-16,1.0095525824050963e-14
1061,0.00030913455836969691,9.0024325624638415,766.51899468252793,695.96960260507069,10.496461184553938,31.23928791988055,17654.750811227383,29378.403255763384,-5.4833282485582172e-07,1.4611665289722616e-16,1.0095525824050963e-14
1062,0.00030907417384189086,9.004405614283316,766.36782209515741,696.21735964291713,10.493161471710588,31.244249927639935,17676.61923422644,29402.481785355038,-5.4915992124967075e-07,1.4611665289722616e-16,1.0095525824050963e-14
1063,0.00030901382963252426,9.0063992701675613,766.21673495465245,696.4646015791443,10.489880456284721,31.249218569372797,17698.495432638363,29426.555567062005,-5.4998762976444114e-07,1.4611665289722616e-16,1.0095525824050963e-14
1064,0.00030895352567589511,9.0084133345320101,766.06573324958106,696.71133330336636,10.486618110223716,31.254193830186122,17720.37939035803,29450.624603568529,-5.5081320928428029e-07,1.4611665289722616e-16,1.0095525824050963e-14
1065,0.00030889326190666923,9.0104476187969365,765.91481696417281,696.95755953007654,10.483374405700655,31.259175695398859,17742.271091431146,29474.688897558401,-5.5163901551557181e-07,1.4611665289722616e-16,1.0095525824050963e-14
1066,0.00030883303825986598,9.0125019409816058,765.76398607858641,697.20328480879311,10.480149315106781,31.264164150536384,17764.170520048927,29498.748451714837,-5.5246384898033936e-07,1.4611665289722616e-16,1.0095525824050963e-14
1067,0.00030877285467085087,9.0145761253293486,765.61324056916942,697.44851353343302,10.476942811043951,31.269159181320816,17786.077660543022,29522.80326872041,-5.5328838318598965e-07,1.4611665289722616e-16,1.0095525824050963e-14
1068,0.00030871271107532259,9.016670001961435,765.46258040868463,697.69324995096406,10.473754866317963,31.274160773665312,17807.992497380812,29546.853351256861,-5.5411390899265397e-07,1.4611665289722616e-16,1.0095525824050963e-14
1069,0.00030865260740929991,9.0187834065572385,765.31200556651629,697.93749816940237,10.470585453931829,31.279168913667306,17829.915015160885,29570.898702005041,-5.5494068171230638e-07,1.4611665289722616e-16,1.0095525824050963e-14
1070,0.00030859254360911871,9.0209161800573661,765.16151600888304,698.18126216523251,10.467434547079595,31.284183587601781,17851.845198608808,29594.939323644783,-5.557633987384692e-07,1.4611665289722616e-16,1.0095525824050963e-14
1071,0.00030853251961141377,9.0230681683880771,765.01111169899934,698.42454579029811,10.464302119140628,31.289204781915348,17873.783032573097,29618.975218854801,-5.56588705158205e-07,1.4611665289722616e-16,1.0095525824050963e-14
1072,0.00030847253535311976,9.0252392222052489,764.8607925972675,698.66735277820203,10.461188143673745,31.294232483221531,17895.728502021404,29643.006390312617,-5.5741094818303901e-07,1.4611665289722616e-16,1.0095525824050963e-14
1073,0.00030841259077145702,9.0274291966562146,764.71055866142137,698.90968675026136,10.458092594412545,31.29926667829378,17917.681592036901,29667.032840694472,-5.5823565329424575e-07,1.4611665289722616e-16,1.0095525824050963e-14
1074,0.00030835268580392631,9.0296379511577172,764.56040984667789,699.15155122105705,10.455015445259615,31.304307354061919,17939.642287814826,29691.054572675228,-5.5905744638404355e-07,1.4611665289722616e-16,1.0095525824050963e-14
1075,0.00030829282038830324,9.0318653491878766,764.41034610587928,699.39294960363634,10.451956670282309,31.309354497607025,17961.610574659229,29715.07158892832,-5.5987944351414836e-07,1.4611665289722616e-16,1.0095525824050963e-14
1076,0.0003082329944626281,9.0341112580928549,764.26036738961113,699.63388521434524,10.448916243708094,31.314408096155784,17983.586437979859,29739.083892125651,-5.6070024779322701e-07,1.4611665289722616e-16,1.0095525824050963e-14
1077,0.00030817320796520427,9.0363755489053794,764.11047364633509,699.87436127736555,10.445894139919925,31.319468137077084,18005.569863289176,29763.091484937533,-5.6152307015301849e-07,1.4611665289722616e-16,1.0095525824050963e-14
1078,0.0003081134608345882,9.0386580961749772,763.96066482248966,700.11438092895889,10.442890333452764,31.324534607878491,18027.560836199555,29787.094370032639,-5.6234285144026656e-07,1.4611665289722616e-16,1.0095525824050963e-14
1079,0.00030805375300958765,9.0409587778078926,763.81094086260623,700.35394722146918,10.439904798989057,31.329607496200133,18049.559342420569,29811.092550077919,-5.6316136907275792e-07,1.4611665289722616e-16,1.0095525824050963e-14
1080,0.0003079940844292524,9.0432774749183036,763.66130170939596,700.59306312704234,10.436937511355108,31.334686789813027,18071.565367756415,29835.086027738569,-5.6398164459097217e-07,1.4611665289722616e-16,1.0095525824050963e-14
1081,0.00030793530927469229,9.0454846463457823,763.51395981937264,700.68455050802197,10.433984927372036,31.33976900913559,18093.576576216394,29859.074840200989,-5.6480343837834363e-07,1.4611665289722616e-16,1.0095525824050963e-14
1082,0.00030787656671166024,9.0476040210436608,763.36676341596274,700.77823280724181,10.431043600778867,31.344850772305165,18115.590698255259,29883.059026182582,-5.6562548608254172e-07,1.4611665289722616e-16,1.0095525824050963e-14
1083,0.00030781785896712014,9.0496734013112423,763.21969040580905,700.87316496721894,10.428113600591299,31.349932161972479,18137.607784234355,29907.038589818985,-5.6644471419384601e-07,1.4611665289722616e-16,1.0095525824050963e-14
1084,0.00030775918680832451,9.0517061707448612,763.07273290804176,700.96901239804504,10.425194971149558,31.355013235868988,18159.627867591807,29931.013534849662,-5.6726516410548515e-07,1.4611665289722616e-16,1.0095525824050963e-14
1085,0.00030770055065425017,9.0537100165217108,762.92588633982632,701.06558292029058,10.4222877452383,31.360094040047283,18181.650973837986,29954.983864826343,-5.680864992381492e-07,1.4611665289722616e-16,1.0095525824050963e-14
1086,0.00030764195076852841,9.0556900904047986,762.77914758604004,701.16274773988016,10.419391948453917,31.365174613291913,18203.677123550508,29978.949583182373,-5.6890766904584634e-07,1.4611665289722616e-16,1.0095525824050963e-14
1087,0.00030758338732910856,9.0576501471488307,762.63251434036783,701.26041298794587,10.416507601366833,31.370254989298175,18225.706333856335,30002.910693267007,-5.6972729477415946e-07,1.4611665289722616e-16,1.0095525824050963e-14
1088,0.00030752486046072138,9.0595930738293902,762.48598479902921,701.35850648759867,10.413634720784522,31.375335197950079,18247.73861929823,30026.867198365511,-5.7054785211214835e-07,1.4611665289722616e-16,1.0095525824050963e-14
1089,0.00030746637025234885,9.0615211747913094,762.3395574958497,701.45697063021726,10.410773320567499,31.38041526614278,18269.773992394013,30050.819101712095,-5.7136658424855225e-07,1.4611665289722616e-16,1.0095525824050963e-14
1090,0.00030740791676760957,9.0634363407093659,762.19323120443437,701.55575814893257,10.407923412192376,31.38549521834922,18291.812464022642,30074.766406498878,-5.7218610220172872e-07,1.4611665289722616e-16,1.0095525824050963e-14
1091,0.0003073495000513739,9.0653401561549938,762.04700487592902,701.65482942945835,10.405085005159599,31.390575077034622,18313.854043703912,30098.709115882368,-5.7300331223232007e-07,1.4611665289722616e-16,1.0095525824050963e-14
1092,0.00030729112013419069,9.0672339717592916,761.90087759722689,701.75415070601764,10.402258107300252,31.395654862963799,18335.898739808828,30122.647232988336,-5.7382207785226153e-07,1.4611665289722616e-16,1.0095525824050963e-14
1093,0.00030723277703539469,9.0691189546764743,761.75484856176683,701.85369279975487,10.399442725013717,31.400734595441808,18357.946559722375,30146.580760915633,-5.7464129968540261e-07,1.4611665289722616e-16,1.0095525824050963e-14
1094,0.00030717447076535396,9.0709961250799633,761.60891704840833,701.95343020633413,10.396638863455669,31.40581429250409,18379.997509972614,30170.509702739095,-5.7546027213594606e-07,1.4611665289722616e-16,1.0095525824050963e-14
1095,0.00030711620132713559,9.0728663832959491,761.46308240570943,702.05334041760125,10.393846526689932,31.410893971069051,18402.05159633491,30194.434061512104,-5.7627826310029412e-07,1.4611665289722616e-16,1.0095525824050963e-14
1096,0.00030705796871778227,9.0747305304519372,761.31734403998155,702.15340340536829,10.391065717814019,31.415973647064533,18424.108823917657,30218.353840268472,-5.7709400717975576e-07,1.4611665289722616e-16,1.0095525824050963e-14
1097,0.00030699977292929866,9.076589284503104,761.1717014060066,702.25360122075574,10.388296439062575,31.421053335533941,18446.169197233605,30242.269042024145,-5.779106779858773e-07,1.4611665289722616e-16,1.0095525824050963e-14
1098,0.00030694161394942811,9.0784432928862717,761.02615399969829,702.35391767784313,10.385538691895581,31.426133050723212,18468.232720260057,30266.179669778616,-5.7872710429241719e-07,1.4611665289722616e-16,1.0095525824050963e-14
1099,0.00030688349176227915,9.0802931426607483,760.88070135223177,702.45433810014788,10.382792477072794,31.431212806156847,18490.299396490096,30290.085726516103,-5.7954547787593946e-07,1.4611665289722616e-16,1.0095525824050963e-14
1100,0.00030682540634883516,9.0821393687412613,760.73534302527798,702.55484911480187,10.380057794717969,31.436292614702712,18512.36922897671,30313.987215206576,-5.8036073993197476e-07,1.4611665289722616e-16,1.0095525824050963e-14
1101,0.00030676735768737218,9.0839824606608985,760.59007860708618,702.6554384834775,10.377334644375033,31.441372488628861,18534.442220370962,30337.884138806679,-5.8117663747765035e-07,1.4611665289722616e-16,1.0095525824050963e-14
1102,0.00030670934575379989,9.0858228681834206,760.44490770921902,702.75609496208119,10.374623025056302,31.446452439652109,18556.518372955394,30361.776500260472,-5.8199276801294152e-07,1.4611665289722616e-16,1.0095525824050963e-14
1103,0.00030665137052196035,9.0876610060043177,760.29982996384808,702.85680818322544,10.371922935285445,31.451532478981086,18578.597688673352,30385.664302500165,-5.828068752357171e-07,1.4611665289722616e-16,1.0095525824050963e-14
1104,0.00030659343196386677,9.0894972577218969,760.15484502143579,702.95756855695254,10.369234373135162,31.456612617354942,18600.680169154926,30409.547548446692,-5.8362250770338677e-07,1.4611665289722616e-16,1.0095525824050963e-14
1105,0.00030653553004991339,9.0913319792171983,760.00995254877989,703.05836718623652,10.366557336260875,31.461692865076618,18622.765815740018,30433.426241010271,-5.8443925035959941e-07,1.4611665289722616e-16,1.0095525824050963e-14
1106,0.00030647766474906307,9.0931655015505815,759.86515222735386,703.15919579456875,10.363891821930887,31.466773232043522,18644.854629498939,30457.300383090882,-5.8525436697151829e-07,1.4611665289722616e-16,1.0095525824050963e-14
1107,0.00030641983602898464,9.0949981334600594,759.72044375181679,703.26004666349854,10.36123782705338,31.471853727775343,18666.946611250907,30481.169977578706,-5.8607046576720623e-07,1.4611665289722616e-16,1.0095525824050963e-14
1108,0.00030636204385620439,9.0968301635288178,759.57582682879934,703.36091257844612,10.35859534820019,31.47693436143771,18689.041761580691,30505.035027354552,-5.8688438080842755e-07,1.4611665289722616e-16,1.0095525824050963e-14
1109,0.00030630428819621442,9.0986618620753053,759.4313011757863,703.46178678145054,10.355964381629557,31.482015141863911,18711.140080853707,30528.895535290136,-5.8769638031226971e-07,1.4611665289722616e-16,1.0095525824050963e-14
1110,0.00030624656901357295,9.1004934828103163,759.28686652014926,703.56266292974203,10.353344923305194,31.487096077576734,18733.241569229667,30552.751504248496,-5.8851242190691427e-07,1.4611665289722616e-16,1.0095525824050963e-14
1111,0.00030618888627200597,9.1023252642963666,759.14252259832949,703.66353505925736,10.350736968915118,31.492177176805704,18755.346226675083,30576.602937084241,-5.8932619464310083e-07,1.4611665289722616e-16,1.0095525824050963e-14
1112,0.000306131239934474,9.1041574312370237,758.99826915505571,703.76439755240779,10.348140513888223,31.497258447503626,18777.45405297459,30600.449836643824,-5.9013910482940783e-07,1.4611665289722616e-16,1.0095525824050963e-14
1113,0.00030607362996324934,9.105990195623523,758.85410594269558,703.86524510941183,10.345555553408904,31.502339897362468,18799.565047741431,30624.292205765811,-5.9095449279749584e-07,1.4611665289722616e-16,1.0095525824050963e-14
1114,0.00030601605631998139,9.1078237577550514,758.7100327206681,703.96607272279039,10.342982082431652,31.507421533827173,18821.679210426999,30648.130047281076,-5.9176786652152634e-07,1.4611665289722616e-16,1.0095525824050963e-14
1115,0.00030595851896575026,9.1096583071519657,758.56604925490637,704.06687565453399,10.340420095693359,31.512503364108962,18843.796540329637,30671.963364013071,-5.9258311532366124e-07,1.4611665289722616e-16,1.0095525824050963e-14
1116,0.00030590101786111718,9.1114940233753199,758.42215531738123,704.16764941561689,10.33786958772558,31.517585395196953,18865.917036602827,30695.792158777967,-5.9339349436379929e-07,1.4611665289722616e-16,1.0095525824050963e-14
1117,0.00030584355296617202,9.1133310767633677,758.27835068567742,704.26838974758255,10.335330552865379,31.52266763386929,18888.040698262685,30719.61643438488,-5.9420746137426122e-07,1.4611665289722616e-16,1.0095525824050963e-14
1118,0.00030578612424057329,9.1151696290979771,758.13463514260468,704.36909260588379,10.332802985265515,31.527750086703712,18910.167524194931,30743.436193635993,-5.9502257066165624e-07,1.4611665289722616e-16,1.0095525824050963e-14
1119,0.0003057287316435898,9.1170098342062733,757.99100847585794,704.46975414484325,10.330286878903562,31.532832760086816,18932.297513161408,30767.25143932677,-5.958345460992057e-07,1.4611665289722616e-16,1.0095525824050963e-14
1120,0.00030567137513412242,9.1188518385077408,757.84747047767007,704.57037070397325,10.327782227591225,31.537915660222961,18954.430663806059,30791.062174246072,-5.9664572176850873e-07,1.4611665289722616e-16,1.0095525824050963e-14
1121,0.00030561405467075317,9.1206957815107241,757.70402094456858,704.67093879556512,10.325289024982231,31.542998793142548,18976.566974660589,30814.868401176293,-5.9745818760036906e-07,1.4611665289722616e-16,1.0095525824050963e-14
1122,0.0003055567702117581,9.1225417962665372,757.560659677074,704.77145509333661,10.322807264579755,31.548082164709996,18998.706444149695,30838.670122893498,-5.9827072842140214e-07,1.4611665289722616e-16,1.0095525824050963e-14
1123,0.00030549952171513944,9.1243900097835287,757.41738647947511,704.87191642207836,10.320336939744212,31.553165780630831,19020.849070595978,30862.467342167562,-5.9908236379177314e-07,1.4611665289722616e-16,1.0095525824050963e-14
1124,0.00030544230913864969,9.1262405434059382,757.27420115961058,704.97231974818487,10.31787804369908,31.55824964645786,19042.994852224521,30886.260061762241,-5.9989894426210063e-07,1.4611665289722616e-16,1.0095525824050963e-14
1125,0.00030538513243981127,9.1280935131630141,757.13110352866056,705.07266217092456,10.315430569538083,31.563333767598724,19065.143787167224,30910.048284435336,-6.0071371697018563e-07,1.4611665289722616e-16,1.0095525824050963e-14
1126,0.00030532799157593647,9.1299490300878823,756.98809340096216,705.17294091446956,10.312994510230126,31.568418149320873,19087.295873466839,30933.832012938732,-6.0152840352791868e-07,1.4611665289722616e-16,1.0095525824050963e-14
1127,0.00030527088650414452,9.1318072005131281,756.84517059383415,705.273153320505,10.310569858625859,31.573502796757428,19109.451109080775,30957.611250018566,-6.0233993112315313e-07,1.4611665289722616e-16,1.0095525824050963e-14
1128,0.0003052138171813833,9.1336681263423944,756.70233492743148,705.37329684144015,10.308156607462118,31.57858771491269,19131.609491884676,30981.385998415248,-6.0315061744450575e-07,1.4611665289722616e-16,1.0095525824050963e-14
1129,0.00030515678356444125,9.1355319053014163,756.55958622458934,705.47336903413111,10.30575474936685,31.583672908666564,19153.771019675823,31005.156260863601,-6.0396298526726139e-07,1.4611665289722616e-16,1.0095525824050963e-14
1130,0.0003050997856099596,9.1373986311713651,756.41692431068259,705.57336755404913,10.303364276864476,31.588758382780497,19175.935690176291,31028.922040092915,-6.0477317805522159e-07,1.4611665289722616e-16,1.0095525824050963e-14
1131,0.00030504282327444975,9.1392683940032793,756.27434901351126,705.67329014991799,10.30098518237949,31.593844141900036,19198.103501035992,31052.683338827035,-6.055836624289883e-07,1.4611665289722616e-16,1.0095525824050963e-14
1132,0.00030498589651430644,9.1411412803194274,756.131860163184,705.77313465868099,10.298617458240974,31.598930190561095,19220.274449835502,31076.440159784437,-6.0639539336695611e-07,1.4611665289722616e-16,1.0095525824050963e-14
1133,0.00030492900528581357,9.1430173732987257,755.98945759199762,705.87289900086512,10.29626109668636,31.60401653319175,19242.448534088766,31100.192505678278,-6.0720417182424043e-07,1.4611665289722616e-16,1.0095525824050963e-14
1134,0.00030487214954516139,9.1448967529500909,755.8471411343503,705.97258117624756,10.293916089865405,31.609103174118282,19264.625751245658,31123.940379216499,-6.0801590659886356e-07,1.4611665289722616e-16,1.0095525824050963e-14
1135,0.00030481532924844904,9.1467794962738243,755.70491062663064,706.07217925982104,10.291582429843348,31.614190117567009,19286.806098694404,31147.683783101867,-6.0882708924390357e-07,1.4611665289722616e-16,1.0095525824050963e-14
1136,0.00030475854435170203,9.148665677412728,755.56276590714901,706.17169139801513,10.289260108604651,31.619277367668229,19308.989573763891,31171.422720032024,-6.0963876019053323e-07,1.4611665289722616e-16,1.0095525824050963e-14
1137,0.00030470179481087651,9.1505553677924514,755.42070681604525,706.27111580518863,10.286949118055873,31.624364928459972,19331.176173725842,31195.157192699571,-6.1044845874752736e-07,1.4611665289722616e-16,1.0095525824050963e-14
1138,0.00030464508058186798,9.1524486362535793,755.27873319521211,706.37045076032689,10.284649450028747,31.629452803890004,19353.365895796906,31218.887203792121,-6.112560858594204e-07,1.4611665289722616e-16,1.0095525824050963e-14
1139,0.00030458840162051734,9.1543455491747014,755.13684488822093,706.46969460396565,10.282361096283312,31.634540997820285,19375.558737140651,31242.612755992337,-6.1206522670624167e-07,1.4611665289722616e-16,1.0095525824050963e-14
1140,0.00030453175788262062,9.1562461705885401,754.99504174025913,706.56884573528646,10.280084048510215,31.639629514027778,19397.754694869429,31266.333851977994,-6.1287427372940024e-07,1.4611665289722616e-16,1.0095525824050963e-14
1141,0.00030447417307417066,9.1581918602354602,754.85087348359889,706.71312016078002,10.27781942095908,31.644719422386544,19419.95447950338,31290.050455958783,-6.1368557007895322e-07,1.4611665289722616e-16,1.0095525824050963e-14
1142,0.00030441663088705951,9.1601750557330526,754.70678436518654,706.85645694000698,10.275568296434638,31.649811762683147,19442.158780348182,31313.762531991131,-6.1449539106013162e-07,1.4611665289722616e-16,1.0095525824050963e-14
1143,0.00030435912865546186,9.1621837139081208,754.56277647780576,706.9991571522969,10.273330636029238,31.65490650939828,19464.367573872747,31337.470082603944,-6.1530609168174519e-07,1.4611665289722616e-16,1.0095525824050963e-14
1144,0.00030430166538686224,9.1642135845315735,754.41885043591446,707.14132705337727,10.271106408822833,31.66000364463692,19486.580841930197,31361.173110360131,-6.161148464215236e-07,1.4611665289722616e-16,1.0095525824050963e-14
1145,0.00030424424048815978,9.1662622345108353,754.27500653161871,707.28302747056239,10.268895587628663,31.665103154058155,19508.798568887516,31384.871617836045,-6.169242387436636e-07,1.4611665289722616e-16,1.0095525824050963e-14
1146,0.00030418685354454837,9.1683280390037076,754.13124491503743,707.42429902490733,10.26669814757725,31.670205025520119,19531.020740670436,31408.565607614746,-6.1773247588375701e-07,1.4611665289722616e-16,1.0095525824050963e-14
1147,0.00030412950423965832,9.1704098181066929,753.9875656587385,707.56517121399918,10.26451406541584,31.67530924841088,19553.247344291132,31432.255082282645,-6.1854222327090998e-07,1.4611665289722616e-16,1.0095525824050963e-14
1148,0.00030407219231836795,9.1725066679462142,753.8439687875682,707.70566663467798,10.262343319100207,31.680415813257138,19575.478367572396,31455.940044427676,-6.1935071083996158e-07,1.5677082302873644e-16,1.0095525824050963e-14
1149,0.00030401491756675892,9.1746178697695147,753.70045429464619,707.84580325576201,10.26018588753017,31.685524711472691,19597.713798969853,31479.620496637985,-6.2015868011175429e-07,1.5677082302873644e-16,1.0095525824050963e-14
1150,0.00030395767980022419,9.1767428360219618,753.55702215085216,707.98559576611763,10.258041750368458,31.690635935183888,19619.953627449402,31503.296441501159,-6.2096637244678834e-07,1.5677082302873644e-16,1.0095525824050963e-14
1151,0.00030390047885588763,9.1788810760494215,753.4136723108262,708.12505643209761,10.255910887909007,31.695749477104847,19642.197842398557,31526.967881603603,-6.2177670579584898e-07,1.5677082302873644e-16,1.0095525824050963e-14
1152,0.00030384331458752968,9.1810321730997781,753.27040471701469,708.26419567250559,10.253793280978305,31.700865330442642,19664.446433559981,31550.634819530085,-6.2258274662514924e-07,1.5677082302873644e-16,1.0095525824050963e-14
1153,0.00030378618686201919,9.1831957682474918,753.12721930244913,708.40302246047918,10.251688910859496,31.70598348882465,19686.699390980033,31574.297257863414,-6.233897316204518e-07,1.5677082302873644e-16,1.0095525824050963e-14
1154,0.00030372909555674587,9.1853715487753114,752.98411599278234,708.54154461395046,10.249597759231534,31.711103946241035,19708.956704968215,31597.95519918418,-6.241939462018065e-07,1.5677082302873644e-16,1.0095525824050963e-14
1155,0.00030367204055770113,9.1875592395424306,752.84109470777548,708.67976901143913,10.247519808121213,31.71622669699866,19731.218366064386,31621.608646070534,-6.2500282022668763e-07,1.5677082302873644e-16,1.0095525824050963e-14
1156,0.00030361502175802618,9.1897585964212105,752.69815536244562,708.81770175613644,10.245455039862952,31.721351735682507,19753.484365011955,31645.257601098048,-6.2581180551457384e-07,1.5677082302873644e-16,1.0095525824050963e-14
1157,0.00030355803905687579,9.1919694012074427,752.5552978679325,708.95534830314716,10.243403437065966,31.726479057124742,19775.754692735605,31668.902066839528,-6.2661904686821101e-07,1.5677082302873644e-16,1.0095525824050963e-14
1158,0.00030350109235852829,9.1941914576058537,752.41252213219707,709.09271355985356,10.241364982586461,31.731608656377635,19798.029340322555,31692.54204586495,-6.2742511560045918e-07,1.5677082302873644e-16,1.0095525824050963e-14
1159,0.00030344418157166329,9.1964245880171838,752.26982806055628,709.22980196623701,10.239339659503678,31.736740528692419,19820.308299006661,31716.177540741377,-6.2823348841863715e-07,1.5677082302873644e-16,1.0095525824050963e-14
1160,0.00030338730660878498,9.1986686309319232,752.12721555613962,709.36661756003514,10.237327451100361,31.741874669497488,19842.591560154811,31739.808554032843,-6.2903644562339824e-07,1.5677082302873644e-16,1.0095525824050963e-14
1161,0.0003033304673857399,9.2009234387929819,751.98468452024224,709.5031640301753,10.235328340844422,31.74701107438414,19864.879115255117,31763.435088300303,-6.2984132289976748e-07,1.5677082302873644e-16,1.0095525824050963e-14
1162,0.0003032736638213172,9.203188876224349,751.84223485261498,709.63944476105769,10.233342312374528,31.752149739091642,19887.170955906713,31787.057146101604,-6.3064798352329985e-07,1.5677082302873644e-16,1.0095525824050963e-14
1163,0.00030321689583692421,9.2054648185496823,751.69986645173435,709.77546286959125,10.231369349486256,31.757290659493222,19909.46707381076,31810.674729991399,-6.3145603859665762e-07,1.5677082302873644e-16,1.0095525824050963e-14
1164,0.00030316016335629363,9.2077511505433467,751.55757921498025,709.9112212364164,10.229409436120532,31.762433831586474,19931.767460762556,31834.287842521175,-6.3226161693459494e-07,1.5677082302873644e-16,1.0095525824050963e-14
1165,0.00030310346630525492,9.210047765368234,751.41537303883933,710.04672253246065,10.227462556353231,31.767579251482815,19954.072108644534,31857.896486239137,-6.3306699018586468e-07,1.5677082302873644e-16,1.0095525824050963e-14
1166,0.00030304680461151908,9.212354563668379,751.27324781902871,710.18196924162385,10.22552869438587,31.77272691539816,19976.381009420063,31881.500663690244,-6.338713066129794e-07,1.5677082302873644e-16,1.0095525824050963e-14
1167,0.00030299017820450801,9.2146714527871243,751.13120345063908,710.31696368032192,10.223607834537523,31.7778768196467,19998.694155127843,31905.100377416162,-6.3467619156265939e-07,1.5677082302873644e-16,1.0095525824050963e-14
1168,0.00030293358701519234,9.2169983460904543,750.98923982822316,710.45170801440531,10.221699961236986,31.783028960632276,20021.011537876959,31928.695629955266,-6.3548066808293825e-07,1.5677082302873644e-16,1.0095525824050963e-14
1169,0.00030287703097596437,9.2193351623778508,750.84735684590794,710.58620427388689,10.219805059016691,31.78818333484249,20043.333149842354,31952.286423842608,-6.3628454120196695e-07,1.5677082302873644e-16,1.0095525824050963e-14
1170,0.00030282051002052286,9.221681825367714,750.70555439748216,710.72045436580697,10.217923112505991,31.793339938843413,20065.658983260804,31975.872761609895,-6.3708897517025006e-07,1.5677082302873644e-16,1.0095525824050963e-14
1171,0.0003027640240837547,9.2240382632443989,750.56383237643092,710.85446008555652,10.216054106426363,31.798498769274094,20087.989030427198,31999.454645785499,-6.378917182198854e-07,1.5677082302873644e-16,1.0095525824050963e-14
1172,0.0003027075731016565,9.2264044082591479,750.4221906760306,710.98822312685445,10.214198025585819,31.80365982284129,20110.323283691214,32023.032078894455,-6.3869503014087279e-07,1.5677082302873644e-16,1.0095525824050963e-14
1173,0.00030265115701124621,9.2287801963766309,750.28062918938667,711.121745090584,10.212354854874722,31.808823096316754,20132.661735454258,32046.605063458424,-6.3949699993006208e-07,1.5677082302873644e-16,1.0095525824050963e-14
1174,0.0003025947757504946,9.231165566960664,750.13914780949108,711.25502749265002,10.210524579261422,31.813988586531572,20155.004378166672,32070.173601995724,-6.4030048868598234e-07,1.5677082302873644e-16,1.0095525824050963e-14
1175,0.0003025384292582523,9.233560462493422,749.99774642924535,711.38807177099773,10.208707183788716,31.819156290373741,20177.351204325187,32093.73769702129,-6.411068863242299e-07,1.5677082302873644e-16,1.0095525824050963e-14
1176,0.00030248211747419955,9.2359648283253559,749.85642494151762,711.52087929186598,10.206902653570014,31.824326204784121,20199.702206470567,32117.297351046709,-6.419123192180508e-07,1.5677082302873644e-16,1.0095525824050963e-14
1177,0.00030242584033878515,9.2383786124495835,749.71518323915393,711.65345135542702,10.205110973786299,31.829498326753765,20222.057377185436,32140.852566580197,-6.4271441596565344e-07,1.5677082302873644e-16,1.0095525824050963e-14
1178,0.00030236959779318657,9.2408017652992758,749.57402121502776,711.78578920085135,10.203332129683162,31.834672653321213,20244.416709092315,32164.403346126597,-6.4351778473889732e-07,1.5677082302873644e-16,1.0095525824050963e-14
1179,0.00030231338977926205,9.2432342395649929,749.43293876205314,711.9178940108751,10.201566106567991,31.8398491815699,20266.780194851726,32187.949692187391,-6.4432370558552119e-07,1.5677082302873644e-16,1.0095525824050963e-14
1180,0.00030225721623950813,9.2456759900289551,749.29193577319927,712.04976691594266,10.199812889807369,31.845027908625326,20289.147827160545,32211.491607260705,-6.4512780402085494e-07,1.5677082302873644e-16,1.0095525824050963e-14
1181,0.00030220107711703356,9.2481269734154381,749.15101214153469,712.1814089979473,10.198072464824735,31.850208831653458,20311.519598750372,32235.029093841295,-6.4593081703151197e-07,1.5677082302873644e-16,1.0095525824050963e-14
1182,0.00030214497235551399,9.2505871482540432,749.0101677602147,712.31282129364888,10.196344817098435,31.855391947858504,20333.895502386084,32258.562154420561,-6.4673436263968872e-07,1.5677082302873644e-16,1.0095525824050963e-14
1183,0.00030208890189917237,9.2530564747554553,748.86940252252248,712.44400479778028,10.194629932159122,31.860577254480116,20356.275530864463,32282.090791486553,-6.4753805613348977e-07,1.5677082302873644e-16,1.0095525824050963e-14
1184,0.00030203286569274517,9.2555349146983144,748.72871632186718,712.57496046587539,10.192927795588538,31.865764748793403,20378.659677012911,32305.615007523968,-6.483402620513764e-07,1.5677082302873644e-16,1.0095525824050963e-14
1185,0.00030197686368145906,9.2580224313252248,748.58810905180201,712.70568921686936,10.191238393017082,31.870954428105641,20401.047933688285,32329.134805014153,-6.4914397786753583e-07,1.5677082302873644e-16,1.0095525824050963e-14
1186,0.00030192089581101278,9.2605189892480464,748.44758060604829,712.83619193546542,10.189561710122641,31.87614628975528,20423.440293775748,32352.650186435108,-6.4994832115123801e-07,1.5677082302873644e-16,1.0095525824050963e-14
1187,0.00030186496202754226,9.2630245543602729,748.30713087847221,712.96646947432635,10.187897732628642,31.881340331110987,20445.836750187755,32376.161154261499,-6.5075220403629846e-07,1.5677082302873644e-16,1.0095525824050963e-14
1188,0.00030180906227761465,9.2655390937573117,748.16675976312763,713.09652265606701,10.186246446302878,31.886536549569328,20468.237295863073,32399.667710964684,-6.5155477059978781e-07,1.5677082302873644e-16,1.0095525824050963e-14
1189,0.00030175319650820281,9.2680625756624018,748.02646715424771,713.22635227510648,10.184607836956024,31.891734942554887,20490.641923765874,32423.16985901268,-6.5235762037819915e-07,1.5677082302873644e-16,1.0095525824050963e-14
1190,0.00030169736466666771,9.2705949693583385,747.88625294624967,713.35595909937467,10.1829818904402,31.89693550751706,20513.050626884844,32446.667600870169,-6.5315931950879308e-07,1.5677082302873644e-16,1.0095525824050963e-14
1191,0.00030164156670074829,9.2731362451246415,747.74611703375626,713.48534387188408,10.181368592648189,31.902138241930672,20535.463398232423,32470.160938998531,-6.5396175423085319e-07,1.5677082302873644e-16,1.0095525824050963e-14
1192,0.00030158580255853986,9.275686374179795,747.60605931158352,713.61450731217167,10.179767929511717,31.907343143294586,20557.880230844003,32493.649875855852,-6.5476355416084668e-07,1.5677082302873644e-16,1.0095525824050963e-14
1193,0.00030153007218848489,9.2782453286265643,747.46607967475779,713.74345011766911,10.178179887000836,31.912550209130135,20580.301117777242,32517.134413896885,-6.5556782873353942e-07,1.5677082302873644e-16,1.0095525824050963e-14
1194,0.00030147437553935643,9.2808130814030587,747.32617801851063,713.87217296492361,10.176604451122708,31.917759436980489,20602.726052111368,32540.614555573124,-6.5636964889317018e-07,1.5677082302873644e-16,1.0095525824050963e-14
1195,0.00030141871256024949,9.2833896062349055,747.18635423829153,714.00067651079416,10.175041607920594,31.922970824409902,20625.155026946562,32564.090303332745,-6.5717189282882347e-07,1.5677082302873644e-16,1.0095525824050963e-14
1196,0.00030136308320057075,9.2859748775933557,747.04660822977348,714.12896139349937,10.173491343473108,31.928184369002871,20647.58803540334,32587.56165962066,-6.5797452391788006e-07,1.5677082302873644e-16,1.0095525824050963e-14
1197,0.00030130748741002354,9.2885688706544638,746.90693988884493,714.25702823363827,10.171953643893243,31.933400068363333,20670.025070621992,32611.028626878509,-6.5877806987484359e-07,1.5677082302873644e-16,1.0095525824050963e-14
1198,0.00030125192513860108,9.2911715612615655,746.76734911162077,714.38487763512762,10.170428495327558,31.938617920113536,20692.466125762028,32634.491207544663,-6.5957942231130875e-07,1.5677082302873644e-16,1.0095525824050963e-14
1199,0.00030119639633657499,9.2937829258908593,746.62783579443828,714.51251018606183,10.168915883955448,31.943837921893831,20714.911194001692,32657.949404054209,-6.6038108237777547e-07,1.5677082302873644e-16,1.0095525824050963e-14
1200,0.00030114090095448911,9.2964029416180818,746.48839983386642,714.63992645954784,10.167415795988461,31.949060071362119,20737.360268537464,32681.403218839012,-6.6118253038183744e-07,1.5677082302873644e-16,1.0095525824050963e-14
1201,0.00030108650668766545,9.2989547429053889,746.35174275063275,714.68113142736524,10.165926128828579,31.954282339493979,20759.811985847518,32704.852696671143,-6.6198324732866231e-07,1.5677082302873644e-16,1.0095525824050963e-14
1202,0.00030103213753142848,9.3014524758649983,746.21518714568231,714.72368810337503,10.164444837799712,31.959502754325936,20782.265021818897,32728.297882936346,-6.6278252762245282e-07,1.5677082302873644e-16,1.0095525824050963e-14
1203,0.00030097779631253557,9.3039186317104328,746.07872396140147,714.76703420723913,10.162971965299155,31.964721368803971,20804.719407858141,32751.738780643915,-6.6358329270186298e-07,1.5677082302873644e-16,1.0095525824050963e-14
1204,0.0003009234840225675,9.3063612005172427,745.94234994464296,714.81096998706892,10.161507538912353,31.969938221256157,20827.17516528862,32775.175392640886,-6.6438359808020497e-07,1.5677082302873644e-16,1.0095525824050963e-14
1205,0.00030086920121522785,9.3087847887322379,745.80606317366471,714.85538028169401,10.160051579263094,31.975153343133066,20849.632310692956,32798.607721696215,-6.6518713148084198e-07,1.5677082302873644e-16,1.0095525824050963e-14
1206,0.00030081494824886224,9.3111924962401016,745.66986231890633,714.90018759399732,10.158604102628555,31.980366761585518,20872.090857692277,32822.035770528862,-6.6598661128071062e-07,1.5677082302873644e-16,1.0095525824050963e-14
1207,0.0003007607253740673,9.3135865923923635,745.53374637731679,714.94533519019092,10.15716512223352,31.985578500741457,20894.550817827083,32845.459541821569,-6.6678628256455976e-07,1.5677082302873644e-16,1.0095525824050963e-14
1208,0.00030070653277446965,9.3159688303616761,745.39771454887216,714.99077924095809,10.155734649007561,31.99078858245225,20917.012201072514,32868.879038228974,-6.6759027113203564e-07,1.5677082302873644e-16,1.0095525824050963e-14
1209,0.00030065237058871466,9.3183406163789329,745.26176617016267,715.03648459052658,10.154312692074006,31.995997026775079,20939.475016171156,32892.294262382835,-6.6839044048350639e-07,1.5677082302873644e-16,1.0095525824050963e-14
1210,0.00030059823892350794,9.3207031101535698,745.12590067495569,715.08242224616072,10.152899259088411,32.001203852305295,20961.939270863022,32915.705216895702,-6.6918866953373152e-07,1.5677082302873644e-16,1.0095525824050963e-14
1211,0.0003005441378619272,9.3230572887786423,744.9901175691225,715.1285677805339,10.151494356482964,32.006409076419764,20984.404972052318,32939.111904363512,-6.6998947751392421e-07,1.5677082302873644e-16,1.0095525824050963e-14
1212,0.00030049006746900043,9.3254039896098142,744.85441641381112,715.17490025975462,10.150097989651494,32.01161271545714,21006.872125932994,32962.514327367608,-6.7079132418135555e-07,1.5677082302873644e-16,1.0095525824050963e-14
1213,0.00030043602779560312,9.3277439402588449,744.7187968136609,715.22140149352879,10.148710163091957,32.016814784859896,21029.340738086059,32985.912488476199,-6.7159150190371061e-07,1.5677082302873644e-16,1.0095525824050963e-14
1214,0.00030038201888127992,9.3300777802910275,744.58325840828024,715.26805549272422,10.147330880520423,32.02201529928562,21051.81081355684,33009.306390245692,-6.7239102599950911e-07,1.5677082302873644e-16,1.0095525824050963e-14
1215,0.00030032804075634843,9.3324060773631832,744.44780086591732,715.3148480659205,10.145960144962622,32.027214272697947,21074.282356917487,33032.696035221619,-6.7319065508014938e-07,1.5677082302873644e-16,1.0095525824050963e-14
1216,0.00030027409344349091,9.3347293395082751,744.31242387861835,715.36176651229312,10.144597958829735,32.032411718441672,21096.755372318414,33056.081425939468,-6.7398860544968162e-07,1.5677082302873644e-16,1.0095525824050963e-14
1217,0.00030022017695899978,9.3370480246753811,744.17712715848734,715.40879938311548,10.143244323981106,32.037607649303453,21119.229863531244,33079.462564925379,-6.7478821116160297e-07,1.5677082302873644e-16,1.0095525824050963e-14
1218,0.00030016629131376037,9.3393625482656653,744.04191043472963,715.45593629335838,10.141899241778093,32.042802077565774,21141.705833985059,33102.839454696725,-6.7558674226124012e-07,1.5677082302873644e-16,1.0095525824050963e-14
1219,0.00030011243651402621,9.3416732891748762,743.90677345124857,715.50316777062801,10.140562713129121,32.047995015051242,21164.183286797394,33126.212097762625,-6.7638752059455057e-07,1.5677082302873644e-16,1.0095525824050963e-14
1220,0.00030005861256206636,9.3439805947029058,743.77171596473511,715.55048513242741,10.139234738528662,32.053186473161993,21186.662224800868,33149.580496624316,-6.7718689122413512e-07,1.5677082302873644e-16,1.0095525824050963e-14
1221,0.00030000481945668728,9.3462847845882138,743.6367377430721,715.59788038529462,10.137915318092174,32.058376462911205,21209.142650566402,33172.944653775608,-6.7798280956148037e-07,1.5677082302873644e-16,1.0095525824050963e-14
1222,0.00029995105719366692,9.3485861543593174,743.50183856401077,715.64534614101694,10.136604451584766,32.06356499495535,21231.624566423496,33196.304571703171,-6.7878244108362863e-07,1.5677082302873644e-16,1.0095525824050963e-14
1223,0.00029989732576611827,9.3508849781443555,743.36701821405904,715.69287554639106,10.135302138448361,32.068752079618392,21254.10797447812,33219.660252886817,-6.7958289120851337e-07,1.5677082302873644e-16,1.0095525824050963e-14
1224,0.00029984362516480382,9.3531815110457259,743.23227648755937,715.74046222385675,10.134008377824625,32.073937726914025,21276.592876628551,33243.011699799783,-6.8038134243596199e-07,1.5677082302873644e-16,1.0095525824050963e-14
1225,0.00029978995537838964,9.3554759911637024,743.0976131858697,715.78810022090738,10.132723168575428,32.079121946569103,21299.079274579504,33266.358914908975,-6.8118024638874149e-07,1.5677082302873644e-16,1.0095525824050963e-14
1226,0.00029973631639367357,9.3577686413320045,742.96302811668363,715.83578396669986,10.131446509302156,32.084304748038555,21321.567169854789,33289.701900675129,-6.8197845974355844e-07,1.5677082302873644e-16,1.0095525824050963e-14
1227,0.00029968270819578528,9.3600596706164367,742.82852109345356,715.88350823458904,10.130178398361533,32.08948614052462,21344.056563808706,33313.040659553051,-6.8277695840601858e-07,1.5677082302873644e-16,1.0095525824050963e-14
1228,0.00029962913076834173,9.3623492756165856,742.69409193484171,715.93126810958529,10.128918833881364,32.09466613298963,21366.547457636319,33336.375193991771,-6.8357354571654177e-07,1.5677082302873644e-16,1.0095525824050963e-14
1229,0.00029957558409361088,9.3646376416020018,742.55974046431163,715.97905895994995,10.127667813774297,32.099844734171128,21389.039852382812,33359.705506434686,-6.843729930792333e-07,1.5677082302873644e-16,1.0095525824050963e-14
1230,0.00029952206815262318,9.3669249435095523,742.42546650968973,716.02687641226112,10.126425335749662,32.105021952593624,21411.53374895197,33383.031599319722,-6.8517159358745355e-07,1.5677082302873644e-16,1.0095525824050963e-14
1231,0.00029946858292529744,9.3692113468226186,742.29126990284567,716.07471632943452,10.1251913973255,32.110197796579847,21434.02914811395,33406.353475079486,-6.8597061926684377e-07,1.5677082302873644e-16,1.0095525824050963e-14
1232,0.00029941512839053863,9.3714970083498077,742.15715047937715,716.12257479125481,10.123965995838743,32.115372274260608,21456.526050512392,33429.671136141318,-6.8676904712557336e-07,1.5677082302873644e-16,1.0095525824050963e-14
1233,0.00029936170452632248,9.373782076917303,742.0231080783218,716.17044807706748,10.122749128454785,32.120545393585267,21479.024456670955,33452.984584927464,-6.8756589288715228e-07,1.5677082302873644e-16,1.0095525824050963e-14
1234,0.00029930831130977942,9.3760666939859458,741.88914254192287,716.21833265035127,10.121540792176171,32.125717162329984,21501.52436699934,33476.293823855172,-6.8836372153007391e-07,1.5677082302873644e-16,1.0095525824050963e-14
1235,0.00029925494871726647,9.378350994205455,741.75525371541005,716.26622514486371,10.120340983851257,32.130887588105303,21524.025781798857,33499.598855336793,-6.8916138973104462e-07,1.5677082302873644e-16,1.0095525824050963e-14
1236,0.000299201616724426,9.3806351059109652,741.62144144678757,716.31412235222592,10.119149700181296,32.136056678364504,21546.528701267562,33522.899681779825,-6.8995754245315299e-07,1.5677082302873644e-16,1.0095525824050963e-14
1237,0.00029914831530625019,9.382919151571004,741.4877055866732,716.36202121072495,10.117966937727589,32.141224440410014,21569.033125505073,33546.196305587066,-6.9075266381254646e-07,1.5677082302873644e-16,1.0095525824050963e-14
1238,0.00029909504443712703,9.3852032481931804,741.35404598812045,716.4099187951706,10.116792692918011,32.146390881399853,21591.53905451695,33569.488729156634,-6.9154896721057391e-07,1.5677082302873644e-16,1.0095525824050963e-14
1239,0.00029904180409088681,9.3874875076907749,741.22046250647111,716.45781230773059,10.11562696205319,32.151556008353921,21614.046488218923,33592.776954882094,-6.923457547247489e-07,1.5677082302873644e-16,1.0095525824050963e-14
1240,0.0002989885942408529,9.3897720372176181,741.08695499923908,716.50569906955945,10.114469741311954,32.156719828159481,21636.555426440682,33616.060985152471,-6.9314440127283323e-07,1.5677082302873644e-16,1.0095525824050963e-14
1241,0.00029893541485987205,9.3920569394708995,740.95352332596974,716.55357651322765,10.113321026756847,32.161882347576679,21659.065868929549,33639.340822352366,-6.9394240988976939e-07,1.5677082302873644e-16,1.0095525824050963e-14
1242,0.00029888226592035105,9.3943423129701671,740.8201673481293,716.60144217574577,10.112180814338899,32.167043573242339,21681.577815353823,33662.616468861997,-6.9473906346979404e-07,1.5677082302873644e-16,1.0095525824050963e-14
1243,0.00029882914739429736,9.3966282523114195,740.68688692902242,716.64929369221454,10.111049099902569,32.172203511676358,21704.091265306004,33685.887927057236,-6.9553517747656209e-07,1.5677082302873644e-16,1.0095525824050963e-14
1244,0.00029877605925333325,9.3989148484000484,740.55368193366076,716.69712878999883,10.109925879189753,32.177362169284528,21726.606218305747,33709.155199309724,-6.9633257920437955e-07,1.5677082302873644e-16,1.0095525824050963e-14
1245,0.00029872300146873776,9.4012021886658008,740.42055222871215,716.74494528335492,10.108811147844255,32.182519552363658,21749.1226738027,33732.418287986868,-6.9712632285571635e-07,1.5677082302873644e-16,1.0095525824050963e-14
1246,0.00029866997401146431,9.4034903572599724,740.28749768240198,716.79274106850073,10.107704901415437,32.187675667104784,21771.640631179129,33755.677195451906,-6.9792390804541678e-07,1.5677082302873644e-16,1.0095525824050963e-14
1247,0.00029861697685216554,9.4057794352386654,740.15451816444329,716.8405141190334,10.106607135361998,32.19283051959713,21794.160089752444,33778.931924063974,-6.9872061185074781e-07,1.5677082302873644e-16,1.0095525824050963e-14
1248,0.00029856400996121612,9.4080695007300879,740.02161354597308,716.8882624817478,10.105517845055273,32.197984115831289,21816.681048777562,33802.182476178117,-6.9951482043495535e-07,1.5677082302873644e-16,1.0095525824050963e-14
1249,0.00029851107330872644,9.4103606290912118,739.88878369947304,716.93598427271979,10.104437025782929,32.203136461702776,21839.20350744911,33825.428854145386,-7.0031136100804069e-07,1.5677082302873644e-16,1.0095525824050963e-14
1250,0.00029845816686456853,9.4126528930529947,739.75602849872985,716.98367767367517,10.103364672751386,32.208287563014686,21861.727464903593,33848.671060312794,-7.0110800691475469e-07,1.5677082302873644e-16,1.0095525824050963e-14
1251,0.00029840529059838847,9.4149463628538754,739.62334781876939,717.03134092865298,10.102300781089488,32.21343742548153,21884.252920221377,33871.909097023461,-7.0190480593889575e-07,1.5677082302873644e-16,1.0095525824050963e-14
1252,0.0002983524444796214,9.4172411063659922,739.49074153580341,717.07897234085021,10.101245345850717,32.218586054730984,21906.779872428589,33895.142966616586,-7.0270185190412636e-07,1.5677082302873644e-16,1.0095525824050963e-14
1253,0.00029829962847750856,9.4195371892105282,739.35820952718859,717.1265702697367,10.100198362016211,32.223733456306242,21929.308320498949,33918.372671427474,-7.0350153818581011e-07,1.5677082302873644e-16,1.0095525824050963e-14
1254,0.0002982468425611117,9.4218346748677124,739.22575167138257,717.17413312830706,10.099159824497026,32.228879635670495,21951.838263355487,33941.59821378762,-7.0429779205610483e-07,1.5677082302873644e-16,1.0095525824050963e-14
1255,0.00029819408669932355,9.4241336247769798,739.09336784789889,717.22165938057549,10.098129728136973,32.234024598207434,21974.369699872179,33964.819596024703,-7.0509335253814222e-07,1.5677082302873644e-16,1.0095525824050963e-14
1256,0.00029814136086087442,9.4264340984334929,738.96105793725246,717.26914753916276,10.097108067714048,32.239168349224094,21996.902628875519,33988.036820462636,-7.0588926703883214e-07,1.5677082302873644e-16,1.0095525824050963e-14
1257,0.00029808866501435593,9.4287361534759988,738.82882182095614,717.31659616310003,10.096094837943685,32.244310893952822,22019.437049146014,34011.249889421604,-7.0668639636411992e-07,1.5677082302873644e-16,1.0095525824050963e-14
1258,0.00029803599912821911,9.431039845770826,738.69665938145511,717.36400385572927,10.095090033480062,32.249452237554252,22041.972959419585,34034.45880521807,-7.0748130949776406e-07,1.5677082302873644e-16,1.0095525824050963e-14
1259,0.00029798336317079306,9.4333452294899249,738.56457050211645,717.41136926275203,10.094093648918335,32.254592385117959,22064.510358388961,34057.663570164827,-7.0827699275277261e-07,1.5677082302873644e-16,1.0095525824050963e-14
1260,0.00029793075711028431,9.4356523571845869,738.43255506717514,717.45869107038538,10.093105678796658,32.259731341665741,22087.049244704958,34080.864186571009,-7.0907172835391022e-07,1.5677082302873644e-16,1.0095525824050963e-14
1261,0.00029787787585302362,9.4380966166762867,738.29976131254409,717.66133458309275,10.092129796415124,32.264872771734609,22109.592067898935,34104.060643637298,-7.0986893197079698e-07,1.5677082302873644e-16,1.0095525824050963e-14
1262,0.00029782502678133121,9.4406531356009165,738.16696870555484,717.86117160997696,10.09116957412706,32.270020236794537,22132.141208072364,34127.252928747257,-7.1066650704567888e-07,1.5677082302873644e-16,1.0095525824050963e-14
1263,0.00029777220903925321,9.4432823202143172,738.03420310840886,718.05919199464211,10.090224908549231,32.275173641925257,22154.696596525548,34150.44104244616,-7.1146186278983538e-07,1.5677082302873644e-16,1.0095525824050963e-14
1264,0.00029771942229663001,9.445970110774466,737.90147364998791,718.25574723063835,10.089295722104641,32.280332918567218,22177.258182306101,34173.624985741597,-7.1225860914716206e-07,1.5677082302873644e-16,1.0095525824050963e-14
1265,0.00029766666634874493,9.4487084051995947,737.76878556007932,718.45103987001005,10.088381949346267,32.285498010546078,22199.825922801996,34196.804759857216,-7.1305292166985092e-07,1.5677082302873644e-16,1.0095525824050963e-14
1266,0.00029761394104684137,9.4514917538138299,737.63614233223609,718.64520615465426,10.087483532401995,32.290668869417424,22222.399780608936,34219.980366150681,-7.1384691051834305e-07,1.5677082302873644e-16,1.0095525824050963e-14
1267,0.00029756124627303751,9.4543161689558861,737.50354650275108,718.83834577610287,10.08660041872024,32.295845452162503,22244.979721979558,34243.151806073132,-7.146435574714176e-07,1.5677082302873644e-16,1.0095525824050963e-14
1268,0.00029750858192863732,9.4571785714525269,737.37100001289127,719.03053571368685,10.085732559750904,32.301027719841365,22267.565715916517,34266.319081145353,-7.1543736704346897e-07,1.5677082302873644e-16,1.0095525824050963e-14
1269,0.0002974559479278365,9.460076492621889,737.2385044039454,719.22183768445279,10.08487991009434,32.306215636721838,22290.157733586751,34289.482192942451,-7.1623424419586434e-07,1.5677082302873644e-16,1.0095525824050963e-14
1270,0.0002974033441939874,9.4630078974548013,737.10606093297906,719.41230256362996,10.084042426912781,32.311409169679479,22312.755747916879,34312.641143083267,-7.1702904571771652e-07,1.5677082302873644e-16,1.0095525824050963e-14
1271,0.00029735077065722775,9.4659710720963552,736.9736706465236,719.60197319759118,10.083220069503842,32.316608287760516,22335.359733299865,34335.795933222682,-7.178214824647271e-07,1.5677082302873644e-16,1.0095525824050963e-14
1272,0.00029729822725287454,9.4689645483500495,736.84133442999087,719.79088629124885,10.082412798979735,32.321812961854931,22357.96966537425,34358.946565045822,-7.1861583195882195e-07,1.5677082302873644e-16,1.0095525824050963e-14
1273,0.00029724571392032278,9.4719870508722472,736.70905304229723,719.97907372819384,10.081620578018498,32.327023164441584,22380.585520853085,34382.093040263513,-7.1941216500373163e-07,1.5677082302873644e-16,1.0095525824050963e-14
1274,0.00029719323060222949,9.4750374589741799,736.57682714086775,720.16656352564553,10.080843370666681,32.332238869386792,22403.207277388246,34405.235360608858,-7.2020750505247995e-07,1.5677082302873644e-16,1.0095525824050963e-14
1275,0.00029714077724391863,9.478114778214378,736.44465730026252,720.35338054464069,10.080081142179539,32.33746005178196,22425.83491346064,34428.373527834206,-7.2100325980879272e-07,1.5677082302873644e-16,1.0095525824050963e-14
1276,0.00029708835379292994,9.4812181187749793,736.31254402636364,720.53954703062561,10.079333858890298,32.342686687807806,22448.468408289889,34451.507543708874,-7.2179624170964954e-07,1.5677082302873644e-16,1.0095525824050963e-14
1277,0.00029703596019865617,9.4843466786715922,736.18048776736111,720.72508303321024,10.078601488100304,32.347918754624224,22471.107741759031,34474.637410017138,-7.2258932999049546e-07,1.5677082302873644e-16,1.0095525824050963e-14
1278,0.00029698359641207539,9.4874997304913737,736.04848892247912,720.91000673771578,10.0778839979863,32.353156230274607,22493.752894350942,34497.763128556559,-7.23382916338963e-07,1.5677082302873644e-16,1.0095525824050963e-14
1279,0.00029693126238551691,9.4906766107608593,735.91654784892478,721.09433473097863,10.077181357522077,32.358399093605776,22516.403847094072,34520.884701136565,-7.241770516779321e-07,1.5677082302873644e-16,1.0095525824050963e-14
1280,0.00029687895807248911,9.4938767113092375,735.7846648675785,721.27808221726923,10.076493536410474,32.363647324199107,22539.060581515754,34544.002129577224,-7.2497163799829797e-07,1.5677082302873644e-16,1.0095525824050963e-14
1281,0.00029682668342753162,9.4970994721705821,735.65284026765528,721.46126319573546,10.075820505024112,32.368900902307999,22561.723079601623,34567.115415708169,-7.2576674540621748e-07,1.5677082302873644e-16,1.0095525824050963e-14
1282,0.00029677443840608181,9.500344375690192,735.52107431054924,721.64389060774511,10.075162234354035,32.374159808808983,22584.391323760152,34590.224561367679,-7.2656166202773017e-07,1.5677082302873644e-16,1.0095525824050963e-14
1283,0.00029672222296438558,9.5036109415848795,735.38936723311338,721.82597646037812,10.07451869596443,32.3794240251517,22607.06529679141,34613.329568401867,-7.27356125226338e-07,1.5677082302873644e-16,1.0095525824050963e-14
1284,0.00029667003705940211,9.5068987227673887,735.25771925038271,722.00753193081528,10.073889861952084,32.384693533319421,22629.744981859392,34636.430438663912,-7.281498908512464e-07,1.5677082302873644e-16,1.0095525824050963e-14
1285,0.00029661788064873232,9.5102073017907518,735.12613055791689,722.18856745523135,10.073275704910724,32.389968315792757,22652.430362467396,34659.527174013449,-7.2894563723667464e-07,1.5677082302873644e-16,1.0095525824050963e-14
1286,0.00029656575369055592,9.5135362877982441,734.99460133380694,722.36909280504381,10.072676197899138,32.395248355516379,22675.121422435946,34682.619776315987,-7.2974017333173422e-07,1.5677082302873644e-16,1.0095525824050963e-14
1287,0.0002965136561435782,9.5168853138907998,734.86313174041027,722.5491171527301,10.072091314411848,32.400533635868911,22697.818145882979,34705.708247442359,-7.305328709713084e-07,1.5677082302873644e-16,1.0095525824050963e-14
1288,0.00029646158796697999,9.5202540348414697,734.73172192584718,722.7286491289633,10.07152102835385,32.405824140637925,22720.520517205954,34728.792589268276,-7.3132507054326108e-07,1.5677082302873644e-16,1.0095525824050963e-14
1289,0.00029640954912038217,9.5236421251004781,734.60037202532851,722.90769687248792,10.07096531401624,32.411119853994265,22743.228521065619,34751.872803673919,-7.3211825508927769e-07,1.5677082302873644e-16,1.0095525824050963e-14
1290,0.00029635753956380728,9.5270492770450215,734.46908216230145,723.08626807387452,10.070424146055295,32.416420760471297,22765.942142371252,34774.948892543493,-7.3291290698157134e-07,1.5677082302873644e-16,1.0095525824050963e-14
1291,0.00029630555925764504,9.530475199436502,734.33785244945886,723.26437001408749,10.069897499472646,32.421726844944452,22788.661366267224,34798.020857764917,-7.3370436014966543e-07,1.5677082302873644e-16,1.0095525824050963e-14
1292,0.00029625360816262758,9.533919616055254,734.2066829896479,723.44200959861871,10.069385349597557,32.427038092612193,22811.386178120661,34821.088701229535,-7.3449787918227096e-07,1.5677082302873644e-16,1.0095525824050963e-14
1293,0.0002962016862398056,9.5373822644873005,734.07557387666998,723.61919338781763,10.068887672070272,32.432354488980764,22834.116563510135,34844.152424831736,-7.3529291648403359e-07,1.5677082302873644e-16,1.0095525824050963e-14
1294,0.00029614979345052588,9.5408628950412897,733.94452519599633,723.79592762396794,10.068404442827136,32.437676019847373,22856.852508215245,34867.212030468741,-7.3608656805564203e-07,1.5677082302873644e-16,1.0095525824050963e-14
1295,0.00029609792975640993,9.5443612697799605,733.81353702540059,723.97221825550093,10.067935638086254,32.443002671286891,22879.593998207038,34890.267520040325,-7.3687958448639696e-07,1.5677082302873644e-16,1.0095525824050963e-14
1296,0.00029604609511934117,9.547877161649307,733.68260943554696,724.14807095876745,10.067481234334975,32.448334429638059,22902.341019639101,34913.318895448581,-7.376751767080377e-07,1.5677082302873644e-16,1.0095525824050963e-14
1297,0.00029599428950144679,9.5514103536948447,733.55174249050083,724.32349115762884,10.067041208317701,32.453671281490891,22925.09355883934,34936.366158597753,-7.384698753377692e-07,1.5677082302873644e-16,1.0095525824050963e-14
1298,0.00029594251286507739,9.5549606383526271,733.4209362481829,724.49848404118438,10.066615537024701,32.459013213676471,22947.851602302322,34959.409311393953,-7.392645610623873e-07,1.5677082302873644e-16,1.0095525824050963e-14
1299,0.00029589076517280575,9.558527816807187,733.2901907608217,724.67305457982047,10.066204197682039,32.464360213255404,22970.615136682158,34982.448355745073,-7.4005681434751481e-07,1.5677082302873644e-16,1.0095525824050963e-14
1300,0.00029583904638741024,9.5621116984085468,733.15950607532648,724.8472075397865,10.065807167741688,32.469712267508541,22993.38414878587,35005.483293560523,-7.408521791601295e-07,1.5677082302873644e-16,1.0095525824050963e-14
1301,0.00029578735647186097,9.5657121001402761,733.02888223363186,725.02094749649314,10.065424424872452,32.475069363927084,23016.158625567179,35028.514126751121,-7.4164846651396188e-07,1.5677082302873644e-16,1.0095525824050963e-14
1302,0.00029573569538931166,9.5693288461353081,732.89831927302123,725.19427884661741,10.065055946951848,32.480431490205049,23038.938554120719,35051.540857228945,-7.4244240792744249e-07,1.5677082302873644e-16,1.0095525824050963e-14
1303,0.00029568406310309772,9.5729617672315861,732.7678172264375,725.36720581921043,10.064701712057818,32.485798634229695,23061.723921676577,35074.563486907129,-7.4323367588971939e-07,1.5677082302873644e-16,1.0095525824050963e-14
1304,0.0002956324595767208,9.576610700565368,732.63737612273496,725.53973248586578,10.064361698461582,32.491170784075585,23084.514715595215,35097.582017699831,-7.4402685032091726e-07,1.5677082302873644e-16,1.0095525824050963e-14
1305,0.0002955808847738444,9.580275489197593,732.50699598693359,725.71186277006018,10.064035884620578,32.496547927996261,23107.310923362646,35120.596451522018,-7.4482096752297019e-07,1.5677082302873644e-16,1.0095525824050963e-14
1306,0.00029552933865828349,9.5839559817700302,732.37667684043765,725.88360045574927,10.063724249171788,32.501930054418075,23130.112532585939,35143.606790289414,-7.4561542269948049e-07,1.5677082302873644e-16,1.0095525824050963e-14
1307,0.00029547782119400775,9.5876520321872842,732.24641870127027,726.05494919531793,10.063426770925739,32.507317151933414,23152.919530988951,35166.613035918344,-7.4641069403721937e-07,1.5677082302873644e-16,1.0095525824050963e-14
1308,0.00029542633234512635,9.5913634993244923,732.11622158424393,726.22591251688766,10.063143428860538,32.512709209295807,23175.731906408309,35189.615190325625,-7.4720226300254763e-07,1.5677082302873644e-16,1.0095525824050963e-14
1309,0.00029537487207588692,9.5950902467553334,731.98608550115057,726.39649383111669,10.062874202116374,32.518106215412665,23198.549646789612,35212.613255428536,-7.4799452326341222e-07,1.5677082302873644e-16,1.0095525824050963e-14
1310,0.00029532344035066902,9.59883214250147,731.85601046092529,726.56669643746329,10.062619069990165,32.523508159341368,23221.372740183859,35235.607233144663,-7.4878767432589117e-07,1.5677082302873644e-16,1.0095525824050963e-14
1311,0.00029527203713398644,9.6025890587984204,731.72599646981655,726.73652353003956,10.062378011930999,32.5289150302834,23244.201174744019,35258.597125391832,-7.4957966950874994e-07,1.5677082302873644e-16,1.0095525824050963e-14
1312,0.00029522066239047055,9.6063608718792697,731.5960435315011,726.90597820301832,10.062151007534869,32.53432681758003,23267.034938721848,35281.582934088008,-7.5037105431462147e-07,1.5677082302873644e-16,1.0095525824050963e-14
1313,0.00029516931608487693,9.6101474617720033,731.46615164724312,727.07506345570005,10.06193803654083,32.53974351070763,23289.874020464777,35304.564661151264,-7.5116530021902199e-07,1.5677082302873644e-16,1.0095525824050963e-14
1314,0.00029511799818207878,9.6139487121121832,731.33632081601218,727.24378219719551,10.061739078826353,32.545165099273063,23312.718408413049,35327.542308499651,-7.5195905363639054e-07,1.5677082302873644e-16,1.0095525824050963e-14
1315,0.00029506670864706439,9.6177645099661415,731.2065510346024,727.4121372508464,10.061554114403323,32.550591573009967,23335.56809109695,35350.515878051148,-7.5275218412044533e-07,1.5677082302873644e-16,1.0095525824050963e-14
1316,0.00029501544744493086,9.6215947456672772,731.07684229773395,727.58013135831811,10.061383123414601,32.556022921774712,23358.423057134158,35373.48537172364,-7.5354732640704984e-07,1.5677082302873644e-16,1.0095525824050963e-14
1317,0.00029496421454088602,9.6254393126627651,730.94719459816667,727.74776718343105,10.061226086129752,32.561459135542577,23381.283295227247,35396.450791434763,-7.543419891117358e-07,1.5677082302873644e-16,1.0095525824050963e-14
1318,0.00029491300990023905,9.6292981073684256,730.81760792678028,727.91504731578925,10.061082982942258,32.566900204404746,23404.148794161316,35419.412139101943,-7.5513645021762263e-07,1.5677082302873644e-16,1.0095525824050963e-14
1319,0.00029486183348840665,9.6331710290348997,730.68808227268539,728.08197427412756,10.06095379436556,32.572346118563665,23427.019542801685,35442.369416642265,-7.5592826577525365e-07,1.5677082302873644e-16,1.0095525824050963e-14
1320,0.00029481068527090524,9.6370579796197937,730.55861762329471,728.24855050950521,10.060838501030389,32.577796868331674,23449.895530091737,35465.322625972454,-7.5672129162325355e-07,1.5677082302873644e-16,1.0095525824050963e-14
1321,0.00029475871106277561,9.6408634414814447,730.4271639956379,728.3025806296306,10.06073448989557,32.583249802695022,23472.774975298369,35488.271736541858,-7.5751527244964815e-07,1.5677082302873644e-16,1.0095525824050963e-14
1322,0.00029470677158537371,9.6446048723531685,730.29584209246093,728.3582115245041,10.06063921844134,32.588702345088855,23495.6561466971,35511.216719574062,-7.5830834224479113e-07,1.5677082302873644e-16,1.0095525824050963e-14
1323,0.00029465486449133376,9.6483101269320333,730.16462662051561,728.41474682669923,10.06055273585652,32.594154558129048,23518.539080875809,35534.157578710925,-7.5910024151126622e-07,1.5677082302873644e-16,1.0095525824050963e-14
1324,0.00029460298890989292,9.6519890613335999,730.03350852619633,728.47194013332683,10.060475073396882,32.599606485458473,23541.423801955429,35557.094317138588,-7.5989257292464813e-07,1.5677082302873644e-16,1.0095525824050963e-14
1325,0.00029455114432282327,9.6556473331123414,729.902482565333,728.52965000552479,10.060406253925688,32.605058161830478,23564.310328220265,35580.02693782789,-7.6068614288013362e-07,1.5677082302873644e-16,1.0095525824050963e-14
1326,0.00029449933036932276,9.6592887312155575,729.77154519088629,728.58778171961114,10.060346295089474,32.610509616470409,23587.19867432538,35602.955443614446,-7.614788666787216e-07,1.5677082302873644e-16,1.0095525824050963e-14
1327,0.00029444754677553911,9.6629160150923479,729.64069379158525,728.64626628935798,10.060295210889592,32.615960874734718,23610.088852388897,35625.879837238441,-7.6226935893904456e-07,1.5677082302873644e-16,1.0095525824050963e-14
1328,0.00029439579332175055,9.6665313048528905,729.50992633774274,728.70505071201114,10.060253012600896,32.621411959083986,23632.980872630447,35648.800121367763,-7.6306276601107123e-07,1.5677082302873644e-16,1.0095525824050963e-14
1329,0.00029434406982467831,9.6701362912959077,729.3792411905157,728.76409271760235,10.060219709364365,32.62686288970864,23655.874743783232,35671.71629861305,-7.638537779638004e-07,1.5677082302873644e-16,1.0095525824050963e-14
1330,0.00029429237612698848,9.6737323605153325,729.24863698871502,728.82335765378343,10.060195308596567,32.632313684962874,23678.770473378445,35694.62837153807,-7.6464727293011323e-07,1.5677082302873644e-16,1.0095525824050963e-14
1331,0.00029424071209059903,9.6773206731806738,729.11811257674538,728.88281650381646,10.060179816285627,32.637764361676368,23701.668067951276,35717.536342667168,-7.6544018646874749e-07,1.5677082302873644e-16,1.0095525824050963e-14
1332,0.00029418907759219025,9.6809022177203445,728.98766695626011,728.94244455699152,10.060173237214277,32.643214935391555,23724.567533195797,35740.440214490969,-7.6623415787789713e-07,1.5677082302873644e-16,1.0095525824050963e-14
1333,0.00029413747252005925,9.6844778475118307,728.85729925233375,729.00222047887087,10.060175575132373,32.648665420545257,23747.468874084818,35763.339989470784,-7.6702605609801166e-07,1.5677082302873644e-16,1.0095525824050963e-14
1334,0.00029408589677185467,9.688048307775933,728.72700868902098,729.06212563893496,10.060186832893153,32.654115830612596,23770.372094964867,35786.235670041999,-7.67820599517595e-07,1.5677082302873644e-16,1.0095525824050963e-14
1335,0.00029403435025287318,9.6916142555706593,728.59679457113498,729.12214361073359,10.060207012563884,32.65956617822529,23793.277199632899,35809.127258616943,-7.6861465637952291e-07,1.5677082302873644e-16,1.0095525824050963e-14
1336,0.00029398283287477618,9.6951762750044566,728.46665627041341,729.18225979155534,10.060236115516428,32.665016475265865,23816.184191399345,35832.014757587203,-7.6940768920325978e-07,1.5677082302873644e-16,1.0095525824050963e-14
1337,0.00029393134455458456,9.6987348890434095,728.33659321475693,729.24246110724823,10.060274142502642,32.670466732948846,23839.093073140539,35854.898169325526,-7.7020024209629132e-07,1.5677082302873644e-16,1.0095525824050963e-14
1338,0.00029387988521389024,9.7022905688334315,728.2066048797451,729.30273577916421,10.060321093718064,32.675916961887211,23862.003847342978,35877.77749618746,-7.7099354278832889e-07,1.5677082302873644e-16,1.0095525824050963e-14
1339,0.00029382845477821817,9.7058437411681666,728.07669078182232,729.36307313746249,10.060376968855993,32.681367172149073,23884.916516140969,35900.652740512705,-7.7178776602158404e-07,1.5677082302873644e-16,1.0095525824050963e-14
1340,0.00029377705317650807,9.7093947945537682,727.94685047276391,729.42346346948932,10.060441767154042,32.686817373309623,23907.831081348992,35923.523904626396,-7.7258023625213228e-07,1.5677082302873644e-16,1.0095525824050963e-14
1341,0.00029372568034069529,9.7129440841871517,727.81708353514841,729.48389789532143,10.060515487434561,32.692267574490806,23930.747544489772,35946.390990840031,-7.733754350422064e-07,1.5677082302873644e-16,1.0095525824050963e-14
1342,0.00029367433620535068,9.7164919360892892,727.68738957856726,729.5443682644343,10.060598128139789,32.697717784400027,23953.665906818784,35969.254001452427,-7.7416626457941305e-07,1.5677082302873644e-16,1.0095525824050963e-14
1343,0.00029362302070739345,9.7200386505647138,727.55776823648807,729.60486706921563,10.060689687362794,32.703168011362948,23976.586169345723,35992.112938750572,-7.7495952306824175e-07,1.5677082302873644e-16,1.0095525824050963e-14
1344,0.00029357173378582779,9.7235845051250465,727.42821916355206,729.66538737187398,10.06079016287485,32.708618263352015,23999.508332853555,36014.967805010201,-7.757535398196819e-07,1.5677082302873644e-16,1.0095525824050963e-14
1345,0.00029352047538153971,9.7271297569753497,727.29874203332679,729.72592274228293,10.060899552149529,32.714068548012854,24022.432397915414,36037.818602496576,-7.7654819554863088e-07,1.5677082302873644e-16,1.0095525824050963e-14
1346,0.0002934692454371099,9.730674645145017,727.16933653634806,729.78646720470795,10.061017852384692,32.719518872685988,24045.358364909698,36060.665333464931,-7.7734275012939351e-07,1.5677082302873644e-16,1.0095525824050963e-14
1347,0.00029341804389665513,9.7342193923262723,727.04000237843616,729.84701519184318,10.061145060521817,32.724969244428991,24068.286234033589,36083.508000161026,-7.7813911107725111e-07,1.5677082302873644e-16,1.0095525824050963e-14
1348,0.00029336687070568863,9.7377642064669327,726.91073927923378,729.90756150499328,10.06128117326349,32.730419670034081,24091.216005315247,36106.346604821621,-7.7893216308426481e-07,1.5677082302873644e-16,1.0095525824050963e-14
1349,0.00029331572581100314,9.7413092821604614,726.78154697093987,729.96810127932179,10.061426187089163,32.735870156044967,24114.147678624864,36129.181149674834,-7.7972843578904946e-07,1.5677082302873644e-16,1.0095525824050963e-14
1350,0.0002932646091605626,9.7448548018641592,726.65242519718652,730.02862995339603,10.061580098269895,32.741320708772427,24137.08125368461,36152.011636940588,-7.8052219025277857e-07,1.5677082302873644e-16,1.0095525824050963e-14
1351,0.00029321352070340879,9.7484009369710396,726.52337371205533,730.08914324239083,10.06174290288082,32.746771334308242,24160.016730077776,36174.838068830897,-7.813125611352777e-07,1.5677082302873644e-16,1.0095525824050963e-14
1352,0.00029316246038957978,9.7519478487573412,726.3943922792098,730.14963711439998,10.061914596813553,32.752222038537113,24182.954107257065,36197.66044755021,-7.8210549490354923e-07,1.5677082302873644e-16,1.0095525824050963e-14
1353,0.00029311142817003662,9.7554956892244657,726.26548067112333,730.2101077693884,10.062095175786949,32.757672827149442,24205.893384552208,36220.478775295669,-7.8290028910087765e-07,1.5677082302873644e-16,1.0095525824050963e-14
1354,0.00029306042399659195,9.759044601848057,726.13663866837521,730.27055162046531,10.062284635357395,32.763123705650578,24228.834561176958,36243.293054257447,-7.8369618965009361e-07,1.5677082302873644e-16,1.0095525824050963e-14
1355,0.00029300944782186011,9.7625947222484797,726.00786605905705,730.33096527712132,10.062482970927416,32.768574679372115,24251.7776362355,36266.103286618891,-7.8449028173949329e-07,1.5677082302873644e-16,1.0095525824050963e-14
1356,0.00029295849959919541,9.766146178791546,725.8791626381975,730.39134553021142,10.062690177755011,32.774025753479734,24274.722608728389,36288.909474556836,-7.8528550564222066e-07,1.5677082302873644e-16,1.0095525824050963e-14
1357,0.00029290757928264856,9.7696990931297076,725.7505282072741,730.45168933842388,10.062906250960772,32.779476932981545,24297.669477558033,36311.711620241753,-7.8607992977670138e-07,1.5677082302873644e-16,1.0095525824050963e-14
1358,0.00029285668682692772,9.7732535806897687,725.62196257377389,730.5119938160891,10.063131185535706,32.784928222737555,24320.618241533768,36334.509725838005,-7.8687463887003841e-07,1.5677082302873644e-16,1.0095525824050963e-14
1359,0.00029280582218734445,9.7768097511146568,725.49346555074953,730.57225622213377,10.063364976347653,32.790379627464482,24343.568899376565,36357.303793503954,-7.876694662021175e-07,1.5677082302873644e-16,1.0095525824050963e-14
1360,0.00029275498531979678,9.7803677086636007,725.36503695649606,730.6324739500767,10.063607618147895,32.795831151744252,24366.52144972343,36380.093825392221,-7.8846649542557938e-07,1.5677082302873644e-16,1.0095525824050963e-14
1361,0.00029270417618072043,9.7839275525770493,725.23667661417301,730.69264451890717,10.063859105576764,32.801282800028559,24389.475891131486,36402.879823649746,-7.8925922410718324e-07,1.5677082302873644e-16,1.0095525824050963e-14
1362,0.00029265339472707002,9.787489377407562,725.10838435152573,730.75276556481106,10.06411943316901,32.806734576646683,24412.432222081756,36425.661790418009,-7.9005345501374914e-07,1.5677082302873644e-16,1.0095525824050963e-14
1363,0.00029260264091628466,9.7910532733243496,724.98016000058601,730.81283483355787,10.064388595359382,32.812186485809505,24435.390440982748,36448.439727833167,-7.9084676337909735e-07,1.5677082302873644e-16,1.0095525824050963e-14
1364,0.00029255191470626516,9.7946193263897179,724.85200339742084,730.87285017359034,10.064666586486904,32.817638531615074,24458.350546173784,36471.213638026129,-7.9164212051840129e-07,1.5677082302873644e-16,1.0095525824050963e-14
1365,0.00029250121605535207,9.7981876188146497,724.72391438189902,730.93280952963369,10.064953400799672,32.823090718052832,24481.312535928111,36493.983523122733,-7.924374260372515e-07,1.5677082302873644e-16,1.0095525824050963e-14
1366,0.00029245054492230241,9.8017582291921315,724.59589279746842,730.99271093686355,10.065249032458917,32.828543049009156,24504.276408455858,36516.749385243849,-7.932329362939825e-07,1.5677082302873644e-16,1.0095525824050963e-14
1367,0.00029239990126626782,9.8053312327128825,724.46793849095116,731.05255251551148,10.065553475542917,32.833995528270655,24527.242161906772,36539.511226505449,-7.9402560603060877e-07,1.5677082302873644e-16,1.0095525824050963e-14
1368,0.00029234928504678529,9.8089067013641138,724.34005131237973,731.112332465897,10.065866724050993,32.839448159528246,24550.2097943728,36562.269049018774,-7.9481824925943435e-07,1.5677082302873644e-16,1.0095525824050963e-14
1369,0.0002922986962237499,9.812484704112368,724.21223111480197,731.17204906385757,10.066188771906484,32.844900946381685,24573.179303890582,36585.022854890412,-7.9561701055839242e-07,1.5677082302873644e-16,1.0095525824050963e-14
1370,0.00029224813475740071,9.8160653070746307,724.08447775412435,731.23170065646764,10.066519612960677,32.850353892341516,24596.150688443686,36607.772646222358,-7.96413271753211e-07,1.5677082302873644e-16,1.0095525824050963e-14
1371,0.00029219760060831217,9.8196485736743124,723.95679108898253,731.29128565814221,10.06685924099542,32.855807000834325,24619.123945964835,36630.51842511211,-7.9720603356956564e-07,1.5677082302873644e-16,1.0095525824050963e-14
1372,0.00029214709373737602,9.8232345647881569,723.82917098059158,731.35080254696265,10.067207649726448,32.861260275204408,24642.099074337948,36653.260193652808,-7.9799949854020935e-07,1.5677082302873644e-16,1.0095525824050963e-14
1373,0.00029209661410578764,9.8268233388815585,723.70161729261815,731.41024986129446,10.06756483280571,32.866713718717271,24665.076071400079,36675.997953933227,-7.9879246474565799e-07,1.5677082302873644e-16,1.0095525824050963e-14
1374,0.00029204616167503834,9.830414952134749,723.57412989107138,731.46962619663122,10.067930783824529,32.872167334562711,24688.054934943291,36698.731708037922,-7.9958793279918013e-07,1.5677082302873644e-16,1.0095525824050963e-14
1375,0.00029199573640689746,9.8340094585608799,723.44670864417674,731.52893020264469,10.068305496315904,32.87762112585667,24711.03566271636,36721.461458047263,-8.0038188781534792e-07,1.5677082302873644e-16,1.0095525824050963e-14
1376,0.00029194533826340828,9.8376069101151469,723.31935342228758,731.58816058045454,10.068688963756555,32.883075095644806,24734.018252426456,36744.187206037532,-8.0117809076276258e-07,1.5677082302873644e-16,1.0095525824050963e-14
1377,0.00029189496720687487,9.8412073567980158,723.19206409778144,731.64731608004945,10.069081179569805,32.888529246904525,24757.00270174073,36766.908954080951,-8.0196869184458263e-07,1.5677082302873644e-16,1.0095525824050963e-14
1378,0.00029184462319985509,9.8448108467506241,723.06484054497389,731.7063954979011,10.069482137127061,32.893983582546596,24779.989008287786,36789.626704245755,-8.02762536295319e-07,1.5677082302873644e-16,1.0095525824050963e-14
1379,0.0002917943062051494,9.8484174263445468,722.93768264002892,731.76539767471968,10.069891829750475,32.899438105418241,24802.977169659127,36812.340458596271,-8.0355674278680543e-07,1.5677082302873644e-16,1.0095525824050963e-14
1380,0.0002917440161857959,9.8520271402658359,722.8105902608869,731.82432149335409,10.070310250714362,32.904892818305008,24825.967183410499,36835.050219192999,-8.0435162348327257e-07,1.5677082302873644e-16,1.0095525824050963e-14
1381,0.00029169515631610933,9.8556282406397351,722.68704795297276,731.87304398400659,10.07073707267797,32.910347483802489,24848.958887161509,36857.756042904373,-8.0514594716714061e-07,1.5677082302873644e-16,1.0095525824050963e-14
1382,0.00029164631246823147,9.859222968345696,722.56355057842745,731.92192579135758,10.071171978017247,32.915801871206568,24871.952124531497,36880.457986090274,-8.0594330145994645e-07,1.5677082302873644e-16,1.0095525824050963e-14
1383,0.00029159748841640909,9.8628148239017097,722.44010506626034,731.97087940245729,10.071614969331772,32.921255989673924,24894.946898808539,36903.156050297614,-8.0673952324185104e-07,1.5677082302873644e-16,1.0095525824050963e-14
1384,0.00029154868550279849,9.8664050771474177,722.31671386276207,732.01987307131446,10.072066046670512,32.926709846573168,24917.943211697457,36925.850237198436,-8.075362483231799e-07,1.5677082302873644e-16,1.0095525824050963e-14
1385,0.00029149990448917396,9.8699944764023417,722.19337833715861,732.06888808994142,10.072525208860963,32.932163448403003,24940.941064142215,36948.540548522105,-8.0833162848241598e-07,1.5677082302873644e-16,1.0095525824050963e-14
1386,0.00029145114587831997,9.8735835370728804,722.07009937823204,732.11791157317805,10.072992453952629,32.937616801100184,24963.94045660046,36971.22698603262,-8.0912496300677789e-07,1.5677082302873644e-16,1.0095525824050963e-14
1387,0.00029140241003011984,9.8771726456262137,721.9468776099975,732.16693385934457,10.073467779437756,32.943069910192335,24986.94138917997,36993.909551517398,-8.0991833659526711e-07,1.5677082302873644e-16,1.0095525824050963e-14
1388,0.00029135369721561608,9.8807621079655572,721.82371349216521,732.2159473008611,10.073951182380892,32.948522780887011,25009.943861718821,37016.58824678071,-8.1071443316269255e-07,1.5677082302873644e-16,1.0095525824050963e-14
1389,0.00029130500764613416,9.884352175494092,721.70060737425615,732.26494561264758,10.074442659502816,32.953975418130895,25032.947873837496,37039.263073639413,-8.1151112197018908e-07,1.5677082302873644e-16,1.0095525824050963e-14
1390,0.00029125634149057767,9.887943060599282,721.57755952773311,732.31392348501799,10.074942207238902,32.959427826650654,25055.953424975134,37061.934033920072,-8.1230491131260319e-07,1.5677082302873644e-16,1.0095525824050963e-14
1391,0.0002912076988864411,9.8915349465208759,721.45457016645264,732.36287633697805,10.075449821782419,32.964880010982966,25078.960514416012,37084.601129456816,-8.1309974945707458e-07,1.5677082302873644e-16,1.0095525824050963e-14
1392,0.00029115907994720379,9.8951279939847883,721.33163946039042,732.41180015038037,10.075965499116158,32.97033197549689,25101.969141309695,37107.26436208978,-8.1389413487621498e-07,1.5677082302873644e-16,1.0095525824050963e-14
1393,0.00029111048476749028,9.8987223458550222,721.20876754520327,732.4606913536245,10.076489235038407,32.975783724412445,25124.979304686767,37129.923733663891,-8.1468996636563472e-07,1.5677082302873644e-16,1.0095525824050963e-14
1394,0.00029106191342682502,9.9023181305065844,721.0859545291961,732.50954673733531,10.077021025182852,32.981235261814284,25147.991003471507,37152.579246027883,-8.1548629348116798e-07,1.5677082302873644e-16,1.0095525824050963e-14
1395,0.00029101336599240984,9.9059154643439022,720.96320049845724,732.55836339140239,10.077560865035398,32.986686591663876,25171.004236492179,37175.230901033523,-8.1628026768061238e-07,1.5677082302873644e-16,1.0095525824050963e-14
1396,0.00029096484252124022,9.9095144537232631,720.84050552076951,732.60713865691844,10.078108749947845,32.992137717809726,25194.019002489709,37197.878700535002,-8.1707819293749147e-07,1.5677082302873644e-16,1.0095525824050963e-14
1397,0.00029091634306175745,9.9131151964535764,720.71786964866294,732.65587008866055,10.078664675149739,32.997588643995627,25217.03530012491,37220.522646388396,-8.1787327244246297e-07,1.5677082302873644e-16,1.0095525824050963e-14
1398,0.00029086786765514184,9.9167177829856872,720.59529292179479,732.70455542535785,10.079228635757987,33.00303937386731,25240.053127984746,37243.162740451196,-8.1866750090752099e-07,1.5677082302873644e-16,1.0095525824050963e-14
1399,0.00029081941633636143,9.9203222973714258,720.47277536888168,732.75319256571424,10.079800626785921,33.008489910979669,25263.072484587701,37265.79898458199,-8.1946061813767549e-07,1.5677082302873644e-16,1.0095525824050963e-14
1400,0.00029077098913501525,9.9239288180473526,720.35031700924571,732.80177954881628,10.080380643150393,33.013940258801519,25286.093368388501,37288.431380640119,-8.2025680783118986e-07,1.5677082302873644e-16,1.0095525824050963e-14
1401,0.00029072258607602174,9.9275374184824692,720.22791785407037,732.85031453793817,10.080968679678559,33.019390420720853,25309.115777782259,37311.059930485368,-8.210511227953866e-07,1.5677082302873644e-16,1.0095525824050963e-14
1402,0.00029067420718021498,9.9311481677189537,720.10557790750249,732.89879580702609,10.081564731113682,33.024840400048809,25332.139711108153,37333.684635977806,-8.2184894725286613e-07,1.5677082302873644e-16,1.0095525824050963e-14
1403,0.00029062585246481475,9.9347611308292851,719.98329716749993,732.94722172926788,10.082168792120546,33.03029020002419,25355.165166652729,37356.30549897749,-8.2264415441382466e-07,1.5677082302873644e-16,1.0095525824050963e-14
1404,0.00029057752194383752,9.9383763693051996,719.86107562657855,732.99559076737012,10.082780857289821,33.035739823816684,25378.192142652835,37378.922521344357,-8.2343869329917891e-07,1.5677082302873644e-16,1.0095525824050963e-14
1405,0.00029052921562845068,9.9419939413912424,719.73891327245906,733.04390146521882,10.083400921142482,33.041189274529479,25401.220637298342,37401.535704938018,-8.2423424471275822e-07,1.5677082302873644e-16,1.0095525824050963e-14
1406,0.00029048093352726485,9.9456139023731289,719.61681008859102,733.09215244067184,10.08402897813378,33.046638555203479,25424.250648734531,37424.145051617619,-8.25029479079091e-07,1.5677082302873644e-16,1.0095525824050963e-14
1407,0.00029043267564659968,9.9492363048297481,719.49476605463599,733.14034237925637,10.084665022656392,33.052087668818338,25447.28217506436,37446.750563241752,-8.2582769103876062e-07,1.5677082302873644e-16,1.0095525824050963e-14
1408,0.00029038444199069928,9.952861198851533,719.37278114684852,733.18847002871166,10.08530904904412,33.05753661829656,25470.315214350478,37469.352241668312,-8.2662372900999536e-07,1.5677082302873644e-16,1.0095525824050963e-14
1409,0.00029033623256193616,9.9564886322356738,719.25085533844731,733.23653419410812,10.085961051574392,33.06298540650446,25493.349764617102,37491.950088754347,-8.2742099680366258e-07,1.5677082302873644e-16,1.0095525824050963e-14
1410,0.0002902880473609732,9.9601186506565451,719.12898859989684,733.28453373358627,10.086621024471214,33.068434036255653,25516.38582385175,37514.544106356116,-8.2821665529480466e-07,1.5677082302873644e-16,1.0095525824050963e-14
1411,0.00029023988638692683,9.9637512978188933,719.00718089920565,733.33246755452762,10.087288961907621,33.073882510310952,25539.423390006861,37537.134296328812,-8.2901367265951369e-07,1.5677082302873644e-16,1.0095525824050963e-14
1412,0.00029019174963749197,9.9673866155935489,718.88543220214069,733.3803346101613,10.087964858008213,33.079330831382784,25562.462461001258,37559.720660526647,-8.2980897538806913e-07,1.5677082302873644e-16,1.0095525824050963e-14
1413,0.00029014363710906226,9.971024644140499,718.76374247244041,733.42813389648745,10.08864870685079,33.084779002134674,25585.503034721572,37582.303200802722,-8.3060578696853671e-07,1.5677082302873644e-16,1.0095525824050963e-14
1414,0.0002900955487968364,9.9746654220189477,718.64211167200119,733.47586444952628,10.089340502469266,33.090227025183708,25608.545109023536,37604.881919008942,-8.3140354131985936e-07,1.5677082302873644e-16,1.0095525824050963e-14
1415,0.00029004748469491976,9.9783089862864518,718.52053976105958,733.52352534283864,10.090040238854497,33.095674903103117,25631.588681733174,37627.456816996004,-8.3220023919581387e-07,1.5677082302873644e-16,1.0095525824050963e-14
1416,0.00028999944479639626,9.9819553725905017,718.39902669830769,733.57111568523737,10.09074790995717,33.101122638421543,25654.633750647972,37650.027896613348,-8.3299642784296779e-07,1.5677082302873644e-16,1.0095525824050963e-14
1417,0.00028995142909341986,9.9856046152499474,718.27757244106169,733.61863461875134,10.091463509688392,33.106570233626101,25677.680313537956,37672.595159709061,-8.3379459550670744e-07,1.5677082302873644e-16,1.0095525824050963e-14
1418,0.00028990343757727118,9.989256747330753,718.15617694535069,733.66608131673104,10.092187031922274,33.112017691163061,25700.728368146683,37695.158608129888,-8.3458891151726473e-07,1.5677082302873644e-16,1.0095525824050963e-14
1419,0.00028985547023842708,9.9929118007148716,718.03484016604011,733.71345498212827,10.09291847049664,33.117465013438348,25723.777912192214,37717.718243721167,-8.3538667284432436e-07,1.5677082302873644e-16,1.0095525824050963e-14
1420,0.00028980752706661908,9.9965698061637003,717.91356205693239,733.76075484590751,10.093657819214902,33.122912202820558,25746.828943368007,37740.274068326828,-8.3618374810765043e-07,1.5677082302873644e-16,1.0095525824050963e-14
1421,0.00028975960805088292,10.000230793376133,717.79234257084943,733.80798016559675,10.094405071847053,33.128359261640306,25769.8814593438,37762.826083789274,-8.3698095904906105e-07,1.5677082302873644e-16,1.0095525824050963e-14
1422,0.00028971171317960441,10.00389479104234,717.67118165970874,733.8551302239415,10.095160222131261,33.133806192191095,25792.935457766373,37785.374291949483,-8.3777684878588461e-07,1.5677082302873644e-16,1.0095525824050963e-14
1423,0.00028966384244056458,10.007561826893662,717.55007927460031,733.90220432765841,10.095923263774809,33.139252996732175,25815.990936260379,37807.918694646847,-8.3857340749588612e-07,1.5677082302873644e-16,1.0095525824050963e-14
1424,0.00028961599582097842,10.011231927748845,717.42903536584993,733.94920180627889,10.096694190455354,33.144699677488092,25839.047892429051,37830.459293719272,-8.393696142799562e-07,1.5677082302873644e-16,1.0095525824050963e-14
1425,0.00028956817330753497,10.014905119556715,717.30804988308978,733.99612201108209,10.097472995821855,33.150146236649256,25862.106323854885,37852.99609100302,-8.4016547890412661e-07,1.5677082302873644e-16,1.0095525824050963e-14
1426,0.00028952037488642538,10.018581427436253,717.18712277529858,734.04296431409364,10.09825967349585,33.15559267637385,25885.166228100337,37875.529088332827,-8.4096532981320339e-07,1.5677082302873644e-16,1.0095525824050963e-14
1427,0.0002894726005433776,10.022260875713515,717.06625399086295,734.08972810716216,10.099054217072272,33.161038998788072,25908.227602708441,37898.05828754176,-8.4176048081947911e-07,1.5677082302873644e-16,1.0095525824050963e-14
1428,0.00028942485026368605,10.025943487956766,716.94544347762542,734.13641280108072,10.099856620120336,33.166485205987037,25931.290445203456,37920.583690461302,-8.4255466952283626e-07,1.5677082302873644e-16,1.0095525824050963e-14
1429,0.00028937712403223371,10.029629287008605,716.82469118291726,734.18301782478488,10.100666876184539,33.171931300035226,25954.354753091382,37943.105298921262,-8.4335392435518673e-07,1.5677082302873644e-16,1.0095525824050963e-14
1430,0.00028932942183351946,10.033318295016823,716.70399705360455,734.22954262457938,10.101484978785543,33.177377282968017,25977.420523860546,37965.623114749804,-8.441519545969075e-07,1.5677082302873644e-16,1.0095525824050963e-14
1431,0.00028928174365168164,10.037010533462432,716.58336103612703,734.27598666343908,10.10231092142083,33.182823156791287,26000.487754982176,37988.137139773396,-8.4494909368822713e-07,1.5677082302873644e-16,1.0095525824050963e-14
1432,0.00028923408947051582,10.04070602318736,716.46278307652221,734.32234942031607,10.103144697565732,33.188268923483129,26023.556443910871,38010.647375816843,-8.4574403786390085e-07,1.5677082302873644e-16,1.0095525824050963e-14
1433,0.00028918645927349823,10.044404784418901,716.34226312046712,734.36863038952731,10.10398630067392,33.193714584993415,26046.626588085099,38033.153824703237,-8.4654234469359361e-07,1.5677082302873644e-16,1.0095525824050963e-14
1434,0.00028913885304380452,10.04810683679437,716.2218011133067,734.41482908014086,10.104835724178281,33.199160143245905,26069.698184927674,38055.656488253939,-8.4733938472944789e-07,1.5677082302873644e-16,1.0095525824050963e-14
1435,0.00028909127076431868,10.05181219938266,716.10139700006152,734.46094501543348,10.105692961491577,33.204605600137256,26092.771231846218,38078.155368288608,-8.4813593332463076e-07,1.5677082302873644e-16,1.0095525824050963e-14
1436,0.00028904371241766019,10.055520890706539,715.98105072547901,734.50697773233651,10.106558006007255,33.210050957538471,26115.84572623358,38100.650466625164,-8.4893398623749679e-07,1.5677082302873644e-16,1.0095525824050963e-14
1437,0.00028899617798619189,10.059232928761848,715.86076223403984,734.55292678095384,10.107430851099615,33.215496217294927,26138.921665468271,38123.14178507981,-8.4973277369546855e-07,1.5677082302873644e-16,1.0095525824050963e-14
1438,0.00028894866745203871,10.062948331037097,715.74053146998983,734.5987917240725,10.108311490125228,33.220941381228094,26161.999046914887,38145.629325466958,-8.5052990406711688e-07,1.5677082302873644e-16,1.0095525824050963e-14
1439,0.00028890118079709224,10.06666711453151,715.62035837733981,734.64457213671221,10.109199916422643,33.226386451134516,26185.077867924461,38168.113089599305,-8.5132764551332602e-07,1.5677082302873644e-16,1.0095525824050963e-14
1440,0.00028885371800303376,10.070389295771466,715.50024289991018,734.6902676057133,10.110096123313623,33.231831428786855,26208.158125834882,38190.593079287763,-8.521269655688174e-07,1.5677082302873644e-16,1.0095525824050963e-14
1441,0.00028880551645619519,10.074047204647689,715.37834234368904,734.65590321714092,10.110998264248563,33.237274433315399,26231.238556518056,38213.06926720019,-8.5292497871998255e-07,1.5677082302873644e-16,1.0095525824050963e-14
1442,0.00028875734466188188,10.077653303681059,715.25655177700662,734.6228340746402,10.111904542522794,33.242713636815225,26254.317930545531,38235.541627318584,-8.5372416798040535e-07,1.5677082302873644e-16,1.0095525824050963e-14
1443,0.0002887092005246809,10.081227430032305,715.13485241760645,734.59056424919231,10.112814999722392,33.248149092304395,26277.396278858356,38258.010162730076,-8.5452005388057358e-07,1.5677082302873644e-16,1.0095525824050963e-14
1444,0.00028866108327446052,10.08477665223637,715.01323751045152,734.55891702742395,10.113729664645422,33.253580839186206,26300.473623492988,38280.474876182605,-8.5531760000614691e-07,1.5677082302873644e-16,1.0095525824050963e-14
1445,0.000288612992457306,10.088305058793569,714.89170312541432,734.52779019682725,10.114648560059548,33.259008910440564,26323.54998228584,38302.93577026311,-8.5611509311611896e-07,1.5677082302873644e-16,1.0095525824050963e-14
1446,0.00028856492776038376,10.091815410910096,714.77024659144547,734.49711472724766,10.115571704952927,33.264433335019262,26346.625370440452,38325.392847456998,-8.5691418018199465e-07,1.5677082302873644e-16,1.0095525824050963e-14
1447,0.00028851688894869119,10.09530973775979,714.64886593210872,734.46683988933842,10.116499115649642,33.269854139033022,26369.699801303756,38347.846110177634,-8.5771376705942617e-07,1.5677082302873644e-16,1.0095525824050963e-14
1448,0.00028846887583559822,10.098789613296914,714.52755960294394,734.43692633424382,10.117430806461682,33.275271346445173,26392.773286820273,38370.29556078351,-8.5851386177051094e-07,1.5677082302873644e-16,1.0095525824050963e-14
1449,0.0002884208882669833,10.102256305295761,714.40632635003283,734.40734236760591,10.118366790110876,33.280684979520828,26415.845837825804,38392.741201589495,-8.5931350445383839e-07,1.5677082302873644e-16,1.0095525824050963e-14
1450,0.00028837292611180986,10.105710863797039,714.28516512603289,734.37806173840727,10.119307078020553,33.286095059137061,26438.917464250379,38415.183034874426,-8.6011426220872469e-07,1.5677082302873644e-16,1.0095525824050963e-14
1451,0.00028832498925613395,10.109154177400404,714.16407503674293,734.34906223165649,10.120251680527163,33.291501605008037,26461.988175265637,38437.621062886763,-8.6091581973185752e-07,1.5677082302873644e-16,1.0095525824050963e-14
1452,0.00028827707759907704,10.112587011043599,714.04305530522299,734.32032472390995,10.12120060703956,33.296904635854226,26485.057979395904,38460.055287848794,-8.6171560611536717e-07,1.5677082302873644e-16,1.0095525824050963e-14
1453,0.00028822919105000951,10.116010032434534,713.92210524669213,734.29183252246992,10.122153866163169,33.302304169535041,26508.126884604313,38482.485711959918,-8.6251329803384358e-07,1.5677082302873644e-16,1.0095525824050963e-14
1454,0.00028818132952652118,10.119423831177075,713.80122425038189,734.26357088723967,10.123111465798083,33.307700223152381,26531.19489836134,38504.912337399204,-8.6331499855958495e-07,1.5677082302873644e-16,1.0095525824050963e-14
1455,0.00028813349295290559,10.122828933001344,713.68041176601957,734.23552667496642,10.124073413218879,33.313092813136421,26554.26202770025,38527.335166327524,-8.6411287184722333e-07,1.5677082302873644e-16,1.0095525824050963e-14
1456,0.00028808568125900455,10.12622581059987,713.55966729353133,734.20768806833667,10.125039715140179,33.318481955314489,26577.328279262831,38549.754200889271,-8.6491093278218688e-07,1.5677082302873644e-16,1.0095525824050963e-14
1457,0.00028803789437931859,10.129614892045558,713.43899037506162,734.18004436552769,10.126010377771621,33.323867664970116,26600.393659337635,38572.169443213817,-8.6570991556079457e-07,1.5677082302873644e-16,1.0095525824050963e-14
1458,0.00028799013225230114,10.132996567445549,713.31838058865719,734.15258581386126,10.126985406864568,33.329249956892262,26623.458173892275,38594.580895416693,-8.6651039498377466e-07,1.5677082302873644e-16,1.0095525824050963e-14
1459,0.00028794239481978848,10.136371194278185,713.19783754319224,734.12530347637869,10.127964807751209,33.334628845417271,26646.521828601115,38616.98855960073,-8.6731125737471584e-07,1.5677082302873644e-16,1.0095525824050963e-14
1460,0.00028789468202654978,10.139739101731795,713.0773608742735,734.09818912337187,10.128948585379538,33.340004344465441,26669.584628869117,38639.392437856848,-8.6811046651598902e-07,1.5677082302873644e-16,1.0095525824050963e-14
1461,0.00028784699381990031,10.143100594272392,712.95695024083295,734.07123514319017,10.129936744342624,33.34537646757326,26692.646579852619,38661.792532264917,-8.6890826586081531e-07,1.5677082302873644e-16,1.0095525824050963e-14
1462,0.00028779933014939159,10.146455954609545,712.8366053223225,734.04443446809466,10.130929288905344,33.350745227920157,26715.70768647753,38684.188844894423,-8.6970788657057117e-07,1.5677082302873644e-16,1.0095525824050963e-14
1463,0.00028775169096655837,10.149805446184027,712.71632581637891,734.01778051206611,10.131926223026829,33.356110638354167,26738.767953455463,38706.581377805065,-8.7050963522889771e-07,1.5677082302873644e-16,1.0095525824050963e-14
1464,0.00028770407622468423,10.153149315272035,712.5961114367966,733.99126711819906,10.132927550381632,33.36147271141224,26761.827385297976,38728.970133047304,-8.7131128099510359e-07,1.5677082302873644e-16,1.0095525824050963e-14
1465,0.00028765648587862006,10.156487792779746,712.47596191184493,733.96488851383958,10.133933274377624,33.366831459342173,26784.885986329344,38751.355112662852,-8.7211189470102091e-07,1.5677082302873644e-16,1.0095525824050963e-14
1466,0.00028760891988462633,10.15982109578408,712.35587698281859,733.93863927206462,10.134943398172654,33.372186894117043,26807.94376069801,38773.736318685056,-8.7291243585927346e-07,1.5677082302873644e-16,1.0095525824050963e-14
1467,0.0002875613782002267,10.163149428863612,712.23585640276031,733.91251427840962,10.135957924689301,33.377539027453757,26831.000712386911,38796.113753139376,-8.7371595147178109e-07,1.5677082302873644e-16,1.0095525824050963e-14
1468,0.00028751386078409199,10.166472985256014,712.11589993537666,733.88650870193305,10.136976856628287,33.382887870824852,26854.05684522284,38818.487418043645,-8.7451809391046104e-07,1.5677082302873644e-16,1.0095525824050963e-14
1469,0.00028746636759593666,10.169791947869406,711.99600735408671,733.86061796993135,10.138000196480784,33.388233435473886,26877.112162884932,38840.857315408437,-8.7531921719396594e-07,1.5677082302873644e-16,1.0095525824050963e-14
1470,0.00028741889859642102,10.17310649017046,711.87617844116926,733.83483774573847,10.13902794653966,33.393575732424921,26900.166668912436,38863.223447237353,-8.7611943049257966e-07,1.5677082302873644e-16,1.0095525824050963e-14
1471,0.00028737145374707797,10.176416776969241,711.75641298704022,733.80916390910227,10.140060108909333,33.398914772495267,26923.220366711801,38885.585815527287,-8.7692056668119796e-07,1.5677082302873644e-16,1.0095525824050963e-14
1472,0.00028732403301023429,10.179722965113539,711.63671078958089,733.78359253882797,10.141096685515363,33.404250566304327,26946.273259563193,38907.944422268658,-8.7772234673034096e-07,1.5677082302873644e-16,1.0095525824050963e-14
1473,0.00028727663634895052,10.1830252041081,711.51707165356254,733.75811989729755,10.142137678113167,33.409583124282747,26969.325350626543,38930.299269445648,-8.7852590489484424e-07,1.5677082302873644e-16,1.0095525824050963e-14
1474,0.00028722926372696758,10.186323636667053,711.39749539013371,733.73274241665683,10.143183088295846,33.414912456681719,26992.376642947023,38952.650359036408,-8.7932537946291012e-07,1.5677082302873644e-16,1.0095525824050963e-14
1475,0.00028718191510864773,10.189618399209511,711.27798181633329,733.70745668642894,10.144232917501581,33.420238573579702,27015.42713946024,38974.997693013254,-8.801263311432849e-07,1.5677082302873644e-16,1.0095525824050963e-14
1476,0.00028713459045893704,10.192909622305161,711.15853075468988,733.68225944237099,10.145287167020589,33.425561484890622,27038.476842996992,38997.341273342827,-8.8092621727983346e-07,1.5677082302873644e-16,1.0095525824050963e-14
1477,0.00028708728974332362,10.196197431077247,711.03914203284137,733.65714755640215,10.14634583800137,33.43088120037018,27061.525756287661,39019.681101986294,-8.8172641732454689e-07,1.5677082302873644e-16,1.0095525824050963e-14
1478,0.0002870400129277966,10.19948194556679,710.91981548318233,733.63211802749697,10.147408931456543,33.436197729622151,27084.573881966407,39042.017180899478,-8.8252582841340609e-07,1.5677082302873644e-16,1.0095525824050963e-14
1479,0.00028699275997881487,10.202763281062362,710.8005509425592,733.60716797344094,10.148476448268763,33.441511082104476,27107.621222574984,39064.349512032997,-8.8332773960640466e-07,1.5677082302873644e-16,1.0095525824050963e-14
1480,0.00028694553086328154,10.206041548402096,710.68134825199888,733.58229462328075,10.149548389195701,33.44682126713414,27130.667780566357,39086.678097332413,-8.8412831843363699e-07,1.5677082302873644e-16,1.0095525824050963e-14
1481,0.00028689832554850851,10.209316854247859,710.56220725643232,733.55749531047024,10.150624754874549,33.452128293893374,27153.713558308114,39109.002938738362,-8.8492930185361511e-07,1.5677082302873644e-16,1.0095525824050963e-14
1482,0.00028685114400219935,10.212589301335894,710.44312780447899,733.53276746660254,10.151705545827374,33.45743217143356,27176.758558085625,39131.324038186634,-8.857308168247522e-07,1.5677082302873644e-16,1.0095525824050963e-14
1483,0.00028680398619241855,10.215858988708199,710.32410974821107,733.50810861562843,10.152790762464759,33.462732908680131,27199.802782105005,39153.641397608386,-8.8653394458628285e-07,1.5677082302873644e-16,1.0095525824050963e-14
1484,0.00028675685208757654,10.21912601192272,710.20515294297149,733.48351636859877,10.153880405090087,33.46803051443711,27222.846232495984,39175.955018930115,-8.8733698898775644e-07,1.5677082302873644e-16,1.0095525824050963e-14
1485,0.00028670974165641034,10.222390463249347,710.0862572471915,733.45898841876624,10.154974473903298,33.473324997390954,27245.888911314574,39198.264904073862,-8.8813735365986301e-07,1.5677082302873644e-16,1.0095525824050963e-14
1486,0.00028666265486796208,10.225652431848486,709.9674225222127,733.4345225371211,10.156072969004631,33.478616366114004,27268.930820545498,39220.571054957254,-8.88937208754382e-07,1.5677082302873644e-16,1.0095525824050963e-14
1487,0.0002866155916915671,10.228912003937547,709.84864863214432,733.41011656822786,10.157175890397959,33.483904629068768,27291.971962104646,39242.873473493586,-8.8974037209217132e-07,1.5677082302873644e-16,1.0095525824050963e-14
1488,0.00028656855209683435,10.232169262944977,709.72993544370729,733.38576842637553,10.158283237994068,33.489189794610816,27315.012337841323,39265.172161591945,-8.9054136388303375e-07,1.5677082302873644e-16,1.0095525824050963e-14
1489,0.00028652153605364058,10.23542428965173,709.61128282612242,733.36147609203999,10.159395011613418,33.494471870992278,27338.051949540295,39287.467121157286,-8.913442984166497e-07,1.5677082302873644e-16,1.0095525824050963e-14
1490,0.00028647454353210652,10.238677162324461,709.49269065095996,733.33723760855514,10.160511210989574,33.499750866365204,27361.090798923924,39309.75835409046,-8.9214877912237066e-07,1.5677082302873644e-16,1.0095525824050963e-14
1491,0.0002864275745025965,10.241927956838893,709.37415879205241,733.31305107902767,10.161631835771624,33.505026788783319,27384.128887654049,39332.045862288345,-8.9295204046926488e-07,1.5677082302873644e-16,1.0095525824050963e-14
1492,0.00028638062893569728,10.245176746793716,709.25568712536449,733.28891466349035,10.162756885526862,33.510299646206953,27407.166217333797,39354.329647643877,-8.9375465935078163e-07,1.5677082302873644e-16,1.0095525824050963e-14
1493,0.00028633370680221511,10.248423603618344,709.13727552891078,733.26482657620818,10.163886359743397,33.515569446503321,27430.202789509356,39376.60971204612,-8.945559420298769e-07,1.5677082302873644e-16,1.0095525824050963e-14
1494,0.00028628680807316184,10.251668596672305,709.01892388265298,733.24078508319235,10.165020257832486,33.520836197450379,27453.238605671646,39398.886057380354,-8.9535807609767243e-07,1.5677082302873644e-16,1.0095525824050963e-14
1495,0.0002862399327197507,10.254911793339911,708.90063206842353,733.2167884998355,10.166158579130636,33.526099906739518,27476.273667257872,39421.158685528098,-8.9616217871844828e-07,1.5677082302873644e-16,1.0095525824050963e-14
1496,0.00028619308071338217,10.258153259116936,708.78239996983109,733.19283518874329,10.16730132290218,33.531360581976934,27499.307975653086,39443.427598367198,-8.9696560190244076e-07,1.5677082302873644e-16,1.0095525824050963e-14
1497,0.00028614625202564198,10.261393057693333,708.6642274721986,733.16892355766663,10.168448488341038,33.536618230686138,27522.341532191585,39465.692797771881,-8.9776848725711075e-07,1.5677082302873644e-16,1.0095525824050963e-14
1498,0.00028609944662829159,10.264631251030499,708.54611446248532,733.14505205757075,10.169600074572719,33.541872860310548,27545.374338158359,39487.954285612788,-8.9857214552344003e-07,1.5677082302873644e-16,1.0095525824050963e-14
1499,0.00028605266449325872,10.267867899433709,708.42806082921493,733.12121918082391,10.170756080656467,33.547124478214855,27568.406394790356,39510.212063757033,-8.9937782779985856e-07,1.5677082302873644e-16,1.0095525824050963e-14
1500,0.00028600590559263803,10.271103061620996,708.31006646242747,733.09742345947507,10.171916505586895,33.552373091687684,27591.437703277825,39532.466134068229,-9.0018220805496685e-07,1.5677082302873644e-16,1.0095525824050963e-14
1501,0.00028595941392292585,10.274452590109831,708.19265711456455,733.20785191392076,10.173084495907123,33.557621868054426,27614.470381515905,39554.716506926117,-9.009858384183481e-07,1.5677082302873644e-16,1.0095525824050963e-14
1502,0.00028591294353006651,10.277895224675653,708.07523810789928,733.31595271644187,10.17426311203012,33.562873885623681,27637.506487981049,39576.963190980649,-9.0178847055376525e-07,1.5677082302873644e-16,1.0095525824050963e-14
1503,0.00028586649505285024,10.28139710357526,707.95783399611116,733.4225724106185,10.175452269371723,33.568129065331817,27660.545966199385,39599.206186411313,-9.0259151321130451e-07,1.5677082302873644e-16,1.0095525824050963e-14
1504,0.00028582006870494109,10.284946210770105,707.84045346695143,733.52801139741405,10.176651905345759,33.573387350862454,27683.58877487071,39621.445493837389,-9.0339527925277033e-07,1.5677082302873644e-16,1.0095525824050963e-14
1505,0.00028577366459863103,10.288535627193754,707.72310149971429,733.63244265348942,10.177861967697513,33.578648696577503,27706.634879820416,39643.681114083833,-9.0420088758637677e-07,1.5677082302873644e-16,1.0095525824050963e-14
1506,0.00028572728280102045,10.292160702909507,707.60578142212069,733.73598242726223,10.179082410618964,33.583913063498578,27729.684251319464,39665.913048103226,-9.0500572231075036e-07,1.5677082302873644e-16,1.0095525824050963e-14
1507,0.00028568092335432634,10.295818038659913,707.48849565141995,733.83871570016879,10.180313192825816,33.589180417316584,27752.736862757734,39688.141296937181,-9.0580953962388302e-07,1.5677082302873644e-16,1.0095525824050963e-14
1508,0.00028563458628532009,10.299505012293947,707.37124603903851,733.94070802598458,10.181554276432802,33.59445072722918,27775.792689868209,39710.365861693739,-9.0661397359216624e-07,1.5677082302873644e-16,1.0095525824050963e-14
1509,0.00028558827161042217,10.303219523816145,707.2540340561892,734.04201190459628,10.182805626227614,33.59972396518949,27798.851710225965,39732.586743532767,-9.0741812504310104e-07,1.5677082302873644e-16,1.0095525824050963e-14
1510,0.0002855419793387228,10.306959844110512,707.13686090401256,734.14267056390383,10.184067209169132,33.60500010538675,27821.913902902157,39754.803943655883,-9.0822033793672465e-07,1.5677082302873644e-16,1.0095525824050963e-14
1511,0.00028549570947390392,10.310724518676929,707.01972758367663,734.24272036641014,10.185338994024042,33.61027912387113,27844.979248213131,39777.017463299177,-9.0902504116845589e-07,1.5677082302873644e-16,1.0095525824050963e-14
1512,0.00028544946201552665,10.314512303043687,706.90263494341104,734.34219242390793,10.186620951093106,33.615560998269657,27868.047727531699,39799.227303727668,-9.0982831507167663e-07,1.5677082302873644e-16,1.0095525824050963e-14
1513,0.00028540323695993973,10.318322117590807,706.78558371143015,734.44111372689645,10.187913051999022,33.62084570756754,27891.119323140894,39821.433466231065,-9.1063281565824809e-07,1.5677082302873644e-16,1.0095525824050963e-14
1514,0.00028535703430092378,10.322153014873944,706.6685745197185,734.53950796148467,10.189215269518648,33.626133231934382,27914.194018117963,39843.635952120407,-9.1143862593944054e-07,1.5677082302873644e-16,1.0095525824050963e-14
1515,0.00028531085403018342,10.326004155321684,706.55160792175627,734.63739611695792,10.190527577446804,33.631423552582952,27937.27179624057,39865.834762725302,-9.1224141049471108e-07,1.5677082302873644e-16,1.0095525824050963e-14
1516,0.00028526469613770989,10.329874788738827,706.43468440598076,734.73479694819605,10.191849950484219,33.636716651654339,27960.352641909623,39888.029899391695,-9.1304235345541456e-07,1.5677082302873644e-16,1.0095525824050963e-14
1517,0.00028521856061207039,10.333764239943505,706.31780440626267,734.83172733474566,10.193182364144665,33.642012512120942,27983.436540084967,39910.221363480006,-9.1384682195359589e-07,1.5677082302873644e-16,1.0095525824050963e-14
1518,0.00028517244744063428,10.337671897423979,706.20096831017304,734.92820256440052,10.194524794676202,33.647311117705122,28006.523476231079,39932.409156363516,-9.1465071879013029e-07,1.5677082302873644e-16,1.0095525824050963e-14
1519,0.00028512635660974626,10.341597204244945,706.08417646559303,735.02423656054305,10.195877218993813,33.652612452809898,28029.613436270738,39954.593279427063,-9.1545749834997839e-07,1.5677082302873644e-16,1.0095525824050963e-14
1520,0.00028508028810488527,10.345539650660417,705.96742918612813,735.11984206682303,10.197239614621726,33.6579165024594,28052.706406545203,39976.773734065857,-9.1626406759135606e-07,1.5677082302873644e-16,1.0095525824050963e-14
1521,0.00028503424191077378,10.349498768043695,705.85072675550532,735.21503079890761,10.198611959643326,33.663223252246283,28075.802373779577,39998.950521684499,-9.1706946211862352e-07,1.5677082302873644e-16,1.0095525824050963e-14
1522,0.00028498821801148253,10.353474123847791,705.73406943125997,735.30981357047199,10.199994232657259,33.668532688287776,28098.901325052546,40021.123643696039,-9.1787555631231183e-07,1.5677082302873644e-16,1.0095525824050963e-14
1523,0.00028494221639051298,10.357465317381372,705.61745744781149,735.40420039879905,10.201386412738833,33.673844797184039,28122.003247769768,40043.293101521282,-9.1867786512231913e-07,1.5677082302873644e-16,1.0095525824050963e-14
1524,0.00028489623703086692,10.361471976238406,705.5008910190644,735.49820059403976,10.202788479405584,33.679159565984143,28145.108129640292,40065.458896588076,-9.1948439634593015e-07,1.5677082302873644e-16,1.0095525824050963e-14
1525,0.00028485027991510939,10.365493753258889,705.38437034063145,735.59182283519431,10.204200412587317,33.684476982154351,28168.215958655546,40087.621030330665,-9.2028980098801624e-07,1.5677082302873644e-16,1.0095525824050963e-14
1526,0.0002848043450254154,10.369530323920674,705.26789559172414,735.6850752353165,10.205622192598563,33.689797033549262,28191.326723070561,40109.779504189188,-9.2109665030523434e-07,1.5677082302873644e-16,1.0095525824050963e-14
1527,0.00028475843234361439,10.373581384090272,705.15146693679299,735.77796539774329,10.207053800114087,33.695119708386642,28214.440411387131,40131.934319609209,-9.2190192798890717e-07,1.5677082302873644e-16,1.0095525824050963e-14
1528,0.00028471254185123175,10.377646648068515,705.03508452696053,735.87050046495381,10.208495216147018,33.700444995226825,28237.557012338537,40154.085478041197,-9.2270744982337489e-07,1.5677082302873644e-16,1.0095525824050963e-14
1529,0.00028466667352951698,10.381725846886505,704.91874850125032,735.96268716117072,10.209946422028692,33.70577288294816,28260.676514875799,40176.2329809402,-9.2351391756777922e-07,1.5677082302873644e-16,1.0095525824050963e-14
1530,0.00028462082735948108,10.385818726809736,704.80245898769874,736.05453182975657,10.211407399390446,33.711103360731599,28283.798908155095,40198.376829765475,-9.2432003129353102e-07,1.5677082302873644e-16,1.0095525824050963e-14
1531,0.00028457500332191286,10.389925048020247,704.68621610429204,736.14604046616046,10.212878130147269,33.716436418041674,28306.924181526345,40220.517025980094,-9.2512716033780256e-07,1.5677082302873644e-16,1.0095525824050963e-14
1532,0.00028452920139740396,10.394044583450672,704.57001995982228,736.23721874706655,10.214358596482265,33.721772044611789,28330.052324522738,40242.653571050723,-9.2593482197959381e-07,1.5677082302873644e-16,1.0095525824050963e-14
1533,0.00028448342156637229,10.398177117747254,704.45387065465195,736.32807205631877,10.215848780833158,33.72711023042924,28353.183326851147,40264.786466447331,-9.2674053948348423e-07,1.5677082302873644e-16,1.0095525824050963e-14
1534,0.00028443766380907906,10.402322446345764,704.33776828138502,736.41860550802244,10.217348665879001,33.732450965722421,28376.31717838328,40286.915713642869,-9.2754619594967596e-07,1.5677082302873644e-16,1.0095525824050963e-14
1535,0.0002843919281056365,10.406480374644291,704.22171292544999,736.50882396722614,10.21885823452893,33.737794240948134,28399.453869147546,40309.041314113121,-9.28352165277672e-07,1.5677082302873644e-16,1.0095525824050963e-14
1536,0.00028434621443603804,10.410650717259871,704.10570466568083,736.5987320685033,10.220377469910652,33.743140046780809,28422.593389321555,40331.16326933643,-9.2915915794628531e-07,1.5677082302873644e-16,1.0095525824050963e-14
1537,0.00028430052278015155,10.414833297359376,703.9897435747564,736.68833423268234,10.221906355360858,33.748488374102088,28445.735729225093,40353.281580793511,-9.2996568882110943e-07,1.5677082302873644e-16,1.0095525824050963e-14
1538,0.00028425485311774979,10.419027946054992,703.87382971968816,736.77763468195849,10.223444874415479,33.753839213990496,28468.880879313663,40375.396249967293,-9.3077245582463091e-07,1.5677082302873644e-16,1.0095525824050963e-14
1539,0.00028420920542850337,10.423234501856125,703.75796316217509,736.86663745359681,10.2249930108011,33.759192557713106,28492.028830172512,40397.507278342709,-9.3158071458950902e-07,1.5677082302873644e-16,1.0095525824050963e-14
1540,0.00028416357969200602,10.427452810171753,703.64214395900717,736.95534641237293,10.226550748426938,33.764548396716769,28515.17957251094,40419.614667406568,-9.3238896184442106e-07,1.5677082302873644e-16,1.0095525824050963e-14
1541,0.00028411797588776802,10.431682722857831,703.52637216235644,737.04376526188753,10.228118071376871,33.769906722620533,28538.333097157127,40441.718418647382,-9.3319417465373977e-07,1.5677082302873644e-16,1.0095525824050963e-14
1542,0.00028407239399523662,10.435924097803536,703.41064782011028,737.13189755491157,10.229694963902734,33.775267527208086,28561.489395053195,40463.818533555233,-9.3400239330813012e-07,1.5677082302873644e-16,1.0095525824050963e-14
1543,0.00028402683399379638,10.440176798552683,703.29497097613012,737.21974670284953,10.231281410417491,33.780630802420831,28584.648457250678,40485.915013621641,-9.3481085855482334e-07,1.5677082302873644e-16,1.0095525824050963e-14
1544,0.00028398129586277172,10.444440693957594,703.17934167049407,737.30731598439354,10.232877395488956,33.785996540351611,28607.810274906107,40508.007860339443,-9.3562150650962253e-07,1.5677082302873644e-16,1.0095525824050963e-14
1545,0.00028393577958144516,10.448715657860348,703.06375993975973,737.39460855349125,10.234482903833889,33.79136473323927,28630.974839277085,40530.097075202691,-9.3642885842869112e-07,1.5677082302873644e-16,1.0095525824050963e-14
1546,0.00028389028512905201,10.453001568799914,702.94822581715039,737.48162744666888,10.23609792031287,33.79673537346121,28654.142141718436,40552.18265970653,-9.3723623999464195e-07,1.5677082302873644e-16,1.0095525824050963e-14
1547,0.00028384481248478762,10.457298309741477,702.83273933275757,737.56837558979646,10.237722429924526,33.80210845352984,28677.312173678609,40574.264615347078,-9.3804406905412111e-07,1.5677082302873644e-16,1.0095525824050963e-14
1548,0.00028379936162781612,10.461605767827505,702.71730051373345,737.65485580431221,10.239356417800915,33.807483966086814,28700.484926696314,40596.342943621377,-9.388516145498913e-07,1.5677082302873644e-16,1.0095525824050963e-14
1549,0.00028375393253726749,10.4659238341467,702.60190938444043,737.74107081299917,10.240999869203025,33.812861903898138,28723.660392397353,40618.417646027272,-9.3966151400811089e-07,1.5677082302873644e-16,1.0095525824050963e-14
1550,0.00028370852519224763,10.470252403519913,702.48656596662227,737.82702324533534,10.242652769516214,33.818242259850081,28746.838562491565,40640.488724063325,-9.40472877324739e-07,1.5677082302873644e-16,1.0095525824050963e-14
1551,0.00028366313957183794,10.474591374301964,702.37127027953863,737.91271564245096,10.244315104246098,33.82362502694388,28770.019428770011,40662.556179228741,-9.4128229615467958e-07,1.5677082302873644e-16,1.0095525824050963e-14
1552,0.00028361777565510303,10.478940648196843,702.2560223401108,737.99815046174569,10.245986859014661,33.829010198293282,28793.202983102256,40684.62001302329,-9.4209300968140656e-07,1.5677082302873644e-16,1.0095525824050963e-14
1553,0.00028357243342108754,10.483300130086484,702.14082216302961,738.0833300811712,10.247668019556533,33.834397767119746,28816.389217433818,40706.680226947268,-9.4290175639908754e-07,1.5677082302873644e-16,1.0095525824050963e-14
1554,0.00028352711284882398,10.487669727870157,702.02566976088542,738.16825680324621,10.249358571715398,33.839787726748568,28839.5781237837,40728.736822501349,-9.4371193837465534e-07,1.5677082302873644e-16,1.0095525824050963e-14
1555,0.00028348181391733379,10.492049352315748,701.91056514427203,738.25293285877308,10.25105850144082,33.845180070605871,28862.769694242117,40750.789801186613,-9.4452164844161544e-07,1.5677082302873644e-16,1.0095525824050963e-14
1556,0.0002834365366056285,10.496438916919914,701.79550832188511,738.33736041033546,10.252767794784878,33.850574792215518,28885.963920968297,40772.839164504432,-9.4533070732352697e-07,1.5677082302873644e-16,1.0095525824050963e-14
1557,0.00028339128089271346,10.500838337777564,701.68049930062057,738.42154155556091,10.254486437899123,33.855971885195899,28909.160796188367,40794.884913956419,-9.4613984817034823e-07,1.5677082302873644e-16,1.0095525824050963e-14
1558,0.00028334604675759001,10.505247533460182,701.56553808566332,738.50547833016219,10.256214417031854,33.861371343255897,28932.360312193381,40816.927051044368,-9.469516537487019e-07,1.5677082302873644e-16,1.0095525824050963e-14
1559,0.00028330083417925708,10.509666424900129,701.45062468056983,738.5891727108301,10.257951718525241,33.866773160193823,28955.562461337409,40838.965577270232,-9.4776251864892172e-07,1.5677082302873644e-16,1.0095525824050963e-14
1560,0.00028325564313671109,10.514094935284611,701.33575908734076,738.6726266178847,10.259698328812563,33.872177329893617,28978.767236035714,40861.000494136017,-9.4857038956282286e-07,1.5677082302873644e-16,1.0095525824050963e-14
1561,0.00028321038210215969,10.518431015133496,701.22078318471176,738.63797462166258,10.261451462474557,33.877581070417676,29001.972769449862,40883.031800442535,-9.4937987082560947e-07,1.5677082302873644e-16,1.0095525824050963e-14
1562,0.00028316514327657001,10.52269336676375,701.10591267996745,738.60516583090612,10.263208410081219,33.882981678041354,29025.177247085685,40905.059496438014,-9.5019125751095661e-07,1.5677082302873644e-16,1.0095525824050963e-14
1563,0.0002831199263884465,10.52691178836041,700.9911268821005,738.57345529098973,10.264969231869861,33.888379222551976,29048.380712193761,40927.083585026907,-9.5100028953628067e-07,1.5677082302873644e-16,1.0095525824050963e-14
1564,0.00028307473132620128,10.531096839948544,700.87641841546019,738.54257900128641,10.266733968707689,33.893773753769821,29071.583194679333,40949.104068742039,-9.5181142893175127e-07,1.5677082302873644e-16,1.0095525824050963e-14
1565,0.00028302955801641044,10.535254593468133,700.76178301394509,738.5123851632967,10.268502652380363,33.899165312150799,29094.784718189465,40971.120949940901,-9.5262426831432772e-07,1.5677082302873644e-16,1.0095525824050963e-14
1566,0.00028298440640270219,10.539389123136701,700.64721779610466,738.48277192158264,10.270275309016958,33.904553932313178,29117.985302472749,40993.134230871125,-9.5343707630608782e-07,1.5677082302873644e-16,1.0095525824050963e-14
1567,0.00028293927643811888,10.543503402336478,700.53272064373311,738.45366494158804,10.272051960785587,33.90993964478762,29141.184964547185,41015.143913702785,-9.5424692065598515e-07,1.5677082302873644e-16,1.0095525824050963e-14
1568,0.00028289416808156549,10.547599720646575,700.41828991288276,738.42500698383571,10.273832626884261,33.915322477036064,29164.383719382931,41037.150000547452,-9.5505648981305782e-07,1.5677082302873644e-16,1.0095525824050963e-14
1569,0.00028284908129589325,10.551679908342933,700.30392427825802,738.39675229142665,10.275617324180963,33.920702454111208,29187.581580343125,41059.152493470312,-9.5586660098489518e-07,1.5677082302873644e-16,1.0095525824050963e-14
1570,0.00028280401604676949,10.55574546959719,700.18962264089384,738.36886326007016,10.277406067655118,33.926079599113017,29210.778559488139,41081.151394498658,-9.566788408028769e-07,1.5677082302873644e-16,1.0095525824050963e-14
1571,0.00028275897230194949,10.559797667228768,700.0753840693834,738.34130831928076,10.27919887071805,33.931453933517645,29233.974667796178,41103.146705628009,-9.5748919019613271e-07,1.5677082302873644e-16,1.0095525824050963e-14
1572,0.00028271395003079018,10.563837579562151,699.96120776044711,738.31406051094632,10.280995745453337,33.936825477425096,29257.169915329083,41125.138428826744,-9.5830176694221134e-07,1.5677082302873644e-16,1.0095525824050963e-14
1573,0.00028266894920391368,10.567866140190446,699.8470930113624,738.28709649523887,10.282796702803626,33.942194249752191,29280.364311360798,41147.126566039624,-9.5911317350840896e-07,1.5677082302873644e-16,1.0095525824050963e-14
1574,0.00028262396979296335,10.571884166733224,699.73303920001945,738.26039583166937,10.284601752717922,33.947560268384187,29303.557864479142,41169.111119190653,-9.5992548622284212e-07,1.5677082302873644e-16,1.0095525824050963e-14
1575,0.00028257901177041622,10.575892382218246,699.61904577007465,738.2339404445438,10.286410904271508,33.952923550298259,29326.75058266809,41191.092090185361,-9.6074046855182398e-07,1.5677082302873644e-16,1.0095525824050963e-14
1576,0.00028253407510944636,10.579891431354032,699.50511221966553,738.20771421614927,10.2882241657639,33.958284111664433,29349.94247337546,41213.069480912643,-9.6155438952242162e-07,1.5677082302873644e-16,1.0095525824050963e-14
1577,0.00028248915978381809,10.583881893160504,699.391238092648,738.18170267098753,10.29004154480047,33.963641967929362,29373.133543569216,41235.043293246432,-9.6236816714162404e-07,1.5677082302873644e-16,1.0095525824050963e-14
1578,0.00028244426576780151,10.587864290942521,699.27742297167538,738.15589272643683,10.291863048361868,33.968997133889232,29396.323799785019,41257.013529046912,-9.6318079864723816e-07,1.5677082302873644e-16,1.0095525824050963e-14
1579,0.00028239939303610216,10.591839100283496,699.16366647264488,738.13027249291258,10.293688682862301,33.974349623747614,29419.513248166728,41278.980190161688,-9.6399355501854433e-07,1.5677082302873644e-16,1.0095525824050963e-14
1580,0.00028235454156380683,10.595806755535245,699.04996824019452,738.10483111161909,10.295518454200643,33.979699451169502,29442.701894501235,41300.943278426785,-9.6480872952908035e-07,1.5677082302873644e-16,1.0095525824050963e-14
1581,0.00028230971132633964,10.599767655150234,698.93632794400412,738.07955862124425,10.297352367803803,33.985046629326682,29465.889744248729,41322.902795667433,-9.6562410563841551e-07,1.5677082302873644e-16,1.0095525824050963e-14
1582,0.00028226490229941927,10.603722166106602,698.82274527571144,738.05444584733482,10.299190428665284,33.990391170935801,29489.07680256906,41344.858743698875,-9.6643618780474107e-07,1.5677082302873644e-16,1.0095525824050963e-14
1583,0.00028222011445903277,10.607670627615018,698.70921994634898,738.02948430962454,10.301032641379063,33.995733088293811,29512.26307434497,41366.811124326967,-9.6724807813829925e-07,1.5677082302873644e-16,1.0095525824050963e-14
1584,0.00028217534778140644,10.61161335425092,698.59575168416393,738.00466614372692,10.302879010168976,34.001072393309236,29535.448564202656,41388.759939348733,-9.6806142047151329e-07,1.5677082302873644e-16,1.0095525824050963e-14
1585,0.00028213060224298265,10.615550638620636,698.48234023276405,737.979984034484,10.304729538915698,34.006409097528625,29558.633276530039,41410.705190552937,-9.6887479140524881e-07,1.5677082302873644e-16,1.0095525824050963e-14
1586,0.00028208587782040426,10.619482753646158,698.36898534953968,737.95543115884607,10.306584231179988,34.011743212161882,29581.81721549308,41432.646879720494,-9.6968791121245248e-07,1.5677082302873644e-16,1.0095525824050963e-14
1587,0.00028204117449049163,10.62340995453645,698.25568680427921,737.93100113658875,10.308443090224511,34.017074748102907,29605.000385050473,41454.585008624883,-9.7050331661988309e-07,1.5677082302873644e-16,1.0095525824050963e-14
1588,0.00028199649223023299,10.627332480498067,698.14244437799198,737.90668798754825,10.310306119032568,34.022403715950368,29628.18278896686,41476.519579032589,-9.7131779913730891e-07,1.5677082302873644e-16,1.0095525824050963e-14
1589,0.00028195183101676935,10.631250556227117,698.02925786186518,737.88248609432208,10.312173320325519,34.027730126026142,29651.364430824779,41498.450592703281,-9.7213212714216045e-07,1.5677082302873644e-16,1.0095525824050963e-14
1590,0.00028190719082738538,10.635164393217003,697.91612705636032,737.85839016957505,10.314044696579018,34.03305398838971,29674.545314035568,41520.378051390318,-9.7294912929578926e-07,1.5677082302873644e-16,1.0095525824050963e-14
1591,0.00028186257163949683,10.639074190910918,697.80305177040452,737.83439522722711,10.315920250036628,34.038375312855109,29697.725441849274,41542.301956840864,-9.7376265892754169e-07,1.5677082302873644e-16,1.0095525824050963e-14
1592,0.00028181797343064351,10.642980137720127,697.69003182068695,737.8104965569969,10.317799982723857,34.043694109002459,29720.90481736368,41564.222310796213,-9.7457692973134965e-07,1.5677082302873644e-16,1.0095525824050963e-14
1593,0.00028177339617848387,10.646882411929543,697.57706703103429,737.78668970176136,10.319683896459292,34.049010386192109,29744.083443532618,41586.139114992016,-9.7539285517997336e-07,1.5677082302873644e-16,1.0095525824050963e-14
1594,0.00028172883986078467,10.650781182504108,697.46415723184202,737.76297043739726,10.321571992866289,34.05432415357501,29767.261323173618,41608.052371158512,-9.7620777368096155e-07,1.5677082302873644e-16,1.0095525824050963e-14
1595,0.00028168430445541475,10.654676609810149,697.35130225957153,737.73933475474621,10.323464273383026,34.059635420103383,29790.438458974921,41629.962081020676,-9.7702348323052497e-07,1.5677082302873644e-16,1.0095525824050963e-14
1596,0.00028163978994034196,10.658568846263417,697.23850195630587,737.71577884341457,10.325360739271877,34.06494419454085,29813.614853501975,41651.868246298465,-9.778393082285359e-07,1.5677082302873644e-16,1.0095525824050963e-14
1597,0.00028159529629362732,10.662458036911437,697.12575616934237,737.69229907721399,10.327261391628101,34.070250485471178,29836.79050920346,41673.770868706939,-9.7865468364029728e-07,1.5677082302873644e-16,1.0095525824050963e-14
1598,0.0002815508234934183,10.666344319959999,697.01306475082049,737.66889200100002,10.329166231387985,34.075554301306404,29859.965428416839,41695.669949956449,-9.7946977967379191e-07,1.5677082302873644e-16,1.0095525824050963e-14
1599,0.00028150637151795171,10.670227827249754,696.9004275574074,737.64555431875624,10.331075259336378,34.080855650294815,29883.139613373562,41717.565491752765,-9.8028440240353149e-07,1.5677082302873644e-16,1.0095525824050963e-14
1600,0.00028146194034553841,10.674108684688507,696.7878444499687,737.62228288278743,10.332988476113716,34.086154540528135,29906.3130662039,41739.457495797222,-9.8110221548658623e-07,1.5677082302873644e-16,1.0095525824050963e-14
1601,0.00028141752995457101,10.677987012645017,696.67531529332098,737.59907468387451,10.334905882222456,34.091450979948284,29929.485788941427,41761.345963786851,-9.8191981406572823e-07,1.5677082302873644e-16,1.0095525824050963e-14
1602,0.0002813731403235165,10.681862926307909,696.56283995597141,737.57592684230224,10.336827478033159,34.096744976353875,29952.657783527236,41783.230897414476,-9.8273759924583485e-07,1.5677082302873644e-16,1.0095525824050963e-14
1603,0.00028132877143091065,10.685736536013286,696.45041830988328,737.55283659966778,10.33875326379049,34.102036537405411,29975.829051813882,41805.112298368877,-9.8355429516460974e-07,1.5677082302873644e-16,1.0095525824050963e-14
1604,0.00028128442325536145,10.689607947545765,696.33805023028083,737.52980131135587,10.340683239618166,34.107325670631631,29998.999595569054,41826.990168334836,-9.84369812532619e-07,1.5677082302873644e-16,1.0095525824050963e-14
1605,0.00028124009577554156,10.693477262414424,696.22573559544344,737.50681843963935,10.34261740552417,34.112612383434289,30022.169416479068,41848.864508993291,-9.8518937478172533e-07,1.5677082302873644e-16,1.0095525824050963e-14
1606,0.00028119578897018794,10.697344578105922,696.11347428653539,737.48388554735197,10.344555761405649,34.117896683092859,30045.338516152104,41870.73532202137,-9.8600780138084887e-07,1.5677082302873644e-16,1.0095525824050963e-14
1607,0.00028115150281810144,10.70120998831862,696.00126618744457,737.46100029203444,10.346498307053066,34.123178576769433,30068.506896121286,41892.60260909253,-9.8682536194222421e-07,1.5677082302873644e-16,1.0095525824050963e-14
1608,0.00028110723729814208,10.705073583178095,695.8891111846275,737.43816042054777,10.348445042154443,34.128458071513315,30091.674557847542,41914.46637187661,-9.8764264173018567e-07,1.5677082302873644e-16,1.0095525824050963e-14
1609,0.00028106299238922933,10.708935449436959,695.77700916697279,737.41536376407612,10.350395966299539,34.133735174264245,30114.841502722382,41936.326612039935,-9.8846294550013472e-07,1.5677082302873644e-16,1.0095525824050963e-14
1610,0.0002810187680703396,10.712795670658824,695.66496002567226,737.39260823352936,10.35235107898334,34.139009891856986,30138.007732070426,41958.18333124536,-9.8928087612435786e-07,1.5677082302873644e-16,1.0095525824050963e-14
1611,0.00028097456432050761,10.716654327389787,695.55296365410743,737.3698918152553,10.354310379609748,34.144282231024562,30161.173247151863,41980.036531152378,-9.9009853608998543e-07,1.5677082302873644e-16,1.0095525824050963e-14
1612,0.0002809303811188184,10.720511497317901,695.44101994772245,737.34721256705245,10.356273867494762,34.149552198402084,30184.338049164755,42001.886213417136,-9.9091633801186088e-07,1.5677082302873644e-16,1.0095525824050963e-14
1613,0.00028088621844441392,10.724367255420272,695.32912880394042,737.32456861449305,10.358241541869806,34.154819800529722,30207.502139247223,42023.73237969257,-9.9173505898708569e-07,1.5677082302873644e-16,1.0095525824050963e-14
1614,0.00028084207627648497,10.728221674101224,695.21729012205105,737.30195814746924,10.360213401884669,34.16008504385595,30230.66551847952,42045.575031628359,-9.9255462158497881e-07,1.5677082302873644e-16,1.0095525824050963e-14
1615,0.00028079795459427798,10.732074823320842,695.10550380313907,737.27937941697894,10.362189446610302,34.165347934740474,30253.828187885989,42067.414170871118,-9.9337371576213286e-07,1.5677082302873644e-16,1.0095525824050963e-14
1616,0.00028075385337708326,10.735926770714503,694.99376974997551,737.25683073213736,10.364169675041781,34.170608479456611,30276.990148436958,42089.249799064317,-9.9419291701684979e-07,1.5677082302873644e-16,1.0095525824050963e-14
1617,0.00028070977260424509,10.739777581705461,694.88208786696623,737.23431045736345,10.366154086100439,34.175866684194908,30300.151401050509,42111.081917848453,-9.9501369269540655e-07,1.5677082302873644e-16,1.0095525824050963e-14
1618,0.00028066571225515257,10.743627319609333,694.77045806005799,737.21181700976661,10.368142678636785,34.181122555064583,30323.311946594171,42132.910528860994,-9.9583270002463499e-07,1.5677082302873644e-16,1.0095525824050963e-14
1619,0.00028062167230924028,10.747476045732617,694.65888023667389,737.18934885668455,10.370135451432509,34.186376098097604,30346.471785886555,42154.73563373652,-9.9665506826394815e-07,1.5677082302873644e-16,1.0095525824050963e-14
1620,0.00028057765274599637,10.751323819464746,694.54735430567155,737.16690451338138,10.37213240320294,34.191627319248099,30369.630919698859,42176.557234106695,-9.9747575046762921e-07,1.5677082302873644e-16,1.0095525824050963e-14
1621,0.00028053371454795452,10.755243394861825,694.43598285136522,737.22849846178769,10.374135508680659,34.19687820307017,30392.790674077245,42198.375333366501,-9.9829689446509943e-07,1.5677082302873644e-16,1.0095525824050963e-14
1622,0.00028048979621368096,10.759221442861344,694.32462251386994,737.28863059513299,10.376146688408427,34.202130678353285,30415.952337749255,42220.189933887676,-9.9911615396722029e-07,1.5677082302873644e-16,1.0095525824050963e-14
1623,0.00028044589789022527,10.763236724406111,694.21328779157113,737.34783188984704,10.378165888469766,34.207384696905386,30439.115875236821,42242.001036304799,-9.9993519547755996e-07,1.5677082302873644e-16,1.0095525824050963e-14
1624,0.00028040201961780702,10.767281714887174,694.10198379557721,737.40629046115396,10.380193068761038,34.212640224753898,30462.28126057277,42263.80864151167,-1.0007539851637942e-06,1.5677082302873644e-16,1.0095525824050963e-14
1625,0.00028035816141117813,10.771352088963129,693.99071344506456,737.46411444258854,10.382228195654891,34.217897234588158,30485.44847224866,42285.612750522909,-1.0015740343193428e-06,1.5677082302873644e-16,1.0095525824050963e-14
1626,0.00028031432327374597,10.775444945213643,693.87947868334652,737.52137636965892,10.384271239558382,34.223155703245169,30508.61749153271,42307.413364427834,-1.0023959948268285e-06,1.5677082302873644e-16,1.0095525824050963e-14
1627,0.00028027050520267467,10.779558166768531,693.76828091593848,737.57812916412001,10.386322173703801,34.228415610463188,30531.788301637494,42329.210484367628,-1.0032205764674905e-06,1.5677082302873644e-16,1.0095525824050963e-14
1628,0.00028022670719125316,10.783690124017768,693.65712121427134,737.63441356622263,10.388380973442468,34.233676938155703,30554.960887233305,42351.004111522037,-1.0040408191997407e-06,1.5677082302873644e-16,1.0095525824050963e-14
1629,0.00028018292923018306,10.787839514576557,693.54600042540062,737.69026213558618,10.390447615788316,34.238939669941011,30578.135234134104,42372.794247100719,-1.0048638539707239e-06,1.5677082302873644e-16,1.0095525824050963e-14
1630,0.00028013917130832993,10.792005268338238,693.43491923707541,737.74570162487748,10.392522079103609,34.244203790817146,30601.311329080785,42394.58089233729,-1.0056864583387342e-06,1.5677082302873644e-16,1.0095525824050963e-14
1631,0.00028009543341321987,10.796186487062755,693.32387821919167,737.8007544900978,10.394604342870467,34.249469286929163,30624.489159584042,42416.364048485069,-1.0065078060277248e-06,1.5677082302873644e-16,1.0095525824050963e-14
1632,0.00028005171553134817,10.800382403850938,693.21287785154311,737.85543990372651,10.396694387519572,34.254736145389877,30647.66871380631,42438.143716813778,-1.0073333150926204e-06,1.5677082302873644e-16,1.0095525824050963e-14
1633,0.000280008017648415,10.804592354805321,693.10191854328036,737.90977446320016,10.398792194297402,34.260004354145678,30670.849980470386,42459.919898607062,-1.0081537583773095e-06,1.5677082302873644e-16,1.0095525824050963e-14
1634,0.00027996433974948967,10.808815758534777,692.99100064696904,737.96377270329708,10.400897745161043,34.265273901866507,30694.032948786957,42481.692595160537,-1.0089776197731264e-06,1.5677082302873644e-16,1.0095525824050963e-14
1635,0.00027992068181913144,10.813052100918343,692.88012446904122,738.01744747704151,10.403011022693363,34.2705447778592,30717.217608396051,42503.461807780099,-1.0097990543100427e-06,1.5677082302873644e-16,1.0095525824050963e-14
1636,0.00027987704384148311,10.817300923510995,692.76929027775122,738.0708102455585,10.405132010032679,34.275816971994935,30740.403949318974,42525.227537780687,-1.0106231961304869e-06,1.5677082302873644e-16,1.0095525824050963e-14
1637,0.00027983342580034139,10.821561814544784,692.65849830934781,738.12387130304705,10.407260690815177,34.281090474650249,30763.591961918264,42546.989786485115,-1.0114481809687472e-06,1.5677082302873644e-16,1.0095525824050963e-14
1638,0.00027978982767921657,10.825834401824148,692.54774877295745,738.17663995439625,10.409397049125717,34.28636527665568,30786.781636863911,42568.748555223217,-1.0122697749012537e-06,1.5677082302873644e-16,1.0095525824050963e-14
1639,0.00027974624946137272,10.830118347032881,692.43704185447859,738.22912465751131,10.411541069455785,34.291641369252908,30809.972965104571,42590.503845331019,-1.0130915965915732e-06,1.5677082302873644e-16,1.0095525824050963e-14
1640,0.00027970269112987154,10.834413341111908,692.3263777197717,738.28133313886906,10.413692736667803,34.296918744058388,30833.165937842859,42612.255658150032,-1.0139148849305961e-06,1.5677082302873644e-16,1.0095525824050963e-14
1641,0.00027965915266759821,10.838719100463146,692.21575651725527,738.33327248842147,10.415852035964235,34.302197393030688,30856.36054651393,42634.003995026738,-1.0147371684147045e-06,1.5677082302873644e-16,1.0095525824050963e-14
1642,0.00027961563405728908,10.843035363799348,692.10517838007445,738.38494923834958,10.418018952859825,34.307477308442472,30879.556782766711,42655.748857312006,-1.015561688668881e-06,1.5677082302873644e-16,1.0095525824050963e-14
1643,0.00027957213528155382,10.847361889505363,691.9946434279168,738.43636942903265,10.420193473158255,34.312758482856694,30902.754638447463,42677.490246360707,-1.0163878771705599e-06,1.5677082302873644e-16,1.0095525824050963e-14
1644,0.00027952865632288609,10.851698453409446,691.88415176852448,738.48753866476375,10.422375582930586,34.318040909103466,30925.954105585239,42699.228163531254,-1.0172131030205333e-06,1.5677082302873644e-16,1.0095525824050963e-14
1645,0.00027948519716368799,10.856044846886476,691.77370349902094,738.53846216117131,10.424565268496751,34.323324580262344,30949.155176378918,42720.962610185277,-1.0180347164851036e-06,1.5677082302873644e-16,1.0095525824050963e-14
1646,0.00027944175778627721,10.860400875232957,691.66329870701281,738.5891447858429,10.426762516408688,34.328609489643704,30972.357843185688,42742.69358768731,-1.0188599740746803e-06,1.5677082302873644e-16,1.0095525824050963e-14
1647,0.00027939833817290009,10.864766356264902,691.55293747155781,738.63959109337748,10.428967313435276,34.333895630773952,30995.562098510651,42764.421097404484,-1.0196850311118185e-06,1.5677082302873644e-16,1.0095525824050963e-14
1648,0.00027935493830574229,10.869141119101638,691.44261986400249,738.68980535579237,10.431179646548808,34.339182997381243,31018.767934997464,42786.145140706336,-1.0205106535324403e-06,1.5677082302873644e-16,1.0095525824050963e-14
1649,0.0002793115581669349,10.873525003105872,691.33234594870589,738.73979158901989,10.433399502912465,34.344471583383289,31041.975345419956,42807.865718964487,-1.0213338766483221e-06,1.5677082302873644e-16,1.0095525824050963e-14
1650,0.00027926819773856337,10.877917856954035,691.2221157836816,738.78955357614927,10.435626869869711,34.349761382875144,31065.184322674362,42829.582833552508,-1.0221572305592728e-06,1.5677082302873644e-16,1.0095525824050963e-14
1651,0.00027922485700267505,10.882319537818024,691.11192942116304,738.83909488788277,10.437861734933474,34.355052390119667,31088.39485977239,42851.296485845669,-1.02298451425166e-06,1.5677082302873644e-16,1.0095525824050963e-14
1652,0.00027918153594128287,10.886729910641121,691.00178690809548,738.88841890063861,10.440104085777506,34.360344599537264,31111.606949834844,42873.006677220837,-1.0238085399260834e-06,1.5677082302873644e-16,1.0095525824050963e-14
1653,0.00027913823453636988,10.891148847496302,690.89168828657728,738.9375288125924,10.442353910227389,34.365638005697527,31134.820586085738,42894.713409056247,-1.0246340078341306e-06,1.5677082302873644e-16,1.0095525824050963e-14
1654,0.0002790949527698968,10.895576227013374,690.78163359425935,738.986427657999,10.444611196253131,34.370932603311132,31158.035761846968,42916.416682731404,-1.0254578657420793e-06,1.5677082302873644e-16,1.0095525824050963e-14
1655,0.00027905169062380299,10.90001193386686,690.67162286469147,739.03511831999515,10.446875931961582,34.376228387222206,31181.252470533356,42938.116499626914,-1.0262840448265133e-06,1.5677082302873644e-16,1.0095525824050963e-14
1656,0.00027900844808001338,10.90445585831732,690.56165612764437,739.08360354206707,10.449148105590247,34.381525352401773,31204.470705648066,42959.812861124388,-1.0271096498077925e-06,1.5677082302873644e-16,1.0095525824050963e-14
1657,0.000278965225120439,10.908907895797402,690.45173340938879,739.13188593839834,10.451427705500709,34.386823493941613,31227.690460778391,42981.505768606301,-1.0279358735369432e-06,1.5677082302873644e-16,1.0095525824050963e-14
1658,0.00027892202172698075,10.913367946539651,690.34185473295292,739.17996800317542,10.453714720173462,34.392122807047997,31250.911729591848,43003.195223455936,-1.0287597663235767e-06,1.5677082302873644e-16,1.0095525824050963e-14
1659,0.00027887883788153248,10.917835915237859,690.23202011835656,739.22785211905352,10.456009138201914,34.397423287037,31274.134505832546,43024.881227057202,-1.0295860179556756e-06,1.5677082302873644e-16,1.0095525824050963e-14
1660,0.0002788356735659824,10.922311710741491,690.12222958281893,739.27554056479607,10.458310948288327,34.402724929328187,31297.358783317773,43046.563780794648,-1.0304115884070567e-06,1.5677082302873644e-16,1.0095525824050963e-14
1661,0.00027879252876221699,10.9267952457774,690.01248314095426,739.32303552223186,10.460620139238538,34.408027729440349,31320.584555934904,43068.242886053296,-1.0312395075890843e-06,1.5677082302873644e-16,1.0095525824050963e-14
1662,0.0002787494034521209,10.931286436694634,689.90278080494204,739.37033908263425,10.46293669995803,34.413331682988577,31343.81181763839,43089.918544218555,-1.0320689244618451e-06,1.5677082302873644e-16,1.0095525824050963e-14
1663,0.0002787062976175803,10.935785203233348,689.79312258469031,739.41745325249974,10.465260619447731,34.41863678567821,31367.040562447044,43111.590756676247,-1.0328974243739776e-06,1.5677082302873644e-16,1.0095525824050963e-14
1664,0.00027866321124048291,10.940291468312125,689.68350848797763,739.46437995886356,10.467591886800699,34.423943033301995,31390.270784441469,43133.25952481242,-1.0337273145504934e-06,1.5677082302873644e-16,1.0095525824050963e-14
1665,0.00027862014430272313,10.944805157832446,689.57393852059636,739.51112105418883,10.469930491197864,34.429250421735937,31413.502477761602,43154.924850013347,-1.0345540478572317e-06,1.5677082302873644e-16,1.0095525824050963e-14
1666,0.00027857709678619913,10.949326200500025,689.46441268646549,739.55767832083268,10.472276421905519,34.434558946936484,31436.735636604473,43176.586733665463,-1.0353824012788874e-06,1.5677082302873644e-16,1.0095525824050963e-14
1667,0.00027853406867281579,10.953854527659486,689.35493098774828,739.6040534751794,10.474629668271614,34.439868604936713,31459.970255222051,43198.245177155295,-1.0362101924561413e-06,1.5677082302873644e-16,1.0095525824050963e-14
1668,0.00027849105994448505,10.958390073142201,689.24549342495447,739.6502481714449,10.476990219723239,34.445179391843986,31483.206327919263,43219.900181869409,-1.0370357576757197e-06,1.5677082302873644e-16,1.0095525824050963e-14
1669,0.00027844807058313172,10.962932773125184,689.13609999705011,739.69626400520383,10.479358065763583,34.450491303836934,31506.443849052048,43241.551749194368,-1.0378644169834425e-06,1.5677082302873644e-16,1.0095525824050963e-14
1670,0.00027840510057068754,10.967482566002024,689.02675070152816,739.742102516616,10.481733195969484,34.455804337162064,31529.682813025622,43263.199880516666,-1.038690885212175e-06,1.5677082302873644e-16,1.0095525824050963e-14
1671,0.00027836214988909451,10.972039392260267,688.91744553449962,739.78776519349333,10.484115599988968,34.461118488132534,31552.923214292725,43284.844577222706,-1.0395170531354299e-06,1.5677082302873644e-16,1.0095525824050963e-14
1672,0.00027831921852031021,10.976603194371208,688.80818449077992,739.83325347405309,10.486505267538764,34.466433753124157,31576.165047352071,43306.485840698755,-1.0403449726662442e-06,1.5677082302873644e-16,1.0095525824050963e-14
1673,0.00027827630644630089,10.981173916684453,688.69896756394269,739.87856874955537,10.488902188402454,34.471750128575188,31599.408306746813,43328.123672330883,-1.0411760358129361e-06,1.5677082302873644e-16,1.0095525824050963e-14
1674,0.00027823341364904955,10.985751505331816,688.5897947464041,739.92371236670465,10.49130635242784,34.477067610982033,31622.652987063098,43349.758073504949,-1.0420064097568127e-06,1.5677082302873644e-16,1.0095525824050963e-14
1675,0.00027819054011054986,10.990335908136238,688.48066602946869,739.96868562992745,10.493717749525578,34.482386196898496,31645.899082928721,43371.389045606556,-1.0428344171819133e-06,1.5677082302873644e-16,1.0095525824050963e-14
1676,0.00027814768581281303,10.99492707452781,688.37158140340262,740.01348980347143,10.496136369666766,34.487705882933767,31669.14658901182,43393.016590021005,-1.043664904481516e-06,1.5677082302873644e-16,1.0095525824050963e-14
1677,0.00027810485073786432,10.999524955464956,688.2625408574778,740.05812611337626,10.498562202881541,34.493026665750655,31692.39550001964,43414.640708133309,-1.0444936366856907e-06,1.5677082302873644e-16,1.0095525824050963e-14
1678,0.00027806203486774311,11.004129503360478,688.15354438002214,740.10259574932149,10.500995239257046,34.49834854206258,31715.645810697359,43436.261401328076,-1.0453215872585348e-06,1.5677082302873644e-16,1.0095525824050963e-14
1679,0.0002780192381845088,11.008740672012861,688.04459195847892,740.14689986634517,10.503435468936074,34.503671508634035,31738.897515826993,43457.878670989579,-1.0461519577145427e-06,1.5677082302873644e-16,1.0095525824050963e-14
1680,0.00027797646067023653,11.013358416541147,687.93568357944139,740.19103958647145,10.505882882115419,34.508995562276958,31762.150610226319,43479.492518501662,-1.0469816710561259e-06,1.5677082302873644e-16,1.0095525824050963e-14
1681,0.00027793361080476767,11.018040155347864,687.82655492969195,740.30107944963675,10.508339031019679,34.514322255893802,31785.406130897896,43501.102941206198,-1.0478135559446358e-06,1.5677082302873644e-16,1.0095525824050963e-14
1682,0.00027789078079127618,11.022775262941289,687.71744121129859,740.40978509313447,10.510805425030593,34.519653098635843,31808.665085416636,43522.709935712926,-1.0486461534046798e-06,1.5677082302873644e-16,1.0095525824050963e-14
1683,0.00027784797036009697,11.027546866362686,687.60835288332532,740.5175783409328,10.51328201293804,34.524988045039194,31831.927440157415,43544.313502696721,-1.049475991611955e-06,1.5677082302873644e-16,1.0095525824050963e-14
1684,0.0002778051794023041,11.032348935941883,687.49929365657613,740.62460993478624,10.515768754573626,34.530327060918353,31855.193169078269,43565.913643019863,-1.0503073693643854e-06,1.5677082302873644e-16,1.0095525824050963e-14
1685,0.0002777624078473552,11.037177973206344,687.39026566811469,740.730967336508,10.518265614994073,34.535670117420089,31878.462249724991,43587.510357632644,-1.0511370499200044e-06,1.5677082302873644e-16,1.0095525824050963e-14
1686,0.00027771965564184924,11.04203160742018,687.28127035373075,740.83670981449552,10.520772562543261,34.541017189044219,31901.73466189978,43609.103647540287,-1.0519669244011122e-06,1.5677082302873644e-16,1.0095525824050963e-14
1687,0.00027767692274186244,11.046908090088081,687.1723087622089,740.94188108113133,10.523289567891254,34.546368252659761,31925.010387001606,43630.693513786508,-1.0528025074765905e-06,1.5677082302873644e-16,1.0095525824050963e-14
1688,0.00027763420910937149,11.051806059870732,687.0633817014774,741.0465151698985,10.525816603472363,34.551723286932621,31948.289407639993,43652.279957443941,-1.0536349218235383e-06,1.5677082302873644e-16,1.0095525824050963e-14
1689,0.00027759151471033251,11.056724416000964,686.95448981732795,741.15063959997599,10.528353643121701,34.557082271952446,31971.571707385243,43673.862979607882,-1.0544678722558744e-06,1.5677082302873644e-16,1.0095525824050963e-14
1690,0.00027754883951353212,11.061662243154354,686.84563364012524,741.25427725447469,10.530900661823129,34.562445188976127,31994.857270595563,43695.442581392024,-1.0552998220187384e-06,1.5677082302873644e-16,1.0095525824050963e-14
1691,0.00027750618348986936,11.066618763623172,686.73681361457807,741.35744757608734,10.533457635526714,34.567812020240922,32018.146082291565,43717.01876392532,-1.056131616571454e-06,1.5677082302873644e-16,1.0095525824050963e-14
1692,0.00027746354661186112,11.071593305214373,686.62803011969538,741.46016736964077,10.536024541010628,34.573182748823996,32041.438128061513,43738.591528349607,-1.0569655376775931e-06,1.5677082302873644e-16,1.0095525824050963e-14
1693,0.00027742092885329388,11.076585278782403,686.51928348274942,741.56245136377322,10.538601355774645,34.578557358531505,32064.733393987768,43760.16087581779,-1.057798671920599e-06,1.5677082302873644e-16,1.0095525824050963e-14
1694,0.00027737833018899339,11.081594161967358,686.41057398943929,741.66431261748255,10.541188057954175,34.58393583381342,32088.031866588306,43781.72680749237,-1.0586326477862734e-06,1.5677082302873644e-16,1.0095525824050963e-14
1695,0.00027733575059462267,11.086619487092429,686.30190189137875,741.76576282268934,10.543784626251735,34.589318159691885,32111.333532769193,43803.289324544297,-1.0594658521354361e-06,1.5677082302873644e-16,1.0095525824050963e-14
1696,0.00027729319004655815,11.091660831943328,686.19326741187774,741.86681253475012,10.546391039879426,34.594704321702658,32134.638379785432,43824.848428151934,-1.0603000037896828e-06,1.5677082302873644e-16,1.0095525824050963e-14
1697,0.00027725064852176395,11.09671781260219,686.08467075036299,741.96747135161183,10.549007278511809,34.600094305847115,32157.946395208208,43846.404119500308,-1.0611348376710078e-06,1.5677082302873644e-16,1.0095525824050963e-14
1698,0.00027720812599772271,11.101790077780908,685.9761120859489,742.0677480554773,10.551633322244834,34.605488098550744,32181.257566897075,43867.956399780356,-1.0619716973063565e-06,1.5677082302873644e-16,1.0095525824050963e-14
1699,0.00027716562245235247,11.106877304273546,685.86759158023642,742.16765072649457,10.554269151561762,34.610885686627277,32204.571882976208,43889.505270188369,-1.0628050345433088e-06,1.5677082302873644e-16,1.0095525824050963e-14
1700,0.00027712313786396232,11.111979193256401,685.75910937964659,742.26718683525655,10.556914747302931,34.616287057249167,32227.889331813836,43911.050731925498,-1.0636392528158439e-06,1.5677082302873644e-16,1.0095525824050963e-14
1701,0.00027708067221119564,11.117095467244271,685.65066561729202,742.36636331889315,10.559570090639701,34.621692197918698,32251.209902004317,43932.592786197245,-1.0644718485319537e-06,1.5677082302873644e-16,1.0095525824050963e-14
1702,0.00027703822547299955,11.122225867558148,685.54226041457457,742.46518664437963,10.562235163051753,34.627101096448115,32274.533582352418,43954.131434213108,-1.0653087772270986e-06,1.5677082302873644e-16,1.0095525824050963e-14
1703,0.00027699579762859147,11.127370152200111,685.43389388250762,742.56366286166394,10.564909946306495,34.632513740935458,32297.860361859388,43975.666677186251,-1.0661433006881272e-06,1.5677082302873644e-16,1.0095525824050963e-14
1704,0.00027695338865742951,11.132528094054031,685.32556612283122,742.66179764864921,10.567594422441378,34.637930119748532,32321.19022971061,43997.19851633317,-1.0669825090541223e-06,1.5677082302873644e-16,1.0095525824050963e-14
1705,0.00027691099853919128,11.137699479349548,685.2172772289764,742.7595963495944,10.570288573747597,34.643350221506893,32344.52317526449,44018.72695287341,-1.0678207397705776e-06,1.5677082302873644e-16,1.0095525824050963e-14
1706,0.0002768686272537537,11.142884106343416,685.10902728688745,742.85706400808124,10.572992382755524,34.648774035068506,32367.85918804253,44040.251988029362,-1.0686555136605643e-06,1.5677082302873644e-16,1.0095525824050963e-14
1707,0.00027682627478117479,11.148081784177116,685.00081637573101,742.9542053955721,10.575705832222029,34.654201549514617,32391.198257720353,44061.773623025991,-1.0694898641233155e-06,1.5677082302873644e-16,1.0095525824050963e-14
1708,0.00027678394110167956,11.153292331885476,684.89264456851868,743.05102503619639,10.578428905117951,34.659632754139125,32414.540374119522,44083.291859090656,-1.0703260101407693e-06,1.5677082302873644e-16,1.0095525824050963e-14
1709,0.00027674162619564812,11.158515577526996,684.78451193265175,743.14752722849175,10.581161584618126,34.665067638437542,32437.885527200131,44104.806697452892,-1.0711624777396988e-06,1.5677082302873644e-16,1.0095525824050963e-14
1710,0.00027669933004360344,11.163751357420875,684.67641853039686,743.24371606447824,10.583903854090494,34.670506192095139,32461.233707054038,44126.318139344301,-1.0720001434214574e-06,1.5677082302873644e-16,1.0095525824050963e-14
1711,0.00027665705262619992,11.168999515471816,684.56836441930409,743.33959544653783,10.586655697088204,34.675948404980211,32484.584903898631,44147.826185998383,-1.0728386210790021e-06,1.5677082302873644e-16,1.0095525824050963e-14
1712,0.00027661479392421712,11.174259902571706,684.46034965258752,743.43516910237406,10.589417097340199,34.68139426713352,32507.939108071118,44169.330838650341,-1.0736757499777987e-06,1.5677082302873644e-16,1.0095525824050963e-14
1713,0.00027657255391854937,11.179532376065765,684.35237427945333,743.53044059835588,10.592188038744288,34.686843768761356,32531.296310023252,44190.832098536986,-1.074517431242559e-06,1.5677082302873644e-16,1.0095525824050963e-14
1714,0.00027653033259019956,11.184816799276048,684.24443834539977,743.62541335143214,10.594968505359878,34.692296900228854,32554.656500316429,44212.329966896643,-1.0753546295499389e-06,1.5677082302873644e-16,1.0095525824050963e-14
1715,0.00027648812992027433,11.190113041072863,684.13654189248928,743.72009063984501,10.597758481401002,34.697753652051645,32578.019669617221,44233.824444968996,-1.0761944374805288e-06,1.5677082302873644e-16,1.0095525824050963e-14
1716,0.00027644594588997296,11.195420975489208,684.02868495957625,743.81447561276991,10.600557951230764,34.703214014891131,32601.385808693103,44255.315533994974,-1.0770332412537783e-06,1.5677082302873644e-16,1.0095525824050963e-14
1717,0.00027640378048059263,11.200740481372302,683.92086758255107,743.90857129902577,10.603366899355315,34.708677979547907,32624.754908408609,44276.803235216736,-1.0778725633242863e-06,1.5677082302873644e-16,1.0095525824050963e-14
1718,0.00027636163367351501,11.206071442068041,683.8130897945166,744.00238061496566,10.606185310418427,34.714145536956558,32648.126959721605,44298.287549877481,-1.0787101121624501e-06,1.5677082302873644e-16,1.0095525824050963e-14
1719,0.00027631950545020076,11.211413745133394,683.70535162596389,744.09590637166525,10.609013169196858,34.719616678180536,32671.50195367993,44319.768479221406,-1.0795496738495242e-06,1.5677082302873644e-16,1.0095525824050963e-14
1720,0.00027627739579219135,11.216767282075978,683.59765310495061,744.18915128143385,10.611850460595385,34.725091394407762,32694.879881418146,44341.246024493666,-1.0803892233290584e-06,1.5677082302873644e-16,1.0095525824050963e-14
1721,0.00027623530468110771,11.222131948114425,683.4899942572564,744.28211796380617,10.614697169642746,34.730569676944896,32718.260734154588,44362.720186940227,-1.0812284466928882e-06,1.5677082302873644e-16,1.0095525824050963e-14
1722,0.00027619323209863739,11.227507641959726,683.3823751064956,744.3748089510068,10.617553281487108,34.736051517215294,32741.644503188454,44384.19096780783,-1.0820693536508418e-06,1.5677082302873644e-16,1.0095525824050963e-14
1723,0.00027615117802653999,11.232894265614847,683.27479567426383,744.46722669296219,10.620418781392374,34.741536906752437,32765.03117989724,44405.658368343946,-1.0829082896143074e-06,1.5677082302873644e-16,1.0095525824050963e-14
1724,0.00027610914244664147,11.238291724190004,683.16725598024641,744.55937356191646,10.623293654734667,34.747025837198485,32788.420755734129,44427.122389796685,-1.0837482063663945e-06,1.5677082302873644e-16,1.0095525824050963e-14
1725,0.00027606712534082839,11.243699925732503,683.05975604231799,744.6512518566874,10.626177886998882,34.752518300299691,32811.813222225697,44448.583033414739,-1.0845879337272222e-06,1.5677082302873644e-16,1.0095525824050963e-14
1726,0.00027602512669105592,11.249118781069308,682.95229587666518,744.74286380660055,10.629071463775064,34.758014287902739,32835.208570969633,44470.040300447341,-1.0854285640972039e-06,1.5677082302873644e-16,1.0095525824050963e-14
1727,0.00027598314647933191,11.254548203662498,682.84487549784455,744.83421157510418,10.63197437075565,34.763513791952846,32858.6067936326,44491.4941921442,-1.0862672489341374e-06,1.5677082302873644e-16,1.0095525824050963e-14
1728,0.00027594118468772429,11.259988109473506,682.73749491888987,744.92529726316241,10.634886593732366,34.769016804489027,32882.007881948281,44512.94470975548,-1.0871045637363252e-06,1.5677082302873644e-16,1.0095525824050963e-14
1729,0.00027589924129835789,11.265438416838743,682.63015415138818,745.01612291236472,10.637808118593615,34.77452331764313,32905.411827715361,44534.391854531714,-1.0879470123321549e-06,1.5677082302873644e-16,1.0095525824050963e-14
1730,0.0002758573162934108,11.27089904635319,682.52285320554711,745.1066905078369,10.640738931321646,34.780033323635465,32928.818622795829,44555.835627723776,-1.0887901560601763e-06,1.5677082302873644e-16,1.0095525824050963e-14
1731,0.00027581540965511582,11.276369920761773,682.41559209027059,745.19700198095563,10.643679017989996,34.785546814772879,32952.228259113144,44577.276030582827,-1.0896293525674186e-06,1.5677082302873644e-16,1.0095525824050963e-14
1732,0.00027577352136575129,11.281850964858377,682.30837081320431,745.28705921187384,10.646628364761449,34.79106378344752,32975.640728650666,44598.71306436033,-1.090470954308777e-06,1.5677082302873644e-16,1.0095525824050963e-14
1733,0.00027573165140765273,11.287342105391929,682.20118938082555,745.37686403186831,10.649586957885216,34.796584222132154,32999.056023450008,44620.146730307941,-1.091314438452764e-06,1.5677082302873644e-16,1.0095525824050963e-14
1734,0.00027568979976319764,11.292843270977349,682.09404779846602,745.46641822556626,10.652554783695141,34.802108123380002,33022.47413560962,44641.577029677501,-1.092157042258742e-06,1.5677082302873644e-16,1.0095525824050963e-14
1735,0.00027564796641481467,11.298354392013387,681.98694607038806,745.55572353299851,10.655531828607677,34.80763547982091,33045.895057283262,44663.003963720992,-1.093000844147549e-06,1.5677082302873644e-16,1.0095525824050963e-14
1736,0.00027560615134497737,11.303875400604877,681.87988419982196,745.64478165154469,10.658518079119339,34.813166284161042,33069.318780678746,44684.427533690534,-1.093845679491792e-06,1.5677082302873644e-16,1.0095525824050963e-14
1737,0.00027556435453620308,11.309406230489927,681.77286218901077,745.73359423775173,10.661513521805473,34.81870052917985,33092.745298056499,44705.847740838319,-1.0946889634321272e-06,1.5677082302873644e-16,1.0095525824050963e-14
1738,0.00027552257597105562,11.314946816971275,681.66588003926279,745.82216290905137,10.664518143317954,34.824238207728037,33116.174601728417,44727.264586416612,-1.095530257543484e-06,1.5677082302873644e-16,1.0095525824050963e-14
1739,0.00027548081563214064,11.320497096852064,681.55893775098366,745.91048924536483,10.667531930383605,34.82977931272665,33139.606684056584,44748.678071677699,-1.0963739373568937e-06,1.5677082302873644e-16,1.0095525824050963e-14
1740,0.00027543907350210603,11.326057008374944,681.45203532371636,745.99857479062632,10.670554869802654,34.835323837164601,33163.041537452169,44770.08819787384,-1.0972188128116243e-06,1.5677082302873644e-16,1.0095525824050963e-14
1741,0.00027539728856364534,11.331556623377178,681.34506744161877,746.00566774890376,10.673585049255674,34.840869872267028,33186.477880520491,44791.494964458085,-1.0980621382575946e-06,1.5677082302873644e-16,1.0095525824050963e-14
1742,0.00027535552227989606,11.33700874754304,681.23817779328374,746.01394797809064,10.676620608537862,34.846415562853309,33209.914467737144,44812.898371847987,-1.0989064211234676e-06,1.5677082302873644e-16,1.0095525824050963e-14
1743,0.00027531377446534332,11.342433787905261,681.13135258945874,746.02290530236837,10.679661585086535,34.851960953943824,33233.35132636378,44834.298422230306,-1.0997526983525476e-06,1.5677082302873644e-16,1.0095525824050963e-14
1744,0.00027527204504192778,11.347838970279444,681.02458691418906,746.03235907634712,10.682708003067784,34.857506076890118,33256.788474525776,44855.69511754407,-1.1005972082786598e-06,1.5677082302873644e-16,1.0095525824050963e-14
1745,0.00027523033395727173,11.353228445387723,680.917877923795,746.04220553197354,10.685759880432006,34.863050956636627,33280.225926068153,44877.088459611492,-1.1014397350027439e-06,1.5677082302873644e-16,1.0095525824050963e-14
1746,0.00027518864117047782,11.358604995155645,680.8112236973725,746.05237512110887,10.688817231261964,34.868595614139501,33303.663692172326,44898.478450181523,-1.1022857565710631e-06,1.5677082302873644e-16,1.0095525824050963e-14
1747,0.00027514696664701139,11.363970647227569,680.70462282272956,746.06281715264413,10.691880066935422,34.874140067562919,33327.101782156358,44919.865090951425,-1.1031330585359079e-06,1.5677082302873644e-16,1.0095525824050963e-14
1748,0.0002751053103562981,11.369326960705536,680.59807420376683,746.07349264902825,10.694948396805197,34.879684332979338,33350.540203942757,44941.248383579426,-1.1039786908581027e-06,1.5677082302873644e-16,1.0095525824050963e-14
1749,0.00027506367227045131,11.374675179973464,680.49157695681924,746.08437050066334,10.698022228637399,34.885228424821221,33373.978964360533,44962.628329692845,-1.1048240061330509e-06,1.5677082302873644e-16,1.0095525824050963e-14
1750,0.00027502205236350008,11.380016325964741,680.38513034910159,746.09542518421483,10.701101568914554,34.89077235619245,33397.418069353691,44984.004930893752,-1.105670481124275e-06,1.5677082302873644e-16,1.0095525824050963e-14
1751,0.00027498045061090235,11.385351254235635,680.27873375954584,746.10663531077569,10.704186423055296,34.896316139094615,33420.857524132363,45005.378188763025,-1.1065182068651422e-06,1.5677082302873644e-16,1.0095525824050963e-14
1752,0.00027493886698922029,11.390680693927715,680.17238665252898,746.1179826518071,10.707276795579078,34.901859784597278,33444.297333286449,45026.748104863407,-1.1073673971619919e-06,1.5677082302873644e-16,1.0095525824050963e-14
1753,0.00027489730147588789,11.396005275015376,680.06608855948309,746.1294514579489,10.710372690234237,34.90740330296898,33467.737500873583,45048.114680741921,-1.1082150472161127e-06,1.5677082302873644e-16,1.0095525824050963e-14
1754,0.00027485575404904842,11.401325548014446,679.95983906560525,746.14102796630527,10.713474110099476,34.912946703781721,33491.178030488903,45069.477917931763,-1.1090605780413342e-06,1.5677082302873644e-16,1.0095525824050963e-14
1755,0.00027481422468743149,11.406641998636077,679.85363779997022,746.15270003409807,10.716581057665229,34.918489995995941,33514.618925321469,45090.837817953776,-1.1099086654741647e-06,1.5677082302873644e-16,1.0095525824050963e-14
1756,0.00027477271337025269,11.411955058939213,679.74748442798727,746.16445685985298,10.719693534901543,34.924033188028666,33538.060188200536,45112.194382317779,-1.1107574982644932e-06,1.5677082302873644e-16,1.0095525824050963e-14
1757,0.00027473122007714901,11.41726511598827,679.64137864557631,746.17628876695983,10.722811543313957,34.92957628781226,33561.5018216342,45133.547612523522,-1.1116036408618494e-06,1.5677082302873644e-16,1.0095525824050963e-14
1758,0.00027468974478811594,11.422572518690011,679.53532017454017,746.18818703274951,10.725935083990418,34.935119302842502,33584.943827841918,45154.897510061652,-1.1124511374497563e-06,1.5677082302873644e-16,1.0095525824050963e-14
1759,0.00027464828748345978,11.427877583272785,679.42930875885952,746.20014375151368,10.729064157642267,34.940662240220341,33608.386208782285,45176.244076414419,-1.1133030583988531e-06,1.5677082302873644e-16,1.0095525824050963e-14
1760,0.00027460684814376496,11.433180597736456,679.32334416170102,746.21215172325526,10.732198764638316,34.946205106688019,33631.828966176858,45197.587313056356,-1.1141530917135186e-06,1.5677082302873644e-16,1.0095525824050963e-14
1761,0.00027456542674985697,11.438481825507626,679.21742616293261,746.22420436230937,10.735338905034936,34.951747908658675,33655.272101530871,45218.927221454811,-1.1150019743803668e-06,1.5677082302873644e-16,1.0095525824050963e-14
1762,0.00027452402328278174,11.443781508473915,679.11155455708627,746.23629562148528,10.738484578602911,34.957290652244765,33678.715616151298,45240.263803070447,-1.1158533128554243e-06,1.5677082302873644e-16,1.0095525824050963e-14
1763,0.00027448263772377764,11.44907986952669,679.00572915162354,746.2484199284994,10.741635784849629,34.962833343281247,33702.159511162747,45261.597059357679,-1.1167042725479628e-06,1.5677082302873644e-16,1.0095525824050963e-14
1764,0.00027444127005426221,11.454377114708242,678.89994976549724,746.26057213229387,10.744792523040276,34.968375987346796,33725.603787521504,45282.926991765074,-1.1175541611160858e-06,1.5677082302873644e-16,1.0095525824050963e-14
1765,0.00027439992025581707,11.459673435040237,678.79421622791631,746.27274745732723,10.747954792215408,34.97391858978169,33749.048446028064,45304.253601735662,-1.1184058832566781e-06,1.5677082302873644e-16,1.0095525824050963e-14
1766,0.00027435858831016913,11.464969008091652,678.68852837727263,746.28494146437538,10.751122591207546,34.979461155706197,33772.49348733823,45325.576890707256,-1.1192565025332513e-06,1.5677082302873644e-16,1.0095525824050963e-14
1767,0.00027431727419918365,11.47026399933039,678.58288606023837,746.29715001674026,10.754295918655638,34.985003690033544,33795.9389119732,45346.896860112734,-1.1201075257049967e-06,1.5677082302873644e-16,1.0095525824050963e-14
1768,0.00027427597790484937,11.475558563296572,678.47728913096034,746.30936925091896,10.757474773017897,34.990546197485486,33819.38472032857,45368.213511380251,-1.1209589566085694e-06,1.5677082302873644e-16,1.0095525824050963e-14
1769,0.00027423469940927625,11.480852844626549,678.37173745038331,746.32159555100282,10.760659152584022,34.99608868260232,33842.830912682512,45389.526845933498,-1.1218108765113056e-06,1.5677082302873644e-16,1.0095525824050963e-14
1770,0.00027419343869468241,11.486146978949913,678.26623088563065,746.33382552625221,10.763849055486093,35.001631149756065,33866.277489203188,45410.83686519193,-1.1226622205669526e-06,1.5677082302873644e-16,1.0095525824050963e-14
1771,0.00027415219574338569,11.491441093679809,678.16076930946451,746.34605599133806,10.76704447970765,35.007173603159295,33889.724449955538,45432.143570570865,-1.1235167319559829e-06,1.5677082302873644e-16,1.0095525824050963e-14
1772,0.00027411097053780235,11.496735308712424,678.0553525998248,746.35828394885596,10.77024542309354,35.012716046874786,33913.171794907386,45453.446963481751,-1.1243693016486203e-06,1.5677082302873644e-16,1.0095525824050963e-14
1773,0.00027406976306043829,11.502029737047904,677.94998063940011,746.37050657380234,10.773451883357566,35.018258484823974,33936.619523935144,45474.747045332238,-1.125224145780305e-06,1.5677082302873644e-16,1.0095525824050963e-14
1774,0.00027402857329388654,11.507324485343631,677.84465331525882,746.38272119974238,10.776663858090183,35.023800920794272,33960.067636829044,45496.043817526384,-1.126077166803126e-06,1.5677082302873644e-16,1.0095525824050963e-14
1775,0.0002739874012208222,11.512619654409226,677.73937051851203,746.39492530643599,10.779881344765563,35.02934335844737,33983.516133297802,45517.337281464766,-1.1269296789459332e-06,1.5677082302873644e-16,1.0095525824050963e-14
1776,0.00027394624682399311,11.517915339651237,677.63413214399895,746.4071165087189,10.783104340747794,35.034885801324457,34006.965012973153,45538.627438544587,-1.1277830494531777e-06,1.5677082302873644e-16,1.0095525824050963e-14
1777,0.00027390511008622579,11.523211631472648,677.52893809003911,746.41929254651723,10.786332843296988,35.040428252853395,34030.41427541391,45559.914290159817,-1.1286362560306028e-06,1.5677082302873644e-16,1.0095525824050963e-14
1778,0.00027386399099041349,11.528508615635054,677.42378825816604,746.43145127579021,10.789566849574575,35.045970716353708,34053.863920109667,45581.197837701249,-1.1294882624324776e-06,1.5677082302873644e-16,1.0095525824050963e-14
1779,0.00027382288951951968,11.533806373583825,677.31868255292181,746.44359066040442,10.792806356648624,35.051513195042652,34077.313946484413,45602.478082556685,-1.1303406228530051e-06,1.5677082302873644e-16,1.0095525824050963e-14
1780,0.00027378180565657044,11.53910498274689,677.2136208816429,746.45570876466093,10.79605136149843,35.057055692038787,34100.764353899773,45623.755026110921,-1.1311951168026928e-06,1.5677082302873644e-16,1.0095525824050963e-14
1781,0.0002737407393846521,11.544404516803157,677.10860315427749,746.46780374658783,10.799301861019149,35.062598210367497,34124.215141658031,45645.028669745901,-1.132048820052592e-06,1.5677082302873644e-16,1.0095525824050963e-14
1782,0.00027369969068691361,11.549705045929723,677.00362928322966,746.47987385175679,10.802557852025613,35.068140752965718,34147.666309005006,45666.299014840799,-1.1329055692580505e-06,1.5677082302873644e-16,1.0095525824050963e-14
1783,0.00027365865954656106,11.555006637026422,676.89869918319812,746.49191740767287,10.805819331256385,35.073683322684367,34171.117855132688,45687.56606277205,-1.1337571361884947e-06,1.5677082302873644e-16,1.0095525824050963e-14
1784,0.00027361764594685653,11.560309353922458,676.79381277103812,746.50393281860511,10.809086295377483,35.079225922294093,34194.569779181766,45708.829814913443,-1.13461346057157e-06,1.5677082302873644e-16,1.0095525824050963e-14
1785,0.00027357664987111291,11.565613257564758,676.68896996562478,746.515918560881,10.81235874098541,35.084768554486573,34218.0220802439,45730.090272636196,-1.1354688945018179e-06,1.5677082302873644e-16,1.0095525824050963e-14
1786,0.00027353567130269739,11.570918406193256,676.58417068774634,746.52787317850175,10.815636664610814,35.090311221879453,34241.474757363998,45751.347437309014,-1.1363240943960897e-06,1.5677082302873644e-16,1.0095525824050963e-14
1787,0.0002734947102250276,11.576224855500056,676.47941485999081,746.53979527916511,10.818920062721126,35.095853927018609,34264.927809542227,45772.601310298123,-1.137180158584175e-06,1.5677082302873644e-16,1.0095525824050963e-14
1788,0.00027345376662157134,11.581532658777613,676.3747024066472,746.55168353055967,10.822208931723464,35.101396672381959,34288.381235735949,45793.851892967352,-1.1380349064506894e-06,1.5677082302873644e-16,1.0095525824050963e-14
1789,0.00027341284047584176,11.5868418670556,676.27003325360454,746.56353665694326,10.82550326796726,35.1069394603809,34311.835034861586,45815.099186678191,-1.1388930058100436e-06,1.5677082302873644e-16,1.0095525824050963e-14
1790,0.00027337193177139952,11.592152529227466,676.16540732827343,746.57535343597999,10.828803067746843,35.112482293363485,34335.289205796304,45836.343192789813,-1.1397484390427177e-06,1.5677082302873644e-16,1.0095525824050963e-14
1791,0.00027333104049185187,11.597464692167231,676.06082455950752,746.58713269581915,10.832108327303924,35.118025173617767,34358.743747379689,45857.583912659145,-1.1406032165561143e-06,1.5677082302873644e-16,1.0095525824050963e-14
1792,0.00027329016662084883,11.602778400839188,675.95628487752151,746.59887331235359,10.8354190428294,35.123568103372541,34382.198658415276,45878.821347640871,-1.1414628777829817e-06,1.5677082302873644e-16,1.0095525824050963e-14
1793,0.00027324931014208442,11.608093698398889,675.85178821382829,746.61057420669431,10.838735210466101,35.129111084800464,34405.653937671959,45900.055499087539,-1.1423187183986965e-06,1.5677082302873644e-16,1.0095525824050963e-14
1794,0.00027320847103929274,11.613410626287234,675.74733450116742,746.62223434281907,10.842056826310101,35.134654120020272,34429.109583885482,45921.286368349531,-1.1431777985466724e-06,1.5677082302873644e-16,1.0095525824050963e-14
1795,0.00027316764929625304,11.618729224318617,675.64292367345934,746.63385272536789,10.845383886413288,35.140197211097757,34452.565595759632,45942.513956775161,-1.1440366879082412e-06,1.5677082302873644e-16,1.0095525824050963e-14
1796,0.00027312684489678144,11.624049530762973,675.53855566573156,746.64542839759224,10.848716386784588,35.145740360049068,34476.021971967566,45963.738265710694,-1.1448958493235529e-06,1.5677082302873644e-16,1.0095525824050963e-14
1797,0.00027308605782473526,11.62937158242257,675.43423041407846,746.65696043943569,10.852054323392057,35.151283568841457,34499.478711152944,45984.959296500325,-1.1457530362565078e-06,1.5677082302873644e-16,1.0095525824050963e-14
1798,0.00027304528806401044,11.634695414703291,675.32994785560788,746.66844796575106,10.855397692164425,35.156826839394725,34522.9358119311,46006.177050486302,-1.146611279316044e-06,1.5677082302873644e-16,1.0095525824050963e-14
1799,0.00027300453559854206,11.640021061682756,675.22570792839826,746.6798901245977,10.858746488992541,35.162370173583838,34546.393272890055,46027.391529008884,-1.1474711822521984e-06,1.5677082302873644e-16,1.0095525824050963e-14
1800,0.0002729638004122993,11.645348556172396,675.12151057144501,746.69128609569009,10.862100709731029,35.167913573240341,34569.851092591598,46048.602733406427,-1.1483279481994257e-06,1.5677082302873644e-16,1.0095525824050963e-14
