time_s,j_water_kg_m2_s,T_surface_C,latent_W_m2,convective_W_m2,mean_T_C,mean_T0_C,cum_conv_J,cum_latent_J,energy_balance_J,max_linear_backward_error,max_scaled_residual
0,0.00046758386478873242,28,1138.3516221827606,0,27.999999999999986,27.999999999999986,0,0,0,0,0
1,0.0004616190210350645,26.570302855137257,1125.3941131601459,35.962428621568506,27.948141743925781,28.00000507175643,0.75678666025708918,35.490801136593916,-1.0864566932704907e-09,1.4212831329526363e-16,9.9855938163372746e-15
2,0.00045917233729300319,25.999147177170549,1120.0508269866618,50.461320570736312,27.897535602953987,28.000020143736911,2.1279515302411092,70.757329371379384,-2.285106464461218e-09,1.4378149050855197e-16,9.9855938163372746e-15
3,0.00045730453877853363,25.569087781628692,1115.9608430801666,61.432805459282669,27.847732909180277,28.000045077817305,3.8917306100418516,105.87833288362825,-2.4129918551392013e-09,1.4378149050855197e-16,9.9855938163372746e-15
4,0.00045573628326419025,25.212006224889553,1112.5195091703749,70.579844377761162,27.798573671297202,28.000079772392166,5.9690626166533587,140.88191057576208,-2.5646670485778539e-09,1.4378149050855197e-16,9.9855938163372746e-15
5,0.00045435943995126638,24.901525295393405,1109.4927672575832,78.5618676151648,27.749965478166786,28.000124143097004,8.3142912385842251,175.78430196638027,-2.7431335845110816e-09,1.4378149050855197e-16,9.9855938163372746e-15
6,0.00045311854941625795,24.624121023291497,1106.760559218143,85.716974417712606,27.701846011342553,28.000178116359216,10.896635080497953,210.5964657798815,-2.9050079376140765e-09,1.4378149050855197e-16,9.9855938163372746e-15
7,0.00045198066620917164,24.371761813510979,1104.2515587379635,92.2459546622255,27.654169545527896,28.000241626204406,13.693513917252641,245.32644802562268,-3.0665997515695546e-09,1.4378149050855197e-16,9.9855938163372746e-15
8,0.00045092432499478077,24.139216097955686,1101.9192898314961,98.279597551107841,27.606900671134554,28.000314612387442,16.6874455876337,279.98048344399331,-3.2348200961116624e-09,1.4378149050855197e-16,9.9855938163372746e-15
9,0.00044993465706527429,23.922850926703319,1099.7315680998245,103.90872683241703,27.56001091204547,28.000397019182202,19.86437540853133,314.56359029985981,-4.3533558495156e-09,1.4378149050855197e-16,9.9855938163372746e-15
10,0.00044900075474804338,23.720022034678024,1097.6647580723625,109.19944913304943,27.513476723893913,28.000488794553338,23.212685073231956,349.0799200109056,-5.4701708193976891e-09,1.4378149050855197e-16,9.9855938163372746e-15
11,0.00044811442757339797,23.528733751006442,1095.7011227347398,114.20165622483891,27.467278218767685,28.000589889544351,26.722561550731449,383.53298022254955,-6.5961368226612917e-09,1.4378149050855197e-16,9.9855938163372746e-15
12,0.00044726931198906135,23.347436047011346,1093.8268801252743,118.95409882471641,27.421398305918768,28.000700257824217,30.385573879255926,417.92578714306211,-7.7193402160826894e-09,1.4378149050855197e-16,9.9855938163372746e-15
13,0.00044646034723165454,23.174896600281429,1092.0310688434149,123.48758499296429,27.375822092677879,28.00081985533259,34.194377044233107,452.26097068246389,-8.8346081418924862e-09,1.4378149050855197e-16,9.9855938163372746e-15
14,0.00044568342999328473,23.010116520350014,1090.3048005270625,127.82708699124959,27.330536450976879,28.000948640000203,38.142497733899994,486.54085054564695,-9.9627650061547573e-09,1.4378149050855197e-16,9.9855938163372746e-15
15,0.00044493517855239426,22.852272802347979,1088.6407492529345,131.99317994130047,27.285529694878274,28.001086571519803,42.224174971940656,520.76749285202334,-1.1083379834372001e-08,1.4378149050855197e-16,9.9855938163372746e-15
16,0.00044421276673202345,22.700677826005453,1087.0327920781538,136.00305434986373,27.240791335024401,28.001233611160231,46.434238774180351,554.94275325812976,-1.2207886600652749e-08,1.4378149050855197e-16,9.9855938163372746e-15
17,0.00044351380396956386,22.554750108095266,1085.4757493947648,139.87124729761834,27.196311887911108,28.0013897216092,50.768015902387887,589.06831045927458,-1.3330509612756079e-08,1.4378149050855197e-16,9.9855938163372746e-15
18,0.00044283624675110555,22.41399270773627,1083.9651931790406,143.61018230659317,27.152082725175845,28.001554866841349,55.221255398064038,623.1456926665428,-1.4453066137366165e-08,1.4378149050855197e-16,9.9855938163372746e-15
19,0.00044217833193250665,22.277976971004311,1082.4973026207952,147.23057572489228,27.108095952718685,28.001729012005203,59.790068858608635,657.17629884704877,-1.5580770581485887e-08,1.4378149050855197e-16,9.9855938163372746e-15
20,0.00044153852567889153,22.14633008503607,1081.0687535645204,150.74174787409831,27.064344312464353,28.001912123325827,64.470881903081292,691.16141598863874,-1.6707175097016399e-08,1.4378149050855197e-16,9.9855938163372746e-15
21,0.00044091548377138504,22.018725404291168,1079.6766325599772,154.15186489272079,27.020821101586787,28.00210416802031,69.260394268446007,725.10223329767848,-1.7831107411355526e-08,1.4378149050855197e-16,9.9855938163372746e-15
22,0.00044030802033320359,21.894874829786627,1078.3183691408694,157.46812925533425,26.977520105400274,28.002305114222807,74.155546658180597,758.99985399688967,-1.8958639205984597e-08,1.4378149050855197e-16,9.9855938163372746e-15
23,0.00043971508289028749,21.774522732725089,1076.9916818184097,160.6969316818728,26.934435541077892,28.002514930920356,79.15349294176265,792.85530522102397,-2.008558041728024e-08,1.4378149050855197e-16,9.9855938163372746e-15
24,0.00043913573226551721,21.657441056441492,1075.694534540389,163.84397358896274,26.891562010052695,28.002733587893513,84.251576643485294,826.66954638748086,-2.1207958014236381e-08,1.4378149050855197e-16,9.9855938163372746e-15
25,0.00043856912620862887,21.543425328913937,1074.4251012389188,166.91436677715154,26.848894457448615,28.002961055665939,89.447310905638261,860.44347633142127,-2.2333228580119835e-08,1.4378149050855197e-16,9.9855938163372746e-15
26,0.00043801450594699038,21.432291387150386,1073.1817367027147,169.91271532124034,26.806428137263996,28.003197305456322,94.738361292705562,894.17793943043807,-2.34572017897171e-08,1.4378149050855197e-16,9.9855938163372746e-15
27,0.00043747118504447306,21.3238726640439,1071.9629524472609,172.84318339890251,26.764158582295405,28.003442309138073,100.12253093886711,927.87373089567438,-2.458256687683685e-08,1.4378149050855197e-16,9.9855938163372746e-15
28,0.00043693854010202782,21.21801792399237,1070.7673965730653,175.70955190019069,26.722081578008332,28.003696039201216,105.59774764368126,961.53160136982069,-2.5708538199099912e-08,1.4378149050855197e-16,9.9855938163372746e-15
29,0.00043641600294099967,21.114589359778851,1069.5938368347856,178.5152660055287,26.68019313970678,28.00395846871691,111.16205259931859,995.15226094457341,-2.6832420506124447e-08,1.4378149050855197e-16,9.9855938163372746e-15
30,0.00043590305399009323,21.013460982685622,1068.4411463169315,181.26347543285942,26.638489492490976,28.004229571307846,116.81359049342529,1028.7363826885221,-2.7957673065886782e-08,1.4378149050855197e-16,9.9855938163372746e-15
31,0.00043539921665692634,20.9145172524521,1067.3082912418204,183.95706868869749,26.596967053575625,28.004509321118643,122.55060077910747,1062.2846057596244,-2.9085218201612859e-08,1.4378149050855197e-16,9.9855938163372746e-15
32,0.00043490405251074397,20.817651904806631,1066.1943205342541,186.59870237983424,26.555622416626179,28.004797692789506,128.37140994089694,1095.7975381631245,-3.0211875849199614e-08,1.4378149050855197e-16,9.9855938163372746e-15
33,0.0004344171802660113,20.722766887555199,1065.0984136053819,189.19082781111999,26.514452336265851,28.005094661433521,134.27442451752452,1129.2757601524822,-2.9622560530366754e-08,1.4378149050855197e-16,9.9855938163372746e-15
34,0.00043393820080119347,20.629771620596671,1064.0196974111491,191.73570948508319,26.473453717858703,28.005400202611934,140.25812531661524,1162.7198252820242,-2.9036775457634155e-08,1.4378149050855197e-16,9.9855938163372746e-15
35,0.00043346676767019111,20.538582157387896,1062.9574202822901,194.23544606530248,26.432623606826521,28.005714292315485,146.3210615073138,1196.1302616607179,-2.8442461151276523e-08,1.4378149050855197e-16,9.9855938163372746e-15
36,0.00043300255900717864,20.449120518778081,1061.9108838326902,196.69198703054792,26.391959177455735,28.006036906944853,152.46184580780121,1229.5075746345142,-2.7855561355771957e-08,1.4378149050855197e-16,9.9855938163372746e-15
37,0.00043254527515295397,20.361314122450821,1060.8794378096388,199.1071469387295,26.351457723864488,28.00636802329339,158.67915002636707,1262.8522483775896,-2.7264697772112832e-08,1.4378149050855197e-16,9.9855938163372746e-15
38,0.00043209463656823546,20.275095275976401,1059.8624755720573,201.48261810059003,26.311116651828879,28.00670761852961,164.97170102594424,1296.1647473319697,-2.6668745911495384e-08,1.4378149050855197e-16,9.9855938163372746e-15
39,0.00043165038199249244,20.190400728881716,1058.8594301013525,203.81998177795708,26.270933471366035,28.007055670183146,171.33827706309833,1329.4455175136793,-2.6077792689615858e-08,1.4378149050855197e-16,9.9855938163372746e-15
40,0.00043121226681381398,20.107171275933201,1057.8697704695596,206.12071810166998,26.230905789989144,28.007412156129213,177.77770445822404,1362.694987700932,-2.5485610691664485e-08,1.4378149050855197e-16,9.9855938163372746e-15
41,0.00043078006162107073,20.02535140474976,1056.8929987024073,208.38621488125602,26.191031306556877,28.007777054575623,184.28885455949901,1395.9135705177171,-2.4890002734880942e-08,1.4378149050855197e-16,9.9855938163372746e-15
42,0.00043035355091400844,19.944888981869436,1055.9286469844819,210.61777545326404,26.151307805651868,28.00815034405051,190.87064096814692,1429.1016634243363,-2.4295422827337187e-08,1.4378149050855197e-16,9.9855938163372746e-15
43,0.00042993253195068581,19.865734972280002,1054.9762751618762,212.81662569299993,26.111733152430737,28.008532003390211,197.52201699682138,1462.2596496249184,-2.3698401411844826e-08,1.4378149050855197e-16,9.9855938163372746e-15
44,0.0004295168137148994,19.787843188158707,1054.0354685047628,214.98392029603232,26.072305287896949,28.008922011728046,204.24197333654354,1495.3878989006491,-2.3099306458530399e-08,1.4378149050855197e-16,9.9855938163372746e-15
45,0.0004291062159885491,19.711170063192156,1053.1058356972626,217.12074842019609,26.03302222455298,28.009320348484156,211.0295359107138,1528.4867683763616,-2.2497373601012568e-08,1.4378149050855197e-16,9.9855938163372746e-15
46,0.0004287005685163088,19.635674449367553,1052.187007027278,219.22813876581114,25.993882042390645,28.009726993354779,217.88376389736126,1561.5566032271827,-2.1897489168663617e-08,1.4378149050855197e-16,9.9855938163372746e-15
47,0.00042829971025152268,19.561317433559122,1051.2786327522656,221.30706416102191,25.954882885192898,28.01014192630435,224.80374790305495,1594.5977373311357,-2.1300384218720731e-08,1.4378149050855197e-16,9.9855938163372746e-15
48,0.00042790348867397193,19.488062171606167,1050.3803816207169,223.35844570984582,25.916022957108453,28.010565127555541,231.78860827386077,1627.6104938728902,-2.0698818633755736e-08,1.4378149050855197e-16,9.9855938163372746e-15
49,0.00042751175917123206,19.415873737887438,1049.4919395313862,225.38315655281397,25.87730051948143,28.010996577581114,238.83749353040557,1660.5951859032816,-2.0097784774343266e-08,1.4378149050855197e-16,9.9855938163372746e-15
50,0.00042712438447659349,19.344718988656993,1048.6130083150731,227.3820252835751,25.838713887906874,28.011436257096214,245.9495789155759,1693.5521168586592,-1.9499889996579007e-08,1.4378149050855197e-16,9.9855938163372746e-15
51,0.00042674123415728673,19.274566437637326,1047.7433046253761,229.35583905906682,25.800261429494562,28.011884147050715,253.12406504464698,1726.4815810437137,-1.8897797220290542e-08,1.4378149050855197e-16,9.9855938163372746e-15
52,0.00042636218414767802,19.20538614255112,1046.8825589268918,231.30534643622198,25.761941560322629,28.012340228622129,260.36017664874504,1759.3838640810193,-1.8294050147973471e-08,1.4378149050855197e-16,9.9855938163372746e-15
53,0.00042598711632262917,19.137149601440136,1046.0305145704185,233.23125996399659,25.723752743061414,28.012804483208697,267.65716140351225,1792.2592433301722,-1.7692653550237205e-08,1.4378149050855197e-16,9.9855938163372746e-15
54,0.00042561591810698769,19.069829657758198,1045.1869269464701,235.13425855604507,25.685693484758367,28.013276892423018,275.0142888356973,1825.1079882791362,-1.7088511302419311e-08,1.4378149050855197e-16,9.9855938163372746e-15
55,0.00042524848211737741,19.00340041334843,1044.3515627087463,237.0149896662893,25.647762334764852,28.013757438086326,282.43084930113235,1857.9303609101064,-1.6481817853188547e-08,1.4378149050855197e-16,9.9855938163372746e-15
56,0.00042488470583323441,18.937837148520231,1043.5241990609948,238.87407128699419,25.609957882797051,28.0142461022213,289.90615302822351,1890.7266160419963,-1.5875109231729818e-08,1.4378149050855197e-16,9.9855938163372746e-15
57,0.00042452449129415365,18.873116248528351,1042.7046231008844,240.71209378679123,25.57227875711861,28.014742867048074,297.43952922165414,1923.4970016514287,-1.5264665103109721e-08,1.4378149050855197e-16,9.9855938163372746e-15
58,0.00042416774482100677,18.809215135841409,1041.8926312153815,242.52962160396478,25.534723622835596,28.015247714977871,305.03032522152103,1956.241759173935,-1.4654160459971183e-08,1.4378149050855197e-16,9.9855938163372746e-15
59,0.00042381437675861612,18.74611220764999,1041.0880285228436,244.32719480875019,25.497291180294599,28.015760628608028,312.67790571357523,1988.961123786909,-1.4047339180359967e-08,1.4378149050855197e-16,9.9855938163372746e-15
60,0.00042346430123799047,18.683786778129416,1040.2906283575123,246.10533054676455,25.459980163576848,28.016281590717131,320.38165198664638,2021.6553246757092,-1.343550897279876e-08,1.4378149050855197e-16,9.9855938163372746e-15
61,0.00042311706959217451,18.622267898566854,1039.4993027119765,247.91996920249522,25.422790667131615,28.016811890619216,328.14183596566164,2054.3245705043851,-1.2820930150467699e-08,1.4378149050855197e-16,9.9855938163372746e-15
62,0.00042277297187338773,18.561527531874489,1038.7147955456855,249.71514503647106,25.385722780115223,28.01735278090074,335.95871967847836,2086.9690635849925,-1.2206655121482814e-08,1.4378149050855197e-16,9.9855938163372746e-15
63,0.00042243193138774386,18.501533153098258,1037.9369542387192,251.49167117254345,25.348775294623692,28.017904209277575,343.83170592818215,2119.5890157597705,-1.1594749401568627e-08,1.4378149050855197e-16,9.9855938163372746e-15
64,0.00042209387503393394,18.442262155112601,1037.165624895425,253.25011278885157,25.311947040520465,28.018466133037307,351.76021795955251,2152.1846340163393,-1.0987899347042302e-08,1.4378149050855197e-16,9.9855938163372746e-15
65,0.00042175873268482513,18.383694768011601,1036.4006579478907,254.99096413304326,25.27523687943556,28.019038514068612,359.74369552394421,2184.7561205719385,-1.0379411912649589e-08,1.4378149050855197e-16,9.9855938163372746e-15
66,0.00042142643695774882,18.32581282891336,1035.6419088361549,256.714679277166,25.238643702072608,28.019621317195533,367.78159322487556,2217.3036730230797,-9.7648025714691692e-09,1.4378149050855197e-16,9.9855938163372746e-15
67,0.00042109692304479553,18.268599317771049,1034.8892380650368,258.42168372239041,25.202166426394662,28.020214509351341,375.87337946204462,2249.8274845045134,-9.1502635108389848e-09,1.4378149050855197e-16,9.9855938163372746e-15
68,0.0004207701285675436,18.212038125435633,1034.1425110868354,260.11238019744252,25.165803996197742,28.020818059093678,384.01853563373885,2282.3277438467485,-8.5318103641803356e-09,1.4378149050855197e-16,9.9855938163372746e-15
69,0.00042044599344649188,18.15611391609519,1033.4015981247162,261.78715209762015,25.129555379901507,28.021431936289908,392.21655547950132,2314.8046357287881,-7.9113044325171828e-09,1.4378149050855197e-16,9.9855938163372746e-15
70,0.000420124459781417,18.100812035413348,1032.6663739765261,263.44636578133293,25.093419569481156,28.022056111899239,400.46694451095192,2347.2583408249625,-7.2990849788315989e-09,1.4378149050855197e-16,9.9855938163372746e-15
71,0.00041980547174059839,18.04611844367885,1031.9367178148477,265.09037224136199,25.057395579498063,28.022690557813583,408.76921950403954,2379.6890359454969,-6.6791311767516813e-09,1.4378149050855197e-16,9.9855938163372746e-15
72,0.00041948897545775621,17.992019663981328,1031.2125129905378,266.71950840046685,25.021482446211479,28.0233352467359,417.12290803744071,2412.0968941708529,-6.0626526868431799e-09,1.4378149050855197e-16,9.9855938163372746e-15
73,0.00041917491893585761,17.938502740109072,1030.4936468430458,268.33409816393987,24.985679226751554,28.023990152088295,425.52754806758861,2444.4820849799817,-5.4467493464499991e-09,1.4378149050855197e-16,9.9855938163372746e-15
74,0.00041886325195705906,17.885555201139294,1029.7800105187912,269.93445330485093,24.949984998347038,28.024655247934032,433.98268753398838,2476.8447743727702,-4.8341819778817394e-09,1.4378149050855197e-16,9.9855938163372746e-15
75,0.00041855392599832132,17.83316503087536,1029.071498798344,271.52087422811599,24.914398857601753,28.025330508919158,442.48788399034731,2509.1851249868914,-4.2157989373798997e-09,1.4378149050855197e-16,9.9855938163372746e-15
76,0.00041824689415216046,17.78132064094838,1028.3680099322974,273.09365064295719,24.878919919808428,28.026015910219236,451.04270425820778,2541.5032962093778,-3.5960463853123171e-09,1.4378149050855197e-16,9.9855938163372746e-15
77,0.00041794211105218625,17.730010846793768,1027.669445485792,274.6530621634891,24.843547318304715,28.026711427498174,459.64672410053208,2573.79944428317,-2.9733404805940456e-09,1.4378149050855197e-16,9.9855938163372746e-15
78,0.00041763953280301962,17.679224845948376,1026.9757101912658,276.19937885129053,24.808280203858619,28.027417036870169,468.29952791321608,2606.0737224089139,-2.3535978689516822e-09,1.4378149050855197e-16,9.9855938163372746e-15
79,0.00041733911691431874,17.628952198273026,1026.2867118091715,277.73286170984096,24.773117744088587,28.028132714869983,477.00070843286915,2638.3262808422533,-1.7339998294585614e-09,1.4378149050855197e-16,9.9855938163372746e-15
80,0.00041704082223850296,17.579182807800791,1025.6023609959745,279.25376313831356,24.738059122909259,28.028858438423526,485.7498664594724,2670.5572669868707,-1.1075292938769642e-09,1.4378149050855197e-16,9.9855938163372746e-15
81,0.00041674460891212475,17.529906905986028,1024.9225711795443,280.76232735034932,24.703103540005628,28.029594184825417,494.54661059272888,2702.7668254834839,-4.8857511490857569e-10,1.4378149050855197e-16,9.9855938163372746e-15
82,0.00041645043830037393,17.481115036175925,1024.2472584408615,282.25879076226852,24.66825021033112,28.030339931717439,503.39055698108058,2734.9550982950454,1.3387983767126403e-10,1.4378149050855197e-16,9.9855938163372746e-15
83,0.000416158272944725,17.432798039159955,1023.5763414022296,283.74338235433447,24.633498363628291,28.031095657068793,512.28132908249074,2767.1222247883202,7.5823184192717067e-10,1.4378149050855197e-16,9.9855938163372746e-15
84,0.00041586807651340164,17.384947039681908,1022.9097411213048,285.21632400795227,24.598847243971488,28.031861339159864,521.21855743618801,2799.2683418120369,1.3831070264577785e-09,1.4378149050855197e-16,9.9855938163372746e-15
85,0.00041557981375447121,17.337553433817142,1022.2473809906052,286.6778308212381,24.56429610933013,28.032636956566328,530.20187944466079,2831.3935837718118,2.0039272150726019e-09,1.4378149050855197e-16,9.9855938163372746e-15
86,0.00041529345045146309,17.290608877131334,1021.5891866423163,288.12811140504999,24.529844231148729,28.03342248814624,539.23093916525147,2863.498082701989,2.6310121386901231e-09,1.4378149050855197e-16,9.9855938163372746e-15
87,0.00041500895338126979,17.244105273552158,1020.9350858578888,289.5673681611961,24.495490893948258,28.034217913026037,548.30538711076963,2895.5819683345694,3.2487814887297379e-09,1.4378149050855197e-16,9.9855938163372746e-15
88,0.00041472629027426965,17.198034764891908,1020.2850084823388,290.995797544369,24.461235394941127,28.035023210590268,557.42488005858218,2927.6453681653757,3.8759959866619606e-09,1.4378149050855197e-16,9.9855938163372746e-15
89,0.00041444542977645048,17.152389720968294,1019.6388863427734,292.41359030912594,24.427077043663253,28.035838360470052,566.58908086769827,2959.6884075175835,4.5040126943487245e-09,1.4378149050855197e-16,9.9855938163372746e-15
90,0.00041416634141346569,17.107162730276315,1018.9966531710232,293.8209317430921,24.393015161621168,28.036663342533988,575.79765830339022,2991.7112096027768,5.1256788654677399e-09,1.4378149050855197e-16,9.9855938163372746e-15
91,0.00041388899555646578,17.062346591169508,1018.3582445300458,295.21800188742901,24.359049081953884,28.037498136878735,585.05028686894173,3023.7138955796113,5.7519675087071657e-09,1.4378149050855197e-16,9.9855938163372746e-15
92,0.00041361336338965491,17.017934303514082,1017.7235977440151,296.60497574548128,24.325178149106492,28.038342723820968,594.34664664413049,3055.6965846102389,6.3717877254236096e-09,1.4378149050855197e-16,9.9855938163372746e-15
93,0.00041333941687939335,16.973919060781075,1017.0926518316979,297.98202348047312,24.291401718518792,28.039197083889022,603.68642313009514,3087.6593939145773,6.9996167857851808e-09,1.4378149050855197e-16,9.9855938163372746e-15
94,0.00041306712874481633,16.930294242546907,1016.4653474430814,299.34931060299397,24.257719156322619,28.040061197816669,613.06930710024881,3119.602438822551,7.613808977893239e-09,1.4378149050855197e-16,9.9855938163372746e-15
95,0.00041279647242985516,16.887053407376438,1015.8416267989949,300.70699814892237,24.224129839055372,28.040935046535111,622.49499445693118,3151.5258328243754,8.2362180650023292e-09,1.4378149050855197e-16,9.9855938163372746e-15
96,0.00041252742207656162,16.84419028606008,1015.2214336335222,302.05524284849804,24.190633153379444,28.041818611167258,631.9631860935084,3183.4296876189987,8.8638940079368378e-09,1.4378149050855197e-16,9.9855938163372746e-15
97,0.00041225995249971744,16.801698775185674,1014.6047131391782,303.39419728702478,24.157228495816145,28.042711873022306,641.47358776165561,3215.314113160769,9.4865598021673831e-09,1.4378149050855197e-16,9.9855938163372746e-15
98,0.00041199403916258864,16.759572931022234,1013.9914119145323,304.72401005777738,24.123915272486538,28.043614813588817,651.02590994355819,3247.1792177044304,1.0113210486156901e-08,1.4378149050855197e-16,9.9855938163372746e-15
99,0.00041172965815379904,16.717806963696358,1013.3814779142378,306.04482590759108,24.090692898864365,28.044527414530759,660.61986772880732,3279.0251078484966,1.0738501075825623e-08,1.4378149050855197e-16,9.9855938163372746e-15
100,0.00041146678616527712,16.676395231644456,1012.7748604013771,307.35678587555526,24.057560799533686,28.045449657681694,670.25518069575344,3310.8518885771082,1.1366585448161248e-08,1.4378149050855197e-16,9.9855938163372746e-15
101,0.00041120540047113124,16.63533223632389,1012.1715099017795,308.66002742523602,24.024518407961118,28.046381525040022,679.93157279711977,3342.6596633004065,1.1988515650925563e-08,1.4378149050855197e-16,9.9855938163372746e-15
102,0.00041094547890756531,16.594612617167268,1011.5713781606139,309.95468457081836,23.991565166270568,28.04732299876536,689.64877224966938,3374.4485338935228,1.2622831449119731e-08,1.4378149050855197e-16,9.9855938163372746e-15
103,0.0004106869998535674,16.554231146767155,1010.9744181006072,311.24088799748779,23.958700525028785,28.048274061172986,699.4065114277455,3406.2186007342166,1.3250404674326973e-08,1.4378149050855197e-16,9.9855938163372746e-15
104,0.00041042994221252368,16.514182726277653,1010.3805837822817,312.51876517639198,23.925923943038189,28.049234694731368,709.20452676050809,3437.9699627392533,1.3881740263283017e-08,1.4378149050855197e-16,9.9855938163372746e-15
105,0.00041017428539459291,16.474462381019695,1009.7898303658217,313.78844047450752,23.893234887135272,28.050204882056519,719.04255863270021,3469.702717399533,1.4501994545234039e-08,1.4378149050855197e-16,9.9855938163372746e-15
106,0.00040992000929983101,16.435065256279913,1009.2021140745542,315.0500352596689,23.860632831997428,28.051184605910219,728.92035128878979,3501.4169608140655,1.5129805991859694e-08,1.4378149050855197e-16,9.9855938163372746e-15
107,0.00040966709430204583,16.395986613292841,1008.6173921600098,316.30366800101228,23.828117259955629,28.052173849194762,738.83765274033749,3533.1127877228178,1.5764426804154013e-08,1.4378149050855197e-16,9.9855938163372746e-15
108,0.00040941552123332077,16.357221825395495,1008.035622868423,317.54945436511252,23.795687660812629,28.053172594951018,748.79421467645398,3564.7902915384811,1.6389927886686589e-08,1.4378149050855197e-16,9.9855938163372746e-15
109,0.00040916527136919032,16.318766374345401,1007.4567654086405,318.78750730803171,23.763343531668614,28.054180826354532,758.78979237720955,3596.4495643772211,1.7019739625895854e-08,1.4378149050855197e-16,9.9855938163372746e-15
110,0.00040891632641439969,16.28061584679504,1006.8807799212821,320.0179371634573,23.731084376751429,28.055198526712168,768.82414462987674,3628.0906970884207,1.7651764417667105e-08,1.4378149050855197e-16,9.9855938163372746e-15
111,0.00040866866848929902,16.2427659309114,1006.3076274492896,321.24085172721493,23.698909707252234,28.056225679460372,778.89703364788193,3659.7137792834983,1.8277104535068498e-08,1.4378149050855197e-16,9.9855938163372746e-15
112,0.00040842228011674211,16.205212413136916,1005.737269909548,322.45635633824384,23.666819041167088,28.057262268161111,789.00822499235687,3691.3188993638018,1.8894712571190079e-08,1.4378149050855197e-16,9.9855938163372746e-15
113,0.00040817714420951105,16.167951175081924,1005.1696700656441,323.66455395628526,23.634811903143298,28.058308276499787,799.15748749618263,3722.9061445476232,1.952043059914323e-08,1.4378149050855197e-16,9.9855938163372746e-15
114,0.00040793324405827752,16.130978190543342,1004.6047915017954,324.86554523641644,23.602887824329958,28.059363688282492,809.34459319042344,3754.4756008964077,2.014897066149812e-08,1.4378149050855197e-16,9.9855938163372746e-15
115,0.0004076905633200024,16.094289522642114,1004.0425985977149,326.05942860061378,23.571046342234489,28.060428487433644,819.56931723305502,3786.0273533401155,2.0777719995962891e-08,1.4378149050855197e-16,9.9855938163372746e-15
116,0.00040744908600680481,16.057881321075708,1003.4830565044953,327.24630030644067,23.539287000581446,28.061502657993437,829.8314378398959,3817.5614857018445,2.1406099441973449e-08,1.4378149050855197e-16,9.9855938163372746e-15
117,0.00040720879647527212,16.021749819477481,1002.9261311214491,328.42625451306293,23.507609349178747,28.062586184115812,840.13073621765477,3849.0780807216938,2.2029794854984608e-08,1.4378149050855197e-16,9.9855938163372746e-15
118,0.00040696967941614398,15.985891332879641,1002.3717890737461,329.59938334467557,23.476012943784308,28.063679050065421,850.46699649900984,3880.5772200799206,2.2661475742921953e-08,1.4378149050855197e-16,9.9855938163372746e-15
119,0.00040673171984443153,15.95030225527454,1001.8199976910055,330.76577695146989,23.444497345979975,28.064781240217108,860.84000567964165,3912.0589844193937,2.328833168797258e-08,1.4378149050855197e-16,9.9855938163372746e-15
120,0.00040649490308988865,15.914979057268514,1001.2707249866407,331.92552356828713,23.413062123046682,28.065892739051726,871.24955355714746,3943.5234533674115,2.3914874073645236e-08,1.4378149050855197e-16,9.9855938163372746e-15
121,0.00040625933690076972,15.879857186743752,1000.7242992608209,333.00857033140619,23.381705187650947,28.067011878996539,881.6943261682635,3974.9707110308464,2.453783023292824e-08,1.4378149050855197e-16,9.9855938163372746e-15
122,0.00040602488421323773,15.844944543873455,1000.1803759250007,334.08638640316366,23.350424503127112,28.068137039249098,892.17304366758935,4006.4008416975062,2.5165933962934031e-08,1.4378149050855197e-16,9.9855938163372746e-15
123,0.00040579153155896326,15.810255672628866,999.6389084387597,335.15860818427836,23.31921969677347,28.069268249597862,902.68553424073843,4037.8139231839873,2.5792360376979126e-08,1.4378149050855197e-16,9.9855938163372746e-15
124,0.00040555926554972582,15.775793694371099,999.09986146246627,336.22515764072256,23.288090389618603,28.070405528031241,913.23162064349367,4069.2100320763188,2.6417122205783551e-08,1.4378149050855197e-16,9.9855938163372746e-15
125,0.000405328073022421,15.741559107371121,998.56320272989115,337.28602231572199,23.257036202392626,28.07154888702048,923.81112437552906,4100.5892439047284,2.7051170658857345e-08,1.4378149050855197e-16,9.9855938163372746e-15
126,0.00040509794105751987,15.707551276602153,998.02890165629105,338.34121808494626,23.226056757453541,28.072698335615922,934.42386704220223,4131.9516332141466,2.7678726270328674e-08,1.4378149050855197e-16,9.9855938163372746e-15
127,0.00040486885698114042,15.673768969200976,997.49692882679597,339.39077576997556,23.195151679694451,28.073853880487768,945.06967100471422,4163.2972736079037,2.830465513993253e-08,1.4378149050855197e-16,9.9855938163372746e-15
128,0.0004046408083623302,15.640210602553584,996.96725575036839,340.4347349361604,23.164320597032876,28.075015526532756,955.74835974127791,4194.626237780205,2.8932376076370662e-08,1.4378149050855197e-16,9.9855938163372746e-15
129,0.00040441378695991017,15.606874368338124,996.43986446483927,341.47314079154688,23.133563140381717,28.076183277264658,966.45975802513533,4225.9385977137354,2.8725215522078839e-08,1.4378149050855197e-16,9.9855938163372746e-15
130,0.00040418777677350579,15.573758330469367,995.91471800208785,342.50604173826582,23.102878944328072,28.077357135088022,977.20369219073893,4257.2344244925589,2.8513455515598691e-08,1.4378149050855197e-16,9.9855938163372746e-15
131,0.00040396276607398512,15.540860463740026,995.39178999158707,343.53348840649932,23.072267647177146,28.078537101491047,987.97999008671013,4288.5137882240297,2.8307495485643884e-08,1.4378149050855197e-16,9.9855938163372746e-15
132,0.00040373874335447238,15.508178684399203,994.87105465539844,344.55553289001995,23.041728890868704,28.079723177194129,998.78848117719872,4319.7767581964681,2.8104095202379761e-08,1.4378149050855197e-16,9.9855938163372746e-15
133,0.00040351569732475416,15.475710873767429,994.35248677184359,345.57222815581429,23.011262321004835,28.08091536226274,1009.6289965778806,4351.0234028971781,2.7901006385772515e-08,1.4378149050855197e-16,9.9855938163372746e-15
134,0.00040329361690583381,15.443454894297437,993.83606164683124,346.58362764256407,22.980867586853936,28.082113656198455,1020.5013690767278,4382.2537900294574,2.7692081667594397e-08,1.4378149050855197e-16,9.9855938163372746e-15
135,0.00040307249122458199,15.411408601126183,993.32175508977502,347.58978497184546,22.950544341343285,28.083318058011095,1031.405433144052,4413.467986528779,2.7489049703243666e-08,1.4378149050855197e-16,9.9855938163372746e-15
136,0.00040285230960858696,15.379569850572571,992.80954339295238,348.59075373568584,22.920292241038165,28.084528566279388,1042.3410249347457,4444.6660585782865,2.727569504328623e-08,1.4378149050855197e-16,9.9855938163372746e-15
137,0.000402633061581061,15.34793650647757,992.29940331308057,349.58658733806072,22.890110946114834,28.085745179199169,1053.3079822847478,4475.8480716236572,2.707138651906523e-08,1.4378149050855197e-16,9.9855938163372746e-15
138,0.00040241473685596397,15.316506444988498,991.79131205492808,350.57733887528758,22.860000120327118,28.086967894627133,1064.30614470317,4507.0140903874471,2.6873770516918207e-08,1.4378149050855197e-16,9.9855938163372746e-15
139,0.00040219732533323152,15.285277558189563,991.28524725629325,351.56306104526089,22.829959430969591,28.088196710115088,1075.3353533611423,4538.164178882912,2.6669678589330929e-08,1.4378149050855197e-16,9.9855938163372746e-15
140,0.00040198081709413803,15.254247756869809,990.78118697414266,352.54380607825482,22.799988548836026,28.089431622941003,1086.3954510781591,4569.2984004273994,2.6465913126235069e-08,1.4378149050855197e-16,9.9855938163372746e-15
141,0.00040176520239682776,15.223414972629973,990.27910967179696,353.51962568425068,22.770087148178916,28.090672630135185,1097.486282306523,4600.4168176553085,2.6266120345358438e-08,1.4378149050855197e-16,9.9855938163372746e-15
142,0.00040155047167197457,15.192777159481169,989.77899420692063,354.49057101297075,22.740254906662951,28.091919728503861,1108.6076931143434,4631.5194925306714,2.6070190727630202e-08,1.4378149050855197e-16,9.9855938163372746e-15
143,0.00040133661551854382,15.162332295045871,989.28081982013919,355.45669262385326,22.710491505321276,28.093172914649653,1119.7595311674409,4662.606486359361,2.5870160074122008e-08,1.4378149050855197e-16,9.9855938163372746e-15
144,0.00040112362469970161,15.132078381446238,988.78456612431819,356.41804046384402,22.68079662850916,28.094432184988506,1130.9416457104362,4693.677859800945,2.5670674923246901e-08,1.4378149050855197e-16,9.9855938163372746e-15
145,0.00040091149013886634,15.102013445943776,988.2902130944268,357.37466385140556,22.651169963857583,28.095697535765833,1142.1538875472413,4724.733672880222,2.5477271568671776e-08,1.4378149050855197e-16,9.9855938163372746e-15
146,0.00040070020291586432,15.07213554138028,987.79774105784384,358.32661146549299,22.621611202226536,28.0969689630716,1153.3961090211319,4755.7739849984555,2.5286303443881958e-08,1.4378149050855197e-16,9.9855938163372746e-15
147,0.00040048975426316963,15.0424427464595,987.30713068501871,359.27393133851257,22.592120037659125,28.098246462851705,1164.6681639945357,4786.7988549442789,2.5094736800857878e-08,1.4378149050855197e-16,9.9855938163372746e-15
148,0.00040028013556231738,15.012933165899792,986.81836298068208,360.21667085250522,22.562696167335069,28.09953003092043,1175.9699078286528,4817.8083409043484,2.4902504672524383e-08,1.4378149050855197e-16,9.9855938163372746e-15
149,0.00040007133834038105,14.983604930482471,986.33141927530596,361.15487673793825,22.533339291523831,28.100819662969208,1187.301197363,4848.8025004737001,2.4710226504326712e-08,1.4378149050855197e-16,9.9855938163372746e-15
150,0.00039986335426656956,14.954456197015126,985.84628121693856,362.08859507462188,22.504049113540241,28.102115354578043,1198.6618908949504,4879.7813906658648,2.4519311395138063e-08,1.4378149050855197e-16,9.9855938163372746e-15
151,0.00039965617514891167,14.925485148226501,985.36293076331367,363.01787129433751,22.474825339698537,28.103417101221893,1210.0518481593269,4910.7450679227086,2.4324945388857484e-08,1.4378149050855197e-16,9.9855938163372746e-15
152,0.00039944979293106295,14.896689992604976,984.88135017431216,363.94275018487559,22.445667679267846,28.104724898280196,1221.4709303081086,4941.6935881240543,2.4142484872908008e-08,1.4378149050855197e-16,9.9855938163372746e-15
153,0.00039924419968918634,14.86806896419138,984.40152200464479,364.86327589521557,22.416575844428582,28.10603874104223,1232.9189998902732,4972.6270065970484,2.3959810899406457e-08,1.4378149050855197e-16,9.9855938163372746e-15
154,0.00039903938762893195,14.839620322336282,983.92342909680781,365.77949194159294,22.387549550228044,28.107358624714223,1244.3959208318242,5003.5453781253182,2.3775838741249943e-08,1.4378149050855197e-16,9.9855938163372746e-15
155,0.00039883534908249446,14.811342351424866,983.44705457425766,366.69144121437841,22.35858851453812,28.108684544426112,1255.9015584160186,5034.4487569578978,2.3586928807660799e-08,1.4378149050855197e-16,9.9855938163372746e-15
156,0.00039863207650577605,14.783233360580999,982.97238183486047,367.59916598547505,22.329692458013735,28.110016495235183,1267.4357792638182,5065.3371968179645,2.3401758566675222e-08,1.4378149050855197e-16,9.9855938163372746e-15
157,0.00039842956247559442,14.755291683350332,982.49939454446906,368.50270791624166,22.30086110404952,28.111354472132565,1278.9984513145855,5096.2107509113421,2.3219792979265612e-08,1.4378149050855197e-16,9.9855938163372746e-15
158,0.00039822779968701314,14.727515677368837,982.02807663081182,369.40210806577915,22.272094178741032,28.11269847004726,1290.5894438070304,5127.0694719348394,2.3035339495256375e-08,1.4378149050855197e-16,9.9855938163372746e-15
159,0.00039802678095072374,14.699903724020514,981.55841227751387,370.29740689948716,22.24339141084274,28.114048483850617,1302.2086272604236,5157.9134120843664,2.2851732516931604e-08,1.4378149050855197e-16,9.9855938163372746e-15
160,0.00039782649919050338,14.672454228086442,981.09038591831052,371.18864429783895,22.214752531729726,28.11540450835966,1313.8558734560834,5188.7426230628962,2.2667598172889932e-08,1.4378149050855197e-16,9.9855938163372746e-15
161,0.00039762694744073306,14.645165617387436,980.62398223141179,372.07585956531415,22.186177275358638,28.116766538341764,1325.5310554191381,5219.5571560882263,2.248222458917092e-08,1.4378149050855197e-16,9.9855938163372746e-15
162,0.0003974281188440234,14.618036342421632,980.15918613413169,372.9590914394592,22.157665378228902,28.118134568516957,1337.2340474005744,5250.3570619005777,2.2302548438643406e-08,1.4378149050855197e-16,9.9855938163372746e-15
163,0.00039723000664885322,14.591064876002042,979.69598277754869,373.83837809994895,22.129216579346348,28.119508593562454,1348.9647248595682,5281.1423907700155,2.2127957949172836e-08,1.4378149050855197e-16,9.9855938163372746e-15
164,0.00039703260420732487,14.564249712890529,979.23435754145055,374.7137571777368,22.100830620185011,28.120888608114271,1360.7229644461015,5311.9131925037236,2.1946733882605905e-08,1.4378149050855197e-16,9.9855938163372746e-15
165,0.00039683590497293064,14.537589369433123,978.77429602930329,375.58526576417194,22.07250724465246,28.122274606770329,1372.5086439838681,5342.6695164530993,2.1767856802751283e-08,1.4378149050855197e-16,9.9855938163372746e-15
166,0.0003966399024984132,14.511082383197131,978.3157840634475,376.45294042007168,22.044246199053152,28.123666584094085,1384.3216424534639,5373.4114115207158,2.1592946126952596e-08,1.4378149050855197e-16,9.9855938163372746e-15
167,0.00039644459043369963,14.48472731260861,977.85880768047093,377.31681718478478,22.016047232054543,28.125064534615479,1396.1618399758618,5404.1389261671138,2.1415074599585951e-08,1.4378149050855197e-16,9.9855938163372746e-15
168,0.00039624996252382523,14.458522736594542,977.40335312654918,378.17693158513651,21.987910094651976,28.126468452834185,1408.0291177961694,5434.8521084174672,2.1242041443399744e-08,1.4378149050855197e-16,9.9855938163372746e-15
169,0.00039605601260699129,14.432467254226344,976.94940685311258,379.03331864434136,21.959834540136022,28.127878333220881,1419.9233582676707,5465.5510058680984,2.1066928122441322e-08,1.4378149050855197e-16,9.9855938163372746e-15
170,0.00039586273461261127,14.406559484369112,976.49695551247498,379.88601289077224,21.931820324058801,28.129294170220383,1431.8444448361383,5496.2356656928478,2.0896689097708869e-08,1.4378149050855197e-16,9.9855938163372746e-15
171,0.00039567012255945503,14.380798065333641,976.04598595369941,380.73504836665904,21.903867204202037,28.130715958252431,1443.7922620244292,5526.9061346493345,2.0724563136118994e-08,1.4378149050855197e-16,9.9855938163372746e-15
172,0.00039547817055380382,14.355181654533473,975.59648521848328,381.5804586366632,21.875974940545483,28.132143691714248,1455.7666954173426,5557.5624590850675,2.0549006158287624e-08,1.4378149050855197e-16,9.9855938163372746e-15
173,0.00039528687278768919,14.32970892814744,975.14844053724028,382.42227679631401,21.848143295235083,28.133577364981402,1467.7676316467528,5588.2046849434228,2.0376848805881267e-08,1.4378149050855197e-16,9.9855938163372746e-15
174,0.00039509622353714479,14.304378580786253,974.70183932521047,383.26053548034372,21.820372032553401,28.135016972410085,1479.7949583770016,5618.8328577695283,2.0203093312129122e-08,1.4378149050855197e-16,9.9855938163372746e-15
175,0.00039490621716052772,14.279189325164248,974.2566691787323,384.09526687089379,21.792660918888519,28.136462508338283,1491.8485642905491,5649.4470227160036,2.0035156280605353e-08,1.4378149050855197e-16,9.9855938163372746e-15
176,0.00039471684809686718,14.25413989177753,973.8129178715734,384.92650270556175,21.765009722705798,28.137913967086895,1503.9283390738851,5680.0472245485935,1.9863649066887024e-08,1.4378149050855197e-16,9.9855938163372746e-15
177,0.00039452811086426742,14.229229028586941,973.37057335138923,385.75427428532652,21.73741821451765,28.13937134296182,1516.0341734036856,5710.6335076516798,1.9691574028177218e-08,1.4378149050855197e-16,9.9855938163372746e-15
178,0.00039434000005833763,14.20445550070607,972.92962373624084,386.57861248234838,21.709886166856442,28.140834630254243,1528.1659589332196,5741.2059160336994,1.9521601127811163e-08,1.4378149050855197e-16,9.9855938163372746e-15
179,0.0003941525103506742,14.17981809009571,972.49005731123191,387.39954774760724,21.682413354245501,28.142303823242383,1540.3235882789988,5771.7644933324382,1.9353436338474476e-08,1.4378149050855197e-16,9.9855938163372746e-15
180,0.00039396563648737488,14.155315595262765,972.05186252521912,388.21711011843092,21.654999553172885,28.143778916192378,1552.5069550076628,5802.3092828202289,1.9186376157091106e-08,1.4378149050855197e-16,9.9855938163372746e-15
181,0.00039377925118454791,14.130897923721067,971.61477235240136,388.97463524030667,21.62764321301103,28.145258568194894,1564.7150592746839,5832.840323243493,1.9019518620867474e-08,1.4378149050855197e-16,9.9855938163372746e-15
182,0.00039359347232258835,14.106572926852115,971.17907053214299,389.72984349536381,21.60034282110659,28.146741476016519,1576.9469273069699,5863.3576539856322,1.8855035276730432e-08,1.4378149050855197e-16,9.9855938163372746e-15
183,0.0003934082945507617,14.082353751111027,970.74473183121017,390.48240622222437,21.573098194513044,28.148227670263402,1589.2024797328183,5893.8613182100462,1.8686021888988179e-08,1.4378149050855197e-16,9.9855938163372746e-15
184,0.00039322371278705318,14.058244354083518,970.31174026391386,391.2322244812454,21.545909142951938,28.149717171912215,1601.4816316694078,5924.3513584802704,1.8519588826360752e-08,1.4378149050855197e-16,9.9855938163372746e-15
185,0.00039303972206431771,14.034246555933676,969.88008212388081,391.97925276832478,21.518775473642535,28.151209997393423,1613.7842960970579,5954.8278168986744,1.8355289292893558e-08,1.4378149050855197e-16,9.9855938163372746e-15
186,0.00039285631750279833,14.010361233070206,969.44974480019653,392.72346917324484,21.491696992899943,28.152706160290283,1626.1103849787185,5985.2907351558842,1.8190962902838931e-08,1.4378149050855197e-16,9.9855938163372746e-15
187,0.00039267349429944351,13.986588747933045,969.02071634903541,393.46486463500725,21.464673506914611,28.154205672179373,1638.459809808744,6015.7401545575412,1.802504046415961e-08,1.4378149050855197e-16,9.9855938163372746e-15
188,0.0003924912477222968,13.962929148711179,968.59298529294961,394.2034379488872,21.437704822198505,28.155708543124423,1650.832481929388,6046.1761160417554,1.7856926248916145e-08,1.4378149050855197e-16,9.9855938163372746e-15
189,0.0003923095731069481,13.939382276753367,968.16654051159514,394.93919308116585,21.41079074586591,28.157214781994021,1663.2283127315122,6076.5986601918839,1.7693531119750483e-08,1.4378149050855197e-16,9.9855938163372746e-15
190,0.00039212846585396179,13.91594783020737,967.7413711758287,395.67213757814909,21.383931085820155,28.158724396683173,1675.6472137900521,6107.0078272466435,1.7535220954068069e-08,1.4378149050855197e-16,9.9855938163372746e-15
191,0.00039194792142685107,13.892625404437188,967.31746670489042,396.40228155573698,21.357125650884573,28.160237394272055,1688.0890969594964,6137.4036571085298,1.7375083842866397e-08,1.4378149050855197e-16,9.9855938163372746e-15
192,0.00039176793535036693,13.869414519069826,966.89481673688169,397.12963702325442,21.330374250894081,28.161753781147496,1700.5538744433288,6167.7861893511399,1.7216987134736062e-08,1.4378149050855197e-16,9.9855938163372746e-15
193,0.00039158850320900919,13.846314636850483,966.47341110746652,397.85421741207125,21.303676696763048,28.163273563096539,1713.0414588456854,6198.155463225693,1.7057769076883618e-08,1.4378149050855197e-16,9.9855938163372746e-15
194,0.00039140962064564724,13.823325177225762,966.05323983377912,398.57603723602261,21.277032800535213,28.164796745380652,1725.5517632104206,6228.5115176669715,1.6895365199945089e-08,1.4378149050855197e-16,9.9855938163372746e-15
195,0.00039123128336029239,13.800445526392974,965.63429310201946,399.29511184017565,21.25044237541924,28.166323332796562,1738.0847010509756,6258.8543912988252,1.6734457618592208e-08,1.4378149050855197e-16,9.9855938163372746e-15
196,0.00039105348710889265,13.777675044904532,965.21656125739503,400.0114572107201,21.223905235816158,28.167853329725613,1750.6401863733724,6289.1841224393102,1.6573958815427292e-08,1.4378149050855197e-16,9.9855938163372746e-15
197,0.00039087622770222656,13.755013073529684,964.80003479594109,400.72508982842459,21.197421197337537,28.169386740175337,1763.2181336939623,6319.5007491055603,1.6415488207793972e-08,1.4378149050855197e-16,9.9855938163372746e-15
198,0.00039069950100483646,13.732458937845886,964.38470435762713,401.4360265538528,21.170990076820445,28.17092356781551,1775.8184580530831,6349.804309018411,1.625484640202064e-08,1.4378149050855197e-16,9.9855938163372746e-15
199,0.00039052330293400681,13.710011951883681,963.97056072046462,402.14428453624134,21.14461169233525,28.172463816007291,1788.441075025512,6380.0948396068252,1.610036277686739e-08,1.4378149050855197e-16,9.9855938163372746e-15
200,0.00039034762945876157,13.687671421055569,963.5575947953306,402.84988114027749,21.118285863191272,28.174007487829833,1801.0859007283384,6410.3723780121481,1.5941783347736927e-08,1.4378149050855197e-16,9.9855938163372746e-15
201,0.00039017247659892904,13.665436644531008,963.14579762147798,403.55283388672484,21.092012409939652,28.175554586102791,1813.7528518267727,6440.636961092212,1.5789291993069742e-08,1.4378149050855197e-16,9.9855938163372746e-15
202,0.00038999784042420999,13.64330691718248,962.73516036245519,404.25316040377129,21.065791154373539,28.177105113406199,1826.441845538257,6470.8886254253002,1.5638386572208599e-08,1.4378149050855197e-16,9.9855938163372746e-15
203,0.00038982371705328244,13.621281531187803,962.3256743024391,404.95087838697168,21.03962191952607,28.178659072098149,1839.152799635194,6501.127407313993,1.5480103960687322e-08,1.4378149050855197e-16,9.9855938163372746e-15
204,0.00038965010265291098,13.599359777362576,961.91733084283135,405.64600556593564,21.013504529667287,28.180216464330464,1851.8856324465212,6531.3533427889006,1.532756586858226e-08,1.4378149050855197e-16,9.9855938163372746e-15
205,0.00038947699343712671,13.577540946270213,961.51012149923611,406.33855967657803,20.987438810299828,28.181777292062431,1864.6402628583344,6561.5664676123124,1.5174469717517521e-08,1.4378149050855197e-16,9.9855938163372746e-15
206,0.00038930438566638553,13.555824329153731,961.1040378985532,407.02855843782334,20.961424588153118,28.183341557072968,1877.416610313709,6591.7668172817221,1.5021139181689713e-08,1.4378149050855197e-16,9.9855938163372746e-15
207,0.00038913227564675985,13.53420921872031,960.69907177628852,407.71601953199229,20.935461691177387,28.184909260972976,1890.2145948118457,6621.9544270332899,1.4873389235458718e-08,1.4378149050855197e-16,9.9855938163372746e-15
208,0.00038896065972914885,13.512694909802015,960.29521497402868,408.40096058828294,20.909549948535687,28.186480405214731,1903.0341369066589,6652.129331845209,1.472295188655001e-08,1.4378149050855197e-16,9.9855938163372746e-15
209,0.00038878953430852647,13.491280699917358,959.89245943709864,409.08339916873268,20.883689190596957,28.188054991101001,1915.875157704879,6682.2915664410011,1.4570165109421042e-08,1.4378149050855197e-16,9.9855938163372746e-15
210,0.0003886188958231834,13.469965889745357,959.4907972122877,409.76335275636615,20.857879248927674,28.189633019794542,1928.737578863753,6712.4411652927492,1.4415543713462121e-08,1.4378149050855197e-16,9.9855938163372746e-15
211,0.00038844874075399894,13.448749783529259,959.09022044571373,410.44083874510181,20.832119956282376,28.191214492324441,1941.6213225883955,6742.5781626242424,1.4264553188609629e-08,1.4378149050855197e-16,9.9855938163372746e-15
212,0.00038827906562370238,13.427631689417696,958.69072138071931,411.11587443122414,20.806411146596119,28.192799409594489,1954.5263116288552,6772.7025924140635,1.4113874827987707e-08,1.4378149050855197e-16,9.9855938163372746e-15
213,0.00038810986699621959,13.406610919755604,958.29229235602622,411.78847700610987,20.780752654973597,28.194387772389373,1967.452469276928,6802.8144883986206,1.3958567019508379e-08,1.4378149050855197e-16,9.9855938163372746e-15
214,0.00038794114147593827,13.385686791329553,957.89492580372928,412.45866355009451,20.755144317680962,28.195979581380371,1980.3997193627654,6832.9138840750984,1.3809646195822605e-08,1.4378149050855197e-16,9.9855938163372746e-15
215,0.00038777288570708139,13.364858625574966,957.49861424759376,413.12645102729243,20.729585972135112,28.197574837131121,1993.3679862512972,6863.0008127043802,1.3659737607778193e-08,1.4378149050855197e-16,9.9855938163372746e-15
216,0.00038760509637303673,13.344125748751622,957.10335030127214,413.79185628120939,20.7040774568949,28.199173540103008,2006.3571948385152,6893.0753073138931,1.3516098114572103e-08,1.4378149050855197e-16,9.9855938163372746e-15
217,0.00038743777019570991,13.32348749208904,956.70912666660888,414.45489603110735,20.678618611650265,28.20077569065997,2019.3672705476208,6923.1374007004006,1.3366395659555925e-08,1.4378149050855197e-16,9.9855938163372746e-15
218,0.00038727090393490669,13.302943191908508,956.31593613203552,415.11558686895398,20.653209277212948,28.20238128907312,2032.398139325076,6953.1871254327534,1.3223591510855106e-08,1.4378149050855197e-16,9.9855938163372746e-15
219,0.00038710449438772958,13.282492189723056,955.92377157102408,415.77394525692347,20.627849295506081,28.203990335524018,2045.4497276365607,6983.2245138545895,1.3078863453890787e-08,1.4378149050855197e-16,9.9855938163372746e-15
220,0.00038693853838795973,13.262133832319353,955.53262594051841,416.42998752534953,20.602538509554037,28.205602830110458,2058.5219624628621,7013.2495980869717,1.2930348269311332e-08,1.4378149050855197e-16,9.9855938163372746e-15
221,0.00038677303280548487,13.24186747182245,955.1424922794954,417.08372987110545,20.577276763472462,28.207218772847938,2071.6147712957104,7043.2624100309849,1.278868918783841e-08,1.4378149050855197e-16,9.9855938163372746e-15
222,0.00038660797454570544,13.221692465746678,954.75336370748562,417.73518835633297,20.552063902458297,28.208838163674532,2084.7280821335598,7073.2629813703034,1.2643068934112301e-08,1.4378149050855197e-16,9.9855938163372746e-15
223,0.00038644336054900047,13.201608177034533,954.36523342325029,418.38437890747002,20.526899772779352,28.210461002454519,2097.8618234773412,7103.2513435736937,1.24933193928714e-08,1.4378149050855197e-16,9.9855938163372746e-15
224,0.00038627918779015583,13.181613974083573,953.97809470337711,419.03131731457728,20.501784221764641,28.212087288979486,2111.0159243261905,7133.2275278974803,1.2349913586854676e-08,1.4378149050855197e-16,9.9855938163372746e-15
225,0.0003861154532778325,13.161709230764234,953.59194090098345,419.67601923089404,20.476717097794239,28.21371702297337,2124.1903141731545,7163.1915653879632,1.220628316210668e-08,1.4378149050855197e-16,9.9855938163372746e-15
226,0.00038595215405402161,13.141893326429145,953.20676544439266,420.31850017260473,20.451698250288555,28.215350204094037,2137.3849230008882,7193.1434868838205,1.2065295495319626e-08,1.4378149050855197e-16,9.9855938163372746e-15
227,0.00038578928719355116,13.122165645915272,952.82256183594529,420.95877551878493,20.426727529700059,28.216986831935863,2150.5996812773474,7223.0833230184326,1.1920006240313978e-08,1.4378149050855197e-16,9.9855938163372746e-15
228,0.00038562684980355681,13.102525579538522,952.43932365072737,421.59686051153693,20.40180478750149,28.21862690603265,2163.8345199514847,7253.0111042221997,1.177716756171503e-08,1.4378149050855197e-16,9.9855938163372746e-15
229,0.00038546483902300826,13.082972523083244,952.05704453544149,422.23277025625219,20.376929876177506,28.220270425859216,2177.0893704489476,7282.9268607248059,1.1636097930018272e-08,1.4378149050855197e-16,9.9855938163372746e-15
230,0.00038530325202218224,13.063505877786998,951.67571820714784,422.86651972199172,20.352102649214427,28.221917390834591,2190.3641646677925,7312.8306225574452,1.1493152522643286e-08,1.4378149050855197e-16,9.9855938163372746e-15
231,0.00038514208600222497,13.044125050319378,951.29533845223386,423.49812374201559,20.327322961090147,28.22356780032252,2203.6588349742083,7342.7224195550216,1.1354400230776605e-08,1.4378149050855197e-16,9.9855938163372746e-15
232,0.00038498133819466379,13.024829452758919,950.91589912525615,424.12759701436028,20.302590667265441,28.22522165363549,2216.9733141982574,7372.6022813583095,1.1209602416442327e-08,1.4378149050855197e-16,9.9855938163372746e-15
233,0.00038482100586094512,13.005618502564394,950.53739414785639,424.75495410255684,20.277905624173687,28.226878950034543,2230.3075356296404,7402.4702374160688,1.1072788681886839e-08,1.4378149050855197e-16,9.9855938163372746e-15
234,0.00038466108629199515,12.986491622545014,950.15981750773017,425.38020943637463,20.253267689211906,28.228539688733061,2243.6614330134812,7432.3263169871443,1.0935088331159157e-08,1.4378149050855197e-16,9.9855938163372746e-15
235,0.00038450157680776316,12.96744824082624,949.78316325755816,426.00337731267734,20.228676720731368,28.230203868895952,2257.0349405461402,7462.1705491425255,1.0797432276361401e-08,1.4378149050855197e-16,9.9855938163372746e-15
236,0.00038434247475679982,12.948487790814211,949.40742551402559,426.62447189631132,20.20413257802792,28.231871489644046,2270.4279928710471,7492.0029627673675,1.0658157501793719e-08,1.4378149050855197e-16,9.9855938163372746e-15
237,0.00038418377751583472,12.929609711158331,949.0325984568384,427.24350722104168,20.1796351213337,28.23354255005362,2283.8405250745759,7521.8235865629831,1.0521841137286048e-08,1.4378149050855197e-16,9.9855938163372746e-15
238,0.00038402548248934651,12.910813445711041,948.6586763277254,427.86049719055723,20.155184211807118,28.235217049158681,2297.2724726819365,7551.6324490488196,1.0380977289830673e-08,1.4378149050855197e-16,9.9855938163372746e-15
239,0.00038386758710915451,12.892098443487297,948.2856534294923,428.47545557948428,20.130779711524809,28.236894985952304,2310.7237716531049,7581.4295785643835,1.0240382705823344e-08,1.4378149050855197e-16,9.9855938163372746e-15
240,0.00038371008883403713,12.873464158621674,947.91352412514505,429.08839603445819,20.106421483471735,28.238576359387814,2324.1943583787893,7611.2150032711388,1.0103335284078489e-08,1.4378149050855197e-16,9.9855938163372746e-15
241,0.00038355332091654553,12.855066382071772,947.54297021876107,429.88042378153892,20.082113639852206,28.240265433222906,2337.6870264091776,7640.9887624161393,9.9668912635837914e-09,1.4378149050855197e-16,9.9855938163372746e-15
242,0.00038339694264990934,12.836875739357259,947.17317705255641,430.66727318273513,20.057860178339364,28.241966350799434,2351.2044893373932,7670.7508920007785,9.8277343789713418e-09,1.4378149050855197e-16,9.9855938163372746e-15
243,0.0003832409524335427,12.81884598872991,946.80418295345419,431.45010028175221,20.033660853112298,28.243678994785146,2364.7466071909466,7700.5014167002801,9.6906409173623145e-09,1.4378149050855197e-16,9.9855938163372746e-15
244,0.00038308534813981366,12.800960315443506,946.43599815951154,432.22932544724574,20.009515448647598,28.245403278545062,2378.3132609056529,7730.2403618054368,9.5546890351126841e-09,1.4378149050855197e-16,9.9855938163372746e-15
245,0.00038293012753551396,12.78320879040265,946.06862637292681,433.00519690660036,19.985423764168615,28.247139129909105,2391.904341497424,7759.9677528098618,9.4173489812008478e-09,1.4378149050855197e-16,9.9855938163372746e-15
246,0.00038277528835387015,12.765584553629029,945.70206841299898,433.77788615927432,19.961385608445251,28.248886485749836,2405.5197464422758,7789.6836152730866,9.2798474389775532e-09,1.4378149050855197e-16,9.9855938163372746e-15
247,0.00038262082832031877,12.748082439533279,945.3363235321367,434.54752234500125,19.937400797214149,28.25064528929693,2419.1593778813813,7819.3879747535848,9.1439562456397895e-09,1.4378149050855197e-16,9.9855938163372746e-15
248,0.00038246674516430367,12.730698337636218,944.97139002763856,435.31420822576126,19.913469151665911,28.25241548856782,2432.823141569304,7849.080856770217,9.0055687848180011e-09,1.4378149050855197e-16,9.9855938163372746e-15
249,0.00038231303662547236,12.713428848372459,944.60726557084865,436.07802879068851,19.889590497464784,28.254197035351588,2446.5109461930219,7878.7622867778791,8.8683640602038864e-09,1.4378149050855197e-16,9.9855938163372746e-15
250,0.00038215970045724502,12.696271078824571,944.2439474023181,436.83905636271908,19.865764664068802,28.255989884509024,2460.2227029001765,7908.4322901511468,8.7342241256389719e-09,1.4378149050855197e-16,9.9855938163372746e-15
251,0.00038200673442894989,12.679222512708268,943.88143245574963,437.59735384895998,19.841991484234164,28.257793993463761,2473.9583249557741,7938.0908921728233,8.600733980975238e-09,1.4378149050855197e-16,9.9855938163372746e-15
252,0.00038185413632715821,12.662280923109634,943.51971744098262,438.35297692225919,19.818270793640338,28.25960932181923,2487.7177274827786,7967.7381180256889,8.4627668083074588e-09,1.4378149050855197e-16,9.9855938163372746e-15
253,0.00038170190395653411,12.645444311424553,943.15879890188455,439.10597554771937,19.794602430597703,28.261435831062741,2501.5008272601626,7997.373992786429,8.3270873285875229e-09,1.4378149050855197e-16,9.9855938163372746e-15
254,0.00038155003514037475,12.628710863165603,942.79867325808755,439.85639508752661,19.770986235813659,28.263273484329339,2515.3075425618349,8026.9985414210969,8.1934656912814126e-09,1.4378149050855197e-16,9.9855938163372746e-15
255,0.00038139852772091885,12.612078915078174,942.43933683583123,440.60427712304568,19.747422052202371,28.265122246211444,2529.1377930255544,8056.61178878174,8.0589508108529641e-09,1.4378149050855197e-16,9.9855938163372746e-15
256,0.00038124737955952252,12.595546930088918,942.08078589132936,441.34966008111041,19.723909724725811,28.26698208260218,2542.991499544416,8086.2137596038347,7.9302435802605478e-09,1.4378149050855197e-16,9.9855938163372746e-15
257,0.00038109658853675106,12.579113477839046,941.7230166288266,442.09257972069054,19.700449100261327,28.268852960564622,2556.8685841757006,8115.8044785043812,7.7960220295727801e-09,1.4378149050855197e-16,9.9855938163372746e-15
258,0.00038094615255235953,12.562777219292006,941.36602521465966,442.83306951769976,19.677040027487514,28.270734848220918,2570.7689700633327,8145.3839699805103,7.6603652209980818e-09,1.4378149050855197e-16,9.9855938163372746e-15
259,0.00038079606952527928,12.546536894380216,941.00980778855569,443.57116097382789,19.653682356786224,28.272627714658203,2584.6925813711832,8174.9522584084652,7.5289977931022352e-09,1.4378149050855197e-16,9.9855938163372746e-15
260,0.00038064633739347893,12.530391311957009,940.65436047251319,444.30688386774142,19.630375940156966,28.274531529846996,2598.639343225117,8204.5093680429254,7.4010390590894928e-09,1.4378149050855197e-16,9.9855938163372746e-15
261,0.00038049695411389572,12.514339341527151,940.29967937823062,445.04026646182126,19.607120631142099,28.276446264571284,2612.609181662217,8234.0553230165478,7.2729530178765724e-09,1.4378149050855197e-16,9.9855938163372746e-15
262,0.00038034791766227457,12.498379906369955,939.94576061303314,445.77133567408441,19.583916284759862,28.27837189036579,2626.6020235859305,8263.5901473397571,7.1466702046771225e-09,1.4378149050855197e-16,9.9855938163372746e-15
263,0.00038019922603301171,12.482511977764508,939.59260028480048,446.50011722255397,19.560762757444952,28.28030837946201,2640.617796726161,8293.1138649006898,7.0164056408003454e-09,1.4378149050855197e-16,9.9855938163372746e-15
264,0.00038005087723899634,12.466734570099476,939.2401945060833,447.22663574751306,19.537659906995156,28.282255704740145,2654.6564296035481,8322.6264994652574,6.8857727580101796e-09,1.4378149050855197e-16,9.9855938163372746e-15
265,0.00037990286931142438,12.451046736699569,938.8885393974906,447.95091491584407,19.514607592522932,28.28421383968556,2668.7178514972838,8352.12807467737,6.7567889394458713e-09,1.4378149050855197e-16,9.9855938163372746e-15
266,0.00037975520029960862,12.435447566237277,938.537631090535,448.67297751073477,19.491605674411492,28.28618275835041,2682.8019924159807,8381.6186140592326,6.6298685438849854e-09,1.4378149050855197e-16,9.9855938163372746e-15
267,0.00037960786827082634,12.419936179628596,938.18746573012538,449.39284550928511,19.468654014274716,28.28816243531956,2696.908783071156,8411.098141011711,6.5020224680247286e-09,1.4378149050855197e-16,9.9855938163372746e-15
268,0.00037946087131008352,12.404511727330066,937.83803947648562,450.11054015008176,19.44575247492012,28.290152845678168,2711.0381548529926,8440.5666788148083,6.3772063035286907e-09,1.4378149050855197e-16,9.9855938163372746e-15
269,0.00037931420751994416,12.389173386973047,937.48934850692501,450.82608199234039,19.422900920314738,28.292153964984411,2725.1900398080857,8470.024250628152,6.2501174439193514e-09,1.4378149050855197e-16,9.9855938163372746e-15
270,0.00037916787502033166,12.373920361281639,937.14138901727995,451.5394909679589,19.400099215554256,28.294165769242813,2739.3643706189373,8499.4708794915659,6.1172198881134279e-09,1.4378149050855197e-16,9.9855938163372746e-15
271,0.00037902187194832209,12.358751876231342,936.79415722311319,452.25078642754977,19.377347226833471,28.296188234881267,2753.5610805849865,8528.9065883256717,5.9908076749927018e-09,1.4378149050855197e-16,9.9855938163372746e-15
272,0.00037887619645797429,12.343667179414577,936.44764936081492,452.95998718130227,19.354644821418546,28.29822133872846,2767.7801036049973,8558.3313999325237,5.8637359059390027e-09,1.4378149050855197e-16,9.9855938163372746e-15
273,0.00037873084672010102,12.328665538580788,936.10186168839778,453.66711153548033,19.331991867622392,28.300265057995226,2782.0213741606694,8587.7453369962714,5.7374841347691846e-09,1.4378149050855197e-16,9.9855938163372746e-15
274,0.0003785858209220908,12.313746240331003,935.75679048627455,454.37217732505826,19.3093882347803,28.302319370255169,2796.284827301326,8617.1484220838647,5.6120896816761773e-09,1.4378149050855197e-16,9.9855938163372746e-15
275,0.0003784411172677151,12.298908588943201,935.41243205788032,455.07520194308665,19.28683379322753,28.304384253428818,2810.5703986295798,8646.5406776457603,5.4850217492778261e-09,1.4378149050855197e-16,9.9855938163372746e-15
276,0.00037829673397692803,12.2841519053129,935.06878273016775,455.77620236717752,19.26432841427809,28.306459685766463,2824.8780242878702,8675.9221260166414,5.3598972572065646e-09,1.4378149050855197e-16,9.9855938163372746e-15
277,0.00037815266928569157,12.269475525994311,934.7258388540763,456.47519518347559,19.241871970204606,28.308545645835441,2839.207640945795,8705.2927894161803,5.2336113049254669e-09,1.4378149050855197e-16,9.9855938163372746e-15
278,0.00037800892144575969,12.254878802330246,934.38359680481426,457.17219660841045,19.219464334220064,28.310642112505221,2853.55918578816,8734.6526899497912,5.1081174475802663e-09,1.4378149050855197e-16,9.9855938163372746e-15
279,0.00037786548872451644,12.240361099658976,934.04205298220654,457.86722250852563,19.197105380458453,28.312749064935414,2867.9325965036792,8764.0018496093999,4.9840065300945262e-09,1.4378149050855197e-16,9.9855938163372746e-15
280,0.00037772236940476252,12.225921796590541,933.70120381084826,458.56028841856977,19.174794983959156,28.314866482564184,2882.3278112742714,8793.3402902742146,4.858968537162016e-09,1.4378149050855197e-16,9.9855938163372746e-15
281,0.00037757956178456566,12.211560284343685,933.36104574036244,459.25140955807444,19.152533020649475,28.316994345096841,2896.7447687649033,8822.6680337115195,4.7372220457310757e-09,1.4378149050855197e-16,9.9855938163372746e-15
282,0.00037743706417705592,12.197275966137624,933.0215752454684,459.94060084655945,19.130319367329395,28.319132632495993,2911.1834081139259,8851.985101577442,4.6102298000791306e-09,1.4378149050855197e-16,9.9855938163372746e-15
283,0.00037729487491025272,12.183068256631595,932.68278882608695,460.6278769175434,19.108153901656703,28.321281324971235,2925.6436689238717,8881.2915154177608,4.4850962395497751e-09,1.4378149050855197e-16,9.9855938163372746e-15
284,0.00037715299232688571,12.168936581408607,932.3446830073874,461.31325213145152,19.086036502132934,28.323440402971137,2940.1254912526761,8910.5872966687002,4.362156548305666e-09,1.4378149050855197e-16,9.9855938163372746e-15
285,0.00037701141478421106,12.154880376498129,932.00725433978835,461.99674058754675,19.063967048089079,28.325609847173574,2954.6288156052915,8939.8724666577036,4.2439690778900941e-09,1.4378149050855197e-16,9.9855938163372746e-15
286,0.00037687014065387105,12.140899087932736,931.67049939903336,462.67835613501501,19.041945419673045,28.327789638478681,2969.1535829256541,8969.1470466042465,4.1252273851701888e-09,1.4378149050855197e-16,9.9855938163372746e-15
287,0.00037672916832168473,12.126992171338516,931.33441478606528,463.35811238320377,19.019971497836256,28.329979758000547,2983.6997345889909,8998.4110576206276,4.0012242428210377e-09,1.4378149050855197e-16,9.9855938163372746e-15
288,0.00037658849618749774,12.113159091552271,930.99899712702188,464.0360227111932,18.998045164322601,28.332180187060327,2998.2672123944399,9027.6645207127513,3.8834389236432861e-09,1.4378149050855197e-16,9.9855938163372746e-15
289,0.00037644812266502526,12.099399322265969,930.66424307318925,464.71210027668411,18.976166301655113,28.334390907179777,3012.8559585579533,9056.9074567809257,3.7587936647036511e-09,1.4378149050855197e-16,9.9855938163372746e-15
290,0.00037630804618167117,12.085712345694191,930.3301493008745,465.3863580243119,18.954334793125931,28.336611900074107,3027.4659157054803,9086.1398866206491,3.6393931136244715e-09,1.4378149050855197e-16,9.9855938163372746e-15
291,0.00037616826517837288,12.072097652263237,929.99671251132236,466.058808693419,18.932550522784688,28.338843147646642,3042.0970268663891,9115.3618309233971,3.513829847696161e-09,1.4378149050855197e-16,9.9855938163372746e-15
292,0.00037602877810944302,12.058554740320208,929.66392943060475,466.72946482532814,18.910813375428187,28.341084631982593,3056.7492354671408,9144.5733102773993,3.3922783281142598e-09,1.4378149050855197e-16,9.9855938163372746e-15
293,0.00037588958344241452,12.045083115859752,929.33179680950343,467.39833877017281,18.889123236589491,28.343336335344134,3071.4224853251721,9173.7743451684237,3.2715900559856157e-09,1.4378149050855197e-16,9.9855938163372746e-15
294,0.00037575067965788021,12.031682292267279,929.00031142336195,468.06544269331789,18.867479992528899,28.345598240163952,3086.1167206429927,9202.9649559805439,3.1516673709922844e-09,1.4378149050855197e-16,9.9855938163372746e-15
295,0.00037561206524934645,12.018351790077217,928.66947007195961,468.73078858140286,18.845883530223706,28.347870329042006,3100.8318860024742,9232.1451629969106,3.0322120603776864e-09,1.4378149050855197e-16,9.9855938163372746e-15
296,0.00037547373872308138,12.005091136746284,928.33926957935796,469.39438824800959,18.824333737358518,28.350152584739245,3115.5679263593279,9261.3149864005245,2.9155104219422662e-09,1.4378149050855197e-16,9.9855938163372746e-15
297,0.00037533569859795555,11.991899866437484,928.0097067937171,470.05625333906289,18.80283050231683,28.352444990174074,3130.3247870377518,9290.4744462749841,2.7981715499322598e-09,1.4378149050855197e-16,9.9855938163372746e-15
298,0.00037519794340530837,11.978777519817447,927.68077858716549,470.71639533789715,18.781373714171867,28.354747528417832,3145.1024137252462,9319.6235626052494,2.6770996122688347e-09,1.4378149050855197e-16,9.9855938163372746e-15
299,0.000375060471688808,11.965723643864786,927.35248185564092,471.37482557004694,18.759963262677616,28.357060182690311,3159.9007524675776,9348.7623552783953,2.5572850511989417e-09,1.4378149050855197e-16,9.9855938163372746e-15
300,0.00037492328200429604,11.952737791687664,927.02481351868664,472.03155520780842,18.738599038260872,28.359382936356166,3174.7197496638987,9377.8908440843406,2.4366260771656809e-09,1.4378149050855197e-16,9.9855938163372746e-15
301,0.00037478631187371387,11.939700106618277,926.69772564719585,472.54874733454295,18.717277686874848,28.361712526261702,3189.5571774702948,9407.0090476779715,2.3186220686331042e-09,1.4378149050855197e-16,9.9855938163372746e-15
302,0.00037464962137056195,11.926632188129332,926.37134757222304,473.06669529676668,18.695995943499124,28.364045781030242,3204.4108697832553,9436.1169868258403,2.2013470246166116e-09,1.4378149050855197e-16,9.9855938163372746e-15
303,0.00037451320892884535,11.913568524878828,926.04564480618023,473.58453687802927,18.674753785878632,28.366382772877834,3219.2808333285602,9465.2146831599312,2.081052184054543e-09,1.4378149050855197e-16,9.9855938163372746e-15
304,0.00037437707309515732,11.900521135724258,925.7206031211731,474.10197160689353,18.653551169870418,28.368723550756087,3234.1670595125024,9494.3021576529682,1.9606520098638344e-09,1.4378149050855197e-16,9.9855938163372746e-15
305,0.00037424121245144146,11.887496788722736,925.39621304920854,474.61883028193154,18.632388041336235,28.371068152706723,3249.0695326862588,9523.3794309170771,1.8419730987768931e-09,1.4378149050855197e-16,9.9855938163372746e-15
306,0.00037410562560166347,11.874499916379204,925.07246725598043,475.13500209051989,18.611264340111617,28.373416609987821,3263.9882329041116,9552.4465233041192,1.7196940098263071e-09,1.4378149050855197e-16,9.9855938163372746e-15
307,0.00037397031116687953,11.861533665624998,924.74935959428399,475.65040835937504,18.590180001967042,28.375768949114526,3278.9231372876407,9581.5034549557622,1.6045657488703387e-09,1.4378149050855197e-16,9.9855938163372746e-15
308,0.00037383526778292191,11.848600385997059,924.42688466368907,476.16499035007348,18.569134959753253,28.378125193053133,3293.8742208223493,9610.5502458330957,1.4867148577648247e-09,1.4378149050855197e-16,9.9855938163372746e-15
309,0.00037370049409905917,11.835701892412509,924.10503757320419,476.67870268968733,18.54812914413985,28.380485361992015,3308.8414568711678,9639.5869157360103,1.3649174434538137e-09,1.4378149050855197e-16,9.9855938163372746e-15
310,0.00037356598877716363,11.822839621055868,923.78381380033977,477.19150947360322,18.527162484121579,28.382849473872319,3323.8248175282474,9668.6134843168202,1.2434942774326393e-09,1.4378149050855197e-16,9.9855938163372746e-15
311,0.00037343175049114863,11.810014728551483,923.46320910133375,477.70338178621284,18.50623490738645,28.385217544774346,3338.8242738747508,9697.6299710903295,1.124155112839025e-09,1.4378149050855197e-16,9.9855938163372746e-15
312,0.00037329777792653751,11.797228158482396,923.14321945078598,478.21429603794013,18.48534634059083,28.387589589206009,3353.8397961706637,9726.6363954415756,1.0062944557017165e-09,1.4378149050855197e-16,9.9855938163372746e-15
313,0.00037316406978012351,11.784480687898871,922.82384099934325,478.72423280252826,18.464496709569197,28.389965620327647,3368.871354002832,9755.6327766319991,8.8635154107109682e-10,1.4378149050855197e-16,9.9855938163372746e-15
314,0.00037303062475972003,11.7717729609443,922.50507004308679,479.23317597639243,18.443685939503951,28.392345650129467,3383.9189164018685,9784.6191338044555,7.6824080376248114e-10,1.4378149050855197e-16,9.9855938163372746e-15
315,0.00037289744158391848,11.759105513847985,922.18690300063429,479.74111215380037,18.422913955057762,28.394729689575097,3398.9824519362669,9813.59548598742,6.5236927802958701e-10,1.4378149050855197e-16,9.9855938163372746e-15
316,0.0003727645189818932,11.746478793936182,921.86933639569099,480.24803015159546,18.402180680483699,28.397117748718497,3414.0619287893628,9842.5618520985445,5.3649391564134502e-10,1.4378149050855197e-16,9.9855938163372746e-15
317,0.00037263185569321686,11.733893174383507,921.55236684342469,480.75392064041233,18.381486039715814,28.399509836804128,3429.1573148231332,9871.5182509477327,4.2068133488606718e-10,1.4378149050855197e-16,9.9855938163372746e-15
318,0.00037249945046769319,11.721348965852066,921.23599103966149,481.2587758536983,18.360829956445279,28.401905962346898,3444.2685776316871,9900.4647012398509,3.0410212063492709e-10,1.4378149050855197e-16,9.9855938163372746e-15
319,0.00037236730206522214,11.708846425814571,920.92020575222648,481.76258935463574,18.340212354184306,28.404306133205477,3459.3956845865719,9929.4012215771145,1.8710575731142516e-10,1.4378149050855197e-16,9.9855938163372746e-15
320,0.00037223540925563844,11.696385766118937,920.60500781378857,482.26535584702663,18.319633156320403,28.406710356640524,3474.5386028754783,9958.3278304612159,7.3184647642617425e-11,1.4378149050855197e-16,9.9855938163372746e-15
321,0.00037210377081858961,11.683967159196241,920.29039411601445,482.76707102009391,18.299092286163543,28.409118639367609,3489.6972995355582,9987.2445462953074,-4.6276243561577419e-11,1.4378149050855197e-16,9.9855938163372746e-15
322,0.00037197238554340442,11.671590743209196,919.97636160464447,483.26773141977009,18.278589666986729,28.41153098760476,3504.8717414823004,10016.151387385735,-1.5907704986882477e-10,1.4378149050855197e-16,9.9855938163372746e-15
323,0.00037184125222897006,11.659256626360349,919.66290727533999,483.76733434099134,18.258125222060823,28.413947407110136,3520.0618955347013,10045.048371943694,-2.7811904806640878e-10,1.4378149050855197e-16,9.9855938163372746e-15
324,0.00037171036968360461,11.646964890528107,919.35002817012082,484.26587773679739,18.237698874685513,28.416367903218951,3535.2677284373353,10073.935518086728,-3.9063140764887084e-10,1.4378149050855197e-16,9.9855938163372746e-15
325,0.00037157973672496334,11.63471559435621,919.03772137437375,484.76336014109461,18.217310548215814,28.418792480875801,3550.4892068797735,10102.812843840135,-5.0550714692558356e-10,1.4378149050855197e-16,9.9855938163372746e-15
326,0.00037144935217991033,11.622508775899977,918.72598401417099,485.25978060250054,18.196960166086399,28.421221144660453,3565.7262975137774,10131.680367138306,-6.2132565705730793e-10,1.4378149050855197e-16,9.9855938163372746e-15
327,0.00037131921488441403,11.610344454904826,918.41481325397808,485.75513862737932,18.176647651831786,28.423653898816276,3580.9789669685465,10160.53810582595,-7.3413274152785174e-10,1.4378149050855197e-16,9.9855938163372746e-15
328,0.00037118932368344535,11.598222634779674,918.1042062946392,486.24943413050818,18.15637292910553,28.426090747270301,3596.2471818643085,10189.386077659268,-8.4946992580685093e-10,1.4378149050855197e-16,9.9855938163372746e-15
329,0.0003710596774308655,11.586143304315975,917.794160371565,486.7426673921006,18.136135921696283,28.428531693654978,3611.530908824458,10218.224300307074,-9.6224352673981381e-10,1.4378149050855197e-16,9.9855938163372746e-15
330,0.00037093027498934634,11.574106439190766,917.48467275319558,487.23483902023082,18.115936553542472,28.430976741327214,3626.8301144864354,10247.052791351849,-1.077771846212504e-09,1.4378149050855197e-16,9.9855938163372746e-15
331,0.00037080111523025018,11.562112003289377,917.17574073952153,487.7259499177656,18.095774748745608,28.433425893385127,3642.1447655114953,10275.871568290759,-1.1943894270171222e-09,1.4378149050855197e-16,9.9855938163372746e-15
332,0.00037067219703354416,11.550159949870745,916.86736166083392,488.21600125323135,18.07565043158186,28.435879152682631,3657.4748285934979,10304.680648536631,-1.3063507033768988e-09,1.4378149050855197e-16,9.9855938163372746e-15
333,0.00037054351928769502,11.538250222601389,916.55953287654222,488.70499443496522,18.055563526512046,28.438336521845013,3672.8202704668506,10333.480049418869,-1.4211877273132836e-09,1.4378149050855197e-16,9.9855938163372746e-15
334,0.0003704150808895942,11.526382756473994,916.2522517741703,489.19293108815009,18.035513958191913,28.440798003281486,3688.1810579136627,10362.269788184381,-1.5304152123443212e-09,1.4378149050855197e-16,9.9855938163372746e-15
335,0.00037028688074444233,11.514557478626731,915.94551576834124,489.67981303433169,18.015501651479667,28.443263599196808,3703.557157770234,10391.049881998424,-1.6441891339625129e-09,1.4378149050855197e-16,9.9855938163372746e-15
336,0.00037015891776568906,11.502774309077033,915.63932229997613,490.16564227307418,17.99552653144405,28.445733311602602,3718.9485369329363,10419.820347945441,-1.753848417113604e-09,1.4378149050855197e-16,9.9855938163372746e-15
337,0.00037003119087491786,11.491033161379349,915.33366883542271,490.65042096551628,17.975588523370725,28.448207142327721,3734.3551623635362,10448.581203029882,-1.8700132725871808e-09,1.4378149050855197e-16,9.9855938163372746e-15
338,0.00036990369900177236,11.479333943217538,915.028552865748,491.13415141956159,17.955687552768683,28.45068509302768,3749.7770010940362,10477.332464176996,-1.9816571529136385e-09,1.4378149050855197e-16,9.9855938163372746e-15
339,0.00036977644108387103,11.467676556939249,914.7239719060525,491.61683607651872,17.935823545375118,28.453167165193534,3765.2140202310711,10506.074148233585,-2.0905871227617959e-09,1.4378149050855197e-16,9.9855938163372746e-15
340,0.000369649416066719,11.456060900039081,914.41992349482314,492.09847749902298,17.915996427161076,28.455653360159324,3780.6661869599097,10534.806271968762,-2.1988669539219244e-09,1.4378149050855197e-16,9.9855938163372746e-15
341,0.0003695226229036204,11.444486865596751,914.11640519332786,492.57907836008121,17.896206124334928,28.458143679111014,3796.1334685480861,10563.528852074667,-2.3138780224963597e-09,1.4378149050855197e-16,9.9855938163372746e-15
342,0.00036939606055561442,11.432954342674721,913.81341458510599,493.05864143313192,17.876452563346803,28.460638123092409,3811.6158323487157,10592.241905167164,-2.4233416362247124e-09,1.4378149050855197e-16,9.9855938163372746e-15
343,0.0003692697279913704,11.421463216680264,913.51094927538804,493.53716958299339,17.856735670892053,28.463136693012345,3827.1132458034995,10620.945447786562,-2.5352743120628057e-09,1.4378149050855197e-16,9.9855938163372746e-15
344,0.00036914362418713508,11.410013369696287,913.20900689067355,494.01466575759275,17.837055373913987,28.465639389650988,3842.6256764454656,10649.63949639826,-2.6476244857601104e-09,1.4378149050855197e-16,9.9855938163372746e-15
345,0.00036901774812663044,11.398604680781942,912.90758507821192,494.49113298045137,17.817411599607258,28.468146213664845,3858.153091901459,10678.324067393418,-2.7626411349241427e-09,1.4378149050855197e-16,9.9855938163372746e-15
346,0.00036889209880098942,11.387237026249585,912.60668150560093,494.96657434376044,17.797804275419317,28.470657165593643,3873.6954598944117,10706.99917708961,-2.8702955912625782e-09,1.4378149050855197e-16,9.9855938163372746e-15
347,0.00036876667520868516,11.375910279917001,912.30629386038913,495.440993002075,17.778233329053332,28.473172245864138,3889.2527482453906,10735.664841731443,-2.9840750934703665e-09,1.4378149050855197e-16,9.9855938163372746e-15
348,0.0003686414763554365,11.364624313340395,912.00641984963681,495.91439216649019,17.758698688469799,28.475691454795392,3904.8249248754732,10764.321077491189,-3.0964249183808216e-09,1.4378149050855197e-16,9.9855938163372746e-15
349,0.00036851650125415493,11.35337899602696,911.70705719959915,496.38677509932592,17.739200281887939,28.47821479260385,3920.4119578074274,10792.967900469383,-3.2031069569820123e-09,1.4378149050855197e-16,9.9855938163372746e-15
350,0.000368391748924855,11.342174195631781,911.40820365533204,496.85814510920545,17.719738037787668,28.480742259406679,3936.0138151672554,10821.605326695422,-3.3151554300542391e-09,1.4378149050855197e-16,9.9855938163372746e-15
351,0.00036826721839460191,11.331009778139006,911.1098569804044,497.32850554652481,17.700311884910139,28.483273855226301,3951.6304651855694,10850.233372128165,-3.4202832744527174e-09,1.4378149050855197e-16,9.9855938163372746e-15
352,0.00036814290869742326,11.319885608028109,910.81201495653386,497.79785979929727,17.680921752259049,28.485809579994513,3967.2618761988356,10878.852052656486,-3.5306174601581729e-09,1.4378149050855197e-16,9.9855938163372746e-15
353,0.00036801881887424008,11.308801548429186,910.51467538328245,498.26621128927025,17.661567569101496,28.488349433555427,3982.9080166505014,10907.461384099859,-3.6476553291168013e-09,1.4378149050855197e-16,9.9855938163372746e-15
354,0.0003678949479728098,11.297757461264991,910.21783607779105,498.73356346837522,17.642249264968552,28.490893415669415,3998.5688550919917,10936.061382208898,-3.7584900239517214e-09,1.4378149050855197e-16,9.9855938163372746e-15
355,0.00036777129504765609,11.286753207382841,909.92149487449205,499.19991981542904,17.622966769656006,28.493441526016476,4014.2443601836089,10964.652062665922,-3.8697115234030703e-09,1.4378149050855197e-16,9.9855938163372746e-15
356,0.00036764785915998445,11.275788646677345,909.62564962479462,499.66528383306638,17.603720013224319,28.495993764198261,4029.9345006953299,10993.233441085476,-3.9759059579882396e-09,1.4378149050855197e-16,9.9855938163372746e-15
357,0.00036752463937763795,11.264863638203741,909.33029819687692,500.12965904490659,17.584508925999128,28.49855012974238,4045.6392455075015,11021.805533014869,-4.0845565495697064e-09,1.4378149050855197e-16,9.9855938163372746e-15
358,0.00036740163477501749,11.253978040282997,909.03543847539993,500.59304899292505,17.565333438571624,28.501110622104399,4061.3585636114672,11050.368353934706,-4.1979080903127897e-09,1.4378149050855197e-16,9.9855938163372746e-15
359,0.00036727884443302471,11.243131710599821,908.7410683612801,501.05545723500455,17.546193481797992,28.503675240670379,4077.0924241100997,11078.921919259379,-4.3102854693843782e-09,1.4378149050855197e-16,9.9855938163372746e-15
360,0.00036715626743899325,11.232324506293383,908.44718577144397,501.51688734266548,17.527088986800152,28.506243984759912,4092.8407962182655,11107.4662443376,-4.4216241612172606e-09,1.4378149050855197e-16,9.9855938163372746e-15
361,0.00036703381132144238,11.221580526484907,908.15354099063882,502.00507017121055,17.50802054376155,28.508817506802306,4108.6040866862795,11136.001340622081,-4.531205664900846e-09,1.4378149050855197e-16,9.9855938163372746e-15
362,0.00036691156742023302,11.210895151868366,907.86036410497729,502.49178786995753,17.488988725107919,28.511396440728056,4124.3826899142441,11164.527219109277,-4.6400843630820824e-09,1.4378149050855197e-16,9.9855938163372746e-15
363,0.00036678953460427113,11.200261149185687,907.56765867059767,502.97722127035769,17.469993445349967,28.513980767878127,4140.1765634199801,11193.043894576649,-4.7469268436341819e-09,1.4378149050855197e-16,9.9855938163372746e-15
364,0.00036666771190074337,11.189675847997179,907.27542466154125,503.46143713340388,17.451034623858174,28.516570474241544,4155.9856680127832,11221.55138183823,-4.8568902689182987e-09,1.4378149050855197e-16,9.9855938163372746e-15
365,0.00036654609837893172,11.179137644815036,906.98366122580364,503.94447554629068,17.432112182434636,28.519165547972996,4171.8099661148435,11250.049695692207,-4.9667124355282469e-09,1.4378149050855197e-16,9.9855938163372746e-15
366,0.00036642469313021779,11.168645411266001,906.69236715137879,504.42636471835004,17.41322604450156,28.521765978562332,4187.6494212005373,11278.538850903691,-5.0766615605515227e-09,1.4378149050855197e-16,9.9855938163372746e-15
367,0.00036630349526084363,11.158198280948444,906.4015410340777,504.90712630962219,17.394376134699343,28.524371756426124,4203.5039975187074,11307.018862196424,-5.1851269463157455e-09,1.4378149050855197e-16,9.9855938163372746e-15
368,0.00036618250388850178,11.147795550346849,906.11118135546656,505.38677790799545,17.375562378651086,28.526982872668089,4219.3736599301583,11335.489744248092,-5.2948936558165749e-09,1.4378149050855197e-16,9.9855938163372746e-15
369,0.00036606171814048972,11.137436625507103,905.82128652480174,505.86533436232236,17.356784702809417,28.529599318925474,4235.2583738026124,11363.951511687463,-5.403608424178405e-09,1.4378149050855197e-16,9.9855938163372746e-15
370,0.00036594113715256838,11.127120990409194,905.53185490379724,506.34280857310347,17.338043034351273,28.532221087263494,4251.1581049380711,11392.404179092529,-5.5132331774313657e-09,1.4378149050855197e-16,9.9855938163372746e-15
371,0.00036582076006823555,11.116848186853209,905.24288482238182,506.81921199533645,17.319337301100749,28.534848170098265,4267.0728195200572,11420.847760989285,-5.6209926186115915e-09,1.4378149050855197e-16,9.9855938163372746e-15
372,0.00036570058603821448,11.106617800973197,904.9543745892081,507.29455497567011,17.300667431471123,28.537480560139716,4283.0024840738251,11449.282271850907,-5.7277074431766635e-09,1.4378149050855197e-16,9.9855938163372746e-15
373,0.0003655806142200784,11.096429453810934,904.6663224989577,507.76884698805998,17.282033354419401,28.540118250347369,4298.9470654354554,11477.707726097191,-5.8356702270903231e-09,1.4378149050855197e-16,9.9855938163372746e-15
374,0.00036546084377795941,11.086282794504665,904.37872683757405,508.24209680404999,17.263434999410158,28.542761233895703,4314.9065307272494,11506.124138094216,-5.9436204546773903e-09,1.4378149050855197e-16,9.9855938163372746e-15
375,0.00036534127388233016,11.076177495227912,904.09158588614696,508.71431261930218,17.244872296385925,28.545409504146193,4330.8808473377421,11534.531522154124,-6.0524656693210454e-09,1.4378149050855197e-16,9.9855938163372746e-15
376,0.0003652219037098249,11.066113247342745,903.80489792383571,509.18550214976472,17.226345175742704,28.548063054623789,4346.8699829051884,11562.929892535021,-6.1603280026219629e-09,1.4378149050855197e-16,9.9855938163372746e-15
377,0.0003651027324430716,11.056089758415006,903.51866123006619,509.65567270629151,17.207853568309524,28.550721878998939,4362.8739053037161,11591.319263440946,-6.2647478097153447e-09,1.4378149050855197e-16,9.9855938163372746e-15
378,0.0003649837592705782,11.046106749861284,903.23287408631074,510.12483125346779,17.18939740533035,28.553385971070867,4378.8925826315499,11619.699649021923,-6.376060342534492e-09,1.4378149050855197e-16,9.9855938163372746e-15
379,0.00036486498338660729,11.036163955064938,902.94753477742972,510.59298445670987,17.170976618449735,28.556055324754649,4394.9259832009047,11648.071063374025,-6.4830168763864764e-09,1.4378149050855197e-16,9.9855938163372746e-15
380,0.00036474640399106819,11.026261117847326,902.66264159274522,511.06013872048351,17.152591139698377,28.558729934069223,4410.9740755292069,11676.433520539518,-6.589899816213152e-09,1.4378149050855197e-16,9.9855938163372746e-15
381,0.00036462802028944111,11.01639799121404,902.3781928269542,511.52630021964887,17.134240901482375,28.561409793128433,4427.0368283314028,11704.787034507006,-6.6935575240397196e-09,1.4378149050855197e-16,9.9855938163372746e-15
382,0.00036450983149268482,11.006574336315477,902.09418678081386,511.99147492544637,17.115925836572043,28.564094896131088,4443.114210513173,11733.131619211614,-6.8004711571091783e-09,1.4378149050855197e-16,9.9855938163372746e-15
383,0.00036439183681714134,10.996789921576921,901.81062176166972,512.45566862724365,17.097645878093353,28.566785237354519,4459.2061911648743,11761.467288535179,-6.9076854444431656e-09,1.4378149050855197e-16,9.9855938163372746e-15
384,0.00036427403548450378,10.987044521964151,901.52749608402439,512.91888695089631,17.079400959519134,28.56948081114766,4475.3127395561351,11789.794056306482,-7.0146451173767978e-09,1.4378149050855197e-16,9.9855938163372746e-15
385,0.00036415642672170498,10.977337918359419,901.24480806981046,513.38113537434788,17.061191014661212,28.572181611925668,4491.4338251309609,11818.111936301462,-7.122522797299106e-09,1.4378149050855197e-16,9.9855938163372746e-15
386,0.00036403900976088365,10.967669897027184,900.96255604877956,513.84241924098694,17.043015977663806,28.574887634164138,4507.5694175033077,11846.420942243469,-7.2303516470624422e-09,1.4378149050855197e-16,9.9855938163372746e-15
387,0.00036392178383930272,10.958040249152692,900.68073835870689,514.3027437711828,17.024875782996808,28.577598872394539,4523.7194864530384,11874.721087803497,-7.3343748835076011e-09,1.4378149050855197e-16,9.9855938163372746e-15
388,0.00036380474819929756,10.948448770443344,900.39935334561665,514.7621140722498,17.006770365450613,28.580315321201208,4539.884001922218,11903.012386600452,-7.4415553385171568e-09,1.4378149050855197e-16,9.9855938163372746e-15
389,0.00036368790208822223,10.938895260780114,900.11839936395734,515.22053514716379,16.988699660129246,28.583036975215929,4556.0629340116993,11931.294852201412,-7.5436274613245302e-09,1.4378149050855197e-16,9.9855938163372746e-15
390,0.00036357124475839073,10.929379523912539,899.83787477672797,515.67801190218654,16.970663602446809,28.585763829116733,4572.2562529779771,11959.568498121896,-7.6486562502576651e-09,1.4378149050855197e-16,9.9855938163372746e-15
391,0.00036345477546702147,10.919901367190075,899.55777795557822,516.13454915358147,16.952662128121673,28.588495877622954,4588.4639292302481,11987.833337826125,-7.7549870605011065e-09,1.4378149050855197e-16,9.9855938163372746e-15
392,0.00036333849347619437,10.910460601324974,899.2781072809147,516.59015163354229,16.934695173172223,28.591233115493679,4604.685933327678,12016.089384727302,-7.8590919130691184e-09,1.4378149050855197e-16,9.9855938163372746e-15
393,0.00036322239805279723,10.901057040180595,898.9988611419567,517.0448239954851,16.916762673912803,28.593975537525171,4620.9222359768528,12044.336652187891,-7.963928520448012e-09,1.4378149050855197e-16,9.9855938163372746e-15
394,0.00036310648846846948,10.89169050058403,898.72003793676402,517.49857081873256,16.898864566949442,28.596723138548597,4637.1728080293724,12072.575153519885,-8.0707846036872543e-09,1.4378149050855197e-16,9.9855938163372746e-15
395,0.00036299076399956353,10.882360802157617,898.44163607229348,517.95139661272628,16.88100078917666,28.599475913427359,4653.4376204795917,12100.804901985097,-8.1765817700504999e-09,1.4378149050855197e-16,9.9855938163372746e-15
396,0.00036287522392709174,10.873067767167537,898.16365396440244,518.40330582081151,16.863171277773052,28.602233857056493,4669.7166444624872,12129.025910795423,-8.2806130285932041e-09,1.4378149050855197e-16,9.9855938163372746e-15
397,0.00036275986753668674,10.863811220387962,897.88609003787371,518.85430282363427,16.845375970198276,28.604996964359817,4686.0098512516324,12157.238193113148,-8.3818571314191496e-09,1.4378149050855197e-16,9.9855938163372746e-15
398,0.0003626446941185528,10.854590988977533,897.60894272640667,519.30439194222834,16.827614804189743,28.607765230289534,4702.3172122572823,12185.441762051192,-8.4853714878504494e-09,1.4378149050855197e-16,9.9855938163372746e-15
399,0.00036252970296742542,10.84540690236833,897.33221047261713,519.75357744079179,16.809887717759683,28.61053864982291,4718.6386990245364,12213.636630673422,-8.5923618540268646e-09,1.4378149050855197e-16,9.9855938163372746e-15
400,0.00036241489338253156,10.836258792163644,897.05589172803207,520.20186352924225,16.792194649191412,28.613317217963207,4734.974283231606,12241.822811994907,-8.698611745721152e-09,1.4378149050855197e-16,9.9855938163372746e-15
401,0.00036230026466752588,10.827146492045783,896.77998495301597,520.6492543655221,16.774535537037469,28.616100929737332,4751.3239366881317,12270.00031898222,-8.8004010023933361e-09,1.4378149050855197e-16,9.9855938163372746e-15
402,0.00036218581613048449,10.81806983769112,896.50448861683253,521.09575405772205,16.756910320115942,28.618889780193992,4767.6876313335943,12298.169164553698,-8.9052327267563339e-09,1.4378149050855197e-16,9.9855938163372746e-15
403,0.00036207154708383082,10.809028666692967,896.22940119753196,521.54136666600914,16.739318937507985,28.621683764404608,4784.0653392357772,12326.32936157973,-9.0140434115018582e-09,1.4378149050855197e-16,9.9855938163372746e-15
404,0.00036195745684432934,10.800022818489639,895.95472118200155,521.98609620442562,16.721761328555601,28.624482877460071,4800.4570325892864,12354.480922883022,-9.1165190806944503e-09,1.4378149050855197e-16,9.9855938163372746e-15
405,0.00036184354473300099,10.791052134299042,895.68044706581622,522.42994664252399,16.704237432858406,28.627287114471972,4816.8626837141328,12382.62386123889,-9.220814370882454e-09,1.4378149050855197e-16,9.9855938163372746e-15
406,0.00036172981007513098,10.782116457057777,895.4065773533149,522.87292190688891,16.686747190271785,28.630096470569843,4833.282265054354,12410.758189375516,-9.3212967232284358e-09,1.4378149050855197e-16,9.9855938163372746e-15
407,0.00036161625220019702,10.773215631365126,895.13311055747431,523.31502588253852,16.669290540904154,28.632910940902224,4849.7157491766866,12438.883919974242,-9.4238397082830383e-09,1.4378149050855197e-16,9.9855938163372746e-15
408,0.00036150287044185031,10.764349503430857,894.86004519991036,523.75626241422856,16.651867425114904,28.635730520634553,4866.1631087692895,12467.001065669823,-9.5271782761420387e-09,1.4378149050855197e-16,9.9855938163372746e-15
409,0.00036138966413787468,10.755517921027026,894.58737981082288,524.19663530765774,16.634477783511979,28.638555204949053,4882.6243166404829,12495.109639050703,-9.632033020437122e-09,1.4378149050855197e-16,9.9855938163372746e-15
410,0.0003612766326301386,10.746720733442341,894.31511292891855,524.63614833060819,16.617121556949343,28.641384989043704,4899.0993457175546,12523.209652659289,-9.7363474939018659e-09,1.4378149050855197e-16,9.9855938163372746e-15
411,0.00036116377526458198,10.737957791440422,894.04324310141862,525.07480521398952,16.59979868652556,28.64421986813273,4915.5881690455744,12551.301118992204,-9.838261267479428e-09,1.4378149050855197e-16,9.9855938163372746e-15
412,0.00036105109139114236,10.729228947220335,893.77176888391296,525.51260965282495,16.582509113581057,28.64705983744453,4932.0907597862597,12579.384050500574,-9.9416507582184986e-09,1.4378149050855197e-16,9.9855938163372746e-15
413,0.00036093858036376702,10.72053405437978,893.50068884042469,525.94956530717218,16.565252779696412,28.649904892222445,4948.6070912168589,12607.458459590276,-1.0041785370075229e-08,1.4378149050855197e-16,9.9855938163372746e-15
414,0.00036082624154034661,10.711872967880483,893.23000154327951,526.38567580298798,16.548029626690202,28.652755027723476,4965.137136729064,12635.524358622206,-1.0148314988823057e-08,1.4378149050855197e-16,9.9855938163372746e-15
415,0.00036071407428267955,10.703245544015296,892.95970557304895,526.82094473295092,16.530839596617,28.655610239218252,4981.6808698279528,12663.581759912535,-1.0256189878450566e-08,1.4378149050855197e-16,9.9855938163372746e-15
416,0.00036060207795645804,10.694651640378327,892.68979951854408,527.25537565720856,16.513682631765633,28.658470521990374,4998.2382641309659,12691.630675732968,-1.0359060723143982e-08,1.4378149050855197e-16,9.9855938163372746e-15
417,0.00036049025193122576,10.686091115834904,892.42028197674006,527.6889721041274,16.496558674656924,28.661335871336441,5014.8092933668777,12719.671118311015,-1.0460732438647783e-08,1.4378149050855197e-16,9.9855938163372746e-15
418,0.00036037859558032866,10.677563830495421,892.15115155267983,528.12173757094774,16.479467668042417,28.664206282564496,5031.3939313748306,12747.703099830225,-1.0567798491570605e-08,1.4378149050855197e-16,9.9855938163372746e-15
419,0.00036026710828091066,10.66906964568858,891.88240685948881,528.55367552445216,16.462409554902017,28.667081750995322,5047.9921521033439,12775.726632430458,-1.0671504680769295e-08,1.4378149050855197e-16,9.9855938163372746e-15
420,0.00036015578941385365,10.66060842393742,891.6140465182508,528.98478940156451,16.445384278442383,28.669962271961332,5064.6039296093886,12803.741728208124,-1.0776205261276768e-08,1.4378149050855197e-16,9.9855938163372746e-15
421,0.00036004457732262244,10.652100227657909,891.34598613611172,529.32291097521897,16.428389613480761,28.672845669961983,5081.2277840264996,12831.748397696501,-1.0879076105970185e-08,1.4378149050855197e-16,9.9855938163372746e-15
422,0.00035993353288830699,10.643559648640485,891.07836395675008,529.66184211732127,16.411423394181828,28.675729830782743,5097.8622766229282,12859.746652813359,-1.0981110908584629e-08,1.4378149050855197e-16,9.9855938163372746e-15
423,0.00035982265534394408,10.635009887852423,890.81115828069869,530.0010028036894,16.394485621522975,28.678614808921864,5114.5074213980251,12887.736506903479,-1.1087391842308549e-08,1.4378149050855197e-16,9.9855938163372746e-15
424,0.00035971194402803031,10.626459127621652,890.54436049759397,530.34018847612538,16.377576281626954,28.681500643245702,5131.1632219943485,12915.717972904024,-1.1190654723421141e-08,1.4378149050855197e-16,9.9855938163372746e-15
425,0.0003596013983067285,10.617912038798982,890.27796506678487,530.67928236335877,16.360695353723656,28.68438736525102,5147.8296772225503,12943.69106353739,-1.1292457931567318e-08,1.4378149050855197e-16,9.9855938163372746e-15
426,0.00035949101756050825,10.609371729026398,890.0119678197226,531.01820677434011,16.343842812807768,28.687275001824549,5164.5067829065401,12971.655791375815,-1.1395073813073529e-08,1.4378149050855197e-16,9.9855938163372746e-15
427,0.00035938080117929361,10.600840444482552,889.74636534819001,531.35690555460292,16.327018630954289,28.690163576611052,5181.1945327970188,12999.612168873564,-1.1497237666822401e-08,1.4378149050855197e-16,9.9855938163372746e-15
428,0.00035927074856019909,10.592319896186893,889.48115471972346,531.69533592866105,16.310222778089027,28.693053110812492,5197.8929191056623,13027.560208385812,-1.1601487963506779e-08,1.4378149050855197e-16,9.9855938163372746e-15
429,0.00035916085910630234,10.583811435668718,889.21633332433782,532.03346410828203,16.293455222484223,28.695943623704029,5214.6019328500479,13055.499922180963,-1.17055802597482e-08,1.4378149050855197e-16,9.9855938163372746e-15
430,0.00035905113222587932,10.575316159202441,888.95189878346002,532.37126268660575,16.276715931101503,28.698835132993011,5231.3215640917988,13083.431322449269,-1.1808070926775334e-08,1.4378149050855197e-16,9.9855938163372746e-15
431,0.00035894156733192823,10.566834974139242,888.68784889198707,532.7087089798523,16.260004869840362,28.701727655076098,5248.0518021092039,13111.354421309079,-1.1912011849523938e-08,1.4378149050855197e-16,9.9855938163372746e-15
432,0.0003588321638418541,10.558368643414653,888.42418157940608,533.04578391463372,16.243322003725176,28.70462120523532,5264.7926355270201,13139.269230811686,-1.201184406318189e-08,1.4378149050855197e-16,9.9855938163372746e-15
433,0.00035872292117719926,10.549917816682015,888.16089488246814,533.38247124961629,16.226667297048063,28.70751579778921,5281.5440524169871,13167.17576294506,-1.2112589400812621e-08,1.4378149050855197e-16,9.9855938163372746e-15
434,0.00035861383876347244,10.541483052833856,887.89798692547492,533.71875701248678,16.210040713485604,28.710411446212536,5298.3060403775089,13195.074029636931,-1.221580449812679e-08,1.4378149050855197e-16,9.9855938163372746e-15
435,0.00035850491603002082,10.533064836751738,887.63545590561193,534.0546290812066,16.193442216189361,28.71330816323438,5315.0785865980424,13222.964042757272,-1.2322933332682577e-08,1.4378149050855197e-16,9.9855938163372746e-15
436,0.00035839615240988162,10.524663592058502,887.37330008165191,534.39007686520415,16.176871767862501,28.716205960916781,5331.8616779120039,13250.84581412041,-1.2425261465037704e-08,1.4378149050855197e-16,9.9855938163372746e-15
437,0.00035828754733972058,10.516279691019635,887.11151776531483,534.72509105784241,16.160329330822982,28.719104850722815,5348.6553008408364,13278.719355486821,-1.2526562420120166e-08,1.4378149050855197e-16,9.9855938163372746e-15
438,0.00035817910025973078,10.507913462365005,886.85010731431066,535.05966344087494,16.143814867056335,28.722004843572435,5365.459441631152,13306.584678564699,-1.2628451778618244e-08,1.4378149050855197e-16,9.9855938163372746e-15
439,0.00035807081061357804,10.499565197560377,886.5890671268254,535.39378672765724,16.127328338261226,28.724905949891031,5382.2740862863866,13334.44179501126,-1.2732454436639264e-08,1.4378149050855197e-16,9.9855938163372746e-15
440,0.00035796267784833071,10.491235155902226,886.32839563697667,535.72745443577764,16.110869705888106,28.727808179650779,5399.0992205939892,13362.290716433998,-1.2837129904493551e-08,1.4378149050855197e-16,9.9855938163372746e-15
441,0.00035785470141439646,10.48292356870498,886.06809131106365,536.06066078237552,16.094438931172714,28.730711542406095,5415.9348301489908,13390.131454391718,-1.2942710474223071e-08,1.4378149050855197e-16,9.9855938163372746e-15
442,0.00035774688076550072,10.474630642778363,885.8081526445302,536.39340059720746,16.078035975165328,28.733616047327263,5432.7809003745824,13417.964020395515,-1.3042822763721411e-08,1.4378149050855197e-16,9.9855938163372746e-15
443,0.00035763921535860176,10.46635656334208,885.54857815925152,536.7256692497815,16.061660798757156,28.736521703225769,5449.6374165401785,13445.788425909624,-1.3143987691932452e-08,1.4378149050855197e-16,9.9855938163372746e-15
444,0.00035753170465390019,10.458101496489661,885.2893664014432,537.05746258775844,16.045313362701751,28.739428518581747,5466.5043637773797,13473.604682352236,-1.3250033543319606e-08,1.4378149050855197e-16,9.9855938163372746e-15
445,0.00035742434811474912,10.449865591287431,885.03051593963517,537.38877688448088,16.028993627636183,28.742336501563305,5483.3817270941518,13501.412801096245,-1.3352803239826582e-08,1.4378149050855197e-16,9.9855938163372746e-15
446,0.00035731714520765309,10.441648981573859,884.77202536312507,537.71960879398694,16.012701554098211,28.745245660048528,5500.269491387472,13529.212793469873,-1.3456290390883596e-08,1.4378149050855197e-16,9.9855938163372746e-15
447,0.00035721009540220876,10.433451787513791,884.51389328049447,538.04995531215525,15.996437102542799,28.748156001641917,5517.1676414546655,13557.004670757362,-1.3555907403055221e-08,1.4378149050855197e-16,9.9855938163372746e-15
448,0.00035710319817109135,10.425274116946779,884.25611831841877,538.37981374299716,15.980200233355738,28.751067533691351,5534.0761620036001,13584.788444199492,-1.3653091626949484e-08,1.4378149050855197e-16,9.9855938163372746e-15
449,0.00035699645299000976,10.417116066565274,883.99869912054214,538.70918166920148,15.963990906867298,28.753980263302207,5550.9950376619026,13612.564124994202,-1.3752330205389074e-08,1.4378149050855197e-16,9.9855938163372746e-15
450,0.00035688985933768385,10.408977722947364,883.74163434653508,539.03805692631602,15.947809083363742,28.756894197350395,5567.9242529852818,13640.331724297057,-1.3854197241528764e-08,1.4378149050855197e-16,9.9855938163372746e-15
451,0.00035678341669581907,10.400859163467098,883.48492267124811,539.36643757998922,15.931654723097701,28.759809342495576,5584.8637924651284,13668.09125322175,-1.3956500261230706e-08,1.4378149050855197e-16,9.9855938163372746e-15
452,0.00035667712454906275,10.392760457100174,883.22856278391225,539.69432190582904,15.915527786297737,28.762725705191134,5601.8136405354071,13695.842722840585,-1.4056242487881408e-08,1.4378149050855197e-16,9.9855938163372746e-15
453,0.0003565709823849824,10.38468166514054,882.97255338746857,540.02170837148662,15.899428233177463,28.765643291695273,5618.7737815789669,13723.586144184901,-1.415726790135253e-08,1.4378149050855197e-16,9.9855938163372746e-15
454,0.00035646498969405026,10.376622841838367,882.71689319798156,540.34859562070756,15.88335602394308,28.768562108079632,5635.7441999333269,13751.321528245486,-1.4262022195034871e-08,1.4378149050855197e-16,9.9855938163372746e-15
455,0.00035635914596960153,10.368584034972459,882.4615809440445,540.67498245902198,15.867311118801414,28.771482160239035,5652.7248798959718,13779.048885972996,-1.4363981659689758e-08,1.4378149050855197e-16,9.9855938163372746e-15
456,0.00035625345070782735,10.360565286363032,882.20661536632065,541.00086784092412,15.851293477965521,28.77440345389893,5669.7158057292345,13806.768228278337,-1.4465590593560595e-08,1.4378149050855197e-16,9.9855938163372746e-15
457,0.00035614790340772473,10.352566632334382,881.95199521702148,541.32625085830716,15.83530306166209,28.777325994622998,5686.7169616647907,13834.47956603304,-1.4566244200249828e-08,1.4378149050855197e-16,9.9855938163372746e-15
458,0.00035604250357110126,10.344588104132649,881.69771925956002,541.65113073001714,15.819339830136101,28.780249787820324,5703.7283319078015,13862.182910069592,-1.4667934052669819e-08,1.4378149050855197e-16,9.9855938163372746e-15
459,0.00035593725070252088,10.33662972830434,881.443786268091,541.97550679239157,15.803403743656661,28.783174838751396,5720.7499006407616,13889.878271181831,-1.4767971701782302e-08,1.4378149050855197e-16,9.9855938163372746e-15
460,0.00035583214430930479,10.328691527039592,881.19019502721767,542.29937849067699,15.787494762521341,28.786101152535135,5737.7816520270444,13917.565660125227,-1.4869835250053495e-08,1.4378149050855197e-16,9.9855938163372746e-15
461,0.00035572718390150044,10.320773518485309,880.9369443316466,542.62274537120061,15.771612847060958,28.789028734153376,5754.8235702142083,13945.245087617228,-1.497567008539652e-08,1.4378149050855197e-16,9.9855938163372746e-15
462,0.00035562236899185605,10.312875717030748,880.6840329858793,542.94560707423136,15.755757957643819,28.791957588457574,5771.875639337045,13972.916564337584,-1.5076949066907444e-08,1.4378149050855197e-16,9.9855938163372746e-15
463,0.00035551769909580064,10.304998133568082,880.43145980393842,543.26796332746449,15.739930054679007,28.79488772017277,5788.9378435204417,14000.580100928626,-1.5176304488941719e-08,1.4378149050855197e-16,9.9855938163372746e-15
464,0.00035541317373141999,10.297140775732004,880.17922360910302,543.58981394003331,15.724129098620182,28.797819133902706,5806.0101668820198,14028.23570799558,-1.5278962573656758e-08,1.4378149050855197e-16,9.9855938163372746e-15
465,0.00035530879241944162,10.289303648119299,879.9273232336825,543.91115879701738,15.708355049968906,28.800751834133674,5823.0925935346113,14055.883396106836,-1.538019307379556e-08,1.4378149050855197e-16,9.9855938163372746e-15
466,0.0003552045546831993,10.281486752490594,879.67575751875597,544.23199785440181,15.692607869277747,28.803685825240258,5840.1851075885688,14083.523175794255,-1.5475876816661981e-08,1.4378149050855197e-16,9.9855938163372746e-15
467,0.00035510046004864004,10.273690087956604,879.42452531402955,544.55233113441841,15.676887517152606,28.806621111487722,5857.2876931539095,14111.155057553411,-1.5579126443874282e-08,1.4378149050855197e-16,9.9855938163372746e-15
468,0.00035499650804426134,10.265913651150219,879.17362547753316,544.87215872124443,15.661193954255832,28.809557697036134,5874.4003343423356,14138.779051843872,-1.5683104338028968e-08,1.4378149050855197e-16,9.9855938163372746e-15
469,0.00035489269820113432,10.258157436384971,878.92305687554222,545.19148075704254,15.645527141308577,28.812495585944546,5891.5230152691129,14166.39516908947,-1.578531458042886e-08,1.4378149050855197e-16,9.9855938163372746e-15
470,0.00035478903005285636,10.250421435802156,878.67281838233475,545.51029743827939,15.629887039092807,28.815434782173362,5908.6557200548368,14194.003419678536,-1.5890244662683503e-08,1.4378149050855197e-16,9.9855938163372746e-15
471,0.0003546855031355446,10.24270563950766,878.42290888005664,545.82860901230856,15.614273608453441,28.818375289588065,5925.7984328270841,14221.603813964161,-1.5993351287287383e-08,1.4378149050855197e-16,9.9855938163372746e-15
472,0.00035458211698779666,10.235010035698039,878.17332725851804,546.14641577421582,15.598686810300652,28.821317111962909,5942.951137721956,14249.196362264449,-1.6094691306497023e-08,1.4378149050855197e-16,9.9855938163372746e-15
473,0.00035447887115070179,10.227334610778327,877.92407241511933,546.46371806387515,15.583126605611147,28.824260252982135,5960.1138188855393,14276.781074862731,-1.6195728229934188e-08,1.4378149050855197e-16,9.9855938163372746e-15
474,0.00035437576516779797,10.219679349472235,877.67514325465004,546.78051626319416,15.567592955430088,28.827204716244058,5977.2864604752622,14304.35796200782,-1.6294977969552972e-08,1.4378149050855197e-16,9.9855938163372746e-15
475,0.00035427279858506113,10.212044234923585,877.42653868917682,547.09681079357711,15.55208582087295,28.830150505263635,5994.4690466611801,14331.927033914253,-1.6396564929852273e-08,1.4378149050855197e-16,9.9855938163372746e-15
476,0.00035416997095088587,10.204429248792376,877.17825763791257,547.41260211352403,15.536605163126575,28.833097623473748,6011.6615616271765,14359.488300762479,-1.649426535828424e-08,1.4378149050855197e-16,9.9855938163372746e-15
477,0.00035406728181606567,10.196834371343241,876.93029902709202,547.72789071641887,15.521150943450587,28.836046074229387,6028.8639895720898,14387.04177269912,-1.6596694987612661e-08,1.4378149050855197e-16,9.9855938163372746e-15
478,0.00035396473073378334,10.189259581529248,876.6826617898771,548.04267712843546,15.505723123178804,28.83899586080776,6046.0763147107782,14414.587459837148,-1.6697469972125623e-08,1.4378149050855197e-16,9.9855938163372746e-15
479,0.00035386231725957856,10.181704857069978,876.43534486620922,548.35696190658405,15.490321663720351,28.841946986412957,6063.2985212751246,14442.125372256156,-1.6796115961707402e-08,1.4378149050855197e-16,9.9855938163372746e-15
480,0.00035376004095133699,10.174170174524008,876.18834720272116,548.67074563689982,15.474946526560885,28.844899454175405,6080.5305935149663,14469.655520002525,-1.6898145532519099e-08,1.4378149050855197e-16,9.9855938163372746e-15
481,0.00035365774877191497,10.166764759969896,875.94119822827031,549.10963100075264,15.459600642181684,28.847856225650439,6097.7744971425291,14497.177905988381,-1.6998301420373665e-08,1.4378149050855197e-16,9.9855938163372746e-15
482,0.00035355559401474237,10.159468420158198,875.69429463704284,549.54578949604502,15.444286859990864,28.850820178818765,6115.0321417235737,14524.692531281489,-1.7098255709429047e-08,1.4378149050855197e-16,9.9855938163372746e-15
483,0.00035345357584578365,10.15224918078523,875.44766123401268,549.98002048036915,15.429005063336843,28.853791236016573,6132.3034573277191,14552.19940408324,-1.7194274985244977e-08,1.4378149050855197e-16,9.9855938163372746e-15
484,0.0003533516936888542,10.145095630123699,875.20130621166663,550.41260924690755,15.413755156340166,28.856769340833452,6149.5883883686729,14579.698533026261,-1.7298095227743553e-08,1.4378149050855197e-16,9.9855938163372746e-15
485,0.00035324994703045973,10.138001164622075,874.95523388115475,550.8437208844482,15.398537052964096,28.859754446853685,6166.8868860396724,14607.189926930057,-1.7400951772176125e-08,1.4378149050855197e-16,9.9855938163372746e-15
486,0.0003531483353863049,10.130961321564241,874.70944682763081,551.2734669608941,15.383350673364268,28.862746513895587,6184.1989057867413,14634.673594719448,-1.7499523818945746e-08,1.4378149050855197e-16,9.9855938163372746e-15
487,0.00035304685828917967,10.123972818337647,874.4639466867111,551.7019295415588,15.368195942080556,28.865745506148812,6201.5244060574678,14662.149545384254,-1.7598007622642368e-08,1.4378149050855197e-16,9.9855938163372746e-15
488,0.00035294551528334167,10.117033105713777,874.21873450566477,552.12917235715565,15.353072786979551,28.868751391087045,6218.8633475691195,14689.617787955784,-1.7700039634962015e-08,1.4378149050855197e-16,9.9855938163372746e-15
489,0.00035284430592145494,10.110140127362214,873.97381093782815,552.55524681594466,15.337981138571456,28.87176413876427,6236.2156928358436,14717.078331491675,-1.7798630865008373e-08,1.4378149050855197e-16,9.9855938163372746e-15
490,0.00035274322976278652,10.103292177161387,873.72917635802548,552.98019557096541,15.322920929537581,28.874783721328917,6253.5814058420401,14744.531185065482,-1.7897706211202257e-08,1.4378149050855197e-16,9.9855938163372746e-15
491,0.00035264228637204437,10.096487808402076,873.48483093600055,553.40405478994819,15.307892094388174,28.877810112672279,6270.9604518054603,14771.976357759158,-1.7995035530426039e-08,1.4378149050855197e-16,9.9855938163372746e-15
492,0.00035254147531859546,10.089725772868787,873.24077468569578,553.82685567828037,15.292894569204487,28.880843288164272,6288.3527969988763,14799.413858657446,-1.8092907910774961e-08,1.4378149050855197e-16,9.9855938163372746e-15
493,0.00035244079617590258,10.083004978230539,872.99700749969031,554.24862554423646,15.277928291439043,28.883883224446983,6305.7584086118504,14826.843696843534,-1.8194799013207286e-08,1.4378149050855197e-16,9.9855938163372746e-15
494,0.00035234024852113583,10.076324457220998,872.7535291741633,554.66938856947513,15.26299319975646,28.886929899273291,6323.1772546410339,14854.265881395664,-1.829711249651472e-08,1.4378149050855197e-16,9.9855938163372746e-15
495,0.00035223983193485262,10.069683344718543,872.51033942738832,555.08916638203664,15.248089233905349,28.88998329137447,6340.6093038013651,14881.680421384408,-1.8400138551356298e-08,1.4378149050855197e-16,9.9855938163372746e-15
496,0.0003521395460007836,10.063080860300287,872.26743791388844,555.50797849249284,15.233216334612404,28.893043380352317,6358.0545254529843,14909.087325870469,-1.8500524289744886e-08,1.4378149050855197e-16,9.9855938163372746e-15
497,0.00035203939030562474,10.056516294696358,872.02482423532604,555.92584263259118,15.218374443493961,28.896110146589233,6375.5128895402577,14936.486603902826,-1.8598961007216784e-08,1.4378149050855197e-16,9.9855938163372746e-15
498,0.00035193936443888728,10.049988999091367,871.78249794914268,556.34277502271573,15.203563502981449,28.899183571171804,6392.9843665402468,14963.878264517238,-1.8700537503910589e-08,1.4378149050855197e-16,9.9855938163372746e-15
499,0.00035183946799279627,10.043498376547451,871.54045857553353,556.75879058631381,15.188783456257582,28.902263635825914,6410.4689274187176,14991.262316734952,-1.8802936439996227e-08,1.4378149050855197e-16,9.9855938163372746e-15
500,0.00035173970056216779,10.037043875037876,871.29870560301504,557.17390312405325,15.174034247201686,28.905350322860841,6427.9665435922261,15018.638769561641,-1.8902240241576728e-08,1.4378149050855197e-16,9.9855938163372746e-15
501,0.00035164006174433291,10.030624981721058,871.05723849306344,557.58812545697356,15.159315820340989,28.908443615121204,6445.4771868951575,15046.00763198646,-1.9004079723555285e-08,1.4378149050855197e-16,9.9855938163372746e-15
502,0.00035154055113905585,10.02424121818747,870.81605668392058,558.00146954531317,15.144628120809738,28.911543495944187,6463.0008295508815,15073.368912981279,-1.9102772450574937e-08,1.4378149050855197e-16,9.9855938163372746e-15
503,0.00035144116834846947,10.017892136475329,870.57515959379589,558.4139465881168,15.129971094311642,28.914649949122548,6480.5374441463155,15100.722621499994,-1.9203518834566217e-08,1.4378149050855197e-16,9.9855938163372746e-15
504,0.00035134191297702858,10.011577315703065,870.33454662359168,558.82556710742324,15.115344687087125,28.91776295887124,6498.0870036093602,15128.068766477943,-1.930157572315868e-08,1.4378149050855197e-16,9.9855938163372746e-15
505,0.00035124278463144763,10.005296359200935,870.09421715917074,559.23634101997663,15.100748845884242,28.920882509798194,6515.6494811888133,15155.40735683142,-1.9399687022499714e-08,1.4378149050855197e-16,9.9855938163372746e-15
506,0.00035114378292066265,9.9990488920522509,869.85417057333882,559.64627769869378,15.086183517932371,28.924008586878397,6533.224850436307,15182.738401457198,-1.9496945537992988e-08,1.4378149050855197e-16,9.9855938163372746e-15
507,0.00035104490745578771,9.9928345589693119,869.61440622753025,560.05538602576723,15.071648650918442,28.927141175429774,6550.8130851901033,15210.061909232158,-1.9599963919523868e-08,1.4378149050855197e-16,9.9855938163372746e-15
508,0.00035094615785007804,9.9866530224507581,869.37492347327418,560.463674438731,15.057144192965524,28.930280261092189,6568.4141595604096,15237.377889012982,-1.9698517829377301e-08,1.4378149050855197e-16,9.9855938163372746e-15
509,0.00035084753371890408,9.9805039611724471,869.13572165349092,560.87115097068875,15.04267009261376,28.93342582980797,6586.0280479160519,15264.68634963582,-1.9803144467072617e-08,1.4378149050855197e-16,9.9855938163372746e-15
510,0.0003507490346797013,9.9743870685760854,868.89680010356028,561.27782328559783,15.02822629880191,28.936577867804228,6603.6547248723455,15291.987299916078,-1.9904881405717331e-08,1.4378149050855197e-16,9.9855938163372746e-15
511,0.00035065066035196748,9.9683020516246508,868.65815815236908,561.68369870938363,15.013812760851717,28.939736361577836,6621.2941652799864,15319.280748648162,-2.0004214156606367e-08,1.4378149050855197e-16,9.9855938163372746e-15
512,0.00035055241035721117,9.9622486297015271,868.41979512311366,562.08878425746184,14.999429428452432,28.942901297879501,6638.946344214869,15346.566704605299,-2.0105131446154047e-08,1.4378149050855197e-16,9.9855938163372746e-15
513,0.0003504542852848025,9.9562265313516267,868.18171272872974,562.4930867162094,14.985076251542873,28.946072663686081,6656.6112369455604,15373.845176585559,-2.1281943160398057e-08,1.4378149050855197e-16,9.9855938163372746e-15
514,0.00035035628378895134,9.9502354986226198,867.94390787665839,562.89661253443444,14.970753180505058,28.9492504462334,6674.2888189968917,15401.116173348215,-2.2455892032178902e-08,1.4378149050855197e-16,9.9855938163372746e-15
515,0.00035025840549703471,9.9442752832945569,867.70637987674979,563.299367917636,14.956460166055988,28.952434632959559,6691.9790660680092,15428.379703601671,-2.3627424508664325e-08,1.4378149050855197e-16,9.9855938163372746e-15
516,0.00035016065003841613,9.9383456458471109,867.46912803624946,563.70135885382228,14.942197159230753,28.955625211508934,6709.6819540495972,15455.635776032619,-2.4798931872496565e-08,1.4378149050855197e-16,9.9855938163372746e-15
517,0.0003500630170443732,9.9324463551210513,867.23215165991201,564.10259112197366,14.927964111373079,28.958822169723245,6727.397459017142,15482.884399305956,-2.5967724977063651e-08,1.4378149050855197e-16,9.9855938163372746e-15
518,0.00034996550614808453,9.9265771877964983,866.99545005041136,564.50307030508748,14.913760974125575,28.962025495631906,6745.1255572245664,15510.125582064687,-2.7137325871974879e-08,1.4378149050855197e-16,9.9855938163372746e-15
519,0.00034986811698459728,9.9207379278921781,866.75902250868694,564.90280180269554,14.89958769942151,28.965235177444619,6762.8662250982843,15537.359332929893,-2.8305505809260016e-08,1.4378149050855197e-16,9.9855938163372746e-15
520,0.0003497708491908066,9.9149283663034815,866.52286833428343,565.30179084241297,14.885444239475587,28.96845120354212,6780.6194392316029,15564.585660500663,-2.9474956725825828e-08,1.4378149050855197e-16,9.9855938163372746e-15
521,0.00034967370240545622,9.9091483003777352,866.28698682571496,565.70004249055648,14.871330546777401,28.971673562470233,6798.3851763795064,15591.80457335408,-3.0641249726253546e-08,1.4378149050855197e-16,9.9855938163372746e-15
522,0.00034957667626908748,9.903397533524597,866.05137728066859,566.09756166188504,14.857246574082959,28.974902242931485,6816.1634134537326,15619.016080045156,-3.1809256665261178e-08,1.4378149050855197e-16,9.9855938163372746e-15
523,0.00034947977042406025,9.8976758748602727,865.81603899635957,566.49435312849312,14.843192274408628,28.978137233781023,6833.9541275181618,15646.220189106833,-3.2974280779129318e-08,1.4378149050855197e-16,9.9855938163372746e-15
524,0.00034938298451450965,9.8919831388791799,865.58097126970301,566.89042152802051,14.829167601024569,28.98137852401814,6851.7572957844577,15673.416909049985,-3.4137025919720862e-08,1.4378149050855197e-16,9.9855938163372746e-15
525,0.00034928631818633658,9.8863191451523686,865.34617339754709,567.28577137119078,14.815172507448072,28.984626102781931,6869.5728956079756,15700.606248363383,-3.5300482585485995e-08,1.4378149050855197e-16,9.9855938163372746e-15
526,0.00034918977108719563,9.8806837180505394,865.11164467687979,567.68040704873647,14.801206947438411,28.98787995934622,6887.4009044838695,15727.78821551371,-3.6462672457412649e-08,1.4378149050855197e-16,9.9855938163372746e-15
527,0.00034909334286648312,9.8750766864873718,864.8773844050171,568.07433283781575,14.787270874990879,28.99114008311351,6905.2413000434335,15754.962818945571,-3.762159907957257e-08,1.4378149050855197e-16,9.9855938163372746e-15
528,0.00034899703317532011,9.8694978836823246,864.6433918797635,568.46755290794181,14.773364244331876,28.994406463611561,6923.0940600506292,15782.130067081502,-3.8779454228529905e-08,1.4378149050855197e-16,9.9855938163372746e-15
529,0.00034890084166653299,9.8639471469418964,864.40966639955059,568.86007132645261,14.759487009914002,28.997679090487615,6940.9591623987881,15809.289968321995,-3.9939965738135319e-08,1.4378149050855197e-16,9.9855938163372746e-15
530,0.00034880476799464762,9.8584243174551318,864.17620726359689,569.25189206362154,14.745639126411113,29.000957953505377,6958.8365851074841,15836.442531045503,-4.1097559994529001e-08,1.4378149050855197e-16,9.9855938163372746e-15
531,0.00034870881181587595,9.8529292401059632,863.94301377203499,569.64301899735085,14.731820548713831,29.004243042540192,6976.7263063195587,15863.587763608475,-4.2253982327107352e-08,1.4378149050855197e-16,9.9855938163372746e-15
532,0.00034861297278809643,9.8474617632963337,863.71008522601437,570.03345591759171,14.718031231925778,29.007534347576136,6994.6283042982832,15890.725674345405,-4.3409866830363312e-08,1.4378149050855197e-16,9.9855938163372746e-15
533,0.00034851725057084371,9.842021738782611,863.47742092781516,570.42320653043464,14.704271131358517,29.010831858700936,7012.5425574246719,15917.856271568837,-4.4565316047630718e-08,1.4378149050855197e-16,9.9855938163372746e-15
534,0.00034842164482529122,9.8366090215228272,863.24502018093688,570.81227446192918,14.690540202528746,29.014135566104571,7030.4690441949024,15944.979563569419,-4.571531233128834e-08,1.4378149050855197e-16,9.9855938163372746e-15
535,0.0003483261552142562,9.8312234695340486,863.01288229023123,571.20066326164874,14.676838401153965,29.017445460074569,7048.407743217861,15972.095558615934,-4.6869930040705816e-08,1.4378149050855197e-16,9.9855938163372746e-15
536,0.00034823078140216432,9.8258649437587966,862.78100656193078,571.58837640603008,14.663165683149007,29.020761530993546,7066.3586332127825,15999.204264955348,-4.8022122286369786e-08,1.4378149050855197e-16,9.9855938163372746e-15
537,0.00034813552305506168,9.8205333079398294,862.54939230378466,571.97541730150419,14.649522004622394,29.024083769335864,7084.3216930070093,16026.305690812869,-4.9173183765066696e-08,1.4378149050855197e-16,9.9855938163372746e-15
538,0.00034804037984057429,9.8152284285030298,862.31803882505892,572.36178928742424,14.635907321873495,29.027412165665869,7102.2969015338476,16053.399844391961,-5.0322078579852647e-08,1.4378149050855197e-16,9.9855938163372746e-15
539,0.00034794535142791672,9.809950174447037,862.08694543665308,572.74749563882392,14.622321591389106,29.030746710633728,7120.2842378304895,16080.486733874421,-5.1470169789736649e-08,1.4378149050855197e-16,9.9855938163372746e-15
540,0.00034785043748788389,9.8046984172402372,861.85611145116798,573.13253956899393,14.608764769840482,29.034087394974371,7138.2836810360386,16107.566367420433,-5.2617737819345955e-08,1.4378149050855197e-16,9.9855938163372746e-15
541,0.00034775566820963633,9.7994245286981894,861.62565176811734,573.46105344921182,14.595235495679571,29.037432893590783,7156.2943290356925,16134.638754863103,-5.3763012226630971e-08,1.4378149050855197e-16,9.9855938163372746e-15
542,0.00034766101252364822,9.7941373098865157,861.39548214572847,573.78990058617046,14.581732443467413,29.040781918503949,7174.3153046839252,16161.703906819506,-5.4906778479577447e-08,1.4378149050855197e-16,9.9855938163372746e-15
543,0.00034756647018464924,9.7888508444741529,861.16559037041759,574.11872888814605,14.568255605229959,29.044134496553482,7192.3466115149986,16188.761832164726,-5.6052336799358207e-08,1.4378149050855197e-16,9.9855938163372746e-15
544,0.00034747204089829282,9.7835700679109809,860.93597165325912,574.44741496889208,14.554804963961029,29.04749064515374,7210.3882467849089,16215.81253954539,-5.7192068983599886e-08,1.4378149050855197e-16,9.9855938163372746e-15
545,0.00034737772435966682,9.778297782335839,860.70662293986925,574.77588877493724,14.541380498488996,29.050850377316287,7228.4402048410293,16242.856037489157,-5.8332966115919899e-08,1.4378149050855197e-16,9.9855938163372746e-15
546,0.00034728352025996287,9.7730358409272142,860.47754194974141,575.10410397681972,14.527982185097549,29.054213703323907,7246.5024782434557,16269.892334441201,-5.9471284318272486e-08,1.4378149050855197e-16,9.9855938163372746e-15
547,0.00034718942828890648,9.7677855744181254,860.2487268302491,575.43202730621351,14.514609998325637,29.057580631556839,7264.575058319554,16296.921438782354,-6.0610348226909952e-08,1.4378149050855197e-16,9.9855938163372746e-15
548,0.00034709544813584013,9.7625479893998151,860.0201759956143,575.75963359833793,14.501263911435421,29.060951168976192,7282.6579354878213,16323.943358839731,-6.1747776325221847e-08,1.4378149050855197e-16,9.9855938163372746e-15
549,0.00034700157949033386,9.7573238750594626,859.79188804027672,576.08690312351337,14.487943896713972,29.064325321435351,7300.7510994667027,16350.958102893614,-6.2885705281450056e-08,1.4378149050855197e-16,9.9855938163372746e-15
550,0.00034690782204255602,9.75211386649951,859.56386168750839,576.41382000417889,14.474649925680609,29.067703093896,7318.8545394185103,16377.96567918226,-6.4020816039931868e-08,1.4378149050855197e-16,9.9855938163372746e-15
551,0.00034681417548344795,9.7469184850154384,859.3360957565676,576.74037120794731,14.461381969237477,29.071084490582077,7336.968244053528,16404.966095905394,-6.5155808210884757e-08,1.4378149050855197e-16,9.9855938163372746e-15
552,0.00034672063950491117,9.7417381651100516,859.10858914083599,577.06654587224864,14.44813999778202,29.074469515098116,7355.0922017081384,16431.959361226858,-6.6287918704884591e-08,1.4378149050855197e-16,9.9855938163372746e-15
553,0.00034662721379987739,9.7365732733788448,858.88134079238148,577.39233483219539,14.434923981293595,29.077858170518386,7373.2264004051531,16458.945483276686,-6.7421004406916461e-08,1.4378149050855197e-16,9.9855938163372746e-15
554,0.00034653389806239458,9.7314241221622133,858.654349710882,577.71773027927782,14.421733889403431,29.081250459459451,7391.3708279015209,16485.924470152753,-6.855371551187165e-08,1.4378149050855197e-16,9.9855938163372746e-15
555,0.00034644069198765814,9.7262909796907415,858.42761493531282,578.04272550773146,14.408569691448388,29.084646384137059,7409.5254717267671,16512.896329922158,-6.9685411647093917e-08,1.4378149050855197e-16,9.9855938163372746e-15
556,0.00034634759527205934,9.7211740778016473,858.20113553768283,578.36731472162535,14.395431356517571,29.088045946413889,7427.6903192144746,16539.861070622334,-7.0814899961556944e-08,1.4378149050855197e-16,9.9855938163372746e-15
557,0.00034625460761321012,9.716073617924776,857.9749106181431,578.69149288521373,14.382318853489219,29.091449147838269,7445.8653575284216,16566.818700262011,-7.1944542439807584e-08,1.4378149050855197e-16,9.9855938163372746e-15
558,0.00034616172870994974,9.7109897758050909,857.74893930109602,579.01525560487266,14.36923215106242,29.094855989678486,7464.0505736845435,16593.769226822031,-7.3072853249865685e-08,1.4378149050855197e-16,9.9855938163372746e-15
559,0.00034606895826237157,9.7059227052842907,857.52322073213008,579.33859903455937,14.356171217784036,29.098266472949362,7482.2459545695665,16620.7126582561,-7.4200292092799292e-08,1.4378149050855197e-16,9.9855938163372746e-15
560,0.00034597629597181467,9.7008725413687742,857.29775407546015,579.66151979911388,14.34313602207145,29.101680598437937,7500.451486956963,16647.649002491347,-7.5325207114087719e-08,1.4378149050855197e-16,9.9855938163372746e-15
561,0.00034588374154089337,9.6958394027474295,857.0725385119157,579.98401493131405,14.330126532232098,29.105098366722942,7518.6671575207292,16674.578267428926,-7.6449038105846988e-08,1.4378149050855197e-16,9.9855938163372746e-15
562,0.00034579129467347542,9.6908233938789188,856.84757323715792,580.30608181969353,14.317142716481237,29.108519778194285,7536.8929528473482,16701.500460944491,-7.7573678283097774e-08,1.4378149050855197e-16,9.9855938163372746e-15
563,0.00034569895507470153,9.6858246067373255,856.62285746028238,580.6277181649001,14.30418454295609,29.111944833067895,7555.1288594462721,16728.415590888635,-7.8694818733097678e-08,1.4378149050855197e-16,9.9855938163372746e-15
564,0.00034560672245096525,9.6808431222865234,856.39839040254765,580.94892194283682,14.291251979729999,29.115373531400927,7573.374863759127,16755.323665087308,-7.9817620803650016e-08,1.4378149050855197e-16,9.9855938163372746e-15
565,0.00034551459650994452,9.6758790117323219,856.17417129641626,581.26969137335857,14.278344994822721,29.118805873102993,7591.6309521678613,16782.224691342159,-8.0935566366105737e-08,1.4378149050855197e-16,9.9855938163372746e-15
566,0.00034542257696055395,9.670932337594218,855.95019938454823,581.5900248934779,14.265463556212101,29.122241857948467,7609.8971110019647,16809.118677430895,-8.2052210256038002e-08,1.4378149050855197e-16,9.9855938163372746e-15
567,0.00034533066351299203,9.6660031546289034,855.72647391915302,581.9099211342774,14.252607631842199,29.125681485585588,7628.1733265449293,16836.005631107597,-8.3169500099216088e-08,1.4378149050855197e-16,9.9855938163372746e-15
568,0.00034523885587869652,9.6610915106300013,855.50299416121584,582.22937890091657,14.239777189632038,29.129124755546162,7646.4595850400337,16862.885560102972,-8.4288192763104081e-08,1.4378149050855197e-16,9.9855938163372746e-15
569,0.00034514715377037075,9.6561974471243293,855.27975937998667,582.54839715522508,14.226972197482873,29.132571667252495,7664.7558726955067,16889.758472124642,-8.5401386453518125e-08,1.4378149050855197e-16,9.9855938163372746e-15
570,0.00034505555690194685,9.6513209999810119,855.05676885238256,582.86697500047455,14.214192623284616,29.136022220025996,7683.0621756892333,16916.624374857409,-8.6518769073998259e-08,1.4378149050855197e-16,9.9855938163372746e-15
571,0.00034496406498860354,9.6464621999472904,854.83402186258968,583.18511166798442,14.201438434922023,29.139476413093167,7701.3784801729635,16943.483275963463,-8.7634485190910044e-08,1.4378149050855197e-16,9.9855938163372746e-15
572,0.00034487267774675713,9.641621073121458,854.61151770164747,583.50280650529692,14.188709600279685,29.142934245591679,7719.7047722761581,16970.335183082618,-8.8745423625553264e-08,1.4378149050855197e-16,9.9855938163372746e-15
573,0.00034478139489406618,9.6367976413712668,854.38925566711396,583.8200589657182,14.176006087247698,29.14639571657592,7738.0410381094644,16997.18010383251,-8.9855919798470938e-08,1.4378149050855197e-16,9.9855938163372746e-15
574,0.00034469021614940028,9.631991922706824,854.16723506267977,584.13686859899587,14.163327863725176,29.149860825021673,7756.3872637678905,17024.018045808811,-9.0964694359497997e-08,1.4378149050855197e-16,9.9855938163372746e-15
575,0.00034459914123285355,9.6272039316129643,853.94545519792496,584.45323504300916,14.150674897624949,29.153329569831918,7774.7434353337076,17050.84901658542,-9.2076362456231003e-08,1.4378149050855197e-16,9.9855938163372746e-15
576,0.00034450816986572364,9.6224336793469121,853.7239153880214,584.76915801632708,14.138047156876929,29.156801949839824,7793.1095388790955,17077.673023714615,-9.3185314200977755e-08,1.4378149050855197e-16,9.9855938163372746e-15
577,0.00034441730177053545,9.6176811742053072,853.50261495356949,585.08463731153381,14.125444609431687,29.160277963813556,7811.4855604685717,17104.49007472727,-9.4290960143962098e-08,1.4378149050855197e-16,9.9855938163372746e-15
578,0.00034432653667099421,9.612946421765022,853.28155322028329,585.39967278920756,14.112867223263446,29.163757610458742,7829.8714861612152,17131.300177132976,-9.5400128834129428e-08,1.4378149050855197e-16,9.9855938163372746e-15
579,0.00034423587429201181,9.6082294251002587,853.06072951887438,585.71426437249352,14.100314966372748,29.16724088842394,7848.2673020127286,17158.103338420224,-9.6506873455690631e-08,1.4378149050855197e-16,9.9855938163372746e-15
580,0.00034414531435968549,9.6035301849792187,852.84014318483787,586.02841204218612,14.08778780678916,29.170727796301154,7866.6729940773084,17184.899566056545,-9.7612772617927934e-08,1.4378149050855197e-16,9.9855938163372746e-15
581,0.00034405485660129472,9.598848700042204,852.61979355829556,586.34211583227818,14.075285712573841,29.174218332630975,7885.0885484094078,17211.688867488694,-9.8716542785234048e-08,1.4378149050855197e-16,9.9855938163372746e-15
582,0.00034396450074529494,9.5941849669642654,852.39967998384702,586.65537582589343,14.06280865182158,29.177712495904171,7903.5139510653189,17238.471250142746,-9.982127839454041e-08,1.4378149050855197e-16,9.9855938163372746e-15
583,0.00034387424652130346,9.589538980602752,852.17980181041162,586.9681921515978,14.050356592662386,29.181210284564159,7921.9491881046688,17265.246721424253,-1.0092294188927372e-07,1.4378149050855197e-16,9.9855938163372746e-15
584,0.00034378409366011056,9.5849107341316095,851.96015839114534,587.28056498004298,14.037929503264261,29.18471169700981,7940.3942455917977,17292.01528871839,-1.020253838762558e-07,1.4378149050855197e-16,9.9855938163372746e-15
585,0.00034369404189365632,9.5803002191658262,851.74074908327998,587.59249452085419,14.025527351834278,29.1882167315975,7958.8491095970203,17318.77695939007,-1.0312452285177025e-07,1.4378149050855197e-16,9.9855938163372746e-15
586,0.00034360409095502992,9.5757074258736203,851.5215732480292,587.90398101982623,14.013150106619804,29.191725386642943,7977.3137661978208,17345.531740784074,-1.0422223110362681e-07,1.4378149050855197e-16,9.9855938163372746e-15
587,0.00034351424057847072,9.5711323430805066,851.30263025050431,588.21502475632064,14.000797735910794,29.195237660423068,7995.7882014799306,17372.279640225177,-1.0532218205492762e-07,1.4378149050855197e-16,9.9855938163372746e-15
588,0.00034342449049935483,9.566574958365015,851.0839194596025,588.5256260408745,13.988470208040832,29.198753551178729,8014.2724015383583,17399.020665018266,-1.0642010167161517e-07,1.4378149050855197e-16,9.9855938163372746e-15
589,0.00034333484045417841,9.5620352581459791,850.86544024789328,588.83578521301706,13.976167491387955,29.202273057114912,8032.7663524783275,17425.754822448471,-1.0751849912628694e-07,1.4378149050855197e-16,9.9855938163372746e-15
590,0.00034324529018057331,9.5575132277639696,850.64719199158947,589.145502639234,13.963889554376378,29.205796176403723,8051.2700404161569,17452.482119781249,-1.0861433509033378e-07,1.4378149050855197e-16,9.9855938163372746e-15
591,0.00034315583941728057,9.5530088515558766,850.42917407042012,589.45477871110313,13.951636365477121,29.209322907185161,8069.7834514800788,17479.20256426253,-1.097075858462499e-07,1.4378149050855197e-16,9.9855938163372746e-15
592,0.00034306648790415534,9.5485221129246689,850.21138586758582,589.76361384354993,13.939407893209097,29.212853247568653,8088.3065718109965,17505.916163118807,-1.1080338693161177e-07,1.4378149050855197e-16,9.9855938163372746e-15
593,0.00034297723538216488,9.5440529944025929,849.99382676970049,590.07200847326851,13.927204106140165,29.216387195634347,8106.8393875631928,17532.622923557257,-1.1189387459810376e-07,1.4378149050855197e-16,9.9855938163372746e-15
594,0.00034288808159336782,9.5396014777111109,849.77649616669112,590.37996305722208,13.915024972887814,29.219924749434512,8125.3818849049994,17559.322852765821,-1.1298394162765489e-07,1.4378149050855197e-16,9.9855938163372746e-15
595,0.00034279902628091421,9.5351675438160992,849.5593934517525,590.6874780712642,13.902870462119861,29.223465906994811,8143.9340500193912,17586.015957913351,-1.1407727609241497e-07,1.4378149050855197e-16,9.9855938163372746e-15
596,0.00034271006918904347,9.530751172979123,849.34251802129972,590.99455400885518,13.890740542555378,29.227010666315056,8162.4958691045831,17612.70224614966,-1.1516509972494818e-07,1.4378149050855197e-16,9.9855938163372746e-15
597,0.0003426212100630687,9.5263523448045504,849.12586927489053,591.30119137988618,13.878635182965196,29.230559025370724,8181.0673283745518,17639.381724605664,-1.162546763601885e-07,1.4378149050855197e-16,9.9855938163372746e-15
598,0.00034253244864938879,9.5219710382848355,848.90944661521826,591.60739070954583,13.866554352172269,29.234110982113677,8199.6484140595294,17666.054400393466,-1.1734093603248721e-07,1.4378149050855197e-16,9.9855938163372746e-15
599,0.00034244378469546892,9.517607231840703,848.69324944803009,591.9131525373158,13.854498019053073,29.237666534473107,8218.2391124064798,17692.720280606449,-1.1843030758105985e-07,1.4378149050855197e-16,9.9855938163372746e-15
600,0.00034235521794983046,9.5132609033612781,848.4772771820692,592.21847741596798,13.842466152536662,29.241225680357225,8236.8394096795309,17719.37937231937,-1.1951788497007711e-07,1.4378149050855197e-16,9.9855938163372746e-15
601,0.00034226717538322421,9.5090036100942381,848.2625299748895,592.60699308097719,13.830460667300271,29.244790386719117,8255.4506112894142,17746.031698516272,-1.2060423672210416e-07,1.4378149050855197e-16,9.9855938163372746e-15
602,0.00034217922634112983,9.5048221658144421,848.04795126888757,592.99361252130564,13.818483425338242,29.248362565071673,8274.073985956009,17772.677280776101,-1.2168433612106168e-07,1.4378149050855197e-16,9.9855938163372746e-15
603,0.00034209137168934021,9.500695584611762,847.83356027450463,593.37886038470594,13.806534344638644,29.251942159592751,8292.7094844217881,17799.316124772045,-1.2277121454123194e-07,1.4378149050855197e-16,9.9855938163372746e-15
604,0.00034200361158367542,9.4966163829723413,847.61936348071492,593.76292375902472,13.794613356753874,29.255529128659262,8311.3570668523334,17825.948236515109,-1.2385399122804855e-07,1.4378149050855197e-16,9.9855938163372746e-15
605,0.00034191594601117292,9.4925802280713985,847.40536439876223,594.14591096488164,13.782720399654014,29.259123437326657,8330.0166978617581,17852.57362216615,-1.2493571388100505e-07,1.4378149050855197e-16,9.9855938163372746e-15
606,0.00034182837488410002,9.4885841899874812,847.19156521437958,594.52789525031301,13.770855415347441,29.262725054823218,8348.6883448559547,17879.192287973216,-1.2601718261713487e-07,1.4378149050855197e-16,9.9855938163372746e-15
607,0.000341740898073876,9.4846261122298898,846.97796738314901,594.90893052758599,13.759018348701826,29.266333953312216,8367.3719772122822,17905.804240240577,-1.2709858996677917e-07,1.4378149050855197e-16,9.9855938163372746e-15
608,0.00034165351542689596,9.4807043190357074,846.76457190753206,595.2890586907738,13.747209146754932,29.269950107165073,8386.0675657997399,17932.409485310614,-1.2817625483352509e-07,1.4378149050855197e-16,9.9855938163372746e-15
609,0.00034156622677304925,9.4768174577880711,846.55137948604829,595.66831355529803,13.735427758269468,29.273573492493746,8404.7750826689717,17959.008029552147,-1.2925681881656653e-07,1.4378149050855197e-16,9.9855938163372746e-15
610,0.00034147903193075134,9.4729644055128244,846.33839060175569,596.04672319551264,13.723674133425071,29.277204086826753,8423.4945008380746,17985.599879352361,-1.3033118485728703e-07,1.4378149050855197e-16,9.9855938163372746e-15
611,0.00034139193071021167,9.4691442093765428,846.1256055787328,596.42431143225303,13.711948223594922,29.280841868875296,8442.2257941372281,18012.185041111017,-1.3140841653076552e-07,1.4378149050855197e-16,9.9855938163372746e-15
612,0.00034130492291551816,9.4653560467625208,845.91302461971702,596.80109883093701,13.700249981177867,29.28448681835625,8460.9689370917076,18038.763521236058,-1.3248306020581843e-07,1.4378149050855197e-16,9.9855938163372746e-15
613,0.00034121800834620064,9.461599197343995,845.70064783269925,597.17710339973348,13.688579359467862,29.288138915855246,8479.7239048311822,18065.335326140263,-1.3355817892856082e-07,1.4378149050855197e-16,9.9855938163372746e-15
614,0.00034113118679830929,9.4578730228835788,845.48847525003657,597.55234109457717,13.676936312550659,29.291798142717546,8498.4906730177208,18091.900462238566,-1.3463008323169543e-07,1.4378149050855197e-16,9.9855938163372746e-15
615,0.00034104445806521568,9.4541769522083481,845.276506842667,597.92682619479115,13.665320795219635,29.295464480961467,8517.2692177874887,18118.458935945913,-1.3570114207550612e-07,1.4378149050855197e-16,9.9855938163372746e-15
616,0.00034095782193823137,9.4505104697727322,845.0647425309545,598.30057158901514,13.653732762906923,29.299137913205072,8536.059515702751,18145.010753675542,-1.3677149078929061e-07,1.4378149050855197e-16,9.9855938163372746e-15
617,0.00034087127820708239,9.4468731067777689,844.85318219309943,598.6735889972224,13.642172171625976,29.302818422605998,8554.8615437118297,18171.555921837487,-1.3784420706821155e-07,1.4378149050855197e-16,9.9855938163372746e-15
618,0.00034078482666028678,9.4432644341554521,844.64182567178807,599.04588914611361,13.630638977922354,29.30650599281147,8573.6752791152248,18198.094446837389,-1.3891342641017637e-07,1.4378149050855197e-16,9.9855938163372746e-15
619,0.00034069846708546298,9.4396840569442357,844.43067277954083,599.41748190972726,13.619133138832726,29.310200607912467,8592.500699536713,18224.626335075456,-1.3998477474707241e-07,1.4378149050855197e-16,9.9855938163372746e-15
620,0.00034061219926956565,9.436131609719121,844.21972330302185,599.78837642368865,13.607654611848231,29.313902252409463,8611.337782898403,18251.151592945607,-1.4105433031956046e-07,1.4378149050855197e-16,9.9855938163372746e-15
621,0.00034052602299907244,9.4326067528362891,844.0089770065639,600.15858117909272,13.596203354883921,29.317610911177383,8630.1865073990757,18277.670226834674,-1.4212081307990175e-07,1.4378149050855197e-16,9.9855938163372746e-15
622,0.00034043993806017668,9.4291091693133389,843.79843363519001,600.52810410049972,13.584779326250745,29.321326569438348,8649.0468514951699,18304.182243121795,-1.4318875097898042e-07,1.4378149050855197e-16,9.9855938163372746e-15
623,0.00034035394423889616,9.4256385622155836,843.58809291701539,600.89695261127713,13.573382484632091,29.325049212735976,8667.9187938840623,18330.687648177813,-1.4425700906438721e-07,1.4378149050855197e-16,9.9855938163372746e-15
624,0.00034026804132121036,9.4221946524453593,843.37795456539152,601.26513368886606,13.562012789061699,29.328778826913588,8686.8023134892119,18357.186448364813,-1.4532155117469623e-07,1.4378149050855197e-16,9.9855938163372746e-15
625,0.00034018222909315196,9.4187771768587822,843.16801828067116,601.63265391186371,13.550670198904932,29.3325153980946,8705.6973894468847,18383.678650035639,-1.4638348366179502e-07,1.4378149050855197e-16,9.9855938163372746e-15
626,0.00034009650734086866,9.4153858866509665,842.95828375167832,601.99951950039235,13.539354673841663,29.33625891266394,8724.6040010943107,18410.164259533554,-1.4744740493151137e-07,1.4378149050855197e-16,9.9855938163372746e-15
627,0.00034001087585072508,9.4120205459614983,842.74875065710137,602.36573635096261,13.528066173850171,29.340009357253031,8743.522127958955,18436.643283191883,-1.4850905559883555e-07,1.4378149050855197e-16,9.9855938163372746e-15
628,0.0003399253344093517,9.4086809306632304,842.53941866660307,602.73131006675248,13.516804659194024,29.343766718724869,8762.4517497488505,18463.115727333694,-1.4956831149564898e-07,1.4378149050855197e-16,9.9855938163372746e-15
629,0.00033983988280369694,9.4053668273048103,842.33028744181422,603.09624598404628,13.505570090408884,29.347530984161136,8781.3928463437987,18489.581598271579,-1.5062890324609712e-07,1.4378149050855197e-16,9.9855938163372746e-15
630,0.00033975452082106981,9.4020780321832422,842.12135663719778,603.46054919541882,13.494362428290737,29.351302140849807,8800.3453977873669,18516.040902307363,-1.5168876324173441e-07,1.4378149050855197e-16,9.9855938163372746e-15
631,0.00033966924824917801,9.3988143505254147,841.91262590081192,603.824224570198,13.483181633885831,29.355080176275553,8819.3093842795479,18542.493645731909,-1.527460003602612e-07,1.4378149050855197e-16,9.9855938163372746e-15
632,0.00033958406487617304,9.3955755957638054,841.70409487501502,604.18727677257152,13.472027668480191,29.358865078107911,8838.2847861700466,18568.939834824956,-1.5380418338872464e-07,1.4378149050855197e-16,9.9855938163372746e-15
633,0.00033949897049067858,9.3923615888926104,841.49576319706262,604.54971027768454,13.460900493591273,29.362656834194457,8857.2715839520861,18595.379475854908,-1.5485998211028283e-07,1.4378149050855197e-16,9.9855938163372746e-15
634,0.00033941396488180856,9.3891721578924283,841.28763049962356,604.91152938602249,13.449800070959238,29.366455432550129,8876.2697582567052,18621.812575078697,-1.5591741524701921e-07,1.4378149050855197e-16,9.9855938163372746e-15
635,0.00033932904783918886,9.3860071372164118,841.07969641125362,605.27273823625637,13.438726362539594,29.370260861351046,8895.279289847469,18648.239138741661,-1.5697531296783949e-07,1.4378149050855197e-16,9.9855938163372746e-15
636,0.00033924421915299539,9.3828663673271446,840.87196055687025,605.63334081682126,13.427679330495954,29.374073108926414,8914.3001596155809,18674.659173077405,-1.5802912709222233e-07,1.4378149050855197e-16,9.9855938163372746e-15
637,0.00033915947861396141,9.3797496942796528,840.66442255811205,605.9933409763421,13.416658937193123,29.377892163752211,8933.3323485753172,18701.072684307695,-1.5908188229972919e-07,1.4378149050855197e-16,9.9855938163372746e-15
638,0.00033907482601338375,9.3766569693445145,840.45708203366303,606.35274243305378,13.40566514519131,29.381718014445081,8952.375837859794,18727.479678642372,-1.6013334978618656e-07,1.4378149050855197e-16,9.9855938163372746e-15
639,0.00033899026114315176,9.3735880486662477,840.24993859960443,606.71154878334369,13.394697917240318,29.385550649756585,8971.4306087170062,18753.880162279238,-1.6118214277507965e-07,1.4378149050855197e-16,9.9855938163372746e-15
640,0.00033890578379575749,9.3705427929523051,840.0429918696957,607.06976350952573,13.383757216273615,29.389390058567233,8990.4966425061139,18780.274141404021,-1.6223056604991198e-07,1.4378149050855197e-16,9.9855938163372746e-15
641,0.00033882139376430155,9.3675210671904434,839.83624145562021,607.42738998690561,13.372843005404004,29.393236229882163,9009.573920693987,18806.66162219027,-1.6328324801218035e-07,1.4378149050855197e-16,9.9855938163372746e-15
642,0.00033873709084249008,9.3645227403897007,839.62968696719065,607.78443149025736,13.361955247918328,29.397089152826176,9028.6624248519329,18833.042610799293,-1.6433359170740766e-07,1.4378149050855197e-16,9.9855938163372746e-15
643,0.00033865287482468529,9.3615476853433428,839.42332801266912,608.14089119974972,13.351093907273112,29.400948816638724,9047.7621366526455,18859.417113380136,-1.6538120928461692e-07,1.4378149050855197e-16,9.9855938163372746e-15
644,0.00033856874550586676,9.3585957784123561,839.21716419884945,608.4967722063576,13.34025894709028,29.404815210670968,9066.8730378673026,18885.785136069495,-1.6642835111656308e-07,1.4378149050855197e-16,9.9855938163372746e-15
645,0.0003384847026816608,9.3556668993247882,839.01119513129379,608.85207751688029,13.329450331153433,29.408688324380758,9085.9951103628646,18912.146684991716,-1.6747418499782245e-07,1.4378149050855197e-16,9.9855938163372746e-15
646,0.00033840074614834974,9.3527609309926536,838.80542041450758,609.20681005851702,13.318668023403687,29.41256814732925,9105.1283360994821,18938.501766258716,-1.6851901507052812e-07,1.4378149050855197e-16,9.9855938163372746e-15
647,0.00033831687570285535,9.3498777593412132,838.59983965203787,609.56097268313624,13.307911987936295,29.416454669177973,9124.2726971280736,18964.850385969985,-1.695629606197827e-07,1.4378149050855197e-16,9.9855938163372746e-15
648,0.0003382330911427643,9.3470172731522752,838.3944524466657,609.9145681711932,13.297182188997189,29.420347879684659,9143.4281755880238,18991.192550212527,-1.7060952974372148e-07,1.4378149050855197e-16,9.9855938163372746e-15
649,0.00033814939226632846,9.3441793639190109,838.1892584005268,610.26759923535803,13.286478590979653,29.424247768700731,9162.5947537049942,19017.528265060879,-1.7165214711265201e-07,1.4378149050855197e-16,9.9855938163372746e-15
650,0.00033806577887245776,9.3413639257105938,837.98425711520451,610.62006852390164,13.275801158421569,29.428154326167927,9181.7724137888454,19043.857536577067,-1.7269157168675944e-07,1.4378149050855197e-16,9.9855938163372746e-15
651,0.00033798225076072421,9.3385708550467754,837.77944819184415,610.97197862383064,13.265149856001996,29.432067542115906,9200.9611382316652,19070.180370810573,-1.7373193379991915e-07,1.4378149050855197e-16,9.9855938163372746e-15
652,0.00033789880773138525,9.335800050781689,837.57483123130623,611.3233320637911,13.254524648539128,29.435987406660029,9220.1609095058957,19096.496773798361,-1.7477195619468716e-07,1.4378149050855197e-16,9.9855938163372746e-15
653,0.00033781544958535201,9.3330514139943794,837.3704058341774,611.67413131680712,13.243925500986863,29.439913909997184,9239.3717101625334,19122.806751564851,-1.7581036928693019e-07,1.4378149050855197e-16,9.9855938163372746e-15
654,0.0003377321761242179,9.3303248478881287,837.16617160092574,612.02437880279672,13.233352378432286,29.443847042405462,9258.5935228294238,19149.110310121905,-1.7684825082801412e-07,1.4378149050855197e-16,9.9855938163372746e-15
655,0.000337648987150246,9.3276202576947096,836.96212813194768,612.37407689096563,13.222805246094241,29.447786794240177,9277.8263302096402,19175.407455468845,-1.7788784212223577e-07,1.4378149050855197e-16,9.9855938163372746e-15
656,0.00033756588246637315,9.3249375505864425,836.75827502765082,612.72322790200565,13.212284069319699,29.451733155932843,9297.0701150799177,19201.698193592423,-1.7892547951252485e-07,1.4378149050855197e-16,9.9855938163372746e-15
657,0.00033748286187621309,9.3222766355923881,836.55461188853121,613.07183411019025,13.201788813582425,29.455686117988108,9316.3248602891617,19227.982530466845,-1.7996083583681621e-07,1.4378149050855197e-16,9.9855938163372746e-15
658,0.0003373999251840503,9.3196374235207831,836.35113831522244,613.41989774531362,13.191319444480419,29.459645670983139,9335.5905487570217,19254.260472053775,-1.8099708714816418e-07,1.4378149050855197e-16,9.9855938163372746e-15
659,0.00033731707219484289,9.3170198268853781,836.14785390856309,613.76742099453224,13.18087592773391,29.463611805564344,9354.8671634725288,19280.532024302327,-1.820330622203271e-07,1.4378149050855197e-16,9.9855938163372746e-15
660,0.00033723430271423026,9.3144237598369841,835.94475826967312,614.11440600407536,13.170458229183794,29.467584512446095,9374.1546874927717,19306.797193149079,-1.8306815416418634e-07,1.4378149050855197e-16,9.9855938163372746e-15
661,0.00033715149448927326,9.311747571571237,835.7416295923764,614.34339404405216,13.160063553971531,29.471561016110581,9393.4512510440472,19333.055980781744,-1.8410186142425185e-07,1.4378149050855197e-16,9.9855938163372746e-15
662,0.00033706877029906015,9.3090098673385455,835.53875731533458,614.57391998320293,13.149689182546688,29.47553861896494,9412.7550365006246,19359.30839109559,-1.8513564471985061e-07,1.4378149050855197e-16,9.9855938163372746e-15
663,0.00033698612963179895,9.3062403124222985,835.33611644295934,614.80524218944254,13.139335153963549,29.479517387316978,9432.0660775858796,19385.554431655943,-1.8616514770322862e-07,1.4378149050855197e-16,9.9855938163372746e-15
664,0.00033690357218024177,9.3034494123344889,835.13369780831226,615.0370980249711,13.129001488124464,29.483497367562769,9451.3843947411751,19411.794109573751,-1.8719469672647082e-07,1.4378149050855197e-16,9.9855938163372746e-15
665,0.00033682109768649312,9.3006432024301962,834.93149594341048,615.26933660591169,13.118688195970032,29.48747859675122,9470.7100021843526,19438.02743173909,-1.8822127269060529e-07,1.4378149050855197e-16,9.9855938163372746e-15
666,0.0003367387059150507,9.2978257280901939,834.72950702865353,615.50185679774495,13.108395282871552,29.491461106102765,9490.0429102601247,19464.254404898969,-1.8925127234645743e-07,1.4378149050855197e-16,9.9855938163372746e-15
667,0.00033665639664309669,9.2949999379602914,834.52772815411015,615.73458488432595,13.098122750310891,29.495444922750142,9509.3831266034977,19490.475035695905,-1.9027950504812848e-07,1.4378149050855197e-16,9.9855938163372746e-15
668,0.00033657416965593797,9.2921680992993956,834.3261569758248,615.96746418418184,13.087870596862151,29.499430070756876,9528.7306568200456,19516.689330690515,-1.9130857972125492e-07,1.4378149050855197e-16,9.9855938163372746e-15
669,0.00033649202474457794,9.289332021583153,834.1247915308079,616.20044946042105,13.077638818825681,29.503416571775414,9548.0855049251932,19542.897296376123,-1.9233436184651927e-07,1.4378149050855197e-16,9.9855938163372746e-15
670,0.0003364099617042409,9.2864931891787244,833.92363012714839,616.43350360386512,13.06742741066631,29.507404445499986,9567.4476736475517,19569.098939188847,-1.9335635405387367e-07,1.4378149050855197e-16,9.9855938163372746e-15
671,0.00033632798033347372,9.2836528457695522,833.72267127417297,616.66659552242788,13.057236365329969,29.511393709997396,9586.8171646488154,19595.294265514978,-1.9438226871814094e-07,1.4378149050855197e-16,9.9855938163372746e-15
672,0.00033624608043350828,9.2808120509995504,833.5219136354898,616.89969872501126,13.04706567448318,29.515384381953371,9606.1939786891708,19621.483281696492,-1.9540665290571127e-07,1.4378149050855197e-16,9.9855938163372746e-15
673,0.00033616426180782587,9.2779717200912373,833.32135599616231,617.13279033105232,13.036915328697216,29.519376476864981,9625.5781157554266,19647.665994035349,-1.9642968170758327e-07,1.4378149050855197e-16,9.9855938163372746e-15
674,0.00033608252426184327,9.2751326525022932,833.12099723896586,617.36585035410928,13.0267853175953,29.523370009193254,9644.9695751626114,19673.842408796951,-1.9745430027991667e-07,1.4378149050855197e-16,9.9855938163372746e-15
675,0.00033600086760268006,9.2722955532367077,832.92083632672484,617.59886116908228,13.016675629970377,29.527364992485793,9664.3683556361502,19700.012532212877,-1.9847630713631877e-07,1.4378149050855197e-16,9.9855938163372746e-15
676,0.00033591929163897421,9.2694610490647289,832.7208722888505,617.83180710671513,13.006586253883306,29.531361439477685,9683.7744553793891,19726.176370483212,-1.9949832096845787e-07,1.4378149050855197e-16,9.9855938163372746e-15
677,0.00033583779618075226,9.266629701116015,832.52110421091857,618.06467413876612,12.996517176743888,29.535359362176646,9703.1878721299108,19752.333929778441,-2.0051973837508379e-07,1.4378149050855197e-16,9.9855938163372746e-15
678,0.0003357563810392919,9.2638020148267319,832.32153122634952,618.29744962933171,12.986468385378725,29.539358771933788,9722.608603207027,19778.485216241112,-2.015371872849327e-07,1.4378149050855197e-16,9.9855938163372746e-15
679,0.00033567504602706173,9.2609784479119703,832.12215250986117,618.53012213553416,12.976439866090326,29.543359679504377,9742.0366455522781,19804.630235987195,-2.0255592879884694e-07,1.4378149050855197e-16,9.9855938163372746e-15
680,0.0003355937909576328,9.258159416841572,831.92296727205246,618.7626812456275,12.966431604707106,29.547362095099928,9761.4719957642956,19830.768995107315,-2.0357245481869127e-07,1.4378149050855197e-16,9.9855938163372746e-15
681,0.0003355126156456202,9.2553453021621692,831.7239747549861,618.99511744594577,12.956443586626751,29.551366028434835,9780.914650129027,19856.901499667805,-2.0458900595118878e-07,1.4378149050855197e-16,9.9855938163372746e-15
682,0.00033543151990663139,9.2525364529140237,831.52517422851417,619.22742201048266,12.946475796854724,29.555371488763754,9800.3646046461799,19883.027755711635,-2.0560281910691535e-07,1.4378149050855197e-16,9.9855938163372746e-15
683,0.00033535050355722683,9.2497331903341689,831.32656498720655,619.45958690831253,12.936528220037106,29.55937848491876,9819.8218550524598,19909.147769259209,-2.0662010199422374e-07,1.4378149050855197e-16,9.9855938163372746e-15
684,0.00033526956641487384,9.2469358109849935,831.12814634772224,619.6916047253751,12.926600840491115,29.563387025339001,9839.2863968421461,19935.26154630915,-2.0763675985549729e-07,1.4378149050855197e-16,9.9855938163372746e-15
685,0.00033518870829792627,9.2441445894184131,830.92991764661986,619.92346859787301,12.916693642230371,29.567397118098921,9858.7582252854045,19961.369092838922,-2.0864884372602256e-07,1.4378149050855197e-16,9.9855938163372746e-15
686,0.00033510792902559367,9.2413597804601615,830.73187823844444,620.15517215516263,12.906806608989381,29.571408770931821,9878.2373354446499,19987.470414805433,-2.0966180165639342e-07,1.4378149050855197e-16,9.9855938163372746e-15
687,0.00033502722841790482,9.2385816211822718,830.53402749405245,620.38670947044329,12.896939724244167,29.575421991253581,9897.7237221892465,20013.56551814557,-2.1067150959089782e-07,1.4378149050855197e-16,9.9855938163372746e-15
688,0.00033494660629570302,9.2358103326133936,830.33636479922347,620.61807501799842,12.887092971231622,29.579436786181457,9917.2173802087709,20039.6544087767,-2.1168134099594707e-07,1.4378149050855197e-16,9.9855938163372746e-15
689,0.00033486606248062236,9.2330461212325652,830.13888955340212,620.84926363585259,12.877266332966521,29.583453162552075,9936.7183040249984,20065.737092597097,-2.126920736662162e-07,1.4378149050855197e-16,9.9855938163372746e-15
690,0.00033478559679506968,9.2302891802794917,829.9416011685978,621.08027049301256,12.867459792256996,29.58747112693867,9956.2264880028215,20091.813575486391,-2.1370151931300958e-07,1.4378149050855197e-16,9.9855938163372746e-15
691,0.00033470520906220481,9.227539690908106,829.7444990684088,621.31109106063059,12.857673331719589,29.591490685665821,9975.7419263601732,20117.883863305902,-2.1470798352981083e-07,1.4378149050855197e-16,9.9855938163372746e-15
692,0.00033462489910593212,9.2247978232082577,829.54758268717876,621.54172108646026,12.847906933791494,29.595511844822575,9995.2646131771216,20143.947961899023,-2.157160486782527e-07,1.4378149050855197e-16,9.9855938163372746e-15
693,0.00033454466675088491,9.2220637371129239,829.35085146922779,621.77215657217675,12.838160580742839,29.599534610275914,10014.794542404183,20170.005877091535,-2.1672315396528388e-07,1.4378149050855197e-16,9.9855938163372746e-15
694,0.00033446451182241575,9.2193375832077624,829.15430486817763,622.00239375313924,12.828434254687403,29.603558987681538,10034.331707869987,20196.057614691905,-2.1773074197331523e-07,1.4378149050855197e-16,9.9855938163372746e-15
695,0.00033438443414658523,9.2166195034545986,828.95794234634025,622.2324290803017,12.818727937593229,29.607584982495457,10053.876103288327,20222.103180491587,-2.1873621284516827e-07,1.4378149050855197e-16,9.9855938163372746e-15
696,0.00033430443355015813,9.2139096318426006,828.76176337418497,622.46225920393499,12.809041611291647,29.611612599982784,10073.427722264667,20248.142580265256,-2.1974467840091367e-07,1.4378149050855197e-16,9.9855938163372746e-15
697,0.00033422450986057541,9.2112080949733599,828.56576742979701,622.69188095899949,12.799375257485691,29.615641845227749,10092.986558302171,20274.175819771077,-2.2075458653906987e-07,1.4378149050855197e-16,9.9855938163372746e-15
698,0.00033414466290596935,9.2085150125899204,828.36995399848968,622.92129135191863,12.789728857758531,29.619672723141804,10112.552604807301,20300.202904750931,-2.2175822418724038e-07,1.4378149050855197e-16,9.9855938163372746e-15
699,0.00033406489251513744,9.2058304980562546,828.17432257235282,623.15048754859367,12.780102393580483,29.623705238471327,10132.125855095001,20326.223840930641,-2.2276273310496165e-07,1.4378149050855197e-16,9.9855938163372746e-15
700,0.00033398519851755268,9.2031546587920801,827.97887264992812,623.37946686353143,12.770495846316354,29.627739395805623,10151.706302393546,20352.238634020181,-2.2376472657192218e-07,1.4378149050855197e-16,9.9855938163372746e-15
701,0.00033390558074333239,9.2004875966691522,827.78360373581222,623.60822674993778,12.760909197231395,29.631775199583316,10171.293939849047,20378.247289713854,-2.2476645705359795e-07,1.4378149050855197e-16,9.9855938163372746e-15
702,0.00033382603902326028,9.1978294083729519,827.58851534042083,623.83676479067617,12.751342427497933,29.635812654098856,10190.888760529659,20404.249813690505,-2.2576743276053073e-07,1.4378149050855197e-16,9.9855938163372746e-15
703,0.00033374657318876837,9.195180185733042,827.39360697967618,624.06507869000723,12.74179551820033,29.639851763508158,10210.49075742953,20430.246211613678,-2.2676837219363116e-07,1.4378149050855197e-16,9.9855938163372746e-15
704,0.00033366718307190112,9.1925400160262019,827.19887817467452,624.29316626601155,12.732268450340554,29.643892531835281,10230.099923472497,20456.236489131788,-2.2776644180853142e-07,1.4378149050855197e-16,9.9855938163372746e-15
705,0.00033358786850536646,9.1899089822546198,827.00432845158878,624.52102544363447,12.722761204843392,29.647934962976926,10249.716251515536,20482.220651878295,-2.2876370084279275e-07,1.4378149050855197e-16,9.9855938163372746e-15
706,0.00033350862932248821,9.1872871634016793,826.80995734134297,624.74865424829136,12.713273762560334,29.651979060707067,10269.339734352036,20508.198705471841,-2.2976169232943865e-07,1.4378149050855197e-16,9.9855938163372746e-15
707,0.00033342946535721294,9.1846746346683261,826.6157643794395,624.97605079995856,12.703806104274765,29.656024828682757,10288.970364714847,20534.170655516402,-2.3075742437487154e-07,1.4378149050855197e-16,9.9855938163372746e-15
708,0.0003333503764440973,9.1820714676906956,826.4217491057525,625.20321330773254,12.69435821070568,29.660072270447841,10308.608135279175,20560.136507601441,-2.3175394537615869e-07,1.4378149050855197e-16,9.9855938163372746e-15
709,0.0003332713624183339,9.179477730741521,826.22791106442844,625.4301400647953,12.684930062511311,29.66412138943749,10328.253038665287,20586.096267302022,-2.3274672877756339e-07,1.4378149050855197e-16,9.9855938163372746e-15
710,0.00033319242311570822,9.1768934889168321,826.03424980362945,625.65682944374589,12.675521640293148,29.668172188981291,10347.905067441097,20612.04994017896,-2.3374096871285283e-07,1.4378149050855197e-16,9.9855938163372746e-15
711,0.00033311355837260944,9.1743188043094719,825.8407648754195,625.88327989226332,12.666132924599166,29.672224672308193,10367.564214124581,20637.997531778929,-2.3473801289441466e-07,1.4378149050855197e-16,9.9855938163372746e-15
712,0.00033303476802603639,9.1717537361693395,825.64745583565082,626.10948992909982,12.656763895927167,29.676278842549792,10387.230471186071,20663.939047634598,-2.357338432977392e-07,1.4378149050855197e-16,9.9855938163372746e-15
713,0.0003329560519135734,9.1691983410538427,825.4543222437818,626.33545814032061,12.647414534727774,29.680334702742513,10406.903831050433,20689.874493264731,-2.3672802882228007e-07,1.4378149050855197e-16,9.9855938163372746e-15
714,0.00033287740987340413,9.166652672966908,825.26136366279877,626.56118317582741,12.638084821407615,29.684392255832705,10426.584286099125,20715.803874174322,-2.3771692394788317e-07,1.4378149050855197e-16,9.9855938163372746e-15
715,0.00033279884174429182,9.1641167834890158,825.06857965906306,626.78666374610793,12.628774736331506,29.688451504677968,10446.271828672145,20741.72719585467,-2.3870981268291651e-07,1.4378149050855197e-16,9.9855938163372746e-15
716,0.00033272034736558622,9.1615907218991968,824.87596980222906,627.01189861918681,12.619484259825505,29.692512452050973,10465.966451069897,20767.644463783523,-2.3970056963272383e-07,1.4378149050855197e-16,9.9855938163372746e-15
717,0.00033264192657722939,9.1590745352884539,824.68353366516681,627.23688661778874,12.610213372179269,29.696575100642217,10485.668145554946,20793.55568342514,-2.4069078177747179e-07,1.4378149050855197e-16,9.9855938163372746e-15
718,0.00033256357921971941,9.1565682686657119,824.49127082378698,627.46162661669064,12.60096205364875,29.700639453061992,10505.376904353694,20819.460860230425,-2.4168162522641789e-07,1.4378149050855197e-16,9.9855938163372746e-15
719,0.00033248530513414477,9.1540719650585363,824.29918085704458,627.68611754020321,12.591730284457595,29.704705511843734,10525.092719657983,20845.359999636999,-2.4266690761783075e-07,1.4378149050855197e-16,9.9855938163372746e-15
720,0.00033240710416214956,9.1515856656058006,824.1072633467777,627.91035835985497,12.582518044800068,29.708773279445985,10544.8155836266,20871.253107069304,-2.4365545325901031e-07,1.4378149050855197e-16,9.9855938163372746e-15
721,0.00033232882357666813,9.1491624100107689,823.91509788126837,628.19510641639749,12.573326755528027,29.712844189429525,10564.546446860466,20897.14018145953,-2.4464219288188164e-07,1.4378149050855197e-16,9.9855938163372746e-15
722,0.00033225061693466771,9.1467924791853914,823.72307284919748,628.47852135369851,12.564157798065189,29.716919635003407,10584.286232754304,20923.021220941762,-2.4562797822393193e-07,1.4378149050855197e-16,9.9855938163372746e-15
723,0.00033217248367881894,9.1444603853426027,823.53119909245686,628.76099036643484,12.555011114347472,29.720999579405714,10604.034907044073,20948.896230142742,-2.466144743935821e-07,1.4378149050855197e-16,9.9855938163372746e-15
724,0.00033209442350804006,9.1421606387543157,823.33948020759783,629.04265069780877,12.545886656384965,29.725083996141954,10623.792442402542,20974.76521387821,-2.4759901665929969e-07,1.4378149050855197e-16,9.9855938163372746e-15
725,0.00033201643618287685,9.1398900817280886,823.14791810482529,629.32358129013096,12.536784380922887,29.729172863519409,10643.558814756341,21000.62817704627,-2.4858395933232086e-07,1.4378149050855197e-16,9.9855938163372746e-15
726,0.00033193852149168674,9.1376465943173191,822.95651394453739,629.60383514206717,12.527704247664152,29.733266162829469,10663.33400205997,21026.485124591978,-2.4956908755994611e-07,1.4378149050855197e-16,9.9855938163372746e-15
727,0.00033186067923842035,9.1354286282060873,822.76526847459888,629.88345096151454,12.518646218389673,29.737363877446146,10683.117983689228,21052.336061489801,-2.5055266717395824e-07,1.4378149050855197e-16,9.9855938163372746e-15
728,0.00033178290923693219,9.1332349899879262,822.5741821871809,630.16245858363527,12.509610256444343,29.741465992301986,10702.910740086754,21078.180992733403,-2.5153578638932864e-07,1.4378149050855197e-16,9.9855938163372746e-15
729,0.00033170521130793058,9.1310647245083505,822.38325540323819,630.44088188729131,12.50059632640585,29.745572493547094,10722.712252533296,21104.019923329055,-2.5251605531856244e-07,1.4378149050855197e-16,9.9855938163372746e-15
730,0.00033162758527713614,9.1289170456576514,822.19248832255903,630.71874052522537,12.491604393855342,29.749683368316298,10742.522502989916,21129.85285829112,-2.5349671279634694e-07,1.4378149050855197e-16,9.9855938163372746e-15
731,0.00033155003097411754,9.1267912923429044,822.0018810556312,630.99605102476073,12.482634425211998,29.753798604559254,10762.341473983703,21155.679802638748,-2.5447599675151693e-07,1.4378149050855197e-16,9.9855938163372746e-15
732,0.00033147254823152856,9.1246868989554901,821.81143364506829,631.27282752611279,12.473686387608126,29.75791819091376,10782.169148521911,21181.500761393465,-2.5545458452813471e-07,1.4378149050855197e-16,9.9855938163372746e-15
733,0.00033139513688454537,9.1226033747225852,821.62114608051979,631.54908229860189,12.464760248793285,29.762042116606153,10802.005510025501,21207.315739577258,-2.5643321973976406e-07,1.4378149050855197e-16,9.9855938163372746e-15
734,0.00033131779677048441,9.1205402887778835,821.43101830951719,631.82482611388627,12.455855977057618,29.76617037137413,10821.850542276552,21233.124742211116,-2.5741112319658255e-07,1.4378149050855197e-16,9.9855938163372746e-15
735,0.00033124052772848527,9.1184972590642985,821.24105024545463,632.10006852339257,12.446973541169864,29.770302945404026,10841.704229375746,21258.927774313819,-2.5838651120264027e-07,1.4378149050855197e-16,9.9855938163372746e-15
736,0.00033116332959930389,9.1164739438918563,821.05124177374819,632.37481806937035,12.438112910327883,29.774439829279128,10861.566555707515,21284.724840900977,-2.5936275792192216e-07,1.4378149050855197e-16,9.9855938163372746e-15
737,0.00033108620222513439,9.1144700353879653,820.86159275657064,632.6490824486342,12.429274054114954,29.778581013935096,10881.43750591099,21310.515946984218,-2.6033976499653665e-07,1.4378149050855197e-16,9.9855938163372746e-15
738,0.00033100914544944871,9.1124852543269501,820.67210303654178,632.92286864182631,12.420456942465549,29.782726490627212,10901.317064855564,21336.301097570537,-2.6131801096204165e-07,1.4378149050855197e-16,9.9855938163372746e-15
739,0.00033093215911691217,9.1105193459888536,820.48277243979419,633.19618301694527,12.411661545634606,29.786876250895791,10921.205217620072,21362.080297661694,-2.622913899558445e-07,1.4378149050855197e-16,9.9855938163372746e-15
740,0.00033085524307327577,9.1085720767986444,820.29360077836384,633.46903141336725,12.402887834171384,29.791030286542206,10941.101949474902,21387.853552253782,-2.6326198772330705e-07,1.4378149050855197e-16,9.9855938163372746e-15
741,0.00033077839716530249,9.1066432315670749,820.10458785219009,633.7414192108231,12.394135778897159,29.795188589605662,10961.007245866513,21413.620866336794,-2.6423599034799735e-07,1.4378149050855197e-16,9.9855938163372746e-15
742,0.0003307016212407068,9.1047326112018894,819.91573345077802,634.01335138661943,12.385405350885529,29.799351152342485,10980.92109240392,21439.382244894259,-2.6520864526030004e-07,1.4378149050855197e-16,9.9855938163372746e-15
743,0.0003306249151480884,9.1028400307920094,819.72703735454854,634.2848325635332,12.37669652144532,29.803517967209014,11000.843474846817,21465.137692902954,-2.6618204378616645e-07,1.4378149050855197e-16,9.9855938163372746e-15
744,0.00033054827873691789,9.100965317989699,819.53849933608501,634.55586705025746,12.368009262104923,29.80768902684645,11020.774379095101,21490.887215332623,-2.6715413296619874e-07,1.4378149050855197e-16,9.9855938163372746e-15
745,0.00033047171185744472,9.0991083116349571,819.3501191609937,634.82645887579258,12.359343544599104,29.811864324066864,11040.713791179551,21516.630817145768,-2.6812503766608914e-07,1.4378149050855197e-16,9.9855938163372746e-15
746,0.00033039521436072707,9.0972688605775147,819.16189658891051,635.09661181889555,12.350699340856801,29.816043851840881,11060.661697253525,21542.368503297421,-2.6909450885202682e-07,1.4378149050855197e-16,9.9855938163372746e-15
747,0.00033031878609853627,9.0954468226606178,818.97383137406973,635.36632943348457,12.342076622990113,29.82022760328665,11080.618083585499,21568.100278734972,-2.7006474527631298e-07,1.4378149050855197e-16,9.9855938163372746e-15
748,0.00033024242692339633,9.0936420638411413,818.78592326609862,635.6356150706381,12.33347536328481,29.824415571660634,11100.582936552362,21593.826148398031,-2.7103265319958987e-07,1.4378149050855197e-16,9.9855938163372746e-15
749,0.00033016613668850119,9.0918544574219737,818.59817201042006,635.90447189778399,12.324895534191102,29.828607750347938,11120.556242633345,21619.546117218273,-2.7199899716263225e-07,1.4378149050855197e-16,9.9855938163372746e-15
750,0.00033008991524772764,9.0900838833802258,818.41057734881861,636.17290291549443,12.316337108315912,29.832804132854609,11140.537988404529,21645.260190119297,-2.7296667349144083e-07,1.4378149050855197e-16,9.9855938163372746e-15
751,0.00033001376245562353,9.0883302277760638,818.22313901987786,636.4409109722651,12.30780005841565,29.837004712800361,11160.52816053383,21670.968372016563,-2.7393334740684314e-07,1.4378149050855197e-16,9.9855938163372746e-15
752,0.00032993767816735711,9.0865933822298217,818.03585675927172,636.70849877758769,12.299284357389029,29.841209483911673,11180.526745776449,21696.670667817256,-2.7489866802926821e-07,1.4378149050855197e-16,9.9855938163372746e-15
753,0.00032986166223872765,9.0848732434590538,817.84873030015615,636.97566891352358,12.290789978271505,29.845418440015781,11200.533730970663,21722.367082420224,-2.7586534473496529e-07,1.4378149050855197e-16,9.9855938163372746e-15
754,0.00032978571452616212,9.0831697128656845,817.66175937348896,637.24242384502452,12.282316894229343,29.84963157503535,11220.549103034016,21748.057620715892,-2.7683014775770525e-07,1.4378149050855197e-16,9.9855938163372746e-15
755,0.00032970983488666726,9.081482696167047,817.47494370820414,637.50876592915699,12.273865078554595,29.8538488829827,11240.57284895977,21773.742287586203,-2.7779268994408478e-07,1.4378149050855197e-16,9.9855938163372746e-15
756,0.00032963402317784737,9.0798121030657928,817.28828303151749,637.77469742335529,12.265434504660078,29.858070357955739,11260.604955813642,21799.421087904557,-2.7875483730375036e-07,1.4378149050855197e-16,9.9855938163372746e-15
757,0.00032955827925788285,9.0781578469527648,817.10177706910974,638.04022049284765,12.25702514607541,29.862295994133277,11280.645410730813,21825.094026535764,-2.7971644125350391e-07,1.4378149050855197e-16,9.9855938163372746e-15
758,0.00032948260298552569,9.0765198446382716,816.91542554532816,638.30533721737663,12.248636976442473,29.866525785770882,11300.694200913118,21850.761108335988,-2.8067888577956553e-07,1.4378149050855197e-16,9.9855938163372746e-15
759,0.00032940699422007332,9.0748980161109873,816.72922818331369,638.57004959722531,12.240269969511676,29.870759727197221,11320.751313626475,21876.422338152712,-2.8163808100733441e-07,1.4378149050855197e-16,9.9855938163372746e-15
760,0.00032933145282139028,9.0732922843170272,816.54318470522958,638.83435955874097,12.231924099138769,29.874997812810815,11340.816736198469,21902.077720824705,-2.825987160272192e-07,1.4378149050855197e-16,9.9855938163372746e-15
761,0.00032925597864987406,9.0717025749614315,816.35729483233536,639.09826895929746,12.223599339281028,29.879240037076265,11360.890456016094,21927.727261182001,-2.8355853349072812e-07,1.4378149050855197e-16,9.9855938163372746e-15
762,0.00032918057156646228,9.0701288163255356,816.17155828514899,639.36177959186148,12.215295663994475,29.883486394522123,11380.972460523682,21953.370964045869,-2.8451816400448554e-07,1.4378149050855197e-16,9.9855938163372746e-15
763,0.00032910523143261987,9.0685709391014484,815.98597478354657,639.62489318913038,12.20701304743112,29.887736879736721,11401.062737220944,21979.008834228767,-2.8547614475644338e-07,1.4378149050855197e-16,9.9855938163372746e-15
764,0.00032902995811032762,9.0670288762402897,815.80054404685552,639.88761142732596,12.198751463835748,29.891991487366997,11421.16127366111,22004.640876534366,-2.864343110630053e-07,1.4378149050855197e-16,9.9855938163372746e-15
765,0.00032895475146209221,9.0655025628124761,815.61526579398992,640.14993592968801,12.190510887543956,29.896250212115199,11441.268057449241,22030.267095757496,-2.8739272500823064e-07,1.4378149050855197e-16,9.9855938163372746e-15
766,0.00032887961135092157,9.0639919358805781,815.4301397434898,640.41186826965225,12.182291292979171,29.90051304873651,11461.383076240598,22055.887496684158,-2.883504302185771e-07,1.4378149050855197e-16,9.9855938163372746e-15
767,0.00032880453764033631,9.0624969343813717,815.24516561364544,640.67340997379904,12.174092654651274,29.90477999203717,11481.506317739135,22081.502084091509,-2.8930552371299231e-07,1.4378149050855197e-16,9.9855938163372746e-15
768,0.00032872953019435819,9.0610174990174741,815.06034312255281,640.93456252456315,12.165914947153183,29.90905103687308,11501.637769696063,22107.110862747853,-2.9025905185202563e-07,1.4378149050855197e-16,9.9855938163372746e-15
769,0.00032865458887749484,9.0595535721573395,814.87567198815657,641.19532736273311,12.157758145160178,29.913326178145908,11521.777419908503,22132.713837412623,-2.9121299434983645e-07,1.4378149050855197e-16,9.9855938163372746e-15
770,0.00032857971355473885,9.0581050977431659,814.69115192832101,641.45570588975409,12.149622223427121,29.917605410803887,11541.925256218221,22158.311012836399,-2.9216668920898395e-07,1.4378149050855197e-16,9.9855938163372746e-15
771,0.00032850490409158699,9.0566720212046743,814.50678266094576,641.71569946988302,12.141507156787144,29.92188872983764,11562.081266510411,22183.902393760909,-2.9312055078824569e-07,1.4378149050855197e-16,9.9855938163372746e-15
772,0.00032843016035400557,9.0552542893798922,814.32256390394411,641.9753094321693,12.133412920149704,29.926176130280716,11582.24543871258,22209.487984918993,-2.9407157882313957e-07,1.4378149050855197e-16,9.9855938163372746e-15
773,0.00032835548220843731,9.0538518504414611,814.13849537531769,642.23453707229669,12.125339488498854,29.930467607206651,11602.417760793451,22235.067791034646,-2.9502003769409785e-07,1.4378149050855197e-16,9.9855938163372746e-15
774,0.00032828086952179741,9.0524646538280749,813.9545767932018,642.49338365429799,12.117286836892246,29.934763155727719,11622.598220761955,22260.641816823005,-2.9597001867086871e-07,1.4378149050855197e-16,9.9855938163372746e-15
775,0.00032820632216147474,9.0510926501806246,813.77080787591944,642.75185041215104,12.109254940458946,29.939062770994596,11642.786806666256,22286.210066990359,-2.9692067420140702e-07,1.4378149050855197e-16,9.9855938163372746e-15
776,0.00032813183999532076,9.0497357912824725,813.58718834200147,643.00993855127149,12.101243774398608,29.943366448193348,11662.983506592833,22311.77254623414,-2.9786959905159662e-07,1.4378149050855197e-16,9.9855938163372746e-15
777,0.00032805742289164855,9.048394030004026,813.40371791022847,643.26764924989914,12.093253313980137,29.94767418254591,11683.188308665605,22337.329259242946,-2.9881943842090645e-07,1.4378149050855197e-16,9.9855938163372746e-15
778,0.0003279830707192215,9.0470673202507772,813.22039629964354,643.52498366039731,12.085283534540055,29.951985969308112,11703.401201045097,22362.880210696552,-2.9976643866525887e-07,1.4378149050855197e-16,9.9855938163372746e-15
779,0.00032790878334726723,9.0457556169146329,813.03722322962653,643.78194291046748,12.077334411481633,29.956301803768422,11723.62217192764,22388.425405265902,-3.0071331962450862e-07,1.4378149050855197e-16,9.9855938163372746e-15
780,0.00032783456064546711,9.0444588758284787,812.85419841990392,644.03852810428793,12.069405920273443,29.960621681247162,11743.851209544628,22413.964847613126,-3.0165984342602425e-07,1.4378149050855197e-16,9.9855938163372746e-15
781,0.00032775997530303159,9.0431065366883701,812.67031718629914,644.21233658279073,12.061496119640998,29.964943656844145,11764.087002332315,22439.49852641609,-3.0260467491374461e-07,1.4378149050855197e-16,9.9855938163372746e-15
782,0.0003276854575876044,9.0417115266660559,812.48663629263194,644.3872118333486,12.053603120391537,29.969265840300146,11784.328274923495,22465.026431665385,-3.0355148053503483e-07,1.4378149050855197e-16,9.9855938163372746e-15
783,0.00032761100624464473,9.0402944557424103,812.30313660398906,644.56263860643958,12.045726948590865,29.973588279909443,11804.575050696056,22490.548569280203,-3.0449627574892281e-07,1.4378149050855197e-16,9.9855938163372746e-15
784,0.0003275366207383377,9.0388626320833882,812.11981110777015,644.73843419791524,12.037867617040321,29.977911009985299,11824.827343795227,22516.064944831724,-3.0544196943773584e-07,1.4378149050855197e-16,9.9855938163372746e-15
785,0.00032746230070485592,9.0374202602666571,811.93665563162745,644.91449349333345,12.030025132325147,29.982234058270411,11845.085164034064,22541.575563722334,-3.0638778589952008e-07,1.4378149050855197e-16,9.9855938163372746e-15
786,0.00032738804585741017,9.0359701631471729,811.7536672692886,645.0907459213206,12.022199497161516,29.986557448405136,11865.348518525379,22567.080431245406,-3.0733185563676045e-07,1.4378149050855197e-16,9.9855938163372746e-15
787,0.00032731385595190628,9.0345144019906964,811.57084381312484,645.26713995023249,12.014390711559312,29.990881201147662,11885.617412489561,22592.579552614909,-3.082741898106362e-07,1.4378149050855197e-16,9.9855938163372746e-15
788,0.00032723973077099569,9.0330545648314224,811.38818349029384,645.44363587921441,12.006598773500389,29.995205335089821,11905.891849727004,22618.072932982781,-3.0921942310080755e-07,1.4378149050855197e-16,9.9855938163372746e-15
789,0.00032716567011545654,9.0315919217115326,811.20568482058093,645.62020195721152,11.998823679378516,29.999529867117722,11926.171832923232,22643.560577450131,-3.1016111899474819e-07,1.4378149050855197e-16,9.9855938163372746e-15
790,0.00032709167379907643,9.0301275167931756,811.02334653202411,645.79681208017064,11.99106542430137,30.003854812731035,11946.457363859614,22669.042491075004,-3.1110292301261231e-07,1.4378149050855197e-16,9.9855938163372746e-15
791,0.00032701774164539785,9.0286622269728625,810.84116750721671,645.97344432567832,11.983324002311043,30.008180186273155,11966.748443566163,22694.518678878016,-3.1204535345165864e-07,1.4378149050855197e-16,9.9855938163372746e-15
792,0.00032694387348552122,9.0271968012090671,810.65914674723899,646.15007996977351,11.975599406548907,30.01250600110642,11987.045072436506,22719.989145846634,-3.129817143019447e-07,1.4378149050855197e-16,9.9855938163372746e-15
793,0.00032687006915658079,9.0257318880296555,810.47728334645615,646.32670279925856,11.967891629383733,30.016832269745407,12007.347250316981,22745.453896938448,-3.1392286120538378e-07,1.4378149050855197e-16,9.9855938163372746e-15
794,0.00032679632850064039,9.0242680554293457,810.29557647428135,646.50329861426633,11.960200662513417,30.021159003965082,12027.654976577287,22770.912937083831,-3.1486221673956225e-07,1.4378149050855197e-16,9.9855938163372746e-15
795,0.00032672265136384821,9.0228058056668736,810.11402536155049,646.67985485832821,11.952526497046993,30.025486214886786,12047.968250167663,22796.366271188039,-3.1580051684473323e-07,1.4378149050855197e-16,9.9855938163372746e-15
796,0.00032664903759583647,9.0213455865279677,809.93262929025605,646.85636033680089,11.944869123572374,30.029813913049107,12068.287069665905,22821.813904133,-3.1673746993509027e-07,1.4378149050855197e-16,9.9855938163372746e-15
797,0.00032657548704920046,9.019887800071178,809.75138758543881,647.03280499822063,11.937228532212552,30.034142108468206,12088.611433316564,22847.255840778787,-3.1767270978444112e-07,1.4378149050855197e-16,9.9855938163372746e-15
798,0.0003265019995791376,9.018432809534719,809.57029960890713,647.20917976163196,11.929604712673191,30.038470810686352,12108.941339064069,22872.692085964849,-3.1861072039652676e-07,1.4378149050855197e-16,9.9855938163372746e-15
799,0.00032642857504311997,9.016980944874657,809.38936475410617,647.38547637813349,11.921997654283079,30.042800028816394,12129.276784580943,22898.122644511106,-3.195463585604601e-07,1.4378149050855197e-16,9.9855938163372746e-15
800,0.00032635521330064219,9.0155325072621721,809.20858244198553,647.56168731844571,11.914407346029257,30.047129771577314,12149.617767292133,22923.547521218843,-3.2047977146429167e-07,1.4378149050855197e-16,9.9855938163372746e-15
801,0.00032628191421302423,9.0140877727804725,809.02795211762509,647.73780568048824,11.90683377658728,30.05146004732714,12169.964284396108,22948.966720871569,-3.2141753653043504e-07,1.4378149050855197e-16,9.9855938163372746e-15
802,0.00032620867764322536,9.0126469954939772,808.84747324737953,647.91382511265044,11.89927693434748,30.055790864090177,12190.316332883338,22974.38024823568,-3.2235281962935525e-07,1.4378149050855197e-16,9.9855938163372746e-15
803,0.00032613550345569816,9.0112104100204959,808.66714531650859,648.08973974948765,11.891736807438768,30.060122229582181,12210.673909552539,22999.788108061115,-3.2328635600373165e-07,1.4378149050855197e-16,9.9855938163372746e-15
804,0.00032606239151627687,9.0097782337058021,808.48696782720208,648.26554415735484,11.884213383748518,30.064454151231384,12231.037011025062,23025.190305081916,-3.242181128676004e-07,1.4378149050855197e-16,9.9855938163372746e-15
805,0.00032598934169206483,9.0083506684747974,808.3069402968556,648.44123328812998,11.876706650942054,30.068786636199764,12251.405633757731,23050.586844016729,-3.2515175527317912e-07,1.4378149050855197e-16,9.9855938163372746e-15
806,0.00032591635385133293,9.006927902419763,808.12706225657905,648.61680243950593,11.869216596478015,30.07311969139792,12271.779774054297,23075.977729569247,-3.2608364537362449e-07,1.4378149050855197e-16,9.9855938163372746e-15
807,0.00032584342786346772,9.0055101111711853,807.94733324999538,648.79224722072047,11.861743207623828,30.077453323502812,12292.159428075764,23101.362966428638,-3.2701455538302186e-07,1.4378149050855197e-16,9.9855938163372746e-15
808,0.000325770563598855,9.0040974590876335,807.76775283202448,648.9675635228092,11.854286471468573,30.081787538970804,12312.544591849693,23126.742559269926,-3.279461504097923e-07,1.4378149050855197e-16,9.9855938163372746e-15
809,0.00032569776092888588,9.0026901002941422,807.5883205680849,649.14274749264632,11.846846374935801,30.086122344051034,12332.935261278637,23152.116512754295,-3.2887806283259604e-07,1.4378149050855197e-16,9.9855938163372746e-15
810,0.00032562501972584283,9.0012881795941109,807.40903603309948,649.31779551014733,11.839422904793526,30.090457744796673,12353.331432147823,23177.484831529451,-3.2980894912448765e-07,1.4378149050855197e-16,9.9855938163372746e-15
811,0.00032555233986288778,8.9998918332713362,807.22989881083856,649.49270416821662,11.832016047665082,30.094793747075911,12373.733100132134,23202.847520229876,-3.3073741902108383e-07,1.4378149050855197e-16,9.9855938163372746e-15
812,0.00032547972121400089,8.9985011898020613,807.0509084932113,649.6674702549484,11.824625790037752,30.099130356581515,12394.140260802536,23228.204583477087,-3.3166878315095968e-07,1.4378149050855197e-16,9.9855938163372746e-15
813,0.0003254071636539638,8.9971163704855908,806.87206467973112,649.84209073786019,11.817252118271615,30.103467578839499,12414.552909631935,23253.556025879945,-3.3259690147041127e-07,1.4378149050855197e-16,9.9855938163372746e-15
814,0.00032533466705829839,8.9957374900085743,806.69336697692222,650.01656274978575,11.80989501860682,30.107805419218195,12434.97104200061,23278.901852034796,-3.3352383391457357e-07,1.4378149050855197e-16,9.9855938163372746e-15
815,0.00032526223130326755,8.9943646569489619,806.51481499792737,650.19088357627606,11.802554477171199,30.112143882934831,12455.394653201187,23304.242066525763,-3.3445235891949202e-07,1.4378149050855197e-16,9.9855938163372746e-15
816,0.00032518985626581865,8.9929979742294162,806.33640836201266,650.36505064426467,11.795230479986506,30.116482975063448,12475.823738443267,23329.57667392489,-3.3537615228200611e-07,1.4378149050855197e-16,9.9855938163372746e-15
817,0.00032511754182358425,8.9916375395252945,806.1581466942506,650.53906151186766,11.78792301297463,30.120822700541147,12496.258292857703,23354.905678792362,-3.363029947391611e-07,1.4378149050855197e-16,9.9855938163372746e-15
818,0.00032504528785483355,8.9902834456335388,805.98002962510964,650.71291385916174,11.780632061963315,30.125163064173673,12516.69831150057,23380.22908567667,-3.3722851599172912e-07,1.4378149050855197e-16,9.9855938163372746e-15
819,0.00032497309423847883,8.9889357808074788,805.80205679020969,650.88660547981294,11.773357612691285,30.129504070641861,12537.143789356867,23405.546899114783,-3.3815514150346358e-07,1.4378149050855197e-16,9.9855938163372746e-15
820,0.00032490096085403385,8.9875946290594833,805.62422782998055,651.06013427351297,11.766099650813441,30.133845724506497,12557.594721343961,23430.859123632286,-3.3908031675947655e-07,1.4378149050855197e-16,9.9855938163372746e-15
821,0.00032482888758160342,8.9862600704383251,805.44654238941916,651.23349823904186,11.758858161905206,30.138188030212532,12578.051102314812,23456.165763743549,-3.400046646930818e-07,1.4378149050855197e-16,9.9855938163372746e-15
822,0.00032475687430187828,8.9849321812813709,805.26900011788007,651.40669546796573,11.751633131466781,30.14253099209607,12598.512927060978,23481.466823951865,-3.4092597469322529e-07,1.4378149050855197e-16,9.9855938163372746e-15
823,0.00032468492089610503,8.9836110344453708,805.09160066881884,651.57972413886569,11.744424544927419,30.146874614385073,12618.980190315448,23506.762308749541,-3.418496773711584e-07,1.4378149050855197e-16,9.9855938163372746e-15
824,0.00032461302724607851,8.9822966995186118,804.91434369960768,651.75258251203479,11.73723238764903,30.151218901207017,12639.452886755284,23532.052222618113,-3.4277109410007794e-07,1.4378149050855197e-16,9.9855938163372746e-15
825,0.00032454119323412843,8.9809892430153866,804.73722887134977,651.92526892461547,11.730056644929586,30.155563856590344,12659.931011004113,23557.336570028379,-3.4368859465024788e-07,1.4378149050855197e-16,9.9855938163372746e-15
826,0.00032446941874311004,8.9796887285547236,804.56025584871566,652.09778178613192,11.722897302006762,30.159909484468766,12680.414557634471,23582.615355440546,-3.4460980699007341e-07,1.4378149050855197e-16,9.9855938163372746e-15
827,0.00032439770365638894,8.9783952170264634,804.38342429977592,652.27011957433842,11.715754344060723,30.164255788685033,12700.903521170003,23607.888583304353,-3.455325246939427e-07,1.4378149050855197e-16,9.9855938163372746e-15
828,0.00032432604785783586,8.9771087667428269,804.20673389586864,652.44228083142946,11.708627756217313,30.168602772994092,12721.397896087565,23633.156258059145,-3.4645151456396133e-07,1.4378149050855197e-16,9.9855938163372746e-15
829,0.00032425445123181141,8.9758294335803814,804.03018431145097,652.61426416049062,11.701517523550905,30.172950441064888,12741.897676819168,23658.418384134016,-3.4736780063832025e-07,1.4378149050855197e-16,9.9855938163372746e-15
830,0.00032418291366315968,8.9745572711103652,803.85377522398051,652.78606822224083,11.694423631086796,30.177298796485378,12762.402857753859,23683.674965947866,-3.4828718533505284e-07,1.4378149050855197e-16,9.9855938163372746e-15
831,0.00032411143503719662,8.9732923307208843,803.6775063137909,652.95769173197812,11.687346063803782,30.181647842762949,12782.91343323947,23708.926007909497,-3.4920425199438168e-07,1.4378149050855197e-16,9.9855938163372746e-15
832,0.00032404001523970972,8.9720346617291558,803.50137726400249,653.12913345677111,11.680284806636731,30.185997583329218,12803.429397584297,23734.171514417732,-3.5012127958958331e-07,1.4378149050855197e-16,9.9855938163372746e-15
833,0.00032396865415693939,8.9707843114871864,803.32538776039428,653.30039221282038,11.673239844478378,30.190348021540547,12823.950745058681,23759.411489861468,-3.5103590404338981e-07,1.4378149050855197e-16,9.9855938163372746e-15
834,0.00032389735167558125,8.9695413254796321,803.1495374913311,653.47146686300925,11.666211162181908,30.194699160681555,12844.477469896508,23784.645938619778,-3.519518838828946e-07,1.4378149050855197e-16,9.9855938163372746e-15
835,0.00032382610768277474,8.9683057474154797,802.97382614766514,653.64235631461315,11.659198744562747,30.199051003966979,12865.009566296647,23809.874865061985,-3.5286685014781394e-07,1.4378149050855197e-16,9.9855938163372746e-15
836,0.00032375492206610244,8.9670776193132244,802.79825342266622,653.81305951716956,11.652202576400407,30.203403554543979,12885.5470284243,23835.098273547734,-3.5378265629146757e-07,1.4378149050855197e-16,9.9855938163372746e-15
837,0.00032368379471356759,8.9658569815813518,802.62281901190318,653.98357546046634,11.645222642440638,30.207756815493706,12906.089850412314,23860.316168427071,-3.5469632716202669e-07,1.4378149050855197e-16,9.9855938163372746e-15
838,0.00032361272551360956,8.9646438730931539,802.44752261322367,654.15390317267122,11.638258927396732,30.212110789833424,12926.638026362411,23885.528554040509,-3.5561095928914389e-07,1.4378149050855197e-16,9.9855938163372746e-15
839,0.00032354171435508143,8.9634383312571959,802.27236392664304,654.32404171857024,11.631311415951348,30.21646548051843,12947.191550346348,23910.735434719121,-3.5652587951419904e-07,1.4378149050855197e-16,9.9855938163372746e-15
840,0.00032347076112726139,8.962240392083368,802.09734265432041,654.49399019791588,11.624380092758432,30.220820890444259,12967.750416407063,23935.936814784556,-3.5743911858663811e-07,1.4378149050855197e-16,9.9855938163372746e-15
841,0.00032340023186396623,8.9610655821561611,801.92335454036163,654.68252711276273,11.617465363537013,30.225177464286876,12988.314914739516,23961.132712686114,-3.5835009752029053e-07,1.4378149050855197e-16,9.9855938163372746e-15
842,0.00032332975754569118,8.9599110908230202,801.74948670893366,654.87055606275794,11.610567622733722,30.229535634228881,13008.885327564962,23986.323146449646,-3.5926237673131897e-07,1.4378149050855197e-16,9.9855938163372746e-15
843,0.00032325933903078961,8.9587724145625476,801.57574474935848,655.05818963593651,11.603686844025843,30.233895390951989,13029.461641142196,24011.508119964623,-3.6017352726810145e-07,1.4378149050855197e-16,9.9855938163372746e-15
844,0.00032318897656036125,8.9576479702814336,801.40213048043665,655.24546740963081,11.596823003946627,30.23825672827369,13050.043843740117,24036.68763721755,-3.6108369841140969e-07,1.4378149050855197e-16,9.9855938163372746e-15
845,0.00032311867022835915,8.956536855566279,801.22864483376952,655.43241194417647,11.589976080363703,30.242619641461317,13070.631924562189,24061.861702235979,-3.6199403766997956e-07,1.4378149050855197e-16,9.9855938163372746e-15
846,0.00032304842006327967,8.9554384705549843,801.0552883463946,655.61903823612556,11.583146051972435,30.246984126671649,13091.225873388774,24087.030319069858,-3.6290642151706295e-07,1.4378149050855197e-16,9.9855938163372746e-15
847,0.00032297822605763813,8.9543523817745037,800.88206133835467,655.80535712230414,11.576332898045939,30.251350180673427,13111.825680400416,24112.193491782295,-3.638140765120367e-07,1.4378149050855197e-16,9.9855938163372746e-15
848,0.00032290808818170137,8.9532782588446391,800.70896399532899,655.99137686221741,11.569536598289409,30.255717800686135,13132.43133607474,24137.351224444199,-3.6472179707893824e-07,1.4378149050855197e-16,9.9855938163372746e-15
849,0.00032283800639089887,8.9522158404158247,800.53599641315793,656.17710398960435,11.562757132745789,30.260086984275286,13153.04283112011,24162.503521130813,-3.6563016778452784e-07,1.4378149050855197e-16,9.9855938163372746e-15
850,0.00032276798063021067,8.9511649139700804,800.36315862423271,656.3625438174148,11.555994481731672,30.264457729282174,13173.66015642996,24187.65038591934,-3.6653678688255771e-07,1.4378149050855197e-16,9.9855938163372746e-15
851,0.00032269801083695417,8.9501253029772716,800.19045061426959,656.54770075890167,11.549248625790225,30.268830033770335,13194.283303049839,24212.79182288724,-3.674452698975129e-07,1.4378149050855197e-16,9.9855938163372746e-15
852,0.00032262809694266612,8.949096858286385,800.01787233358925,656.73257854284043,11.542519545656488,30.273203895988974,13214.912262152731,24237.927836110935,-3.6835239334132758e-07,1.4378149050855197e-16,9.9855938163372746e-15
853,0.00032255823887442325,8.9480794521108127,799.84542370501151,656.91718036389636,11.535807222230462,30.277579314341128,13235.54702502004,24263.058429664849,-3.6925593544176854e-07,1.4378149050855197e-16,9.9855938163372746e-15
854,0.00032248843655577439,8.9470729736833423,799.67310462950661,657.10150899124983,11.529111636555523,30.281956287361794,13256.187583026614,24288.183607620605,-3.7016155352153946e-07,1.4378149050855197e-16,9.9855938163372746e-15
855,0.00032241868990745895,8.94607732603159,799.50091499045448,657.28556684921034,11.522432769802029,30.286334813698229,13276.833927628708,24313.303374046453,-3.710693264064685e-07,1.4378149050855197e-16,9.9855938163372746e-15
856,0.00032234899884794584,8.9450924235270612,799.32885465686445,657.46935607849025,11.51577060325266,30.290714892095323,13297.486050354144,24338.417733006721,-3.7197229126467298e-07,1.4378149050855197e-16,9.9855938163372746e-15
857,0.00032227936329382267,8.9441181899865576,799.15692348580137,657.65287858366946,11.50912511829144,30.295096521381343,13318.143942794177,24363.526688561458,-3.7287605798384521e-07,1.4378149050855197e-16,9.9855938163372746e-15
858,0.00032220978316016303,8.9431545571760331,798.98512132444557,657.8361360705992,11.502496296393947,30.299479700458861,13338.807596596685,24388.630244766038,-3.7378042949941494e-07,1.4378149050855197e-16,9.9855938163372746e-15
859,0.00032214025836076215,8.9422014636151737,798.81344801159696,658.01913007628741,11.495884119118791,30.303864428295284,13359.477003460424,24413.72840567091,-3.7468179900656845e-07,1.4378149050855197e-16,9.9855938163372746e-15
860,0.00032207078880835738,8.9412588536078399,798.64190337896764,658.2018619931373,11.489288568101191,30.308250703915032,13380.152155130099,24438.821175321347,-3.7558434776206117e-07,1.4378149050855197e-16,9.9855938163372746e-15
861,0.00032200137441480264,8.9403266764495886,798.47048725222419,658.38433308876029,11.482709625046702,30.312638526392622,13400.833043392158,24463.908557757226,-3.7648712497294048e-07,1.4378149050855197e-16,9.9855938163372746e-15
862,0.00032193201509122209,8.9394048857702604,798.29919945187351,658.56654452241014,11.47614727172583,30.317027894847289,13421.519660071132,24488.990557012872,-3.7738580254318723e-07,1.4378149050855197e-16,9.9855938163372746e-15
863,0.00032186271074812389,8.9384934389864146,798.12803979396779,658.74849735867315,11.469601489969936,30.321418808438132,13442.211997026448,24514.067177116907,-3.7828295417096613e-07,1.4378149050855197e-16,9.9855938163372746e-15
864,0.00032179346129548631,8.9375922968394317,797.95700809067228,658.93019257901426,11.463072261666984,30.325811266360226,13462.910046149649,24539.138422092099,-3.7918614539183616e-07,1.4378149050855197e-16,9.9855938163372746e-15
865,0.0003217242666428847,8.9367014230047275,797.78610415088167,659.11163109154847,11.456559568758029,30.330205267839244,13483.61379936193,24564.204295955264,-3.8008768057274336e-07,1.4378149050855197e-16,9.9855938163372746e-15
866,0.00032165512669953141,8.9358207837571673,797.61532778057608,659.29281373940421,11.450063393234299,30.334600812129903,13504.323248611989,24589.264802717174,-3.8098930469429723e-07,1.4378149050855197e-16,9.9855938163372746e-15
867,0.00032158604137434607,8.9349503476843033,797.4446787832162,659.47374130789251,11.443583717134212,30.338997898511519,13525.038385874072,24614.319946382457,-3.8188644132424156e-07,1.4378149050855197e-16,9.9855938163372746e-15
868,0.00032151701057602194,8.9340900854387701,797.27415696009871,659.65441453069752,11.437120522541351,30.343396526286529,13545.759203146266,24639.36973094954,-3.8278728346567817e-07,1.4378149050855197e-16,9.9855938163372746e-15
869,0.0003214480342130643,8.9332399695231715,797.10376211061691,659.83483409525411,11.430673791581521,30.347796694776907,13566.485692448989,24664.414160410568,-3.8368479678542029e-07,1.4378149050855197e-16,9.9855938163372746e-15
870,0.00032137911219383793,8.932399974101541,796.93349403252364,660.01500064746142,11.424243506421716,30.352198403323136,13587.217845823567,24689.453238751368,-3.8458057419301095e-07,1.4378149050855197e-16,9.9855938163372746e-15
871,0.00032131024442659398,8.931570074836193,796.76335252212334,660.19491479576186,11.4178296492674,30.356601651281622,13607.955655331045,24714.486969951384,-3.8547843804353716e-07,1.4378149050855197e-16,9.9855938163372746e-15
872,0.00032124143081952366,8.9307502487421146,796.59333737451811,660.37457711478055,11.411432202361695,30.36100643802331,13628.699113051023,24739.515357983641,-3.8637417743336116e-07,1.4378149050855197e-16,9.9855938163372746e-15
873,0.00032117267128076773,8.9299404740597712,796.42344838372821,660.55398814850582,11.405051147983537,30.365412762931726,13649.448211080669,24764.538406814703,-3.8726989380325313e-07,1.4378149050855197e-16,9.9855938163372746e-15
874,0.00032110396571843864,8.929140730141528,796.25368534283484,660.73314841312867,11.398686468446028,30.369820625402109,13670.202941533807,24789.556120404668,-3.8816498968133927e-07,1.4378149050855197e-16,9.9855938163372746e-15
875,0.00032103531404065942,8.9283509973513731,796.08404804415431,660.9120583995491,11.392338146096217,30.374230024839239,13690.963296540054,24814.568502707101,-3.890612278363585e-07,1.4378149050855197e-16,9.9855938163372746e-15
876,0.00032096671615557788,8.9275712569750034,795.91453627934186,661.09071857562492,11.386006163312981,30.378640960657687,13711.729268244106,24839.575557669039,-3.8995639800604368e-07,1.4378149050855197e-16,9.9855938163372746e-15
877,0.00032089817197138561,8.9268014911396847,795.74514983950041,661.26912938817452,11.379690502506392,30.383053432279389,13732.500848805003,24864.577289230969,-3.9084899168726938e-07,1.4378149050855197e-16,9.9855938163372746e-15
878,0.00032082968139631834,8.926041682742353,795.57588851523792,661.44729126477466,11.373391146117042,30.387467439133204,13753.278030395528,24889.573701326797,-3.9174425881969874e-07,1.4378149050855197e-16,9.9855938163372746e-15
879,0.00032076124433869866,8.9252918153846608,795.40675209682206,661.62520461538361,11.367108076614858,30.391882980654533,13774.060805201607,24914.564797883853,-3.9263484488381698e-07,1.4378149050855197e-16,9.9855938163372746e-15
880,0.00032069286070692552,8.9245518733150178,795.23774037419969,661.80286983379131,11.36084127649859,30.396300056283334,13794.849165421791,24939.550582822871,-3.9352861746459499e-07,1.4378149050855197e-16,9.9855938163372746e-15
881,0.00032062453040950059,8.9238218413760428,795.06885313710234,661.98028729893224,11.354590728294719,30.400718665464872,13815.643103266772,24964.531060057983,-3.9442206009301307e-07,1.4378149050855197e-16,9.9855938163372746e-15
882,0.0003205562533550308,8.9231017049563057,794.90009017508987,662.15745737609234,11.348356414557207,30.405138807647486,13836.442610958909,24989.506233496715,-3.9531392969273861e-07,1.4378149050855197e-16,9.9855938163372746e-15
883,0.00032048802945224057,8.9223914499480337,794.73145127761336,662.33438041796592,11.342138317866826,30.409560482283389,13857.247680731864,25014.476107039969,-3.9620563047962881e-07,1.4378149050855197e-16,9.9855938163372746e-15
884,0.00032041985860998222,8.9216910627071115,794.5629362340718,662.51105676565555,11.335936420830329,30.413983688827006,13878.058304830171,25039.440684582049,-3.9709571219796217e-07,1.4378149050855197e-16,9.9855938163372746e-15
885,0.00032035174073723644,8.9210005300175936,794.39454483384031,662.68748674956009,11.329750706080164,30.418408426735176,13898.874475508932,25064.399970010625,-3.9798689189729877e-07,1.4378149050855197e-16,9.9855938163372746e-15
886,0.00032028367574313526,8.9203198390594629,794.22627686635269,662.86367069018002,11.323581156273779,30.422834695466374,13919.696185033452,25089.353967206764,-3.9887759096835636e-07,1.4378149050855197e-16,9.9855938163372746e-15
887,0.00032021566353694885,8.9196489773782606,794.05813212109081,663.03960889887696,11.317427754093485,30.427262494480097,13940.523425678966,25114.302680044904,-3.9976672224252407e-07,1.4378149050855197e-16,9.9855938163372746e-15
888,0.00032014770402810985,8.9189879328585207,793.89011038766705,663.215301678537,11.311290482245912,30.431691823236918,13961.356189730361,25139.246112392895,-4.0065528848199509e-07,1.4378149050855197e-16,9.9855938163372746e-15
889,0.00032007979712620762,8.9183366936984925,793.72221145582796,663.39074932420431,11.305169323461396,30.436122681197595,13982.194469481907,25164.184268111952,-4.0154483830038256e-07,1.4378149050855197e-16,9.9855938163372746e-15
890,0.00032001194274098595,8.9176952483872487,793.55443511546764,663.5659521236521,11.299064260493754,30.440555067823443,14003.038257237033,25189.117151056711,-4.024328049752588e-07,1.4378149050855197e-16,9.9855938163372746e-15
891,0.00031994414078237351,8.9170635856841667,793.38678115671826,663.74091035789581,11.292975276120272,30.444988982574838,14023.887545308096,25214.044765075188,-4.0331958263576404e-07,1.4378149050855197e-16,9.9855938163372746e-15
892,0.00031987639116046071,8.916441694598781,793.21924936990786,663.91562430169722,11.286902353140929,30.449424424912095,14044.74232601619,25238.967114008832,-4.0420688835955991e-07,1.4378149050855197e-16,9.9855938163372746e-15
893,0.00031980869378552408,8.9158295643740235,793.05183954563472,664.09009422398276,11.280845474378223,30.453861394295043,14065.602591690942,25263.88420169249,-4.0508986459218918e-07,1.4378149050855197e-16,9.9855938163372746e-15
894,0.00031974104856800673,8.9152271844689022,792.88455147473178,664.2643203882775,11.274804622677095,30.45829989018171,14086.468334670339,25288.79603195444,-4.0597580063002586e-07,1.4378149050855197e-16,9.9855938163372746e-15
895,0.00031967345541855256,8.9146345445442297,792.71738494836222,664.43830305306085,11.268779780904445,30.462739912029413,14107.339547300571,25313.702608616401,-4.0686161284853082e-07,1.4378149050855197e-16,9.9855938163372746e-15
896,0.00031960591424798563,8.9140516344479988,792.55033975798017,664.61204247213334,11.262770931948987,30.467181459293993,14128.21622193588,25338.603935493527,-4.0774593260810554e-07,1.4378149050855197e-16,9.9855938163372746e-15
897,0.00031953842496730637,8.9134784442027879,792.3834156953302,664.78553889493026,11.256778058720982,30.471624531429356,14149.098350938399,25363.500016394431,-4.0863071939327214e-07,1.4378149050855197e-16,9.9855938163372746e-15
898,0.00031947098748772254,8.9129149639938952,792.21661255253457,664.95879256681917,11.250801144152213,30.476069127887822,14169.985926678042,25388.390855121186,-4.0951599866547066e-07,1.4378149050855197e-16,9.9855938163372746e-15
899,0.0003194036017206315,8.9123611841580601,792.04993012205637,665.131803729382,11.24484017119533,30.48051524811935,14190.878941532363,25413.276455469342,-4.1040110668332589e-07,1.4378149050855197e-16,9.9855938163372746e-15
900,0.00031933626757762437,8.911817095173248,791.88336819671895,665.30457262066886,11.2388951228242,30.484962891572113,14211.777387886463,25438.156821227927,-4.1128459458626385e-07,1.4378149050855197e-16,9.9855938163372746e-15
901,0.00031926962570402018,8.9113467434708138,791.71846697902731,665.55258141322963,11.232967723202902,30.489413834654783,14232.682448737125,25463.031980570115,-4.1216775009533388e-07,1.4378149050855197e-16,9.9855938163372746e-15
902,0.00031920303042377206,8.9109383424999482,791.55363428766805,665.79904143750139,11.227059649400189,30.493869803758688,14253.595274237274,25487.901960369127,-4.1305044171789374e-07,1.4378149050855197e-16,9.9855938163372746e-15
903,0.00031913648334813612,8.9105731247267794,791.38888834256272,666.04442188183043,11.221170838795679,30.49833074989084,14274.515824955974,25512.766763136173,-4.1393239600505309e-07,1.4378149050855197e-16,9.9855938163372746e-15
904,0.00031906998500429531,8.9102444058079904,791.2242355262407,666.28888985480023,11.215301240859091,30.502796636886018,14295.444069885107,25537.626391707858,-4.1481595959473742e-07,1.4378149050855197e-16,9.9855938163372746e-15
905,0.00031900353566066512,8.9099483212562642,791.05967944338556,666.53254196859336,11.209450810764285,30.507267434618832,14316.379981987508,25562.480849070929,-4.156990052359498e-07,1.4378149050855197e-16,9.9855938163372746e-15
906,0.00031893713547024324,8.9096822623894951,790.8952224607732,666.77544344026262,11.203619507263085,30.511743116742359,14337.323536714059,25587.330138303798,-4.1658025706639369e-07,1.4378149050855197e-16,9.9855938163372746e-15
907,0.00031887078452241113,8.9094443130142267,790.7308662624315,667.01764217464438,11.197807291631964,30.516223659569924,14358.274711269314,25612.174262547585,-4.1746351128214224e-07,1.4378149050855197e-16,9.9855938163372746e-15
908,0.00031880448286703185,8.9092329874716434,790.56661210786854,667.25917531320897,11.192014127055661,30.520709041419153,14379.233484181852,25637.013224989194,-4.1834528524650023e-07,1.4378149050855197e-16,9.9855938163372746e-15
909,0.00031873823052746018,8.9090470895991007,790.40246097121678,667.50007276002248,11.186239978229455,30.525199242188609,14400.1998350266,25661.847028850327,-4.1922383467643183e-07,1.4378149050855197e-16,9.9855938163372746e-15
910,0.00031867202750825407,8.9088856290353799,790.23841362379471,667.74035927411558,11.180484811083371,30.529694243065773,14421.17374423291,25686.675677379953,-4.2010304401108325e-07,1.4378149050855197e-16,9.9855938163372746e-15
911,0.0003186058738000936,8.9087477679526579,790.07447068669057,667.98005580118354,11.174748592582674,30.5341940263142,14442.155192945311,25711.499173848795,-4.2098345526521908e-07,1.4378149050855197e-16,9.9855938163372746e-15
912,0.00031853976938308942,8.9086327853098251,789.91063266607398,668.21918036725435,11.169031290577554,30.538698575114282,14463.144162918583,25736.317521545217,-4.2186119864874079e-07,1.4378149050855197e-16,9.9855938163372746e-15
913,0.00031847371422905648,8.9085400518431879,789.74689997780217,668.45774870392029,11.163332873686311,30.54320787343897,14484.140636436428,25761.130723772007,-4.2273644018418889e-07,1.4378149050855197e-16,9.9855938163372746e-15
914,0.00031840770830323403,8.9084690119709329,789.58327296541484,668.6957747007267,11.157653311202591,30.547721905954862,14505.144596246826,25785.938783843842,-4.2361326730465616e-07,1.4378149050855197e-16,9.9855938163372746e-15
915,0.00031834175156548718,8.908419170331598,789.41975191332676,668.93327074171009,11.151992573020479,30.552240657942988,14526.156025509717,25810.741705085216,-4.2448945265731984e-07,1.4378149050855197e-16,9.9855938163372746e-15
916,0.0003182758439712873,8.9083900815338524,789.25633705703979,669.17024796165379,11.146350629572668,30.556764115233182,14547.174907753893,25835.539490828814,-4.2536570183797697e-07,1.4378149050855197e-16,9.9855938163372746e-15
917,0.0003182099854724259,8.908381342193362,789.09302859095726,669.40671644516613,11.140727451778599,30.561292264148975,14568.201226841013,25860.332144414009,-4.2624033962338808e-07,1.4378149050855197e-16,9.9855938163372746e-15
918,0.00031814417601760009,8.9083925846415593,788.92982667461354,669.64268538396095,11.135123011001133,30.565825091461214,14589.234966935159,25885.119669185733,-4.2711517412458245e-07,1.4378149050855197e-16,9.9855938163372746e-15
919,0.00031807841555288205,8.9084234718783062,788.76673143767096,669.87816320304228,11.129537279008902,30.57036258434885,14610.276112476842,25909.902068493473,-4.2799001316000585e-07,1.4378149050855197e-16,9.9855938163372746e-15
920,0.00031801270402210169,8.9084736934706381,788.60374298398438,670.11315766323401,11.123970227944556,30.57490473036427,14631.324648160582,25934.679345690336,-4.2886484835877393e-07,1.4378149050855197e-16,9.9855938163372746e-15
921,0.00031794704136715038,8.9085429621797392,788.44086139491662,670.34767594550658,11.118421830296322,30.579451517403886,14652.380558915413,25959.451504132358,-4.2973727483555729e-07,1.4378149050855197e-16,9.9855938163372746e-15
922,0.00031788142752825005,8.908631011158322,788.27808673213633,670.58172472104206,11.112892058873657,30.584002933682143,14673.443829887787,25984.218547177792,-4.3060944076856381e-07,1.4378149050855197e-16,9.9855938163372746e-15
923,0.00031781586244416106,8.9087375916010068,788.11541903991917,670.81531020997488,11.107380886785899,30.588558967708597,14694.514446426516,26008.980478186582,-4.3148092865993436e-07,1.4378149050855197e-16,9.9855938163372746e-15
924,0.00031775034605236623,8.9088624707556825,787.95285834711581,671.04843823110787,11.101888287422613,30.593119608267386,14715.592394069399,26033.737300519784,-4.3235627971445328e-07,1.4378149050855197e-16,9.9855938163372746e-15
925,0.00031768487828924108,8.9090054302295361,787.79040466886283,671.28111424426163,11.096414234437027,30.597684844399257,14736.677658531304,26058.489017539163,-4.3323082018833325e-07,1.4378149050855197e-16,9.9855938163372746e-15
926,0.00031761945909016367,8.9091662645345941,787.62805800796093,671.51334338663514,11.090958701729843,30.602254665385161,14757.770225693463,26083.23563260676,-4.3410407677781915e-07,1.4378149050855197e-16,9.9855938163372746e-15
927,0.00031755408838964988,8.909344779831132,787.46581835616655,671.74513050422183,11.085521663436273,30.606829060731837,14778.87008159385,26107.977149084509,-4.3497495045554718e-07,1.4378149050855197e-16,9.9855938163372746e-15
928,0.00031748876612145642,8.9095407928362551,787.30368569527798,671.97648017909376,11.080103093913221,30.611408020158269,14799.977212418467,26132.713570333945,-4.3584506935853225e-07,1.4378149050855197e-16,9.9855938163372746e-15
929,0.00031742349221864274,8.9097541298703309,787.14165999801401,672.20739675324182,11.074702967727513,30.615991533583866,14821.091604493449,26157.444899715872,-4.3671761372527083e-07,1.4378149050855197e-16,9.9855938163372746e-15
930,0.00031735826661368724,8.909984626018856,786.97974122894141,672.43788434952876,11.069321259646237,30.620579591117423,14842.213244277829,26182.171140590126,-4.3758884316558565e-07,1.4378149050855197e-16,9.9855938163372746e-15
931,0.00031729308923852126,8.9102321243944687,786.81792934511975,672.6679468901383,11.063957944626738,30.625172183047422,14863.342118356979,26206.892296315302,-4.3845777549570771e-07,1.4378149050855197e-16,9.9855938163372746e-15
932,0.00031722796002460512,8.9104964754814251,786.65622429679058,672.8975881129644,11.058612997808135,30.629769299831867,14884.478213436551,26231.608370248527,-4.3932990236458703e-07,1.4378149050855197e-16,9.9855938163372746e-15
933,0.00031716287890298182,8.910777536553887,786.49462602795211,673.12681158615283,11.053286394503392,30.634370932091056,14905.621516336922,26256.319365745265,-4.402004848052955e-07,1.4378149050855197e-16,9.9855938163372746e-15
934,0.00031709784580431332,8.9110751711555718,786.33313447684748,673.35562072111065,11.047978110191849,30.638977070599456,14926.772013988078,26281.025286159151,-4.4107057824684054e-07,1.4378149050855197e-16,9.9855938163372746e-15
935,0.00031703286065895103,8.9113892486337232,786.17174957649343,673.58401878415691,11.042688120512471,30.643587706277749,14947.929693424869,26305.726134841771,-4.4193882939624491e-07,1.4378149050855197e-16,9.9855938163372746e-15
936,0.00031696792339693089,8.9117196437200015,786.01047125498815,673.81200890699984,11.03741640125738,30.648202830187309,14969.094541782611,26330.421915142546,-4.4280748304567398e-07,1.4378149050855197e-16,9.9855938163372746e-15
937,0.00031690303394804977,8.9120662361526684,785.84929943598854,674.03959409618324,11.032162928366166,30.652822433522921,14990.266546293027,26355.112630408566,-4.4367365961089571e-07,1.4378149050855197e-16,9.9855938163372746e-15
938,0.00031683819224186772,8.9124289103346683,785.68823403897693,674.26677724163324,11.026927677920334,30.657446507608046,15011.445694280432,26379.798283984437,-4.4454318871531779e-07,1.4378149050855197e-16,9.9855938163372746e-15
939,0.00031677339820774928,8.9128075550228729,785.52727497960041,674.4935611244282,11.021710626138344,30.662075043888933,15032.631973158208,26404.478879212202,-4.4541213987992969e-07,1.4378149050855197e-16,9.9855938163372746e-15
940,0.00031670865177489964,8.9132020630467022,785.36642216997461,674.71994842383242,11.016511749370462,30.666708033928931,15053.825370425489,26429.15441943119,-4.4627378919184107e-07,1.4378149050855197e-16,9.9855938163372746e-15
941,0.00031664395287236388,8.9136123310501993,785.20567551887973,674.94594172374502,11.011331024094838,30.671345469405392,15075.025873664066,26453.824907977898,-4.4714049172763232e-07,1.4378149050855197e-16,9.9855938163372746e-15
942,0.00031657930142905966,8.9140382592576213,785.04503493201969,675.17154351855947,11.006168426912863,30.675987342104239,15096.233470535482,26478.490348185915,-4.4800584097044633e-07,1.4378149050855197e-16,9.9855938163372746e-15
943,0.00031651469737380405,8.9144797512570122,784.88450031225432,675.39675621857475,11.00102393454558,30.680633643915534,15117.448148778318,26503.150743385835,-4.4887080340864397e-07,1.4378149050855197e-16,9.9855938163372746e-15
944,0.0003164501406353189,8.9149367138033266,784.72407155976282,675.62158215491695,10.995897523829687,30.685284366830356,15138.669896205611,26527.806096905169,-4.4973659874983888e-07,1.4378149050855197e-16,9.9855938163372746e-15
945,0.00031638563114224987,8.9154090566362481,784.56374857223057,675.8460235840937,10.990789171714241,30.689939502936728,15159.898700702455,26552.456412068215,-4.5059951834345722e-07,1.4378149050855197e-16,9.9855938163372746e-15
946,0.00031632116882319289,8.9158966923123586,784.4035312450419,676.07008269219102,10.985698855257349,30.694599044416769,15181.134550223715,26577.101692196044,-4.5146317143582069e-07,1.4378149050855197e-16,9.9855938163372746e-15
947,0.00031625675360669566,8.9163995360504984,784.24341947140329,676.29376159873755,10.980626551623104,30.699262983542198,15202.377432791885,26601.741940606396,-4.5232520162297202e-07,1.4378149050855197e-16,9.9855938163372746e-15
948,0.00031619238542127115,8.9169175055884882,784.08341314248582,676.51706236028792,10.975572238078456,30.70393131267236,15223.627336495041,26626.37716061364,-4.5318927395712892e-07,1.4378149050855197e-16,9.9855938163372746e-15
949,0.00031612806419541878,8.9174505210505046,783.92351214757866,676.73998697373747,10.97053589199062,30.708604024251116,15244.884249484925,26651.007355528676,-4.5405160410097105e-07,1.4378149050855197e-16,9.9855938163372746e-15
950,0.00031606378985761784,8.9179985048239203,783.76371637416764,676.96253737940197,10.965517490824263,30.713281110803916,15266.148159975121,26675.632528658898,-4.5491221542321739e-07,1.4378149050855197e-16,9.9855938163372746e-15
951,0.00031599956233636218,8.9185613814448157,783.60402570810868,677.18471546387957,10.960517012139311,30.717962564935348,15287.4190562393,26700.252683308176,-4.5577536730887771e-07,1.4378149050855197e-16,9.9855938163372746e-15
952,0.00031593538156014209,8.9191390774915646,783.44444003366368,677.4065230627109,10.955534433588214,30.722648379326063,15308.696926609622,26724.867822776712,-4.5663537627623444e-07,1.4378149050855197e-16,9.9855938163372746e-15
953,0.00031587124745748187,8.9197315214849535,783.2849592336712,677.62796196287616,10.95056973291388,30.727338546731307,15329.981759475128,26749.477950361106,-4.5749988808182209e-07,1.4378149050855197e-16,9.9855938163372746e-15
954,0.00031580715995691716,8.9203386437965602,783.12558318955951,677.849033905086,10.945622887947463,30.732033059978033,15351.27354328026,26774.083069354212,-4.5835862014052171e-07,1.4378149050855197e-16,9.9855938163372746e-15
955,0.00031574311898702905,8.9209603765606964,782.96631178149869,678.06974058598269,10.940693876606286,30.736731911963158,15372.572266523453,26798.683183045152,-4.5921375481165249e-07,1.4378149050855197e-16,9.9855938163372746e-15
956,0.00031567912447643678,8.921596653594559,782.8071448884441,678.29008366013591,10.935782676891892,30.741435095651514,15393.877917755795,26823.278294719257,-4.6007230654755075e-07,1.4378149050855197e-16,9.9855938163372746e-15
957,0.00031561517635380135,8.9222474103212317,782.64808238820433,678.51006474196925,10.930889266888281,30.746142604073299,15415.190485579689,26847.868407658061,-4.6093302390099942e-07,1.4378149050855197e-16,9.9855938163372746e-15
958,0.00031555127454785083,8.9229125836990999,782.48912415755728,678.72968540752265,10.926013624760012,30.750854430322821,15436.509958647672,26872.45352513923,-4.6179316540735911e-07,1.4378149050855197e-16,9.9855938163372746e-15
959,0.00031548741898735732,8.9235921121544113,782.33027007224587,678.94894719613978,10.921155728750408,30.755570567556873,15457.836325661201,26897.03365043654,-4.6265382242068275e-07,1.4378149050855197e-16,9.9855938163372746e-15
960,0.00031542360960117716,8.9242859355186521,782.17152000712451,679.1678516120337,10.916315557180035,30.760291008992304,15479.169575369544,26921.608786819841,-4.6351099226308213e-07,1.4378149050855197e-16,9.9855938163372746e-15
961,0.00031535929713378798,8.9248876754747695,782.01159146061457,679.26239144646399,10.911490198438409,30.765012827923272,15500.507740451381,26946.178917128327,-4.6436858727665137e-07,1.4378149050855197e-16,9.9855938163372746e-15
962,0.00031529503487220148,8.9254168333612913,781.85184183210379,679.35874583263444,10.906676819572807,30.769733179886625,15521.848908152369,26970.744026084118,-4.6522791541207729e-07,1.4378149050855197e-16,9.9855938163372746e-15
963,0.00031523082128467216,8.925904490559148,781.69224406909257,679.45613773602122,10.901875475273572,30.774452137860351,15543.193120193506,26995.304118777251,-4.6608411283673942e-07,1.4378149050855197e-16,9.9855938163372746e-15
964,0.00031516665577176217,8.9263616724172294,781.53278843068324,679.55429152290264,10.897086200169039,30.77916975379253,15564.540404370109,27019.859199809482,-4.6694150276364099e-07,1.4378149050855197e-16,9.9855938163372746e-15
965,0.00031510253795678913,8.9267947248109536,781.37346922968482,679.65304854639271,10.89230901947492,30.783886069755575,15585.890781940627,27044.409273550023,-4.6779742987849454e-07,1.4378149050855197e-16,9.9855938163372746e-15
966,0.00031503846756255509,8.9272079103168291,781.21428258495587,679.75230224207928,10.887543952540828,30.788601121658989,15607.244270087145,27068.954344220921,-4.686543576628201e-07,1.4378149050855197e-16,9.9855938163372746e-15
967,0.00031497444436683211,8.9276043432289498,781.05522561145142,679.85197475260952,10.882791014605294,30.793314941087253,15628.600883133417,27093.494415939273,-4.6951080028463766e-07,1.4378149050855197e-16,9.9855938163372746e-15
968,0.00031491046818163924,8.9279864243375684,780.89629604346794,679.95200605822743,10.878050217822802,30.798027556375938,15649.960633257168,27118.029492741942,-4.7036409440756199e-07,1.4378149050855197e-16,9.9855938163372746e-15
969,0.00031484653884206897,8.9283560749945394,780.73749203173531,680.05234812513663,10.873321571926329,30.802738993304615,15671.323530950103,27142.559578601558,-4.7121630066430182e-07,1.4378149050855197e-16,9.9855938163372746e-15
970,0.00031478265619965429,8.9287148759984571,780.57881202299006,680.15296143337184,10.868605084685452,30.807449275577607,15692.689585335625,27167.084677437539,-4.7207001960960928e-07,1.4378149050855197e-16,9.9855938163372746e-15
971,0.00031471882011813895,8.9290641559723678,780.42025468330712,680.25381276735754,10.863900762238403,30.812158425171038,15714.058804399194,27191.604793124097,-4.7292421220745871e-07,1.4378149050855197e-16,9.9855938163372746e-15
972,0.00031465503047065253,8.9294050506620515,780.26181884668188,680.35487373344893,10.859208609341451,30.816866462594206,15735.431195161666,27216.119929496308,-4.73777585504998e-07,1.4378149050855197e-16,9.9855938163372746e-15
973,0.00031459128713772763,8.9297385444110571,780.10350347904262,680.45611972305687,10.854528629563077,30.821573407092863,15756.806763813593,27240.630090354764,-4.7463265599934843e-07,1.4378149050855197e-16,9.9855938163372746e-15
974,0.00031452759000586257,8.9300655001628666,779.94530765220679,680.55752916259496,10.849860825436707,30.826279276809618,15778.185515821759,27265.135279469272,-4.7548597663007334e-07,1.4378149050855197e-16,9.9855938163372746e-15
975,0.00031446393896645463,8.930386681771294,779.78723052451562,680.65908295571762,10.84520519858537,30.830984088913667,15799.567456015335,27289.635500581891,-4.7634061532630372e-07,1.4378149050855197e-16,9.9855938163372746e-15
976,0.00031440033391498767,8.9307027709843236,779.62927132608831,680.76076405872539,10.840561749823761,30.835687859708422,15820.952588656774,27314.130757409417,-4.7719582080116499e-07,1.4378149050855197e-16,9.9855938163372746e-15
977,0.00031433677475039326,8.9310143806300086,779.47142934735234,680.86255715091647,10.835930479243467,30.840390604720561,15842.340917500895,27338.621053645405,-4.7804965659006712e-07,1.4403540039937051e-16,9.9855938163372746e-15
978,0.00031427326137456349,8.9313220650313241,779.31370393002521,680.96444837421689,10.831311386284474,30.845092338774602,15863.732445844778,27363.106392961974,-4.7889985522969944e-07,1.4403540039937051e-16,9.9855938163372746e-15
979,0.00031420979369197046,8.9316263283561366,779.15609445990822,681.06642512442988,10.826704469796876,30.849793076058294,15885.127176570324,27387.586779011246,-4.7975065692179513e-07,1.4403540039937051e-16,9.9855938163372746e-15
980,0.00031414637160928854,8.9319276313992386,778.99860036086216,681.16847588168582,10.822109728093267,30.854492830176355,15906.525112180881,27412.062215426657,-4.8060218932234125e-07,1.4403540039937051e-16,9.9855938163372746e-15
981,0.00031408299503518183,8.9322263971556239,778.84122109009843,681.27059007110938,10.817527158995141,30.85919161420091,15927.926254833066,27436.532705824106,-4.814515299463231e-07,1.4403540039937051e-16,9.9855938163372746e-15
982,0.00031401966388004985,8.9325230154482487,778.68395613407563,681.37275794712707,10.812956759872256,30.863889440710533,15949.330606364561,27460.998253802885,-4.8230264519779679e-07,1.4403540039937051e-16,9.9855938163372746e-15
983,0.00031395637805585772,8.9328178468066834,778.52680500516635,681.47497049649951,10.808398527678486,30.868586321828989,15970.738168318634,27485.458862946576,-4.8315472100825471e-07,1.4403540039937051e-16,9.9855938163372746e-15
984,0.00031389313747597156,8.9331112257449057,778.36976723878934,681.57721935637733,10.803852458982664,30.873282269258279,15992.148941965792,27509.914536823817,-4.8400477699406559e-07,1.4403540039937051e-16,9.9855938163372746e-15
985,0.00031382994205502482,8.9334034635533737,778.21284239098054,681.67949674449892,10.79931854999662,30.877977294306547,16013.562928323099,27534.365278988964,-4.8485391880954309e-07,1.4403540039937051e-16,9.9855938163372746e-15
986,0.00031376679170881796,8.9336948506926586,778.05603003634724,681.78179539935024,10.794796796599822,30.882671407914792,16034.980128171466,27558.811092982727,-4.8570147678393558e-07,1.4403540039937051e-16,9.9855938163372746e-15
987,0.00031370368635419508,8.9339856588605624,777.89932976620889,681.88410852848597,10.790287194362119,30.88736462068028,16056.400542071158,27583.251982332731,-4.8655173157825082e-07,1.4403540039937051e-16,9.9855938163372746e-15
988,0.00031364062590897055,8.9342761427855191,777.74274118706808,681.98642976369524,10.785789738563517,30.892056942877584,16077.824170375836,27607.687950553998,-4.8740214820966431e-07,1.4403540039937051e-16,9.9855938163372746e-15
989,0.00031357761029186619,8.9345665417925328,777.58626391927771,682.0887531218533,10.781304424212625,30.896748384478293,16099.251013245224,27632.119001149404,-4.8824826255528557e-07,1.4403540039937051e-16,9.9855938163372746e-15
990,0.00031351463942242303,8.9348570811765384,777.42989759579041,682.19107297058645,10.776831246063292,30.901438955167393,16120.681070656676,27656.545137610108,-4.8909348923837402e-07,1.4403540039937051e-16,9.9855938163372746e-15
991,0.00031345171322095611,8.9351479734133559,777.27364186113562,682.2933839979994,10.772370198629847,30.906128664360214,16142.114342415718,27680.966363415893,-4.8993981180974461e-07,1.4403540039937051e-16,9.9855938163372746e-15
992,0.00031338883160850575,8.9354394192303541,777.11749637049411,682.39568118590785,10.767921276200747,30.910817521216629,16163.550828165662,27705.382682035597,-4.9078716853412475e-07,1.4403540039937051e-16,9.9855938163372746e-15
993,0.0003133259945067867,8.9357316085591432,776.96146078885567,682.4979597860214,10.763484472851468,30.915505534653541,16184.990527396487,27729.794096927322,-4.9163571183136806e-07,1.4403540039937051e-16,9.9855938163372746e-15
994,0.00031326320183813625,8.9360247213844186,776.80553479025127,682.6002152987229,10.759059782456225,30.92019271335904,16206.433439452929,27754.200611538839,-4.9248137205651078e-07,1.4403540039937051e-16,9.9855938163372746e-15
995,0.00031320045352551074,8.9363189285040932,776.64971805717278,682.70244345406434,10.754647198698576,30.924879065801974,16227.879563542047,27778.602229307788,-4.9332575188512797e-07,1.4403540039937051e-16,9.9855938163372746e-15
996,0.00031313774949241069,8.9366143922120624,776.4940102798746,682.80464019469844,10.750246715081934,30.929564600243452,16249.328898740116,27802.998953661951,-4.9417018856600163e-07,1.4403540039937051e-16,9.9855938163372746e-15
997,0.0003130750896628724,8.9369112669133273,776.33841115588837,682.90680166050015,10.745858324937942,30.934249324745913,16270.781443999091,27827.390788019526,-4.9501679714258897e-07,1.4403540039937051e-16,9.9855938163372746e-15
998,0.00031301247396146116,8.9372096996795598,776.18292038958873,683.00892417467753,10.741482021435802,30.938933247182828,16292.23719815257,27851.777735789277,-4.9586252642752802e-07,1.4403540039937051e-16,9.9855938163372746e-15
999,0.00031294990231320568,8.9375098307523491,776.02753769165247,683.11100423119126,10.73711779759012,30.943616375246791,16313.696159921357,27876.15980037081,-4.9670713366517125e-07,1.4403540039937051e-16,9.9855938163372746e-15
1000,0.00031288737464360734,8.9378117940010782,775.87226277873526,683.21303848330649,10.732765646268197,30.948298716457028,16335.158327918632,27900.536985154722,-4.9755284202289937e-07,1.4403540039937051e-16,9.9855938163372746e-15
1001,0.00031282489087860208,8.9381157173388566,775.7170953730656,683.31502373319518,10.728425560196793,30.952980278167292,16356.623700654809,27924.909293522811,-4.9839511343500946e-07,1.4403540039937051e-16,9.9855938163372746e-15
1002,0.00031276245094455845,8.9384217231027936,775.56203520215217,683.41695692243024,10.724097531969392,30.957661067572115,16378.092276542051,27949.27672884821,-4.9923723940300314e-07,1.4403540039937051e-16,9.9855938163372746e-15
1003,0.00031270005476824177,8.9387299284020703,775.40708199843334,683.51883512328163,10.719781554051313,30.962341091713487,16399.564053898506,27973.639294495595,-5.0007886242035955e-07,1.4403540039937051e-16,9.9855938163372746e-15
1004,0.00031263770227681439,8.9390404454361558,775.25223549903808,683.62065553076286,10.715477618786085,30.967020357487247,16421.039030952292,27997.996993821293,-5.0092289485727429e-07,1.4611665289722616e-16,9.9855938163372746e-15
1005,0.00031257539339781421,8.9393533817883739,775.09749544551164,683.72241545529062,10.711185718400714,30.9716988716484,16442.517205845248,28022.349830173458,-5.0176321968997567e-07,1.4611665289722616e-16,9.9855938163372746e-15
1006,0.00031251312805914716,8.9396688406947113,774.94286158359353,683.82411231596564,10.706905845010482,30.976376640815971,16463.99857663643,28046.697806892178,-5.0260315143989731e-07,1.4611665289722616e-16,9.9855938163372746e-15
1007,0.00031245090618906723,8.9399869212928422,774.78833366298136,683.92574363434551,10.702637990624073,30.981053671478907,16485.483141305438,28071.040927309608,-5.0344498617087147e-07,1.4611665289722616e-16,9.9855938163372746e-15
1008,0.00031238872771615652,8.9403077188515407,774.63391143710714,684.02730702871145,10.698382147147598,30.985729970000115,16506.970897755553,28095.379194750112,-5.0428763462156624e-07,1.4611665289722616e-16,9.9855938163372746e-15
1009,0.00031232659256935435,8.9406313249833183,774.47959466305065,684.12880020875036,10.694138306389227,30.990405542621406,16528.461843816669,28119.712612530366,-5.0513106400601761e-07,1.4611665289722616e-16,9.9855938163372746e-15
1010,0.00031226450067789728,8.9409578278407498,774.3253831012413,684.23022097064802,10.689906460063266,30.995080395467646,16549.955977248101,28144.041183959471,-5.0597135954062363e-07,1.4611665289722616e-16,9.9855938163372746e-15
1011,0.00031220245197134271,8.94128731229954,774.17127651537885,684.33156719251156,10.685686599793444,30.999754534550014,16571.453295741234,28168.364912339042,-5.0681124804097596e-07,1.4611665289722616e-16,9.9855938163372746e-15
1012,0.00031214044637955011,8.9416198601282684,774.01727467225976,684.43283683012658,10.681478717116981,31.004427965770862,16592.953796922015,28192.683800963314,-5.076493479623624e-07,1.4611665289722616e-16,9.9855938163372746e-15
1013,0.00031207848383267377,8.9419555501463783,773.86337734163828,684.53402791300709,10.677282803487715,31.00910069492717,16614.457478353339,28216.997853119272,-5.0849101248535389e-07,1.4611665289722616e-16,9.9855938163372746e-15
1014,0.00031201656426115102,8.9422944583718031,773.70958429608754,684.63513854070493,10.673098850279503,31.013772727712901,16635.96433753732,28241.307072086693,-5.0933090098570612e-07,1.4611665289722616e-16,9.9855938163372746e-15
1015,0.00031195468759570398,8.9426366581580421,773.55589531089925,684.73616687938238,10.668926848789381,31.01844406972371,16657.4743719174,28265.61146113824,-5.101695003698616e-07,1.4611665289722616e-16,9.9855938163372746e-15
1016,0.00031189285376733773,8.9429822203230351,773.40231016398252,684.8371111585908,10.664766790240142,31.023114726458946,16678.987578880435,28289.911023539571,-5.1100746984496624e-07,1.4611665289722616e-16,9.9855938163372746e-15
1017,0.0003118310627073031,8.9433312132689498,773.24882863568075,684.9379696682762,10.660618665783408,31.027784703324997,16700.503955758588,28314.205762549427,-5.1184752715815381e-07,1.4611665289722616e-16,9.9855938163372746e-15
1018,0.00031176931434713799,8.9436837030956262,773.09545050878864,685.03874075594263,10.656482466502158,31.03245400563852,16722.023499831244,28338.495681419627,-5.1268544675673894e-07,1.4611665289722616e-16,9.9855938163372746e-15
1019,0.00031170760861862299,8.9440397537053471,772.94217556836293,685.13942282403309,10.652358183413343,31.037122638628077,16743.546208326712,28362.780783395265,-5.1352141245139148e-07,1.4611665289722616e-16,9.9855938163372746e-15
1020,0.00031164594545379716,8.9443994269022919,772.78900360168666,685.24001432744262,10.648245807470184,31.04179060743753,16765.072078423971,28387.061071714699,-5.1436106586940701e-07,1.4611665289722616e-16,9.9855938163372746e-15
1021,0.00031158383663474622,8.9449229026367725,772.63460569035556,685.52401076741387,10.644149682054785,31.046462239470614,16786.604001956799,28411.336529068532,-5.1519937262139545e-07,1.4611665289722616e-16,9.9855938163372746e-15
1022,0.00031152177396504937,8.9455807551741202,772.48022315837329,685.80464778731368,10.640074031192194,31.051141740393422,16808.144788614445,28435.60713594651,-5.1603767762944966e-07,1.4611665289722616e-16,9.9855938163372746e-15
1023,0.00031145975607506463,8.9463261398013927,772.3258872473981,686.08309650496506,10.636018730060687,31.055828997297567,16829.694355891537,28459.872893447318,-5.1687462515908437e-07,1.4611665289722616e-16,9.9855938163372746e-15
1024,0.00031139778242652568,8.9471424212365438,772.1716089381033,686.3597728024198,10.631983684356371,31.060523928408006,16851.252642280539,28484.133803227029,-5.1770852812830723e-07,1.4611665289722616e-16,9.9855938163372746e-15
1025,0.00031133585267990784,8.9480200126465217,772.01739449335253,686.63491635050354,10.627968814121674,31.065226466573787,16872.819596142333,28508.389867201102,-5.1854650178885407e-07,1.4611665289722616e-16,9.9855938163372746e-15
1026,0.00031127396658454291,8.9489524651706756,771.86324807573726,686.9086883707331,10.623974048360337,31.069936553771761,16894.395172000099,28532.641087445103,-5.1938144623561046e-07,1.4611665289722616e-16,9.9855938163372746e-15
1027,0.00031121212393890737,8.9499350595622413,771.70917269017957,687.1812068442772,10.6199993223715,31.074654138384762,16915.979328704634,28556.887466145654,-5.2021766689345018e-07,1.4611665289722616e-16,9.9855938163372746e-15
1028,0.00031115032457214499,8.9509641513107034,771.55517062231138,687.45256288389908,10.6160445761908,31.079379173611276,16937.572028361461,28581.129005571696,-5.2105400544124518e-07,1.4611665289722616e-16,9.9855938163372746e-15
1029,0.00031108856833409496,8.9520368180852525,771.40124367447106,687.72282954786851,10.612109753583344,31.084111616436633,16959.173235637889,28605.365708055921,-5.2188908382215181e-07,1.4611665289722616e-16,9.9855938163372746e-15
1030,0.0003110268550893787,8.953150650544579,771.24739330577393,687.99206706971881,10.608194801348654,31.088851426923611,16980.782917284447,28629.597575981963,-5.2272263451665636e-07,1.4611665289722616e-16,9.9855938163372746e-15
1031,0.00031096518471362858,8.954303619220104,771.09362072124316,688.26032618616398,10.604299668816013,31.093598567698471,17002.401041787878,28653.82461177513,-5.2355738015490839e-07,1.4611665289722616e-16,9.9855938163372746e-15
1032,0.00031090355709095417,8.9554939852019313,770.93992693161817,688.52765036995174,10.600424307465325,31.098353003563151,17024.027579110003,28678.046817895371,-5.2438972369812572e-07,1.4611665289722616e-16,9.9855938163372746e-15
1033,0.00031084197211216411,8.9567202376688329,770.78631279517981,688.7940773916124,10.596568670633044,31.10311470119527,17045.662500485432,28702.264196831966,-5.2522339960710931e-07,1.4611665289722616e-16,9.9855938163372746e-15
1034,0.00031078042967350324,8.9579810487002387,770.63277904807069,689.0596404491605,10.592732713279174,31.107883628909779,17067.305778261052,28726.476751099126,-5.2605754184411117e-07,1.4611665289722616e-16,9.9855938163372746e-15
1035,0.00031071892967568613,8.9592752396717312,770.4793263267801,689.32436900820665,10.588916391797991,31.112659756467878,17088.957385766196,28750.684483232595,-5.2689025475260253e-07,1.4611665289722616e-16,9.9855938163372746e-15
1036,0.00031065747202314073,8.9606017556764286,770.32595518521043,689.5882894414226,10.585119663863752,31.117443054916329,17110.617297205867,28774.887395786765,-5.2772263770873385e-07,1.4611665289722616e-16,9.9855938163372746e-15
1037,0.00031059605662349789,8.9619596456636472,770.17266610812374,689.85142552507546,10.581342488300487,31.122233496458701,17132.285487571658,28799.085491332306,-5.2855171800218449e-07,1.4611665289722616e-16,9.9855938163372746e-15
1038,0.00031053468338709019,8.9633480467525786,770.01945952151971,690.11379883118536,10.577584824973208,31.127031054340279,17153.961932566599,28823.278772454203,-5.2938520661262979e-07,1.4611665289722616e-16,9.9855938163372746e-15
1039,0.00031047335222663487,8.9647661716572866,769.86633580116666,690.37542904190104,10.573846634694524,31.131835702755648,17175.646608541014,28847.467241749971,-5.3021919294190972e-07,1.4611665289722616e-16,9.9855938163372746e-15
1040,0.00031041206305691368,8.966213298471418,769.71329527938053,690.63633420488134,10.570127879144499,31.136647416765971,17197.339492437291,28871.65090182826,-5.3104888954172402e-07,1.4611665289722616e-16,9.9855938163372746e-15
1041,0.00031035081579453515,8.9676887622738928,769.56033825065617,690.89653094315258,10.566428520800702,31.141466172227211,17219.040561741927,28895.829755307554,-5.3188240535754358e-07,1.4611665289722616e-16,9.9855938163372746e-15
1042,0.00031028961035774926,8.9691919481596543,769.40746497637576,691.15603462934189,10.562748522877772,31.146291945729395,17240.749794443607,28920.003804815045,-5.327123907528694e-07,1.4611665289722616e-16,9.9855938163372746e-15
1043,0.00031022844666626415,8.9707222853976116,769.25467568868623,691.41485953172628,10.559087849272904,31.15112471454119,17262.467168996256,28944.17305298568,-5.3354533699976324e-07,1.4611665289722616e-16,9.9855938163372746e-15
1044,0.00031016732464111312,8.972279242493995,769.10197059383154,691.67301893765011,10.555446464519337,31.155964456560405,17284.192664286355,28968.337502461272,-5.3437361857132789e-07,1.4611665289722616e-16,9.9855938163372746e-15
1045,0.00031010624420452774,8.9738623229872019,768.94934987495697,691.93052525865323,10.551824333743271,31.160811150272842,17305.926259603806,28992.497155889767,-5.3520339190424906e-07,1.4611665289722616e-16,9.9855938163372746e-15
1046,0.00031004520527982971,8.9754710618422191,768.7968136945168,692.18739012061098,10.548221422626172,31.165664774712475,17327.667934615889,29016.652015924494,-5.3603265217171423e-07,1.4611665289722616e-16,9.9855938163372746e-15
1047,0.00030998420779134708,8.9771050223384616,768.64436219637582,692.44362444153842,10.544637697370929,31.170525309426637,17349.417669343806,29040.802085223611,-5.3686223995003133e-07,1.4611665289722616e-16,9.9855938163372746e-15
1048,0.0003099232516643379,8.9787637933676603,768.49199550762603,692.69923849914164,10.541073124670643,31.175392734445282,17371.175444141525,29064.947366449542,-5.3769403206123911e-07,1.4611665289722616e-16,9.9855938163372746e-15
1049,0.00030986233682491393,8.9804469870755916,768.33971374014777,692.95424198977685,10.537527671681396,31.180267030252345,17392.94123967666,29089.087862268439,-5.3852577917894337e-07,1.4611665289722616e-16,9.9855938163372746e-15
1050,0.00030980146319997952,8.9821542367935336,768.18751699199458,693.20864408016155,10.534001305996282,31.185148177759157,17414.715036912959,29113.223575349759,-5.3935463066822052e-07,1.4611665289722616e-16,9.9855938163372746e-15
1051,0.00030974063071718418,8.9838851952145564,768.03540534862998,693.4624534529695,10.53049399562258,31.190036158282766,17436.496817094467,29137.354508365846,-5.4018184390566417e-07,1.4611665289722616e-16,9.9855938163372746e-15
1052,0.00030967983930486502,8.9856395327806027,767.88337888398269,693.71567834715165,10.527005708960573,31.194930953522409,17458.286561730918,29161.480663991511,-5.4101227818966577e-07,1.4611665289722616e-16,9.9855938163372746e-15
1053,0.00030961908889202001,8.9874169362479304,767.73143766144653,693.96832659380175,10.523536414784278,31.199832545540897,17480.084252584405,29185.602044903779,-5.4183926262293594e-07,1.4611665289722616e-16,9.9855938163372746e-15
1054,0.00030955837940825322,8.9892171074080611,767.57958173469444,694.22040564813199,10.520086082222925,31.204740916745941,17501.889871657037,29209.718653781452,-5.4266765022570291e-07,1.4611665289722616e-16,9.9855938163372746e-15
1055,0.00030949771078375314,8.9910397619427584,767.42781114847605,694.47192261809766,10.516654680745244,31.209656049873242,17523.703401179624,29233.830493304915,-5.4349430889205536e-07,1.4611665289722616e-16,9.9855938163372746e-15
1056,0.00030943708294925399,8.9928846283958901,767.27612593928654,694.72288429010268,10.513242180143509,31.214577927971519,17545.524823601165,29257.937566155801,-5.44321387497775e-07,1.4611665289722616e-16,9.9855938163372746e-15
1057,0.00030937649583600961,8.9947514472467844,767.1245261359901,694.9732971521637,10.509848550519962,31.219506534387339,17567.354121579119,29282.039875016784,-5.4515118629213631e-07,1.4611665289722616e-16,9.9855938163372746e-15
1058,0.00030931594937576475,8.9966399700729127,766.97301176037206,695.22316741484383,10.50647376227327,31.224441852752918,17589.191277970356,29306.137422571333,-5.4597780938223009e-07,1.4611665289722616e-16,9.9855938163372746e-15
1059,0.00030925544350074576,8.9985499587918785,766.82158282767875,695.47250103020315,10.503117786086495,31.229383866971855,17611.036275822749,29330.230211503487,-5.4680332298135467e-07,1.4611665289722616e-16,9.9855938163372746e-15
1060,0.00030919497814361997,9.0004811849721538,766.67023934703036,695.72130370902948,10.499780592915412,31.234332561209474,17632.889098367337,29354.318244497681,-5.4763023033273098e-07,1.4611665289722616e-16,9.9855938163372746e-15
1061,0.00030913455323749187,9.002433429205551,766.51898132187853,695.9695809365279,10.496462153978104,31.23928791988055,17654.749729010971,29378.401524238539,-5.4845607144270761e-07,1.4611665289722616e-16,9.9855938163372746e-15
1062,0.00030907416871588355,9.0044064805346515,766.36780875038301,696.21733798663365,10.493162440745019,31.244249927639935,17676.618151329487,29402.480053410705,-5.4927983448063295e-07,1.4611665289722616e-16,9.9855938163372746e-15
1063,0.00030901382451269929,9.0064001359286987,766.2167216257144,696.46457993511581,10.489881424929239,31.249218569372797,17698.494349061253,29426.553834698687,-5.5010483222400674e-07,1.4611665289722616e-16,9.9855938163372746e-15
1064,0.00030895352056224001,9.0084141998031981,766.06571993644855,696.71131167158671,10.486619078478091,31.254193830186122,17720.378306101145,29450.622870786719,-5.5093150763212802e-07,1.4611665289722616e-16,9.9855938163372746e-15
1065,0.00030889325679917559,9.0104484835786458,765.91480366682447,696.95753791053392,10.483375373564813,31.259175695398859,17742.270006494873,29474.687164358587,-5.5175720922736466e-07,1.4611665289722616e-16,9.9855938163372746e-15
1066,0.00030883303315852346,9.01250280527392,765.76397279699654,697.20326320148536,10.480150282580476,31.264164150536384,17764.169434433643,29498.746718097529,-5.5258550475040316e-07,1.4611665289722616e-16,9.9855938163372746e-15
1067,0.00030877284957564846,9.0145769891326797,765.61322730331028,697.44849193834978,10.476943778127049,31.269159181320816,17786.076574249117,29522.801534686096,-5.5340895074108218e-07,1.4611665289722616e-16,9.9855938163372746e-15
1068,0.0003087127059862458,9.0166708652759429,765.4625671585203,697.69322836810147,10.473755833010342,31.274160773665312,17807.991410408667,29546.851616806038,-5.5423225547308699e-07,1.4611665289722616e-16,9.9855938163372746e-15
1069,0.00030865260232633917,9.0187842693832998,765.31199233202267,697.93747659875089,10.470586420233262,31.279168913667306,17829.91392751089,29570.8969671382,-5.550532303089351e-07,1.4611665289722616e-16,9.9855938163372746e-15
1070,0.00030859253853226311,9.0209170423950873,765.16150279003284,698.1812406067894,10.46743551298999,31.284183587601781,17851.844110281334,29594.937588362416,-5.5587654410939799e-07,1.4611665289722616e-16,9.9855938163372746e-15
1071,0.00030853251454065307,9.0230690302376146,765.01109849576699,698.42452424405974,10.464303084659763,31.289204781915348,17873.781943568538,29618.973483157399,-5.5669976443498508e-07,1.4611665289722616e-16,9.9855938163372746e-15
1072,0.00030847253028844072,9.0252400835670699,764.86077940961991,698.66733124415657,10.461189108801515,31.294232483221531,17895.72741234014,29643.004654200668,-5.5752407088282255e-07,1.4611665289722616e-16,9.9855938163372746e-15
1073,0.00030841258571284567,9.027430057530573,764.71054548932364,698.90966522840245,10.458093559148667,31.29926667829378,17917.680501679315,29667.031104168458,-5.5834915163746652e-07,1.4611665289722616e-16,9.9855938163372746e-15
1074,0.00030835268075137667,9.0296388115448512,764.56039669011489,699.15152971137877,10.455016409604054,31.304307354061919,17939.641196781304,29691.052835735649,-5.5917308558094831e-07,1.4611665289722616e-16,9.9855938163372746e-15
1075,0.00030829281534180394,9.0318662090881112,764.41033296482249,699.3929281061304,10.451957634234857,31.309354497607025,17961.609482950156,29715.069851575659,-5.5999627939873492e-07,1.4611665289722616e-16,9.9855938163372746e-15
1076,0.00030823298942217101,9.0341121175063517,764.26035426404042,699.63386372900777,10.448917207268572,31.314408096155784,17983.585345595609,29739.082154360385,-5.608188865570401e-07,1.4611665289722616e-16,9.9855938163372746e-15
1077,0.00030817320293077648,9.0363764078325879,764.11046053621783,699.87433980418541,10.445895103088271,31.319468137077084,18005.568770230137,29763.089746760157,-5.6164132943673902e-07,1.4611665289722616e-16,9.9855938163372746e-15
1078,0.00030811345580617936,9.0386589546158547,763.96065172780038,700.11435946793699,10.442891296228797,31.324534607878491,18027.559742466106,29787.092631443644,-5.6246552636550563e-07,1.4611665289722616e-16,9.9855938163372746e-15
1079,0.00030805374798718545,9.0409596357628423,763.81092778331379,700.35392577259552,10.439905761372605,31.329607496200133,18049.558248013094,29811.090811077796,-5.632882465307501e-07,1.4611665289722616e-16,9.9855938163372746e-15
1080,0.00030799407941284736,9.0432783323877555,763.66128864547659,700.59304169030611,10.436938473345942,31.334686789813027,18071.564272675289,29835.084288327798,-5.641088561867665e-07,1.4611665289722616e-16,9.9855938163372746e-15
1081,0.00030793530426165326,9.0454855033362858,763.51394676429436,700.68452908325935,10.433985888970218,31.33976900913559,18093.575480462001,29859.073100379912,-5.6492702049817889e-07,1.4611665289722616e-16,9.9855938163372746e-15
1082,0.00030787656170352951,9.0476048775553792,763.36675037354837,700.77821139444882,10.431044561984548,31.344850772305165,18115.589601827978,29883.057285951563,-5.6575075772587742e-07,1.4611665289722616e-16,9.9855938163372746e-15
1083,0.0003078178539641469,9.0496742573443694,763.21967737667535,700.87314356639081,10.428114561404325,31.349932161972479,18137.606687134565,29907.036849178428,-5.665742284804228e-07,1.4611665289722616e-16,9.9855938163372746e-15
1084,0.00030775918181063258,9.051707026299523,763.07271989249477,700.96899100917847,10.425195931569865,31.355013235868988,18159.626769819875,29931.011793799997,-5.6739898835116492e-07,1.4611665289722616e-16,9.9855938163372746e-15
1085,0.00030770054566191328,9.0537108715982892,762.92587333804818,701.06556154337602,10.422288705265805,31.360094040047283,18181.649875394294,29954.982123368005,-5.6821991470564096e-07,1.4611665289722616e-16,9.9855938163372746e-15
1086,0.00030764194578159734,9.0556909450033807,762.77913459815602,701.16272637491556,10.419392908088541,31.365174613291913,18203.676024435426,29978.947841315792,-5.6904094116194279e-07,1.4611665289722616e-16,9.9855938163372746e-15
1087,0.00030758338234762264,9.0576510012695994,762.63250136647468,701.26039163492669,10.416508560608483,31.370254989298175,18225.705234070243,30002.908950992623,-5.6985958086983153e-07,1.4611665289722616e-16,9.9855938163372746e-15
1088,0.00030752485548470417,9.059593927472541,762.48597183918491,701.35848514651991,10.413635679633108,31.375335197950079,18247.737518841503,30026.865455683765,-5.7068064325117891e-07,1.4611665289722616e-16,9.9855938163372746e-15
1089,0.00030746636528181592,9.0615220279572757,762.339544550092,701.45694930106811,10.410774279022952,31.38041526614278,18269.772891267025,30050.817358623426,-5.7150458312403723e-07,1.4611665289722616e-16,9.9855938163372746e-15
1090,0.00030740791180257918,9.0634371933981956,762.19321827280828,701.55573683171178,10.40792437025452,31.38549521834922,18291.811362225762,30074.764663003738,-5.7232076807007701e-07,1.4611665289722616e-16,9.9855938163372746e-15
1091,0.00030734949509185884,9.0653410083670423,762.04699195846536,701.65480812415717,10.405085962828363,31.390575077034622,18313.852941237525,30098.707371981189,-5.731407118919971e-07,1.4611665289722616e-16,9.9855938163372746e-15
1092,0.0003072911151801946,9.0672348234946831,761.90086469393441,701.75412941263289,10.402259064575567,31.395654862963799,18335.8976366733,30122.645488681574,-5.7395684242728838e-07,1.4611665289722616e-16,9.9855938163372746e-15
1093,0.00030723277208692434,9.0691198059353937,761.75483567266178,701.85367151828189,10.399443681895475,31.400734595441808,18357.945455918089,30146.579016203705,-5.7477728675833797e-07,1.4611665289722616e-16,9.9855938163372746e-15
1094,0.00030717446582241304,9.0709969758626698,761.60890417349935,701.95340893676655,10.396639819943678,31.40581429250409,18379.996405499933,30170.507957622478,-5.7559416544142196e-07,1.4611665289722616e-16,9.9855938163372746e-15
1095,0.00030711619638973029,9.0728672336028229,761.46306954501097,702.05331915992952,10.393847482784146,31.410893971069051,18402.050491194215,30194.432315991235,-5.7641167926535955e-07,1.4611665289722616e-16,9.9855938163372746e-15
1096,0.00030705796378591459,9.0747313802830583,761.3173311934986,702.15338215959036,10.391066673514331,31.415973647064533,18424.107718109321,30218.352094343798,-5.7722833507364659e-07,1.4611665289722616e-16,9.9855938163372746e-15
1097,0.0003069997680029707,9.0765901338586232,761.17168857374361,702.25357998686775,10.388297394368893,31.421053335533941,18446.168090758005,30242.267295696111,-5.7804702361169428e-07,1.4611665289722616e-16,9.9855938163372746e-15
1098,0.00030694160902863577,9.0784441417665551,761.02614118164479,702.35389645583609,10.385539646807786,31.426133050723212,18468.231613117558,30266.177923047668,-5.7886218696105102e-07,1.4611665289722616e-16,9.9855938163372746e-15
1099,0.00030688348684702383,9.0802939910658509,760.88068854839071,702.45431689002032,10.382793431590684,31.431212806156847,18490.298288681082,30290.083979382678,-5.7967755748979653e-07,1.4611665289722616e-16,9.9855938163372746e-15
1100,0.00030682540143911171,9.0821402166715881,760.73533023563584,702.55482791654367,10.380058748841554,31.436292614702712,18512.368120501542,30313.985467671129,-5.8049533360144517e-07,1.4611665289722616e-16,9.9855938163372746e-15
1101,0.00030676735278317859,9.0839833081166947,760.59006583163796,702.65541729708264,10.377335598104173,31.441372488628861,18534.441111230019,30337.882390869636,-5.8131106442700652e-07,1.4611665289722616e-16,9.9855938163372746e-15
1102,0.00030670934085513433,9.0858237151649011,760.44489494795948,702.75607378754421,10.374623978390895,31.446452439652109,18556.517263149042,30361.774751922298,-5.8212795531763035e-07,1.4611665289722616e-16,9.9855938163372746e-15
1103,0.00030665136562882199,9.0876618525116086,760.29981721677484,702.85678702054315,10.371923888225364,31.451532478981086,18578.596578201967,30385.662553761311,-5.8294425292182254e-07,1.4611665289722616e-16,9.9855938163372746e-15
1104,0.00030659342707625118,9.0894981037553233,760.15483228853725,702.95754740611687,10.369235325680275,31.456612617354942,18600.679058018886,30409.545799307591,-5.8376110230681128e-07,1.4611665289722616e-16,9.9855938163372746e-15
1105,0.00030653552516781736,9.0913328247767993,760.00993983004787,703.05834604724657,10.36655828841106,31.461692865076618,18622.764703939691,30433.424491471374,-5.8457848149902476e-07,1.4611665289722616e-16,9.9855938163372746e-15
1106,0.00030647765987247837,9.093166346636627,759.86513952276755,703.15917466741757,10.363892773686107,31.466773232043522,18644.853517034691,30457.298633152637,-5.8539270382146075e-07,1.4611665289722616e-16,9.9855938163372746e-15
1107,0.00030641983115790752,9.0949989780729474,759.72043106136641,703.26002554817637,10.361238778413478,31.471853727775343,18666.945498123114,30481.168227241571,-5.8620736282503266e-07,1.4611665289722616e-16,9.9855938163372746e-15
1108,0.00030636203899063496,9.0968310076686105,759.57581415248467,703.36089147495125,10.358596299165118,31.47693436143771,18689.040647789727,30505.033276618957,-5.8702121717734217e-07,1.4611665289722616e-16,9.9855938163372746e-15
1109,0.00030630428333614364,9.0986627057423473,759.43128851358438,703.46176568977444,10.355965332199116,31.482015141863911,18711.138966399936,30528.893784156531,-5.8783594837979196e-07,1.4611665289722616e-16,9.9855938163372746e-15
1110,0.00030624656415899641,9.100494326004922,759.28685387204894,703.56264184987685,10.353345873479306,31.487096077576734,18733.240454113471,30552.749752717325,-5.8865309737268463e-07,1.4611665289722616e-16,9.9855938163372746e-15
1111,0.00030618888142291978,9.1023261070186852,759.14250996432042,703.66351399119958,10.350737918693724,31.492177176805704,18755.345110896829,30576.601185155945,-5.8946827432472854e-07,1.4611665289722616e-16,9.9855938163372746e-15
1112,0.00030613123509086844,9.1041582734873234,758.99825653511357,703.76437649615036,10.348141463271183,31.497258447503626,18777.452936534657,30600.44808431885,-5.9028096930954923e-07,1.4611665289722616e-16,9.9855938163372746e-15
1113,0.00030607362512512264,9.1059910374020259,758.85409333681571,703.86522406494919,10.3455565023961,31.502339897362468,18799.563930640183,30624.290453044585,-5.9109485470388831e-07,1.4611665289722616e-16,9.9855938163372746e-15
1114,0.00030601605148732785,9.1078245990618782,758.71002012883571,703.96605169011968,10.342983031022989,31.507421533827173,18821.678092664799,30648.128294164042,-5.9190778616619313e-07,1.4611665289722616e-16,9.9855938163372746e-15
1115,0.00030595851413856473,9.109659147987383,758.56603667710851,704.06685463364863,10.340421043888668,31.512503364108962,18843.795421906863,30671.961610500675,-5.9272182363159872e-07,1.4611665289722616e-16,9.9855938163372746e-15
1116,0.00030590101303939007,9.1114948637394573,758.42214275359368,704.16762840651347,10.337870535524901,31.517585395196953,18865.915917519851,30695.790404870659,-5.9353373593872849e-07,1.4611665289722616e-16,9.9855938163372746e-15
1117,0.000305843548149896,9.1133319166566871,758.27833813588143,704.26836875024946,10.335331500268602,31.52266763386929,18888.039578519867,30719.614680083076,-5.943469830531324e-07,1.4611665289722616e-16,9.9855938163372746e-15
1118,0.00030578611942974762,9.1151704685206223,758.13462260679819,704.36907162031764,10.33280393227235,31.527750086703712,18910.166403792657,30743.434438940138,-5.9515810187017885e-07,1.4611665289722616e-16,9.9855938163372746e-15
1119,0.0003057287268382014,9.1170106731585374,757.99099595400799,704.46973317103652,10.330287825514034,31.532832760086816,18932.296392100034,30767.249684237315,-5.9596938636097898e-07,1.4611665289722616e-16,9.9855938163372746e-15
1120,0.00030567137033416891,9.1188526769897322,757.84745796977052,704.57034974192345,10.327783173805242,31.537915660222961,18954.42954208596,30791.060418763449,-5.9678352427699724e-07,1.4611665289722616e-16,9.9855938163372746e-15
1121,0.00030561404987622658,9.1206966195227128,757.70400845059919,704.67091784526554,10.325289970799593,31.542998793142548,18976.565852282132,30814.866645300946,-5.9759665315265909e-07,1.4611665289722616e-16,9.9855938163372746e-15
1122,0.00030555676542265404,9.1225426338087576,757.5606471970234,704.7714341547811,10.322808210000513,31.548082164709996,18998.705321113255,30838.668366625865,-5.9840891947844139e-07,1.4611665289722616e-16,9.9855938163372746e-15
1123,0.00030549951693145384,9.1243908468561727,757.41737401333319,704.87189549526227,10.320337884768152,31.553165780630831,19020.847946901915,30862.465585508075,-5.9922270930518366e-07,1.4611665289722616e-16,9.9855938163372746e-15
1124,0.00030544230436037605,9.1262413800093167,757.27418870736051,704.97229883310035,10.317878988326168,31.55824964645786,19042.993727873207,30886.258304711333,-6.000375789760129e-07,1.4611665289722616e-16,9.9855938163372746e-15
1125,0.00030538512766693852,9.1280943492972586,757.13109109027471,705.07264126756843,10.315431513768138,31.563333767598724,19065.142662159029,30910.046526993439,-6.0084890880910344e-07,1.4611665289722616e-16,9.9855938163372746e-15
1126,0.00030532798680845823,9.1299498657532752,756.98808097642416,705.17292002283477,10.312995454063122,31.568418149320873,19087.294747802127,30933.830255106292,-6.0166023794462032e-07,1.4611665289722616e-16,9.9855938163372746e-15
1127,0.00030527088174205162,9.1318080357099145,756.84515818312093,705.2731324405853,10.310570802061648,31.573502796757428,19109.449982759917,30957.609491796007,-6.024736489888437e-07,1.4611665289722616e-16,9.9855938163372746e-15
1128,0.0003052138124246758,9.1336689610708035,756.70232253054269,705.37327597322985,10.308157550500518,31.57858771491269,19131.608364908039,30981.384239803006,-6.0328612807460431e-07,1.4611665289722616e-16,9.9855938163372746e-15
1129,0.00030515677881310949,9.1355327395617909,756.55957384150065,705.4733481776218,10.305755692007953,31.583672908666564,19153.769892043776,31005.154501862115,-6.0409884747450448e-07,1.4611665289722616e-16,9.9855938163372746e-15
1130,0.00030509978086399616,9.137399464963611,756.41691194137559,705.57334670924297,10.303365219108104,31.588758382780497,19175.934561889208,31028.920280702612,-6.0490694963408699e-07,1.4611665289722616e-16,9.9855938163372746e-15
1131,0.00030504281853384801,9.139269227327901,756.27433665796877,705.67326931680248,10.300986124225545,31.593844141900036,19198.102372094236,31052.681579048356,-6.0572057308950191e-07,1.4611665289722616e-16,9.9855938163372746e-15
1132,0.00030498589177905373,9.1411421131766506,756.13184782137444,705.77311383725055,10.298618399689289,31.598930190561095,19220.273320239434,31076.438399617815,-6.0653288545514839e-07,1.4611665289722616e-16,9.9855938163372746e-15
1133,0.00030492900055590743,9.1430182056886231,755.98944526391438,705.87287819111771,10.296262037736899,31.60401653319175,19242.447403838756,31100.190745124153,-6.0734387103561816e-07,1.4611665289722616e-16,9.9855938163372746e-15
1134,0.00030487214482059505,9.1448975848728864,755.84712881997632,705.97256037817772,10.293917030518074,31.609103174118282,19264.624620342067,31123.938618275286,-6.0815527027729191e-07,1.4611665289722616e-16,9.9855938163372746e-15
1135,0.00030481532452921156,9.1467803277299087,755.70489832593842,706.07215847341888,10.291583370098069,31.614190117567009,19286.804967137607,31147.682021773999,-6.089644519321745e-07,1.4611665289722616e-16,9.9855938163372746e-15
1136,0.00030475853963779259,9.1486665084022416,755.56275362013628,706.17167062327724,10.289261048461311,31.619277367668229,19308.988441554247,31171.420958317922,-6.0977522091601062e-07,1.4611665289722616e-16,9.9855938163372746e-15
1137,0.00030470179010228448,9.1505561983156873,755.42069454268494,706.27109504210773,10.28695005751433,31.624364928459972,19331.175040863724,31195.155430599669,-6.1058531325335815e-07,1.4611665289722616e-16,9.9855938163372746e-15
1138,0.00030464507587858904,9.1524494663106548,755.27872093549354,706.37043000890003,10.284650389088966,31.629452803890004,19353.364762282687,31218.885441306855,-6.1139170914767138e-07,1.4611665289722616e-16,9.9855938163372746e-15
1139,0.0003045883969225409,9.1543463787658741,755.13683264211727,706.46967386418635,10.282362034945201,31.634540997820285,19375.557602974684,31242.610993122118,-6.1219996302953362e-07,1.4611665289722616e-16,9.9855938163372746e-15
1140,0.00030453175318993997,9.1562469997140727,754.99502950775343,706.56882500714812,10.280084986773723,31.639629514027778,19397.753560052082,31266.332088723262,-6.1300886286464166e-07,1.4611665289722616e-16,9.9855938163372746e-15
1141,0.00030447416838980015,9.158192688888148,754.85086127217176,706.71309944446284,10.277820358823734,31.644719422386544,19419.953344035017,31290.048692320106,-6.1381507738979303e-07,1.4611665289722616e-16,9.9855938163372746e-15
1142,0.00030441662620920521,9.160175883913114,754.70677217039031,706.8564362355055,10.275569233900358,31.649811762683147,19442.157644229184,31313.760767969099,-6.1462176661384698e-07,1.4611665289722616e-16,9.9855938163372746e-15
1143,0.00030435912398381581,9.1621845416160337,754.56276429887646,706.99913645959907,10.273331573095685,31.65490650939828,19464.366437103479,31337.468318199062,-6.154275908465135e-07,1.4611665289722616e-16,9.9855938163372746e-15
1144,0.0003043016607212649,9.1642144117675493,754.4188382724567,707.14130637247786,10.271107345489829,31.66000364463692,19486.579704511038,31361.171345572882,-6.1623525004679676e-07,1.4611665289722616e-16,9.9855938163372746e-15
1145,0.00030424423582850192,9.1662630612751439,754.27499438336122,707.28300680145469,10.268896523896107,31.665103154058155,19508.797430818835,31384.869852666914,-6.1704358275448697e-07,1.4611665289722616e-16,9.9855938163372746e-15
1146,0.00030418684889075789,9.168328865296667,754.13123278180126,707.42427836758338,10.266699083444887,31.670205025520119,19531.019601952612,31408.563842064192,-6.1785052624415443e-07,1.4611665289722616e-16,9.9855938163372746e-15
1147,0.00030412949959167222,9.1704106439286441,753.98755354036712,707.56515056845035,10.264515000883678,31.67530924841088,19553.246204924519,31432.253316351147,-6.1865785618965154e-07,1.4611665289722616e-16,9.9855938163372746e-15
1148,0.00030407218767613398,9.1725074932972746,753.84395668393199,707.70564600090142,10.262344254168003,31.680415813257138,19575.477227557367,31455.938278115689,-6.1946521857232565e-07,1.5677082302873644e-16,9.9855938163372746e-15
1149,0.00030401491293023918,9.1746186946501052,753.70044220565057,707.84578263374715,10.260186822197799,31.685524711472691,19597.71265830678,31479.618729945993,-6.2027360115653536e-07,1.5677082302873644e-16,9.9855938163372746e-15
1150,0.00030395767516937965,9.1767436604322281,753.55701007640027,707.98557515586094,10.25804268463575,31.690635935183888,19619.952486138649,31503.294674429606,-6.2108283338551122e-07,1.5677082302873644e-16,9.9855938163372746e-15
1151,0.00030390047423069038,9.1788818999897526,753.41366025084847,708.12503583358932,10.255911821775879,31.695749477104847,19642.196700440509,31526.966114152947,-6.218868505535089e-07,1.5677082302873644e-16,9.9855938163372746e-15
1152,0.00030384330996795233,9.1810329965704351,753.27039267144301,708.26417508573911,10.253794214444692,31.700865330442642,19664.445290954984,31550.633051700781,-6.2269458927719391e-07,1.5677082302873644e-16,9.9855938163372746e-15
1153,0.00030378618224803297,9.1831965912486613,753.12720727121166,708.40300188545007,10.251689843925142,31.70598348882465,19686.698247728469,31574.29548965592,-6.2350054570007645e-07,1.5677082302873644e-16,9.9855938163372746e-15
1154,0.0003037290909483267,9.1853723713072384,752.98410397581927,708.54152405065224,10.249598691896384,31.711103946241035,19708.955561070452,31597.953430598947,-6.2430552621735324e-07,1.5677082302873644e-16,9.9855938163372746e-15
1155,0.00030367203595483129,9.1875600616053834,752.84108270504248,708.67974845986532,10.247520740385136,31.71622669699866,19731.21722152079,31621.606877107999,-6.2511380695580294e-07,1.5677082302873644e-16,9.9855938163372746e-15
1156,0.0003036150171606817,9.1897594180154858,752.698143373883,708.81768121627965,10.245455971725857,31.721351735682507,19753.483219822901,31645.255831758655,-6.2591991265945711e-07,1.5677082302873644e-16,9.9855938163372746e-15
1157,0.00030355803446503905,9.1919702223332571,752.55528589349638,708.95532777500182,10.243404368527743,31.726479057124742,19775.753546901455,31668.900297123717,-6.2672509407795948e-07,1.5677082302873644e-16,9.9855938163372746e-15
1158,0.00030350108777218001,9.1941922782634471,752.41251017183924,709.09269304341376,10.241365913646924,31.731608656377635,19798.028193843678,31692.540275773179,-6.2753213522794485e-07,1.5677082302873644e-16,9.9855938163372746e-15
1159,0.0003034441769907898,9.1964254082069239,752.26981611424253,709.22978146149353,10.239340590162799,31.736740528692419,19820.307151883426,31716.17577027408,-6.2833712934790882e-07,1.5677082302873644e-16,9.9855938163372746e-15
1160,0.000303387302033368,9.1986694506539752,752.12720362382424,709.3665970669839,10.237328381357917,31.741874669497488,19842.590412387577,31739.806783190466,-6.2914056962245691e-07,1.5677082302873644e-16,9.9855938163372746e-15
1161,0.00030333046281576107,9.2009242580475785,751.98467260187942,709.5031435488105,10.235329270700442,31.74701107438414,19864.877966844266,31763.433317083283,-6.2994904324003444e-07,1.5677082302873644e-16,9.9855938163372746e-15
1162,0.00030327365925676437,9.2031896950117069,751.84222294817437,709.63942429137376,10.233343241828891,31.752149739091642,19887.169806852602,31787.055374510386,-6.3075254490106811e-07,1.5677082302873644e-16,9.9855938163372746e-15
1163,0.00030321689127777883,9.2054656368702332,751.69985456116945,709.7754424115775,10.231370278538888,31.757290659493222,19909.465924113756,31810.672958026418,-6.3155762656653136e-07,1.5677082302873644e-16,9.9855938163372746e-15
1164,0.00030316015880254242,9.2077519683971669,751.55756733825808,709.91120079007078,10.22941036477118,31.762433831586474,19931.766310423023,31834.286070182854,-6.3236246373241284e-07,1.5677082302873644e-16,9.9855938163372746e-15
1165,0.00030310346175688651,9.2100485827555243,751.41536117593137,710.04670209777828,10.227463484601911,31.767579251482815,19954.070957662847,31857.894713527901,-6.3316921992354202e-07,1.5677082302873644e-16,9.9855938163372746e-15
1166,0.00030304680006851975,9.2123553805895568,751.27323596990038,710.18194881859438,10.225529622232473,31.77272691539816,19976.379857796572,31881.498890606537,-6.339761892234364e-07,1.5677082302873644e-16,9.9855938163372746e-15
1167,0.00030299017366686382,9.2146722692423193,751.13119161525572,710.31694326894194,10.223608761981872,31.7778768196467,19998.693002862925,31905.098603960418,-6.3478308806838711e-07,1.5677082302873644e-16,9.9855938163372746e-15
1168,0.00030293358248289083,9.2169991620798921,750.98922800655339,710.45168761466937,10.221700888279038,31.783028960632276,20021.010384970981,31928.69385612792,-6.3558828308957655e-07,1.5677082302873644e-16,9.9855938163372746e-15
1169,0.0003028770264489954,9.2193359779017907,750.84734503792652,710.58618388578839,10.219805985656324,31.78818333484249,20043.331996295681,31952.284649644083,-6.3639250639060245e-07,1.5677082302873644e-16,9.9855938163372746e-15
1170,0.00030282050549887196,9.2216826404264367,750.70554260315282,710.72043398933897,10.217924038743147,31.793339938843413,20065.657829073796,31975.870987040616,-6.3719474753596086e-07,1.5677082302873644e-16,9.9855938163372746e-15
1171,0.00030276401956740734,9.2240390778381176,750.56382059571706,710.85443972071357,10.216055032260941,31.798498769274094,20087.987875600222,31999.452870845915,-6.3799616066133793e-07,1.5677082302873644e-16,9.9855938163372746e-15
1172,0.00030270756859060617,9.2264052223881254,750.42217890891607,710.98820277363006,10.214198951017721,31.80365982284129,20110.322128224638,32023.030303584983,-6.3880150740480699e-07,1.5677082302873644e-16,9.9855938163372746e-15
1173,0.00030265115250547925,9.2287810100411178,750.28061743583726,711.12172474897193,10.21235577990381,31.808823096316754,20132.660579348445,32046.603287779501,-6.3960538157019624e-07,1.5677082302873644e-16,9.9855938163372746e-15
1174,0.00030259477125000131,9.2311663801608379,750.13913606948233,711.2550071626456,10.210525503887705,31.813988586531572,20155.00322142199,32070.171825947764,-6.4040895647646834e-07,1.5677082302873644e-16,9.9855938163372746e-15
1175,0.00030253842476302221,9.2335612752296861,749.99773470275113,711.38805145259107,10.20870810801201,31.819156290373741,20177.350046942007,32093.735920604726,-6.4121365587154426e-07,1.5677082302873644e-16,9.9855938163372746e-15
1176,0.00030248211298422199,9.2359656405978221,749.85641322851075,711.52085898505436,10.206903577390255,31.824326204784121,20199.701048449246,32117.295574261956,-6.4201711742209017e-07,1.5677082302873644e-16,9.9855938163372746e-15
1177,0.00030242583585405019,9.2383794242584862,749.71517153960986,711.65343106020441,10.205111897203457,31.829498326753765,20222.056218526344,32140.850789427674,-6.4282012241064967e-07,1.5677082302873644e-16,9.9855938163372746e-15
1178,0.00030236959331368337,9.2408025766448567,749.57400952891942,711.78576891721184,10.203333052697058,31.834672653321213,20244.415549795805,32164.401568606736,-6.436247977394329e-07,1.5677082302873644e-16,9.9855938163372746e-15
1179,0.00030231338530497647,9.2432350504474847,749.43292708934484,711.91787373881277,10.201567029178589,31.8398491815699,20266.779034918171,32187.947914300614,-6.4442809256986468e-07,1.5677082302873644e-16,9.9855938163372746e-15
1180,0.00030225721177043263,9.2456768004486687,749.29192411387191,712.04974665544989,10.19981381201457,31.845027908625326,20289.146666590299,32211.489829007434,-6.4522732996287266e-07,1.5677082302873644e-16,9.9855938163372746e-15
1181,0.00030220107265316125,9.2481277833725564,749.15100049557111,712.18138874901933,10.198073386628481,31.850208831653458,20311.5184375438,32235.027315221931,-6.4602945391584955e-07,1.5677082302873644e-16,9.9855938163372746e-15
1182,0.00030214496789683133,9.2505879577488308,749.01015612758101,712.31280105627923,10.196345738498632,31.855391947858504,20333.894340543557,32258.560375435543,-6.4683104666645427e-07,1.5677082302873644e-16,9.9855938163372746e-15
1183,0.00030208889744566867,9.2530572837880829,748.86939090319186,712.44398457196462,10.194630853155715,31.860577254480116,20356.274368386341,32282.089012136297,-6.4763364252803898e-07,1.5677082302873644e-16,9.9855938163372746e-15
1184,0.00030203286124441122,9.2555357232689826,748.72870471581643,712.57494025160872,10.19292871618139,31.865764748793403,20378.658513899562,32305.613227808892,-6.4843594017686709e-07,1.5677082302873644e-16,9.9855938163372746e-15
1185,0.00030197685923829046,9.2580232394342961,748.58809745901988,712.70566901414259,10.191239313206145,31.870954428105641,20401.046769940058,32329.133024934661,-6.4923980736651936e-07,1.5677082302873644e-16,9.9855938163372746e-15
1186,0.00030192089137299311,9.2605197968956467,748.44756902649385,712.83617174427548,10.189562629907774,31.87614628975528,20423.439129393009,32352.648405991626,-6.500421566358012e-07,1.5677082302873644e-16,9.9855938163372746e-15
1187,0.00030186495759466567,9.2630253615466565,748.30711931213034,712.96644929466675,10.187898652009814,31.881340331110987,20445.835585170873,32376.159373454459,-6.5084436708791692e-07,1.5677082302873644e-16,9.9855938163372746e-15
1188,0.00030180905784987246,9.2655399004828158,748.16674820997673,713.09650248792946,10.186247365280012,31.886536549569328,20468.236130212415,32399.66592979449,-6.5164719524154355e-07,1.5677082302873644e-16,9.9855938163372746e-15
1189,0.000301753192085585,9.2680633819271385,748.02645561426266,713.22633211848802,10.184608755529018,31.891734942554887,20490.640757481797,32423.168077479728,-6.5244933907537093e-07,1.5677082302873644e-16,9.9855938163372746e-15
1190,0.00030169736024916613,9.2705957751624162,747.88624141941011,713.3559389542728,10.182982808609021,31.89693550751706,20513.049459967708,32446.665818974881,-6.5324933263826936e-07,1.5677082302873644e-16,9.9855938163372746e-15
1191,0.00030164156228834935,9.2731370504685042,747.74610552002798,713.48532373828743,10.181369510412784,31.902138241930672,20535.462230682588,32470.159156741316,-6.5404953303176957e-07,1.5677082302873644e-16,9.9855938163372746e-15
1192,0.00030158579815123786,9.2756871790635724,747.60604781095196,713.61448719007717,10.179768846871953,31.907343143294586,20557.879062661836,32493.64809323712,-6.5484992072380817e-07,1.5677082302873644e-16,9.9855938163372746e-15
1193,0.00030153006778626846,9.2782461330506862,747.46606818719442,713.74343000706608,10.178180803956662,31.912550209130135,20580.2999489631,32517.132630917051,-6.5565077299993083e-07,1.5677082302873644e-16,9.9855938163372746e-15
1194,0.00030147437114221774,9.2808138853674738,747.3261665439959,713.87215286581329,10.176605367674057,31.917759436980489,20602.724882665618,32540.612772232602,-6.5645051683144463e-07,1.5677082302873644e-16,9.9855938163372746e-15
1195,0.00030141870816818167,9.2833904097399973,747.18634277680803,714.00065642316679,10.175042524067354,31.922970824409902,20625.153856869558,32564.088519631943,-6.5725107438267913e-07,1.5677082302873644e-16,9.9855938163372746e-15
1196,0.00030136307881356485,9.2859756806393996,747.0465967812986,714.12894131734822,10.173492259215246,31.928184369002871,20647.586864695448,32587.55987556,-6.5805287605660684e-07,1.5677082302873644e-16,9.9855938163372746e-15
1197,0.00030130748302806872,9.2885696732414651,746.90692845335172,714.25700816896324,10.171954559230675,31.933400068363333,20670.023899283566,32611.026842458388,-6.5885664523715431e-07,1.5677082302873644e-16,9.9855938163372746e-15
1198,0.00030125192076169079,9.2911723633899701,746.76733768909241,714.38485758191757,10.170429410260198,31.938617920113536,20692.464953793427,32634.48942276548,-6.5965536189139553e-07,1.5677082302873644e-16,9.9855938163372746e-15
1199,0.00030119639196469664,9.2937837275607826,746.62782438484339,714.51249014431369,10.168916798483218,31.943837921893831,20714.910021403281,32657.947618916387,-6.604570948543139e-07,1.5677082302873644e-16,9.9855938163372746e-15
1200,0.00030114089658763625,9.2964037428299218,746.48838843718863,714.63990642925182,10.16741671011134,31.949060071362119,20737.359095309599,32681.401433342951,-6.6125764926646664e-07,1.5677082302873644e-16,9.9855938163372746e-15
1201,0.00030108650232249788,9.2989555436674127,746.35173135858327,714.68111140831456,10.165927042546764,31.954282339493979,20759.810811990559,32704.850910817095,-6.6205727974225435e-07,1.5677082302873644e-16,9.9855938163372746e-15
1202,0.00030103213316991185,9.3014532761773143,746.21517576313272,714.72366809556718,10.164445751113236,31.959502754325936,20782.263847333197,32728.296096724549,-6.628583517540923e-07,1.5677082302873644e-16,9.9855938163372746e-15
1203,0.00030097779195499043,9.3039194315732008,746.07871258914588,714.76701421066991,10.162972878208155,31.964721368803971,20804.718232744053,32751.736994074687,-6.6365901638288968e-07,1.5677082302873644e-16,9.9855938163372746e-15
1204,0.00030092347966915388,9.3063619999306102,745.94233858307757,714.8109500017348,10.161508451416845,31.969938221256157,20827.173989546496,32775.173605714546,-6.6445914004328303e-07,1.5677082302873644e-16,9.9855938163372746e-15
1205,0.00030086919686604316,9.308785587696546,745.80605182303009,714.85536030758624,10.160052491363144,31.975153343133066,20849.631134323154,32798.605934413121,-6.6525910361051233e-07,1.5677082302873644e-16,9.9855938163372746e-15
1206,0.00030081494390398172,9.3111932947552329,745.66985097938891,714.90016763111907,10.158605014324081,31.980366761585518,20872.089680695146,32822.033982889356,-6.6605758867028529e-07,1.5677082302873644e-16,9.9855938163372746e-15
1207,0.00030076072103354023,9.3135873904586379,745.53373504903789,714.94531523853414,10.157166033524588,31.985578500741457,20894.549640202978,32845.457753825998,-6.6685951695383948e-07,1.5677082302873644e-16,9.9855938163372746e-15
1208,0.00030070652843833013,9.3159696279791557,745.39770323191613,714.99075930052095,10.155735559894097,31.99078858245225,20917.011022821785,32868.877249877667,-6.6765931589367565e-07,1.5677082302873644e-16,9.9855938163372746e-15
1209,0.00030065236625699364,9.3183414135477793,745.26175486460579,715.03646466130544,10.154313602556167,31.995997026775079,20939.473837294165,32892.292473676163,-6.6846105408839668e-07,1.5677082302873644e-16,9.9855938163372746e-15
1210,0.00030059823459623156,9.3207039068739448,745.1258893808623,715.08240232815137,10.152900169166022,32.001203852305295,20961.938091360116,32915.703427834043,-6.6926012755158519e-07,1.5677082302873644e-16,9.9855938163372746e-15
1211,0.00030054413353910916,9.3230580850509632,744.99010628652582,715.12854787372589,10.151495266156129,32.006409076419764,20984.40379192384,32939.110114947238,-6.7005823731670781e-07,1.5677082302873644e-16,9.9855938163372746e-15
1212,0.00030049006315066139,9.3254047854340669,744.85440514276218,715.17488036414841,10.150098898920117,32.01161271545714,21006.870945179297,32962.512537597053,-6.7085321427834552e-07,1.5677082302873644e-16,9.9855938163372746e-15
1213,0.00030043602348175415,9.3277447356352248,744.71878555418664,715.22138160911936,10.148711071956033,32.016814784859896,21029.339556707499,32985.910698351741,-6.7165253538019745e-07,1.5677082302873644e-16,9.9855938163372746e-15
1214,0.00030038201457193082,9.3300785752198276,744.58324716040454,715.26803561950419,10.147331788979919,32.02201529928562,21051.80963155377,33009.304599767689,-6.7245052167477514e-07,1.5677082302873644e-16,9.9855938163372746e-15
1215,0.00030032803645150413,9.332406871844503,744.44778962965211,715.31482820388737,10.145961053017588,32.027214272697947,21074.281174290256,33032.694244390441,-6.7324984940357727e-07,1.5677082302873644e-16,9.9855938163372746e-15
1216,0.00030027408914315966,9.3347301335422408,744.31241265398353,715.36174666144393,10.144598866480075,32.032411718441672,21096.754189067375,33056.079634755479,-6.7405085549470055e-07,1.5677082302873644e-16,9.9855938163372746e-15
1217,0.00030022017266319095,9.3370488182622893,744.17711594550576,715.40877954344285,10.143245231226873,32.037607649303453,21119.22867965675,33079.460773388942,-6.748485944994018e-07,1.5677082302873644e-16,9.9855938163372746e-15
1218,0.0003001662870224692,9.3393633414056367,744.04189923338913,715.45591646485911,10.141900148619193,32.042802077565774,21141.70464948747,33102.837662808204,-6.7564651591962547e-07,1.5677082302873644e-16,9.9855938163372746e-15
1219,0.00030011243222726131,9.3416740818682218,743.90676226157007,715.50314795329439,10.140563619565494,32.047995015051242,21164.182101677048,33126.210305522378,-6.7644422144078917e-07,1.5677082302873644e-16,9.9855938163372746e-15
1220,0.00030005860827983234,9.3439813869496398,743.77170478672963,715.55046532625909,10.139235644560381,32.053186473161993,21186.661039058119,33149.578704032727,-6.7724450693828077e-07,1.5677082302873644e-16,9.9855938163372746e-15
1221,0.00030000481517898479,9.3462855763886186,743.6367265767409,715.59786059028454,10.137916223719159,32.058376462911205,21209.141464201599,33172.942860833035,-6.780398316404077e-07,1.5677082302873644e-16,9.9855938163372746e-15
1222,0.00029995105292049651,9.3485869457135617,743.50182740935486,715.6453263571608,10.136605356807076,32.06356499495535,21231.623379436991,33196.302778409976,-6.7883936375830373e-07,1.5677082302873644e-16,9.9855938163372746e-15
1223,0.00029989732149748091,9.3508857690526881,743.36700707108025,715.69285577368282,10.135303043265973,32.068752079618392,21254.106786870263,33219.658459243372,-6.7963752828296173e-07,1.5677082302873644e-16,9.9855938163372746e-15
1224,0.00029984362090069804,9.3531823015083813,743.23226535625395,715.74044246229039,10.134009282237333,32.073937726914025,21276.591688399691,33243.009905806466,-6.804340245601171e-07,1.5677082302873644e-16,9.9855938163372746e-15
1225,0.0002997899511188149,9.3554767811807462,743.09760206623571,715.78808047048119,10.132724072583422,32.079121946569103,21299.078085729987,33266.357120566136,-6.8123208619265443e-07,1.5677082302873644e-16,9.9855938163372746e-15
1226,0.00029973631213863172,9.3577694309036641,742.9630170087255,715.83576422740839,10.131447412905258,32.084304748038555,21321.565980384974,33289.700105983153,-6.8202847434588638e-07,1.5677082302873644e-16,9.9855938163372746e-15
1227,0.00029968270394526916,9.360060459743007,742.82850999715288,715.88348850642478,10.130179301559721,32.08948614052462,21344.055373718937,33313.038864512288,-6.8282703474361898e-07,1.5677082302873644e-16,9.9855938163372746e-15
1228,0.00029962912652235475,9.3623500642981341,742.69408085020666,715.93124839254665,10.12891973667478,32.09466613298963,21366.546266926947,33336.373398602584,-6.8362727559639384e-07,1.5677082302873644e-16,9.9855938163372746e-15
1229,0.00029957557985214981,9.3646384298387702,742.55972939133403,715.97903925403068,10.127668716162772,32.099844734171128,21389.038661054186,33359.703710697453,-6.8442589389274337e-07,1.5677082302873644e-16,9.9855938163372746e-15
1230,0.00029952206391568783,9.3669257313017233,742.42545544836855,716.02685671745678,10.126426237733181,32.105021952593624,21411.532557004441,33383.029803234815,-6.8522678139633781e-07,1.5677082302873644e-16,9.9855938163372746e-15
1231,0.00029946857869288512,9.3692121341704198,742.29125885317399,716.07469664573955,10.125192298904119,32.110197796579847,21434.027955547863,33406.351678647254,-6.8602432263889515e-07,1.5677082302873644e-16,9.9855938163372746e-15
1232,0.00029941512416264504,9.371497795253438,742.15713944134382,716.12255511866397,10.123966897012306,32.115372274260608,21456.524857328099,33429.669339362124,-6.8682123466997551e-07,1.5677082302873644e-16,9.9855938163372746e-15
1233,0.00029936170030294367,9.3737828633768849,742.02309705191669,716.17042841557793,10.122750029223301,32.120545393585267,21479.023262868806,33452.98278780168,-6.8761984703694862e-07,1.5677082302873644e-16,9.9855938163372746e-15
1234,0.00029930830709091398,9.3760674800017689,741.88913152714224,716.21831299995574,10.121541692539655,32.125717162329984,21501.52317257968,33476.292026383177,-6.8841800353950909e-07,1.5677082302873644e-16,9.9855938163372746e-15
1235,0.00029925494450291028,9.3783517797776543,741.75524271224322,716.26620550555879,10.120341883809699,32.130887588105303,21524.024586762036,33499.597057518942,-6.8921835321378114e-07,1.5677082302873644e-16,9.9855938163372746e-15
1236,0.00029920161251457852,9.380635891039681,741.62143045523283,716.31410272400797,10.119150599734649,32.136056678364504,21546.527505613936,33522.89788361649,-6.9001450942375795e-07,1.5677082302873644e-16,9.9855938163372746e-15
1237,0.00029914831110090687,9.3829199362564495,741.48769460671906,716.36200159358873,10.117967836875842,32.141224440410014,21569.031929234981,33546.194507078595,-6.9081235132057988e-07,1.5677082302873644e-16,9.9855938163372746e-15
1238,0.00029909504023628255,9.3852040324356381,741.35403501975327,716.40989918910907,10.116793591661192,32.146390881399853,21591.537857630741,33569.486930303399,-6.9160957691103823e-07,1.5677082302873644e-16,9.9855938163372746e-15
1239,0.00029904179989454215,9.3874882914904916,741.22045154969283,716.45779271273773,10.115627860391189,32.151556008353921,21614.045290716942,33592.775155684452,-6.924064237189777e-07,1.5677082302873644e-16,9.9855938163372746e-15
1240,0.00029898859004900361,9.3897728205746063,741.08694405403844,716.5056794856348,10.114470639244784,32.156719828159481,21636.554228323275,33616.059185610793,-6.9320320600134993e-07,1.5677082302873644e-16,9.9855938163372746e-15
1241,0.00029893541067250908,9.3920577223854345,740.95351239232411,716.55355694036416,10.113321924284444,32.161882347576679,21659.064670197065,33639.339022467015,-6.9400083060396444e-07,1.5677082302873644e-16,9.9855938163372746e-15
1242,0.00029888226173747207,9.3943430954425615,740.82015642603221,716.60142261393594,10.112181711461291,32.167043573242339,21681.576616006612,33662.61466863333,-6.9480037667333443e-07,1.5677082302873644e-16,9.9855938163372746e-15
1243,0.0002988291432158975,9.3966290343417267,740.68687601846159,716.64927414145689,10.111049996619665,32.172203511676358,21704.090065344415,33685.886126485631,-6.9559858165726707e-07,1.5677082302873644e-16,9.9855938163372746e-15
1244,0.00029877605507941423,9.3989156299885614,740.55367103464027,716.69710925028596,10.109926775501608,32.177362169284528,21726.605017730129,33709.153398395538,-6.9639584212641032e-07,1.5677082302873644e-16,9.9855938163372746e-15
1245,0.0002987229972992914,9.4012029698125534,740.42054134121122,716.74492575468616,10.108812043750822,32.182519552363658,21749.121472613402,33732.416486730472,-6.9719286437413522e-07,1.5677082302873644e-16,9.9855938163372746e-15
1246,0.00029866996984648301,9.4034911379654158,740.28748680640149,716.7927215508646,10.107705796916681,32.187675667104784,21771.639429376493,33755.675393853642,-6.9799131176492841e-07,1.5677082302873644e-16,9.9855938163372746e-15
1247,0.00029861697269165251,9.4057802155029435,740.15450729995075,716.84049461242637,10.10660803045787,32.19283051959713,21794.158887336816,33778.930122124199,-6.9878901031035513e-07,1.5677082302873644e-16,9.9855938163372746e-15
1248,0.0002985640058051635,9.4080702805531544,740.02160269296883,716.88824298617101,10.105518739745758,32.197984115831289,21816.679845749288,33802.180673897215,-6.9958566668067455e-07,1.5677082302873644e-16,9.9855938163372746e-15
1249,0.00029851106915713071,9.4103614084735856,739.88877285794797,716.93596478816039,10.10443792006801,32.203136461702776,21839.202303808532,33825.4270515237,-7.0038199798165001e-07,1.5677082302873644e-16,9.9855938163372746e-15
1250,0.00029845816271741965,9.4126536719947254,739.75601766865861,716.9836582001318,10.103365566631128,32.208287563014686,21861.726260651059,33848.669257350695,-7.011775759030299e-07,1.5677082302873644e-16,9.9855938163372746e-15
1251,0.0002984052864556853,9.4149471413552508,739.62333700014881,717.0313214661187,10.102301674563735,32.21343742548153,21884.25171535723,33871.907293721299,-7.0197515411699334e-07,1.5677082302873644e-16,9.9855938163372746e-15
1252,0.0002983524403413582,9.4172418844270336,739.49073072861904,717.07895288932411,10.101246238919515,32.218586054730984,21906.778666953178,33895.141162974724,-7.027697515985384e-07,1.5677082302873644e-16,9.9855938163372746e-15
1253,0.00029829962434368274,9.419537966831669,739.35819873143339,717.12655082920821,10.10019925467958,32.223733456306242,21929.307114412626,33918.370867446269,-7.0356671490128571e-07,1.5677082302873644e-16,9.9855938163372746e-15
1254,0.00029824683843171891,9.4218354520487022,739.22574088704607,717.17411369878232,10.099160716754939,32.228879635670495,21951.837056658595,33941.596409467427,-7.043648598938801e-07,1.5677082302873644e-16,9.9855938163372746e-15
1255,0.00029819408257435621,9.4241344015183888,739.0933570749612,717.22163996204029,10.098130619989334,32.234024598207434,21974.368492565067,33964.817791365895,-7.0516355283061551e-07,1.5677082302873644e-16,9.9855938163372746e-15
1256,0.00029814135674033034,9.426434874735472,738.96104717570836,717.26912813161334,10.097108959160952,32.239168349224094,21996.901420958526,33988.035015465568,-7.0595770316741922e-07,1.5677082302873644e-16,9.9855938163372746e-15
1257,0.00029808866089823155,9.4287369293386156,738.82881107079629,717.31657676653469,10.096095728985015,32.244310893952822,22019.435840619484,34011.248084086626,-7.0675607277874489e-07,1.5677082302873644e-16,9.9855938163372746e-15
1258,0.0002980359950165038,9.4310406211944127,738.69664864265269,717.3639844701396,10.095090924115842,32.249452237554252,22041.971750283868,34034.456999545553,-7.0755201867025126e-07,1.5677082302873644e-16,9.9855938163372746e-15
1259,0.00029798335906348471,9.4333460044745525,738.56455977466601,717.41134988813633,10.094094539148548,32.254592385117959,22064.5091486444,34057.661764155106,-7.0834729733251401e-07,1.5677082302873644e-16,9.9855938163372746e-15
1260,0.00029793075300737896,9.4356531317306089,738.43254435106655,717.45867170673478,10.093106568621241,32.259731341665741,22087.048034351901,34080.862380224455,-7.0914422436142888e-07,1.5677082302873644e-16,9.9855938163372746e-15
1261,0.00029787787175547672,9.4380973907814933,738.29975061014875,717.66131523046261,10.09213068583394,32.264872771734609,22109.590856937724,34104.058836954311,-7.0994315307807486e-07,1.5677082302873644e-16,9.9855938163372746e-15
1262,0.00029782502268856374,9.440653909265631,738.16695801543813,717.86115226835921,10.091170463140173,32.270020236794537,22132.139996503345,34127.251121728237,-7.1074120075913812e-07,1.5677082302873644e-16,9.9855938163372746e-15
1263,0.00029777220495117026,9.4432830934386036,738.03419243033591,718.05917266403492,10.090225797156524,32.275173641925257,22154.69538434907,34150.439235091486,-7.1153586206867675e-07,1.5677082302873644e-16,9.9855938163372746e-15
1264,0.00029771941821317909,9.4459708835586103,737.90146298382888,718.2557279110348,10.08929661030608,32.280332918567218,22177.25696952251,34173.623178051654,-7.1233232521108134e-07,1.5677082302873644e-16,9.9855938163372746e-15
1265,0.00029766666226988491,9.4487091775438454,737.76877490573236,718.45102056140377,10.08838283714179,32.285498010546078,22199.824709411638,34196.802951832367,-7.1312527781384281e-07,1.5677082302873644e-16,9.9855938163372746e-15
1266,0.00029761393697254926,9.4514925257181996,737.63613168964423,718.64518685704491,10.0874844197916,32.290668869417424,22222.398566612152,34219.978557791306,-7.1392051218017559e-07,1.5677082302873644e-16,9.9855938163372746e-15
1267,0.00029756124220329047,9.4543169404207852,737.50353587185793,718.83832648948044,10.086601305703859,32.295845452162503,22244.978507376698,34243.149997379594,-7.1471332108275496e-07,1.5677082302873644e-16,9.9855938163372746e-15
1268,0.00029750857786341737,9.4571793424780974,737.37098939365205,719.03051643804758,10.085733446328522,32.301027719841365,22267.564500707929,34266.317272118016,-7.1550732562665537e-07,1.5677082302873644e-16,9.9855938163372746e-15
1269,0.00029745594386712732,9.4600772632084205,737.23849379631963,719.22181841978943,10.08488079626591,32.306215636721838,22290.156517772775,34289.480383581686,-7.1630222759912033e-07,1.5677082302873644e-16,9.9855938163372746e-15
1270,0.00029740334013777343,9.4630086676024199,737.10605033692809,719.41228330993954,10.084043312678265,32.311409169679479,22312.75453149786,34312.63933338943,-7.1709611913608144e-07,1.5677082302873644e-16,9.9855938163372746e-15
1271,0.00029735076660549544,9.4659718418051764,736.97366006201401,719.60195395487062,10.083220954863284,32.316608287760516,22335.358516276148,34335.794123196145,-7.1789265308221658e-07,1.5677082302873644e-16,9.9855938163372746e-15
1272,0.00029729822320561652,9.4689653176204871,736.841323857004,719.79086705948794,10.082413683933051,32.321812961854931,22357.968447746174,34358.944754686927,-7.186863834796531e-07,1.5677082302873644e-16,9.9855938163372746e-15
1273,0.00029724570987752294,9.4719878197045855,736.70904248079319,719.97905450738529,10.081621462565627,32.327023164441584,22380.584302620999,34382.091229572645,-7.1948093596769452e-07,1.5677082302873644e-16,9.9855938163372746e-15
1274,0.00029719322656387596,9.4750382273685041,736.57681659081709,720.16654431578741,10.080844254807591,32.332238869386792,22403.206058552496,34405.233549586366,-7.2027645250258883e-07,1.5677082302873644e-16,9.9855938163372746e-15
1275,0.000297140773210008,9.4781155461708675,736.44464676165671,720.35336134572833,10.080082025914344,32.33746005178196,22425.833694021563,34428.371716480462,-7.210715522371976e-07,1.5677082302873644e-16,9.9855938163372746e-15
1276,0.00029708834976345126,9.4812188862938065,736.31253349917517,720.53952784265493,10.079334742218915,32.342686687807806,22448.467188247832,34451.505732024227,-7.2186781133929519e-07,1.5677082302873644e-16,9.9855938163372746e-15
1277,0.00029703595617359692,9.4843474457529702,736.18047725155907,720.72506385617578,10.078602371022582,32.347918754624224,22471.106521114336,34474.635598001936,-7.2266354168052837e-07,1.5677082302873644e-16,9.9855938163372746e-15
1278,0.00029698359239142553,9.4875004971355885,736.04847841803826,720.90998757161037,10.077884880502371,32.353156230274607,22493.75167310395,34497.761316211174,-7.2345748553551697e-07,1.5677082302873644e-16,9.9855938163372746e-15
1279,0.00029693125836927287,9.490677376968069,735.91653735583634,721.09431557579842,10.07718223963194,32.358399093605776,22516.402625245129,34520.882888461347,-7.242548747070078e-07,1.5677082302873644e-16,9.9855938163372746e-15
1280,0.0002968789540606433,9.4938774770796144,735.78465438582339,721.27806307300978,10.07649441811393,32.363647324199107,22539.059359065199,34544.000316572536,-7.2505158618564959e-07,1.5677082302873644e-16,9.9855938163372746e-15
1281,0.00029682667942007221,9.4971002375044069,735.65282979720382,721.46124406238994,10.075821386321252,32.368900902307999,22561.721856549801,34567.113602374367,-7.2584635561911154e-07,1.5677082302873644e-16,9.9855938163372746e-15
1282,0.00029677443440300226,9.5003451405876724,735.52106385138529,721.64387148530807,10.075163115244875,32.374159808808983,22584.390100107408,34590.22274770512,-7.2664011531464341e-07,1.5677082302873644e-16,9.9855938163372746e-15
1283,0.00029672221896567726,9.5036117060460512,735.38935678521568,721.82595734884887,10.074519576448902,32.3794240251517,22607.064072538087,34613.327754410901,-7.274338244360821e-07,1.5677082302873644e-16,9.9855938163372746e-15
1284,0.00029667003306506047,9.5068994867925554,735.25770881373944,722.0075128301861,10.07389074203021,32.384693533319421,22629.743757005839,34636.428624344895,-7.2822844144969076e-07,1.5677082302873644e-16,9.9855938163372746e-15
1285,0.00029661787665874917,9.5102080653800893,735.12612013250759,722.18854836549781,10.073276584582468,32.389968315792757,22652.429137013954,34659.525359366744,-7.2902653900727353e-07,1.5677082302873644e-16,9.9855938163372746e-15
1286,0.00029656574970492514,9.5135370509520349,734.99459091961626,722.36907372619908,10.072677077164373,32.395248355516379,22675.120196382959,34682.61796134193,-7.2982139493987441e-07,1.5677082302873644e-16,9.9855938163372746e-15
1287,0.00029651365216228781,9.5168860766091434,734.86312133740853,722.54909808477157,10.072092193270782,32.400533635868911,22697.816919230783,34705.706432141313,-7.3061571932131601e-07,1.5677082302873644e-16,9.9855938163372746e-15
1288,0.00029646158399002862,9.5202547971244993,734.73171153403075,722.72863007188755,10.071521906806298,32.405824140637925,22720.519289954889,34728.79077364059,-7.3141287445683071e-07,1.5677082302873644e-16,9.9855938163372746e-15
1289,0.00029640954514776051,9.5236428869485934,734.60036164467408,722.90767782628507,10.070966192062224,32.411119853994265,22743.227293216027,34751.870987719936,-7.322068490050621e-07,1.5677082302873644e-16,9.9855938163372746e-15
1290,0.00029635753559550401,9.5270500384583059,734.4690717927806,723.08624903854252,10.070425023694787,32.416420760471297,22765.940913923478,34774.947076263568,-7.33001634831506e-07,1.5677082302873644e-16,9.9855938163372746e-15
1291,0.00029630555529366003,9.5304759604152576,734.33784209107137,723.26435098961849,10.069898376705718,32.421726844944452,22788.660137221606,34798.019041159416,-7.3379525257078999e-07,1.5677082302873644e-16,9.9855938163372746e-15
1292,0.00029625360420295276,9.5339203765997258,734.20667264237318,723.44199058500692,10.069386226424175,32.427038092612193,22811.384948477542,34821.086884298791,-7.3458712149280906e-07,1.5677082302873644e-16,9.9855938163372746e-15
1293,0.00029620168228443154,9.5373830245975402,734.07556354048495,723.61917438506168,10.068888548490444,32.432354488980764,22834.115333269856,34844.150607576114,-7.3538298437304526e-07,1.5677082302873644e-16,9.9855938163372746e-15
1294,0.00029614978949945333,9.5408636547175067,733.94451487090225,723.79590863206249,10.068405318840734,32.437676019847373,22856.851277378148,34867.210212888574,-7.3617666907940447e-07,1.5677082302873644e-16,9.9855938163372746e-15
1295,0.00029609792580962611,9.5443620290223645,733.81352671136574,723.97219927444087,10.067936513693384,32.443002671286891,22879.592766773461,34890.265702135956,-7.3697084557522178e-07,1.5677082302873644e-16,9.9855938163372746e-15
1296,0.00029604609117684185,9.547877920458113,733.68259913256065,724.14805198854731,10.067482109535538,32.448334429638059,22902.339787609391,34913.317077220367,-7.3776604750437755e-07,1.5677082302873644e-16,9.9855938163372746e-15
1297,0.0002959942855632195,9.5514111120703404,733.55173219853191,724.32347219824146,10.067042083111732,32.453671281490891,22925.092326213835,34936.364340046028,-7.3855817034322336e-07,1.5677082302873644e-16,9.9855938163372746e-15
1298,0.00029594250893112423,9.5549613962949351,733.42092596723637,724.49846509262659,10.066616411412211,32.459013213676471,22947.850369081363,34959.40749251908,-7.3935177657254128e-07,1.5677082302873644e-16,9.9855938163372746e-15
1299,0.00029589076124311682,9.5585285743165098,733.29018049087267,724.67303564208726,10.066205071663013,32.464360213255404,22970.613902866087,34982.446536547388,-7.4014447177060757e-07,1.5677082302873644e-16,9.9855938163372746e-15
1300,0.00029583904246197957,9.5621124554849839,733.15949581636039,724.84718861287547,10.065808041316007,32.469712267508541,22993.382914375023,35005.481474040367,-7.4094111802610836e-07,1.5677082302873644e-16,9.9855938163372746e-15
1301,0.00029578735255068043,9.56571285678422,733.02887198562803,725.02092858039452,10.065425298040223,32.475069363927084,23016.157390561893,35028.512306908837,-7.4173385891525195e-07,1.5677082302873644e-16,9.9855938163372746e-15
1302,0.00029573569147237983,9.5693296023468495,732.8983090359759,725.19425994132882,10.065056819713094,32.480431490205049,23038.937318521341,35051.539037064882,-7.4252539335068211e-07,1.5677082302873644e-16,9.9855938163372746e-15
1303,0.00029568405919040512,9.5729625230109061,732.76780700032702,725.36718692472743,10.064702584412458,32.485798634229695,23061.722685483444,35074.561666421629,-7.4332171558319938e-07,1.5677082302873644e-16,9.9855938163372746e-15
1304,0.00029563245566825946,9.5766114559126549,732.63736590753945,725.53971360218361,10.064362570409607,32.491170784075585,23084.513478808658,35097.580196893243,-7.441145820356089e-07,1.5677082302873644e-16,9.9855938163372746e-15
1305,0.0002955808808696102,9.580276244113195,732.50698578264235,725.71184389717018,10.064036756162061,32.496547927996261,23107.309685983015,35120.594630394684,-7.4490849101191251e-07,1.5677082302873644e-16,9.9855938163372746e-15
1306,0.00029552933475827042,9.5839567362540272,732.37666664703568,725.88358159364941,10.06372512030663,32.501930054418075,23130.111294613573,35143.604968841668,-7.4570050502926112e-07,1.5677082302873644e-16,9.9855938163372746e-15
1307,0.00029547781729821353,9.5876527862398451,732.24640851875176,726.05493034400399,10.063427641654034,32.507317151933414,23152.918292424183,35166.611214150529,-7.4649234535075851e-07,1.5677082302873644e-16,9.9855938163372746e-15
1308,0.00029542632845354073,9.591364252945807,732.11621141258343,726.22589367635476,10.063144299182257,32.512709209295807,23175.730667251479,35189.61336823809,-7.4728686679677036e-07,1.5677082302873644e-16,9.9855938163372746e-15
1309,0.00029537486818850329,9.5950909999456861,731.98607534033135,726.39647500135789,10.062875072031408,32.518106215412665,23198.548407041053,35212.611433021622,-7.4808174016871364e-07,1.5677082302873644e-16,9.9855938163372746e-15
1310,0.00029532343646748418,9.5988328952609141,731.85600031093895,726.56667761847734,10.062619939498621,32.523508159341368,23221.37149984391,35235.605410418713,-7.488767638677892e-07,1.5677082302873644e-16,9.9855938163372746e-15
1311,0.00029527203325499578,9.6025898111273467,731.72598633065172,726.73650472181657,10.062378881032748,32.5289150302834,23244.199933813023,35258.595302347188,-7.4967028499311573e-07,1.5677082302873644e-16,9.9855938163372746e-15
1312,0.00029522065851566621,9.6063616237777349,731.59603340313788,726.90595940555659,10.062151876230111,32.53432681758003,23267.033697200139,35281.581110725012,-7.5046244794244919e-07,1.5677082302873644e-16,9.9855938163372746e-15
1313,0.00029516931221425149,9.6101482132403859,731.46614152966288,727.07504466899047,10.061938904829402,32.53974351070763,23289.872778352699,35304.562837470243,-7.5125584280693623e-07,1.5677082302873644e-16,9.9855938163372746e-15
1314,0.00029511799431562703,9.6139494631504121,731.33631070920194,727.24376342123981,10.061739946708236,32.545165099273063,23312.717165710943,35327.540484500947,-7.5204831164233693e-07,1.5677082302873644e-16,9.9855938163372746e-15
1315,0.00029506670478477928,9.617765260574588,731.20654093854432,727.41211848563535,10.061554981878711,32.550591573009967,23335.566847805152,35350.514053735096,-7.5283764593031851e-07,1.5677082302873644e-16,9.9855938163372746e-15
1316,0.00029501544358680827,9.6215954958461616,731.07683221241768,727.58011260384603,10.061383990483309,32.556022921774712,23358.421813253,35373.483547090575,-7.5363149596164453e-07,1.5677082302873644e-16,9.9855938163372746e-15
1317,0.00029496421068691734,9.6254400624121637,730.94718452357051,727.74774843969601,10.061226952791879,32.561459135542577,23381.282050757065,35396.448966485033,-7.5442348068089768e-07,1.5677082302873644e-16,9.9855938163372746e-15
1318,0.00029491300605042215,9.6292988566886386,730.81759786289888,727.91502858278398,10.061083849197752,32.566900204404746,23404.147549102447,35419.410313835891,-7.5521846810614091e-07,1.5677082302873644e-16,9.9855938163372746e-15
1319,0.00029486182964273125,9.633171777926032,730.68807221949282,728.08195555184932,10.060954660214451,32.572346118563665,23427.018297154467,35442.367591060218,-7.5601123829337986e-07,1.5677082302873644e-16,9.9855938163372746e-15
1320,0.00029481068142936774,9.6370587280820779,730.55860758078222,728.24853179794809,10.060839366472647,32.577796868331674,23449.894283856513,35465.32080007474,-7.5680474093300345e-07,1.5677082302873644e-16,9.9855938163372746e-15
1321,0.00029475870722808431,9.6408641895084752,730.42715397052132,728.30256192895479,10.060735354931053,32.583249802695022,23472.773728475477,35488.269910328956,-7.5759944479453771e-07,1.5677082302873644e-16,9.9855938163372746e-15
1322,0.00029470676775591488,9.6446056199451871,730.29583208074052,728.35819283470369,10.060640083069806,32.588702345088855,23495.654899286881,35511.214893046417,-7.5839311241034121e-07,1.5677082302873644e-16,9.9855938163372746e-15
1323,0.00029465486066683461,9.6483108740892813,730.16461662151471,728.41472814776796,10.060553600077863,32.594154558129048,23518.537832878606,35534.155751868951,-7.5918682397328779e-07,1.5677082302873644e-16,9.9855938163372746e-15
1324,0.00029460298509021072,9.6519898080563564,730.03349853956058,728.47192146525788,10.060475937211068,32.599606485458473,23541.42255337158,35557.092489982686,-7.5997857430777791e-07,1.5677082302873644e-16,9.9855938163372746e-15
1325,0.00029455114050786553,9.655648079400855,729.90247259083253,728.52963134831191,10.060407117332668,32.605058161830478,23564.309079050108,35580.025110358438,-7.6077276928929837e-07,1.5677082302873644e-16,9.9855938163372746e-15
1326,0.00029449932655901902,9.659289477069974,729.77153522834601,728.5877630732507,10.060347158089153,32.610509616470409,23587.197424569265,35602.953615831837,-7.6156661792547695e-07,1.5677082302873644e-16,9.9855938163372746e-15
1327,0.00029444754296983563,9.6629167605129904,729.64068384087136,728.64624765384201,10.060296073481975,32.615960874734718,23610.087602047159,35625.878009143031,-7.6236180764709299e-07,1.5677082302873644e-16,9.9855938163372746e-15
1328,0.00029439578952060149,9.6665320498402032,729.5099163987411,728.70503208732828,10.060253874785841,32.621411959083986,23632.979621703424,35648.798292959924,-7.6315732801864262e-07,1.5677082302873644e-16,9.9855938163372746e-15
1329,0.00029434406602805362,9.6701370358499492,729.3792312631515,728.76407410375134,10.060220571141967,32.62686288970864,23655.873492271261,35671.714469893144,-7.6395163426316806e-07,1.5677082302873644e-16,9.9855938163372746e-15
1330,0.00029429237233485667,9.6737331046363266,729.24862707290958,728.82333905075848,10.060196169966677,32.632313684962874,23678.769221281877,35694.626542506456,-7.6474396183989466e-07,1.5677082302873644e-16,9.9855938163372746e-15
1331,0.000294240708302928,9.6773214168689599,729.11810267241879,728.88279791160937,10.060180677248251,32.637764361676368,23701.666815270444,35717.534513324215,-7.6553786976983771e-07,1.5677082302873644e-16,9.9855938163372746e-15
1332,0.00029418907380895676,9.6809029609760557,728.98765706335428,728.94242597559878,10.060174097769416,32.643214935391555,23724.566279931045,35740.438384837049,-7.663304585879148e-07,1.5677082302873644e-16,9.9855938163372746e-15
1333,0.00029413746874124307,9.6844785903352317,728.85728937079807,729.00220190828588,10.06017643527993,32.648665420545257,23747.467620236483,35763.338159506246,-7.6712378125352385e-07,1.5677082302873644e-16,9.9855938163372746e-15
1334,0.00029408589299743449,9.6880490501674004,728.72699881880214,729.06210707914829,10.060187692633074,32.654115830612596,23770.370840533287,35786.233839767192,-7.6791608441517097e-07,1.5677082302873644e-16,9.9855938163372746e-15
1335,0.00029403434648282587,9.6916149975302588,728.59678471217546,729.12212506174365,10.060207871896273,32.65956617822529,23793.275944618425,35809.125428032232,-7.6870970843261817e-07,1.5677082302873644e-16,9.9855938163372746e-15
1336,0.00029398282910908817,9.6951770165322717,728.4666464226791,729.18224125335996,10.060236974441237,32.665016475265865,23816.182935802302,35832.012926692943,-7.6950277404231894e-07,1.5677082302873644e-16,9.9855938163372746e-15
1337,0.00029393134079324062,9.6987356301398862,728.33658337820953,729.24244257983628,10.060275001019859,32.670466732948846,23839.091816961274,35854.896338122075,-7.7029674300996068e-07,1.5677082302873644e-16,9.9855938163372746e-15
1338,0.00029387988145687281,9.7022913094987082,728.20659505434082,729.30271726253238,10.060321951827568,32.675916961887211,23862.002590581826,35877.775664675151,-7.7108990453604515e-07,1.5677082302873644e-16,9.9855938163372746e-15
1339,0.00029382845102551277,9.7058444814026643,728.07668096752468,729.36305463160011,10.060377826557882,32.681367172149073,23884.915258798264,35900.65090869191,-7.7188494358174211e-07,1.5677082302873644e-16,9.9855938163372746e-15
1340,0.00029377704942810441,9.709395534357359,727.94684066954733,729.42344497439956,10.060442624448221,32.686817373309623,23907.829823425076,35923.522072497442,-7.7267761436472882e-07,1.5677082302873644e-16,9.9855938163372746e-15
1341,0.00029372567659657781,9.7129448235602442,727.81707374297366,729.48387941099406,10.060516344321053,32.692267574490806,23930.746285984987,35946.389158403261,-7.7346989973824666e-07,1.5677082302873644e-16,9.9855938163372746e-15
1342,0.0002936743324655101,9.7164926750320362,727.68737979741104,729.54434979086568,10.060598984618609,32.697717784400027,23953.664647733465,35969.252168708204,-7.7426415610625259e-07,1.5677082302873644e-16,9.9855938163372746e-15
1343,0.00029362301697181433,9.7200393890774297,727.55775846631184,729.6048486063977,10.060690543433887,32.703168011362948,23976.584909680205,35992.11110569923,-7.7505790743090004e-07,1.5677082302873644e-16,9.9855938163372746e-15
1344,0.00029357173005449934,9.7235852432078858,727.42820940432853,729.66536891980297,10.060791018538131,32.708618263352015,23999.507072608176,36014.965971652113,-7.7585307762045247e-07,1.5677082302873644e-16,9.9855938163372746e-15
1345,0.0002935204716544519,9.727130494628506,727.29873228503095,729.72590430095408,10.060900407405105,32.714068548012854,24022.431137090516,36037.816768832068,-7.7664415026209356e-07,1.5677082302873644e-16,9.9855938163372746e-15
1346,0.00029346924171425059,9.7306753823687604,727.16932679894921,729.78644877411443,10.061018707232494,32.719518872685988,24045.357103505619,36060.663499494352,-7.7743849591953309e-07,1.5677082302873644e-16,9.9855938163372746e-15
1347,0.00029341804017801314,9.734220129120871,727.03999265190635,729.84699677197818,10.061145914961942,32.724969244428991,24068.284972050667,36083.506165884712,-7.7822705380798696e-07,1.5677082302873644e-16,9.9855938163372746e-15
1348,0.00029336686699125557,9.7377649428323405,726.91072956355197,729.90754309585805,10.061282027295858,32.730419670034081,24091.214742753826,36106.344770239906,-7.7901835490501453e-07,1.5677082302873644e-16,9.9855938163372746e-15
1349,0.00029331572210077001,9.7413100180971526,726.78153726608321,729.96808288090449,10.061427040713834,32.735870156044967,24114.146415485273,36129.179314788074,-7.7981228620367651e-07,1.5677082302873644e-16,9.9855938163372746e-15
1350,0.00029326460545451774,9.7448555373722971,726.65241550312578,730.02861156569259,10.06158095148677,32.741320708772427,24137.07998996718,36152.009801749104,-7.8060515509759403e-07,1.5677082302873644e-16,9.9855938163372746e-15
1351,0.00029321351700154212,9.7484016720508091,726.52336402876506,730.08912486539646,10.061743755689832,32.746771334308242,24160.015465782846,36174.836233335031,-7.8139876830264892e-07,1.5677082302873644e-16,9.9855938163372746e-15
1352,0.0002931624566918855,9.7519485834089679,726.39438260667544,730.14961874810922,10.061915449214782,32.752222038537113,24182.952842384973,36197.658611750303,-7.8219124481136037e-07,1.5677082302873644e-16,9.9855938163372746e-15
1353,0.0002931114244765033,9.755496423448168,726.26547100931612,730.21008941379591,10.062096027780454,32.757672827149442,24205.892119103293,36220.476939192078,-7.8298445237730902e-07,1.5677082302873644e-16,9.9855938163372746e-15
1354,0.00029306042030721117,9.759045335644041,726.136629017274,730.27053327556575,10.062285486943111,32.763123705650578,24228.833295151555,36243.291217850485,-7.8377913461405858e-07,1.5677082302873644e-16,9.9855938163372746e-15
1355,0.00029300944413662548,9.7625954556169425,726.00785641864559,730.3309469429098,10.062483822105442,32.768574679372115,24251.776369633946,36266.1014499089,-7.8456888779504681e-07,1.5677082302873644e-16,9.9855938163372746e-15
1356,0.0002929584959180974,9.7661469117327044,725.87915300845168,730.39132720668238,10.062691028525212,32.774025753479734,24274.72134155102,36288.907637544151,-7.8536384522462092e-07,1.5677082302873644e-16,9.9855938163372746e-15
1357,0.00029290757560567897,9.7696998256436842,725.75051858817335,730.45167102557457,10.062907101323216,32.779476932981545,24297.668209805179,36311.709782926722,-7.8615672702365184e-07,1.5677082302873644e-16,9.9855938163372746e-15
1358,0.00029285668315407723,9.7732543127768992,725.62195296529489,730.51197551391078,10.063132035490328,32.784928222737555,24320.616973205764,36334.507888220949,-7.8695022512904633e-07,1.5677082302873644e-16,9.9855938163372746e-15
1359,0.00029280581851860542,9.7768104827751507,725.49345595287309,730.57223793062133,10.063365825894531,32.790379627464482,24343.56763047375,36357.301955585215,-7.8774564330604896e-07,1.5677082302873644e-16,9.9855938163372746e-15
1360,0.00029275498165516156,9.7803684398976074,725.36502736920261,730.6324556692266,10.063608467287029,32.795831151744252,24366.520180246142,36380.091987172113,-7.8854184171923463e-07,1.5677082302873644e-16,9.9855938163372746e-15
1361,0.0002927041725201823,9.7839282833847072,725.23666703744561,730.69262624871567,10.063859954308061,32.801282800028559,24389.474621080048,36402.877985128624,-7.8933520205382345e-07,1.5677082302873644e-16,9.9855938163372746e-15
1362,0.00029265339107061895,9.787490107789246,725.10837478533915,730.75274730526894,10.064120281492574,32.806734576646683,24412.43095145651,36425.659951596193,-7.9013071405448877e-07,1.5677082302873644e-16,9.9855938163372746e-15
1363,0.00029260263726391404,9.7910540032801343,724.98015044492354,730.81281658466332,10.064389443275218,32.812186485809505,24435.389169784026,36448.437888710978,-7.909223402208603e-07,1.5677082302873644e-16,9.9855938163372746e-15
1364,0.00029255191105797006,9.7946200559199319,724.85199385227008,730.87283193533506,10.064667433995009,32.817638531615074,24458.34927440192,36471.211798603901,-7.9171520632448305e-07,1.5677082302873644e-16,9.9855938163372746e-15
1365,0.00029250121241112159,9.798188347919389,724.72390484723246,730.93279130201529,10.06495424790001,32.823090718052832,24481.311263583448,36493.981683400802,-7.9250636546526275e-07,1.5677082302873644e-16,9.9855938163372746e-15
1366,0.00029245054128213097,9.8017589578716748,724.59588327327197,730.99269271987487,10.065249879151548,32.828543049009156,24504.27513553873,36516.747545222541,-7.9330016771279026e-07,1.5677082302873644e-16,9.9855938163372746e-15
1367,0.00029239989763014853,9.805331960967445,724.46792897720729,731.0525343091474,10.065554321827834,32.833995528270655,24527.240888417498,36539.509386185091,-7.9409269863225031e-07,1.5677082302873644e-16,9.9855938163372746e-15
1368,0.00029234928141470666,9.8089074291937539,724.34004180905993,731.11231427015605,10.065867569928152,32.839448159528246,24550.208520311735,36562.267208399702,-7.9488769233565675e-07,1.5677082302873644e-16,9.9855938163372746e-15
1369,0.00029229869259570759,9.8124854315174748,724.21222162189474,731.17203087872986,10.06618961737597,32.844900946381685,24573.178029258041,36585.021013972953,-7.9568113882059751e-07,1.5677082302873644e-16,9.9855938163372746e-15
1370,0.0002922481311333848,9.8160660340553587,724.08446827160515,731.23168248194941,10.066520458022417,32.850353892341516,24596.149413240008,36607.770805006832,-7.9647424209927805e-07,1.5677082302873644e-16,9.9855938163372746e-15
1371,0.00029219759698832212,9.8196493002309104,723.95678161684941,731.29126749422721,10.066860085649488,32.855807000834325,24619.122670190358,36630.516583598859,-7.9726692718252572e-07,1.5677082302873644e-16,9.9855938163372746e-15
1372,0.00029214709012140056,9.8232352909207439,723.82916151881648,731.35078439364815,10.067208493972824,32.861260275204408,24642.097797992999,36653.258351842138,-7.9805976712713455e-07,1.5677082302873644e-16,9.9855938163372746e-15
1373,0.00029209661049382112,9.8268240645901841,723.70160784118673,731.41023171857887,10.067565676644504,32.866713718717271,24665.074794484997,36675.996111825472,-7.9885612877256602e-07,1.5677082302873644e-16,9.9855938163372746e-15
1374,0.00029204615806707225,9.8304156774198006,723.57412044996215,731.46960806450488,10.067931627255691,32.872167334562711,24688.053657458404,36698.729865633402,-7.9965149881698337e-07,1.5677082302873644e-16,9.9855938163372746e-15
1375,0.00029199573280292492,9.8340101834225457,723.4466992133722,731.52891208110293,10.068306339339355,32.87762112585667,24711.034384662002,36721.459615346321,-8.004457572777104e-07,1.5677082302873644e-16,9.9855938163372746e-15
1376,0.00029194533466342251,9.8376076345537093,723.31934400177079,731.58814246949055,10.068689806372445,32.883075095644806,24734.016973802958,36744.185363040473,-8.0123963660713177e-07,1.5677082302873644e-16,9.9855938163372746e-15
1377,0.00029189496361087312,9.841208080813626,723.19205468754501,731.64729797965924,10.069082021778001,32.888529246904525,24757.001422548426,36766.907110788095,-8.0203491666454196e-07,1.5677082302873644e-16,9.9855938163372746e-15
1378,0.00029184461960782851,9.8448115703434276,723.06483114499576,731.70637740808104,10.069482978927693,32.893983582546596,24779.987728527012,36789.624860657445,-8.0282914687353419e-07,1.5677082302873644e-16,9.9855938163372746e-15
1379,0.00029179430261709523,9.8484181495147745,722.93767325030194,731.76537959546397,10.069892671143551,32.899438105418241,24802.975889330206,36812.338614712826,-8.0362199693296177e-07,1.5677082302873644e-16,9.9855938163372746e-15
1380,0.00029174401260170058,9.8520278630138094,722.81058088137706,731.82430342465477,10.070311091699882,32.904892818305008,24825.965902513766,36835.048375014703,-8.044176979760996e-07,1.5677082302873644e-16,9.9855938163372746e-15
1381,0.00029169515273148243,9.8556289629764269,722.68703857254445,731.87302592558933,10.070737913256195,32.910347483802489,24848.957605697295,36857.754198431336,-8.0521343180520133e-07,1.5677082302873644e-16,9.9855938163372746e-15
1382,0.00029164630888571828,9.8592236902715431,722.56354120363403,731.92190774321148,10.071172818188547,32.915801871206568,24871.950842500122,36880.456141322618,-8.060064363772034e-07,1.5677082302873644e-16,9.9855938163372746e-15
1383,0.0002915974848364551,9.8628155454165807,722.4400956982056,731.9708613645854,10.071615809096372,32.921255989673924,24894.94561621032,36903.154205235543,-8.0680074297051573e-07,1.5677082302873644e-16,9.9855938163372746e-15
1384,0.00029154868192562391,9.8664057982513746,722.31670450199113,732.01985504371555,10.072066886028564,32.926709846573168,24917.94192853272,36925.84839184217,-8.0759603872333409e-07,1.5677082302873644e-16,9.9855938163372746e-15
1385,0.00029149990091491599,9.8699951970954931,722.19336898401116,732.06887007261264,10.072526047812588,32.932163448403003,24940.939780411285,36948.538702871876,-8.0839251965386807e-07,1.5677082302873644e-16,9.9855938163372746e-15
1386,0.00029145114230707495,9.8735842573552883,722.07009003294661,732.1178935661178,10.072993292497875,32.937616801100184,24963.939172303661,36971.225140088674,-8.0918617889878726e-07,1.5677082302873644e-16,9.9855938163372746e-15
1387,0.00029140240646196631,9.8771733654980522,721.94686827276837,732.16691586254865,10.07346861757682,32.943069910192335,24986.940104317626,36993.907705279998,-8.0997960864195919e-07,1.5677082302873644e-16,9.9855938163372746e-15
1388,0.00029135369365060782,9.8807628274268851,721.8237041631254,732.21592931432792,10.073952020113815,32.948522780887011,25009.942576291258,37016.586400250104,-8.1077237220224804e-07,1.5677082302873644e-16,9.9855938163372746e-15
1389,0.00029130500408431844,9.8843528945450849,721.70059805352241,732.26492763637282,10.074443496829709,32.953975418130895,25032.946587845039,37039.261226815863,-8.1156683714479019e-07,1.5677082302873644e-16,9.9855938163372746e-15
1390,0.0002912563379319881,9.8879437792400502,721.57755021538844,732.31390551899881,10.074943044159879,32.959427826650654,25055.952138418099,37061.932186803839,-8.1236248133567154e-07,1.5677082302873644e-16,9.9855938163372746e-15
1391,0.00029120769533110902,9.8915356647515775,721.45456086257445,732.36285838121057,10.075450658297488,32.964880010982966,25078.959227294716,37084.599282048162,-8.1316025591663146e-07,1.5677082302873644e-16,9.9855938163372746e-15
1392,0.0002911590763951505,9.8951287118056577,721.33163016503102,732.41178220485858,10.075966335225521,32.97033197549689,25101.967853624457,37107.262514388975,-8.1395390330279768e-07,1.5677082302873644e-16,9.9855938163372746e-15
1393,0.00029111048121874239,9.8987230632661358,721.20875825842859,732.46067341834657,10.076490070742004,32.975783724412445,25124.978016437919,37129.921885671203,-8.147485471729937e-07,1.5677082302873644e-16,9.9855938163372746e-15
1394,0.00029106190988139691,9.9023188475081696,721.08594525104115,732.5095288122958,10.077021860480924,32.981235261814284,25147.989714659358,37152.577397743575,-8.1554403894402176e-07,1.5677082302873644e-16,9.9855938163372746e-15
1395,0.0002910133624503182,9.9059161809358436,720.96319122896341,732.5583454766039,10.077561699927898,32.986686591663876,25171.00294711706,37175.229052457871,-8.1634039605522403e-07,1.5677082302873644e-16,9.9855938163372746e-15
1396,0.00029096483898249925,9.9095151699060242,720.84049625997136,732.60712075234937,10.0781095844349,32.992137717809726,25194.017712551933,37197.87685166829,-8.1713680374051958e-07,1.5677082302873644e-16,9.9855938163372746e-15
1397,0.00029091633952637783,9.9131159122271679,720.71786039658696,732.65585219432069,10.078665509231346,32.997588643995627,25217.034009624807,37220.520797230885,-8.1793250338851008e-07,1.5677082302873644e-16,9.9855938163372746e-15
1398,0.00029086786412313431,9.916718498350221,720.59528367846713,732.70453754124446,10.079229469434319,33.00303937386731,25240.051836922634,37243.160891003165,-8.187296644534012e-07,1.5677082302873644e-16,9.9855938163372746e-15
1399,0.00029081941280773374,9.9203230123270796,720.47276613432132,732.75317469182289,10.07980146005699,33.008489910979669,25263.071192963904,37265.797134843706,-8.1952450992239645e-07,1.5677082302873644e-16,9.9855938163372746e-15
1400,0.00029077098560977591,9.9239295325944497,720.35030778347323,732.8017616851389,10.080381476016225,33.013940258801519,25286.092076203338,37288.429530611858,-8.203177108613949e-07,1.5677082302873644e-16,9.9855938163372746e-15
1401,0.00029072258255418381,9.9275381326210379,720.22790863711816,732.85029668447396,10.080969512139248,33.019390420720853,25309.114485036051,37311.058080167415,-8.2111166901664435e-07,1.5677082302873644e-16,9.9855938163372746e-15
1402,0.00029067420366178019,9.9311488814490296,720.10556869937466,732.89877796377414,10.081565563169384,33.024840400048809,25332.138417801227,37333.682785370424,-8.2190648588511792e-07,1.5677082302873644e-16,9.9855938163372746e-15
1403,0.00029062584894978626,9.9347618441512022,719.98328796820363,732.94720389622,10.082169623771264,33.03029020002419,25355.163872785393,37356.303648080961,-8.227028255569778e-07,1.5677082302873644e-16,9.9855938163372746e-15
1404,0.00029057751843222356,9.938377082219068,719.86106643613402,732.99557294452336,10.082781688535567,33.035739823816684,25378.190848225415,37378.920670158965,-8.2349662327027621e-07,1.5677082302873644e-16,9.9855938163372746e-15
1405,0.0002905292121202544,9.941994653897142,719.73890409087392,733.04388365257137,10.083401751983381,33.041189274529479,25401.219342311153,37401.533853464025,-8.242926036916808e-07,1.5677082302873644e-16,9.9855938163372746e-15
1406,0.00029048093002248993,9.9456146144714026,719.61680091587414,733.09213463821493,10.08402980856984,33.046638555203479,25424.249353187901,37424.143199855338,-8.2508888860400519e-07,1.5677082302873644e-16,9.9855938163372746e-15
1407,0.00029043267214524715,9.9492370165203017,719.49475689078952,733.14032458699251,10.084665852687749,33.052087668818338,25447.280878958616,37446.748711191438,-8.2588513759128414e-07,1.5677082302873644e-16,9.9855938163372746e-15
1408,0.00029038443849277489,9.9528619101346738,719.37277199188634,733.18845224663323,10.085309878670735,33.05753661829656,25470.313917685929,37469.350389330233,-8.2668491978935148e-07,1.5677082302873644e-16,9.9855938163372746e-15
1409,0.00029033622906744056,9.9564893431116079,719.25084619237089,733.23651642220989,10.085961880796409,33.06298540650446,25493.348467394069,37491.948236128825,-8.2748160999199534e-07,1.5677082302873644e-16,9.9855938163372746e-15
1410,0.00029028804386990801,9.9601193611253791,719.12897946270994,733.28451597186552,10.086621853288674,33.068434036255653,25516.38452607056,37514.542253443382,-8.2827778712918319e-07,1.5677082302873644e-16,9.9855938163372746e-15
1411,0.00029023988289929265,9.9637520078807551,719.00717177090939,733.33244980298105,10.08728979032062,33.073882510310952,25539.422091667824,37537.132443129165,-8.290739694981738e-07,1.5677082302873644e-16,9.9855938163372746e-15
1412,0.00029019174615328827,9.9673873252486818,718.8854230827335,733.38031686878298,10.087965686016727,33.079330831382784,25562.461162104701,37559.718807040379,-8.2986731448614122e-07,1.5677082302873644e-16,9.9855938163372746e-15
1413,0.0002901436336282912,9.9710253533891695,718.76373336192728,733.42811616527069,10.088649534454982,33.084779002134674,25585.501735267819,37582.301347030094,-8.3066434022173456e-07,1.5677082302873644e-16,9.9855938163372746e-15
1414,0.00029009554531950546,9.9746661308611362,718.64210257040043,733.47584672847142,10.089341329669102,33.090227025183708,25608.543809012899,37604.880064950237,-8.3146273529450036e-07,1.5677082302873644e-16,9.9855938163372746e-15
1415,0.00029004748122102005,9.9783096947223875,718.5205306683489,733.52350763194022,10.090041065650128,33.095674903103117,25631.587381165973,37627.454962651507,-8.322589539373233e-07,1.5677082302873644e-16,9.9855938163372746e-15
1416,0.00028999944132593363,9.9819560806203018,718.3990176145013,733.57109798449244,10.09074873634853,33.101122638421543,25654.632449524532,37650.026041983336,-8.3305619731591094e-07,1.5677082302873644e-16,9.9855938163372746e-15
1417,0.00028995142562639165,9.9856053228738251,718.27756336615278,733.61861692815444,10.091464335675671,33.106570233626101,25677.679011858589,37672.593304793802,-8.3385103720431665e-07,1.5677082302873644e-16,9.9855938163372746e-15
1418,0.00028990343411367604,9.9892574545487598,718.15616787933561,733.66606363628091,10.092187857505476,33.112017691163061,25700.727065911713,37695.156752929674,-8.3464774449751613e-07,1.5677082302873644e-16,9.9855938163372746e-15
1419,0.00028985546677826366,9.9929125075274783,718.03483110891489,733.7134373118131,10.092919295675804,33.117465013438348,25723.776609401953,37717.71638823628,-8.3544151605180095e-07,1.5677082302873644e-16,9.9855938163372746e-15
1420,0.00028980752360989253,9.9965705125708801,717.91355300870987,733.76073718572798,10.093658643990112,33.122912202820558,25746.827640022788,37740.272212557531,-8.3623960209941775e-07,1.5677082302873644e-16,9.9855938163372746e-15
1421,0.0002897596045975895,10.000231499377993,717.79233353152006,733.80796251555023,10.094405896218412,33.128359261640306,25769.880155443909,37762.824227735873,-8.3703486297355111e-07,1.5677082302873644e-16,9.9855938163372746e-15
1422,0.00028971170972974162,10.003895496639052,717.67117262926593,733.85511258402369,10.095161046098692,33.133806192191095,25792.934153312155,37785.372435612248,-8.3782951172676311e-07,1.5677082302873644e-16,9.9855938163372746e-15
1423,0.00028966383899413009,10.007562532085389,717.55007025303814,733.90218669786532,10.095924087338435,33.139252996732175,25815.989631252149,37807.916838026053,-8.3862836615181e-07,1.5677082302873644e-16,9.9855938163372746e-15
1424,0.00028961599237797099,10.011232632535831,717.429026353165,733.94918418660427,10.096695013615241,33.144699677488092,25839.04658686712,37830.457436815188,-8.39425771367496e-07,1.5677082302873644e-16,9.9855938163372746e-15
1425,0.00028956816986795572,10.014905823939285,717.30804087928436,733.99610440151775,10.097473818578122,33.150146236649256,25862.105017739574,37852.994233815938,-8.4022230391848381e-07,1.5677082302873644e-16,9.9855938163372746e-15
1426,0.00028952037145027265,10.018582131414393,717.18711378036846,734.04294671464015,10.098260495848479,33.15559267637385,25885.164921431973,37875.527230863016,-8.4101869172292887e-07,1.5677082302873644e-16,9.9855938163372746e-15
1427,0.00028947259711064634,10.022261579287489,717.06624500479506,734.0897105178127,10.099055039021311,33.161038998788072,25908.226295487344,37898.056429789503,-8.4181743837283921e-07,1.5677082302873644e-16,9.9855938163372746e-15
1428,0.00028942484683437762,10.025944191126513,716.94543450042329,734.13639522183712,10.099857441665895,33.166485205987037,25931.289137429929,37920.581832426884,-8.4261547907816549e-07,1.5677082302873644e-16,9.9855938163372746e-15
1429,0.0002893771206063481,10.029629989774566,716.82468221458032,734.18300025563576,10.10066769732663,33.171931300035226,25954.353444765744,37943.103440604958,-8.4341148670494433e-07,1.5677082302873644e-16,9.9855938163372746e-15
1430,0.00028932941841105267,10.033318997379013,716.70398809412279,734.22952506552463,10.10148579952425,33.177377282968017,25977.419214983125,37965.621256151884,-8.4420753583735826e-07,1.5677082302873644e-16,9.9855938163372746e-15
1431,0.0002892817402326309,10.03701123542109,716.58335208549317,734.27596911447267,10.102311741756258,33.182823156791287,26000.486445553292,37988.135280894159,-8.4500461005432377e-07,1.5677082302873644e-16,9.9855938163372746e-15
1432,0.00028923408605487858,10.040706724742588,716.46277413472967,734.32233188143539,10.103145517497872,33.188268923483129,26023.555133930837,38010.645516656557,-8.4580224512054381e-07,1.5677082302873644e-16,9.9855938163372746e-15
1433,0.00028918645586127254,10.044405485571021,716.34225418751078,734.3686128607244,10.103987120202817,33.193714584993415,26046.625277554231,38033.151965262165,-8.4659988088433751e-07,1.5677082302873644e-16,9.9855938163372746e-15
1434,0.00028913884963498718,10.048107537543379,716.22179218917847,734.41481156141549,10.104836543304035,33.199160143245905,26069.696873846278,38055.654628532371,-8.4739733527896935e-07,1.5677082302873644e-16,9.9855938163372746e-15
1435,0.00028909126735891192,10.051812899728885,716.10138808476643,734.46092750677781,10.105693780214279,33.204605600137256,26092.76992021461,38078.153508286821,-8.481941193052758e-07,1.5677082302873644e-16,9.9855938163372746e-15
1436,0.00028904370901565999,10.055521590650015,715.98104181900715,734.50696023374962,10.106558824326809,33.210050957538471,26115.844414052073,38100.648606343442,-8.4899042235451635e-07,1.5677082302873644e-16,9.9855938163372746e-15
1437,0.00028899617458759825,10.059233628302788,715.86075333639053,734.55290929243029,10.107431669016309,33.215496217294927,26138.920352737186,38123.139924518422,-8.4978703408011902e-07,1.5677082302873644e-16,9.9855938163372746e-15
1438,0.00028894866405684583,10.06294903017581,715.74052258114853,734.59877424560477,10.108312307638972,33.220941381228094,26161.99773363454,38145.627464626188,-8.5058501793318882e-07,1.5677082302873644e-16,9.9855938163372746e-15
1439,0.00028890117740530056,10.066667813267918,715.62034949730742,734.64455466830202,10.109200733533482,33.226386451134516,26185.076554095176,38168.111228479429,-8.5138137643953864e-07,1.5677082302873644e-16,9.9855938163372746e-15
1440,0.0002888537146146391,10.070389994105939,715.500234028676,734.69025014735155,10.110096940021723,33.231831428786855,26208.156811456967,38190.59121788905,-8.521827396883961e-07,1.5677082302873644e-16,9.9855938163372746e-15
1441,0.00028880551307365431,10.074047902574259,715.3783334873433,734.65588576897676,10.110999080553729,33.237274433315399,26231.237241591836,38213.067405523041,-8.5298115533958595e-07,1.5677082302873644e-16,9.9855938163372746e-15
1442,0.00028875734128373505,10.077654001199965,715.25654293193247,734.62281663666749,10.111905358424863,33.242713636815225,26254.316615071319,38235.539765363392,-8.5378043563337646e-07,1.5677082302873644e-16,9.9855938163372746e-15
1443,0.00028870919715068375,10.081228127143765,715.13484358319806,734.59054682140584,10.112815815221412,33.248149092304395,26277.394962836468,38258.008300497175,-8.5457805500418821e-07,1.5677082302873644e-16,9.9855938163372746e-15
1444,0.00028866107990448522,10.084777348940593,715.0132286863917,734.55889960981847,10.113730479741402,33.253580839186206,26300.472306923755,38280.473013672323,-8.5537646472600164e-07,1.5677082302873644e-16,9.9855938163372746e-15
1445,0.00028861298909126613,10.08830575509084,714.89169431148866,734.5277727893955,10.114649374752409,33.259008910440564,26323.548665169576,38302.933907475759,-8.5617773973178616e-07,1.5677082302873644e-16,9.9855938163372746e-15
1446,0.00028856492439822284,10.091816106800795,714.77023778751311,734.49709732998008,10.115572519242754,33.264433335019262,26346.624052777475,38325.390984392914,-8.5697585124084299e-07,1.5677082302873644e-16,9.9855938163372746e-15
1447,0.00028851688559036086,10.095310433243974,714.64885713804972,734.46682250223387,10.116499929536419,33.269854139033022,26369.69848309438,38347.844246837121,-8.5777712101482475e-07,1.5677082302873644e-16,9.9855938163372746e-15
1448,0.0002884688724810619,10.098790308374852,714.52755081866712,734.43690895729537,10.117431619945393,33.275271346445173,26392.771968064833,38370.293697166904,-8.5857799282301091e-07,1.5677082302873644e-16,9.9855938163372746e-15
1449,0.0002884208849162116,10.102256999967729,714.4063175754651,734.40732500080674,10.118367603191578,33.280684979520828,26415.844518524609,38392.739337697087,-8.5937858943837251e-07,1.5677082302873644e-16,9.9855938163372746e-15
1450,0.00028837292276477611,10.105711558063051,714.28515636110762,734.37804438175704,10.119307890698273,33.286095059137061,26438.916144403756,38415.181170706499,-8.6017783066803591e-07,1.5677082302873644e-16,9.9855938163372746e-15
1451,0.00028832498591281554,10.109154871260852,714.16406628140362,734.34904488514542,10.120252492801898,33.291501605008037,26461.9868548739,38437.619198443623,-8.6097638792668676e-07,1.5677082302873644e-16,9.9855938163372746e-15
1452,0.00028827707425945523,10.112587704498532,714.04304655942303,734.32030738753667,10.121201418911328,33.296904635854226,26485.056658459376,38460.053423130747,-8.6177744773098497e-07,1.5677082302873644e-16,9.9855938163372746e-15
1453,0.00028822918771406395,10.116010725484221,713.92209651038047,734.29181519622762,10.122154677632034,33.302304169535041,26508.125563123314,38482.483846967269,-8.6257351221002029e-07,1.5677082302873644e-16,9.9855938163372746e-15
1454,0.00028818132619423816,10.119424523821708,713.80121552352432,734.26355357112379,10.123112276864099,33.307700223152381,26531.193576336194,38504.910472132244,-8.6337362296530013e-07,1.5677082302873644e-16,9.9855938163372746e-15
1455,0.00028813348962426923,10.122829625241248,713.6804030485763,734.23550936896879,10.124074223881941,33.313092813136421,26554.260705131263,38527.333300786544,-8.6417460359498348e-07,1.5677082302873644e-16,9.9855938163372746e-15
1456,0.00028808567793399978,10.126226502435102,713.5596585854646,734.20767077245591,10.125040525400465,33.318481955314489,26577.326956150322,38549.752335074569,-8.6497463587322212e-07,1.5677082302873644e-16,9.9855938163372746e-15
1457,0.00028803789105793484,10.129615583476442,713.43898167634484,734.18002707975563,10.12601118762918,33.323867664970116,26600.392335681907,38572.167577125671,-8.6577372433424525e-07,1.5677082302873644e-16,9.9855938163372746e-15
1458,0.00028799012893452361,10.132997258472193,713.31837189925352,734.15256853819506,10.126986216319329,33.329249956892262,26623.456849693659,38594.579029055429,-8.6657589362951266e-07,1.5677082302873644e-16,9.9855938163372746e-15
1459,0.00028794239150561164,10.136371884900914,713.19782886308735,734.12528621081037,10.127965616803248,33.334628845417271,26646.520503859927,38616.986692966617,-8.6737591195627735e-07,1.5677082302873644e-16,9.9855938163372746e-15
1460,0.00028789467871595813,10.139739791950513,713.07735220342886,734.09817186790394,10.128949394028876,33.340004344465441,26669.583303585674,38639.390570950192,-8.6817671819253571e-07,1.5677082302873644e-16,9.9855938163372746e-15
1461,0.00028784699051288435,10.143101284087466,712.95694157922458,734.07121789781331,10.12993755258938,33.34537646757326,26692.645254027237,38661.790665086017,-8.689743717444588e-07,1.5677082302873644e-16,9.9855938163372746e-15
1462,0.00028779932684594369,10.14645664402131,712.83659666993105,734.04441723280047,10.130930096749447,33.350745227920157,26715.706360110533,38684.186977443554,-8.6977331859802083e-07,1.5677082302873644e-16,9.9855938163372746e-15
1463,0.00028775168766666801,10.14980613519255,712.71631717317791,734.01776328685298,10.131927030468427,33.356110638354167,26738.766626547171,38706.57951008252,-8.7057446385509732e-07,1.5677082302873644e-16,9.9855938163372746e-15
1464,0.00028770407292834371,10.153150003877473,712.59610280276661,733.99124990306314,10.132928357420685,33.36147271141224,26761.826057848688,38728.96826505338,-8.7137565515203778e-07,1.5677082302873644e-16,9.9855938163372746e-15
1465,0.0002876564825858206,10.156488480982397,712.47595328696389,733.96487130877335,10.133934081014244,33.366831459342173,26784.884658339393,38751.353244397826,-8.7217577846364434e-07,1.5677082302873644e-16,9.9855938163372746e-15
1466,0.00028760891659535768,10.159821783584173,712.35586836706079,733.9386220770624,10.134944204406814,33.372186894117043,26807.9424321677,38773.734450149226,-8.7297681524801041e-07,1.5677082302873644e-16,9.9855938163372746e-15
1467,0.00028756137491448122,10.163150116261264,712.23584779610644,733.91249709346835,10.135958730521065,33.377539027453757,26830.999383316561,38796.111884333019,-8.7377871911648513e-07,1.5677082302873644e-16,9.9855938163372746e-15
1468,0.0002875138575018648,10.166473672251415,712.11589133781433,733.88649152704807,10.136977662057731,33.382887870824852,26854.055515612759,38818.485548967044,-8.7457769526814262e-07,1.5677082302873644e-16,9.9855938163372746e-15
1469,0.00028746636431721859,10.169792634462667,711.99599876559296,733.86060080509981,10.138001001507979,33.388233435473886,26877.110832735441,38840.855446061883,-8.7537612242929854e-07,1.5677082302873644e-16,9.9855938163372746e-15
1470,0.0002874188953212065,10.173107176361823,711.87616986172975,733.83482059095434,10.13902875116465,33.393575732424921,26900.165338223855,38863.221577621131,-8.7617562001729646e-07,1.5677082302873644e-16,9.9855938163372746e-15
1471,0.00028737145047535756,10.176417462758849,711.75640441663143,733.80914676436203,10.140060913132046,33.398914772495267,26923.219035484446,38885.583945641687,-8.7697523200738112e-07,1.5677082302873644e-16,9.9855938163372746e-15
1472,0.00028732402974200285,10.179723650501783,711.63670222818951,733.78357540412185,10.14109748933593,33.404250566304327,26946.271927797377,38907.942552113942,-8.7777480737484657e-07,1.5677082302873644e-16,9.9855938163372746e-15
1473,0.00028727663308420316,10.183025889095083,711.51706310117606,733.75810277262281,10.142138481531671,33.409583124282747,26969.324018322568,38930.297399022114,-8.7857629758211739e-07,1.5677082302873644e-16,9.9855938163372746e-15
1474,0.00028722926046569351,10.186324321252993,711.39748684672531,733.73272530200836,10.143183891312232,33.414912456681719,26992.375310105206,38952.648488344334,-8.7937617255748677e-07,1.5677082302873644e-16,9.9855938163372746e-15
1475,0.00028718191185084333,10.189619083394382,711.27797328189365,733.70743958180708,10.144233720116027,33.420238573579702,27015.425806080912,38974.995822052922,-8.8017667848826754e-07,1.5677082302873644e-16,9.9855938163372746e-15
1476,0.00028713458720459493,10.192910306089232,711.15852222920023,733.68224234776915,10.145287969233108,33.425561484890622,27038.475509080457,38997.339402114514,-8.8097682063436383e-07,1.5677082302873644e-16,9.9855938163372746e-15
1477,0.00028708728649243703,10.196198114460794,711.03913351628466,733.65713047181339,10.14634663981191,33.43088120037018,27061.524421834245,39019.679230490292,-8.8177900143959732e-07,1.5677082302873644e-16,9.9855938163372746e-15
1478,0.00028704000968035663,10.199482628549793,710.91980697553629,733.63210095292186,10.147409732865261,33.436197729622151,27084.572546976422,39042.015309136055,-8.8258271725575674e-07,1.5677082302873644e-16,9.9855938163372746e-15
1479,0.00028699275673482115,10.20276396364534,710.80054244382234,733.60715090886652,10.148477249275714,33.441511082104476,27107.61988704875,39064.34764000243,-8.8338537241110592e-07,1.5677082302873644e-16,9.9855938163372746e-15
1480,0.0002869455276227275,10.20604223058511,710.68133976215483,733.58227756870542,10.149549189800828,33.44682126713414,27130.666444504186,39086.676225034986,-8.8418636524832902e-07,1.5677082302873644e-16,9.9855938163372746e-15
1481,0.00028689832231138836,10.209317536031042,710.56219877546641,733.55747826589061,10.150625555078056,33.452128293893374,27153.712221710317,39109.001066174344,-8.8498839119220112e-07,1.5677082302873644e-16,9.9855938163372746e-15
1482,0.00028685114076850023,10.212589982719692,710.44311933235872,733.53275043200767,10.151706345629288,33.45743217143356,27176.757220952499,39131.322165356331,-8.8578771822342948e-07,1.5677082302873644e-16,9.9855938163372746e-15
1483,0.00028680398296214503,10.215859669692444,710.32410128494769,733.50809159102232,10.152791561865035,33.462732908680131,27199.801444436875,39153.639524512051,-8.8659086098279464e-07,1.5677082302873644e-16,9.9855938163372746e-15
1484,0.00028675684886071961,10.219126692507828,710.20514448854237,733.48349935397096,10.15388120408876,33.46803051443711,27222.844894293175,39175.953145568041,-8.8739348439854059e-07,1.5677082302873644e-16,9.9855938163372746e-15
1485,0.00028670973843296279,10.222391143435392,710.08624880157845,733.45897141411513,10.154975272500536,33.473324997390954,27245.887572577387,39198.263030446331,-8.8819620477703067e-07,1.5677082302873644e-16,9.9855938163372746e-15
1486,0.0002866626516479174,10.225653111635664,709.96741408539924,733.43450554244157,10.156073767200455,33.478616366114004,27268.929481274248,39220.569181064522,-8.889961547415728e-07,1.5677082302873644e-16,9.9855938163372746e-15
1487,0.00028661558847492004,10.228912683326245,709.84864020411692,733.41009958351049,10.157176688192413,33.483904629068768,27291.970622299657,39242.871599335944,-8.897959833282912e-07,1.5677082302873644e-16,9.9855938163372746e-15
1488,0.00028656854888358204,10.23216994193502,709.72992702445879,733.38575145162451,10.158284035387107,33.489189794610816,27315.010997502886,39265.170287169676,-8.9059872393641855e-07,1.5677082302873644e-16,9.9855938163372746e-15
1489,0.00028652153284377494,10.2354249682434,709.61127441563247,733.36145912724828,10.159395808605233,33.494471870992278,27338.050608668742,39287.465246470645,-8.9140048201199007e-07,1.5677082302873644e-16,9.9855938163372746e-15
1490,0.00028647454032562939,10.238677840518191,709.49268224923253,733.33722065371182,10.160512007580191,33.499750866365204,27361.089457519574,39309.756479139731,-8.9220322785192018e-07,1.5677082302873644e-16,9.9855938163372746e-15
1491,0.00028642757129949514,10.241928634634789,709.37415039905579,733.31303413413025,10.161632631961139,33.505026788783319,27384.127545717198,39332.043987073805,-8.9300554852068034e-07,1.5677082302873644e-16,9.9855938163372746e-15
1492,0.00028638062573596947,10.245177424191915,709.25567874109288,733.2888977285354,10.162757681315274,33.510299646206953,27407.164874864757,39354.327772165787,-8.9380687514691869e-07,1.5677082302873644e-16,9.9855938163372746e-15
1493,0.00028633370360585592,10.248424280618876,709.13726715335179,733.26480965119481,10.163887155130798,33.515569446503321,27430.201446508458,39376.607836304771,-8.9460954076587339e-07,1.5677082302873644e-16,9.9855938163372746e-15
1494,0.0002862868048801672,10.251669273275576,709.01891551579604,733.24076816811066,10.165021052818851,33.520836197450379,27453.237262139184,39398.884181376008,-8.9541232218206216e-07,1.5677082302873644e-16,9.9855938163372746e-15
1495,0.00028623992953011367,10.254912469545971,708.90062371025112,733.21677159468402,10.166159373716157,33.526099906739518,27476.272323194167,39421.156809261032,-8.9621643422008298e-07,1.5677082302873644e-16,9.9855938163372746e-15
1496,0.00028619307752710042,10.258153934926098,708.78239162033719,733.19281829351416,10.167302117086777,33.531360581976934,27499.306631058436,39443.425721837695,-8.9701874512281138e-07,1.5677082302873644e-16,9.9855938163372746e-15
1497,0.00028614624884270976,10.261393733105681,708.66421913136855,733.16890667235793,10.168449282124813,33.536618230686138,27522.340187066304,39465.690920980218,-8.9782063992282801e-07,1.5677082302873644e-16,9.9855938163372746e-15
1498,0.0002860994434487018,10.264631926046178,708.54610613030161,733.14503518217884,10.169600867955804,33.541872860310548,27545.372992502762,39487.952408559227,-8.9862312626534185e-07,1.5677082302873644e-16,9.9855938163372746e-15
1499,0.00028605266131701208,10.267868574053105,708.42805250567847,733.12120231533913,10.170756873638895,33.547124478214855,27568.405048604764,39510.210186441836,-8.9942832826226826e-07,1.5677082302873644e-16,9.9855938163372746e-15
1500,0.00028600590241972378,10.271103735843973,708.31005814751177,733.09740660390071,10.171917298168628,33.552373091687684,27591.436356562543,39532.464256491687,-9.0023107445098526e-07,1.5677082302873644e-16,9.9855938163372746e-15
1501,0.0002859594107525443,10.274453263938865,708.19264880628759,733.20783506819487,10.173085288088368,33.557621868054426,27614.469034271238,39554.714629088456,-9.0103321200664933e-07,1.5677082302873644e-16,9.9855938163372746e-15
1502,0.0002859129403626908,10.277895898110751,708.07522980743329,733.31593588056444,10.174263903810971,33.562873885623681,27637.505140207322,39576.9613128821,-9.0183874953652533e-07,1.5677082302873644e-16,9.9855938163372746e-15
1503,0.00028586649188855475,10.281397776616572,707.95782570364076,733.42255558458567,10.175453060752277,33.568129065331817,27660.544617896896,39599.204308052125,-9.026424447742606e-07,1.5677082302873644e-16,9.9855938163372746e-15
1504,0.0002858200655437558,10.28494688341789,707.84044518255075,733.52799458121945,10.176652696326146,33.573387350862454,27683.587426039772,39621.443615217824,-9.0344492658254545e-07,1.5677082302873644e-16,9.9855938163372746e-15
1505,0.00028577366144057713,10.288536299448163,707.72309322343585,733.63242584712918,10.177862758277733,33.578648696577503,27706.633530461342,39643.67923520413,-9.0424663059615515e-07,1.5677082302873644e-16,9.9855938163372746e-15
1506,0.00028572727964611518,10.292161374770632,707.60577315400735,733.73596563073409,10.179083200799095,33.583913063498578,27729.682901432567,39665.911168963648,-9.0504900637323767e-07,1.5677082302873644e-16,9.9855938163372746e-15
1507,0.00028568092020257469,10.295818710127715,707.48848739148389,733.83869891347376,10.180313982605989,33.589180417316584,27752.735512343315,39688.139417537976,-9.058560377571913e-07,1.5677082302873644e-16,9.9855938163372746e-15
1508,0.00028563458313673182,10.299505683368929,707.37123778730381,733.94069124911016,10.181555065813084,33.59445072722918,27775.79133892657,39710.36398203516,-9.0665808637220866e-07,1.5677082302873644e-16,9.9855938163372746e-15
1509,0.00028558826846500276,10.303220194498344,707.25402581266917,734.04199513754133,10.182806415207963,33.59972396518949,27798.850358757423,39732.584863615084,-9.0746298073913361e-07,1.5677082302873644e-16,9.9855938163372746e-15
1510,0.00028554197619647071,10.306960514400041,707.13685266870357,734.14265380666563,10.184067997749768,33.60500010538675,27821.912550907011,39754.802063479357,-9.0827069051351005e-07,1.5677082302873644e-16,9.9855938163372746e-15
1511,0.00028549570633482372,10.310725188574143,707.01971935658969,734.24270361897982,10.185339782205006,33.61027912387113,27844.977895691696,39777.015582864049,-9.0907305373426595e-07,1.5677082302873644e-16,9.9855938163372746e-15
1512,0.00028544945887961829,10.314512972548474,706.90262672454617,734.34217568628821,10.186621738874488,33.615560998269657,27868.046374484278,39799.225423034208,-9.0988005372740312e-07,1.5677082302873644e-16,9.9855938163372746e-15
1513,0.00028540323382720293,10.318322786703657,706.78557550078619,734.44109699907517,10.187913839380871,33.62084570756754,27891.117969567797,39821.431585279541,-9.1068215745074275e-07,1.5677082302873644e-16,9.9855938163372746e-15
1514,0.00028535703117135876,10.322153683594852,706.66856631729615,734.53949124346195,10.189216056501106,33.626133231934382,27914.192664019505,39843.634070911066,-9.1148593674610886e-07,1.5677082302873644e-16,9.9855938163372746e-15
1515,0.00028531085090379062,10.326004823650891,706.55159972755609,734.63737940872772,10.190528364029813,33.631423552582952,27937.270441617056,39865.832881258408,-9.1229096748869204e-07,1.5677082302873644e-16,9.9855938163372746e-15
1516,0.00028526469301448968,10.329875456676399,706.43467622000401,734.7347802497568,10.191850736667917,33.636716651654339,27960.351286761361,39888.028017667501,-9.1309672963729921e-07,1.5677082302873644e-16,9.9855938163372746e-15
1517,0.00028521855749202586,10.333764907489609,706.31779622851661,734.83171064609303,10.193183149929135,33.642012512120942,27983.435184412261,39910.219481498767,-9.1390204150208338e-07,1.5677082302873644e-16,9.9855938163372746e-15
1518,0.0002851724443237547,10.337672564579011,706.20096014063074,734.92818588552473,10.194525580061516,33.647311117705122,28006.522120034235,39932.407274125493,-9.147089640645399e-07,1.5677082302873644e-16,9.9855938163372746e-15
1519,0.00028512635349604073,10.341597871008961,706.084168304277,735.02421989144273,10.195878003979958,33.652612452809898,28029.612079550065,39954.591396932512,-9.1551348732225662e-07,1.5677082302873644e-16,9.9855938163372746e-15
1520,0.00028508028499434404,10.345540317033574,705.96742103301403,735.11982540749409,10.197240399208937,33.6579165024594,28052.705049301017,39976.771851315047,-9.1631814590927101e-07,1.5677082302873644e-16,9.9855938163372746e-15
1521,0.00028503423880339577,10.349499434026098,705.85071861059066,735.21501414934744,10.198612743831617,33.663223252246283,28075.801016012178,39998.948638677677,-9.1712354601712811e-07,1.5677082302873644e-16,9.9855938163372746e-15
1522,0.00028498821490726323,10.353474789439762,705.73406129453303,735.30979693067263,10.199995016446675,33.668532688287776,28098.899966762245,40021.121760433467,-9.1792887811154955e-07,1.5677082302873644e-16,9.9855938163372746e-15
1523,0.00028494221328945023,10.357465982582827,705.61744931926683,735.40418376876278,10.201387196129399,33.673844797184039,28122.001888956867,40043.291218003229,-9.1873931853817307e-07,1.5677082302873644e-16,9.9855938163372746e-15
1524,0.0002848962339329638,10.361472641049831,705.50088289870928,735.49818397375418,10.202789262397458,33.679159565984143,28145.10677030509,40065.45701281479,-9.1954276997390035e-07,1.5677082302873644e-16,9.9855938163372746e-15
1525,0.00028485027682036048,10.365494417680232,705.38436222845257,735.59180622466067,10.204201195180577,33.684476982154351,28168.214598798353,40087.619146302401,-9.2035010480241333e-07,1.5677082302873644e-16,9.9855938163372746e-15
1526,0.00028480434193381535,10.369530987952226,705.26788748770798,735.68505863452776,10.205622974793242,33.689797033549262,28191.325362691692,40109.777619906214,-9.2115731371887349e-07,1.5677082302873644e-16,9.9855938163372746e-15
1527,0.00028475842925516253,10.373582047732173,705.15145884093761,735.7779488066958,10.207054581910274,33.695119708386642,28214.439050486882,40131.932435071758,-9.2196239747705784e-07,1.5677082302873644e-16,9.9855938163372746e-15
1528,0.00028471253876592853,10.377647311320917,705.03507643926673,735.87048388364371,10.208495997544748,33.700444995226825,28237.555650917227,40154.083593249547,-9.2276936538180489e-07,1.5677082302873644e-16,9.9855938163372746e-15
1529,0.00028466667044735881,10.381726509749642,704.91874042170923,735.96267058959234,10.209947203028047,33.70577288294816,28260.675152933731,40176.231095894604,-9.2357421301129189e-07,1.5677082302873644e-16,9.9855938163372746e-15
1530,0.00028462082428046303,10.385819389283661,704.80245091629797,736.05451526790853,10.211408179991533,33.711103360731599,28283.797545692574,40198.374944466166,-9.243810445403806e-07,1.5677082302873644e-16,9.9855938163372746e-15
1531,0.00028457500024603379,10.3899257101054,704.68620804102841,736.14602391403162,10.212878910350225,33.716436418041674,28306.922818543673,40220.515140427349,-9.2518692283500873e-07,1.5677082302873644e-16,9.9855938163372746e-15
1532,0.00028452919832466035,10.394045245147055,704.57001190468702,736.23720220465691,10.214359376287046,33.721772044611789,28330.050961020206,40242.651685244797,-9.2599583836552505e-07,1.5677082302873644e-16,9.9855938163372746e-15
1533,0.00028448341849675963,10.398177779054993,704.45386260763348,736.32805552362527,10.215849560239874,33.72711023042924,28353.181962829061,40264.784580388477,-9.268031955163964e-07,1.5677082302873644e-16,9.9855938163372746e-15
1534,0.00028443766074259341,10.402323107265126,704.33776024247345,736.41858898503847,10.217349444887756,33.732450965722421,28376.31581384196,40286.913827331329,-9.2760978673134556e-07,1.5677082302873644e-16,9.9855938163372746e-15
1535,0.00028439192504227948,10.406481035175428,704.22170489464929,736.50880745394761,10.218859013139756,33.737794240948134,28399.452504087309,40309.039427549149,-9.2841608845320942e-07,1.5677082302873644e-16,9.9855938163372746e-15
1536,0.00028434621137580184,10.410651377402889,704.10569664297134,736.59871556492783,10.220378248123682,33.743140046780809,28422.592023742687,40331.161382520288,-9.2922257572967736e-07,1.5677082302873644e-16,9.9855938163372746e-15
1537,0.00028430051972303769,10.414833957114531,703.98973556014175,736.68831773880345,10.221907133176096,33.748488374102088,28445.734363127885,40353.279693725461,-9.3002969082247493e-07,1.5677082302873644e-16,9.9855938163372746e-15
1538,0.00028425485006375062,10.419028605422454,703.87382171314891,736.77761819777197,10.223445651833023,33.753839213990496,28468.879512698444,40375.394362647567,-9.3083561759847523e-07,1.5677082302873644e-16,9.9855938163372746e-15
1539,0.00028420920237762096,10.423235160836025,703.75795516371647,736.86662097909937,10.224993787821164,33.759192557713106,28492.027463039576,40397.505390771577,-9.3164110908848704e-07,1.5677082302873644e-16,9.9855938163372746e-15
1540,0.00028416357664423343,10.427453468764231,703.6421359686118,736.95532994756093,10.226551525049413,33.764548396716769,28515.178204860586,40419.612779584291,-9.324525233279952e-07,1.5677082302873644e-16,9.9855938163372746e-15
1541,0.00028411797284310335,10.431683381063216,703.52636418001919,737.04374880675289,10.228118847601891,33.769906722620533,28538.331728989662,40441.716530574202,-9.3325737618928496e-07,1.5677082302873644e-16,9.9855938163372746e-15
1542,0.00028407239095367673,10.435924755621755,703.41063984582331,737.13188110945612,10.229695739730365,33.775267527208086,28561.488026368941,40463.816645231418,-9.3406517978732409e-07,1.5677082302873644e-16,9.9855938163372746e-15
1543,0.00028402683095533546,10.440177455983962,703.29496300987876,737.21973026706758,10.231282185847796,33.780630802420831,28584.647088049918,40485.913125047424,-9.3487448770304638e-07,1.5677082302873644e-16,9.9855938163372746e-15
1544,0.00028398129282740809,10.444441351002387,703.179333712274,737.30729955827371,10.232878170522051,33.785996540351611,28607.808905189162,40508.005971515093,-9.356786799620426e-07,1.5677082302873644e-16,9.9855938163372746e-15
1545,0.00028393577654917557,10.448716314518622,703.06375198956266,737.39459213703446,10.234483678469923,33.79136473323927,28630.973469044256,40530.095186128463,-9.3648721287338461e-07,1.5677082302873644e-16,9.9855938163372746e-15
1546,0.00028389028209987256,10.453002225071828,702.9482178749663,737.48161103987093,10.23609869455183,33.79673537346121,28654.140770970018,40552.180770382663,-9.3729387977508029e-07,1.5677082302873644e-16,9.9855938163372746e-15
1547,0.00028384480945869463,10.457298965627249,702.83273139857738,737.56835919265211,10.237723203766464,33.80210845352984,28677.310802414893,40574.262725773828,-9.3810296342085808e-07,1.5677082302873644e-16,9.9855938163372746e-15
1548,0.00028379935860480611,10.461606423327394,702.71729258754817,737.65483941681498,10.23935719124594,33.807483966086814,28700.483554917613,40596.341053798991,-9.3891131147516979e-07,1.5677082302873644e-16,9.9855938163372746e-15
1549,0.00028375392951734155,10.465924489260807,702.60190146625246,737.74105443514645,10.241000642251255,33.812861903898138,28723.659020103969,40618.415755956012,-9.3971927865424139e-07,1.5677082302873644e-16,9.9855938163372746e-15
1550,0.00028370852217540077,10.470253058248369,702.48655805641897,737.82700687712395,10.242653542167655,33.818242259850081,28746.8371896838,40640.486833743424,-9.4052882827925057e-07,1.5677082302873644e-16,9.9855938163372746e-15
1551,0.00028366313655806718,10.474592028644942,702.37126237731286,737.91269928387658,10.244315876500867,33.82362502694388,28770.018055448178,40662.55428866046,-9.4133732247525225e-07,1.5677082302873644e-16,9.9855938163372746e-15
1552,0.00028361777264440468,10.478941302154491,702.25601444585288,737.99813411280456,10.245987630872822,33.829010198293282,28793.201609266656,40684.618122206884,-9.4214825852798939e-07,1.5677082302873644e-16,9.9855938163372746e-15
1553,0.00028357243041345585,10.48330078365905,702.14081427672511,738.08331374185707,10.247668791018164,33.834397767119746,28816.387843084747,40706.678335882971,-9.4295515214113735e-07,1.5677082302873644e-16,9.9855938163372746e-15
1554,0.00028352710984425804,10.487670381057837,702.02566188253184,738.16824047355408,10.249359342780622,33.839787726748568,28839.576748921467,40728.734931189436,-9.4376317652125244e-07,1.5677082302873644e-16,9.9855938163372746e-15
1555,0.00028348181091582974,10.492050005118667,701.91055727385958,738.25291653870011,10.251059272109632,33.845180070605871,28862.76831886702,40750.787909627332,-9.4457477736172533e-07,1.5677082302873644e-16,9.9855938163372746e-15
1556,0.00028343653360718017,10.496439569338184,701.79550045939834,738.33734409987869,10.252768565057432,33.850574792215518,28885.962545080649,40772.837272698023,-9.4538533811981202e-07,1.5677082302873644e-16,9.9855938163372746e-15
1557,0.00028339127789731852,10.500838989811543,701.68049144605334,738.42152525471147,10.254487207775487,33.855971885195899,28909.159419788462,40794.883021903137,-9.4619494913130677e-07,1.5677082302873644e-16,9.9855938163372746e-15
1558,0.0002833460437652479,10.505248185109881,701.56553023901415,738.50546203891975,10.25621518651212,33.861371343255897,28932.358935281518,40816.925158744452,-9.470071059380183e-07,1.5677082302873644e-16,9.9855938163372746e-15
1559,0.00028330083118996495,10.509667076165952,701.45061684183133,738.58915642918441,10.257952487609428,33.866773160193823,28955.561083913883,40838.963684723924,-9.4781799037030162e-07,1.5677082302873644e-16,9.9855938163372746e-15
1560,0.00028325564015046497,10.514095586166334,701.33575125650316,738.67261034584169,10.259699097500791,33.872177329893617,28978.765858100836,40860.99860134357,-9.4863133967925253e-07,1.5677082302873644e-16,9.9855938163372746e-15
1561,0.0002832103791192534,10.51843166563094,701.22077536250185,738.63795835922645,10.261452230766839,33.877581070417676,29001.971391003935,40883.02990740422,-9.4943720332483303e-07,1.5677082302873644e-16,9.9855938163372746e-15
1562,0.00028316514029682281,10.522694016876924,701.10590486593708,738.60514957807675,10.263209177977657,33.882981678041354,29025.175868129005,40905.057603154077,-9.5024661203995499e-07,1.5677082302873644e-16,9.9855938163372746e-15
1563,0.00028311992341182744,10.526912438089498,700.99111907617259,738.57343904776246,10.264969999370473,33.888379222551976,29048.379332726647,40927.081691497609,-9.5105867990601971e-07,1.5677082302873644e-16,9.9855938163372746e-15
1564,0.00028307472835269122,10.531097489293733,700.87641061758643,738.54256276765659,10.266734735812621,33.893773753769821,29071.581814702076,40949.102174967629,-9.518683683481951e-07,1.5677082302873644e-16,9.9855938163372746e-15
1565,0.00028302955504599811,10.535255242429566,700.76177522409751,738.51236893926091,10.268503419089637,33.899165312150799,29094.783337702363,40971.119055921648,-9.526784851006221e-07,1.5677082302873644e-16,9.9855938163372746e-15
1566,0.00028298440343537139,10.539389771714633,700.64721001424232,738.48275570713429,10.27027607533069,33.904553932313178,29117.983921476105,40993.132336607261,-9.5349091814651864e-07,1.5677082302873644e-16,9.9855938163372746e-15
1567,0.00028293927347386401,10.54350405053113,700.53271286984182,738.45364873672168,10.272052726703841,33.90993964478762,29141.183583041297,41015.142019194594,-9.5430280987522415e-07,1.5677082302873644e-16,9.9855938163372746e-15
1568,0.00028289416512037896,10.547600368458122,700.4182821469434,738.42499078854701,10.273833392407093,33.915322477036064,29164.382337368101,41037.148105795161,-9.5511525896531585e-07,1.5677082302873644e-16,9.9855938163372746e-15
1569,0.00028284907833777073,10.551680555771458,700.30391652025935,738.39673610571356,10.275618089308464,33.920702454111208,29187.580197819647,41059.150598474167,-9.5592610642619317e-07,1.5677082302873644e-16,9.9855938163372746e-15
1570,0.00028280401309170339,10.55574611664292,700.18961489081676,738.36884708392688,10.277406832387369,33.926079599113017,29210.777176456329,41081.149499258914,-9.5673812755481993e-07,1.5677082302873644e-16,9.9855938163372746e-15
1571,0.00028275896934993531,10.559798313891873,700.07537632721642,738.34129215270309,10.279199635055098,33.931453933517645,29233.973284256321,41103.144810144913,-9.5754912883069798e-07,1.5677082302873644e-16,9.9855938163372746e-15
1572,0.00028271394708181768,10.56383822584281,699.96120002616431,738.31404435392983,10.280996509395292,33.936825477425096,29257.168531281495,41125.136533100544,-9.583606201521001e-07,1.5677082302873644e-16,9.9855938163372746e-15
1573,0.00028266894625798112,10.567866786088917,699.84708528495923,738.28708034777708,10.282797466350553,33.942194249752191,29280.36292680577,41147.12467007056,-9.5917506430297249e-07,1.5677082302873644e-16,9.9855938163372746e-15
1574,0.00028262396685006618,10.571884812249623,699.7330314814842,738.26037969375943,10.284602515869933,33.947560268384187,29303.556479416966,41169.109222978972,-9.599864994696918e-07,1.5677082302873644e-16,9.9855938163372746e-15
1575,0.00028257900883054923,10.575893027352722,699.61903805939414,738.23392431618197,10.286411667028664,33.952923550298259,29326.749197099078,41191.09019373131,-9.6079784081274842e-07,1.5677082302873644e-16,9.9855938163372746e-15
1576,0.00028253407217260744,10.579892076106802,699.50510451683419,738.20769809733008,10.288224928126212,33.958284111664433,29349.941087299903,41213.067584216493,-9.6160876640187993e-07,1.5677082302873644e-16,9.9855938163372746e-15
1577,0.00028248915684999867,10.5838825375317,699.39123039764422,738.18168656170758,10.290042306768129,33.963641967929362,29373.132156987427,41235.041396308414,-9.6242042304824886e-07,1.5677082302873644e-16,9.9855938163372746e-15
1578,0.00028244426283699763,10.587864934932286,699.27741528448917,738.1558766266927,10.291863809934902,33.968997133889232,29396.322412697289,41257.011631867266,-9.6323290527309124e-07,1.5677082302873644e-16,9.9855938163372746e-15
1579,0.00028239939010831416,10.591839743891995,699.16365879327657,738.13025640270007,10.293689444040805,33.974349623747614,29419.511860573351,41278.978292740663,-9.6404115636465849e-07,1.5677082302873644e-16,9.9855938163372746e-15
1580,0.00028235453863902538,10.595807398762874,699.04996056862046,738.10481503092831,10.295519214984683,33.979699451169502,29442.700506402522,41300.94138076462,-9.6485336060638165e-07,1.5677082302873644e-16,9.9855938163372746e-15
1581,0.00028230970840456663,10.599768297997038,698.9363202802291,738.07954255007417,10.297353128193425,33.985046629326682,29465.88835564498,41322.90089776439,-9.6566746189978059e-07,1.5677082302873644e-16,9.9855938163372746e-15
1582,0.00028226489938064603,10.60372280857268,698.82273761971339,738.05442978568283,10.299191188660711,33.990391170935801,29489.075413460567,41344.856845555194,-9.6648407655121942e-07,1.5677082302873644e-16,9.9855938163372746e-15
1583,0.00028222011154325561,10.607671269700608,698.70921229811859,738.02946825748472,10.30103340098019,33.995733088293811,29512.261684732039,41366.809225942874,-9.673006008668642e-07,1.5677082302873644e-16,9.9855938163372746e-15
1584,0.00028217534486862234,10.611613995956315,698.59574404369323,738.00465010109212,10.302879769375927,34.001072393309236,29535.447174085581,41388.758040724482,-9.6811520092545843e-07,1.5677082302873644e-16,9.9855938163372746e-15
1585,0.00028213059933318666,10.615551279945787,698.48233260004054,737.97996800135525,10.304730297728565,34.006409097528625,29558.63188590913,41410.703291688769,-9.689281683128089e-07,1.5677082302873644e-16,9.9855938163372746e-15
1586,0.00028208587491358928,10.61948339459129,698.36897772454552,737.95541513521778,10.306584989598939,34.011743212161882,29581.815824368627,41432.644980616649,-9.6974526149980553e-07,1.5677082302873644e-16,9.9855938163372746e-15
1587,0.00028204117158665815,10.623410595101955,698.25567918701529,737.93098512245115,10.308443848249537,34.017074748102907,29604.998993422774,41454.58310928163,-9.7056032509612325e-07,1.5677082302873644e-16,9.9855938163372746e-15
1588,0.00028199648932937467,10.627333120684002,698.14243676844205,737.90667198289998,10.310306876663722,34.022403715950368,29628.181396836204,41476.517679450139,-9.7137838093482543e-07,1.5677082302873644e-16,9.9855938163372746e-15
1589,0.00028195182811888251,10.631251196033592,698.02925026002015,737.88247009916017,10.312174077563016,34.027730126026142,29651.363038191466,41498.448692881902,-9.7219121369045169e-07,1.5677082302873644e-16,9.9855938163372746e-15
1590,0.00028190718793246681,10.635165032644259,697.91611946221178,737.8583741838936,10.314045453422848,34.03305398838971,29674.543920899905,41520.376151330238,-9.7300810562743617e-07,1.5677082302873644e-16,9.9855938163372746e-15
1591,0.00028186256874754246,10.639074829958991,697.80304418394212,737.83437925102521,10.315921006487029,34.038375312855109,29697.724048211549,41542.300056542321,-9.7382435370389564e-07,1.5677082302873644e-16,9.9855938163372746e-15
1592,0.00028181797054165205,10.642980776389232,697.69002424190705,737.81048059026921,10.317800738780692,34.043694109002459,29720.903423224187,41564.220410259462,-9.746376301163949e-07,1.5677082302873644e-16,9.9855938163372746e-15
1593,0.0002817733932924479,10.646883050219911,697.57705945991847,737.7866737445022,10.319684652122747,34.049010386192109,29744.082048891662,41586.137214217299,-9.7545369856762704e-07,1.5677082302873644e-16,9.9855938163372746e-15
1594,0.0002817288369777057,10.650781820415872,697.46414966839359,737.76295448960309,10.321572748136477,34.05432415357501,29767.259928031493,41608.050470146067,-9.7626946880610227e-07,1.5677082302873644e-16,9.9855938163372746e-15
1595,0.0002816843015752829,10.654677247343631,697.35129470376546,737.73931881640908,10.323465028260001,34.059635420103383,29790.437063331923,41629.960179770744,-9.7708594952339086e-07,1.5677082302873644e-16,9.9855938163372746e-15
1596,0.00028163978706315893,10.65856948341877,697.23849440814638,737.71576291453073,10.325361493755704,34.06494419454085,29813.61345735842,41651.866344811278,-9.7790335592097869e-07,1.5677082302873644e-16,9.9855938163372746e-15
1597,0.00028159529341938568,10.662458673688842,697.12574862881058,737.69228315777889,10.327262145718848,34.070250485471178,29836.789112559614,41673.768966982745,-9.7871903617244666e-07,1.5677082302873644e-16,9.9855938163372746e-15
1598,0.00028155082062211885,10.666344956359476,697.01305721791823,737.66887609101309,10.329166985085767,34.075554301306404,29859.964031273019,41695.668047995481,-9.795382677716196e-07,1.5677082302873644e-16,9.9855938163372746e-15
1599,0.0002815063686495853,10.670228463271604,696.9004200321117,737.64553841820998,10.331076012641285,34.080855650294815,29883.138215730072,41717.56358955527,-9.8035607387893726e-07,1.5677082302873644e-16,9.9855938163372746e-15
1600,0.00028146193748010515,10.674109320332917,696.78783693227933,737.62226699167718,10.332989229025829,34.086154540528135,29906.311668061022,41739.455593363426,-9.8117214651561139e-07,1.5677082302873644e-16,9.9855938163372746e-15
1601,0.00028141752709206775,10.677987647912136,696.67530778322998,737.59905880219662,10.334906634741818,34.091450979948284,29929.484390299465,41761.344061116986,-9.8199029373646817e-07,1.5677082302873644e-16,9.9855938163372746e-15
1602,0.00028137313746393798,10.681863561197899,696.56283245346538,737.57591097005252,10.336828230159989,34.096744976353875,29952.656384386486,41783.228994508798,-9.8280662203390337e-07,1.5677082302873644e-16,9.9855938163372746e-15
1603,0.0002813287685742539,10.685737170526288,696.45041081495492,737.5528207368427,10.338754015524662,34.102036537405411,29975.82765217463,41805.110395227617,-9.8362287813246047e-07,1.5677082302873644e-16,9.9855938163372746e-15
1604,0.00028128442040162239,10.689608581682036,696.33804274291924,737.52978545794917,10.340683990959892,34.107325670631631,29998.998195431603,41826.988264958243,-9.8443925037703864e-07,1.5677082302873644e-16,9.9855938163372746e-15
1605,0.00028124009292471424,10.693477896174024,696.22572811563407,737.50680259564945,10.342618156473597,34.112612383434289,30022.168015843716,41848.862605381582,-9.8525918129384522e-07,1.5677082302873644e-16,9.9855938163372746e-15
1606,0.00028119578612227717,10.697345211489008,696.11346681428961,737.48386971277478,10.344556511962837,34.117896683092859,30045.337115019145,41870.733418174786,-9.8607837836311995e-07,1.5677082302873644e-16,9.9855938163372746e-15
1607,0.00028115149997309688,10.701210621325524,696.00125872273657,737.46098446686187,10.346499057217976,34.123178576769433,30068.505494491015,41892.600705011318,-9.8689388003572093e-07,1.5677082302873644e-16,9.9855938163372746e-15
1608,0.00028110723445603852,10.705074215808965,695.88910372744374,737.43814460477597,10.348445791927313,34.128458071513315,30091.673155720258,41914.464467561003,-9.8771222711144272e-07,1.5677082302873644e-16,9.9855938163372746e-15
1609,0.00028106298955002726,10.708936081691943,695.77700171731465,737.41534795770144,10.350396715680423,34.133735174264245,30114.840100098369,41936.324707490181,-9.8853112527038719e-07,1.5677082302873644e-16,9.9855938163372746e-15
1610,0.00028101876523403522,10.712796302538013,695.66495258352984,737.39259243654965,10.352351827972299,34.139009891856986,30138.006328949985,41958.181426461684,-9.8935251934802872e-07,1.5677082302873644e-16,9.9855938163372746e-15
1611,0.00028097456148709507,10.716654958893491,695.55295621946595,737.36987602766271,10.354311128206874,34.144282231024562,30161.171843535292,41980.034626135021,-9.9017264872455299e-07,1.5677082302873644e-16,9.9855938163372746e-15
1612,0.00028093037828829905,10.720512128446234,695.44101252058488,737.34719678884403,10.356274615700139,34.149552198402084,30184.33664505235,42001.884308166344,-9.9099222178605162e-07,1.5677082302873644e-16,9.9855938163372746e-15
1613,0.00028088621561678207,10.724367886173299,695.32912138429265,737.32455284566743,10.358242289683474,34.154819800529722,30207.50073463927,42023.730474208562,-9.918105932768529e-07,1.5677082302873644e-16,9.9855938163372746e-15
1614,0.0002808420734517371,10.728222304479246,695.21728270988388,737.30194238801869,10.360214149306799,34.16008504385595,30230.664113376311,42045.573125911382,-9.9262865923037361e-07,1.5677082302873644e-16,9.9855938163372746e-15
1615,0.00028079795177241045,10.732075453324002,695.10549639844328,737.27936366689994,10.362190193640959,34.165347934740474,30253.82678228783,42067.412264921397,-9.9344677750192192e-07,1.5677082302873644e-16,9.9855938163372746e-15
1616,0.00028075385055809142,10.735927400342986,694.99376235273928,737.25681499142524,10.364170421681063,34.170608479456611,30276.98874234414,42089.247892882093,-9.9426332553507241e-07,1.5677082302873644e-16,9.9855938163372746e-15
1617,0.00028070976978812601,10.739778210959479,694.88208047718206,737.23429472601299,10.366154832348379,34.175866684194908,30300.149994463336,42111.080011433951,-9.950815006588771e-07,1.5677082302873644e-16,9.9855938163372746e-15
1618,0.00028066570944190386,10.743627948489108,694.77045067771951,737.21180128777223,10.36814342449351,34.181122555064583,30323.310539512942,42132.908622214454,-9.9590001759379469e-07,1.5677082302873644e-16,9.9855938163372746e-15
1619,0.00028062166949885744,10.747476674238227,694.65887286176985,737.18933314404433,10.370136196898155,34.186376098097604,30346.470378311562,42154.733726858176,-9.9671857115133159e-07,1.5677082302873644e-16,9.9855938163372746e-15
1620,0.00028057764993847897,10.751324447596305,694.54734693820058,737.16688881009236,10.372133148277593,34.191627319248099,30369.629511630388,42176.555326996793,-9.9753984908295206e-07,1.5677082302873644e-16,9.9855938163372746e-15
1621,0.00028053371174309379,10.755244022620069,694.43597549081039,737.22848276783157,10.374136253364281,34.19687820307017,30392.789265515592,42198.373426025246,-9.9836132791579831e-07,1.5677082302873644e-16,9.9855938163372746e-15
1622,0.00028048979341159432,10.759222070246402,694.32461516052194,737.28861491050657,10.376147432701272,34.202130678353285,30415.9509286947,42220.188026315293,-9.9918066101194438e-07,1.5677082302873644e-16,9.9855938163372746e-15
1623,0.00028044589509093197,10.763237351418278,694.21328044547749,737.34781621454295,10.378166632371913,34.207384696905386,30439.114465689669,42241.999128501528,-9.9999989156475655e-07,1.5677082302873644e-16,9.9855938163372746e-15
1624,0.00028040201682131004,10.767282341526624,694.10197645674532,737.40627479516775,10.380193812272545,34.212640224753898,30462.279850533319,42263.806733477737,-1.0008210679994039e-06,1.5677082302873644e-16,9.9855938163372746e-15
1625,0.00028035815861748305,10.771352715229762,693.99070611350828,737.46409878592272,10.382228938775855,34.217897234588158,30485.447061717186,42285.610842258553,-1.0016418593733689e-06,1.5677082302873644e-16,9.9855938163372746e-15
1626,0.0002803143204828534,10.775445571108007,693.87947135906677,737.52136072229973,10.384271982288956,34.223155703245169,30508.616080509524,42307.411455933259,-1.0024587251513396e-06,1.5677082302873644e-16,9.9855938163372746e-15
1627,0.00028027050241458368,10.779558792290572,693.76827359893321,737.57811352606893,10.386322916044028,34.228415610463188,30531.786890122883,42329.208575643082,-1.0032786438606066e-06,1.5677082302873644e-16,9.9855938163372746e-15
1628,0.00028022670440596483,10.78369074916759,693.65711390454305,737.63439793747705,10.388381715392432,34.233676938155703,30554.959475227555,42351.002202567739,-1.0040993571063174e-06,1.5677082302873644e-16,9.9855938163372746e-15
1629,0.00028018292644769896,10.787840139354381,693.54599312295284,737.69024651614052,10.390448357348076,34.238939669941011,30578.133821637522,42372.792337916886,-1.0049221651658479e-06,1.5677082302873644e-16,9.9855938163372746e-15
1630,0.00028013916852865002,10.792005892744227,693.43491194190813,737.74568601472765,10.392522820273365,34.244203790817146,30601.309916093644,42394.578982924162,-1.0057425219513984e-06,1.5677082302873644e-16,9.9855938163372746e-15
1631,0.00028009543063633519,10.79618711109714,693.32387093128239,737.80073888923812,10.394605083650234,34.249469286929163,30624.487746106628,42416.362138842866,-1.0065643195754251e-06,1.5677082302873644e-16,9.9855938163372746e-15
1632,0.00028005171275725937,10.800383027514039,693.2128705708933,737.85542431214901,10.396695127909469,34.254736145389877,30647.667299838933,42438.141806942731,-1.0073852588350146e-06,1.5677082302873644e-16,9.9855938163372746e-15
1633,0.0002800080148771202,10.804592978097073,693.10191126988514,737.90975888090645,10.398792934297589,34.260004354145678,30670.848566013337,42459.917988507419,-1.0082073152588839e-06,1.5677082302873644e-16,9.9855938163372746e-15
1634,0.00027996433698099015,10.808816381455443,692.99099338083147,737.96375713028044,10.400898484771584,34.265273901866507,30694.031533840523,42481.690684832502,-1.0090278893386415e-06,1.5677082302873644e-16,9.9855938163372746e-15
1635,0.00027992067905342229,10.813052723468036,692.88011721014891,738.01743191329911,10.403011761914255,34.2705447778592,30717.216192960528,42503.459897223911,-1.009850672634306e-06,1.5677082302873644e-16,9.9855938163372746e-15
1636,0.00027987704107856334,10.817301545689865,692.76928302610156,738.07079469108669,10.405132748864105,34.275816971994935,30740.402533394656,42525.225626996551,-1.0106756822364325e-06,1.5677082302873644e-16,9.9855938163372746e-15
1637,0.00027983342304020714,10.821562436353059,692.65849106493101,738.12385575784015,10.407261429257249,34.281090474650249,30763.590545505434,42546.987875473285,-1.0114968314657055e-06,1.5677082302873644e-16,9.9855938163372746e-15
1638,0.0002797898249218638,10.825835023262025,692.54774153576341,738.17662441844936,10.409397787178474,34.28636527665568,30786.780219962853,42568.746643983912,-1.012320745528337e-06,1.5677082302873644e-16,9.9855938163372746e-15
1639,0.00027974624670680092,10.830118968100399,692.43703462450571,738.22910913082319,10.411541807119264,34.291641369252908,30809.971547715577,42590.501933864456,-1.0131439327191733e-06,1.5677082302873644e-16,9.9855938163372746e-15
1640,0.00027970268837808023,10.834413961809226,692.32637049701873,738.28131762143607,10.413693473942224,34.296918744058388,30833.164519966234,42612.253746456445,-1.0139643474033407e-06,1.5677082302873644e-16,9.9855938163372746e-15
1641,0.00027965914991857986,10.838719720790587,692.21574930170323,738.33325698023543,10.415852772849652,34.302197393030688,30856.359128149954,42634.002083106359,-1.0147882349581716e-06,1.5677082302873644e-16,9.9855938163372746e-15
1642,0.00027961563131104493,10.843035983757018,692.10517117172628,738.38493373940787,10.418019689356369,34.307477308442472,30879.555363915675,42655.746945165069,-1.015611150444052e-06,1.5677082302873644e-16,9.9855938163372746e-15
1643,0.00027957213253807948,10.84736250909341,691.99463622676137,738.43635393933164,10.420194209265933,34.312758482856694,30902.753219109658,42677.488333987421,-1.016433669708071e-06,1.5677082302873644e-16,9.9855938163372746e-15
1644,0.000279528653582184,10.851699072628122,691.88414457456759,738.48752318429683,10.422376318649542,34.318040909103466,30925.952685760953,42699.226250931846,-1.0172548454451446e-06,1.5677082302873644e-16,9.9855938163372746e-15
1645,0.00027948519442574899,10.856045465735862,691.77369631223996,738.53844668993679,10.424566003827129,34.323324580262344,30949.153756068441,42720.960697359973,-1.0180802244125452e-06,1.5677082302873644e-16,9.9855938163372746e-15
1646,0.00027944175505109804,10.860401493713342,691.66329152739922,738.58912932383328,10.42676325135049,34.328609489643704,30972.356422389319,42742.691674636328,-1.0189066117227284e-06,1.5677082302873644e-16,9.9855938163372746e-15
1647,0.00027939833544047996,10.864766974376362,691.55293029910922,738.63957564059092,10.428968047988677,34.333895630773952,30995.560677228666,42764.419184128055,-1.0197307155254062e-06,1.5677082302873644e-16,9.9855938163372746e-15
1648,0.00027935493557608031,10.869141736844334,691.44261269871686,738.68978991222502,10.431180380713837,34.339182997381243,31018.766513230174,42786.143227204695,-1.0205533868604918e-06,1.5677082302873644e-16,9.9855938163372746e-15
1649,0.00027931155544002793,10.873525620480057,691.33233879057525,738.73977615466515,10.433400236689284,34.344471583383289,31041.973923167639,42807.863805237852,-1.0213792021602413e-06,1.5677082302873644e-16,9.9855938163372746e-15
1650,0.00027926819501440837,10.877918473959799,691.222108632698,738.7895381510051,10.435627603258391,34.349761382875144,31065.182899937299,42829.580919601103,-1.0222048448105003e-06,1.5677082302873644e-16,9.9855938163372746e-15
1651,0.00027922485428126667,10.882320154455565,691.11192227731306,738.83907947194439,10.437862467934185,34.355052390119667,31088.393436550879,42851.294571669714,-1.0230281021074936e-06,1.5677082302873644e-16,9.9855938163372746e-15
1652,0.00027918153322262012,10.886730526910659,691.0017797713765,738.88840349390023,10.440104818390218,34.360344599537264,31111.605526129166,42873.004762820565,-1.0238555744935666e-06,1.5677082302873644e-16,9.9855938163372746e-15
1653,0.00027913823182044778,10.891149463397905,690.8916811569768,738.93751341505242,10.442354642452305,34.365638005697527,31134.81916189619,42894.711494431889,-1.0246823144272552e-06,1.5677082302873644e-16,9.9855938163372746e-15
1654,0.00027909495005671458,10.895576842547205,690.78162647177533,738.9864122696531,10.444611928090229,34.370932603311132,31158.034337173838,42916.414767883172,-1.0255103242938638e-06,1.5677082302873644e-16,9.9855938163372746e-15
1655,0.00027905168791336044,10.900012549033178,690.67161574932288,739.03510294083719,10.446876663411002,34.376228387222206,31181.251045376928,42938.114584555035,-1.0263334030119899e-06,1.5677082302873644e-16,9.9855938163372746e-15
1656,0.000279008445372304,10.904456473116204,690.56164901937507,739.08358817209501,10.44914883665207,34.381525352401773,31204.46928000863,42959.810945829071,-1.0271613807902082e-06,1.5677082302873644e-16,9.9855938163372746e-15
1657,0.00027896522241546126,10.908908510229079,690.45172630821469,739.13187057760638,10.451428436175117,34.386823493941613,31227.689034656232,42981.503853087794,-1.0279840807258155e-06,1.5677082302873644e-16,9.9855938163372746e-15
1658,0.00027892201902473212,10.913368560604257,690.34184763886765,739.17995265156037,10.453715450460475,34.392122807047997,31250.910302987264,43003.193307714449,-1.0288110686469542e-06,1.5677082302873644e-16,9.9855938163372746e-15
1659,0.00027887883518200736,10.917836528935609,690.23201303134601,739.22783677660982,10.456009868101729,34.397423287037,31274.133078745821,43024.879311092976,-1.0296377363817647e-06,1.5677082302873644e-16,9.9855938163372746e-15
1660,0.00027883567086918064,10.922312324072635,690.12222250288232,739.27552523151746,10.45831167780096,34.402724929328187,31297.357355749205,43046.561864607895,-1.0304634756459811e-06,1.5677082302873644e-16,9.9855938163372746e-15
1661,0.00027879252606813478,10.926795858741976,690.01247606808204,739.32302019811743,10.460620868364067,34.408027729440349,31320.583127884773,43068.240969644219,-1.0312908563011126e-06,1.5677082302873644e-16,9.9855938163372746e-15
1662,0.00027874940076075532,10.931287049292798,689.90277373912693,739.37032376768013,10.462937428696598,34.413331682988577,31343.810389106991,43089.916627587387,-1.03211453388626e-06,1.5677082302873644e-16,9.9855938163372746e-15
1663,0.00027870629492892789,10.93578581546541,689.79311552592344,739.41743794669821,10.465261347799464,34.41863678567821,31367.039133434657,43111.588839823198,-1.0329436194115134e-06,1.5677082302873644e-16,9.9855938163372746e-15
1664,0.00027866320855454187,10.940292080178171,689.68350143625423,739.46436466221246,10.467592614765602,34.423943033301995,31390.269354948377,43133.257607737723,-1.0337706641849086e-06,1.5677082302873644e-16,9.9855938163372746e-15
1665,0.00027862014161949059,10.944805769332598,689.57393147590926,739.51110576668509,10.469931218776132,34.429250421735937,31413.501047788086,43154.922932717214,-1.0345983475870259e-06,1.5677082302873644e-16,9.9855938163372746e-15
1666,0.00027857709410567232,10.94932681163448,689.46440564880766,739.5576630424714,10.472277149097234,34.434558946936484,31436.734206150821,43176.584816148119,-1.0354274571785717e-06,1.5677082302873644e-16,9.9855938163372746e-15
1667,0.00027853406599499103,10.953855138428349,689.35492395711003,739.60403820595786,10.474630395076851,34.439868604936713,31459.968824288557,43198.243259416966,-1.0362561129984263e-06,1.5677082302873644e-16,9.9855938163372746e-15
1668,0.00027849105726936,10.958390683545678,689.24548640133025,739.65023291135788,10.476990946142067,34.445179391843986,31483.204896506213,43219.898263910312,-1.0370832638030238e-06,1.5677082302873644e-16,9.9855938163372746e-15
1669,0.00027844806791070342,10.962933383163668,689.13609298043184,739.69624875424176,10.479358791796184,34.450491303836934,31506.442417159731,43241.54983101473,-1.0379111135764684e-06,1.5677082302873644e-16,9.9855938163372746e-15
1670,0.00027840509790095293,10.967483175675394,689.02674369190834,739.74208727478185,10.481733921615863,34.455804337162064,31529.681380654314,43263.197962116705,-1.0387397355639983e-06,1.5677082302873644e-16,9.9855938163372746e-15
1671,0.00027836214722205089,10.972040001568825,688.91743853187131,739.78774996077937,10.484116325249293,34.461118488132534,31552.921781442721,43284.84265860264,-1.0395683816178209e-06,1.5677082302873644e-16,9.9855938163372746e-15
1672,0.00027831921585595438,10.976603803315058,688.80817749513506,739.83323825045682,10.486505992413154,34.466433753124157,31576.163614023659,43306.483921858802,-1.0403985487310956e-06,1.5677082302873644e-16,9.9855938163372746e-15
1673,0.00027827630378463215,10.981174525263912,688.6989605752791,739.87855353506905,10.488902912890889,34.471750128575188,31599.406872940286,43328.121753271269,-1.0412299393886392e-06,1.5677082302873644e-16,9.9855938163372746e-15
1674,0.00027823341099006611,10.985752113546896,688.58978776471736,739.92369716132771,10.49130707653055,34.477067610982033,31622.651552778745,43349.756154225892,-1.0420583269914063e-06,1.5677082302873644e-16,9.9855938163372746e-15
1675,0.000278190537454245,10.990336515987208,688.48065905474164,739.96867043365319,10.493718473242607,34.482386196898496,31645.897648166818,43371.38712610826,-1.0428880085933859e-06,1.5677082302873644e-16,9.9855938163372746e-15
1676,0.00027814768315918517,10.99492768201485,688.37157443563126,740.01347461629541,10.4961370929982,34.487705882933767,31669.145153772653,43393.01467030371,-1.0437147823593989e-06,1.5677082302873644e-16,9.9855938163372746e-15
1677,0.00027810484808691004,10.999525562588186,688.26253389665374,740.05811093529553,10.498562925827425,34.493026665750655,31692.394064303484,43414.638788197211,-1.0445467080559702e-06,1.5677082302873644e-16,9.9855938163372746e-15
1678,0.00027806203221945902,11.004130110120032,688.15353742613627,740.10258058033264,10.500995961817566,34.49834854206258,31715.644374504514,43436.259481173416,-1.0453772853425802e-06,1.5677082302873644e-16,9.9855938163372746e-15
1679,0.00027801923553889547,11.00874127840887,688.04458501153283,740.14688470644501,10.503436191111328,34.503671508634035,31738.896079157737,43457.876750616568,-1.046207977031277e-06,1.5677082302873644e-16,9.9855938163372746e-15
1680,0.00027797645802728736,11.013359022573782,687.93567663941826,740.19102443565555,10.50588360390552,34.508995562276958,31762.149173080939,43479.49059791051,-1.0470389512373219e-06,1.5677082302873644e-16,9.9855938163372746e-15
1681,0.00027793360816478541,11.018040761016586,687.82654799734189,740.30106430791864,10.50833975242473,34.514322255893802,31785.404693276672,43501.101020397153,-1.0478693879628314e-06,1.5677082302873644e-16,9.9855938163372746e-15
1682,0.00027789077815407767,11.022775868246397,687.71743428616821,740.40976996050676,10.510806146050601,34.519653098635843,31808.663647319856,43522.708014686199,-1.0487008651195139e-06,1.5677082302873644e-16,9.9855938163372746e-15
1683,0.00027784796772565006,11.027547471304215,687.60834596533516,740.51756321739447,10.513282733573165,34.524988045039194,31831.926001585372,43544.311581452544,-1.0495357579458166e-06,1.5677082302873644e-16,9.9855938163372746e-15
1684,0.00027780517677058656,11.032349540520112,687.49928674567104,740.62459482033057,10.515769474823855,34.530327060918353,31855.191730031249,43565.911721558463,-1.0503689225332782e-06,1.5677082302873644e-16,9.9855938163372746e-15
1685,0.00027776240521835792,11.037178577421349,687.39025876427218,740.73095223113285,10.518266334859637,34.535670117420089,31878.460810203283,43587.508435954245,-1.0512020379417944e-06,1.5677082302873644e-16,9.9855938163372746e-15
1686,0.00027771965301556404,11.042032211272122,687.28126345693033,740.8366947181969,10.520773282024178,34.541017189044219,31901.733221903673,43609.101725645109,-1.0520307851438033e-06,1.5677082302873644e-16,9.9855938163372746e-15
1687,0.00027767692011828026,11.046908693577162,687.17230187242808,740.94186599390434,10.523290286987571,34.546368252659761,31925.008946531376,43630.691591674775,-1.0528611636219089e-06,1.5677082302873644e-16,9.9855938163372746e-15
1688,0.0002776342064884847,11.051806662997206,687.06337481869684,741.04650009173656,10.525817322184338,34.551723286932621,31948.287966695938,43652.278035115865,-1.0536968147108231e-06,1.5677082302873644e-16,9.9855938163372746e-15
1689,0.00027759151209213204,11.056725018765027,686.95448294152527,741.15062453087432,10.528354361449253,34.557082271952446,31971.570265967632,43673.861057063688,-1.0545289074762955e-06,1.5677082302873644e-16,9.9855938163372746e-15
1690,0.00027754883689801673,11.061662845555942,686.84562677129736,741.25426219443489,10.53090137976637,34.562445188976127,31994.855828704687,43695.440658631938,-1.0553611819597165e-06,1.5677082302873644e-16,9.9855938163372746e-15
1691,0.00027750618087703217,11.066619365662683,686.73680675270759,741.35743252509963,10.533458353085797,34.567812020240922,32018.144639927712,43717.01684094956,-1.0561949478557073e-06,1.5677082302873644e-16,9.9855938163372746e-15
1692,0.00027746354400169307,11.071593906891874,686.62802326475969,741.46015232770321,10.536025258185722,34.573182748823996,32041.436685224966,43738.589605158377,-1.0570249189507724e-06,1.5677082302873644e-16,9.9855938163372746e-15
1693,0.00027742092624579427,11.076585880098097,686.5192766347468,741.56243633088093,10.538602072565801,34.578557358531505,32064.731950678815,43760.158952411315,-1.0578570392704059e-06,1.5677082302873644e-16,9.9855938163372746e-15
1694,0.00027737832758415658,11.081594762921526,686.41056714835554,741.66429759362836,10.54118877436145,34.58393583381342,32088.030422807216,43781.724883870877,-1.058691018275162e-06,1.5677082302873644e-16,9.9855938163372746e-15
1695,0.00027733574799244752,11.086620087685171,686.30189505721069,741.76574780787075,10.543785342275235,34.589318159691885,32111.332088516243,43803.287400707995,-1.0595251626048851e-06,1.5677082302873644e-16,9.9855938163372746e-15
1696,0.0002772931874470367,11.091661432174785,686.1932605846057,741.86679752896373,10.546391755519327,34.594704321702658,32134.636935060917,43824.846504101035,-1.0603569058859339e-06,1.5677082302873644e-16,9.9855938163372746e-15
1697,0.00027725064592489369,11.096718412472471,686.08466392998059,741.9674563548549,10.549007993768141,34.600094305847115,32157.944950012421,43846.40219523503,-1.0611922231858326e-06,1.5677082302873644e-16,9.9855938163372746e-15
1698,0.00027720812340350029,11.101790677290284,685.97610527244774,742.06773306774301,10.551634037117697,34.605488098550744,32181.256121230294,43867.954475300925,-1.0620266932824733e-06,1.5677082302873644e-16,9.9855938163372746e-15
1699,0.00027716561986077459,11.106877903422076,685.86758477360797,742.16763574778145,10.55426986605125,34.610885686627277,32204.570436838712,43889.503345494995,-1.0628582562407208e-06,1.5677082302873644e-16,9.9855938163372746e-15
1700,0.00027712313527501991,11.111979792044306,685.75910257986834,742.26717186555902,10.556915461409119,34.616287057249167,32227.887885205906,43911.048807018393,-1.0636945009648531e-06,1.5677082302873644e-16,9.9855938163372746e-15
1701,0.00027708066962488784,11.117096065671729,685.65065882436159,742.36634835820666,10.559570804362817,34.621692197918698,32251.208454926247,43932.590861076613,-1.0645290000108023e-06,1.5677082302873644e-16,9.9855938163372746e-15
1702,0.00027703822288932799,11.122226465625275,685.54225362849593,742.46517169270146,10.562235876391766,34.627101096448115,32274.532134804482,43954.129508879181,-1.0653641432660631e-06,1.5677082302873644e-16,9.9855938163372746e-15
1703,0.0002769957950475484,11.127370749907145,685.4338871032611,742.56364791898818,10.564910659263587,34.632513740935458,32297.858913841872,43975.664751639255,-1.0662017220998958e-06,1.5677082302873644e-16,9.9855938163372746e-15
1704,0.00027695338607901167,11.132528691401314,685.32555935040864,742.66178271496722,10.567595135015605,34.637930119748532,32321.188781223787,43997.196590573301,-1.0670359396748573e-06,1.5677082302873644e-16,9.9855938163372746e-15
1705,0.00027691099596339623,11.137700076337106,685.21727046337173,742.7595814249056,10.570289285939085,34.643350221506893,32344.521726308652,44018.725026900895,-1.06787177248172e-06,1.5677082302873644e-16,9.9855938163372746e-15
1706,0.00027686862468057874,11.142884702971225,685.10902052809377,742.85704909238598,10.572993094564403,34.648774035068506,32367.857738617968,44040.250061844403,-1.068707683765624e-06,1.5677082302873644e-16,9.9855938163372746e-15
1707,0.00027682627221061558,11.148082380445562,685.00080962373738,742.95419048886095,10.575706543648293,34.654201549514617,32391.196807827342,44061.771696628799,-1.0695433721747311e-06,1.5677082302873644e-16,9.9855938163372746e-15
1708,0.00027678393853373007,11.15329292779464,684.89263782330988,743.05101013846729,10.578429616161877,34.659632754139125,32414.53892375834,44083.289932481435,-1.0703776127696246e-06,1.5677082302873644e-16,9.9855938163372746e-15
1709,0.00027674162363030777,11.158516173077215,684.78450519422609,743.14751233973629,10.581162295279654,34.665067638437542,32437.884076371065,44104.804770631868,-1.0712109437284136e-06,1.5677082302873644e-16,9.9855938163372746e-15
1710,0.00027669932748086658,11.163751952612003,684.67641179874045,743.24370118470006,10.583904564369821,34.670506192095139,32461.232255757368,44126.316212311707,-1.0720512085697769e-06,1.5677082302873644e-16,9.9855938163372746e-15
1711,0.0002766570500660665,11.169000110304401,684.56835769441625,743.33958057572329,10.586656406985378,34.675948404980211,32484.583452134644,44147.824258754408,-1.0728864522756503e-06,1.5677082302873644e-16,9.9855938163372746e-15
1712,0.00027661479136668107,11.174260497045582,684.46034293445337,743.43515424052725,10.58941780685536,34.68139426713352,32507.937655840102,44169.328911195204,-1.0737225850392039e-06,1.5677082302873644e-16,9.9855938163372746e-15
1713,0.00027657255136361004,11.179532970181226,684.35236756807103,743.5304257454693,10.59218874787757,34.686843768761356,32531.294857325473,44190.830170870904,-1.0745614662431341e-06,1.5677082302873644e-16,9.9855938163372746e-15
1714,0.00027653033003785087,11.184817393033359,684.24443164075387,743.62539850749943,10.594969214111293,34.692296900228854,32554.655047152173,44212.328039019798,-1.0753990743750623e-06,1.5677082302873644e-16,9.9855938163372746e-15
1715,0.00027648812737051537,11.190113634472091,684.13653519457728,743.72007580486434,10.597759189770699,34.697753652051645,32578.018215986769,44233.822516881613,-1.076238425394879e-06,1.5677082302873644e-16,9.9855938163372746e-15
1716,0.00027644594334280166,11.195421568530548,684.02867826839304,743.81446078673628,10.600558659218875,34.703214014891131,32601.384354596739,44255.313605697287,-1.0770766362304838e-06,1.5677082302873644e-16,9.9855938163372746e-15
1717,0.00027640377793600125,11.20074107405601,683.92086089807719,743.90855648193292,10.603367606961845,34.708677979547907,32624.75345384661,44276.801306708934,-1.0779165156623778e-06,1.5677082302873644e-16,9.9855938163372746e-15
1718,0.00027636163113150543,11.206072034394051,683.8130831167565,744.00236580681542,10.606186017643608,34.714145536956558,32648.125504694253,44298.285621159783,-1.0787562210496341e-06,1.5677082302873644e-16,9.9855938163372746e-15
1719,0.00027631950291076655,11.211414337102211,683.70534495490142,744.09589157244477,10.6090138760407,34.719616678180536,32671.500498187503,44319.766550294036,-1.0795938110446462e-06,1.5677082302873644e-16,9.9855938163372746e-15
1720,0.00027627739325533271,11.216767873687568,683.59764644058623,744.18913649114415,10.611851167058093,34.725091394407762,32694.878425460931,44341.244095356829,-1.0804327327078508e-06,1.5677082302873644e-16,9.9855938163372746e-15
1721,0.00027623530214682183,11.222132539368905,683.48998759958283,744.28210318244408,10.614697875724369,34.730569676944896,32718.259277732846,44362.718257594126,-1.0812730191739986e-06,1.5677082302873644e-16,9.9855938163372746e-15
1722,0.0002761932295669201,11.22750823285733,683.38236845550227,744.37479417856662,10.617553987187692,34.736051517215294,32741.643046302481,44384.189038252684,-1.0821123677523074e-06,1.5677082302873644e-16,9.9855938163372746e-15
1723,0.00027615117549738716,11.232894856155669,683.27478902994028,744.46721192944165,10.620419486712079,34.741536906752437,32765.029722547304,44405.656438579965,-1.0829558853798318e-06,1.5677082302873644e-16,9.9855938163372746e-15
1724,0.00027610913992004953,11.238292314374268,683.16724934258389,744.55935880730988,10.623294359673675,34.747025837198485,32788.419297920518,44427.120459824066,-1.0837954174200236e-06,1.5677082302873644e-16,9.9855938163372746e-15
1725,0.00027606712281679651,11.243700515560358,683.05974941131399,744.65123711099113,10.626178591557206,34.752518300299691,32811.811763948695,44448.581103233693,-1.084636429711606e-06,1.5677082302873644e-16,9.9855938163372746e-15
1726,0.00027602512416958222,11.249119370541056,682.95228925231481,744.74284906980688,10.629072167952787,34.758014287902739,32835.207112229516,44470.038370058093,-1.0854780862125e-06,1.5677082302873644e-16,9.9855938163372746e-15
1727,0.0002759831439604088,11.254548792778275,682.84486888012873,744.8341968472098,10.63197507455293,34.763513791952846,32858.605334429652,44491.492261546948,-1.086312910327793e-06,1.5677082302873644e-16,9.9855938163372746e-15
1728,0.00027594118217134786,11.259988698233206,682.73748830779903,744.92528254416982,10.634887297149302,34.769016804489027,32882.006422282771,44512.942778950441,-1.087157685680698e-06,1.5677082302873644e-16,9.9855938163372746e-15
1729,0.00027589923878453069,11.265439005242808,682.63014754692824,745.01610820226313,10.63780882163028,34.77452331764313,32905.410367587574,44534.389923519069,-1.0879959858057362e-06,1.5677082302873644e-16,9.9855938163372746e-15
1730,0.00027585731378213115,11.27089963440171,682.52284660771363,745.10667580662403,10.64073963397815,34.780033323635465,32928.817162206054,44555.833696503745,-1.0888377204348844e-06,1.5677082302873644e-16,9.9855938163372746e-15
1731,0.00027581540714637824,11.276370508454848,682.41558549905017,745.19698728862875,10.643679720266535,34.785546814772879,32952.22679806166,44577.274099155635,-1.0896791017429538e-06,1.5677082302873644e-16,9.9855938163372746e-15
1732,0.00027577351885955362,11.281851552196235,682.30836422859102,745.28704452842737,10.646629066658024,34.79106378344752,32975.63926713774,44598.711132726174,-1.0905205597841303e-06,1.5677082302873644e-16,9.9855938163372746e-15
1733,0.00027573164890398912,11.287342692374727,682.20118280280496,745.3768493572984,10.649587659401927,34.796584222132154,32999.054561475932,44620.144798467023,-1.0913636131763576e-06,1.5677082302873644e-16,9.9855938163372746e-15
1734,0.00027568979726206731,11.29284385760533,682.09404122703563,745.46640355986676,10.652555484832256,34.802108123380002,33022.472673174663,44641.575097630004,-1.0922055999783982e-06,1.5677082302873644e-16,9.9855938163372746e-15
1735,0.00027564796391621221,11.29835497828671,681.98693950553456,745.55570887616545,10.655532529365157,34.80763547982091,33045.893594387715,44663.002031467149,-1.0930483146985945e-06,1.5677082302873644e-16,9.9855938163372746e-15
1736,0.00027560614884890338,11.303875986523682,681.8798776415465,745.64476700357454,10.658518779497335,34.813166284161042,33069.317317322872,44684.425601230556,-1.0938911417281563e-06,1.5677082302873644e-16,9.9855938163372746e-15
1737,0.00027556435204265507,11.309406816054357,681.77285563730686,745.73357959864097,10.661514221804055,34.81870052917985,33092.743834240595,44705.845808172409,-1.0947324190977445e-06,1.5677082302873644e-16,9.9855938163372746e-15
1738,0.00027552257348003033,11.314947402181469,681.66587349412248,745.82214827879659,10.664518842937225,34.824238207728037,33116.173137452737,44727.262653544974,-1.0955757218725696e-06,1.5677082302873644e-16,9.9855938163372746e-15
1739,0.00027548081314363477,11.320497681708165,681.55893121239831,745.91047462396239,10.66753262962377,34.82977931272665,33139.60521932142,44748.676138600546,-1.0964242376156516e-06,1.5677082302873644e-16,9.9855938163372746e-15
1740,0.00027543907101611502,11.32605759287727,681.45202879167471,745.99856017806815,10.670555568663726,34.835323837164601,33163.040072257798,44770.086264591395,-1.0972695710275162e-06,1.5677082302873644e-16,9.9855938163372746e-15
1741,0.00027539728608037161,11.331557207525321,681.34506091662115,746.0056531452002,10.673585747737723,34.840869872267028,33186.476414867182,44791.493030970545,-1.0981133903556657e-06,1.5677082302873644e-16,9.9855938163372746e-15
1742,0.00027535551979921438,11.337009331337143,681.23817127501991,746.01393338323805,10.676621306641119,34.846415562853309,33209.913001625187,44812.896438155563,-1.0989557528011437e-06,1.5677082302873644e-16,9.9855938163372746e-15
1743,0.00027531377198723196,11.342434371345533,681.13134607787458,746.02289071636164,10.679662282810959,34.851960953943824,33233.349859793452,44834.29648833321,-1.0998014179093021e-06,1.5677082302873644e-16,9.9855938163372746e-15
1744,0.00027527204256637313,11.347839553366043,681.02458040925046,746.03234449918216,10.682708700413558,34.857506076890118,33256.787007497362,44855.693183442512,-1.100644790790284e-06,1.5677082302873644e-16,9.9855938163372746e-15
1745,0.00027523033148426436,11.353229028120856,680.91787142547798,746.04219096364523,10.68576057739919,34.863050956636627,33280.224458581921,44877.086525305676,-1.1014894803416238e-06,1.5677082302873644e-16,9.9855938163372746e-15
1746,0.00027518863870001372,11.358605577535377,680.81121720566705,746.0523605616155,10.688817927850627,34.868595614139501,33303.662224228545,44898.476515671653,-1.1023339348106267e-06,1.5677082302873644e-16,9.9855938163372746e-15
1747,0.00027514696417908188,11.363971229254121,680.70461633761374,746.06280260198025,10.69188076314583,34.874140067562919,33327.100313755305,44919.863156237705,-1.103180523157577e-06,1.5677082302873644e-16,9.9855938163372746e-15
1748,0.00027510530789089571,11.369327542379166,680.59806772522211,746.07347810718738,10.694949092637293,34.879684332979338,33350.53873508473,44941.246448662081,-1.1040273954170228e-06,1.5677082302873644e-16,9.9855938163372746e-15
1749,0.00027506366980757256,11.374675761294274,680.49157048483653,746.08435596764309,10.698022924091363,34.885228424821221,33373.977495045801,44962.626394572086,-1.1048736245135176e-06,1.5677082302873644e-16,9.9855938163372746e-15
1750,0.00027502204990314307,11.380016906932831,680.38512388367587,746.09541066001248,10.701102263990478,34.89077235619245,33397.416599582539,44984.002995569768,-1.1057209847257662e-06,1.5677082302873644e-16,9.9855938163372746e-15
1751,0.0002749804481530607,11.385351834851294,680.27872730066088,746.10662079538429,10.704187117753287,34.896316139094615,33420.85605390506,45005.37625323602,-1.1065668618963295e-06,1.5677082302873644e-16,9.9855938163372746e-15
1752,0.00027493886453388986,11.39068127419103,680.17238020017453,746.11796814522415,10.707277489899189,34.901859784597278,33444.295862603271,45026.746169133599,-1.1074158572213301e-06,1.5677082302873644e-16,9.9855938163372746e-15
1753,0.00027489729902306355,11.396005854926639,680.06608211364596,746.12943696016737,10.710373384176703,34.90740330296898,33467.736029734813,45048.112744809514,-1.1082636202823904e-06,1.5677082302873644e-16,9.9855938163372746e-15
1754,0.00027485575159872565,11.401326127573814,679.95983262627396,746.14101347732117,10.713474803664234,34.912946703781721,33491.176558894811,45069.475981796968,-1.1091095853472399e-06,1.5677082302873644e-16,9.9855938163372746e-15
1755,0.00027481422223960645,11.406642577843524,679.85363136713499,746.15268555391185,10.716581750852512,34.918489995995941,33514.617453272338,45090.835881616797,-1.1099561224225232e-06,1.5677082302873644e-16,9.9855938163372746e-15
1756,0.00027477271092492354,11.411955637794922,679.74747800164334,746.16444238846032,10.719694227711466,34.924033188028666,33538.058715696643,45112.192445778797,-1.1108039451261347e-06,1.5677082302873644e-16,9.9855938163372746e-15
1757,0.00027473121763431168,11.417265694492581,679.64137222571344,746.17627430435209,10.722812235746536,34.92957628781226,33561.500348675807,45133.545675782749,-1.111650618577076e-06,1.5677082302873644e-16,9.9855938163372746e-15
1758,0.00027468974234776919,11.422573096843033,679.53531376115461,746.18817257892397,10.72593577604589,34.935119302842502,33584.942354429309,45154.895573119284,-1.1124983512936803e-06,1.5677082302873644e-16,9.9855938163372746e-15
1759,0.0002746482850455971,11.427878161074691,679.42930235193512,746.20012930646601,10.729064849320586,34.940662240220341,33608.384734915729,45176.242139270682,-1.1133478446863024e-06,1.5677082302873644e-16,9.9855938163372746e-15
1760,0.00027460684570838277,11.433181175187391,679.3233377612288,746.21213728698183,10.73219945593962,34.946205106688019,33631.827491856631,45197.585375711446,-1.1141968400113031e-06,1.5677082302873644e-16,9.9855938163372746e-15
1761,0.00027456542431695467,11.438482402607768,679.21741976891076,746.22418993480574,10.735339595959431,34.951747908658675,33655.270626757258,45218.925283908924,-1.1150448807066958e-06,1.5677082302873644e-16,9.9855938163372746e-15
1762,0.00027452402085235251,11.443782085223608,679.11154816949727,746.23628120274293,10.738485269150685,34.957290652244765,33678.714140924567,45240.261865323788,-1.1158931031200371e-06,1.5677082302873644e-16,9.9855938163372746e-15
1763,0.00027448263529581811,11.449080445925974,679.0057227704591,746.24840551851742,10.741636475020721,34.962833343281247,33702.158035483175,45261.595121410457,-1.1167425672145638e-06,1.5677082302873644e-16,9.9855938163372746e-15
1764,0.00027444126762877493,11.454377690757081,678.89994339076338,746.26055773107294,10.74479321283485,34.968375987346796,33725.602311389375,45282.925053617495,-1.1175944180575038e-06,1.5677082302873644e-16,9.9855938163372746e-15
1765,0.00027439991783279548,11.459674010739009,678.79420985959655,746.27273306485802,10.747955481633555,34.97391858978169,33749.046969443647,45304.251663387906,-1.1184456766603726e-06,1.5677082302873644e-16,9.9855938163372746e-15
1766,0.0002743585858896102,11.464969583440451,678.68852201535924,746.28492708065539,10.751123280249455,34.979461155706197,33772.492010301801,45325.574952159543,-1.119298518057966e-06,1.5677082302873644e-16,9.9855938163372746e-15
1767,0.00027431727178108272,11.470264574329384,678.58287970471952,746.29713564176541,10.754296607321224,34.985003690033544,33795.937434485029,45346.894921365238,-1.1201517330062755e-06,1.5677082302873644e-16,9.9855938163372746e-15
1768,0.00027427597548920735,11.475559137946005,678.47728278183774,746.30935488468322,10.757475461307425,34.990546197485486,33819.38324238894,45368.211572433189,-1.1210029089466611e-06,1.5677082302873644e-16,9.9855938163372746e-15
1769,0.00027423469699608719,11.480853418926541,678.3717311076424,746.32158119350288,10.760659840497595,34.99608868260232,33842.829434291692,45389.524906787083,-1.1218530911933113e-06,1.5677082302873644e-16,9.9855938163372746e-15
1770,0.00027419343628394636,11.486147552900563,678.2662245492711,746.33381117748604,10.763849743023732,35.001631149756065,33866.276010361464,45410.83492584635,-1.1227069391897533e-06,1.5677082302873644e-16,9.9855938163372746e-15
1771,0.00027415219333509809,11.491441667281288,678.16076297947484,746.34604165130122,10.767045166869545,35.007173603159295,33889.72297066317,45432.141631026316,-1.1235578214516112e-06,1.5677082302873644e-16,9.9855938163372746e-15
1772,0.00027411096813195838,11.496735881965153,678.05534627619272,746.35826961753776,10.770246109879798,35.012716046874786,33913.170315164643,45453.445023738444,-1.1244084089885812e-06,1.5677082302873644e-16,9.9855938163372746e-15
1773,0.00027406976065703643,11.502030309951877,677.94997432212165,746.37049225120313,10.773452569768326,35.018258484823974,33936.618043742317,45474.745105390364,-1.1252566177992354e-06,1.5677082302873644e-16,9.9855938163372746e-15
1774,0.00027402857089292527,11.507325057898962,677.84464700433,746.38270688585919,10.776664544125554,35.023800920794272,33960.066156186382,45496.041877386153,-1.1261091808649227e-06,1.5677082302873644e-16,9.9855938163372746e-15
1775,0.00027398739882229881,11.512620226615981,677.73936421392591,746.39491100126725,10.779882030425634,35.02934335844737,33983.514652205595,45517.335341126374,-1.1269628126135176e-06,1.5677082302873644e-16,9.9855938163372746e-15
1776,0.00027394624442790333,11.517915911509741,677.63412584574451,746.4071022122564,10.78310502603269,35.034885801324457,34006.963531431669,45538.625498008238,-1.1278160725553308e-06,1.5677082302873644e-16,9.9855938163372746e-15
1777,0.00027390510769256728,11.523212202983185,677.52893179811042,746.41927825875371,10.786333528206702,35.040428252853395,34030.412793423413,45559.912349425693,-1.1286686973562904e-06,1.5677082302873644e-16,9.9855938163372746e-15
1778,0.00027386398859918321,11.528509186797409,677.42378197255539,746.43143699673135,10.789567534109343,35.045970716353708,34053.862437670439,45581.195896769575,-1.1295236911175337e-06,1.5677082302873644e-16,9.9855938163372746e-15
1779,0.00027382288713071379,11.533806944398558,677.31867627361942,746.44357639003613,10.792807040808484,35.051513195042652,34077.312463596732,45602.476141427644,-1.1303757850649079e-06,1.5677082302873644e-16,9.9855938163372746e-15
1780,0.00027378180327018855,11.539105553213815,677.21361460864762,746.45569450298785,10.796052045283568,35.057055692038787,34100.762870563914,45623.753084784708,-1.1312312078339767e-06,1.5677082302873644e-16,9.9855938163372746e-15
1781,0.0002737407370006908,11.544405086922733,677.10859688758057,746.46778949359839,10.799302544429619,35.062598210367497,34124.213657874265,45645.026728222721,-1.1320851562810312e-06,1.5677082302873644e-16,9.9855938163372746e-15
1782,0.00027369968830536629,11.549705615701974,677.00362302281439,746.47985960745052,10.802558535061532,35.068140752965718,34147.664824773601,45666.297073120841,-1.1329388298840482e-06,1.5677082302873644e-16,9.9855938163372746e-15
1783,0.00027365865716743064,11.555007206451572,676.89869292907156,746.4919031720442,10.805820013917899,35.073683322684367,34171.116370453921,45687.56412085551,-1.13379138911308e-06,1.5677082302873644e-16,9.9855938163372746e-15
1784,0.00027361764357013748,11.560309923000629,676.79380652318639,746.50391859165074,10.809086977664672,35.079225922294093,34194.568294055898,45708.827872800517,-1.1346460490853083e-06,1.5677082302873644e-16,9.9855938163372746e-15
1785,0.00027357664749680182,11.565613826296337,676.68896372403901,746.51590434259151,10.812359422898394,35.084768554486573,34218.020594671223,45730.088330327097,-1.1355011739904071e-06,1.5677082302873644e-16,9.9855938163372746e-15
1786,0.0002735356689307896,11.570918974578351,676.58416445241471,746.52785896887451,10.815637346149781,35.090311221879453,34241.473271344774,45751.345494803929,-1.1363550415189126e-06,1.5677082302873644e-16,9.9855938163372746e-15
1787,0.00027349470785552576,11.576225423538586,676.47940863091981,746.53978107820183,10.818920743886075,35.095853927018609,34264.926323076732,45772.599367597242,-1.1372089711314774e-06,1.5677082302873644e-16,9.9855938163372746e-15
1788,0.00027345376425447031,11.581533226469839,676.37469618382397,746.55166933825399,10.822209612514481,35.101396672381959,34288.379748824453,45793.849950070879,-1.1380631497778528e-06,1.5677082302873644e-16,9.9855938163372746e-15
1789,0.00027341283811113573,11.586842434401651,676.2700270370143,746.56352247329187,10.825503948384561,35.1069394603809,34311.833547504357,45815.097243586315,-1.1389199931557607e-06,1.5677082302873644e-16,9.9855938163372746e-15
1790,0.00027337192940908957,11.592153096227367,676.1654011179188,746.57533926098245,10.828803747790552,35.112482293363485,34335.287717993626,45836.341249502737,-1.1397778640597281e-06,1.5677082302873644e-16,9.9855938163372746e-15
1791,0.00027333103813193449,11.597465258821464,676.0608183553793,746.58711852946328,10.832109006974086,35.118025173617767,34358.742259131832,45857.581969177052,-1.1406363376673721e-06,1.5677082302873644e-16,9.9855938163372746e-15
1792,0.00027329016426332363,11.602778967147781,675.95627867961855,746.59885915463872,10.835419722126177,35.123568103372541,34382.197169722494,45878.819403963964,-1.1414968907422145e-06,1.5677082302873644e-16,9.9855938163372746e-15
1793,0.00027324930778694365,11.608094264362119,675.85178202213115,746.61056005761361,10.838735889389621,35.129111084800464,34405.652448534551,45900.053555216015,-1.1423526682275096e-06,1.5677082302873644e-16,9.9855938163372746e-15
1794,0.00027320846868653841,11.613411191905117,675.74732831568087,746.62222020237209,10.842057504860465,35.134654120020272,34429.108094303709,45921.284424283578,-1.1432107149200493e-06,1.5677082302873644e-16,9.9855938163372746e-15
1795,0.00027316764694588141,11.618729789591425,675.64291749417396,746.63383859354758,10.845384564590582,35.140197211097757,34452.564105733756,45942.512012514984,-1.1440676768854862e-06,1.5677082302873644e-16,9.9855938163372746e-15
1796,0.00027312684254878926,11.62405009569077,675.53854949263905,746.64541427439735,10.848717064588895,35.145740360049068,34476.020481497857,45963.736321256481,-1.1449246381533492e-06,1.5677082302873644e-16,9.9855938163372746e-15
1797,0.00027308605547911953,11.629372147005419,675.43422424717107,746.65694632486441,10.85205500082354,35.151283568841457,34499.477220239678,45984.957351852281,-1.1457848633685529e-06,1.5677082302873644e-16,9.9855938163372746e-15
1798,0.00027304528572076749,11.634695978941661,675.3299416948762,746.66843385979178,10.855398369223176,35.156826839394725,34522.934320574539,46006.175105644616,-1.1466430868960255e-06,1.5677082302873644e-16,9.9855938163372746e-15
1799,0.00027300453325767243,11.64002162557667,675.22570177384353,746.67987602724986,10.858747165678723,35.162370173583838,34546.39178109049,46027.389583973767,-1.1475007732917495e-06,1.5677082302873644e-16,9.9855938163372746e-15
1800,0.00027296379807379778,11.645349119721992,675.12150442305415,746.69127200695016,10.862101386044726,35.167913573240341,34569.849600349284,46048.600788178053,-1.1483598945965734e-06,1.5677082302873644e-16,9.9855938163372746e-15
