time_s,r_m,T_C,C_kg_kg
1800,0,33.575373013615717,2.5499923973273777
1800,3.1250000000000001e-06,33.575373090383906,2.5499923973022125
1800,6.2500000000000003e-06,33.575373320688463,2.5499923972267169
1800,9.3750000000000009e-06,33.575373704529376,2.5499923971008895
1800,1.2500000000000001e-05,33.575374241906658,2.54999239692473
1800,1.5625e-05,33.57537493282031,2.5499923966982374
1800,1.8750000000000002e-05,33.575375777270338,2.5499923964214095
1800,2.1875e-05,33.575376775256736,2.5499923960942441
1800,2.5000000000000001e-05,33.57537792677951,2.5499923957167376
1800,2.8125000000000003e-05,33.57537923183866,2.549992395288887
1800,3.1250000000000001e-05,33.575380690434187,2.5499923948106895
1800,3.4375000000000002e-05,33.575382302566105,2.5499923942821412
1800,3.7500000000000003e-05,33.575384068234413,2.5499923937032372
1800,4.0625000000000005e-05,33.57538598743912,2.5499923930739725
1800,4.375e-05,33.575388060180217,2.5499923923943415
1800,4.6875000000000001e-05,33.575390286457719,2.5499923916643383
1800,5.0000000000000002e-05,33.57539266627164,2.5499923908839581
1800,5.3125000000000004e-05,33.57539519962198,2.5499923900531942
1800,5.6250000000000005e-05,33.575397886508739,2.5499923891720386
1800,5.9375e-05,33.575400726931932,2.5499923882404851
1800,6.2500000000000001e-05,33.575403720891565,2.5499923872585257
1800,6.5625000000000009e-05,33.575406868387645,2.5499923862261529
1800,6.8750000000000004e-05,33.575410169420188,2.5499923851433572
1800,7.1874999999999999e-05,33.575413623989199,2.5499923840101295
1800,7.5000000000000007e-05,33.575417232094694,2.5499923828264595
1800,7.8125000000000002e-05,33.575420993736678,2.5499923815923391
1800,8.125000000000001e-05,33.57542490891516,2.5499923803077573
1800,8.4375000000000004e-05,33.575428977630146,2.5499923789727039
1800,8.7499999999999999e-05,33.575433199881651,2.5499923775871669
1800,9.0625000000000007e-05,33.575437575669689,2.5499923761511356
1800,9.3750000000000002e-05,33.575442104994274,2.549992374664598
1800,9.687500000000001e-05,33.575446787855412,2.5499923731275418
1800,0.0001,33.575451624253127,2.549992371539954
1800,0.000103125,33.575456614187424,2.5499923699018217
1800,0.00010625000000000001,33.575461757658317,2.5499923682131307
1800,0.000109375,33.575467054665815,2.5499923664738668
1800,0.00011250000000000001,33.57547250520993,2.5499923646840164
1800,0.00011562500000000001,33.575478109290692,2.5499923628435632
1800,0.00011875,33.575483866908122,2.5499923609524933
1800,0.00012187500000000001,33.575489778062227,2.5499923590107896
1800,0.000125,33.575495842753021,2.5499923570184366
1800,0.00012812500000000001,33.575502060980533,2.549992354975418
1800,0.00013125000000000002,33.575508432744769,2.5499923528817163
1800,0.000134375,33.575514958045751,2.5499923507373143
1800,0.00013750000000000001,33.575521636883501,2.5499923485421943
1800,0.00014062500000000002,33.575528469258032,2.5499923462963374
1800,0.00014375,33.575535455169366,2.5499923439997256
1800,0.00014687500000000001,33.575542594617517,2.5499923416523393
1800,0.00015000000000000001,33.575549887602513,2.5499923392541595
1800,0.000153125,33.575557334124376,2.5499923368051656
1800,0.00015625,33.575564934183113,2.5499923343053372
1800,0.00015937500000000001,33.575572687778759,2.5499923317546531
1800,0.00016250000000000002,33.575580594911337,2.5499923291530933
1800,0.000165625,33.575588655580852,2.549992326500635
1800,0.00016875000000000001,33.575596869787333,2.5499923237972562
1800,0.00017187500000000002,33.575605237530802,2.5499923210429349
1800,0.000175,33.575613758811286,2.5499923182376478
1800,0.00017812500000000001,33.575622433628808,2.5499923153813722
1800,0.00018125000000000001,33.575631261983396,2.5499923124740844
1800,0.000184375,33.575640243875078,2.5499923095157606
1800,0.0001875,33.575649379303869,2.5499923065063763
1800,0.00019062500000000001,33.575658668269803,2.5499923034459049
1800,0.00019375000000000002,33.575668110772902,2.5499923003343228
1800,0.000196875,33.575677706813195,2.549992297171602
1800,0.00020000000000000001,33.575687456390696,2.5499922939577178
1800,0.00020312500000000002,33.57569735950544,2.549992290692642
1800,0.00020625,33.575707416157456,2.5499922873763485
1800,0.00020937500000000001,33.575717626346766,2.5499922840088098
1800,0.00021250000000000002,33.575727990073396,2.5499922805899975
1800,0.00021562500000000002,33.575738507337377,2.549992277119884
1800,0.00021875,33.575749178138743,2.5499922735984391
1800,0.00022187500000000001,33.575760002477523,2.5499922700256348
1800,0.00022500000000000002,33.575770980353759,2.5499922664014409
1800,0.000228125,33.575782111767467,2.5499922627258265
1800,0.00023125000000000001,33.57579339671868,2.5499922589987611
1800,0.00023437500000000002,33.575804835207435,2.5499922552202139
1800,0.0002375,33.575816427233761,2.5499922513901541
1800,0.00024062500000000001,33.575828172797685,2.5499922475085497
1800,0.00024375000000000002,33.575840071899243,2.5499922435753679
1800,0.00024687500000000002,33.575852124538471,2.5499922395905754
1800,0.00025000000000000001,33.575864330715397,2.5499922355541402
1800,0.00025312499999999999,33.575876690430071,2.5499922314660286
1800,0.00025625000000000002,33.575889203682515,2.5499922273262063
1800,0.000259375,33.575901870472769,2.5499922231346397
1800,0.00026250000000000004,33.575914690800857,2.5499922188912931
1800,0.00026562500000000002,33.575927664666828,2.5499922145961316
1800,0.00026875,33.57594079207071,2.5499922102491186
1800,0.00027187500000000004,33.575954073012539,2.5499922058502182
1800,0.00027500000000000002,33.575967507492358,2.549992201399395
1800,0.000278125,33.575981095510208,2.5499921968966111
1800,0.00028125000000000003,33.575994837066119,2.5499921923418292
1800,0.00028437500000000001,33.576008732160133,2.5499921877350111
1800,0.0002875,33.576022780792286,2.5499921830761187
1800,0.00029062500000000003,33.57603698296262,2.5499921783651138
1800,0.00029375000000000001,33.576051338671178,2.5499921736019564
1800,0.00029687499999999999,33.576065847918002,2.5499921687866069
1800,0.00030000000000000003,33.576080510703122,2.5499921639190259
1800,0.00030312500000000001,33.576095327026586,2.5499921589991725
1800,0.00030624999999999999,33.576110296888444,2.5499921540270059
1800,0.00030937500000000003,33.576125420288726,2.5499921490024837
1800,0.00031250000000000001,33.576140697227466,2.5499921439255657
1800,0.00031562500000000004,33.576156127704721,2.5499921387962097
1800,0.00031875000000000002,33.576171711720541,2.5499921336143725
1800,0.000321875,33.576187449274968,2.5499921283800111
1800,0.00032500000000000004,33.576203340368039,2.549992123093082
1800,0.00032812500000000002,33.576219384999789,2.5499921177535407
1800,0.00033125,33.576235583170259,2.5499921123613438
1800,0.00033437500000000004,33.576251934879501,2.549992106916446
1800,0.00033750000000000002,33.576268440127571,2.5499921014188009
1800,0.000340625,33.576285098914511,2.549992095868364
1800,0.00034375000000000003,33.576301911240357,2.5499920902650897
1800,0.00034687500000000002,33.576318877105173,2.5499920846089319
1800,0.00035,33.576335996508995,2.5499920788998427
1800,0.00035312500000000003,33.576353269451872,2.5499920731377737
1800,0.00035625000000000001,33.576370695933846,2.5499920673226786
1800,0.00035937499999999999,33.576388275954976,2.5499920614545086
1800,0.00036250000000000003,33.57640600951531,2.549992055533215
1800,0.00036562500000000001,33.576423896614898,2.5499920495587474
1800,0.00036874999999999999,33.57644193725379,2.5499920435310579
1800,0.00037187500000000003,33.576460131432029,2.5499920374500955
1800,0.00037500000000000001,33.576478479149671,2.5499920313158095
1800,0.00037812500000000004,33.576496980406773,2.5499920251281494
1800,0.00038125000000000002,33.576515635203386,2.5499920188870635
1800,0.00038437500000000001,33.576534443539551,2.5499920125924995
1800,0.00038750000000000004,33.576553405415339,2.5499920062444059
1800,0.00039062500000000002,33.576572520830794,2.5499919998427294
1800,0.00039375,33.576591789785972,2.5499919933874176
1800,0.00039687500000000004,33.576611212280923,2.5499919868784162
1800,0.00040000000000000002,33.576630788315704,2.5499919803156716
1800,0.000403125,33.576650517890364,2.5499919736991297
1800,0.00040625000000000004,33.576670401004961,2.5499919670287352
1800,0.00040937500000000002,33.576690437659551,2.5499919603044332
1800,0.0004125,33.576710627854183,2.5499919535261673
1800,0.00041562500000000003,33.576730971588916,2.549991946693881
1800,0.00041875000000000001,33.576751468863812,2.5499919398075179
1800,0.000421875,33.576772119678928,2.5499919328670204
1800,0.00042500000000000003,33.576792924034322,2.5499919258723311
1800,0.00042812500000000001,33.576813881930043,2.5499919188233919
1800,0.00043125000000000005,33.57683499336617,2.5499919117201451
1800,0.00043437500000000003,33.576856258342751,2.549991904562531
1800,0.00043750000000000001,33.576877676859844,2.5499918973504903
1800,0.00044062500000000004,33.576899248917506,2.5499918900839633
1800,0.00044375000000000003,33.576920974515801,2.5499918827628898
1800,0.00044687500000000001,33.576942853654799,2.5499918753872084
1800,0.00045000000000000004,33.576964886334551,2.5499918679568587
1800,0.00045312500000000002,33.576987072555113,2.5499918604717791
1800,0.00045625,33.577009412316549,2.5499918529319063
1800,0.00045937500000000004,33.577031905618931,2.5499918453371793
1800,0.00046250000000000002,33.577054552462329,2.5499918376875335
1800,0.000465625,33.577077352846786,2.5499918299829063
1800,0.00046875000000000004,33.57710030677238,2.5499918222232343
1800,0.00047187500000000002,33.577123414239168,2.5499918144084517
1800,0.000475,33.577146675247228,2.549991806538495
1800,0.00047812500000000003,33.57717008979661,2.5499917986132985
1800,0.00048125000000000002,33.577193657887385,2.549991790632796
1800,0.000484375,33.577217379519617,2.5499917825969218
1800,0.00048750000000000003,33.577241254693369,2.5499917745056089
1800,0.00049062500000000007,33.577265283408728,2.5499917663587897
1800,0.00049375000000000005,33.57728946566575,2.5499917581563976
1800,0.00049687500000000003,33.577313801464499,2.5499917498983642
1800,0.00050000000000000001,33.577338290805038,2.5499917415846216
1800,0.00050312499999999999,33.577362933687446,2.5499917332151005
1800,0.00050624999999999997,33.577387730111788,2.5499917247897321
1800,0.00050937500000000006,33.577412680078133,2.5499917163084467
1800,0.00051250000000000004,33.577437783586547,2.5499917077711727
1800,0.00051562500000000002,33.577463040637113,2.54999169917784
1800,0.00051875000000000001,33.577488451229897,2.549991690528377
1800,0.00052187499999999999,33.577514015364962,2.549991681822712
1800,0.00052500000000000008,33.577539733042379,2.5499916730607737
1800,0.00052812500000000006,33.577565604262226,2.5499916642424894
1800,0.00053125000000000004,33.577591629024589,2.5499916553677853
1800,0.00053437500000000002,33.577617807329531,2.5499916464365877
1800,0.0005375,33.57764413917711,2.549991637448823
1800,0.00054062499999999998,33.577670624567411,2.5499916284044164
1800,0.00054375000000000007,33.577697263500518,2.5499916193032934
1800,0.00054687500000000005,33.577724055976503,2.5499916101453786
1800,0.00055000000000000003,33.577751001995438,2.5499916009305958
1800,0.00055312500000000001,33.577778101557392,2.549991591658868
1800,0.00055625,33.577805354662452,2.5499915823301196
1800,0.00055937499999999998,33.577832761310695,2.5499915729442737
1800,0.00056250000000000007,33.577860321502193,2.5499915635012518
1800,0.00056562500000000005,33.577888035237009,2.5499915540009757
1800,0.00056875000000000003,33.577915902515237,2.5499915444433667
1800,0.00057187500000000001,33.577943923336953,2.549991534828346
1800,0.00057499999999999999,33.577972097702229,2.5499915251558338
1800,0.00057812500000000008,33.578000425611151,2.5499915154257509
1800,0.00058125000000000006,33.578028907063796,2.5499915056380158
1800,0.00058437500000000004,33.57805754206025,2.5499914957925482
1800,0.00058750000000000002,33.578086330600591,2.5499914858892661
1800,0.000590625,33.578115272684897,2.5499914759280879
1800,0.00059374999999999999,33.578144368313254,2.5499914659089309
1800,0.00059687500000000007,33.578173617485739,2.5499914558317114
1800,0.00060000000000000006,33.57820302020243,2.5499914456963459
1800,0.00060312500000000004,33.578232576463421,2.5499914355027515
1800,0.00060625000000000002,33.578262286268782,2.5499914252508424
1800,0.000609375,33.578292149618619,2.5499914149405347
1800,0.00061249999999999998,33.57832216651299,2.5499914045717436
1800,0.00061562500000000007,33.578352336952001,2.5499913941443837
1800,0.00061875000000000005,33.578382660935731,2.5499913836583685
1800,0.00062187500000000003,33.578413138464263,2.5499913731136101
1800,0.00062500000000000001,33.578443769537685,2.5499913625100223
1800,0.00062812499999999999,33.578474554156081,2.5499913518475164
1800,0.00063125000000000008,33.578505492319543,2.5499913411260051
1800,0.00063437500000000006,33.578536584028143,2.5499913303453998
1800,0.00063750000000000005,33.57856782928198,2.5499913195056116
1800,0.00064062500000000003,33.578599228081131,2.54999130860655
1800,0.00064375000000000001,33.578630780425691,2.5499912976481247
1800,0.00064687499999999999,33.57866248631575,2.5499912866302457
1800,0.00065000000000000008,33.578694345751394,2.5499912755528213
1800,0.00065312500000000006,33.578726358732716,2.5499912644157612
1800,0.00065625000000000004,33.578758525259808,2.5499912532189719
1800,0.00065937500000000002,33.578790845332769,2.5499912419623629
1800,0.0006625,33.57882331895167,2.5499912306458392
1800,0.00066562499999999998,33.578855946116619,2.5499912192693079
1800,0.00066875000000000007,33.578888726827692,2.5499912078326745
1800,0.00067187500000000005,33.578921661084991,2.5499911963358448
1800,0.00067500000000000004,33.578954748888606,2.5499911847787242
1800,0.00067812500000000002,33.57898799023863,2.5499911731612168
1800,0.00068125,33.579021385135164,2.5499911614832276
1800,0.00068437499999999998,33.579054933578291,2.5499911497446588
1800,0.00068750000000000007,33.57908863556812,2.5499911379454141
1800,0.00069062500000000005,33.579122491104734,2.5499911260853967
1800,0.00069375000000000003,33.579156500188233,2.549991114164508
1800,0.00069687500000000001,33.579190662818718,2.5499911021826485
1800,0.00069999999999999999,33.579224978996272,2.54999109013972
1800,0.00070312500000000008,33.579259448720997,2.5499910780356232
1800,0.00070625000000000006,33.579294071992997,2.5499910658702589
1800,0.00070937500000000004,33.579328848812359,2.549991053643526
1800,0.00071250000000000003,33.579363779179204,2.5499910413553235
1800,0.00071562500000000001,33.579398863093608,2.5499910290055494
1800,0.00071874999999999999,33.57943410055568,2.5499910165941029
1800,0.00072187500000000008,33.579469491565519,2.5499910041208813
1800,0.00072500000000000006,33.57950503612323,2.5499909915857817
1800,0.00072812500000000004,33.5795407342289,2.5499909789887005
1800,0.00073125000000000002,33.579576585882634,2.549990966329533
1800,0.000734375,33.579612591084526,2.5499909536081753
1800,0.00073749999999999998,33.579648749834689,2.5499909408245229
1800,0.00074062500000000007,33.57968506213323,2.5499909279784707
1800,0.00074375000000000005,33.57972152798024,2.5499909150699116
1800,0.00074687500000000003,33.579758147375834,2.5499909020987404
1800,0.00075000000000000002,33.579794920320097,2.5499908890648491
1800,0.000753125,33.57983184681315,2.5499908759681311
1800,0.00075625000000000009,33.579868926855092,2.5499908628084786
1800,0.00075937500000000007,33.579906160446022,2.5499908495857819
1800,0.00076250000000000005,33.579943547586048,2.5499908362999317
1800,0.00076562500000000003,33.579981088275268,2.5499908229508188
1800,0.00076875000000000001,33.580018782513804,2.5499908095383335
1800,0.00077187499999999999,33.580056630301755,2.5499907960623651
1800,0.00077500000000000008,33.580094631639234,2.5499907825228028
1800,0.00077812500000000006,33.580132786526342,2.5499907689195354
1800,0.00078125000000000004,33.580171094963184,2.5499907552524506
1800,0.00078437500000000002,33.580209556949875,2.5499907415214342
1800,0.00078750000000000001,33.580248172486527,2.5499907277263745
1800,0.00079062499999999999,33.580286941573249,2.549990713867158
1800,0.00079375000000000008,33.580325864210138,2.5499906999436708
1800,0.00079687500000000006,33.580364940397303,2.5499906859557973
1800,0.00080000000000000004,33.580404170134869,2.5499906719034215
1800,0.00080312500000000002,33.580443553422946,2.5499906577864291
1800,0.00080625,33.580483090261637,2.549990643604704
1800,0.00080937500000000009,33.580522780651059,2.5499906293581289
1800,0.00081250000000000007,33.580562624591323,2.5499906150465868
1800,0.00081562500000000005,33.580602622082544,2.5499906006699593
1800,0.00081875000000000003,33.580642773124836,2.549990586228128
1800,0.00082187500000000001,33.580683077718312,2.5499905717209743
1800,0.000825,33.580723535863079,2.5499905571483792
1800,0.00082812500000000009,33.580764147559258,2.5499905425102223
1800,0.00083125000000000007,33.580804912806954,2.5499905278063832
1800,0.00083437500000000005,33.580845831606297,2.5499905130367408
1800,0.00083750000000000003,33.580886903957392,2.5499904982011734
1800,0.00084062500000000001,33.580928129860368,2.5499904832995592
1800,0.00084374999999999999,33.580969509315331,2.5499904683317758
1800,0.00084687500000000008,33.581011042322402,2.5499904532976991
1800,0.00085000000000000006,33.581052728881708,2.5499904381972063
1800,0.00085312500000000004,33.581094568993358,2.5499904230301733
1800,0.00085625000000000002,33.58113656265747,2.5499904077964755
1800,0.000859375,33.581178709874166,2.5499903924959875
1800,0.00086250000000000009,33.58122101064356,2.5499903771285832
1800,0.00086562500000000007,33.581263464965787,2.5499903616941371
1800,0.00086875000000000006,33.581306072840952,2.549990346192522
1800,0.00087187500000000004,33.581348834269185,2.5499903306236105
1800,0.00087500000000000002,33.581391749250606,2.5499903149872742
1800,0.000878125,33.581434817785322,2.5499902992833849
1800,0.00088125000000000009,33.581478039873467,2.5499902835118129
1800,0.00088437500000000007,33.581521415515155,2.5499902676724289
1800,0.00088750000000000005,33.581564944710507,2.5499902517651027
1800,0.00089062500000000003,33.581608627459659,2.549990235789704
1800,0.00089375000000000001,33.58165246376273,2.5499902197461011
1800,0.00089687499999999999,33.581696453619848,2.5499902036341626
1800,0.00090000000000000008,33.581740597031143,2.5499901874537563
1800,0.00090312500000000006,33.581784893996733,2.5499901712047488
1800,0.00090625000000000005,33.581829344516748,2.549990154887007
1800,0.00090937500000000003,33.581873948591316,2.5499901385003971
1800,0.00091250000000000001,33.581918706220556,2.5499901220447843
1800,0.0009156250000000001,33.581963617404604,2.5499901055200342
1800,0.00091875000000000008,33.582008682143581,2.5499900889260108
1800,0.00092187500000000006,33.582053900437614,2.5499900722625775
1800,0.00092500000000000004,33.58209927228684,2.549990055529598
1800,0.00092812500000000002,33.58214479769137,2.5499900387269343
1800,0.00093125,33.582190476651348,2.5499900218544491
1800,0.00093437500000000009,33.582236309166895,2.5499900049120039
1800,0.00093750000000000007,33.582282295238151,2.5499899878994596
1800,0.00094062500000000005,33.582328434865239,2.5499899708166769
1800,0.00094375000000000004,33.582374728048293,2.5499899536635149
1800,0.00094687500000000002,33.582421174787449,2.5499899364398337
1800,0.00095,33.582467775082833,2.5499899191454913
1800,0.00095312500000000009,33.582514528934588,2.5499899017803465
1800,0.00095625000000000007,33.582561436342836,2.5499898843442574
1800,0.00095937500000000005,33.582608497307724,2.54998986683708
1800,0.00096250000000000003,33.582655711829389,2.549989849258671
1800,0.00096562500000000001,33.582703079907951,2.5499898316088871
1800,0.00096874999999999999,33.582750601543545,2.5499898138875832
1800,0.00097187500000000008,33.582798276736312,2.5499897960946138
1800,0.00097500000000000006,33.582846105486389,2.5499897782298344
1800,0.00097812500000000004,33.58289408779391,2.549989760293097
1800,0.00098125000000000013,33.58294222365901,2.5499897422842559
1800,0.00098437500000000001,33.582990513081825,2.5499897242031619
1800,0.0009875000000000001,33.583038956062495,2.5499897060496677
1800,0.00099062499999999997,33.583087552601157,2.5499896878236248
1800,0.00099375000000000006,33.583136302697945,2.5499896695248845
1800,0.00099687500000000015,33.583185206353008,2.5499896511532962
1800,0.001,33.583234263566474,2.5499896327087104
1800,0.0010031250000000001,33.583283474338486,2.549989614190975
1800,0.00100625,33.583332838669186,2.5499895955999388
1800,0.0010093750000000001,33.583382356558722,2.5499895769354501
1800,0.0010124999999999999,33.583432028007238,2.5499895581973555
1800,0.001015625,33.583481853014874,2.5499895393855021
1800,0.0010187500000000001,33.583531831581766,2.5499895204997363
1800,0.001021875,33.583581963708049,2.549989501539903
1800,0.0010250000000000001,33.583632249393872,2.5499894825058469
1800,0.001028125,33.583682688639385,2.5499894633974125
1800,0.00103125,33.583733281444729,2.5499894442144444
1800,0.0010343750000000001,33.583784027810054,2.5499894249567849
1800,0.0010375,33.583834927735488,2.5499894056242769
1800,0.0010406250000000001,33.583885981221187,2.5499893862167622
1800,0.00104375,33.583937188267306,2.5499893667340818
1800,0.0010468750000000001,33.583988548873975,2.5499893471760764
1800,0.0010500000000000002,33.584040063041343,2.5499893275425869
1800,0.001053125,33.584091730769558,2.5499893078334526
1800,0.0010562500000000001,33.584143552058777,2.5499892880485118
1800,0.001059375,33.584195526909141,2.5499892681876037
1800,0.0010625000000000001,33.584247655320794,2.5499892482505655
1800,0.0010656249999999999,33.584299937293892,2.5499892282372341
1800,0.00106875,33.584352372828576,2.5499892081474469
1800,0.0010718750000000001,33.584404961925003,2.5499891879810388
1800,0.001075,33.584457704583336,2.5499891677378455
1800,0.0010781250000000001,33.584510600803711,2.5499891474177021
1800,0.00108125,33.584563650586276,2.5499891270204422
1800,0.0010843750000000001,33.584616853931195,2.5499891065458993
1800,0.0010875000000000001,33.58467021083861,2.5499890859939072
1800,0.001090625,33.584723721308677,2.5499890653642976
1800,0.0010937500000000001,33.584777385341553,2.5499890446569013
1800,0.001096875,33.584831202937387,2.5499890238715497
1800,0.0011000000000000001,33.584885174096343,2.5499890030080739
1800,0.0011031250000000002,33.584939298818554,2.5499889820663033
1800,0.00110625,33.584993577104193,2.5499889610460675
1800,0.0011093750000000001,33.585048008953414,2.5499889399471947
1800,0.0011125,33.585102594366376,2.5499889187695128
1800,0.0011156250000000001,33.585157333343233,2.5499888975128497
1800,0.00111875,33.585212225884149,2.5499888761770308
1800,0.001121875,33.585267271989281,2.549988854761883
1800,0.0011250000000000001,33.585322471658763,2.5499888332672316
1800,0.001128125,33.585377824892774,2.5499888116929013
1800,0.0011312500000000001,33.585433331691462,2.5499887900387166
1800,0.001134375,33.585488992055005,2.5499887683045013
1800,0.0011375000000000001,33.585544805983545,2.5499887464900781
1800,0.0011406250000000001,33.585600773477239,2.549988724595269
1800,0.00114375,33.585656894536257,2.5499887026198955
1800,0.0011468750000000001,33.585713169160755,2.549988680563779
1800,0.00115,33.585769597350904,2.5499886584267402
1800,0.0011531250000000001,33.585826179106846,2.5499886362085982
1800,0.0011562500000000002,33.585882914428751,2.5499886139091723
1800,0.001159375,33.585939803316784,2.5499885915282814
1800,0.0011625000000000001,33.585996845771113,2.5499885690657429
1800,0.001165625,33.586054041791911,2.5499885465213739
1800,0.0011687500000000001,33.586111391379347,2.5499885238949909
1800,0.001171875,33.586168894533579,2.5499885011864101
1800,0.001175,33.586226551254754,2.5499884783954467
1800,0.0011781250000000001,33.586284361543051,2.5499884555219152
1800,0.00118125,33.586342325398633,2.5499884325656299
1800,0.0011843750000000001,33.586400442821677,2.5499884095264043
1800,0.0011875,33.586458713812348,2.54998838640405
1800,0.0011906250000000001,33.586517138370802,2.5499883631983797
1800,0.0011937500000000001,33.586575716497215,2.5499883399092043
1800,0.001196875,33.586634448191759,2.5499883165363362
1800,0.0012000000000000001,33.586693333454598,2.5499882930795832
1800,0.001203125,33.5867523722859,2.5499882695387557
1800,0.0012062500000000001,33.586811564685839,2.5499882459136622
1800,0.0012093750000000002,33.586870910654582,2.549988222204111
1800,0.0012125,33.586930410192316,2.5499881984099084
1800,0.0012156250000000001,33.586990063299204,2.5499881745308612
1800,0.00121875,33.587049869975402,2.5499881505667763
1800,0.0012218750000000001,33.587109830221081,2.5499881265174591
1800,0.001225,33.587169944036418,2.5499881023827156
1800,0.001228125,33.587230211421613,2.5499880781623476
1800,0.0012312500000000001,33.587290632376821,2.549988053856159
1800,0.001234375,33.587351206902206,2.5499880294639534
1800,0.0012375000000000001,33.587411934997945,2.5499880049855324
1800,0.001240625,33.587472816664217,2.5499879804206973
1800,0.0012437500000000001,33.587533851901213,2.5499879557692493
1800,0.0012468750000000002,33.587595040709097,2.5499879310309868
1800,0.00125,33.587656383088046,2.5499879062057098
1800,0.0012531250000000001,33.587717879038237,2.5499878812932186
1800,0.00125625,33.587779528559835,2.5499878562933098
1800,0.0012593750000000001,33.587841331653038,2.5499878312057813
1800,0.0012625000000000002,33.587903288318017,2.5499878060304297
1800,0.001265625,33.58796539855495,2.5499877807670503
1800,0.0012687500000000001,33.58802766236402,2.5499877554154384
1800,0.001271875,33.588090079745406,2.5499877299753888
1800,0.0012750000000000001,33.588152650699286,2.5499877044466941
1800,0.001278125,33.588215375225843,2.5499876788291496
1800,0.0012812500000000001,33.588278253325257,2.5499876531225465
1800,0.0012843750000000001,33.588341284997711,2.5499876273266766
1800,0.0012875,33.58840447024339,2.5499876014413312
1800,0.0012906250000000001,33.588467809062479,2.5499875754663011
1800,0.00129375,33.588531301455156,2.5499875494013757
1800,0.0012968750000000001,33.588594947421605,2.5499875232463438
1800,0.0013000000000000002,33.588658746962011,2.5499874970009926
1800,0.001303125,33.588722700076566,2.5499874706651107
1800,0.0013062500000000001,33.588786806765448,2.5499874442384858
1800,0.001309375,33.588851067028841,2.5499874177209025
1800,0.0013125000000000001,33.588915480866937,2.5499873911121469
1800,0.0013156250000000002,33.588980048279915,2.5499873644120035
1800,0.00131875,33.589044769267964,2.5499873376202569
1800,0.0013218750000000001,33.589109643831279,2.5499873107366904
1800,0.001325,33.589174671970042,2.5499872837610869
1800,0.0013281250000000001,33.589239853684447,2.5499872566932278
1800,0.00133125,33.589305188974684,2.5499872295328943
1800,0.0013343750000000001,33.589370677840932,2.549987202279866
1800,0.0013375000000000001,33.589436320283383,2.5499871749339231
1800,0.001340625,33.589502116302228,2.549987147494845
1800,0.0013437500000000001,33.589568065897659,2.5499871199624105
1800,0.001346875,33.589634169069882,2.549987092336397
1800,0.0013500000000000001,33.589700425819068,2.5499870646165812
1800,0.0013531250000000002,33.589766836145401,2.5499870368027389
1800,0.00135625,33.589833400049095,2.5499870088946452
1800,0.0013593750000000001,33.589900117530341,2.5499869808920761
1800,0.0013625,33.589966988589325,2.5499869527948045
1800,0.0013656250000000001,33.590034013226237,2.549986924602603
1800,0.00136875,33.590101191441271,2.5499868963152457
1800,0.001371875,33.590168523234631,2.5499868679325028
1800,0.0013750000000000001,33.590236008606517,2.5499868394541467
1800,0.001378125,33.590303647557128,2.5499868108799464
1800,0.0013812500000000001,33.590371440086656,2.5499867822096718
1800,0.001384375,33.590439386195285,2.549986753443092
1800,0.0013875000000000001,33.590507485883236,2.5499867245799752
1800,0.0013906250000000002,33.590575739150701,2.5499866956200878
1800,0.00139375,33.590644145997871,2.5499866665631967
1800,0.0013968750000000001,33.590712706424952,2.5499866374090678
1800,0.0014,33.59078142043213,2.5499866081574663
1800,0.0014031250000000001,33.590850288019617,2.5499865788081566
1800,0.0014062500000000002,33.590919309187605,2.5499865493609017
1800,0.001409375,33.590988483936314,2.5499865198154641
1800,0.0014125000000000001,33.591057812265937,2.5499864901716056
1800,0.001415625,33.591127294176673,2.5499864604290883
1800,0.0014187500000000001,33.591196929668712,2.5499864305876727
1800,0.001421875,33.591266718742276,2.5499864006471182
1800,0.0014250000000000001,33.591336661397555,2.5499863706071846
1800,0.0014281250000000001,33.591406757634765,2.5499863404676293
1800,0.00143125,33.591477007454102,2.5499863102282094
1800,0.0014343750000000001,33.591547410855775,2.5499862798886817
1800,0.0014375,33.591617967839987,2.5499862494488021
1800,0.0014406250000000001,33.59168867840696,2.5499862189083267
1800,0.0014437500000000002,33.591759542556886,2.5499861882670087
1800,0.001446875,33.591830560289964,2.5499861575246019
1800,0.0014500000000000001,33.591901731606399,2.5499861266808588
1800,0.001453125,33.591973056506411,2.549986095735532
1800,0.0014562500000000001,33.592044534990201,2.5499860646883725
1800,0.0014593750000000002,33.592116167057981,2.5499860335391307
1800,0.0014625,33.592187952709963,2.5499860022875556
1800,0.0014656250000000001,33.592259891946355,2.5499859709333972
1800,0.00146875,33.59233198476737,2.5499859394764037
1800,0.0014718750000000001,33.592404231173212,2.5499859079163221
1800,0.001475,33.592476631164097,2.5499858762528986
1800,0.0014781250000000001,33.592549184740236,2.5499858444858794
1800,0.0014812500000000001,33.592621891901842,2.5499858126150095
1800,0.001484375,33.592694752649138,2.5499857806400321
1800,0.0014875000000000001,33.592767766982327,2.5499857485606903
1800,0.001490625,33.592840934901623,2.5499857163767281
1800,0.0014937500000000001,33.592914256407248,2.5499856840878858
1800,0.0014968750000000002,33.592987731499413,2.549985651693905
1800,0.0015,33.593061360178339,2.5499856191945263
1800,0.0015031250000000001,33.593135142444233,2.5499855865894889
1800,0.00150625,33.593209078297321,2.5499855538785319
1800,0.0015093750000000001,33.593283167737809,2.5499855210613909
1800,0.0015125000000000002,33.593357410765904,2.5499854881378039
1800,0.001515625,33.593431807381833,2.5499854551075067
1800,0.0015187500000000001,33.593506357585824,2.5499854219702356
1800,0.001521875,33.593581061378089,2.5499853887257244
1800,0.0015250000000000001,33.593655918758856,2.5499853553737069
1800,0.001528125,33.593730929728324,2.5499853219139155
1800,0.0015312500000000001,33.593806094286734,2.5499852883460825
1800,0.0015343750000000001,33.593881412434293,2.5499852546699389
1800,0.0015375,33.593956884171227,2.5499852208852154
1800,0.0015406250000000001,33.594032509497751,2.5499851869916408
1800,0.00154375,33.594108288414091,2.5499851529889437
1800,0.0015468750000000001,33.594184220920475,2.5499851188768523
1800,0.0015500000000000002,33.59426030701713,2.549985084655094
1800,0.001553125,33.59433654670427,2.5499850503233943
1800,0.0015562500000000001,33.594412939982121,2.5499850158814783
1800,0.001559375,33.594489486850897,2.5499849813290711
1800,0.0015625000000000001,33.594566187310839,2.5499849466658961
1800,0.0015656250000000002,33.594643041362168,2.5499849118916762
1800,0.00156875,33.594720049005119,2.5499848770061329
1800,0.0015718750000000001,33.594797210239918,2.5499848420089872
1800,0.001575,33.594874525066778,2.5499848068999609
1800,0.0015781250000000001,33.594951993485935,2.5499847716787727
1800,0.00158125,33.595029615497616,2.5499847363451407
1800,0.0015843750000000001,33.595107391102054,2.5499847008987828
1800,0.0015875000000000002,33.595185320299478,2.5499846653394158
1800,0.001590625,33.595263403090101,2.5499846296667563
1800,0.0015937500000000001,33.595341639474164,2.5499845938805188
1800,0.001596875,33.595420029451894,2.5499845579804181
1800,0.0016000000000000001,33.595498573023534,2.549984521966167
1800,0.0016031250000000002,33.595577270189317,2.5499844858374781
1800,0.00160625,33.595656120949464,2.5499844495940631
1800,0.0016093750000000001,33.595735125304209,2.5499844132356331
1800,0.0016125,33.595814283253787,2.5499843767618988
1800,0.0016156250000000001,33.595893594798433,2.5499843401725686
1800,0.0016187500000000002,33.595973059938387,2.5499843034673502
1800,0.0016218750000000001,33.596052678673871,2.5499842666459505
1800,0.0016250000000000001,33.596132451005118,2.5499842297080759
1800,0.001628125,33.596212376932378,2.549984192653433
1800,0.0016312500000000001,33.596292456455885,2.5499841554817251
1800,0.001634375,33.596372689575865,2.5499841181926572
1800,0.0016375000000000001,33.596453076292555,2.5499840807859315
1800,0.0016406250000000002,33.596533616606195,2.5499840432612504
1800,0.00164375,33.596614310517026,2.5499840056183145
1800,0.0016468750000000001,33.596695158025284,2.5499839678568246
1800,0.00165,33.596776159131224,2.5499839299764799
1800,0.0016531250000000001,33.596857313835073,2.5499838919769791
1800,0.0016562500000000002,33.596938622137081,2.54998385385802
1800,0.001659375,33.597020084037474,2.5499838156192984
1800,0.0016625000000000001,33.597101699536502,2.5499837772605103
1800,0.001665625,33.597183468634405,2.5499837387813504
1800,0.0016687500000000001,33.597265391331426,2.5499837001815129
1800,0.0016718750000000002,33.597347467627806,2.5499836614606899
1800,0.0016750000000000001,33.597429697523793,2.5499836226185741
1800,0.0016781250000000001,33.597512081019623,2.5499835836548566
1800,0.00168125,33.597594618115551,2.549983544569228
1800,0.0016843750000000001,33.597677308811818,2.5499835053613773
1800,0.0016875,33.597760153108659,2.549983466030993
1800,0.0016906250000000001,33.59784315100633,2.5499834265777626
1800,0.0016937500000000002,33.597926302505073,2.5499833870013724
1800,0.001696875,33.598009607605135,2.5499833473015077
1800,0.0017000000000000001,33.598093066306767,2.549983307477854
1800,0.001703125,33.598176678610209,2.5499832675300937
1800,0.0017062500000000001,33.598260444515716,2.5499832274579108
1800,0.0017093750000000002,33.598344364023539,2.5499831872609877
1800,0.0017125,33.598428437133926,2.5499831469390051
1800,0.0017156250000000001,33.598512663847131,2.5499831064916427
1800,0.00171875,33.598597044163398,2.5499830659185796
1800,0.0017218750000000001,33.598681578082974,2.5499830252194942
1800,0.0017250000000000002,33.598766265606102,2.5499829843940636
1800,0.0017281250000000001,33.598851106733058,2.5499829434419632
1800,0.0017312500000000001,33.598936101464091,2.5499829023628688
1800,0.001734375,33.599021249799449,2.5499828611564546
1800,0.0017375000000000001,33.599106551739368,2.5499828198223944
1800,0.001740625,33.59919200728411,2.5499827783603606
1800,0.0017437500000000001,33.599277616433952,2.5499827367700245
1800,0.0017468750000000002,33.599363379189136,2.5499826950510558
1800,0.00175,33.599449295549917,2.5499826532031244
1800,0.0017531250000000001,33.599535365516545,2.5499826112259001
1800,0.00175625,33.599621589089274,2.5499825691190501
1800,0.0017593750000000001,33.599707966268376,2.5499825268822405
1800,0.0017625000000000002,33.599794497054098,2.5499824845151373
1800,0.0017656250000000001,33.599881181446698,2.5499824420174058
1800,0.0017687500000000001,33.599968019446436,2.5499823993887087
1800,0.001771875,33.60005501105357,2.5499823566287092
1800,0.0017750000000000001,33.600142156268369,2.5499823137370692
1800,0.0017781250000000002,33.600229455091089,2.5499822707134494
1800,0.0017812500000000001,33.600316907521979,2.5499822275575101
1800,0.0017843750000000002,33.600404513561308,2.5499821842689103
1800,0.0017875,33.600492273209341,2.5499821408473067
1800,0.0017906250000000001,33.600580186466338,2.5499820972923564
1800,0.00179375,33.600668253332572,2.5499820536037157
1800,0.0017968750000000001,33.600756473808296,2.5499820097810386
1800,0.0018000000000000002,33.600844847893768,2.5499819658239793
1800,0.001803125,33.600933375589264,2.5499819217321904
1800,0.0018062500000000001,33.60102205689504,2.5499818775053251
1800,0.001809375,33.601110891811373,2.5499818331430335
1800,0.0018125000000000001,33.601199880338527,2.5499817886449656
1800,0.0018156250000000002,33.60128902247677,2.5499817440107688
1800,0.0018187500000000001,33.601378318226367,2.5499816992400928
1800,0.0018218750000000001,33.601467767587572,2.5499816543325835
1800,0.001825,33.601557370560663,2.5499816092878871
1800,0.0018281250000000001,33.60164712714591,2.5499815641056478
1800,0.0018312500000000002,33.601737037343575,2.5499815187855099
1800,0.0018343750000000001,33.601827101153944,2.5499814733271156
1800,0.0018375000000000002,33.601917318577271,2.5499814277301067
1800,0.001840625,33.602007689613842,2.5499813819941228
1800,0.0018437500000000001,33.602098214263918,2.5499813361188046
1800,0.001846875,33.602188892527771,2.5499812901037906
1800,0.0018500000000000001,33.602279724405669,2.5499812439487188
1800,0.0018531250000000002,33.60237070989789,2.5499811976532252
1800,0.00185625,33.602461849004712,2.5499811512169455
1800,0.0018593750000000001,33.602553141726411,2.5499811046395142
1800,0.0018625,33.602644588063256,2.5499810579205646
1800,0.0018656250000000001,33.60273618801552,2.5499810110597294
1800,0.0018687500000000002,33.602827941583477,2.5499809640566391
1800,0.0018718750000000001,33.602919848767407,2.5499809169109238
1800,0.0018750000000000001,33.603011909567591,2.5499808696222135
1800,0.001878125,33.603104123984295,2.5499808221901361
1800,0.0018812500000000001,33.603196492017801,2.5499807746143186
1800,0.001884375,33.603289013668387,2.5499807268943866
1800,0.0018875000000000001,33.603381688936338,2.5499806790299653
1800,0.0018906250000000002,33.603474517821923,2.549980631020679
1800,0.00189375,33.603567500325425,2.5499805828661493
1800,0.0018968750000000001,33.603660636447124,2.5499805345659992
1800,0.0019,33.603753926187295,2.5499804861198485
1800,0.0019031250000000001,33.60384736954623,2.5499804375273167
1800,0.0019062500000000002,33.603940966524206,2.5499803887880224
1800,0.001909375,33.604034717121507,2.5499803399015835
1800,0.0019125000000000001,33.604128621338418,2.5499802908676155
1800,0.001915625,33.604222679175216,2.5499802416857338
1800,0.0019187500000000001,33.604316890632191,2.5499801923555534
1800,0.0019218750000000002,33.604411255709628,2.5499801428766866
1800,0.0019250000000000001,33.604505774407812,2.5499800932487457
1800,0.0019281250000000002,33.604600446727019,2.5499800434713413
1800,0.00193125,33.604695272667541,2.5499799935440834
1800,0.0019343750000000001,33.60479025222967,2.5499799434665804
1800,0.0019375,33.604885385413695,2.5499798932384397
1800,0.0019406250000000001,33.604980672219902,2.5499798428592682
1800,0.0019437500000000002,33.605076112648582,2.5499797923286707
1800,0.001946875,33.605171706700013,2.5499797416462515
1800,0.0019500000000000001,33.605267454374491,2.5499796908116141
1800,0.001953125,33.605363355672303,2.549979639824361
1800,0.0019562500000000001,33.605459410593745,2.549979588684093
1800,0.0019593750000000002,33.605555619139103,2.5499795373904086
1800,0.0019625000000000003,33.605651981308675,2.5499794859429068
1800,0.0019656249999999999,33.605748497102745,2.5499794343411857
1800,0.00196875,33.605845166521604,2.5499793825848411
1800,0.0019718750000000001,33.605941989565544,2.5499793306734682
1800,0.0019750000000000002,33.606038966234863,2.5499792786066608
1800,0.0019781250000000003,33.606136096529859,2.549979226384012
1800,0.0019812499999999999,33.60623338045081,2.5499791740051139
1800,0.001984375,33.606330817998021,2.5499791214695566
1800,0.0019875000000000001,33.606428409171791,2.5499790687769304
1800,0.0019906250000000002,33.60652615397241,2.5499790159268239
1800,0.0019937500000000003,33.606624052400178,2.5499789629188232
1800,0.001996875,33.606722104455393,2.549978909752515
1800,0.002,33.606820310138353,2.5499788564274839
1800,0.0020031250000000001,33.606918669449357,2.5499788029433135
1800,0.0020062500000000002,33.607017182388702,2.5499787492995862
1800,0.0020093750000000003,33.607115848956688,2.5499786954958843
1800,0.0020125,33.607214669153613,2.5499786415317867
1800,0.0020156250000000001,33.607313642979783,2.5499785874068728
1800,0.0020187500000000001,33.607412770435495,2.5499785331207208
1800,0.0020218750000000002,33.607512051521063,2.5499784786729078
1800,0.0020249999999999999,33.607611486236785,2.549978424063009
1800,0.002028125,33.607711074582959,2.5499783692905993
1800,0.0020312500000000001,33.607810816559883,2.5499783143552519
1800,0.0020343750000000002,33.607910712167865,2.5499782592565379
1800,0.0020375000000000002,33.608010761407208,2.5499782039940286
1800,0.0020406249999999999,33.608110964278218,2.5499781485672934
1800,0.00204375,33.608211320781194,2.5499780929759002
1800,0.0020468750000000001,33.608311830916449,2.5499780372194172
1800,0.0020500000000000002,33.608412494684295,2.5499779812974097
1800,0.0020531250000000003,33.608513312085037,2.549977925209443
1800,0.0020562499999999999,33.608614283118989,2.5499778689550796
1800,0.002059375,33.608715407786455,2.5499778125338826
1800,0.0020625000000000001,33.608816686087742,2.5499777559454131
1800,0.0020656250000000002,33.608918118023162,2.5499776991892307
1800,0.0020687500000000003,33.609019703593027,2.5499776422648939
1800,0.0020718749999999999,33.609121442797644,2.5499775851719608
1800,0.002075,33.609223335637324,2.5499775279099874
1800,0.0020781250000000001,33.609325382112374,2.5499774704785292
1800,0.0020812500000000002,33.609427582223105,2.5499774128771402
1800,0.0020843750000000003,33.609529935969846,2.5499773551053728
1800,0.0020874999999999999,33.609632443352908,2.5499772971627781
1800,0.002090625,33.609735104372596,2.5499772390489057
1800,0.0020937500000000001,33.609837919029225,2.5499771807633045
1800,0.0020968750000000002,33.609940887323113,2.5499771223055223
1800,0.0021000000000000003,33.610044009254572,2.5499770636751062
1800,0.002103125,33.610147284823924,2.5499770048716006
1800,0.00210625,33.61025071403148,2.5499769458945498
1800,0.0021093750000000001,33.610354296877553,2.549976886743496
1800,0.0021125000000000002,33.61045803336247,2.5499768274179799
1800,0.0021156250000000003,33.610561923486543,2.5499767679175434
1800,0.00211875,33.610665967250092,2.549976708241724
1800,0.0021218750000000001,33.610770164653431,2.5499766483900594
1800,0.0021250000000000002,33.610874515696885,2.5499765883620862
1800,0.0021281250000000002,33.610979020380782,2.5499765281573401
1800,0.0021312499999999999,33.611083678705434,2.5499764677753536
1800,0.002134375,33.611188490671175,2.549976407215659
1800,0.0021375000000000001,33.611293456278318,2.5499763464777883
1800,0.0021406250000000002,33.61139857552719,2.5499762855612707
1800,0.0021437500000000003,33.61150384841811,2.5499762244656359
1800,0.0021468749999999999,33.611609274951398,2.5499761631904114
1800,0.00215,33.611714855127396,2.5499761017351217
1800,0.0021531250000000001,33.611820588946415,2.5499760400992928
1800,0.0021562500000000002,33.61192647640879,2.5499759782824469
1800,0.0021593750000000003,33.612032517514834,2.5499759162841071
1800,0.0021624999999999999,33.612138712264873,2.5499758541037938
1800,0.002165625,33.612245060659241,2.5499757917410264
1800,0.0021687500000000001,33.612351562698265,2.5499757291953227
1800,0.0021718750000000002,33.61245821838228,2.5499756664661994
1800,0.0021750000000000003,33.612565027711604,2.5499756035531731
1800,0.0021781249999999999,33.612671990686579,2.5499755404557582
1800,0.00218125,33.612779107307531,2.5499754771734668
1800,0.0021843750000000001,33.612886377574803,2.5499754137058113
1800,0.0021875000000000002,33.612993801488713,2.5499753500523008
1800,0.0021906250000000003,33.613101379049589,2.5499752862124447
1800,0.00219375,33.61320911025777,2.5499752221857501
1800,0.002196875,33.613316995113586,2.5499751579717236
1800,0.0022000000000000001,33.613425033617361,2.5499750935698704
1800,0.0022031250000000002,33.613533225769437,2.5499750289796936
1800,0.0022062500000000003,33.613641571570149,2.5499749642006959
1800,0.002209375,33.613750071019822,2.5499748992323776
1800,0.0022125000000000001,33.613858724118806,2.5499748340742383
1800,0.0022156250000000001,33.613967530867434,2.5499747687257766
1800,0.0022187500000000002,33.61407649126604,2.5499747031864883
1800,0.0022218749999999999,33.614185605314958,2.5499746374558692
1800,0.002225,33.614294873014536,2.5499745715334137
1800,0.0022281250000000001,33.614404294365109,2.5499745054186134
1800,0.0022312500000000002,33.614513869367016,2.5499744391109602
1800,0.0022343750000000002,33.614623598020607,2.5499743726099444
1800,0.0022374999999999999,33.614733480326208,2.5499743059150544
1800,0.002240625,33.614843516284168,2.5499742390257767
1800,0.0022437500000000001,33.61495370589482,2.5499741719415976
1800,0.0022468750000000002,33.615064049158512,2.5499741046620015
1800,0.0022500000000000003,33.615174546075586,2.549974037186471
1800,0.0022531249999999999,33.615285196646383,2.5499739695144878
1800,0.00225625,33.61539600087125,2.5499739016455321
1800,0.0022593750000000001,33.615506958750522,2.5499738335790822
1800,0.0022625000000000002,33.61561807028454,2.5499737653146157
1800,0.0022656250000000003,33.615729335473667,2.549973696851608
1800,0.0022687499999999999,33.615840754318249,2.5499736281895347
1800,0.002271875,33.615952326818629,2.5499735593278681
1800,0.0022750000000000001,33.616064052975148,2.5499734902660798
1800,0.0022781250000000002,33.616175932788153,2.5499734210036404
1800,0.0022812500000000003,33.616287966257993,2.5499733515400185
1800,0.0022843749999999999,33.616400153385023,2.5499732818746814
1800,0.0022875,33.616512494169591,2.5499732120070959
1800,0.0022906250000000001,33.616624988612038,2.5499731419367255
1800,0.0022937500000000002,33.616737636712735,2.5499730716630333
1800,0.0022968750000000003,33.616850438472028,2.5499730011854815
1800,0.0023,33.616963393890273,2.5499729305035297
1800,0.0023031250000000001,33.617076502967812,2.5499728596166369
1800,0.0023062500000000001,33.617189765705007,2.5499727885242609
1800,0.0023093750000000002,33.617303182102191,2.5499727172258559
1800,0.0023125000000000003,33.61741675215972,2.5499726457208771
1800,0.002315625,33.617530475877963,2.5499725740087773
1800,0.0023187500000000001,33.617644353257269,2.5499725020890085
1800,0.0023218750000000002,33.617758384297986,2.5499724299610205
1800,0.0023250000000000002,33.617872569000497,2.5499723576242617
1800,0.0023281249999999999,33.61798690736515,2.5499722850781787
1800,0.00233125,33.618101399392302,2.5499722123222175
1800,0.0023343750000000001,33.618216045082313,2.5499721393558223
1800,0.0023375000000000002,33.618330844435519,2.5499720661784355
1800,0.0023406250000000003,33.618445797452289,2.5499719927894979
1800,0.0023437499999999999,33.618560904132977,2.5499719191884482
1800,0.002346875,33.618676164477954,2.5499718453747255
1800,0.0023500000000000001,33.618791578487581,2.5499717713477654
1800,0.0023531250000000002,33.618907146162229,2.5499716971070034
1800,0.0023562500000000003,33.619022867502245,2.5499716226518734
1800,0.0023593749999999999,33.619138742507999,2.5499715479818064
1800,0.0023625,33.619254771179854,2.5499714730962331
1800,0.0023656250000000001,33.619370953518185,2.5499713979945828
1800,0.0023687500000000002,33.619487289523349,2.5499713226762828
1800,0.0023718750000000003,33.6196037791957,2.5499712471407592
1800,0.0023749999999999999,33.619720422535622,2.5499711713874356
1800,0.002378125,33.619837219543463,2.5499710954157364
1800,0.0023812500000000001,33.619954170219593,2.5499710192250822
1800,0.0023843750000000002,33.620071274564395,2.5499709428148924
1800,0.0023875000000000003,33.620188532578226,2.5499708661845859
1800,0.002390625,33.62030594426146,2.549970789333579
1800,0.00239375,33.620423509614469,2.549970712261286
1800,0.0023968750000000001,33.62054122863762,2.5499706349671207
1800,0.0024000000000000002,33.620659101331285,2.5499705574504961
1800,0.0024031250000000003,33.620777127695838,2.5499704797108227
1800,0.00240625,33.620895307731644,2.5499704017475087
1800,0.0024093750000000001,33.621013641439063,2.5499703235599607
1800,0.0024125000000000001,33.621132128818481,2.549970245147585
1800,0.0024156250000000002,33.621250769870272,2.549970166509786
1800,0.0024187500000000003,33.621369564594822,2.5499700876459661
1800,0.002421875,33.621488512992492,2.5499700085555261
1800,0.0024250000000000001,33.621607615063667,2.5499699292378657
1800,0.0024281250000000002,33.621726870808708,2.5499698496923826
1800,0.0024312500000000003,33.621846280228006,2.5499697699184725
1800,0.0024343749999999999,33.621965843321938,2.5499696899155304
1800,0.0024375,33.622085560090873,2.5499696096829489
1800,0.0024406250000000001,33.622205430535189,2.5499695292201192
1800,0.0024437500000000002,33.622325454655275,2.5499694485264315
1800,0.0024468750000000003,33.622445632451502,2.5499693676012742
1800,0.0024499999999999999,33.622565963924245,2.5499692864440333
1800,0.002453125,33.622686449073896,2.5499692050540936
1800,0.0024562500000000001,33.622807087900838,2.5499691234308393
1800,0.0024593750000000002,33.622927880405442,2.5499690415736511
1800,0.0024625000000000003,33.623048826588104,2.5499689594819093
1800,0.0024656249999999999,33.623169926449208,2.5499688771549924
1800,0.00246875,33.623291179989131,2.5499687945922767
1800,0.0024718750000000001,33.62341258720825,2.5499687117931367
1800,0.0024750000000000002,33.623534148106963,2.5499686287569467
1800,0.0024781250000000003,33.623655862685638,2.5499685454830785
1800,0.0024812499999999999,33.623777730944674,2.5499684619709022
1800,0.002484375,33.623899752884469,2.5499683782197864
1800,0.0024875000000000001,33.6240219285054,2.5499682942290978
1800,0.0024906250000000002,33.624144257807856,2.5499682099982004
1800,0.0024937500000000003,33.62426674079223,2.5499681255264588
1800,0.002496875,33.624389377458904,2.5499680408132339
1800,0.0025000000000000001,33.62451216780827,2.5499679558578863
1800,0.0025031250000000001,33.624635111840718,2.5499678706597746
1800,0.0025062500000000002,33.624758209556646,2.549967785218255
1800,0.0025093750000000003,33.624881460956438,2.5499676995326825
1800,0.0025125,33.625004866040484,2.5499676136024112
1800,0.0025156250000000001,33.625128424809169,2.5499675274267921
1800,0.0025187500000000002,33.625252137262905,2.5499674410051747
1800,0.0025218750000000002,33.625376003402067,2.5499673543369079
1800,0.0025250000000000003,33.625500023227069,2.5499672674213376
1800,0.002528125,33.625624196738308,2.5499671802578092
1800,0.0025312500000000001,33.625748523936181,2.549967092845665
1800,0.0025343750000000002,33.625873004821074,2.5499670051842469
1800,0.0025375000000000003,33.625997639393375,2.5499669172728936
1800,0.0025406249999999999,33.626122427653485,2.5499668291109443
1800,0.00254375,33.626247369601806,2.5499667406977342
1800,0.0025468750000000001,33.626372465238738,2.5499666520325976
1800,0.0025500000000000002,33.626497714564685,2.5499665631148676
1800,0.0025531250000000003,33.626623117580053,2.5499664739438739
1800,0.0025562499999999999,33.626748674285238,2.5499663845189464
1800,0.002559375,33.626874384680647,2.5499662948394133
1800,0.0025625000000000001,33.62700024876667,2.5499662049045995
1800,0.0025656250000000002,33.627126266543712,2.5499661147138286
1800,0.0025687500000000003,33.627252438012185,2.5499660242664235
1800,0.0025718749999999999,33.627378763172473,2.5499659335617046
1800,0.002575,33.627505242025002,2.5499658425989904
1800,0.0025781250000000001,33.627631874570163,2.5499657513775977
1800,0.0025812500000000002,33.627758660808375,2.549965659896841
1800,0.0025843750000000003,33.627885600740036,2.5499655681560327
1800,0.0025875,33.628012694365559,2.549965476154485
1800,0.002590625,33.628139941685355,2.5499653838915068
1800,0.0025937500000000001,33.628267342699836,2.5499652913664059
1800,0.0025968750000000002,33.628394897409393,2.549965198578489
1800,0.0026000000000000003,33.628522605814439,2.5499651055270602
1800,0.002603125,33.628650467915378,2.5499650122114219
1800,0.0026062500000000001,33.62877848371263,2.5499649186308733
1800,0.0026093750000000001,33.628906653206599,2.5499648247847135
1800,0.0026125000000000002,33.629034976397712,2.5499647306722397
1800,0.0026156250000000003,33.629163453286381,2.5499646362927471
1800,0.00261875,33.629292083873025,2.549964541645529
1800,0.0026218750000000001,33.62942086815805,2.5499644467298763
1800,0.0026250000000000002,33.629549806141881,2.5499643515450785
1800,0.0026281250000000003,33.629678897824917,2.5499642560904228
1800,0.0026312500000000003,33.629808143207576,2.5499641603651955
1800,0.002634375,33.629937542290278,2.5499640643686807
1800,0.0026375000000000001,33.630067095073436,2.54996396810016
1800,0.0026406250000000002,33.630196801557481,2.5499638715589144
1800,0.0026437500000000003,33.630326661742821,2.5499637747442221
1800,0.0026468749999999999,33.630456675629873,2.5499636776553589
1800,0.00265,33.630586843219064,2.5499635802915996
1800,0.0026531250000000001,33.630717164510827,2.5499634826522182
1800,0.0026562500000000002,33.630847639505554,2.5499633847364835
1800,0.0026593750000000003,33.630978268203684,2.5499632865436666
1800,0.0026624999999999999,33.631109050605637,2.5499631880730322
1800,0.002665625,33.631239986711833,2.549963089323847
1800,0.0026687500000000001,33.63137107652269,2.5499629902953727
1800,0.0026718750000000002,33.631502320038642,2.5499628909868726
1800,0.0026750000000000003,33.631633717260108,2.5499627913976051
1800,0.002678125,33.631765268187529,2.5499626915268281
1800,0.00268125,33.631896972821316,2.5499625913737969
1800,0.0026843750000000001,33.632028831161897,2.5499624909377641
1800,0.0026875000000000002,33.632160843209704,2.5499623902179822
1800,0.0026906250000000003,33.632293008965156,2.5499622892137013
1800,0.00269375,33.632425328428688,2.5499621879241681
1800,0.0026968750000000001,33.632557801600726,2.5499620863486299
1800,0.0027000000000000001,33.632690428481702,2.5499619844863295
1800,0.0027031250000000002,33.63282320907205,2.5499618823365093
1800,0.0027062500000000003,33.632956143372205,2.5499617798984091
1800,0.002709375,33.633089231382591,2.5499616771712672
1800,0.0027125000000000001,33.633222473103636,2.5499615741543189
1800,0.0027156250000000002,33.63335586853578,2.549961470846799
1800,0.0027187500000000002,33.633489417679449,2.5499613672479393
1800,0.0027218750000000003,33.633623120535084,2.5499612633569693
1800,0.002725,33.633756977103118,2.5499611591731184
1800,0.0027281250000000001,33.633890987383992,2.5499610546956126
1800,0.0027312500000000002,33.634025151378133,2.5499609499236757
1800,0.0027343750000000003,33.634159469085986,2.5499608448565301
1800,0.0027374999999999999,33.634293940507973,2.5499607394933954
1800,0.002740625,33.634428565644548,2.5499606338334897
1800,0.0027437500000000001,33.634563344496151,2.5499605278760296
1800,0.0027468750000000002,33.634698277063215,2.549960421620229
1800,0.0027500000000000003,33.634833363346182,2.5499603150652996
1800,0.0027531249999999999,33.634968603345499,2.5499602082104516
1800,0.00275625,33.635103997061606,2.5499601010548933
1800,0.0027593750000000001,33.635239544494929,2.5499599935978305
1800,0.0027625000000000002,33.635375245645925,2.5499598858384673
1800,0.0027656250000000003,33.635511100515039,2.5499597777760052
1800,0.0027687499999999999,33.635647109102713,2.5499596694096449
1800,0.002771875,33.635783271409387,2.5499595607385839
1800,0.0027750000000000001,33.635919587435509,2.549959451762017
1800,0.0027781250000000002,33.636056057181534,2.5499593424791382
1800,0.0027812500000000003,33.636192680647902,2.5499592328891389
1800,0.002784375,33.636329457835053,2.5499591229912095
1800,0.0027875,33.63646638874345,2.5499590127845368
1800,0.0027906250000000001,33.63660347337354,2.549958902268306
1800,0.0027937500000000002,33.636740711725757,2.5499587914417008
1800,0.0027968750000000003,33.636878103800555,2.5499586803039023
1800,0.0028,33.637015649598382,2.5499585688540898
1800,0.0028031250000000001,33.637153349119693,2.5499584570914395
1800,0.0028062500000000002,33.637291202364942,2.5499583450151264
1800,0.0028093750000000002,33.637429209334577,2.5499582326243235
1800,0.0028125000000000003,33.637567370029068,2.5499581199182013
1800,0.002815625,33.637705684448854,2.549958006895928
1800,0.0028187500000000001,33.637844152594404,2.54995789355667
1800,0.0028218750000000002,33.637982774466167,2.5499577798995916
1800,0.0028250000000000003,33.638121550064589,2.5499576659238548
1800,0.0028281250000000003,33.638260479390134,2.5499575516286193
1800,0.00283125,33.638399562443254,2.5499574370130431
1800,0.0028343750000000001,33.638538799224406,2.5499573220762821
1800,0.0028375000000000002,33.638678189734051,2.5499572068174885
1800,0.0028406250000000003,33.638817733972658,2.5499570912358145
1800,0.0028437499999999999,33.638957431940675,2.5499569753304092
1800,0.002846875,33.63909728363857,2.5499568591004196
1800,0.0028500000000000001,33.639237289066806,2.5499567425449907
1800,0.0028531250000000002,33.639377448225829,2.5499566256632642
1800,0.0028562500000000003,33.63951776111611,2.5499565084543812
1800,0.0028593749999999999,33.639658227738117,2.5499563909174796
1800,0.0028625,33.639798848092305,2.5499562730516954
1800,0.0028656250000000001,33.639939622179142,2.5499561548561629
1800,0.0028687500000000002,33.640080549999098,2.549956036330014
1800,0.0028718750000000003,33.640221631552635,2.5499559174723769
1800,0.002875,33.640362866840221,2.5499557982823795
1800,0.002878125,33.640504255862332,2.5499556787591464
1800,0.0028812500000000001,33.640645798619424,2.5499555589018006
1800,0.0028843750000000002,33.640787495111965,2.5499554387094618
1800,0.0028875000000000003,33.640929345340417,2.5499553181812491
1800,0.002890625,33.641071349305264,2.5499551973162786
1800,0.0028937500000000001,33.64121350700696,2.5499550761136631
1800,0.0028968750000000001,33.641355818445973,2.5499549545725144
1800,0.0029000000000000002,33.641498283622788,2.5499548326919426
1800,0.0029031250000000003,33.641640902537873,2.549954710471054
1800,0.00290625,33.641783675191704,2.5499545879089527
1800,0.0029093750000000001,33.641926601584764,2.549954465004741
1800,0.0029125000000000002,33.642069681717523,2.5499543417575206
1800,0.0029156250000000002,33.642212915590456,2.5499542181663886
1800,0.0029187500000000003,33.642356303204032,2.5499540942304404
1800,0.002921875,33.642499844558735,2.5499539699487701
1800,0.0029250000000000001,33.642643539655047,2.5499538453204669
1800,0.0029281250000000002,33.642787388493439,2.5499537203446199
1800,0.0029312500000000003,33.642931391074391,2.5499535950203156
1800,0.0029343750000000004,33.643075547398375,2.5499534693466384
1800,0.0029375,33.643219857465887,2.5499533433226689
1800,0.0029406250000000001,33.643364321277403,2.5499532169474874
1800,0.0029437500000000002,33.643508938833385,2.5499530902201717
1800,0.0029468750000000003,33.643653710134338,2.5499529631397952
1800,0.0029499999999999999,33.643798635180737,2.5499528357054313
1800,0.002953125,33.643943713973052,2.5499527079161481
1800,0.0029562500000000001,33.644088946511772,2.5499525797710145
1800,0.0029593750000000002,33.644234332797389,2.5499524512690961
1800,0.0029625000000000003,33.644379872830385,2.5499523224094554
1800,0.0029656249999999999,33.64452556661125,2.5499521931911531
1800,0.00296875,33.644671414140475,2.5499520636132478
1800,0.0029718750000000001,33.644817415418544,2.549951933674794
1800,0.0029750000000000002,33.644963570445938,2.5499518033748463
1800,0.0029781250000000003,33.645109879223149,2.5499516727124556
1800,0.00298125,33.645256341750667,2.5499515416866703
1800,0.002984375,33.645402958028988,2.5499514102965364
1800,0.0029875000000000001,33.645549728058597,2.5499512785410978
1800,0.0029906250000000002,33.645696651839991,2.5499511464193954
1800,0.0029937500000000003,33.645843729373652,2.549951013930468
1800,0.002996875,33.645990960660079,2.5499508810733524
1800,0.0030000000000000001,33.646138345699775,2.5499507478470833
1800,0.0030031250000000002,33.646285884493217,2.5499506142506907
1800,0.0030062500000000002,33.646433577040909,2.5499504802832051
1800,0.0030093750000000003,33.646581423343349,2.5499503459436537
1800,0.0030125,33.646729423401027,2.5499502112310597
1800,0.0030156250000000001,33.646877577214447,2.5499500761444458
1800,0.0030187500000000002,33.647025884784092,2.5499499406828301
1800,0.0030218750000000003,33.647174346110468,2.5499498048452303
1800,0.0030250000000000003,33.647322961194085,2.5499496686306609
1800,0.003028125,33.647471730035434,2.5499495320381333
1800,0.0030312500000000001,33.64762065263502,2.5499493950666579
1800,0.0030343750000000002,33.647769728993346,2.5499492577152409
1800,0.0030375000000000003,33.647918959110903,2.5499491199828874
1800,0.0030406250000000004,33.648068342988211,2.5499489818685981
1800,0.00304375,33.648217880625758,2.5499488433713746
1800,0.0030468750000000001,33.64836757202405,2.5499487044902125
1800,0.0030500000000000002,33.648517417183591,2.5499485652241072
1800,0.0030531250000000003,33.648667416104892,2.5499484255720488
1800,0.0030562499999999999,33.648817568788459,2.549948285533028
1800,0.003059375,33.648967875234788,2.5499481451060317
1800,0.0030625000000000001,33.649118335444399,2.5499480042900435
1800,0.0030656250000000002,33.649268949417795,2.5499478630840455
1800,0.0030687500000000003,33.649419717155496,2.5499477214870163
1800,0.003071875,33.649570638658005,2.5499475794979327
1800,0.003075,33.649721713925828,2.549947437115768
1800,0.0030781250000000001,33.649872942959483,2.549947294339495
1800,0.0030812500000000002,33.650024325759475,2.5499471511680825
1800,0.0030843750000000003,33.650175862326307,2.5499470076004962
1800,0.0030875,33.650327552660499,2.5499468636356997
1800,0.0030906250000000001,33.65047939676257,2.5499467192726555
1800,0.0030937500000000001,33.650631394633031,2.5499465745103209
1800,0.0030968750000000002,33.6507835462724,2.5499464293476519
1800,0.0031000000000000003,33.650935851681197,2.5499462837836022
1800,0.003103125,33.651088310859933,2.549946137817122
1800,0.0031062500000000001,33.651240923809119,2.5499459914471596
1800,0.0031093750000000002,33.651393690529282,2.5499458446726599
1800,0.0031125000000000002,33.651546611020933,2.5499456974925652
1800,0.0031156250000000003,33.651699685284598,2.5499455499058166
1800,0.00311875,33.651852913320788,2.5499454019113514
1800,0.0031218750000000001,33.652006295130036,2.5499452535081044
1800,0.0031250000000000002,33.652159830712854,2.5499451046950075
1800,0.0031281250000000003,33.652313520069789,2.5499449554709903
1800,0.0031312500000000004,33.652467363201346,2.5499448058349787
1800,0.003134375,33.65262136010805,2.5499446557858976
1800,0.0031375000000000001,33.65277551079042,2.5499445053226681
1800,0.0031406250000000002,33.652929815248996,2.54994435444421
1800,0.0031437500000000003,33.653084273484289,2.549944203149439
1800,0.0031468750000000004,33.653238885496819,2.5499440514372682
1800,0.00315,33.653393651287118,2.5499438993066081
1800,0.0031531250000000001,33.653548570855712,2.5499437467563664
1800,0.0031562500000000002,33.653703644203148,2.5499435937854487
1800,0.0031593750000000003,33.653858871329945,2.5499434403927572
1800,0.0031624999999999999,33.654014252236642,2.5499432865771916
1800,0.003165625,33.654169786923767,2.5499431323376487
1800,0.0031687500000000001,33.654325475391843,2.5499429776730222
1800,0.0031718750000000002,33.654481317641398,2.5499428225822038
1800,0.0031750000000000003,33.654637313672971,2.5499426670640828
1800,0.003178125,33.654793463487103,2.5499425111175449
1800,0.00318125,33.654949767084318,2.5499423547414732
1800,0.0031843750000000001,33.65510622446515,2.5499421979347483
1800,0.0031875000000000002,33.655262835630147,2.5499420406962474
1800,0.0031906250000000003,33.65541960057984,2.5499418830248461
1800,0.00319375,33.655576519314764,2.5499417249194161
1800,0.0031968750000000001,33.655733591835464,2.5499415663788256
1800,0.0032000000000000002,33.655890818142481,2.5499414074019415
1800,0.0032031250000000002,33.656048198236341,2.5499412479876282
1800,0.0032062500000000003,33.656205732117591,2.5499410881347457
1800,0.003209375,33.656363419786771,2.5499409278421523
1800,0.0032125000000000001,33.656521261244428,2.5499407671087022
1800,0.0032156250000000002,33.656679256491088,2.5499406059332488
1800,0.0032187500000000003,33.65683740552732,2.549940444314641
1800,0.0032218750000000003,33.656995708353648,2.5499402822517254
1800,0.003225,33.657154164970628,2.5499401197433458
1800,0.0032281250000000001,33.657312775378799,2.549939956788343
1800,0.0032312500000000002,33.657471539578715,2.5499397933855543
1800,0.0032343750000000003,33.65763045757091,2.5499396295338146
1800,0.0032375000000000004,33.657789529355938,2.5499394652319567
1800,0.003240625,33.657948754934353,2.54993930047881
1800,0.0032437500000000001,33.658108134306694,2.5499391352732004
1800,0.0032468750000000002,33.658267667473517,2.5499389696139518
1800,0.0032500000000000003,33.658427354435375,2.5499388034998858
1800,0.0032531249999999999,33.658587195192815,2.5499386369298191
1800,0.00325625,33.658747189746393,2.5499384699025658
1800,0.0032593750000000001,33.658907338096661,2.5499383024169382
1800,0.0032625000000000002,33.659067640244167,2.5499381344717449
1800,0.0032656250000000003,33.659228096189466,2.5499379660657908
1800,0.00326875,33.659388705933125,2.5499377971978801
1800,0.003271875,33.659549469475699,2.5499376278668127
1800,0.0032750000000000001,33.659710386817736,2.5499374580713856
1800,0.0032781250000000002,33.659871457959788,2.5499372878103927
1800,0.0032812500000000003,33.660032682902418,2.5499371170826253
1800,0.003284375,33.66019406164618,2.5499369458868708
1800,0.0032875000000000001,33.660355594191635,2.5499367742219143
1800,0.0032906250000000001,33.660517280539352,2.5499366020865382
1800,0.0032937500000000002,33.660679120689892,2.5499364294795215
1800,0.0032968750000000003,33.660841114643816,2.5499362563996399
1800,0.0033,33.661003262401692,2.5499360828456661
1800,0.0033031250000000001,33.661165563964069,2.5499359088163716
1800,0.0033062500000000002,33.661328019331506,2.5499357343105231
1800,0.0033093750000000003,33.661490628504581,2.5499355593268835
1800,0.0033125000000000003,33.661653391483853,2.5499353838642143
1800,0.003315625,33.661816308269884,2.5499352079212732
1800,0.0033187500000000001,33.661979378863244,2.5499350314968141
1800,0.0033218750000000002,33.662142603264499,2.5499348545895897
1800,0.0033250000000000003,33.662305981474233,2.549934677198348
1800,0.0033281250000000004,33.662469513493008,2.5499344993218349
1800,0.00333125,33.662633199321384,2.5499343209587932
1800,0.0033343750000000001,33.662797038959951,2.5499341421079622
1800,0.0033375000000000002,33.662961032409271,2.5499339627680779
1800,0.0033406250000000003,33.663125179669919,2.5499337829378734
1800,0.0033437500000000004,33.663289480742456,2.549933602616079
1800,0.003346875,33.663453935627459,2.5499334218014211
1800,0.0033500000000000001,33.663618544325502,2.5499332404926243
1800,0.0033531250000000002,33.663783306837161,2.5499330586884081
1800,0.0033562500000000003,33.663948223163011,2.5499328763874907
1800,0.0033593749999999999,33.664113293303636,2.5499326935885862
1800,0.0033625,33.664278517259618,2.5499325102904065
1800,0.0033656250000000001,33.664443895031532,2.5499323264916587
1800,0.0033687500000000002,33.664609426619947,2.5499321421910479
1800,0.0033718750000000003,33.664775112025453,2.5499319573872756
1800,0.003375,33.66494095124861,2.5499317720790398
1800,0.0033781250000000001,33.665106944290017,2.549931586265036
1800,0.0033812500000000001,33.665273091150254,2.549931399943957
1800,0.0033843750000000002,33.665439391829899,2.5499312131144922
1800,0.0033875000000000003,33.665605846329541,2.5499310257753258
1800,0.003390625,33.665772454649769,2.5499308379251415
1800,0.0033937500000000001,33.665939216791166,2.5499306495626173
1800,0.0033968750000000002,33.666106132754308,2.5499304606864301
1800,0.0034000000000000002,33.666273202539784,2.5499302712952523
1800,0.0034031250000000003,33.666440426148178,2.5499300813877532
1800,0.00340625,33.666607803580078,2.5499298909625998
1800,0.0034093750000000001,33.666775334836075,2.5499297000184549
1800,0.0034125000000000002,33.666943019916765,2.5499295085539777
1800,0.0034156250000000003,33.667110858822738,2.549929316567825
1800,0.0034187500000000003,33.667278851554578,2.5499291240586501
1800,0.003421875,33.667446998112879,2.5499289310251032
1800,0.0034250000000000001,33.667615298498241,2.5499287374658297
1800,0.0034281250000000002,33.667783752711252,2.5499285433794734
1800,0.0034312500000000003,33.667952360752501,2.5499283487646731
1800,0.0034343750000000004,33.66812112262258,2.5499281536200664
1800,0.0034375,33.668290038322098,2.549927957944286
1800,0.0034406250000000001,33.668459107851646,2.549927761735963
1800,0.0034437500000000002,33.668628331211814,2.5499275649937236
1800,0.0034468750000000003,33.668797708403211,2.5499273677161902
1800,0.0034500000000000004,33.668967239426436,2.549927169901983
1800,0.003453125,33.669136924282085,2.549926971549719
1800,0.0034562500000000001,33.669306762970763,2.549926772658011
1800,0.0034593750000000002,33.669476755493072,2.5499265732254681
1800,0.0034625000000000003,33.66964690184961,2.549926373250698
1800,0.003465625,33.669817202040974,2.5499261727323033
1800,0.00346875,33.669987656067775,2.5499259716688827
1800,0.0034718750000000001,33.67015826393061,2.549925770059033
1800,0.0034750000000000002,33.670329025630096,2.5499255679013464
1800,0.0034781250000000003,33.670499941166817,2.5499253651944125
1800,0.00348125,33.67067101054139,2.5499251619368177
1800,0.0034843750000000001,33.670842233754435,2.5499249581271437
1800,0.0034875000000000001,33.671013610806554,2.5499247537639693
1800,0.0034906250000000002,33.671185141698352,2.5499245488458708
1800,0.0034937500000000003,33.67135682643044,2.5499243433714196
1800,0.003496875,33.671528665003429,2.5499241373391843
1800,0.0035000000000000001,33.671700657417922,2.5499239307477306
1800,0.0035031250000000002,33.671872803674532,2.5499237235956196
1800,0.0035062500000000003,33.672045103773883,2.5499235158814098
1800,0.0035093750000000003,33.672217557716579,2.5499233076036547
1800,0.0035125,33.672390165503245,2.5499230987609058
1800,0.0035156250000000001,33.672562927134493,2.549922889351711
1800,0.0035187500000000002,33.672735842610933,2.5499226793746148
1800,0.0035218750000000003,33.672908911933192,2.5499224688281568
1800,0.0035250000000000004,33.673082135101879,2.5499222577108736
1800,0.003528125,33.673255512117628,2.5499220460212992
1800,0.0035312500000000001,33.673429042981049,2.5499218337579634
1800,0.0035343750000000002,33.673602727692753,2.5499216209193927
1800,0.0035375000000000003,33.673776566253366,2.5499214075041099
1800,0.0035406250000000004,33.673950558663506,2.5499211935106345
1800,0.00354375,33.674124704923791,2.5499209789374815
1800,0.0035468750000000001,33.674299005034861,2.5499207637831627
1800,0.0035500000000000002,33.674473458997333,2.5499205480461864
1800,0.0035531250000000003,33.674648066811841,2.5499203317250578
1800,0.0035562500000000004,33.674822828479002,2.5499201148182777
1800,0.003559375,33.674997743999441,2.5499198973243438
1800,0.0035625000000000001,33.675172813373784,2.54991967924175
1800,0.0035656250000000002,33.675348036602664,2.5499194605689857
1800,0.0035687500000000003,33.675523413686705,2.5499192413045377
1800,0.003571875,33.675698944626532,2.5499190214468896
1800,0.0035750000000000001,33.675874629422772,2.54991880099452
1800,0.0035781250000000001,33.676050468076077,2.5499185799459041
1800,0.0035812500000000002,33.67622646058706,2.5499183582995149
1800,0.0035843750000000003,33.676402606956358,2.5499181360538197
1800,0.0035875,33.676578907184613,2.5499179132072829
1800,0.0035906250000000001,33.676755361272456,2.5499176897583653
1800,0.0035937500000000002,33.676931969220526,2.5499174657055241
1800,0.0035968750000000002,33.677108731029449,2.5499172410472117
1800,0.0036000000000000003,33.677285646699865,2.5499170157818782
1800,0.003603125,33.677462716232405,2.5499167899079693
1800,0.0036062500000000001,33.67763993962771,2.5499165634239271
1800,0.0036093750000000002,33.677817316886426,2.5499163363281907
1800,0.0036125000000000003,33.677994848009192,2.5499161086191946
1800,0.0036156250000000003,33.678172532996648,2.549915880295369
1800,0.00361875,33.67835037184944,2.5499156513551409
1800,0.0036218750000000001,33.678528364568216,2.5499154217969333
1800,0.0036250000000000002,33.678706511153599,2.5499151916191662
1800,0.0036281250000000003,33.678884811606245,2.5499149608202547
1800,0.0036312500000000004,33.679063265926793,2.5499147293986106
1800,0.003634375,33.679241874115881,2.5499144973526429
1800,0.0036375000000000001,33.679420636174164,2.5499142646807558
1800,0.0036406250000000002,33.679599552102303,2.5499140313813489
1800,0.0036437500000000003,33.679778621900937,2.5499137974528185
1800,0.0036468750000000004,33.679957845570705,2.5499135628935568
1800,0.00365,33.680137223112268,2.5499133277019528
1800,0.0036531250000000001,33.680316754526281,2.5499130918763906
1800,0.0036562500000000002,33.680496439813382,2.5499128554152519
1800,0.0036593750000000003,33.680676278974225,2.5499126183169136
1800,0.0036625000000000004,33.680856272009464,2.549912380579749
1800,0.003665625,33.681036418919753,2.5499121422021274
1800,0.0036687500000000001,33.681216719705752,2.5499119031824131
1800,0.0036718750000000002,33.681397174368115,2.5499116635189685
1800,0.0036750000000000003,33.681577782907496,2.5499114232101507
1800,0.003678125,33.681758545324556,2.5499111822543132
1800,0.0036812500000000001,33.681939461619955,2.5499109406498057
1800,0.0036843750000000001,33.682120531794354,2.5499106983949744
1800,0.0036875000000000002,33.6823017558484,2.5499104554881606
1800,0.0036906250000000003,33.682483133782753,2.5499102119277017
1800,0.00369375,33.682664665598075,2.5499099677119319
1800,0.0036968750000000001,33.682846351295041,2.54990972283918
1800,0.0037000000000000002,33.683028190874303,2.5499094773077724
1800,0.0037031250000000003,33.683210184336538,2.5499092311160299
1800,0.0037062500000000003,33.683392331682406,2.5499089842622706
1800,0.003709375,33.683574632912567,2.549908736744809
1800,0.0037125000000000001,33.683757088027683,2.5499084885619538
1800,0.0037156250000000002,33.683939697028428,2.5499082397120105
1800,0.0037187500000000003,33.684122459915464,2.5499079901932808
1800,0.0037218750000000004,33.684305376689466,2.5499077400040617
1800,0.003725,33.684488447351093,2.5499074891426461
1800,0.0037281250000000001,33.684671671901022,2.5499072376073242
1800,0.0037312500000000002,33.68485505033992,2.5499069853963809
1800,0.0037343750000000003,33.685038582668454,2.5499067325080977
1800,0.0037375000000000004,33.685222268887301,2.5499064789407515
1800,0.003740625,33.685406108997135,2.5499062246926139
1800,0.0037437500000000001,33.685590102998638,2.5499059697619546
1800,0.0037468750000000002,33.685774250892486,2.5499057141470387
1800,0.0037500000000000003,33.685958552679345,2.5499054578461262
1800,0.0037531250000000004,33.686143008359899,2.5499052008574732
1800,0.00375625,33.686327617934829,2.5499049431793313
1800,0.0037593750000000001,33.686512381404803,2.5499046848099494
1800,0.0037625000000000002,33.686697298770497,2.5499044257475716
1800,0.0037656250000000003,33.686882370032613,2.5499041659904362
1800,0.00376875,33.68706759519182,2.5499039055367794
1800,0.0037718750000000001,33.687252974248807,2.5499036443848331
1800,0.0037750000000000001,33.687438507204249,2.5499033825328228
1800,0.0037781250000000002,33.687624194058827,2.5499031199789712
1800,0.0037812500000000003,33.687810034813239,2.5499028567214981
1800,0.003784375,33.68799602946816,2.5499025927586163
1800,0.0037875000000000001,33.688182178024277,2.5499023280885362
1800,0.0037906250000000002,33.688368480482282,2.5499020627094633
1800,0.0037937500000000002,33.688554936842863,2.5499017966195994
1800,0.0037968750000000003,33.688741547106702,2.5499015298171419
1800,0.0038,33.688928311274495,2.549901262300283
1800,0.0038031250000000001,33.689115229346918,2.5499009940672122
1800,0.0038062500000000002,33.689302301324673,2.5499007251161125
1800,0.0038093750000000003,33.689489527208451,2.5499004554451661
1800,0.0038125000000000004,33.689676906998947,2.5499001850525471
1800,0.003815625,33.689864440696859,2.5498999139364278
1800,0.0038187500000000001,33.690052128302881,2.5498996420949744
1800,0.0038218750000000002,33.690239969817704,2.549899369526349
1800,0.0038250000000000003,33.69042796524203,2.5498990962287107
1800,0.0038281250000000004,33.690616114576549,2.549898822200213
1800,0.00383125,33.690804417821958,2.5498985474390055
1800,0.0038343750000000001,33.69099287497896,2.5498982719432335
1800,0.0038375000000000002,33.691181486048258,2.5498979957110377
1800,0.0038406250000000003,33.691370251030555,2.5498977187405529
1800,0.0038437500000000004,33.691559169926549,2.5498974410299122
1800,0.003846875,33.691748242736949,2.5498971625772429
1800,0.0038500000000000001,33.691937469462452,2.5498968833806681
1800,0.0038531250000000002,33.692126850103762,2.5498966034383064
1800,0.0038562500000000003,33.692316384661581,2.5498963227482716
1800,0.0038593750000000004,33.69250607313662,2.5498960413086742
1800,0.0038625,33.692695915529583,2.5498957591176183
1800,0.0038656250000000001,33.692885911841174,2.5498954761732047
1800,0.0038687500000000002,33.693076062072102,2.5498951924735302
1800,0.0038718750000000003,33.693266366223085,2.5498949080166864
1800,0.003875,33.693456824294834,2.5498946228007608
1800,0.0038781250000000001,33.69364743628806,2.5498943368238352
1800,0.0038812500000000002,33.693838202203473,2.5498940500839873
1800,0.0038843750000000002,33.694029122041783,2.5498937625792908
1800,0.0038875000000000003,33.694220195803702,2.5498934743078148
1800,0.003890625,33.694411423489939,2.5498931852676239
1800,0.0038937500000000001,33.694602805101212,2.5498928954567783
1800,0.0038968750000000002,33.694794340638239,2.5498926048733326
1800,0.0039000000000000003,33.694986030101745,2.5498923135153375
1800,0.0039031250000000003,33.695177873492447,2.5498920213808396
1800,0.00390625,33.695369870811064,2.5498917284678799
1800,0.0039093750000000005,33.695562022058311,2.5498914347744956
1800,0.0039125000000000002,33.695754327234908,2.549891140298719
1800,0.0039156249999999998,33.695946786341572,2.5498908450385773
1800,0.0039187500000000004,33.696139399379028,2.5498905489920931
1800,0.003921875,33.696332166348007,2.5498902521572853
1800,0.0039250000000000005,33.696525087249228,2.5498899545321665
1800,0.0039281250000000002,33.696718162083414,2.5498896561147464
1800,0.0039312499999999998,33.696911390851291,2.5498893569030292
1800,0.0039343750000000004,33.697104773553598,2.5498890568950139
1800,0.0039375,33.697298310191044,2.5498887560886949
1800,0.0039406250000000006,33.69749200076437,2.5498884544820628
1800,0.0039437500000000002,33.697685845274293,2.5498881520731018
1800,0.0039468749999999999,33.697879843721552,2.5498878488597936
1800,0.0039500000000000004,33.698073996106878,2.5498875448401144
1800,0.003953125,33.698268302431003,2.5498872400120343
1800,0.0039562500000000006,33.698462762694668,2.5498869343735202
1800,0.0039593750000000002,33.698657376898602,2.549886627922533
1800,0.0039624999999999999,33.698852145043539,2.5498863206570297
1800,0.0039656250000000004,33.699047067130216,2.5498860125749627
1800,0.0039687500000000001,33.699242143159367,2.549885703674279
1800,0.0039718750000000006,33.699437373131722,2.5498853939529202
1800,0.0039750000000000002,33.699632757048022,2.5498850834088245
1800,0.0039781249999999999,33.699828294909004,2.549884772039924
1800,0.0039812500000000004,33.700023986715415,2.5498844598441468
1800,0.0039843750000000001,33.700219832468001,2.5498841468194153
1800,0.0039875000000000006,33.700415832167501,2.5498838329636477
1800,0.0039906250000000002,33.70061198581466,2.5498835182747568
1800,0.0039937499999999999,33.700808293410226,2.5498832027506504
1800,0.0039968750000000004,33.701004754954944,2.5498828863892324
1800,0.0040000000000000001,33.701201370449553,2.5498825691884006
1800,0.0040031250000000006,33.701398139894799,2.5498822511460495
1800,0.0040062500000000003,33.701595063291414,2.5498819322600674
1800,0.0040093749999999999,33.701792140640151,2.5498816125283374
1800,0.0040125000000000004,33.701989371941771,2.5498812919487377
1800,0.0040156250000000001,33.702186757197026,2.5498809705191428
1800,0.0040187500000000006,33.702384296406663,2.5498806482374206
1800,0.0040218750000000003,33.702581989571435,2.5498803251014355
1800,0.0040249999999999999,33.702779836692088,2.5498800011090457
1800,0.0040281250000000005,33.702977837769389,2.5498796762581053
1800,0.0040312500000000001,33.703175992804077,2.5498793505464623
1800,0.0040343749999999998,33.703374301796913,2.5498790239719611
1800,0.0040375000000000003,33.70357276474865,2.5498786965324394
1800,0.0040406249999999999,33.703771381660047,2.5498783682257313
1800,0.0040437500000000005,33.703970152531859,2.5498780390496654
1800,0.0040468750000000001,33.704169077364853,2.5498777090020641
1800,0.0040499999999999998,33.704368156159788,2.5498773780807467
1800,0.0040531250000000003,33.704567388917418,2.5498770462835258
1800,0.00405625,33.704766775638511,2.5498767136082101
1800,0.0040593750000000005,33.704966316323826,2.5498763800526021
1800,0.0040625000000000001,33.705166010974118,2.5498760456144987
1800,0.0040656249999999998,33.705365859590167,2.549875710291694
1800,0.0040687500000000003,33.705565862172733,2.5498753740819757
1800,0.004071875,33.705766018722592,2.5498750369831251
1800,0.0040750000000000005,33.705966329240503,2.5498746989929195
1800,0.0040781250000000002,33.706166793727228,2.5498743601091314
1800,0.0040812499999999998,33.706367412183539,2.5498740203295269
1800,0.0040843750000000003,33.706568184610212,2.5498736796518684
1800,0.0040875,33.706769111008022,2.5498733380739118
1800,0.0040906250000000005,33.706970191377735,2.5498729955934087
1800,0.0040937500000000002,33.707171425720119,2.5498726522081054
1800,0.0040968749999999998,33.707372814035942,2.5498723079157419
1800,0.0041000000000000003,33.707574356325978,2.5498719627140543
1800,0.004103125,33.707776052591015,2.5498716166007722
1800,0.0041062500000000005,33.707977902831821,2.5498712695736203
1800,0.0041093750000000002,33.708179907049164,2.5498709216303181
1800,0.0041124999999999998,33.708382065243839,2.5498705727685804
1800,0.0041156250000000004,33.708584377416621,2.5498702229861165
1800,0.00411875,33.708786843568291,2.5498698722806297
1800,0.0041218750000000005,33.708989463699631,2.5498695206498181
1800,0.0041250000000000002,33.709192237811415,2.5498691680913743
1800,0.0041281249999999999,33.709395165904432,2.5498688146029869
1800,0.0041312500000000004,33.709598247979464,2.5498684601823371
1800,0.004134375,33.709801484037293,2.5498681048271026
1800,0.0041375000000000006,33.710004874078706,2.5498677485349539
1800,0.0041406250000000002,33.710208418104486,2.5498673913035579
1800,0.0041437499999999999,33.710412116115421,2.5498670331305755
1800,0.0041468750000000004,33.710615968112307,2.5498666740136611
1800,0.00415,33.710819974095934,2.5498663139504649
1800,0.0041531250000000006,33.711024134067088,2.5498659529386312
1800,0.0041562500000000002,33.711228448026567,2.5498655909757995
1800,0.0041593749999999999,33.711432915975145,2.5498652280596024
1800,0.0041625000000000004,33.711637537913624,2.549864864187668
1800,0.0041656250000000001,33.711842313842794,2.5498644993576187
1800,0.0041687500000000006,33.71204724376345,2.5498641335670706
1800,0.0041718750000000002,33.712252327676396,2.5498637668136359
1800,0.0041749999999999999,33.712457565582433,2.5498633990949213
1800,0.0041781250000000004,33.712662957482358,2.5498630304085261
1800,0.0041812500000000001,33.712868503376967,2.5498626607520456
1800,0.0041843750000000006,33.713074203267055,2.5498622901230692
1800,0.0041875000000000002,33.713280057153433,2.5498619185191793
1800,0.0041906249999999999,33.713486065036882,2.5498615459379539
1800,0.0041937500000000004,33.713692226918212,2.5498611723769655
1800,0.0041968750000000001,33.713898542798226,2.5498607978337819
1800,0.0042000000000000006,33.714105012677727,2.5498604223059629
1800,0.0042031250000000003,33.714311636557525,2.5498600457910654
1800,0.0042062499999999999,33.714518414438416,2.549859668286639
1800,0.0042093750000000004,33.714725346321224,2.5498592897902275
1800,0.0042125000000000001,33.714932432206751,2.5498589102993696
1800,0.0042156250000000006,33.715139672095809,2.5498585298115986
1800,0.0042187500000000003,33.715347065989206,2.5498581483244416
1800,0.0042218749999999999,33.715554613887754,2.5498577658354207
1800,0.0042250000000000005,33.715762315792261,2.5498573823420512
1800,0.0042281250000000001,33.715970171703532,2.5498569978418426
1800,0.0042312500000000006,33.716178181622382,2.5498566123323005
1800,0.0042343750000000003,33.71638634554963,2.5498562258109225
1800,0.0042374999999999999,33.716594663486084,2.5498558382752017
1800,0.0042406250000000005,33.716803135432578,2.5498554497226249
1800,0.0042437500000000001,33.717011761389919,2.5498550601506742
1800,0.0042468749999999998,33.717220541358927,2.549854669556824
1800,0.0042500000000000003,33.717429475340424,2.5498542779385445
1800,0.004253125,33.717638563335221,2.5498538852932997
1800,0.0042562500000000005,33.717847805344149,2.5498534916185474
1800,0.0042593750000000001,33.718057201368026,2.5498530969117392
1800,0.0042624999999999998,33.718266751407675,2.5498527011703209
1800,0.0042656250000000003,33.718476455463922,2.5498523043917336
1800,0.00426875,33.718686313537589,2.5498519065734122
1800,0.0042718750000000005,33.718896325629508,2.549851507712785
1800,0.0042750000000000002,33.719106491740511,2.549851107807275
1800,0.0042781249999999998,33.719316811871415,2.5498507068542988
1800,0.0042812500000000003,33.719527286023059,2.5498503048512671
1800,0.004284375,33.719737914196259,2.5498499017955845
1800,0.0042875000000000005,33.719948696391846,2.5498494976846513
1800,0.0042906250000000002,33.72015963261066,2.549849092515859
1800,0.0042937499999999998,33.720370722853517,2.5498486862865954
1800,0.0042968750000000003,33.720581967121269,2.5498482789942409
1800,0.0043,33.72079336541475,2.54984787063617
1800,0.0043031250000000005,33.721004917734788,2.5498474612097524
1800,0.0043062500000000002,33.721216624082231,2.5498470507123518
1800,0.0043093749999999998,33.72142848445791,2.5498466391413244
1800,0.0043125000000000004,33.721640498862669,2.5498462264940205
1800,0.004315625,33.721852667297341,2.5498458127677863
1800,0.0043187500000000005,33.722064989762764,2.54984539795996
1800,0.0043218750000000002,33.72227746625979,2.5498449820678744
1800,0.0043249999999999999,33.722490096789258,2.549844565088855
1800,0.0043281250000000004,33.722702881352006,2.5498441470202224
1800,0.00433125,33.722915819948881,2.5498437278592907
1800,0.0043343750000000006,33.723128912580727,2.5498433076033682
1800,0.0043375000000000002,33.723342159248382,2.5498428862497571
1800,0.0043406249999999999,33.723555559952707,2.5498424637957524
1800,0.0043437500000000004,33.723769114694541,2.5498420402386448
1800,0.004346875,33.723982823474742,2.5498416155757173
1800,0.0043500000000000006,33.724196686294157,2.5498411898042472
1800,0.0043531250000000002,33.724410703153644,2.5498407629215061
1800,0.0043562499999999999,33.724624874054051,2.5498403349247583
1800,0.0043593750000000004,33.724839198996229,2.5498399058112611
1800,0.0043625000000000001,33.72505367798103,2.5498394755782678
1800,0.0043656250000000006,33.725268311009316,2.5498390442230243
1800,0.0043687500000000002,33.725483098081938,2.5498386117427696
1800,0.0043718749999999999,33.725698039199763,2.5498381781347379
1800,0.0043750000000000004,33.725913134363644,2.5498377433961554
1800,0.0043781250000000001,33.726128383574434,2.5498373075242435
1800,0.0043812500000000006,33.726343786832999,2.5498368705162169
1800,0.0043843750000000003,33.726559344140199,2.549836432369283
1800,0.0043874999999999999,33.726775055496894,2.5498359930806442
1800,0.0043906250000000004,33.726990920903951,2.5498355526474947
1800,0.0043937500000000001,33.727206940362223,2.5498351110670243
1800,0.0043968750000000006,33.727423113872575,2.5498346683364148
1800,0.0044000000000000003,33.727639441435883,2.5498342244528431
1800,0.0044031249999999999,33.727855923053013,2.5498337794134796
1800,0.0044062500000000004,33.72807255872484,2.5498333332154868
1800,0.0044093750000000001,33.728289348452222,2.5498328858560217
1800,0.0044125000000000006,33.728506292236034,2.5498324373322347
1800,0.0044156250000000003,33.728723390077143,2.5498319876412694
1800,0.0044187499999999999,33.728940641976429,2.5498315367802626
1800,0.0044218750000000005,33.72915804793476,2.5498310847463457
1800,0.0044250000000000001,33.72937560795301,2.549830631536643
1800,0.0044281250000000006,33.729593322032052,2.5498301771482721
1800,0.0044312500000000003,33.729811190172761,2.5498297215783445
1800,0.0044343749999999999,33.730029212376017,2.5498292648239644
1800,0.0044375000000000005,33.730247388642695,2.5498288068822301
1800,0.0044406250000000001,33.730465718973683,2.5498283477502333
1800,0.0044437499999999998,33.730684203369862,2.5498278874250597
1800,0.0044468750000000003,33.730902841832105,2.5498274259037865
1800,0.00445,33.731121634361294,2.5498269631834858
1800,0.0044531250000000005,33.731340580958317,2.5498264992612225
1800,0.0044562500000000001,33.731559681624056,2.5498260341340551
1800,0.0044593749999999998,33.731778936359383,2.5498255677990356
1800,0.0044625000000000003,33.731998345165195,2.5498251002532091
1800,0.004465625,33.732217908042387,2.549824631493613
1800,0.0044687500000000005,33.732437624991839,2.5498241615172796
1800,0.0044718750000000002,33.73265749601444,2.5498236903212343
1800,0.0044749999999999998,33.732877521111078,2.5498232179024951
1800,0.0044781250000000003,33.733097700282649,2.5498227442580728
1800,0.00448125,33.733318033530047,2.5498222693849728
1800,0.0044843750000000005,33.733538520854154,2.5498217932801932
1800,0.0044875000000000002,33.733759162255872,2.5498213159407239
1800,0.0044906249999999998,33.733979957736103,2.5498208373635505
1800,0.0044937500000000003,33.73420090729573,2.54982035754565
1800,0.004496875,33.734422010935646,2.5498198764839937
1800,0.0045000000000000005,33.734643268656761,2.5498193941755449
1800,0.0045031250000000002,33.734864680459971,2.5498189106172608
1800,0.0045062499999999998,33.735086246346171,2.5498184258060914
1800,0.0045093750000000004,33.735307966316256,2.54981793973898
1800,0.0045125,33.735529840371143,2.5498174524128623
1800,0.0045156250000000005,33.735751868511734,2.5498169638246679
1800,0.0045187500000000002,33.735974050738946,2.5498164739713194
1800,0.0045218749999999999,33.736196387053667,2.5498159828497329
1800,0.0045250000000000004,33.736418877456821,2.5498154904568171
1800,0.004528125,33.736641521949302,2.5498149967894741
1800,0.0045312500000000006,33.736864320532021,2.549814501844597
1800,0.0045343750000000002,33.737087273205894,2.5498140056190737
1800,0.0045374999999999999,33.737310379971831,2.5498135081097852
1800,0.0045406250000000004,33.737533640830733,2.5498130093136053
1800,0.00454375,33.737757055783526,2.5498125092274004
1800,0.0045468750000000006,33.73798062483111,2.5498120078480291
1800,0.0045500000000000002,33.738204347974403,2.5498115051723453
1800,0.0045531249999999999,33.738428225214328,2.5498110011971935
1800,0.0045562500000000004,33.738652256551788,2.5498104959194117
1800,0.0045593750000000001,33.738876441987721,2.5498099893358313
1800,0.0045625000000000006,33.739100781523014,2.5498094814432761
1800,0.0045656250000000002,33.739325275158599,2.549808972238564
1800,0.0045687499999999999,33.739549922895392,2.5498084617185039
1800,0.0045718750000000004,33.739774724734318,2.5498079498798991
1800,0.0045750000000000001,33.739999680676299,2.5498074367195445
1800,0.0045781250000000006,33.740224790722273,2.5498069222342283
1800,0.0045812500000000003,33.740450054873165,2.549806406420732
1800,0.0045843749999999999,33.740675473129897,2.5498058892758282
1800,0.0045875000000000004,33.740901045493402,2.549805370796284
1800,0.0045906250000000001,33.741126771964602,2.549804850978858
1800,0.0045937500000000006,33.741352652544435,2.5498043298203039
1800,0.0045968750000000003,33.741578687233819,2.5498038073173657
1800,0.0045999999999999999,33.74180487603369,2.5498032834667801
1800,0.0046031250000000004,33.742031218944966,2.5498027582652774
1800,0.0046062500000000001,33.742257715968591,2.5498022317095796
1800,0.0046093750000000006,33.74248436710549,2.5498017037964038
1800,0.0046125000000000003,33.742711172356607,2.5498011745224565
1800,0.0046156249999999999,33.74293813172288,2.5498006438844394
1800,0.0046187500000000005,33.743165245205248,2.5498001118790459
1800,0.0046218750000000001,33.743392512804654,2.5497995785029621
1800,0.0046250000000000006,33.74361993452203,2.5497990437528659
1800,0.0046281250000000003,33.743847510358329,2.5497985076254279
1800,0.00463125,33.744075240314473,2.5497979701173121
1800,0.0046343750000000005,33.744303124391422,2.5497974312251745
1800,0.0046375000000000001,33.7445311625901,2.5497968909456645
1800,0.0046406250000000007,33.744759354911459,2.549796349275423
1800,0.0046437500000000003,33.744987701356457,2.5497958062110828
1800,0.004646875,33.745216201926034,2.5497952617492707
1800,0.0046500000000000005,33.745444856621134,2.5497947158866046
1800,0.0046531250000000001,33.745673665442702,2.5497941686196968
1800,0.0046562499999999998,33.74590262839169,2.5497936199451505
1800,0.0046593750000000003,33.74613174546905,2.549793069859561
1800,0.0046625,33.746361016675735,2.5497925183595171
1800,0.0046656250000000005,33.746590442012703,2.5497919654415995
1800,0.0046687500000000002,33.7468200214809,2.5497914111023818
1800,0.0046718749999999998,33.747049755081285,2.5497908553384283
1800,0.0046750000000000003,33.74727964281481,2.5497902981462972
1800,0.004678125,33.747509684682427,2.5497897395225384
1800,0.0046812500000000005,33.747739880685124,2.5497891794636947
1800,0.0046843750000000002,33.747970230823846,2.5497886179663012
1800,0.0046874999999999998,33.748200735099552,2.5497880550268843
1800,0.0046906250000000003,33.748431393513215,2.5497874906419637
1800,0.00469375,33.748662206065781,2.5497869248080516
1800,0.0046968750000000005,33.74889317275823,2.5497863575216497
1800,0.0047000000000000002,33.749124293591521,2.5497857887792561
1800,0.0047031249999999998,33.749355568566621,2.5497852185773588
1800,0.0047062500000000004,33.749586997684489,2.5497846469124368
1800,0.004709375,33.749818580946105,2.5497840737809634
1800,0.0047125000000000005,33.750050318352429,2.5497834991794028
1800,0.0047156250000000002,33.750282209904427,2.5497829231042131
1800,0.0047187499999999999,33.750514255603079,2.5497823455518418
1800,0.0047218750000000004,33.750746455449352,2.5497817665187306
1800,0.004725,33.750978809444227,2.5497811860013124
1800,0.0047281250000000006,33.751211317588677,2.5497806039960125
1800,0.0047312500000000002,33.751443979883668,2.5497800204992491
1800,0.0047343749999999999,33.751676796330187,2.5497794355074319
1800,0.0047375000000000004,33.751909766929202,2.5497788490169615
1800,0.004740625,33.752142891681707,2.549778261024231
1800,0.0047437500000000006,33.752376170588676,2.5497776715256268
1800,0.0047468750000000002,33.752609603651102,2.5497770805175248
1800,0.0047499999999999999,33.75284319086996,2.5497764879962959
1800,0.0047531250000000004,33.753076932246223,2.5497758939583011
1800,0.0047562500000000001,33.753310827780886,2.5497752983998936
1800,0.0047593750000000006,33.753544877474923,2.5497747013174195
1800,0.0047625000000000002,33.753779081329327,2.5497741027072149
1800,0.0047656249999999999,33.754013439345087,2.5497735025656088
1800,0.0047687500000000004,33.754247951523197,2.5497729008889229
1800,0.0047718750000000001,33.754482617864639,2.5497722976734694
1800,0.0047750000000000006,33.754717438370406,2.5497716929155527
1800,0.0047781250000000003,33.75495241304148,2.5497710866114693
1800,0.0047812499999999999,33.755187541878854,2.549770478757508
1800,0.0047843750000000004,33.755422824883532,2.549769869349948
1800,0.0047875000000000001,33.7556582620565,2.5497692583850626
1800,0.0047906250000000006,33.755893853398774,2.5497686458591144
1800,0.0047937500000000003,33.756129598911343,2.5497680317683598
1800,0.0047968749999999999,33.756365498595194,2.5497674161090447
1800,0.0048000000000000004,33.756601552451329,2.5497667988774082
1800,0.0048031250000000001,33.756837760480749,2.5497661800696809
1800,0.0048062500000000006,33.757074122684472,2.549765559682085
1800,0.0048093750000000003,33.75731063906349,2.5497649377108345
1800,0.0048124999999999999,33.757547309618815,2.5497643141521347
1800,0.0048156250000000005,33.757784134351461,2.5497636890021824
1800,0.0048187500000000001,33.758021113262409,2.5497630622571674
1800,0.0048218750000000006,33.758258246352689,2.5497624339132696
1800,0.0048250000000000003,33.758495533623304,2.549761803966661
1800,0.004828125,33.758732975075269,2.5497611724135054
1800,0.0048312500000000005,33.758970570709586,2.5497605392499576
1800,0.0048343750000000001,33.759208320527271,2.5497599044721637
1800,0.0048375000000000007,33.759446224529334,2.549759268076262
1800,0.0048406250000000003,33.759684282716776,2.5497586300583821
1800,0.00484375,33.759922495090628,2.5497579904146446
1800,0.0048468750000000005,33.760160861651904,2.5497573491411618
1800,0.0048500000000000001,33.760399382401623,2.5497567062340383
1800,0.0048531249999999998,33.760638057340792,2.5497560616893704
1800,0.0048562500000000003,33.760876886470434,2.5497554155032445
1800,0.004859375,33.761115869791574,2.5497547676717383
1800,0.0048625000000000005,33.761355007305241,2.549754118190922
1800,0.0048656250000000002,33.761594299012444,2.5497534670568567
1800,0.0048687499999999998,33.76183374491422,2.5497528142655943
1800,0.0048718750000000003,33.762073345011579,2.5497521598131798
1800,0.004875,33.762313099305565,2.5497515036956471
1800,0.0048781250000000005,33.762553007797194,2.5497508459090223
1800,0.0048812500000000002,33.762793070487497,2.5497501864493239
1800,0.0048843749999999998,33.763033287377503,2.5497495253125608
1800,0.0048875000000000004,33.763273658468243,2.5497488624947326
1800,0.004890625,33.763514183760755,2.5497481979918311
1800,0.0048937500000000005,33.763754863256054,2.5497475317998384
1800,0.0048968750000000002,33.763995696955185,2.5497468639147285
1800,0.0048999999999999998,33.764236684859185,2.549746194332466
1800,0.0049031250000000004,33.764477826969092,2.5497455230490078
1800,0.00490625,33.764719123285936,2.5497448500603008
1800,0.0049093750000000005,33.764960573810768,2.5497441753622829
1800,0.0049125000000000002,33.765202178544627,2.5497434989508854
1800,0.0049156249999999999,33.765443937488548,2.5497428208220283
1800,0.0049187500000000004,33.765685850643578,2.5497421409716226
1800,0.004921875,33.765927918010753,2.549741459395571
1800,0.0049250000000000006,33.766170139591132,2.549740776089767
1800,0.0049281250000000002,33.76641251538576,2.5497400910500958
1800,0.0049312499999999999,33.76665504539568,2.5497394042724322
1800,0.0049343750000000004,33.766897729621938,2.5497387157526443
1800,0.0049375,33.767140568065585,2.5497380254865902
1800,0.0049406250000000006,33.767383560727659,2.5497373334701181
1800,0.0049437500000000002,33.76762670760921,2.5497366396990682
1800,0.0049468749999999999,33.767870008711299,2.5497359441692704
1800,0.0049500000000000004,33.768113464034982,2.5497352468765464
1800,0.0049531250000000001,33.768357073581321,2.5497345478167093
1800,0.0049562500000000006,33.76860083735135,2.5497338469855624
1800,0.0049593750000000002,33.768844755346137,2.5497331443788984
1800,0.0049624999999999999,33.769088827566733,2.5497324399925034
1800,0.0049656250000000004,33.769333054014204,2.5497317338221532
1800,0.0049687500000000001,33.769577434689609,2.5497310258636157
1800,0.0049718750000000006,33.769821969594013,2.5497303161126457
1800,0.0049750000000000003,33.770066658728481,2.5497296045649924
1800,0.0049781249999999999,33.770311502094067,2.5497288912163949
1800,0.0049812500000000004,33.770556499691843,2.5497281760625823
1800,0.0049843750000000001,33.770801651522866,2.5497274590992749
1800,0.0049875000000000006,33.771046957588219,2.549726740322185
1800,0.0049906250000000003,33.771292417888958,2.5497260197270135
1800,0.0049937499999999999,33.771538032426157,2.5497252973094526
1800,0.0049968750000000004,33.771783801200897,2.5497245730651854
1800,0.0050000000000000001,33.772029724214228,2.5497238469898851
1800,0.0050031250000000006,33.772275801467231,2.549723119079216
1800,0.0050062500000000003,33.772522032960978,2.5497223893288337
1800,0.0050093749999999999,33.772768418696558,2.5497216577343838
1800,0.0050125000000000005,33.773014958675034,2.5497209242915013
1800,0.0050156250000000001,33.773261652897489,2.5497201889958121
1800,0.0050187500000000006,33.773508501365008,2.5497194518429351
1800,0.0050218750000000003,33.773755504078657,2.5497187128284762
1800,0.005025,33.774002661039518,2.5497179719480347
1800,0.0050281250000000005,33.774249972248676,2.5497172291971979
1800,0.0050312500000000001,33.774497437707211,2.5497164845715443
1800,0.0050343750000000007,33.774745057416219,2.5497157380666438
1800,0.0050375000000000003,33.774992831376785,2.5497149896780553
1800,0.005040625,33.775240759589998,2.5497142394013306
1800,0.0050437500000000005,33.775488842056944,2.5497134872320091
1800,0.0050468750000000001,33.775737078778711,2.5497127331656202
1800,0.0050500000000000007,33.775985469756392,2.5497119771976866
1800,0.0050531250000000003,33.776234014991083,2.549711219323719
1800,0.00505625,33.776482714483862,2.5497104595392179
1800,0.0050593750000000005,33.776731568235832,2.5497096978396772
1800,0.0050625000000000002,33.776980576248093,2.5497089342205785
1800,0.0050656249999999998,33.777229738521733,2.5497081686773932
1800,0.0050687500000000003,33.777479055057839,2.5497074012055854
1800,0.005071875,33.777728525857512,2.5497066318006079
1800,0.0050750000000000005,33.777978150921847,2.549705860457903
1800,0.0050781250000000002,33.778227930251965,2.5497050871729052
1800,0.0050812499999999998,33.778477863848956,2.5497043119410372
1800,0.0050843750000000004,33.778727951713918,2.5497035347577124
1800,0.0050875,33.778978193847962,2.5497027556183345
1800,0.0050906250000000005,33.779228590252202,2.5497019745182965
1800,0.0050937500000000002,33.779479140927748,2.5497011914529821
1800,0.0050968749999999998,33.779729845875707,2.5497004064177657
1800,0.0051000000000000004,33.779980705097188,2.5496996194080102
1800,0.005103125,33.780231718593292,2.5496988304190698
1800,0.0051062500000000005,33.780482886365135,2.5496980394462891
1800,0.0051093750000000002,33.780734208413833,2.5496972464850014
1800,0.0051124999999999999,33.7809856847405,2.5496964515305307
1800,0.0051156250000000004,33.781237315346239,2.5496956545781906
1800,0.00511875,33.781489100232179,2.5496948556232835
1800,0.0051218750000000006,33.781741039399421,2.5496940546611029
1800,0.0051250000000000002,33.781993132849102,2.5496932516869326
1800,0.0051281249999999999,33.782245380582339,2.5496924466960462
1800,0.0051312500000000004,33.782497782600245,2.5496916396837075
1800,0.005134375,33.782750338903952,2.5496908306451678
1800,0.0051375000000000006,33.783003049494567,2.5496900195756709
1800,0.0051406250000000002,33.783255914373221,2.5496892064704482
1800,0.0051437499999999999,33.783508933541036,2.5496883913247226
1800,0.0051468750000000004,33.783762106999141,2.5496875741337064
1800,0.0051500000000000001,33.784015434748675,2.5496867548926017
1800,0.0051531250000000006,33.784268916790765,2.5496859335965993
1800,0.0051562500000000002,33.784522553126543,2.5496851102408793
1800,0.0051593749999999999,33.784776343757144,2.5496842848206138
1800,0.0051625000000000004,33.7850302886837,2.5496834573309624
1800,0.0051656250000000001,33.785284387907339,2.549682627767075
1800,0.0051687500000000006,33.785538641429198,2.5496817961240916
1800,0.0051718750000000003,33.785793049250408,2.5496809623971424
1800,0.0051749999999999999,33.786047611372105,2.5496801265813449
1800,0.0051781250000000004,33.786302327795426,2.5496792886718076
1800,0.0051812500000000001,33.786557198521521,2.5496784486636277
1800,0.0051843750000000006,33.786812223551536,2.549677606551894
1800,0.0051875000000000003,33.787067402886606,2.5496767623316812
1800,0.0051906249999999999,33.787322736527869,2.5496759159980567
1800,0.0051937500000000004,33.787578224476476,2.5496750675460764
1800,0.0051968750000000001,33.787833866733571,2.5496742169707849
1800,0.0052000000000000006,33.788089663300312,2.5496733642672167
1800,0.0052031250000000003,33.78834561417785,2.5496725094303962
1800,0.0052062499999999999,33.788601719367321,2.5496716524553373
1800,0.0052093750000000005,33.788857978869878,2.5496707933370422
1800,0.0052125000000000001,33.78911439268667,2.5496699320705032
1800,0.0052156250000000006,33.789370960818871,2.5496690686507018
1800,0.0052187500000000003,33.789627683267625,2.5496682030726077
1800,0.005221875,33.789884560034089,2.5496673353311814
1800,0.0052250000000000005,33.790141591119429,2.5496664654213723
1800,0.0052281250000000001,33.790398776524803,2.5496655933381187
1800,0.0052312500000000007,33.790656116251355,2.5496647190763477
1800,0.0052343750000000003,33.790913610300251,2.5496638426309763
1800,0.0052375,33.791171258672655,2.5496629639969099
1800,0.0052406250000000005,33.79142906136974,2.5496620831690437
1800,0.0052437500000000001,33.791687018392665,2.5496612001422627
1800,0.0052468750000000007,33.791945129742587,2.5496603149114385
1800,0.0052500000000000003,33.792203395420664,2.5496594274714344
1800,0.005253125,33.792461815428084,2.5496585378171024
1800,0.0052562500000000005,33.792720389766011,2.5496576459432827
1800,0.0052593750000000002,33.792979118435611,2.5496567518448057
1800,0.0052625000000000007,33.793238001438056,2.5496558555164892
1800,0.0052656250000000003,33.793497038774511,2.549654956953141
1800,0.00526875,33.793756230446164,2.5496540561495569
1800,0.0052718750000000005,33.794015576454186,2.5496531531005218
1800,0.0052750000000000002,33.794275076799757,2.549652247800811
1800,0.0052781249999999998,33.794534731484049,2.5496513402451879
1800,0.0052812500000000004,33.794794540508249,2.5496504304284038
1800,0.005284375,33.795054503873544,2.5496495183451997
1800,0.0052875000000000005,33.795314621581106,2.5496486039903061
1800,0.0052906250000000002,33.795574893632114,2.5496476873584419
1800,0.0052937499999999998,33.795835320027756,2.549646768444314
1800,0.0052968750000000004,33.79609590076921,2.5496458472426187
1800,0.0053,33.79635663585767,2.5496449237480414
1800,0.0053031250000000005,33.79661752529433,2.549643997955255
1800,0.0053062500000000002,33.796878569080384,2.5496430698589214
1800,0.0053093749999999999,33.797139767217018,2.5496421394536934
1800,0.0053125000000000004,33.79740111970542,2.5496412067342096
1800,0.005315625,33.797662626546774,2.5496402716950981
1800,0.0053187500000000006,33.797924287742283,2.5496393343309767
1800,0.0053218750000000002,33.798186103293148,2.5496383946364509
1800,0.0053249999999999999,33.798448073200561,2.549637452606115
1800,0.0053281250000000004,33.798710197465724,2.5496365082345518
1800,0.0053312500000000001,33.79897247608983,2.549635561516332
1800,0.0053343750000000006,33.79923490907408,2.5496346124460167
1800,0.0053375000000000002,33.799497496419669,2.5496336610181549
1800,0.0053406249999999999,33.799760238127796,2.5496327072272815
1800,0.0053437500000000004,33.800023134199684,2.5496317510679223
1800,0.0053468750000000001,33.800286184636533,2.5496307925345914
1800,0.0053500000000000006,33.800549389439546,2.5496298316217909
1800,0.0053531250000000002,33.800812748609935,2.5496288683240116
1800,0.0053562499999999999,33.801076262148896,2.5496279026357329
1800,0.0053593750000000004,33.801339930057637,2.549626934551422
1800,0.0053625000000000001,33.801603752337378,2.5496259640655343
1800,0.0053656250000000006,33.801867728989336,2.549624991172514
1800,0.0053687500000000003,33.802131860014725,2.5496240158667933
1800,0.0053718749999999999,33.802396145414754,2.5496230381427916
1800,0.0053750000000000004,33.802660585190637,2.5496220579949185
1800,0.0053781250000000001,33.802925179343603,2.5496210754175714
1800,0.0053812500000000006,33.803189927874882,2.5496200904051349
1800,0.0053843750000000003,33.803454830785689,2.5496191029519824
1800,0.0053874999999999999,33.803719888077246,2.5496181130524751
1800,0.0053906250000000005,33.803985099750761,2.5496171207009635
1800,0.0053937500000000001,33.804250465807471,2.5496161258917849
1800,0.0053968750000000006,33.804515986248596,2.5496151286192656
1800,0.0054000000000000003,33.804781661075367,2.5496141288777197
1800,0.0054031249999999999,33.80504749028902,2.5496131266614483
1800,0.0054062500000000005,33.805313473890777,2.5496121219647425
1800,0.0054093750000000001,33.805579611881875,2.5496111147818792
1800,0.0054125000000000006,33.805845904263528,2.5496101051071252
1800,0.0054156250000000003,33.806112351036965,2.5496090929347339
1800,0.00541875,33.806378952203438,2.549608078258947
1800,0.0054218750000000005,33.806645707764183,2.5496070610739947
1800,0.0054250000000000001,33.806912617720428,2.549606041374096
1800,0.0054281250000000007,33.807179682073418,2.5496050191534563
1800,0.0054312500000000003,33.807446900824388,2.5496039944062683
1800,0.005434375,33.80771427397459,2.5496029671267126
1800,0.0054375000000000005,33.807981801525266,2.5496019373089593
1800,0.0054406250000000001,33.80824948347766,2.5496009049471651
1800,0.0054437500000000007,33.808517319833008,2.5495998700354745
1800,0.0054468750000000003,33.808785310592569,2.5495988325680194
1800,0.00545,33.809053455757578,2.5495977925389215
1800,0.0054531250000000005,33.809321755329293,2.5495967499422862
1800,0.0054562500000000002,33.809590209308958,2.5495957047722095
1800,0.0054593750000000007,33.809858817697815,2.5495946570227757
1800,0.0054625000000000003,33.810127580497117,2.5495936066880551
1800,0.005465625,33.810396497708126,2.5495925537621056
1800,0.0054687500000000005,33.810665569332102,2.5495914982389727
1800,0.0054718750000000002,33.810934795370294,2.5495904401126901
1800,0.0054749999999999998,33.81120417582396,2.549589379377279
1800,0.0054781250000000004,33.811473710694365,2.5495883160267487
1800,0.00548125,33.811743399982767,2.5495872500550947
1800,0.0054843750000000005,33.81201324369043,2.5495861814562999
1800,0.0054875000000000002,33.812283241818619,2.5495851102243359
1800,0.0054906249999999998,33.812553394368599,2.5495840363531612
1800,0.0054937500000000004,33.812823701341628,2.5495829598367212
1800,0.005496875,33.81309416273897,2.5495818806689492
1800,0.0055000000000000005,33.813364778561905,2.5495807988437651
1800,0.0055031250000000002,33.813635548811689,2.5495797143550769
1800,0.0055062499999999999,33.81390647348961,2.5495786271967802
1800,0.0055093750000000004,33.814177552596924,2.5495775373627567
1800,0.0055125,33.814448786134911,2.5495764448468763
1800,0.0055156250000000006,33.814720174104835,2.5495753496429963
1800,0.0055187500000000002,33.814991716507969,2.5495742517449598
1800,0.0055218749999999999,33.815263413345612,2.5495731511465989
1800,0.0055250000000000004,33.815535264619029,2.5495720478417319
1800,0.0055281250000000001,33.815807270329501,2.5495709418241645
1800,0.0055312500000000006,33.816079430478311,2.549569833087689
1800,0.0055343750000000002,33.81635174506674,2.5495687216260854
1800,0.0055374999999999999,33.816624214096073,2.5495676074331204
1800,0.0055406250000000004,33.816896837567597,2.5495664905025492
1800,0.0055437500000000001,33.817169615482605,2.5495653708281116
1800,0.0055468750000000006,33.817442547842369,2.5495642484035361
1800,0.0055500000000000002,33.817715634648181,2.5495631232225375
1800,0.0055531249999999999,33.817988875901335,2.5495619952788182
1800,0.0055562500000000004,33.818262271603132,2.5495608645660668
1800,0.0055593750000000001,33.818535821754857,2.549559731077959
1800,0.0055625000000000006,33.818809526357811,2.5495585948081567
1800,0.0055656250000000003,33.819083385413265,2.5495574557503105
1800,0.0055687499999999999,33.819357398922534,2.5495563138980564
1800,0.0055718750000000004,33.819631566886919,2.5495551692450182
1800,0.0055750000000000001,33.819905889307719,2.5495540217848056
1800,0.0055781250000000006,33.820180366186229,2.5495528715110143
1800,0.0055812500000000003,33.820454997523747,2.5495517184172281
1800,0.0055843749999999999,33.820729783321589,2.5495505624970183
1800,0.0055875000000000005,33.821004723581048,2.5495494037439412
1800,0.0055906250000000001,33.821279818303445,2.5495482421515403
1800,0.0055937500000000006,33.821555067490081,2.5495470777133469
1800,0.0055968750000000003,33.82183047114227,2.5495459104228768
1800,0.0055999999999999999,33.822106029261313,2.5495447402736335
1800,0.0056031250000000005,33.822381741848517,2.5495435672591071
1800,0.0056062500000000001,33.822657608905203,2.5495423913727735
1800,0.0056093750000000006,33.822933630432686,2.549541212608097
1800,0.0056125000000000003,33.823209806432288,2.5495400309585268
1800,0.005615625,33.823486136905323,2.5495388464174984
1800,0.0056187500000000005,33.823762621853113,2.5495376589784349
1800,0.0056218750000000001,33.824039261276965,2.549536468634745
1800,0.0056250000000000007,33.824316055178208,2.5495352753798244
1800,0.0056281250000000003,33.824593003558157,2.5495340792070547
1800,0.00563125,33.824870106418132,2.5495328801098038
1800,0.0056343750000000005,33.825147363759463,2.5495316780814266
1800,0.0056375000000000001,33.825424775583485,2.5495304731152637
1800,0.0056406250000000007,33.825702341891514,2.549529265204642
1800,0.0056437500000000003,33.825980062684877,2.5495280543428751
1800,0.005646875,33.826257937964911,2.5495268405232632
1800,0.0056500000000000005,33.826535967732944,2.549525623739092
1800,0.0056531250000000002,33.826814151990312,2.5495244039836331
1800,0.0056562500000000007,33.827092490738352,2.5495231812501444
1800,0.0056593750000000003,33.827370983978398,2.54952195553187
1800,0.0056625,33.827649631711786,2.549520726822041
1800,0.0056656250000000005,33.82792843393986,2.5495194951138735
1800,0.0056687500000000002,33.828207390663962,2.5495182604005704
1800,0.0056718750000000007,33.828486501885429,2.5495170226753192
1800,0.0056750000000000004,33.828765767605596,2.5495157819312948
1800,0.005678125,33.829045187825798,2.5495145381616582
1800,0.0056812500000000005,33.829324762547394,2.5495132913595557
1800,0.0056843750000000002,33.829604491771732,2.5495120415181201
1800,0.0056874999999999998,33.829884375500157,2.54951078863047
1800,0.0056906250000000004,33.830164413734018,2.5495095326897097
1800,0.00569375,33.830444606474671,2.5495082736889283
1800,0.0056968750000000005,33.830724953723454,2.5495070116212024
1800,0.0057000000000000002,33.83100545548173,2.5495057464795945
1800,0.0057031249999999999,33.831286111750856,2.5495044782571519
1800,0.0057062500000000004,33.831566922532183,2.5495032069469068
1800,0.005709375,33.83184788782706,2.5495019325418804
1800,0.0057125000000000006,33.832129007636865,2.5495006550350761
1800,0.0057156250000000002,33.83241028196295,2.5494993744194834
1800,0.0057187499999999999,33.832691710806671,2.54949809068808
1800,0.0057218750000000004,33.832973294169392,2.5494968038338266
1800,0.0057250000000000001,33.833255032052477,2.5494955138496715
1800,0.0057281250000000006,33.833536924457306,2.5494942207285476
1800,0.0057312500000000002,33.833818971385242,2.5494929244633737
1800,0.0057343749999999999,33.834101172837649,2.549491625047053
1800,0.0057375000000000004,33.834383528815891,2.5494903224724754
1800,0.0057406250000000001,33.834666039321341,2.5494890167325157
1800,0.0057437500000000006,33.834948704355369,2.5494877078200346
1800,0.0057468750000000002,33.835231523919347,2.5494863957278793
1800,0.0057499999999999999,33.83551449801466,2.5494850804488798
1800,0.0057531250000000004,33.83579762664268,2.5494837619758535
1800,0.0057562500000000001,33.836080909804785,2.5494824403016021
1800,0.0057593750000000006,33.836364347502354,2.5494811154189141
1800,0.0057625000000000003,33.836647939736757,2.5494797873205624
1800,0.0057656249999999999,33.836931686509388,2.5494784559993038
1800,0.0057687500000000004,33.837215587821625,2.5494771214478815
1800,0.0057718750000000001,33.83749964367486,2.5494757836590241
1800,0.0057750000000000006,33.837783854070473,2.5494744426254452
1800,0.0057781250000000003,33.838068219009863,2.5494730983398437
1800,0.0057812499999999999,33.838352738494407,2.5494717507949036
1800,0.0057843750000000005,33.838637412525514,2.5494703999832948
1800,0.0057875000000000001,33.838922241104555,2.5494690458976712
1800,0.0057906250000000006,33.839207224232929,2.549467688530672
1800,0.0057937500000000003,33.839492361912029,2.5494663278749212
1800,0.0057968749999999999,33.839777654143248,2.549464963923028
1800,0.0058000000000000005,33.840063100927985,2.549463596667588
1800,0.0058031250000000001,33.840348702267647,2.5494622261011801
1800,0.0058062500000000006,33.84063445816362,2.5494608522163684
1800,0.0058093750000000003,33.840920368617319,2.5494594750057029
1800,0.0058125,33.841206433630141,2.5494580944617167
1800,0.0058156250000000005,33.841492653203488,2.549456710576929
1800,0.0058187500000000001,33.841779027338767,2.5494553233438442
1800,0.0058218750000000007,33.842065556037383,2.5494539327549504
1800,0.0058250000000000003,33.842352239300752,2.5494525388027203
1800,0.005828125,33.842639077130272,2.5494511414796128
1800,0.0058312500000000005,33.842926069527358,2.5494497407780701
1800,0.0058343750000000002,33.843213216493425,2.5494483366905198
1800,0.0058375000000000007,33.843500518029892,2.5494469292093744
1800,0.0058406250000000003,33.843787974138174,2.5494455183270306
1800,0.00584375,33.844075584819684,2.5494441040358704
1800,0.0058468750000000005,33.844363350075852,2.5494426863282591
1800,0.0058500000000000002,33.844651269908091,2.5494412651965472
1800,0.0058531250000000007,33.844939344317815,2.5494398406330703
1800,0.0058562500000000003,33.845227573306452,2.5494384126301477
1800,0.005859375,33.845515956875431,2.549436981180083
1800,0.0058625000000000005,33.845804495026172,2.5494355462751659
1800,0.0058656250000000002,33.846093187760097,2.5494341079076683
1800,0.0058687500000000007,33.846382035078634,2.5494326660698485
1800,0.0058718750000000004,33.846671036983224,2.5494312207539482
1800,0.005875,33.846960193475283,2.5494297719521937
1800,0.0058781250000000005,33.84724950455626,2.5494283196567959
1800,0.0058812500000000002,33.847538970227582,2.5494268638599484
1800,0.0058843749999999998,33.847828590490685,2.5494254045538312
1800,0.0058875000000000004,33.848118365347005,2.5494239417306077
1800,0.005890625,33.848408294797984,2.5494224753824248
1800,0.0058937500000000006,33.848698378845057,2.549421005501415
1800,0.0058968750000000002,33.848988617489674,2.549419532079694
1800,0.0058999999999999999,33.849279010733262,2.5494180551093617
1800,0.0059031250000000004,33.849569558577279,2.5494165745825024
1800,0.00590625,33.849860261023167,2.5494150904911828
1800,0.0059093750000000006,33.850151118072361,2.5494136028274559
1800,0.0059125000000000002,33.850442129726318,2.5494121115833579
1800,0.0059156249999999999,33.850733295986494,2.5494106167509094
1800,0.0059187500000000004,33.851024616854332,2.5494091183221146
1800,0.0059218750000000001,33.851316092331288,2.5494076162889612
1800,0.0059250000000000006,33.851607722418812,2.5494061106434209
1800,0.0059281250000000002,33.851899507118361,2.5494046013774505
1800,0.0059312499999999999,33.852191446431377,2.5494030884829888
1800,0.0059343750000000004,33.852483540359337,2.5494015719519605
1800,0.0059375000000000001,33.852775788903699,2.5494000517762725
1800,0.0059406250000000006,33.853068192065919,2.5493985279478166
1800,0.0059437500000000002,33.853360749847475,2.5493970004584674
1800,0.0059468749999999999,33.853653462249817,2.5493954693000829
1800,0.0059500000000000004,33.853946329274414,2.5493939344645056
1800,0.0059531250000000001,33.854239350922732,2.5493923959435616
1800,0.0059562500000000006,33.854532527196241,2.5493908537290606
1800,0.0059593750000000003,33.854825858096412,2.5493893078127963
1800,0.0059624999999999999,33.8551193436247,2.5493877581865449
1800,0.0059656250000000004,33.855412983782585,2.5493862048420657
1800,0.0059687500000000001,33.855706778571538,2.5493846477711037
1800,0.0059718750000000006,33.856000727993042,2.5493830869653862
1800,0.0059750000000000003,33.856294832048562,2.5493815224166245
1800,0.0059781249999999999,33.85658909073959,2.5493799541165125
1800,0.0059812500000000005,33.856883504067596,2.5493783820567275
1800,0.0059843750000000001,33.857178072034067,2.5493768062289304
1800,0.0059875000000000006,33.857472794640486,2.549375226624766
1800,0.0059906250000000003,33.85776767188834,2.549373643235862
1800,0.0059937499999999999,33.858062703779112,2.5493720560538287
1800,0.0059968750000000005,33.858357890314288,2.5493704650702602
1800,0.0060000000000000001,33.858653231495346,2.5493688702767345
1800,0.0060031250000000006,33.858948727323799,2.5493672716648121
1800,0.0060062500000000003,33.859244377801119,2.549365669226038
1800,0.006009375,33.859540182928811,2.5493640629519381
1800,0.0060125000000000005,33.859836142708367,2.5493624528340222
1800,0.0060156250000000001,33.860132257141274,2.5493608388637834
1800,0.0060187500000000007,33.860428526229036,2.5493592210326979
1800,0.0060218750000000003,33.860724949973161,2.5493575993322257
1800,0.006025,33.861021528375147,2.5493559737538094
1800,0.0060281250000000005,33.86131826143648,2.5493543442888735
1800,0.0060312500000000002,33.861615149158673,2.5493527109288263
1800,0.0060343750000000007,33.861912191543226,2.5493510736650595
1800,0.0060375000000000003,33.862209388591651,2.5493494324889467
1800,0.006040625,33.862506740305456,2.5493477873918446
1800,0.0060437500000000005,33.862804246686146,2.5493461383650935
1800,0.0060468750000000002,33.863101907735235,2.5493444854000153
1800,0.0060500000000000007,33.863399723454229,2.5493428284879154
1800,0.0060531250000000003,33.863697693844642,2.5493411676200819
1800,0.00605625,33.863995818907988,2.5493395027877845
1800,0.0060593750000000005,33.864294098645779,2.5493378339822779
1800,0.0060625000000000002,33.864592533059529,2.5493361611947973
1800,0.0060656250000000007,33.864891122150773,2.549334484416562
1800,0.0060687500000000004,33.865189865921025,2.5493328036387735
1800,0.006071875,33.865488764371811,2.5493311188526144
1800,0.0060750000000000005,33.865787817504653,2.5493294300492515
1800,0.0060781250000000002,33.866087025321072,2.549327737219834
1800,0.0060812500000000007,33.866386387822601,2.5493260403554943
1800,0.0060843750000000004,33.866685905010755,2.5493243394473457
1800,0.0060875,33.866985576887075,2.5493226344864839
1800,0.0060906250000000006,33.867285403453096,2.5493209254639875
1800,0.0060937500000000002,33.867585384710338,2.5493192123709179
1800,0.0060968749999999999,33.867885520660344,2.5493174951983177
1800,0.0061000000000000004,33.868185811304649,2.5493157739372125
1800,0.006103125,33.868486256644793,2.5493140485786099
1800,0.0061062500000000006,33.868786856682306,2.5493123191135001
1800,0.0061093750000000002,33.869087611418742,2.5493105855328557
1800,0.0061124999999999999,33.86938852085563,2.5493088478276311
1800,0.0061156250000000004,33.869689584994518,2.5493071059887629
1800,0.0061187500000000001,33.869990803836949,2.5493053600071698
1800,0.0061218750000000006,33.870292177384478,2.5493036098737534
1800,0.0061250000000000002,33.870593705638647,2.5493018555793956
1800,0.0061281249999999999,33.870895388601014,2.549300097114962
1800,0.0061312500000000004,33.871197226273118,2.5492983344712989
1800,0.0061343750000000001,33.871499218656517,2.5492965676392356
1800,0.0061375000000000006,33.871801365752752,2.5492947966095825
1800,0.0061406250000000002,33.87210366756338,2.5492930213731322
1800,0.0061437499999999999,33.87240612408997,2.5492912419206597
1800,0.0061468750000000004,33.872708735334079,2.5492894582429217
1800,0.0061500000000000001,33.873011501297263,2.549287670330656
1800,0.0061531250000000006,33.873314421981078,2.5492858781745822
1800,0.0061562500000000003,33.873617497387094,2.549284081765403
1800,0.0061593749999999999,33.873920727516861,2.5492822810938014
1800,0.0061625000000000004,33.874224112371948,2.5492804761504422
1800,0.0061656250000000001,33.874527651953926,2.5492786669259733
1800,0.0061687500000000006,33.874831346264358,2.5492768534110226
1800,0.0061718750000000003,33.875135195304821,2.5492750355962004
1800,0.0061749999999999999,33.875439199076887,2.5492732134720977
1800,0.0061781250000000005,33.875743357582117,2.5492713870292878
1800,0.0061812500000000001,33.876047670822103,2.5492695562583263
1800,0.0061843750000000006,33.876352138798417,2.5492677211497483
1800,0.0061875000000000003,33.876656761512635,2.5492658816940725
1800,0.0061906249999999999,33.876961538966327,2.5492640378817972
1800,0.0061937500000000005,33.877266471161086,2.5492621897034033
1800,0.0061968750000000001,33.877571558098495,2.5492603371493527
1800,0.0062000000000000006,33.877876799780125,2.5492584802100877
1800,0.0062031250000000003,33.878182196207561,2.5492566188760328
1800,0.00620625,33.878487747382394,2.549254753137594
1800,0.0062093750000000005,33.878793453306209,2.549252882985158
1800,0.0062125000000000001,33.879099313980603,2.5492510084090929
1800,0.0062156250000000007,33.879405329407163,2.5492491293997479
1800,0.0062187500000000003,33.879711499587486,2.5492472459474538
1800,0.006221875,33.880017824523158,2.5492453580425214
1800,0.0062250000000000005,33.880324304215776,2.5492434656752434
1800,0.0062281250000000002,33.88063093866694,2.5492415688358934
1800,0.0062312500000000007,33.880937727878255,2.5492396675147262
1800,0.0062343750000000003,33.88124467185132,2.5492377617019777
1800,0.0062375,33.881551770587741,2.5492358513878637
1800,0.0062406250000000005,33.881859024089117,2.5492339365625818
1800,0.0062437500000000002,33.882166432357046,2.5492320172163101
1800,0.0062468750000000007,33.882473995393134,2.5492300933392089
1800,0.0062500000000000003,33.882781713198995,2.5492281649214168
1800,0.006253125,33.883089585776247,2.5492262319530554
1800,0.0062562500000000005,33.88339761312649,2.5492242944242265
1800,0.0062593750000000002,33.883705795251338,2.5492223523250117
1800,0.0062625000000000007,33.884014132152409,2.5492204056454737
1800,0.0062656250000000004,33.884322623831309,2.5492184543756564
1800,0.00626875,33.88463127028966,2.5492164985055843
1800,0.0062718750000000005,33.884940071529073,2.5492145380252618
1800,0.0062750000000000002,33.885249027551176,2.5492125729246737
1800,0.0062781250000000007,33.885558138357595,2.5492106031937865
1800,0.0062812500000000004,33.885867403949945,2.5492086288225466
1800,0.006284375,33.886176824329866,2.5492066498008819
1800,0.0062875000000000006,33.88648639949897,2.5492046661186989
1800,0.0062906250000000002,33.886796129458894,2.5492026777658854
1800,0.0062937500000000007,33.88710601421127,2.5492006847323094
1800,0.0062968750000000004,33.887416053757725,2.54919868700782
1800,0.0063,33.887726248099888,2.5491966845822458
1800,0.0063031250000000006,33.888036597239399,2.5491946774453949
1800,0.0063062500000000002,33.888347101177892,2.5491926655870567
1800,0.0063093749999999999,33.88865775991701,2.5491906489970009
1800,0.0063125000000000004,33.888968573458392,2.5491886276649773
1800,0.0063156250000000001,33.889279541803674,2.5491866015807161
1800,0.0063187500000000006,33.889590664954497,2.5491845707339258
1800,0.0063218750000000002,33.889901942912509,2.5491825351142978
1800,0.0063249999999999999,33.890213375679352,2.5491804947115018
1800,0.0063281250000000004,33.890524963256667,2.5491784495151881
1800,0.0063312500000000001,33.890836705646109,2.5491763995149865
1800,0.0063343750000000006,33.891148602849327,2.5491743447005071
1800,0.0063375000000000003,33.891460654867977,2.5491722850613403
1800,0.0063406249999999999,33.8917728617037,2.549170220587055
1800,0.0063437500000000004,33.892085223358151,2.5491681512672009
1800,0.0063468750000000001,33.892397739832987,2.5491660770913072
1800,0.0063500000000000006,33.892710411129876,2.5491639980488836
1800,0.0063531250000000003,33.893023237250475,2.5491619141294186
1800,0.0063562499999999999,33.893336218196438,2.5491598253223819
1800,0.0063593750000000004,33.893649353969437,2.5491577316172211
1800,0.0063625000000000001,33.893962644571118,2.5491556330033642
1800,0.0063656250000000006,33.89427609000316,2.5491535294702188
1800,0.0063687500000000003,33.894589690267225,2.5491514210071724
1800,0.0063718749999999999,33.894903445364989,2.5491493076035918
1800,0.0063750000000000005,33.895217355298115,2.5491471892488238
1800,0.0063781250000000001,33.895531420068281,2.5491450659321933
1800,0.0063812500000000006,33.895845639677155,2.5491429376430061
1800,0.0063843750000000003,33.896160014126409,2.5491408043705475
1800,0.0063874999999999999,33.896474543417725,2.5491386661040805
1800,0.0063906250000000005,33.89678922755278,2.5491365228328489
1800,0.0063937500000000001,33.897104066533259,2.5491343745460755
1800,0.0063968750000000007,33.897419060360832,2.5491322212329615
1800,0.0064000000000000003,33.897734209037189,2.5491300628826883
1800,0.006403125,33.898049512564015,2.5491278994844171
1800,0.0064062500000000005,33.898364970942986,2.5491257310272872
1800,0.0064093750000000001,33.8986805841758,2.5491235575004176
1800,0.0064125000000000007,33.898996352264142,2.5491213788929068
1800,0.0064156250000000003,33.899312275209709,2.5491191951938301
1800,0.00641875,33.899628353014187,2.5491170063922444
1800,0.0064218750000000005,33.899944585679272,2.549114812477185
1800,0.0064250000000000002,33.900260973206656,2.549112613437666
1800,0.0064281250000000007,33.900577515598044,2.5491104092626804
1800,0.0064312500000000003,33.900894212855135,2.5491081999412
1800,0.006434375,33.901211064979627,2.5491059854621749
1800,0.0064375000000000005,33.901528071973225,2.5491037658145359
1800,0.0064406250000000002,33.901845233837626,2.5491015409871904
1800,0.0064437500000000007,33.902162550574531,2.5490993109690261
1800,0.0064468750000000003,33.902480022185657,2.5490970757489095
1800,0.00645,33.902797648672703,2.5490948353156848
1800,0.0064531250000000005,33.903115430037388,2.5490925896581764
1800,0.0064562500000000002,33.903433366281419,2.5490903387651849
1800,0.0064593750000000007,33.903751457406514,2.5490880826254916
1800,0.0064625000000000004,33.904069703414379,2.5490858212278553
1800,0.006465625,33.904388104306733,2.5490835545610131
1800,0.0064687500000000005,33.904706660085296,2.5490812826136824
1800,0.0064718750000000002,33.905025370751787,2.549079005374558
1800,0.0064750000000000007,33.905344236307926,2.5490767228323121
1800,0.0064781250000000004,33.905663256755439,2.549074434975596
1800,0.00648125,33.905982432096046,2.5490721417930402
1800,0.0064843750000000006,33.906301762331481,2.5490698432732524
1800,0.0064875000000000002,33.906621247463455,2.5490675394048199
1800,0.0064906250000000007,33.906940887493704,2.5490652301763075
1800,0.0064937500000000004,33.90726068242396,2.5490629155762581
1800,0.006496875,33.90758063225595,2.549060595593192
1800,0.0065000000000000006,33.907900736991408,2.5490582702156086
1800,0.0065031250000000002,33.908220996632075,2.5490559394319852
1800,0.0065062499999999999,33.908541411179684,2.549053603230778
1800,0.0065093750000000004,33.908861980635983,2.5490512616004204
1800,0.0065125000000000001,33.909182705002706,2.5490489145293238
1800,0.0065156250000000006,33.909503584281588,2.5490465620058789
1800,0.0065187500000000002,33.909824618474389,2.5490442040184518
1800,0.0065218749999999999,33.91014580758285,2.5490418405553874
1800,0.0065250000000000004,33.910467151608721,2.5490394716050102
1800,0.0065281250000000001,33.910788650553741,2.5490370971556202
1800,0.0065312500000000006,33.911110304419658,2.549034717195497
1800,0.0065343750000000003,33.911432113208228,2.5490323317128971
1800,0.0065374999999999999,33.911754076921198,2.5490299406960562
1800,0.0065406250000000004,33.912076195560338,2.5490275441331858
1800,0.0065437500000000001,33.912398469127389,2.5490251420124763
1800,0.0065468750000000006,33.912720897624119,2.5490227343220941
1800,0.0065500000000000003,33.913043481052291,2.5490203210501847
1800,0.0065531249999999999,33.91336621941366,2.5490179021848705
1800,0.0065562500000000004,33.913689112709982,2.549015477714252
1800,0.0065593750000000001,33.914012160943038,2.5490130476264068
1800,0.0065625000000000006,33.914335364114578,2.5490106119093889
1800,0.0065656250000000003,33.914658722226385,2.5490081705512311
1800,0.0065687499999999999,33.914982235280227,2.5490057235399437
1800,0.0065718750000000005,33.915305903277869,2.5490032708635133
1800,0.0065750000000000001,33.915629726221084,2.5490008125099051
1800,0.0065781250000000006,33.915953704111651,2.5489983484670611
1800,0.0065812500000000003,33.916277836951345,2.5489958787228995
1800,0.006584375,33.916602124741935,2.5489934032653165
1800,0.0065875000000000005,33.916926567485213,2.548990922082186
1800,0.0065906250000000001,33.917251165182954,2.5489884351613581
1800,0.0065937500000000007,33.917575917836956,2.5489859424906607
1800,0.0065968750000000003,33.917900825448989,2.5489834440578978
1800,0.0066,33.918225888020849,2.5489809398508516
1800,0.0066031250000000005,33.918551105554322,2.54897842985728
1800,0.0066062500000000001,33.918876478051196,2.5489759140649189
1800,0.0066093750000000007,33.919202005513249,2.5489733924614804
1800,0.0066125000000000003,33.919527687942278,2.5489708650346548
1800,0.006615625,33.919853525340081,2.5489683317721075
1800,0.0066187500000000005,33.920179517708455,2.5489657926614813
1800,0.0066218750000000002,33.920505665049205,2.5489632476903963
1800,0.0066250000000000007,33.92083196736413,2.5489606968464487
1800,0.0066281250000000003,33.921158424655026,2.548958140117211
1800,0.00663125,33.921485036923691,2.5489555774902342
1800,0.0066343750000000005,33.921811804171931,2.5489530089530437
1800,0.0066375000000000002,33.922138726401542,2.5489504344931437
1800,0.0066406250000000007,33.922465803614344,2.5489478540980133
1800,0.0066437500000000003,33.922793035812148,2.5489452677551085
1800,0.006646875,33.923120422996753,2.5489426754518623
1800,0.0066500000000000005,33.923447965169984,2.5489400771756827
1800,0.0066531250000000002,33.923775662333647,2.5489374729139556
1800,0.0066562500000000007,33.924103514489559,2.5489348626540425
1800,0.0066593750000000004,33.924431521639548,2.5489322463832815
1800,0.0066625,33.924759683785425,2.5489296240889865
1800,0.0066656250000000005,33.925088000929016,2.5489269957584484
1800,0.0066687500000000002,33.925416473072133,2.5489243613789339
1800,0.0066718750000000007,33.925745100216609,2.5489217209376864
1800,0.0066750000000000004,33.926073882364264,2.5489190744219239
1800,0.006678125,33.92640281951693,2.5489164218188423
1800,0.0066812500000000006,33.926731911676441,2.5489137631156122
1800,0.0066843750000000002,33.92706115884463,2.5489110982993823
1800,0.0066875000000000007,33.927390561023316,2.5489084273572744
1800,0.0066906250000000004,33.927720118214346,2.5489057502763881
1800,0.00669375,33.928049830419546,2.5489030670437991
1800,0.0066968750000000006,33.92837969764075,2.5489003776465573
1800,0.0067000000000000002,33.928709719879805,2.5488976820716895
1800,0.0067031250000000007,33.929039897138544,2.5488949803061991
1800,0.0067062500000000004,33.929370229418822,2.5488922723370644
1800,0.0067093750000000001,33.929700716722486,2.5488895581512394
1800,0.0067125000000000006,33.93003135905137,2.5488868377356542
1800,0.0067156250000000002,33.93036215640732,2.5488841110772134
1800,0.0067187499999999999,33.930693108792191,2.548881378162799
1800,0.0067218750000000004,33.931024216207824,2.5488786389792679
1800,0.0067250000000000001,33.931355478656094,2.5488758935134515
1800,0.0067281250000000006,33.931686896138842,2.5488731417521575
1800,0.0067312500000000003,33.932018468657922,2.5488703836821687
1800,0.0067343749999999999,33.932350196215197,2.5488676192902444
1800,0.0067375000000000004,33.932682078812533,2.5488648485631185
1800,0.0067406250000000001,33.933014116451787,2.5488620714875001
1800,0.0067437500000000006,33.933346309134812,2.5488592880500733
1800,0.0067468750000000003,33.933678656863485,2.5488564982374986
1800,0.0067499999999999999,33.93401115963966,2.5488537020364106
1800,0.0067531250000000004,33.934343817465212,2.5488508994334205
1800,0.0067562500000000001,33.934676630342011,2.5488480904151132
1800,0.0067593750000000006,33.935009598271925,2.5488452749680488
1800,0.0067625000000000003,33.935342721256823,2.5488424530787639
1800,0.0067656249999999999,33.935675999298589,2.5488396247337692
1800,0.0067687500000000005,33.936009432399104,2.5488367899195494
1800,0.0067718750000000001,33.936343020560237,2.5488339486225664
1800,0.0067750000000000006,33.936676763783865,2.5488311008292546
1800,0.0067781250000000003,33.937010662071877,2.5488282465260248
1800,0.00678125,33.937344715426157,2.5488253856992622
1800,0.0067843750000000005,33.93767892384858,2.5488225183353284
1800,0.0067875000000000001,33.93801328734105,2.5488196444205569
1800,0.0067906250000000007,33.938347805905437,2.5488167639412578
1800,0.0067937500000000003,33.938682479543644,2.548813876883715
1800,0.006796875,33.939017308257561,2.5488109832341879
1800,0.0068000000000000005,33.939352292049072,2.5488080829789097
1800,0.0068031250000000001,33.939687430920081,2.5488051761040889
1800,0.0068062500000000007,33.94002272487247,2.5488022625959079
1800,0.0068093750000000003,33.940358173908152,2.5487993424405246
1800,0.0068125,33.940693778029022,2.5487964156240697
1800,0.0068156250000000005,33.941029537236979,2.5487934821326497
1800,0.0068187500000000002,33.941365451533926,2.5487905419523447
1800,0.0068218750000000007,33.941701520921782,2.5487875950692112
1800,0.0068250000000000003,33.942037745402438,2.5487846414692767
1800,0.006828125,33.942374124977817,2.5487816811385455
1800,0.0068312500000000005,33.942710659649826,2.5487787140629949
1800,0.0068343750000000002,33.943047349420368,2.5487757402285771
1800,0.0068375000000000007,33.943384194291369,2.5487727596212171
1800,0.0068406250000000004,33.943721194264732,2.5487697722268154
1800,0.00684375,33.944058349342384,2.5487667780312462
1800,0.0068468750000000005,33.944395659526243,2.5487637770203579
1800,0.0068500000000000002,33.944733124818235,2.5487607691799727
1800,0.0068531250000000007,33.945070745220278,2.5487577544958864
1800,0.0068562500000000004,33.945408520734297,2.5487547329538689
1800,0.006859375,33.945746451362218,2.5487517045396642
1800,0.0068625000000000005,33.946084537105968,2.5487486692389898
1800,0.0068656250000000002,33.946422777967477,2.5487456270375373
1800,0.0068687500000000007,33.946761173948673,2.5487425779209723
1800,0.0068718750000000004,33.947099725051494,2.5487395218749334
1800,0.006875,33.947438431277874,2.5487364588850334
1800,0.0068781250000000006,33.947777292629752,2.5487333889368582
1800,0.0068812500000000002,33.948116309109061,2.5487303120159686
1800,0.0068843750000000007,33.94845548071774,2.5487272281078974
1800,0.0068875000000000004,33.94879480745773,2.5487241371981524
1800,0.006890625,33.949134289330971,2.5487210392722131
1800,0.0068937500000000006,33.949473926339408,2.5487179343155337
1800,0.0068968750000000002,33.94981371848499,2.5487148223135421
1800,0.0069000000000000008,33.950153665769669,2.5487117032516378
1800,0.0069031250000000004,33.950493768195393,2.5487085771151947
1800,0.0069062500000000001,33.950834025764117,2.5487054438895602
1800,0.0069093750000000006,33.951174438477793,2.5487023035600558
1800,0.0069125000000000002,33.951515006338383,2.5486991561119741
1800,0.0069156250000000008,33.951855729347841,2.548696001530582
1800,0.0069187500000000004,33.952196607508121,2.5486928398011193
1800,0.0069218750000000001,33.952537640821177,2.5486896709087992
1800,0.0069250000000000006,33.952878829288984,2.5486864948388073
1800,0.0069281250000000003,33.953220172913511,2.5486833115763017
1800,0.0069312499999999999,33.953561671696718,2.5486801211064156
1800,0.0069343750000000004,33.953903325640582,2.5486769234142539
1800,0.0069375000000000001,33.954245134747055,2.5486737184848938
1800,0.0069406250000000006,33.95458709901812,2.5486705063033863
1800,0.0069437500000000003,33.954929218455739,2.5486672868547542
1800,0.0069468749999999999,33.955271493061893,2.5486640601239943
1800,0.0069500000000000004,33.955613922838559,2.5486608260960746
1800,0.0069531250000000001,33.955956507787718,2.5486575847559365
1800,0.0069562500000000006,33.956299247911346,2.5486543360884943
1800,0.0069593750000000003,33.956642143211425,2.5486510800786339
1800,0.0069624999999999999,33.956985193689938,2.5486478167112159
1800,0.0069656250000000005,33.957328399348867,2.5486445459710709
1800,0.0069687500000000001,33.957671760190202,2.5486412678430046
1800,0.0069718750000000006,33.958015276215932,2.5486379823117922
1800,0.0069750000000000003,33.958358947428053,2.5486346893621832
1800,0.006978125,33.958702773828549,2.5486313889788992
1800,0.0069812500000000005,33.959046755419408,2.5486280811466329
1800,0.0069843750000000001,33.959390892202634,2.5486247658500507
1800,0.0069875000000000007,33.959735184180225,2.5486214430737912
1800,0.0069906250000000003,33.960079631354176,2.5486181128024641
1800,0.00699375,33.960424233726499,2.5486147750206518
1800,0.0069968750000000005,33.960768991299183,2.5486114297129077
1800,0.0070000000000000001,33.961113904074239,2.5486080768637591
1800,0.0070031250000000007,33.961458972053684,2.5486047164577048
1800,0.0070062500000000003,33.961804195239523,2.5486013484792149
1800,0.007009375,33.962149573633759,2.5485979729127308
1800,0.0070125000000000005,33.962495107238404,2.5485945897426676
1800,0.0070156250000000002,33.962840796055481,2.5485911989534125
1800,0.0070187500000000007,33.963186640087002,2.5485878005293223
1800,0.0070218750000000003,33.963532639334986,2.5485843944547266
1800,0.007025,33.963878793801442,2.5485809807139272
1800,0.0070281250000000005,33.964225103488381,2.5485775592911972
1800,0.0070312500000000002,33.964571568397851,2.5485741301707807
1800,0.0070343750000000007,33.964918188531861,2.5485706933368935
1800,0.0070375000000000004,33.965264963892444,2.5485672487737245
1800,0.007040625,33.965611894481626,2.5485637964654333
1800,0.0070437500000000005,33.965958980301437,2.5485603363961502
1800,0.0070468750000000002,33.966306221353904,2.5485568685499764
1800,0.0070500000000000007,33.966653617641064,2.548553392910986
1800,0.0070531250000000004,33.967001169164959,2.5485499094632242
1800,0.00705625,33.96734887592762,2.5485464181907078
1800,0.0070593750000000005,33.967696737931092,2.5485429190774229
1800,0.0070625000000000002,33.968044755177402,2.5485394121073295
1800,0.0070656250000000007,33.968392927668603,2.5485358972643568
1800,0.0070687500000000004,33.968741255406741,2.5485323745324053
1800,0.007071875,33.969089738393855,2.548528843895348
1800,0.0070750000000000006,33.969438376631992,2.5485253053370274
1800,0.0070781250000000002,33.969787170123197,2.548521758841257
1800,0.0070812500000000007,33.970136118869533,2.5485182043918231
1800,0.0070843750000000004,33.970485222873045,2.5485146419724809
1800,0.0070875,33.970834482135785,2.5485110715669581
1800,0.0070906250000000006,33.971183896659817,2.5485074931589513
1800,0.0070937500000000002,33.971533466447198,2.5485039067321296
1800,0.0070968750000000008,33.971883191499991,2.5485003122701322
1800,0.0071000000000000004,33.972233071820249,2.5484967097565692
1800,0.0071031250000000001,33.972583107410045,2.5484930991750212
1800,0.0071062500000000006,33.972933298271435,2.5484894805090388
1800,0.0071093750000000002,33.9732836444065,2.548485853742144
1800,0.0071125000000000008,33.973634145817293,2.5484822188578291
1800,0.0071156250000000004,33.973984802505896,2.5484785758395567
1800,0.0071187500000000001,33.974335614474384,2.5484749246707596
1800,0.0071218750000000006,33.974686581724825,2.5484712653348418
1800,0.0071250000000000003,33.9750377042593,2.548467597815177
1800,0.0071281249999999999,33.975388982079885,2.54846392209511
1800,0.0071312500000000004,33.975740415188653,2.5484602381579551
1800,0.0071343750000000001,33.976092003587695,2.5484565459869968
1800,0.0071375000000000006,33.976443747279092,2.5484528455654902
1800,0.0071406250000000003,33.976795646264932,2.5484491368766604
1800,0.0071437499999999999,33.977147700547299,2.5484454199037021
1800,0.0071468750000000004,33.97749991012828,2.5484416946297812
1800,0.0071500000000000001,33.977852275009973,2.548437961038033
1800,0.0071531250000000006,33.978204795194465,2.5484342191115621
1800,0.0071562500000000003,33.978557470683853,2.5484304688334443
1800,0.0071593749999999999,33.978910301480234,2.5484267101867246
1800,0.0071625000000000005,33.979263287585702,2.5484229431544172
1800,0.0071656250000000001,33.979616429002355,2.5484191677195072
1800,0.0071687500000000006,33.979969725732303,2.548415383864949
1800,0.0071718750000000003,33.980323177777642,2.5484115915736667
1800,0.007175,33.980676785140489,2.5484077908285538
1800,0.0071781250000000005,33.981030547822932,2.5484039816124744
1800,0.0071812500000000001,33.981384465827098,2.5484001639082607
1800,0.0071843750000000007,33.981738539155096,2.548396337698716
1800,0.0071875000000000003,33.982092767809036,2.5483925029666121
1800,0.007190625,33.982447151791042,2.5483886596946901
1800,0.0071937500000000005,33.982801691103212,2.548384807865661
1800,0.0071968750000000001,33.983156385747677,2.548380947462205
1800,0.0072000000000000007,33.983511235726553,2.5483770784669719
1800,0.0072031250000000003,33.983866241041966,2.5483732008625797
1800,0.00720625,33.98422140169604,2.5483693146316169
1800,0.0072093750000000005,33.984576717690899,2.5483654197566397
1800,0.0072125000000000002,33.984932189028669,2.5483615162201749
1800,0.0072156250000000007,33.985287815711473,2.5483576040047184
1800,0.0072187500000000003,33.985643597741444,2.5483536830927345
1800,0.007221875,33.985999535120712,2.5483497534666566
1800,0.0072250000000000005,33.986355627851417,2.5483458151088869
1800,0.0072281250000000002,33.986711875935697,2.5483418680017969
1800,0.0072312500000000007,33.987068279375684,2.5483379121277259
1800,0.0072343750000000004,33.987424838173531,2.5483339474689837
1800,0.0072375,33.987781552331377,2.5483299740078476
1800,0.0072406250000000005,33.98813842185136,2.5483259917265646
1800,0.0072437500000000002,33.988495446735634,2.5483220006073504
1800,0.0072468750000000007,33.988852626986336,2.548318000632388
1800,0.0072500000000000004,33.989209962605614,2.54831399178383
1800,0.007253125,33.989567453595626,2.5483099740437973
1800,0.0072562500000000005,33.989925099958526,2.548305947394379
1800,0.0072593750000000002,33.99028290169646,2.5483019118176333
1800,0.0072625000000000007,33.990640858811595,2.5482978672955872
1800,0.0072656250000000004,33.990998971306091,2.5482938138102353
1800,0.00726875,33.991357239182108,2.5482897513435403
1800,0.0072718750000000006,33.991715662441806,2.5482856798774338
1800,0.0072750000000000002,33.992074241087344,2.5482815993938157
1800,0.0072781250000000007,33.992432975120899,2.5482775098745534
1800,0.0072812500000000004,33.992791864544628,2.5482734113014827
1800,0.0072843750000000001,33.993150909360708,2.5482693036564088
1800,0.0072875000000000006,33.993510109571311,2.5482651869211033
1800,0.0072906250000000002,33.993869465178605,2.5482610610773064
1800,0.0072937500000000008,33.994228976184765,2.5482569261067258
1800,0.0072968750000000004,33.994588642591971,2.5482527819910379
1800,0.0073000000000000001,33.994948464402412,2.5482486287118866
1800,0.0073031250000000006,33.995308441618263,2.5482444662508836
1800,0.0073062500000000002,33.995668574241712,2.548240294589609
1800,0.0073093750000000008,33.996028862274933,2.5482361137096095
1800,0.0073125000000000004,33.996389305720115,2.5482319235923994
1800,0.0073156250000000001,33.996749904579453,2.5482277242194624
1800,0.0073187500000000006,33.997110658855128,2.5482235155722495
1800,0.0073218750000000003,33.997471568549344,2.5482192976321776
1800,0.0073250000000000008,33.997832633664274,2.548215070380631
1800,0.0073281250000000004,33.998193854202135,2.5482108337989637
1800,0.0073312500000000001,33.998555230165117,2.5482065878684956
1800,0.0073343750000000006,33.998916761555421,2.5482023325705145
1800,0.0073375000000000003,33.999278448375243,2.5481980678862755
1800,0.0073406249999999999,33.9996402906268,2.5481937937970001
1800,0.0073437500000000005,34.000002288312295,2.5481895102838785
1800,0.0073468750000000001,34.000364441433931,2.5481852173280677
1800,0.0073500000000000006,34.000726749993916,2.5481809149106907
1800,0.0073531250000000003,34.001089213994454,2.5481766030128394
1800,0.0073562499999999999,34.00145183343777,2.5481722816155714
1800,0.0073593750000000005,34.001814608326072,2.5481679506999111
1800,0.0073625000000000001,34.002177538661584,2.5481636102468506
1800,0.0073656250000000006,34.002540624446517,2.5481592602373482
1800,0.0073687500000000003,34.002903865683102,2.5481549006523307
1800,0.007371875,34.003267262373548,2.5481505314726904
1800,0.0073750000000000005,34.003630814520079,2.5481461526792866
1800,0.0073781250000000001,34.003994522124927,2.548141764252946
1800,0.0073812500000000007,34.004358385190315,2.5481373661744611
1800,0.0073843750000000003,34.004722403718482,2.5481329584245911
1800,0.0073875,34.005086577711658,2.5481285409840617
1800,0.0073906250000000005,34.005450907172083,2.5481241138335653
1800,0.0073937500000000001,34.005815392101979,2.5481196769537617
1800,0.0073968750000000007,34.006180032503586,2.5481152303252768
1800,0.0074000000000000003,34.006544828379148,2.5481107739287014
1800,0.007403125,34.006909779730904,2.548106307744594
1800,0.0074062500000000005,34.007274886561092,2.5481018317534789
1800,0.0074093750000000002,34.007640148871964,2.5480973459358474
1800,0.0074125000000000007,34.008005566665759,2.5480928502721563
1800,0.0074156250000000003,34.008371139944728,2.5480883447428284
1800,0.00741875,34.008736868711125,2.5480838293282542
1800,0.0074218750000000005,34.009102752967202,2.5480793040087892
1800,0.0074250000000000002,34.009468792715218,2.5480747687647542
1800,0.0074281250000000007,34.009834987957419,2.5480702235764374
1800,0.0074312500000000004,34.010201338696064,2.5480656684240919
1800,0.007434375,34.010567844933412,2.5480611032879366
1800,0.0074375000000000005,34.010934506671738,2.5480565281481571
1800,0.0074406250000000002,34.011301323913308,2.5480519429849044
1800,0.0074437500000000007,34.011668296660389,2.5480473477782954
1800,0.0074468750000000004,34.01203542491524,2.5480427425084127
1800,0.00745,34.012402708680121,2.5480381271553036
1800,0.0074531250000000005,34.012770147957319,2.5480335016989826
1800,0.0074562500000000002,34.013137742749102,2.5480288661194286
1800,0.0074593750000000007,34.013505493057743,2.5480242203965866
1800,0.0074625000000000004,34.013873398885522,2.5480195645103669
1800,0.007465625,34.014241460234707,2.5480148984406448
1800,0.0074687500000000006,34.0146096771076,2.5480102221672611
1800,0.0074718750000000002,34.014978049506475,2.548005535670022
1800,0.0074750000000000007,34.015346577433618,2.548000838928699
1800,0.0074781250000000004,34.015715260891305,2.5479961319230293
1800,0.0074812500000000001,34.01608409988183,2.5479914146327145
1800,0.0074843750000000006,34.016453094407488,2.5479866870374224
1800,0.0074875000000000002,34.016822244470568,2.5479819491167852
1800,0.0074906250000000008,34.017191550073363,2.5479772008504002
1800,0.0074937500000000004,34.017561011218177,2.5479724422178296
1800,0.0074968750000000001,34.017930627907312,2.5479676731986012
1800,0.0075000000000000006,34.018300400143062,2.5479628937722065
1800,0.0075031250000000002,34.01867032792773,2.547958103918103
1800,0.0075062500000000008,34.019040411263624,2.5479533036157118
1800,0.0075093750000000004,34.019410650153056,2.5479484928444198
1800,0.0075125000000000001,34.019781044598325,2.5479436715835782
1800,0.0075156250000000006,34.020151594601742,2.5479388398125029
1800,0.0075187500000000003,34.020522300165631,2.5479339975104742
1800,0.0075218750000000008,34.020893161292292,2.5479291446567371
1800,0.0075250000000000004,34.021264177984044,2.5479242812305016
1800,0.0075281250000000001,34.021635350243201,2.5479194072109421
1800,0.0075312500000000006,34.022006678072088,2.5479145225771966
1800,0.0075343750000000003,34.022378161473021,2.5479096273083681
1800,0.0075374999999999999,34.022749800448317,2.5479047213835235
1800,0.0075406250000000005,34.023121595000312,2.5478998047816943
1800,0.0075437500000000001,34.023493545131323,2.5478948774818755
1800,0.0075468750000000006,34.023865650843682,2.5478899394630274
1800,0.0075500000000000003,34.024237912139732,2.5478849907040741
1800,0.0075531249999999999,34.02461032902179,2.5478800311839036
1800,0.0075562500000000005,34.024982901492201,2.5478750608813678
1800,0.0075593750000000001,34.025355629553303,2.5478700797752825
1800,0.0075625000000000006,34.025728513207433,2.5478650878444271
1800,0.0075656250000000003,34.026101552456929,2.5478600850675468
1800,0.00756875,34.026474747304142,2.5478550714233483
1800,0.0075718750000000005,34.026848097751405,2.5478500468905039
1800,0.0075750000000000001,34.027221603801074,2.5478450114476487
1800,0.0075781250000000007,34.027595265455503,2.5478399650733805
1800,0.0075812500000000003,34.027969082717021,2.5478349077462625
1800,0.007584375,34.028343055588003,2.5478298394448204
1800,0.0075875000000000005,34.028717184070793,2.5478247601475448
1800,0.0075906250000000001,34.029091468167749,2.5478196698328879
1800,0.0075937500000000007,34.029465907881224,2.547814568479267
1800,0.0075968750000000003,34.029840503213592,2.5478094560650617
1800,0.0076,34.030215254167203,2.547804332568615
1800,0.0076031250000000005,34.030590160744424,2.5477991979682337
1800,0.0076062500000000002,34.030965222947628,2.5477940522421871
1800,0.0076093750000000007,34.031340440779182,2.5477888953687087
1800,0.0076125000000000003,34.031715814241451,2.5477837273259949
1800,0.007615625,34.032091343336802,2.5477785480922046
1800,0.0076187500000000005,34.032467028067622,2.5477733576454598
1800,0.0076218750000000002,34.032842868436276,2.5477681559638463
1800,0.0076250000000000007,34.033218864445153,2.547762943025413
1800,0.0076281250000000004,34.033595016096633,2.5477577188081701
1800,0.00763125,34.033971323393096,2.5477524832900915
1800,0.0076343750000000005,34.034347786336916,2.5477472364491143
1800,0.0076375000000000002,34.034724404930486,2.5477419782631388
1800,0.0076406250000000007,34.035101179176195,2.5477367087100267
1800,0.0076437500000000004,34.035478109076422,2.5477314277676024
1800,0.007646875,34.035855194633569,2.5477261354136544
1800,0.0076500000000000005,34.036232435850032,2.5477208316259321
1800,0.0076531250000000002,34.036609832728203,2.5477155163821483
1800,0.0076562500000000007,34.036987385270471,2.5477101896599783
1800,0.0076593750000000004,34.037365093479245,2.5477048514370595
1800,0.0076625,34.037742957356919,2.5476995016909911
1800,0.0076656250000000006,34.038120976905908,2.5476941403993356
1800,0.0076687500000000002,34.038499152128601,2.5476887675396171
1800,0.0076718750000000007,34.03887748302742,2.5476833830893231
1800,0.0076750000000000004,34.039255969604767,2.5476779870259016
1800,0.0076781250000000001,34.039634611863058,2.5476725793267643
1800,0.0076812500000000006,34.0400134098047,2.5476671599692837
1800,0.0076843750000000002,34.040392363432112,2.5476617289307941
1800,0.0076875000000000008,34.040771472747714,2.5476562861885932
1800,0.0076906250000000004,34.041150737753917,2.5476508317199387
1800,0.0076937500000000001,34.041530158453142,2.5476453655020523
1800,0.0076968750000000006,34.04190973484782,2.5476398875121151
1800,0.0077000000000000002,34.042289466940382,2.547634397727272
1800,0.0077031250000000008,34.042669354733249,2.5476288961246287
1800,0.0077062500000000004,34.043049398228845,2.5476233826812531
1800,0.0077093750000000001,34.043429597429615,2.5476178573741737
1800,0.0077125000000000006,34.04380995233798,2.5476123201803813
1800,0.0077156250000000003,34.044190462956379,2.5476067710768282
1800,0.0077187500000000008,34.044571129287256,2.5476012100404279
1800,0.0077218750000000004,34.04495195133304,2.5475956370480564
1800,0.0077250000000000001,34.045332929096183,2.5475900520765484
1800,0.0077281250000000006,34.045714062579123,2.5475844551027023
1800,0.0077312500000000003,34.046095351784302,2.5475788461032773
1800,0.0077343750000000008,34.046476796714167,2.5475732250549932
1800,0.0077375000000000005,34.046858397371167,2.547567591934532
1800,0.0077406250000000001,34.047240153757748,2.5475619467185351
1800,0.0077437500000000006,34.047622065876368,2.5475562893836066
1800,0.0077468750000000003,34.048004133729478,2.54755061990631
1800,0.0077499999999999999,34.048386357319544,2.547544938263171
1800,0.0077531250000000005,34.048768736649016,2.5475392444306766
1800,0.0077562500000000001,34.049151271720355,2.5475335383852729
1800,0.0077593750000000006,34.049533962536032,2.5475278201033689
1800,0.0077625000000000003,34.049916809098505,2.547522089561332
1800,0.007765625,34.050299811410248,2.5475163467354927
1800,0.0077687500000000005,34.050682969473719,2.5475105916021401
1800,0.0077718750000000001,34.051066283291391,2.5475048241375249
1800,0.0077750000000000007,34.051449752865736,2.547499044317858
1800,0.0077781250000000003,34.051833378199234,2.547493252119311
1800,0.00778125,34.052217159294372,2.5474874475180158
1800,0.0077843750000000005,34.052601096153609,2.5474816304900649
1800,0.0077875000000000002,34.052985188779424,2.5474758010115113
1800,0.0077906250000000007,34.053369437174318,2.5474699590583674
1800,0.0077937500000000003,34.053753841340765,2.5474641046066062
1800,0.007796875,34.054138401281257,2.5474582376321608
1800,0.0078000000000000005,34.054523116998276,2.5474523581109252
1800,0.0078031250000000002,34.054907988494328,2.5474464660187537
1800,0.0078062500000000007,34.055293015771888,2.5474405613314586
1800,0.0078093750000000003,34.055678198833455,2.5474346440248139
1800,0.0078125,34.056063537681531,2.5474287140745528
1800,0.0078156249999999997,34.056449032318618,2.5474227714563691
1800,0.007818750000000001,34.056834682747208,2.5474168161459154
1800,0.0078218750000000007,34.057220488969811,2.547410848118806
1800,0.0078250000000000004,34.057606450988928,2.5474048673506133
1800,0.007828125,34.057992568807073,2.5473988738168689
1800,0.0078312499999999997,34.058378842426755,2.5473928674930644
1800,0.0078343750000000011,34.058765271850476,2.5473868483546509
1800,0.0078375000000000007,34.059151857080749,2.5473808163770406
1800,0.0078406250000000004,34.059538598120092,2.5473747715356039
1800,0.00784375,34.059925494971026,2.5473687138056693
1800,0.0078468749999999997,34.060312547636066,2.5473626431625269
1800,0.0078500000000000011,34.060699756117735,2.5473565595814249
1800,0.0078531250000000007,34.061087120418556,2.5473504630375716
1800,0.0078562500000000004,34.06147464054105,2.5473443535061331
1800,0.007859375,34.061862316487748,2.5473382309622354
1800,0.0078624999999999997,34.062250148261178,2.5473320953809648
1800,0.0078656250000000011,34.062638135863878,2.5473259467373643
1800,0.0078687500000000007,34.063026279298377,2.547319785006438
1800,0.0078718750000000004,34.063414578567212,2.5473136101631479
1800,0.0078750000000000001,34.063803033672926,2.5473074221824139
1800,0.0078781249999999997,34.064191644618049,2.5473012210391168
1800,0.0078812500000000011,34.06458041140511,2.5472950067080946
1800,0.0078843750000000008,34.064969334036675,2.5472887791641443
1800,0.0078875000000000004,34.065358412515288,2.5472825383820226
1800,0.0078906250000000001,34.065747646843491,2.5472762843364438
1800,0.0078937499999999997,34.066137037023836,2.5472700170020812
1800,0.0078968750000000011,34.066526583058874,2.5472637363535666
1800,0.0079000000000000008,34.066916284951155,2.5472574423654901
1800,0.0079031250000000004,34.067306142703238,2.5472511350123996
1800,0.0079062500000000001,34.06769615631768,2.5472448142688013
1800,0.0079093749999999997,34.068086325797047,2.5472384801091614
1800,0.0079125000000000011,34.068476651143889,2.547232132507903
1800,0.0079156250000000008,34.068867132360772,2.5472257714394084
1800,0.0079187500000000004,34.069257769450267,2.5472193968780168
1800,0.0079218750000000001,34.06964856241494,2.547213008798026
1800,0.0079249999999999998,34.070039511257356,2.5472066071736927
1800,0.0079281250000000011,34.070430615980094,2.54720019197923
1800,0.0079312500000000008,34.070821876585718,2.5471937631888095
1800,0.0079343750000000005,34.071213293076809,2.5471873207765614
1800,0.0079375000000000001,34.071604865455946,2.5471808647165735
1800,0.0079406249999999998,34.071996593725707,2.54717439498289
1800,0.0079437500000000012,34.07238847788868,2.5471679115495145
1800,0.0079468750000000008,34.07278051794745,2.5471614143904073
1800,0.0079500000000000005,34.073172713904597,2.5471549034794876
1800,0.0079531250000000001,34.073565065762722,2.5471483787906308
1800,0.0079562499999999998,34.07395757352441,2.5471418402976709
1800,0.0079593750000000012,34.074350237192242,2.5471352879743985
1800,0.0079625000000000008,34.074743056768824,2.5471287217945617
1800,0.0079656250000000005,34.075136032256758,2.5471221417318652
1800,0.0079687500000000001,34.075529163658629,2.5471155477599732
1800,0.0079718749999999998,34.075922450977039,2.5471089398525057
1800,0.0079750000000000012,34.076315894214595,2.5471023179830397
1800,0.0079781250000000008,34.076709493373897,2.5470956821251098
1800,0.0079812500000000005,34.077103248457561,2.5470890322522073
1800,0.0079843750000000002,34.077497159468187,2.5470823683377808
1800,0.0079874999999999998,34.077891226408383,2.5470756903552352
1800,0.0079906250000000012,34.07828544928077,2.547068998277934
1800,0.0079937500000000009,34.078679828087957,2.5470622920791959
1800,0.0079968750000000005,34.079074362832557,2.5470555717322969
1800,0.0080000000000000002,34.079469053517201,2.5470488372104696
1800,0.0080031249999999998,34.079863900144503,2.5470420884869047
1800,0.0080062500000000012,34.080258902717091,2.5470353255347478
1800,0.0080093750000000009,34.080654061237581,2.5470285483271016
1800,0.0080125000000000005,34.081049375708609,2.5470217568370255
1800,0.0080156250000000002,34.081444846132797,2.5470149510375357
1800,0.0080187499999999998,34.081840472512773,2.5470081309016046
1800,0.0080218750000000012,34.082236254851182,2.5470012964021604
1800,0.0080250000000000009,34.082632193150658,2.5469944475120894
1800,0.0080281250000000005,34.083028287413832,2.5469875842042322
1800,0.0080312500000000002,34.083424537643346,2.5469807064513867
1800,0.0080343749999999999,34.083820943841843,2.5469738142263054
1800,0.0080375000000000012,34.08421750601196,2.546966907501699
1800,0.0080406250000000009,34.084614224156354,2.5469599862502332
1800,0.0080437500000000006,34.085011098277668,2.5469530504445306
1800,0.0080468750000000002,34.085408128378553,2.546946100057168
1800,0.0080499999999999999,34.085805314461659,2.5469391350606805
1800,0.0080531249999999995,34.086202656529636,2.5469321554275557
1800,0.0080562500000000009,34.086600154585149,2.546925161130241
1800,0.0080593750000000006,34.086997808630855,2.5469181521411364
1800,0.0080625000000000002,34.087395618669404,2.5469111284325994
1800,0.0080656249999999999,34.087793584703469,2.546904089976942
1800,0.0080687499999999995,34.088191706735714,2.5468970367464321
1800,0.0080718750000000009,34.088589984768802,2.5468899687132938
1800,0.0080750000000000006,34.0889884188054,2.5468828858497057
1800,0.0080781250000000002,34.089387008848185,2.5468757881278012
1800,0.0080812499999999999,34.089785754899829,2.5468686755196712
1800,0.0080843749999999995,34.090184656963011,2.5468615479973606
1800,0.0080875000000000009,34.090583715040403,2.5468544055328701
1800,0.0080906250000000006,34.090982929134675,2.5468472480981541
1800,0.0080937500000000002,34.091382299248515,2.5468400756651239
1800,0.0080968749999999999,34.091781825384608,2.5468328882056452
1800,0.0080999999999999996,34.092181507545639,2.5468256856915392
1800,0.008103125000000001,34.092581345734288,2.5468184680945813
1800,0.0081062500000000006,34.092981339953248,2.5468112353865018
1800,0.0081093750000000003,34.093381490205211,2.5468039875389863
1800,0.0081124999999999999,34.09378179649287,2.5467967245236758
1800,0.0081156249999999996,34.094182258818925,2.5467894463121645
1800,0.008118750000000001,34.094582877186077,2.5467821528760024
1800,0.0081218750000000006,34.094983651597033,2.5467748441866931
1800,0.0081250000000000003,34.095384582054486,2.5467675202156972
1800,0.0081281249999999999,34.095785668561135,2.5467601809344274
1800,0.0081312499999999996,34.096186911119688,2.5467528263142518
1800,0.008134375000000001,34.096588309732866,2.5467454563264931
1800,0.0081375000000000006,34.096989864403369,2.5467380709424283
1800,0.0081406250000000003,34.097391575133905,2.5467306701332881
1800,0.0081437499999999999,34.097793441927195,2.5467232538702587
1800,0.0081468749999999996,34.098195464785952,2.5467158221244786
1800,0.008150000000000001,34.098597643712885,2.5467083748670416
1800,0.0081531250000000006,34.098999978710729,2.5467009120689967
1800,0.0081562500000000003,34.099402469782206,2.5466934337013449
1800,0.008159375,34.099805116930042,2.5466859397350419
1800,0.0081624999999999996,34.100207920156961,2.5466784301409975
1800,0.008165625000000001,34.100610879465684,2.5466709048900755
1800,0.0081687500000000007,34.101013994858953,2.5466633639530936
1800,0.0081718750000000003,34.10141726633951,2.546655807300823
1800,0.008175,34.101820693910078,2.5466482349039881
1800,0.0081781249999999996,34.102224277573399,2.5466406467332683
1800,0.008181250000000001,34.102628017332208,2.5466330427592956
1800,0.0081843750000000007,34.103031913189255,2.5466254229526557
1800,0.0081875000000000003,34.103435965147284,2.5466177872838882
1800,0.008190625,34.103840173209036,2.5466101357234852
1800,0.0081937499999999996,34.104244537377255,2.5466024682418928
1800,0.008196875000000001,34.104649057654697,2.5465947848095105
1800,0.0082000000000000007,34.105053734044105,2.5465870853966912
1800,0.0082031250000000003,34.105458566548243,2.5465793699737405
1800,0.00820625,34.105863555169869,2.5465716385109172
1800,0.0082093749999999997,34.106268699911737,2.5465638909784336
1800,0.008212500000000001,34.106674000776614,2.5465561273464554
1800,0.0082156250000000007,34.107079457767256,2.5465483475850998
1800,0.0082187500000000004,34.107485070886433,2.5465405516644379
1800,0.008221875,34.107890840136911,2.5465327395544937
1800,0.0082249999999999997,34.108296765521452,2.5465249112252448
1800,0.0082281250000000011,34.108702847042835,2.5465170666466204
1800,0.0082312500000000007,34.109109084703832,2.5465092057885017
1800,0.0082343750000000004,34.109515478507205,2.5465013286207241
1800,0.0082375,34.109922028455749,2.5464934351130752
1800,0.0082406249999999997,34.110328734552233,2.5464855252352958
1800,0.0082437500000000011,34.110735596799437,2.546477598957078
1800,0.0082468750000000007,34.111142615200158,2.5464696562480666
1800,0.0082500000000000004,34.111549789757177,2.5464616970778584
1800,0.008253125,34.111957120473285,2.5464537214160026
1800,0.0082562499999999997,34.112364607351275,2.5464457292320013
1800,0.0082593750000000011,34.112772250393931,2.5464377204953093
1800,0.0082625000000000007,34.113180049604061,2.5464296951753322
1800,0.0082656250000000004,34.11358800498445,2.5464216532414286
1800,0.0082687500000000001,34.113996116537898,2.5464135946629081
1800,0.0082718749999999997,34.114404384267218,2.5464055194090336
1800,0.0082750000000000011,34.114812808175209,2.5463974274490195
1800,0.0082781250000000008,34.115221388264679,2.5463893187520314
1800,0.0082812500000000004,34.115630124538413,2.5463811932871887
1800,0.0082843750000000001,34.116039016999238,2.54637305102356
1800,0.0082874999999999997,34.116448065649955,2.5463648919301667
1800,0.0082906250000000011,34.116857270493384,2.5463567159759815
1800,0.0082937500000000008,34.117266631532338,2.5463485231299292
1800,0.0082968750000000004,34.117676148769647,2.5463403133608864
1800,0.0083000000000000001,34.11808582220813,2.5463320866376806
1800,0.0083031249999999997,34.118495651850608,2.5463238429290898
1800,0.0083062500000000011,34.118905637699889,2.546315582203845
1800,0.0083093750000000008,34.119315779758807,2.5463073044306288
1800,0.0083125000000000004,34.11972607803019,2.5462990095780724
1800,0.0083156250000000001,34.120136532516881,2.5462906976147619
1800,0.0083187499999999998,34.1205471432217,2.5462823685092313
1800,0.0083218750000000011,34.120957910147482,2.5462740222299667
1800,0.0083250000000000008,34.121368833297076,2.5462656587454058
1800,0.0083281250000000005,34.121779912673311,2.5462572780239365
1800,0.0083312500000000001,34.122191148279036,2.5462488800338985
1800,0.0083343749999999998,34.122602540117093,2.5462404647435823
1800,0.0083375000000000012,34.123014088190324,2.5462320321212277
1800,0.0083406250000000008,34.123425792501571,2.5462235821350268
1800,0.0083437500000000005,34.123837653053691,2.5462151147531218
1800,0.0083468750000000001,34.12424966984954,2.5462066299436055
1800,0.0083499999999999998,34.124661842891967,2.5461981276745207
1800,0.0083531250000000012,34.125074172183822,2.546189607913862
1800,0.0083562500000000008,34.125486657727969,2.546181070629574
1800,0.0083593750000000005,34.125899299527269,2.5461725157895505
1800,0.0083625000000000001,34.126312097584588,2.5461639433616381
1800,0.0083656249999999998,34.126725051902788,2.5461553533136314
1800,0.0083687500000000012,34.127138162484741,2.5461467456132758
1800,0.0083718750000000008,34.127551429333309,2.5461381202282669
1800,0.0083750000000000005,34.127964852451377,2.5461294771262515
1800,0.0083781250000000002,34.128378431841803,2.5461208162748257
1800,0.0083812499999999998,34.12879216750747,2.5461121376415341
1800,0.0083843750000000012,34.129206059451256,2.546103441193873
1800,0.0083875000000000009,34.129620107676047,2.546094726899288
1800,0.0083906250000000005,34.130034312184719,2.5460859947251748
1800,0.0083937500000000002,34.130448672980158,2.5460772446388793
1800,0.0083968749999999998,34.130863190065256,2.546068476607696
1800,0.0084000000000000012,34.131277863442897,2.5460596905988697
1800,0.0084031250000000009,34.131692693115973,2.5460508865795957
1800,0.0084062500000000005,34.132107679087369,2.546042064517017
1800,0.0084093750000000002,34.132522821359984,2.5460332243782262
1800,0.0084124999999999998,34.132938119936718,2.5460243661302671
1800,0.0084156250000000012,34.133353574820475,2.5460154897401313
1800,0.0084187500000000009,34.133769186014156,2.5460065951747604
1800,0.0084218750000000005,34.134184953520659,2.5459976824010453
1800,0.0084250000000000002,34.134600877342898,2.5459887513858259
1800,0.0084281249999999999,34.135016957483778,2.5459798020958906
1800,0.0084312500000000012,34.135433193946206,2.5459708344979775
1800,0.0084343750000000009,34.135849586733102,2.5459618485587732
1800,0.0084375000000000006,34.136266135847372,2.5459528442449146
1800,0.0084406250000000002,34.136682841291936,2.5459438215229868
1800,0.0084437499999999999,34.137099703069708,2.5459347803595231
1800,0.0084468750000000013,34.137516721183616,2.5459257207210064
1800,0.0084500000000000009,34.137933895636579,2.545916642573868
1800,0.0084531250000000006,34.138351226431531,2.5459075458844875
1800,0.0084562500000000002,34.138768713571395,2.5458984306191943
1800,0.0084593749999999999,34.139186357059089,2.5458892967442646
1800,0.0084625000000000013,34.139604156897562,2.5458801442259249
1800,0.0084656250000000009,34.140022113089735,2.545870973030349
1800,0.0084687500000000006,34.14044022563855,2.5458617831236596
1800,0.0084718750000000002,34.140858494546954,2.5458525744719274
1800,0.0084749999999999999,34.141276919817876,2.545843347041171
1800,0.0084781249999999996,34.141695501454258,2.5458341007973577
1800,0.0084812500000000009,34.142114239459055,2.5458248357064033
1800,0.0084843750000000006,34.142533133835194,2.5458155517341705
1800,0.0084875000000000003,34.142952184585646,2.5458062488464726
1800,0.0084906249999999999,34.143371391713352,2.5457969270090683
1800,0.0084937499999999996,34.143790755221275,2.5457875861876649
1800,0.008496875000000001,34.144210275112357,2.5457782263479185
1800,0.0085000000000000006,34.144629951389568,2.5457688474554314
1800,0.0085031250000000003,34.145049784055857,2.5457594494757552
1800,0.0085062499999999999,34.145469773114193,2.545750032374388
1800,0.0085093749999999996,34.145889918567548,2.5457405961167763
1800,0.008512500000000001,34.146310220418876,2.5457311406683134
1800,0.0085156250000000006,34.146730678671148,2.5457216659943414
1800,0.0085187500000000003,34.147151293327333,2.5457121720601488
1800,0.0085218749999999999,34.147572064390417,2.5457026588309719
1800,0.0085249999999999996,34.147992991863362,2.5456931262719937
1800,0.008528125000000001,34.148414075749152,2.5456835743483457
1800,0.0085312500000000006,34.148835316050764,2.5456740030251055
1800,0.0085343750000000003,34.149256712771184,2.5456644122672989
1800,0.0085375,34.149678265913394,2.5456548020398975
1800,0.0085406249999999996,34.150099975480373,2.5456451723078208
1800,0.008543750000000001,34.150521841475118,2.5456355230359353
1800,0.0085468750000000007,34.150943863900608,2.5456258541890535
1800,0.0085500000000000003,34.15136604275984,2.5456161657319365
1800,0.008553125,34.151788378055819,2.5456064576292912
1800,0.0085562499999999996,34.152210869791531,2.5455967298457711
1800,0.008559375000000001,34.152633517969981,2.5455869823459771
1800,0.0085625000000000007,34.153056322594175,2.5455772150944553
1800,0.0085656250000000003,34.15347928366711,2.5455674280557004
1800,0.00856875,34.153902401191793,2.5455576211941522
1800,0.0085718749999999996,34.154325675171236,2.5455477944741962
1800,0.008575000000000001,34.154749105608445,2.5455379478601672
1800,0.0085781250000000007,34.155172692506433,2.5455280813163439
1800,0.0085812500000000003,34.155596435868212,2.5455181948069523
1800,0.008584375,34.156020335696809,2.5455082882961642
1800,0.0085874999999999996,34.156444391995237,2.5454983617480975
1800,0.008590625000000001,34.156868604766522,2.5454884151268162
1800,0.0085937500000000007,34.157292974013686,2.5454784483963313
1800,0.0085968750000000003,34.157717499739746,2.5454684615205987
1800,0.0086,34.158142181947738,2.5454584544635206
1800,0.0086031249999999997,34.158567020640682,2.5454484271889446
1800,0.0086062500000000011,34.15899201582161,2.5454383796606654
1800,0.0086093750000000007,34.159417167493572,2.5454283118424224
1800,0.0086125000000000004,34.159842475659602,2.5454182236979013
1800,0.008615625,34.160267940322726,2.5454081151907326
1800,0.0086187499999999997,34.160693561485999,2.545397986284494
1800,0.0086218750000000011,34.161119339152464,2.5453878369427061
1800,0.0086250000000000007,34.16154527332516,2.5453776671288373
1800,0.0086281250000000004,34.16197136400713,2.5453674768063013
1800,0.00863125,34.162397611201428,2.5453572659384549
1800,0.0086343749999999997,34.162824014911109,2.5453470344886031
1800,0.0086375000000000011,34.16325057513923,2.5453367824199944
1800,0.0086406250000000007,34.163677291888845,2.5453265096958222
1800,0.0086437500000000004,34.164104165163003,2.5453162162792258
1800,0.008646875,34.164531194964773,2.5453059021332902
1800,0.0086499999999999997,34.164958381297218,2.5452955672210447
1800,0.0086531250000000011,34.1653857241634,2.5452852115054627
1800,0.0086562500000000007,34.165813223566389,2.5452748349494643
1800,0.0086593750000000004,34.166240879509253,2.5452644375159132
1800,0.0086625000000000001,34.166668691995064,2.5452540191676185
1800,0.0086656249999999997,34.167096661026896,2.5452435798673325
1800,0.0086687500000000011,34.167524786607821,2.5452331195777531
1800,0.0086718750000000008,34.167953068740928,2.5452226382615235
1800,0.0086750000000000004,34.168381507429295,2.5452121358812305
1800,0.0086781250000000001,34.168810102675991,2.5452016123994055
1800,0.0086812499999999997,34.169238854484114,2.5451910677785254
1800,0.0086843750000000011,34.169667762856754,2.5451805019810099
1800,0.0086875000000000008,34.170096827796989,2.5451699149692235
1800,0.0086906250000000004,34.170526049307917,2.5451593067054761
1800,0.0086937500000000001,34.170955427392634,2.54514867715202
1800,0.0086968749999999997,34.171384962054233,2.5451380262710521
1800,0.0087000000000000011,34.171814653295812,2.5451273540247144
1800,0.0087031250000000008,34.172244501120474,2.5451166603750912
1800,0.0087062500000000004,34.172674505531319,2.5451059452842126
1800,0.0087093750000000001,34.173104666531465,2.5450952087140508
1800,0.0087124999999999998,34.173534984124011,2.5450844506265229
1800,0.0087156250000000011,34.173965458312047,2.5450736709834891
1800,0.0087187500000000008,34.174396089098693,2.5450628697467543
1800,0.0087218750000000005,34.174826876487067,2.545052046878066
1800,0.0087250000000000001,34.17525782048029,2.5450412023391156
1800,0.0087281249999999998,34.17568892108148,2.5450303360915378
1800,0.0087312500000000012,34.176120178293758,2.5450194480969115
1800,0.0087343750000000008,34.176551592120241,2.5450085383167589
1800,0.0087375000000000005,34.176983162564063,2.5449976067125455
1800,0.0087406250000000001,34.177414889628352,2.5449866532456791
1800,0.0087437499999999998,34.177846773316233,2.5449756778775123
1800,0.0087468750000000012,34.178278813630833,2.5449646805693398
1800,0.0087500000000000008,34.178711010575284,2.5449536612823986
1800,0.0087531250000000005,34.179143364152729,2.5449426199778706
1800,0.0087562500000000001,34.179575874366293,2.5449315566168798
1800,0.0087593749999999998,34.180008541219124,2.5449204711604931
1800,0.0087625000000000012,34.180441364714376,2.5449093635697206
1800,0.0087656250000000008,34.180874344855184,2.5448982338055157
1800,0.0087687500000000005,34.181307481644687,2.5448870818287732
1800,0.0087718750000000002,34.181740775086048,2.5448759076003307
1800,0.0087749999999999998,34.182174225182415,2.5448647110809692
1800,0.0087781250000000012,34.182607831936934,2.544853492231411
1800,0.0087812500000000009,34.183041595352769,2.5448422510123221
1800,0.0087843750000000005,34.183475515433074,2.5448309873843109
1800,0.0087875000000000002,34.18390959218101,2.5448197013079286
1800,0.0087906249999999998,34.18434382559974,2.544808392743668
1800,0.0087937500000000012,34.18477821569244,2.5447970616519644
1800,0.0087968750000000009,34.185212762462271,2.5447857079931948
1800,0.0088000000000000005,34.185647465912396,2.544774331727679
1800,0.0088031250000000002,34.186082326045991,2.5447629328156789
1800,0.0088062499999999998,34.186517342866232,2.544751511217398
1800,0.0088093750000000012,34.186952516376294,2.5447400668929823
1800,0.0088125000000000009,34.187387846579348,2.5447285998025189
1800,0.0088156250000000005,34.187823333478583,2.5447171099060371
1800,0.0088187500000000002,34.188258977077176,2.544705597163508
1800,0.0088218749999999999,34.188694777378316,2.544694061534845
1800,0.0088250000000000012,34.189130734385188,2.5446825029799029
1800,0.0088281250000000009,34.189566848100981,2.544670921458478
1800,0.0088312500000000006,34.190003118528885,2.544659316930308
1800,0.0088343750000000002,34.190439545672099,2.5446476893550725
1800,0.0088374999999999999,34.190876129533819,2.5446360386923921
1800,0.0088406250000000013,34.191312870117244,2.5446243649018285
1800,0.0088437500000000009,34.19174976742557,2.5446126679428858
1800,0.0088468750000000006,34.192186821461995,2.5446009477750073
1800,0.0088500000000000002,34.192624032229723,2.54458920435758
1800,0.0088531249999999999,34.193061399731967,2.5445774376499304
1800,0.0088562500000000013,34.193498923971937,2.5445656476113268
1800,0.0088593750000000009,34.193936604952846,2.5445538342009786
1800,0.0088625000000000006,34.194374442677905,2.5445419973780359
1800,0.0088656250000000002,34.19481243715034,2.5445301371015896
1800,0.0088687499999999999,34.195250588373362,2.5445182533306712
1800,0.0088718750000000013,34.195688896350191,2.5445063460242539
1800,0.0088750000000000009,34.196127361084038,2.5444944151412505
1800,0.0088781250000000006,34.196565982578136,2.5444824606405159
1800,0.0088812500000000003,34.197004760835725,2.5444704824808437
1800,0.0088843749999999999,34.197443695860024,2.5444584806209689
1800,0.0088874999999999996,34.197882787654272,2.544446455019568
1800,0.008890625000000001,34.198322036221697,2.5444344056352564
1800,0.0088937500000000006,34.198761441565537,2.5444223324265907
1800,0.0088968750000000003,34.199201003689033,2.5444102353520663
1800,0.0088999999999999999,34.199640722595419,2.5443981143701215
1800,0.0089031249999999996,34.200080598287947,2.5443859694391322
1800,0.008906250000000001,34.200520630769866,2.5443738005174166
1800,0.0089093750000000006,34.200960820044401,2.5443616075632316
1800,0.0089125000000000003,34.201401166114827,2.5443493905347747
1800,0.0089156249999999999,34.201841668984386,2.544337149390183
1800,0.0089187499999999996,34.202282328656324,2.5443248840875339
1800,0.008921875000000001,34.202723145133909,2.5443125945848428
1800,0.0089250000000000006,34.203164118420403,2.544300280840067
1800,0.0089281250000000003,34.203605248519054,2.5442879428111036
1800,0.00893125,34.204046535433129,2.5442755804557882
1800,0.0089343749999999996,34.20448797916589,2.5442631937318967
1800,0.008937500000000001,34.204929579720613,2.5442507825971434
1800,0.0089406250000000007,34.20537133710058,2.5442383470091823
1800,0.0089437500000000003,34.205813251309038,2.5442258869256085
1800,0.008946875,34.206255322349271,2.5442134023039547
1800,0.0089499999999999996,34.206697550224547,2.5442008931016931
1800,0.008953125000000001,34.207139934938162,2.5441883592762355
1800,0.0089562500000000007,34.207582476493378,2.5441758007849322
1800,0.0089593750000000003,34.2080251748935,2.5441632175850746
1800,0.0089625,34.208468030141809,2.5441506096338911
1800,0.0089656249999999996,34.208911042241581,2.5441379768885493
1800,0.008968750000000001,34.209354211196107,2.5441253193061568
1800,0.0089718750000000007,34.20979753700869,2.5441126368437597
1800,0.0089750000000000003,34.21024101968262,2.5440999294583424
1800,0.008978125,34.210684659221187,2.5440871971068271
1800,0.0089812499999999997,34.211128455627701,2.5440744397460762
1800,0.008984375000000001,34.211572408905468,2.5440616573328905
1800,0.0089875000000000007,34.212016519057784,2.5440488498240081
1800,0.0089906250000000004,34.212460786087966,2.5440360171761078
1800,0.00899375,34.212905209999313,2.5440231593458051
1800,0.0089968749999999997,34.213349790795135,2.5440102762896544
1800,0.0090000000000000011,34.213794528478743,2.543997367964149
1800,0.0090031250000000007,34.214239423053463,2.5439844343257194
1800,0.0090062500000000004,34.214684474522606,2.5439714753307352
1800,0.009009375,34.215129682889497,2.5439584909355042
1800,0.0090124999999999997,34.215575048157447,2.5439454810962712
1800,0.0090156250000000011,34.216020570329768,2.5439324457692192
1800,0.0090187500000000007,34.216466249409798,2.54391938491047
1800,0.0090218750000000004,34.216912085400864,2.5439062984760832
1800,0.009025,34.217358078306312,2.5438931864220553
1800,0.0090281249999999997,34.217804228129474,2.5438800487043207
1800,0.0090312500000000011,34.218250534873683,2.5438668852787525
1800,0.0090343750000000007,34.218696998542271,2.5438536961011615
1800,0.0090375000000000004,34.219143619138585,2.5438404811272948
1800,0.009040625,34.219590396665971,2.5438272403128379
1800,0.0090437499999999997,34.220037331127763,2.5438139736134131
1800,0.0090468750000000011,34.220484422527292,2.5438006809845817
1800,0.0090500000000000008,34.220931670867927,2.543787362381841
1800,0.0090531250000000004,34.221379076153021,2.5437740177606254
1800,0.0090562500000000001,34.22182663838592,2.5437606470763074
1800,0.0090593749999999997,34.222274357569994,2.5437472502841962
1800,0.0090625000000000011,34.222722233708588,2.5437338273395373
1800,0.0090656250000000008,34.22317026680507,2.5437203781975151
1800,0.0090687500000000004,34.223618456862795,2.5437069028132497
1800,0.0090718750000000001,34.22406680388513,2.5436934011417978
1800,0.0090749999999999997,34.224515307875429,2.5436798731381542
1800,0.0090781250000000011,34.224963968837066,2.5436663187572495
1800,0.0090812500000000008,34.225412786773418,2.543652737953952
1800,0.0090843750000000004,34.22586176168786,2.5436391306830655
1800,0.0090875000000000001,34.226310893583772,2.5436254968993315
1800,0.0090906249999999997,34.226760182464524,2.5436118365574281
1800,0.0090937500000000011,34.22720962833349,2.5435981496119688
1800,0.0090968750000000008,34.22765923119406,2.5435844360175048
1800,0.0091000000000000004,34.228108991049623,2.5435706957285218
1800,0.0091031250000000001,34.228558907903562,2.5435569286994433
1800,0.0091062499999999998,34.229008981759279,2.5435431348846298
1800,0.0091093750000000012,34.229459212620156,2.5435293142383766
1800,0.0091125000000000008,34.229909600489599,2.5435154667149149
1800,0.0091156250000000005,34.230360145370994,2.5435015922684134
1800,0.0091187500000000001,34.230810847267747,2.5434876908529755
1800,0.0091218749999999998,34.231261706183254,2.543473762422642
1800,0.0091250000000000012,34.231712722120925,2.5434598069313878
1800,0.0091281250000000008,34.232163895084163,2.543445824333125
1800,0.0091312500000000005,34.23261522507638,2.5434318145817008
1800,0.0091343750000000001,34.233066712100971,2.5434177776308986
1800,0.0091374999999999998,34.233518356161362,2.5434037134344374
1800,0.0091406250000000012,34.233970157260963,2.5433896219459715
1800,0.0091437500000000008,34.234422115403191,2.543375503119091
1800,0.0091468750000000005,34.234874230591458,2.543361356907321
1800,0.0091500000000000001,34.235326502829203,2.5433471832641232
1800,0.0091531249999999998,34.235778932119842,2.5433329821428936
1800,0.0091562500000000012,34.236231518466788,2.5433187534969637
1800,0.0091593750000000008,34.236684261873478,2.5433044972795997
1800,0.0091625000000000005,34.237137162343345,2.5432902134440036
1800,0.0091656250000000002,34.237590219879834,2.5432759019433133
1800,0.0091687499999999998,34.238043434486357,2.5432615627306006
1800,0.0091718750000000012,34.238496806166353,2.5432471957588723
1800,0.0091750000000000009,34.238950334923274,2.5432328009810705
1800,0.0091781250000000005,34.239404020760567,2.5432183783500717
1800,0.0091812500000000002,34.239857863681664,2.5432039278186882
1800,0.0091843749999999998,34.240311863690032,2.5431894493396663
1800,0.0091875000000000012,34.240766020789096,2.5431749428656873
1800,0.0091906250000000009,34.241220334982316,2.5431604083493666
1800,0.0091937500000000005,34.241674806273146,2.543145845743255
1800,0.0091968750000000002,34.242129434665038,2.5431312549998371
1800,0.0091999999999999998,34.242584220161469,2.5431166360715332
1800,0.0092031250000000012,34.243039162765882,2.5431019889106961
1800,0.0092062500000000009,34.24349426248174,2.5430873134696146
1800,0.0092093750000000005,34.243949519312508,2.5430726097005105
1800,0.0092125000000000002,34.244404933261656,2.5430578775555408
1800,0.0092156249999999999,34.244860504332642,2.5430431169867962
1800,0.0092187500000000012,34.24531623252895,2.5430283279463008
1800,0.0092218750000000009,34.245772117854045,2.5430135103860136
1800,0.0092250000000000006,34.246228160311411,2.5429986642578282
1800,0.0092281250000000002,34.246684359904521,2.542983789513571
1800,0.0092312499999999999,34.247140716636864,2.5429688861050024
1800,0.0092343750000000013,34.247597230511929,2.5429539539838162
1800,0.0092375000000000009,34.24805390153319,2.5429389931016413
1800,0.0092406250000000006,34.24851072970413,2.5429240034100387
1800,0.0092437500000000002,34.24896771502825,2.5429089848605049
1800,0.0092468749999999999,34.249424857509027,2.5428939374044681
1800,0.0092500000000000013,34.249882157149948,2.5428788609932904
1800,0.0092531250000000009,34.250339613954516,2.5428637555782676
1800,0.0092562500000000006,34.250797227926249,2.5428486211106294
1800,0.0092593750000000002,34.251254999068635,2.5428334575415383
1800,0.0092624999999999999,34.251712927385178,2.5428182648220901
1800,0.0092656250000000013,34.252171012879387,2.5428030429033139
1800,0.0092687500000000009,34.25262925555478,2.5427877917361719
1800,0.0092718750000000006,34.253087655414866,2.5427725112715587
1800,0.0092750000000000003,34.253546212463149,2.5427572014603026
1800,0.0092781249999999999,34.254004926703153,2.5427418622531648
1800,0.0092812500000000013,34.254463798138381,2.5427264936008394
1800,0.009284375000000001,34.254922826772358,2.5427110954539529
1800,0.0092875000000000006,34.255382012608614,2.5426956677630654
1800,0.0092906250000000003,34.255841355650666,2.5426802104786681
1800,0.0092937499999999999,34.25630085590204,2.5426647235511868
1800,0.0092968749999999996,34.256760513366267,2.5426492069309781
1800,0.009300000000000001,34.257220328046877,2.5426336605683333
1800,0.0093031250000000006,34.25768029994741,2.542618084413474
1800,0.0093062500000000003,34.258140429071389,2.5426024784165548
1800,0.0093093749999999999,34.258600715422361,2.5425868425276641
1800,0.0093124999999999996,34.259061159003871,2.5425711766968204
1800,0.009315625000000001,34.259521759819457,2.5425554808739759
1800,0.0093187500000000006,34.25998251787265,2.5425397550090145
1800,0.0093218750000000003,34.260443433167012,2.5425239990517516
1800,0.009325,34.260904505706087,2.5425082129519359
1800,0.0093281249999999996,34.261365735493435,2.542492396659247
1800,0.009331250000000001,34.261827122532608,2.5424765501232978
1800,0.0093343750000000007,34.262288666827168,2.5424606732936317
1800,0.0093375000000000003,34.262750368380665,2.5424447661197243
1800,0.009340625,34.263212227196661,2.5424288285509831
1800,0.0093437499999999996,34.263674243278714,2.542412860536746
1800,0.009346875000000001,34.264136416630393,2.5423968620262842
1800,0.0093500000000000007,34.264598747255278,2.5423808329688002
1800,0.0093531250000000003,34.265061235156928,2.5423647733134285
1800,0.00935625,34.265523880338911,2.5423486830092332
1800,0.0093593749999999996,34.265986682804801,2.5423325620052113
1800,0.009362500000000001,34.266449642558179,2.5423164102502898
1800,0.0093656250000000007,34.266912759602626,2.5423002276933295
1800,0.0093687500000000003,34.267376033941723,2.54228401428312
1800,0.009371875,34.267839465579058,2.5422677699683827
1800,0.0093749999999999997,34.268303054518206,2.5422514946977692
1800,0.009378125000000001,34.268766800762769,2.5422351884198644
1800,0.0093812500000000007,34.269230704316342,2.5422188510831827
1800,0.0093843750000000004,34.2696947651825,2.5422024826361702
1800,0.0093875,34.270158983364858,2.5421860830272016
1800,0.0093906249999999997,34.270623358867006,2.5421696522045849
1800,0.0093937500000000011,34.271087891692538,2.542153190116557
1800,0.0093968750000000007,34.271552581845057,2.5421366967112875
1800,0.0094000000000000004,34.272017429328159,2.5421201719368756
1800,0.009403125,34.272482434145466,2.5421036157413504
1800,0.0094062499999999997,34.272947596300597,2.5420870280726713
1800,0.0094093750000000011,34.273412915797159,2.5420704088787289
1800,0.0094125000000000007,34.273878392638757,2.5420537581073441
1800,0.0094156250000000004,34.274344026828999,2.5420370757062685
1800,0.00941875,34.274809818371509,2.5420203616231833
1800,0.0094218749999999997,34.275275767269903,2.5420036158057009
1800,0.0094250000000000011,34.275741873527799,2.5419868382013626
1800,0.0094281250000000007,34.276208137148842,2.5419700287576403
1800,0.0094312500000000004,34.276674558136648,2.5419531874219357
1800,0.0094343750000000001,34.277141136494855,2.5419363141415814
1800,0.0094374999999999997,34.277607872227094,2.5419194088638375
1800,0.0094406250000000011,34.278074765336989,2.5419024715358964
1800,0.0094437500000000008,34.278541815828177,2.5418855021048787
1800,0.0094468750000000004,34.279009023704305,2.5418685005178356
1800,0.0094500000000000001,34.279476388969009,2.5418514667217482
1800,0.0094531249999999997,34.279943911625942,2.5418344006635261
1800,0.0094562500000000011,34.280411591678728,2.541817302290009
1800,0.0094593750000000008,34.280879429131026,2.5418001715479668
1800,0.0094625000000000004,34.281347423986482,2.5417830083840967
1800,0.0094656250000000001,34.281815576248746,2.541765812745028
1800,0.0094687499999999997,34.28228388592148,2.5417485845773169
1800,0.0094718750000000011,34.282752353008355,2.5417313238274502
1800,0.0094750000000000008,34.283220977513018,2.5417140304418431
1800,0.0094781250000000004,34.283689759439135,2.5416967043668408
1800,0.0094812500000000001,34.284158698790364,2.5416793455487166
1800,0.0094843749999999998,34.28462779557038,2.5416619539336733
1800,0.0094875000000000011,34.285097049782841,2.5416445294678431
1800,0.0094906250000000008,34.285566461431429,2.541627072097286
1800,0.0094937500000000005,34.286036030519817,2.5416095817679909
1800,0.0094968750000000001,34.286505757051692,2.5415920584258767
1800,0.0094999999999999998,34.286975641030715,2.5415745020167897
1800,0.0095031250000000012,34.287445682460564,2.5415569124865063
1800,0.0095062500000000008,34.287915881344937,2.5415392897807298
1800,0.0095093750000000005,34.288386237687511,2.5415216338450932
1800,0.0095125000000000001,34.288856751491963,2.5415039446251573
1800,0.0095156249999999998,34.289327422761993,2.5414862220664105
1800,0.0095187500000000012,34.289798251501281,2.5414684661142721
1800,0.0095218750000000008,34.290269237713524,2.5414506767140868
1800,0.0095250000000000005,34.290740381402429,2.5414328538111284
1800,0.0095281250000000001,34.291211682571692,2.5414149973506004
1800,0.0095312499999999998,34.291683141225015,2.5413971072776333
1800,0.0095343750000000012,34.292154757366092,2.541379183537285
1800,0.0095375000000000008,34.292626530998632,2.5413612260745415
1800,0.0095406250000000005,34.293098462126338,2.5413432348343181
1800,0.0095437500000000001,34.293570550752932,2.5413252097614563
1800,0.0095468749999999998,34.294042796882117,2.5413071508007268
1800,0.0095500000000000012,34.294515200517615,2.5412890578968268
1800,0.0095531250000000009,34.294987761663137,2.5412709309943824
1800,0.0095562500000000005,34.295460480322411,2.5412527700379459
1800,0.0095593750000000002,34.295933356499155,2.5412345749719991
1800,0.0095624999999999998,34.296406390197099,2.5412163457409496
1800,0.0095656250000000012,34.296879581419958,2.5411980822891338
1800,0.0095687500000000009,34.297352930171463,2.5411797845608142
1800,0.0095718750000000005,34.297826436455345,2.5411614525001807
1800,0.0095750000000000002,34.298300100275348,2.5411430860513518
1800,0.0095781249999999998,34.298773921635195,2.5411246851583709
1800,0.0095812500000000012,34.29924790053861,2.5411062497652108
1800,0.0095843750000000009,34.299722036989351,2.5410877798157703
1800,0.0095875000000000005,34.300196330991163,2.5410692752538764
1800,0.0095906250000000002,34.300670782547783,2.5410507360232804
1800,0.0095937499999999998,34.301145391662963,2.5410321620676632
1800,0.0095968750000000012,34.301620158340441,2.5410135533306319
1800,0.0096000000000000009,34.302095082583989,2.5409949097557192
1800,0.0096031250000000005,34.302570164397345,2.5409762312863871
1800,0.0096062500000000002,34.303045403784267,2.5409575178660209
1800,0.0096093749999999999,34.303520800748529,2.5409387694379353
1800,0.0096125000000000013,34.303996355293883,2.5409199859453708
1800,0.0096156250000000009,34.304472067424093,2.5409011673314943
1800,0.0096187500000000006,34.30494793714292,2.5408823135393979
1800,0.0096218750000000002,34.305423964454128,2.5408634245121027
1800,0.0096249999999999999,34.305900149361491,2.5408445001925521
1800,0.0096281250000000013,34.306376491868789,2.54082554052362
1800,0.0096312500000000009,34.306852991979795,2.5408065454481048
1800,0.0096343750000000006,34.307329649698268,2.5407875149087298
1800,0.0096375000000000002,34.307806465027994,2.5407684488481466
1800,0.0096406249999999999,34.308283437972761,2.5407493472089313
1800,0.0096437500000000013,34.308760568536343,2.5407302099335869
1800,0.0096468750000000009,34.309237856722532,2.5407110369645425
1800,0.0096500000000000006,34.309715302535125,2.5406918282441526
1800,0.0096531250000000002,34.310192905977914,2.5406725837146968
1800,0.0096562499999999999,34.310670667054687,2.54065330331838
1800,0.0096593750000000013,34.311148585769232,2.540633986997336
1800,0.0096625000000000009,34.311626662125349,2.5406146346936209
1800,0.0096656250000000006,34.31210489612684,2.5405952463492172
1800,0.0096687500000000003,34.3125832877775,2.5405758219060335
1800,0.0096718749999999999,34.313061837081136,2.5405563613059035
1800,0.0096750000000000013,34.313540544041572,2.540536864490587
1800,0.009678125000000001,34.31401940866261,2.5405173314017691
1800,0.0096812500000000006,34.314498430948049,2.5404977619810576
1800,0.0096843750000000003,34.314977610901707,2.5404781561699883
1800,0.0096874999999999999,34.315456948527405,2.5404585139100222
1800,0.0096906250000000013,34.315936443828974,2.540438835142544
1800,0.009693750000000001,34.316416096810229,2.5404191198088624
1800,0.0096968750000000006,34.316895907474986,2.5403993678502141
1800,0.0097000000000000003,34.317375875827068,2.5403795792077588
1800,0.0097031249999999999,34.317856001870304,2.5403597538225822
1800,0.0097062499999999996,34.318336285608517,2.5403398916356927
1800,0.009709375000000001,34.318816727045537,2.5403199925880267
1800,0.0097125000000000006,34.319297326185207,2.5403000566204419
1800,0.0097156250000000003,34.319778083031359,2.5402800836737236
1800,0.00971875,34.320258997587842,2.5402600736885801
1800,0.0097218749999999996,34.320740069858495,2.5402400266056451
1800,0.009725000000000001,34.321221299847167,2.540219942365475
1800,0.0097281250000000007,34.321702687557696,2.5401998209085517
1800,0.0097312500000000003,34.322184232993934,2.5401796621752819
1800,0.009734375,34.32266593615973,2.5401594661059961
1800,0.0097374999999999996,34.323147797058922,2.5401392326409491
1800,0.009740625000000001,34.323629815695384,2.540118961720319
1800,0.0097437500000000007,34.324111992072964,2.5400986532842085
1800,0.0097468750000000003,34.324594326195523,2.5400783072726458
1800,0.00975,34.325076818066925,2.5400579236255822
1800,0.0097531249999999996,34.325559467691036,2.5400375022828925
1800,0.009756250000000001,34.326042275071721,2.5400170431843745
1800,0.0097593750000000007,34.326525240212845,2.539996546269752
1800,0.0097625000000000003,34.327008363118281,2.5399760114786707
1800,0.009765625,34.327491643791909,2.5399554387507011
1800,0.0097687499999999997,34.327975082237607,2.5399348280253373
1800,0.009771875000000001,34.328458678459256,2.5399141792419968
1800,0.0097750000000000007,34.328942432460728,2.5398934923400209
1800,0.0097781250000000004,34.32942634424591,2.5398727672586743
1800,0.00978125,34.329910413818688,2.5398520039371437
1800,0.0097843749999999997,34.330394641182934,2.5398312023145411
1800,0.0097875000000000011,34.330879026342544,2.5398103623299013
1800,0.0097906250000000007,34.331363569301423,2.5397894839221822
1800,0.0097937500000000004,34.331848270063475,2.5397685670302637
1800,0.009796875,34.33233312863257,2.5397476115929507
1800,0.0097999999999999997,34.332818145012617,2.5397266175489692
1800,0.0098031250000000011,34.333303319207523,2.5397055848369701
1800,0.0098062500000000007,34.333788651221184,2.5396845133955268
1800,0.0098093750000000004,34.334274141057506,2.5396634031631358
1800,0.0098125,34.334759788720412,2.5396422540782164
1800,0.0098156249999999997,34.335245594213802,2.5396210660791096
1800,0.0098187500000000011,34.335731557541592,2.5395998391040795
1800,0.0098218750000000007,34.33621767870769,2.5395785730913132
1800,0.0098250000000000004,34.336703957716026,2.5395572679789202
1800,0.0098281250000000001,34.337190394570499,2.5395359237049329
1800,0.0098312499999999997,34.337676989275032,2.5395145402073069
1800,0.0098343750000000011,34.338163741833547,2.5394931174239184
1800,0.0098375000000000008,34.338650652249981,2.5394716552925676
1800,0.0098406250000000004,34.339137720528257,2.5394501537509768
1800,0.0098437500000000001,34.339624946672302,2.5394286127367902
1800,0.0098468749999999997,34.340112330686061,2.5394070321875741
1800,0.0098500000000000011,34.34059987257347,2.5393854120408172
1800,0.0098531250000000008,34.341087572338452,2.5393637522339301
1800,0.0098562500000000004,34.341575429984971,2.539342052704245
1800,0.0098593750000000001,34.34206344551697,2.5393203133890179
1800,0.0098624999999999997,34.34255161893838,2.5392985342254248
1800,0.0098656250000000011,34.343039950253143,2.5392767151505651
1800,0.0098687500000000008,34.343528439465224,2.5392548561014578
1800,0.0098718750000000004,34.344017086578582,2.5392329570150469
1800,0.0098750000000000001,34.344505891597152,2.5392110178281948
1800,0.0098781249999999998,34.344994854524899,2.5391890384776881
1800,0.0098812500000000011,34.345483975365774,2.5391670189002329
1800,0.0098843750000000008,34.345973254123741,2.5391449590324577
1800,0.0098875000000000005,34.346462690802774,2.5391228588109138
1800,0.0098906250000000001,34.346952285406829,2.5391007181720733
1800,0.0098937499999999998,34.347442037939871,2.5390785370523292
1800,0.0098968750000000012,34.347931948405879,2.5390563153879953
1800,0.0099000000000000008,34.348422016808819,2.5390340531153073
1800,0.0099031250000000005,34.348912243152668,2.5390117501704208
1800,0.0099062500000000001,34.3494026274414,2.5389894064894141
1800,0.0099093749999999998,34.349893169678992,2.5389670220082867
1800,0.0099125000000000012,34.350383869869439,2.5389445966629585
1800,0.0099156250000000008,34.35087472801672,2.5389221303892699
1800,0.0099187500000000005,34.351365744124827,2.5388996231229837
1800,0.0099218750000000001,34.351856918197726,2.5388770747997818
1800,0.0099249999999999998,34.352348250239416,2.5388544853552681
1800,0.0099281250000000012,34.352839740253906,2.5388318547249678
1800,0.0099312500000000008,34.353331388245174,2.5388091828443251
1800,0.0099343750000000005,34.353823194217227,2.5387864696487066
1800,0.0099375000000000002,34.354315158174067,2.5387637150733977
1800,0.0099406249999999998,34.354807280119694,2.5387409190536063
1800,0.0099437500000000012,34.3552995600581,2.538718081524459
1800,0.0099468750000000009,34.355791997993308,2.5386952024210037
1800,0.0099500000000000005,34.356284593929324,2.5386722816782079
1800,0.0099531250000000002,34.35677734787015,2.5386493192309607
1800,0.0099562499999999998,34.357270259819813,2.5386263150140707
1800,0.0099593750000000012,34.35776332978233,2.538603268962266
1800,0.0099625000000000009,34.35825655776172,2.5385801810101967
1800,0.0099656250000000005,34.358749943762,2.5385570510924316
1800,0.0099687500000000002,34.35924348778719,2.53853387914346
1800,0.0099718749999999998,34.359737189841319,2.5385106650976903
1800,0.0099750000000000012,34.360231049928416,2.538487408889452
1800,0.0099781250000000009,34.360725068052503,2.5384641104529941
1800,0.0099812500000000005,34.361219244217622,2.5384407697224858
1800,0.0099843750000000002,34.361713578427803,2.5384173866320148
1800,0.0099874999999999999,34.362208070687089,2.5383939611155881
1800,0.0099906250000000012,34.362702720999508,2.5383704931071338
1800,0.0099937500000000009,34.363197529369103,2.5383469825405003
1800,0.0099968750000000006,34.363692495799931,2.5383234293494548
1800,0.01,34.364187620296043,2.5382998334676832
1800,0.010003125,34.364682902861475,2.5382761948287915
1800,0.010006250000000001,34.365178343500268,2.538252513366305
1800,0.010009375000000001,34.365673942216482,2.5382287890136674
1800,0.010012500000000001,34.366169699014172,2.5382050217042433
1800,0.010015625,34.366665613897396,2.5381812113713154
1800,0.01001875,34.367161686870219,2.5381573579480854
1800,0.010021875000000001,34.367657917936683,2.5381334613676749
1800,0.010025000000000001,34.36815430710088,2.5381095215631251
1800,0.010028125000000001,34.368650854366862,2.538085538467393
1800,0.01003125,34.3691475597387,2.5380615120133592
1800,0.010034375,34.369644423220464,2.538037442133819
1800,0.010037500000000001,34.370141444816227,2.5380133287614877
1800,0.010040625000000001,34.370638624530059,2.5379891718290013
1800,0.010043750000000001,34.371135962366054,2.5379649712689125
1800,0.010046875,34.371633458328283,2.537940727013694
1800,0.01005,34.372131112420831,2.5379164389957358
1800,0.010053125000000001,34.372628924647778,2.5378921071473477
1800,0.010056250000000001,34.373126895013215,2.5378677314007567
1800,0.010059375000000001,34.373625023521235,2.5378433116881092
1800,0.0100625,34.374123310175932,2.5378188479414692
1800,0.010065625,34.374621754981384,2.53779434009282
1800,0.010068750000000001,34.37512035794169,2.5377697880740624
1800,0.010071875000000001,34.375619119060957,2.5377451918170157
1800,0.010075000000000001,34.376118038343286,2.5377205512534178
1800,0.010078125,34.376617115792776,2.5376958663149245
1800,0.01008125,34.377116351413527,2.5376711369331093
1800,0.010084375000000001,34.377615745209653,2.5376463630394639
1800,0.010087500000000001,34.378115297185268,2.5376215445653978
1800,0.010090625000000001,34.378615007344479,2.5375966814422384
1800,0.01009375,34.3791148756914,2.5375717736012309
1800,0.010096875,34.379614902230145,2.5375468209735383
1800,0.010100000000000001,34.380115086964842,2.5375218234902417
1800,0.010103125000000001,34.380615429899613,2.5374967810823406
1800,0.010106250000000001,34.381115931038579,2.5374716936807515
1800,0.010109375,34.381616590385867,2.5374465612163073
1800,0.0101125,34.3821174079456,2.5374213836197588
1800,0.010115625000000001,34.382618383721912,2.5373961608217757
1800,0.010118750000000001,34.383119517718931,2.5373708927529441
1800,0.010121875000000001,34.383620809940794,2.5373455793437678
1800,0.010125,34.384122260391635,2.5373202205246677
1800,0.010128125,34.384623869075597,2.5372948162259807
1800,0.01013125,34.385125635996829,2.5372693663779629
1800,0.010134375000000001,34.385627561159474,2.5372438709107867
1800,0.010137500000000001,34.386129644567689,2.537218329754543
1800,0.010140625,34.386631886225615,2.5371927428392378
1800,0.01014375,34.38713428613741,2.5371671100947948
1800,0.010146875,34.387636844307217,2.5371414314510532
1800,0.010150000000000001,34.388139560739191,2.5371157068377714
1800,0.010153125000000001,34.38864243543749,2.537089936184624
1800,0.01015625,34.389145468406284,2.5370641194212018
1800,0.010159375,34.38964865964973,2.5370382564770124
1800,0.0101625,34.390152009171985,2.5370123472814803
1800,0.010165625000000001,34.390655516977219,2.5369863917639481
1800,0.010168750000000001,34.39115918306959,2.5369603898536734
1800,0.010171875,34.391663007453282,2.5369343414798302
1800,0.010175,34.392166990132473,2.5369082465715089
1800,0.010178125,34.392671131111342,2.5368821050577166
1800,0.010181250000000001,34.393175430394059,2.5368559168673768
1800,0.010184375000000001,34.39367988798481,2.536829681929329
1800,0.0101875,34.394184503887786,2.5368034001723303
1800,0.010190625,34.394689278107158,2.5367770715250524
1800,0.01019375,34.395194210647105,2.5367506959160835
1800,0.010196875000000001,34.395699301511833,2.5367242732739279
1800,0.010200000000000001,34.396204550705541,2.536697803527006
1800,0.010203125,34.396709958232414,2.5366712866036552
1800,0.01020625,34.397215524096637,2.5366447224321278
1800,0.010209375,34.397721248302418,2.5366181109405921
1800,0.010212500000000001,34.398227130853954,2.5365914520571327
1800,0.010215625000000001,34.398733171755453,2.5365647457097498
1800,0.01021875,34.39923937101112,2.5365379918263584
1800,0.010221875,34.399745728625177,2.5365111903347906
1800,0.010225,34.400252244601816,2.5364843411627929
1800,0.010228125000000001,34.400758918945257,2.5364574442380285
1800,0.010231250000000001,34.401265751659714,2.5364304994880755
1800,0.010234375,34.401772742749408,2.5364035068404287
1800,0.0102375,34.402279892218552,2.5363764662224959
1800,0.010240625,34.402787200071359,2.5363493775616015
1800,0.010243750000000001,34.403294666312057,2.5363222407849859
1800,0.010246875000000001,34.403802290944888,2.5362950558198034
1800,0.01025,34.404310073974074,2.5362678225931243
1800,0.010253125,34.404818015403841,2.5362405410319342
1800,0.01025625,34.405326115238431,2.5362132110631332
1800,0.010259375000000001,34.405834373482072,2.5361858326135387
1800,0.010262500000000001,34.406342790139,2.5361584056098803
1800,0.010265625,34.406851365213448,2.5361309299788042
1800,0.01026875,34.407360098709674,2.5361034056468714
1800,0.010271875,34.407868990631911,2.5360758325405568
1800,0.010275000000000001,34.408378040984424,2.5360482105862507
1800,0.010278125000000001,34.408887249771453,2.536020539710258
1800,0.01028125,34.409396616997249,2.5359928198387989
1800,0.010284375,34.40990614266606,2.5359650508980072
1800,0.0102875,34.410415826782135,2.5359372328139318
1800,0.010290625000000001,34.41092566934973,2.5359093655125373
1800,0.010293750000000001,34.411435670373116,2.5358814489197017
1800,0.010296875,34.411945829856549,2.5358534829612176
1800,0.0103,34.412456147804299,2.5358254675627907
1800,0.010303125,34.41296662422063,2.5357974026500436
1800,0.010306250000000001,34.413477259109811,2.535769288148511
1800,0.010309375000000001,34.413988052476114,2.535741123983644
1800,0.0103125,34.414499004323815,2.535712910080806
1800,0.010315625,34.415010114657179,2.5356846463652754
1800,0.01031875,34.415521383480502,2.5356563327622443
1800,0.010321875000000001,34.41603281079805,2.5356279691968191
1800,0.010325000000000001,34.416544396614121,2.5355995555940209
1800,0.010328125,34.417056140932999,2.5355710918787833
1800,0.01033125,34.417568043758962,2.5355425779759564
1800,0.010334375,34.418080105096301,2.5355140138103009
1800,0.010337500000000001,34.418592324949309,2.5354853993064927
1800,0.010340625000000001,34.419104703322276,2.5354567343891219
1800,0.010343750000000001,34.419617240219495,2.5354280189826932
1800,0.010346875,34.420129935645271,2.5353992530116223
1800,0.01035,34.420642789603896,2.5353704364002398
1800,0.010353125000000001,34.421155802099676,2.5353415690727914
1800,0.010356250000000001,34.421668973136924,2.5353126509534336
1800,0.010359375000000001,34.422182302719946,2.5352836819662374
1800,0.0103625,34.422695790853048,2.5352546620351895
1800,0.010365625,34.42320943754055,2.535225591084187
1800,0.010368750000000001,34.42372324278675,2.5351964690370412
1800,0.010371875000000001,34.424237206595976,2.5351672958174771
1800,0.010375000000000001,34.42475132897254,2.5351380713491314
1800,0.010378125,34.425265609920771,2.5351087955555567
1800,0.01038125,34.425780049444988,2.5350794683602165
1800,0.010384375000000001,34.426294647549526,2.5350500896864885
1800,0.010387500000000001,34.426809404238696,2.5350206594576621
1800,0.010390625000000001,34.427324319516842,2.53499117759694
1800,0.01039375,34.427839393388282,2.5349616440274398
1800,0.010396875,34.428354625857366,2.5349320586721911
1800,0.010400000000000001,34.428870016928421,2.5349024214541345
1800,0.010403125000000001,34.429385566605781,2.5348727322961251
1800,0.010406250000000001,34.429901274893794,2.5348429911209305
1800,0.010409375,34.430417141796802,2.5348131978512307
1800,0.0104125,34.430933167319147,2.5347833524096184
1800,0.010415625000000001,34.43144935146519,2.5347534547185981
1800,0.010418750000000001,34.431965694239274,2.5347235047005894
1800,0.010421875000000001,34.432482195645747,2.5346935022779213
1800,0.010425,34.432998855688972,2.534663447372838
1800,0.010428125,34.433515674373304,2.5346333399074945
1800,0.010431250000000001,34.434032651703099,2.534603179803959
1800,0.010434375000000001,34.43454978768272,2.5345729669842103
1800,0.010437500000000001,34.435067082316529,2.5345427013701403
1800,0.010440625,34.435584535608889,2.5345123828835541
1800,0.01044375,34.436102147564185,2.5344820114461686
1800,0.010446875000000001,34.436619918186764,2.5344515869796109
1800,0.010450000000000001,34.437137847481004,2.534421109405423
1800,0.010453125000000001,34.437655935451275,2.5343905786450569
1800,0.01045625,34.438174182101953,2.5343599946198778
1800,0.010459375,34.43869258743743,2.534329357251162
1800,0.010462500000000001,34.439211151462089,2.5342986664600984
1800,0.010465625000000001,34.439729874180316,2.5342679221677868
1800,0.010468750000000001,34.440248755596485,2.5342371242952395
1800,0.010471875,34.440767795714983,2.5342062727633801
1800,0.010475,34.441286994540206,2.5341753674930447
1800,0.010478125000000001,34.441806352076547,2.53414440840498
1800,0.010481250000000001,34.442325868328389,2.5341133954198445
1800,0.010484375000000001,34.442845543300145,2.5340823284582097
1800,0.0104875,34.443365376996212,2.5340512074405557
1800,0.010490625,34.443885369420983,2.5340200322872772
1800,0.010493750000000001,34.444405520578854,2.5339888029186781
1800,0.010496875000000001,34.44492583047424,2.533957519254975
1800,0.010500000000000001,34.445446299111545,2.5339261812162945
1800,0.010503125,34.445966926495181,2.5338947887226757
1800,0.01050625,34.446487712629569,2.5338633416940692
1800,0.010509375000000001,34.447008657519113,2.5338318400503361
1800,0.010512500000000001,34.447529761168248,2.5338002837112481
1800,0.010515625000000001,34.448051023581371,2.5337686725964885
1800,0.01051875,34.448572444762924,2.5337370066256519
1800,0.010521875,34.449094024717326,2.5337052857182432
1800,0.010525000000000001,34.449615763448996,2.5336735097936782
1800,0.010528125000000001,34.450137660962355,2.5336416787712848
1800,0.010531250000000001,34.450659717261836,2.5336097925703007
1800,0.010534375,34.451181932351879,2.5335778511098743
1800,0.0105375,34.45170430623692,2.5335458543090663
1800,0.010540625,34.452226838921383,2.5335138020868451
1800,0.010543750000000001,34.452749530409726,2.5334816943620933
1800,0.010546875000000001,34.453272380706387,2.533449531053602
1800,0.01055,34.453795389815795,2.5334173120800747
1800,0.010553125,34.454318557742411,2.533385037360123
1800,0.01055625,34.454841884490669,2.5333527068122703
1800,0.010559375000000001,34.455365370065032,2.5333203203549499
1800,0.010562500000000001,34.455889014469953,2.5332878779065062
1800,0.010565625,34.456412817709889,2.5332553793851935
1800,0.01056875,34.456936779789295,2.5332228247091768
1800,0.010571875,34.457460900712611,2.5331902137965314
1800,0.010575000000000001,34.457985180484314,2.5331575465652429
1800,0.010578125000000001,34.458509619108874,2.5331248229332064
1800,0.01058125,34.459034216590737,2.5330920428182275
1800,0.010584375,34.459558972934381,2.5330592061380224
1800,0.0105875,34.460083888144283,2.5330263128102164
1800,0.010590625000000001,34.460608962224917,2.5329933627523444
1800,0.010593750000000001,34.461134195180747,2.5329603558818525
1800,0.010596875,34.461659587016257,2.532927292116097
1800,0.0106,34.462185137735922,2.5328941713723423
1800,0.010603125,34.462710847344226,2.5328609935677648
1800,0.010606250000000001,34.463236715845653,2.5328277586194496
1800,0.010609375000000001,34.463762743244693,2.5327944664443911
1800,0.0106125,34.46428892954583,2.5327611169594939
1800,0.010615625,34.464815274753541,2.5327277100815722
1800,0.01061875,34.465341778872329,2.5326942457273494
1800,0.010621875000000001,34.465868441906679,2.532660723813458
1800,0.010625000000000001,34.466395263861088,2.5326271442564425
1800,0.010628125,34.466922244740068,2.5325935069727552
1800,0.01063125,34.467449384548111,2.532559811878758
1800,0.010634375,34.467976683289727,2.5325260588907224
1800,0.010637500000000001,34.468504140969422,2.5324922479248286
1800,0.010640625000000001,34.469031757591694,2.5324583788971657
1800,0.01064375,34.469559533161046,2.5324244517237333
1800,0.010646875,34.470087467681999,2.53239046632044
1800,0.01065,34.470615561159065,2.5323564226031041
1800,0.010653125000000001,34.471143813596768,2.5323223204874519
1800,0.010656250000000001,34.471672224999622,2.5322881598891183
1800,0.010659375,34.472200795372146,2.5322539407236486
1800,0.0106625,34.472729524718858,2.5322196629064968
1800,0.010665625,34.473258413044299,2.5321853263530252
1800,0.010668750000000001,34.47378746035298,2.5321509309785064
1800,0.010671875000000001,34.474316666649429,2.5321164766981208
1800,0.010675,34.474846031938192,2.5320819634269571
1800,0.010678125,34.475375556223803,2.5320473910800145
1800,0.01068125,34.475905239510794,2.5320127595721997
1800,0.010684375000000001,34.4764350818037,2.5319780688183289
1800,0.010687500000000001,34.476965083107068,2.5319433187331262
1800,0.010690625,34.477495243425437,2.5319085092312243
1800,0.01069375,34.478025562763342,2.5318736402271651
1800,0.010696875,34.47855604112533,2.5318387116353991
1800,0.010700000000000001,34.479086678515962,2.5318037233702837
1800,0.010703125000000001,34.479617474939779,2.5317686753460875
1800,0.01070625,34.480148430401329,2.5317335674769859
1800,0.010709375,34.480679544905165,2.5316983996770626
1800,0.0107125,34.481210818455857,2.5316631718603086
1800,0.010715625000000001,34.481742251057959,2.531627883940625
1800,0.010718750000000001,34.482273842716033,2.5315925358318205
1800,0.010721875000000001,34.482805593434655,2.5315571274476136
1800,0.010725,34.483337503218401,2.5315216587016285
1800,0.010728125,34.483869572071825,2.5314861295073992
1800,0.010731250000000001,34.484401799999496,2.531450539778366
1800,0.010734375000000001,34.484934187005997,2.5314148894278778
1800,0.010737500000000001,34.485466733095897,2.5313791783691935
1800,0.010740625,34.485999438273772,2.5313434065154783
1800,0.01074375,34.486532302544198,2.5313075737798054
1800,0.010746875000000001,34.487065325911757,2.5312716800751569
1800,0.010750000000000001,34.487598508381026,2.531235725314422
1800,0.010753125000000001,34.488131849956609,2.5311997094103966
1800,0.01075625,34.488665350643075,2.5311636322757867
1800,0.010759375,34.489199010445034,2.5311274938232047
1800,0.010762500000000001,34.489732829367064,2.5310912939651704
1800,0.010765625000000001,34.490266807413775,2.5310550326141112
1800,0.010768750000000001,34.490800944589751,2.5310187096823635
1800,0.010771875,34.491335240899588,2.5309823250821699
1800,0.010775,34.491869696347891,2.5309458787256793
1800,0.010778125000000001,34.492404310939257,2.5309093705249519
1800,0.010781250000000001,34.492939084678298,2.5308728003919523
1800,0.010784375000000001,34.493474017569618,2.5308361682385541
1800,0.0107875,34.494009109617821,2.5307994739765372
1800,0.010790625,34.494544360827533,2.5307627175175891
1800,0.010793750000000001,34.495079771203365,2.5307258987733041
1800,0.010796875000000001,34.495615340749929,2.5306890176551851
1800,0.010800000000000001,34.496151069471843,2.5306520740746405
1800,0.010803125,34.496686957373733,2.5306150679429882
1800,0.01080625,34.49722300446021,2.5305779991714523
1800,0.010809375000000001,34.4977592107359,2.5305408676711618
1800,0.010812500000000001,34.498295576205436,2.5305036733531563
1800,0.010815625000000001,34.49883210087345,2.5304664161283799
1800,0.01081875,34.499368784744554,2.5304290959076852
1800,0.010821875,34.499905627823395,2.5303917126018303
1800,0.010825000000000001,34.500442630114613,2.5303542661214813
1800,0.010828125000000001,34.500979791622839,2.5303167563772107
1800,0.010831250000000001,34.501517112352715,2.5302791832794975
1800,0.010834375,34.502054592308873,2.5302415467387287
1800,0.0108375,34.50259223149596,2.5302038466651968
1800,0.010840625000000001,34.503130029918616,2.5301660829691026
1800,0.010843750000000001,34.503667987581501,2.5301282555605518
1800,0.010846875000000001,34.504206104489271,2.5300903643495571
1800,0.01085,34.504744380646578,2.5300524092460384
1800,0.010853125,34.50528281605807,2.5300143901598222
1800,0.010856250000000001,34.505821410728402,2.5299763070006422
1800,0.010859375000000001,34.506360164662233,2.5299381596781365
1800,0.010862500000000001,34.506899077864233,2.5298999481018507
1800,0.010865625,34.507438150339048,2.5298616721812373
1800,0.01086875,34.507977382091362,2.5298233318256549
1800,0.010871875000000001,34.508516773125834,2.5297849269443691
1800,0.010875000000000001,34.509056323447147,2.5297464574465502
1800,0.010878125000000001,34.509596033059957,2.529707923241276
1800,0.01088125,34.510135901968937,2.5296693242375299
1800,0.010884375,34.510675930178778,2.529630660344202
1800,0.010887500000000001,34.511216117694147,2.529591931470089
1800,0.010890625000000001,34.511756464519728,2.5295531375238931
1800,0.010893750000000001,34.512296970660195,2.5295142784142217
1800,0.010896875,34.512837636120253,2.5294753540495902
1800,0.0109,34.513378460904576,2.5294363643384186
1800,0.010903125000000001,34.513919445017855,2.5293973091890334
1800,0.010906250000000001,34.514460588464772,2.5293581885096672
1800,0.010909375000000001,34.515001891250023,2.5293190022084588
1800,0.0109125,34.515543353378305,2.5292797501934512
1800,0.010915625,34.516084974854316,2.5292404323725943
1800,0.010918750000000001,34.516626755682736,2.529201048653746
1800,0.010921875000000001,34.517168695868286,2.5291615989446665
1800,0.010925000000000001,34.51771079541566,2.5291220831530232
1800,0.010928125,34.518253054329577,2.5290825011863887
1800,0.01093125,34.518795472614741,2.5290428529522417
1800,0.010934375000000001,34.519338050275863,2.5290031383579663
1800,0.010937500000000001,34.519880787317653,2.5289633573108525
1800,0.010940625000000001,34.520423683744838,2.5289235097180969
1800,0.01094375,34.520966739562134,2.5288835954868003
1800,0.010946875,34.521509954774238,2.5288436145239692
1800,0.01095,34.522053329385876,2.5288035667365145
1800,0.010953125000000001,34.522596863401766,2.5287634520312547
1800,0.010956250000000001,34.523140556826633,2.5287232703149125
1800,0.010959375,34.523684409665201,2.5286830214941149
1800,0.0109625,34.524228421922217,2.5286427054753955
1800,0.010965625,34.524772593602407,2.5286023221651939
1800,0.010968750000000001,34.525316924710502,2.5285618714698535
1800,0.010971875000000001,34.525861415251228,2.5285213532956234
1800,0.010975,34.526406065229324,2.528480767548658
1800,0.010978125,34.526950874649522,2.5284401141350177
1800,0.01098125,34.527495843516576,2.528399392960667
1800,0.010984375000000001,34.528040971835217,2.5283586039314754
1800,0.010987500000000001,34.528586259610201,2.5283177469532174
1800,0.010990625,34.529131706846265,2.528276821931573
1800,0.01099375,34.529677313548156,2.5282358287721265
1800,0.010996875,34.530223079720649,2.5281947673803686
1800,0.011000000000000001,34.530769005368491,2.5281536376616933
1800,0.011003125000000001,34.531315090496427,2.5281124395214012
1800,0.01100625,34.531861335109227,2.5280711728646956
1800,0.011009375,34.532407739211664,2.5280298375966863
1800,0.0110125,34.532954302808477,2.5279884336223875
1800,0.011015625000000001,34.533501025904442,2.5279469608467173
1800,0.011018750000000001,34.53404790850432,2.5279054191744992
1800,0.011021875,34.534594950612885,2.5278638085104617
1800,0.011025,34.53514215223489,2.527822128759238
1800,0.011028125,34.535689513375125,2.5277803798253653
1800,0.011031250000000001,34.536237034038365,2.5277385616132859
1800,0.011034375000000001,34.536784714229377,2.5276966740273461
1800,0.0110375,34.537332553952943,2.5276547169717976
1800,0.011040625,34.537880553213846,2.5276126903507952
1800,0.01104375,34.538428712016874,2.5275705940683997
1800,0.011046875000000001,34.538977030366802,2.5275284280285755
1800,0.011050000000000001,34.539525508268419,2.5274861921351919
1800,0.011053125,34.540074145726528,2.5274438862920223
1800,0.01105625,34.540622942745905,2.5274015104027439
1800,0.011059375,34.541171899331339,2.5273590643709394
1800,0.011062500000000001,34.541721015487639,2.5273165481000937
1800,0.011065625000000001,34.542270291219602,2.5272739614935986
1800,0.01106875,34.542819726532016,2.5272313044547481
1800,0.011071875,34.543369321429701,2.5271885768867421
1800,0.011075,34.543919075917451,2.5271457786926823
1800,0.011078125000000001,34.544468990000077,2.5271029097755768
1800,0.011081250000000001,34.545019063682368,2.5270599700383367
1800,0.011084375,34.545569296969127,2.5270169593837775
1800,0.0110875,34.546119689865193,2.5269738777146187
1800,0.011090625,34.54667024237537,2.5269307249334836
1800,0.011093750000000001,34.547220954504475,2.5268875009428999
1800,0.011096875000000001,34.547771826257339,2.5268442056452982
1800,0.0111,34.548322857638766,2.5268008389430139
1800,0.011103125,34.548874048653587,2.5267574007382865
1800,0.01110625,34.549425399306614,2.5267138909332583
1800,0.011109375000000001,34.549976909602684,2.5266703094299769
1800,0.011112500000000001,34.550528579546622,2.5266266561303925
1800,0.011115625000000001,34.551080409143253,2.5265829309363603
1800,0.01111875,34.551632398397409,2.5265391337496372
1800,0.011121875,34.552184547313935,2.5264952644718863
1800,0.011125000000000001,34.552736855897663,2.5264513230046721
1800,0.011128125000000001,34.553289324153425,2.5264073092494641
1800,0.011131250000000001,34.55384195208606,2.5263632231076349
1800,0.011134375,34.55439473970042,2.5263190644804614
1800,0.0111375,34.554947687001345,2.5262748332691234
1800,0.011140625000000001,34.55550079399368,2.5262305293747045
1800,0.011143750000000001,34.556054060682285,2.526186152698191
1800,0.011146875000000001,34.556607487072,2.5261417031404743
1800,0.01115,34.557161073167684,2.5260971806023478
1800,0.011153125,34.557714818974198,2.5260525849845088
1800,0.011156250000000001,34.558268724496394,2.5260079161875577
1800,0.011159375000000001,34.558822789739118,2.5259631741119994
1800,0.011162500000000001,34.559377014707245,2.5259183586582412
1800,0.011165625,34.55993139940562,2.5258734697265925
1800,0.01116875,34.560485943839126,2.5258285072172684
1800,0.011171875000000001,34.561040648012614,2.5257834710303864
1800,0.011175000000000001,34.561595511930967,2.5257383610659665
1800,0.011178125000000001,34.562150535599052,2.5256931772239333
1800,0.01118125,34.562705719021743,2.5256479194041135
1800,0.011184375,34.563261062203921,2.5256025875062376
1800,0.011187500000000001,34.563816565150447,2.5255571814299378
1800,0.011190625000000001,34.564372227866222,2.5255117010747501
1800,0.011193750000000001,34.564928050356116,2.5254661463401149
1800,0.011196875,34.565484032625001,2.5254205171253741
1800,0.0112,34.566040174677781,2.525374813329774
1800,0.011203125000000001,34.566596476519329,2.5253290348524615
1800,0.011206250000000001,34.567152938154535,2.5252831815924881
1800,0.011209375000000001,34.567709559588288,2.5252372534488092
1800,0.0112125,34.568266340825488,2.5251912503202822
1800,0.011215625,34.568823281871033,2.5251451721056668
1800,0.011218750000000001,34.569380382729818,2.5250990187036266
1800,0.011221875000000001,34.569937643406732,2.5250527900127255
1800,0.011225000000000001,34.570495063906669,2.5250064859314332
1800,0.011228125,34.571052644234555,2.5249601063581211
1800,0.01123125,34.571610384395292,2.5249136511910635
1800,0.011234375000000001,34.572168284393783,2.524867120328437
1800,0.011237500000000001,34.572726344234944,2.5248205136683213
1800,0.011240625000000001,34.573284563923686,2.5247738311086994
1800,0.01124375,34.573842943464911,2.5247270725474551
1800,0.011246875,34.57440148286355,2.5246802378823761
1800,0.011250000000000001,34.574960182124514,2.5246333270111543
1800,0.011253125000000001,34.575519041252718,2.524586339831381
1800,0.011256250000000001,34.576078060253089,2.5245392762405516
1800,0.011259375,34.576637239130548,2.5244921361360642
1800,0.0112625,34.577196577890014,2.5244449194152194
1800,0.011265625000000001,34.577756076536403,2.5243976259752205
1800,0.011268750000000001,34.578315735074654,2.5243502557131721
1800,0.011271875000000001,34.578875553509697,2.5243028085260808
1800,0.011275,34.579435531846471,2.5242552843108585
1800,0.011278125,34.5799956700899,2.5242076829643176
1800,0.011281250000000001,34.580555968244916,2.5241600043831727
1800,0.011284375000000001,34.58111642631647,2.524112248464041
1800,0.011287500000000001,34.581677044309515,2.5240644151034419
1800,0.011290625,34.58223782222899,2.5240165041977978
1800,0.01129375,34.582798760079825,2.5239685156434315
1800,0.011296875000000001,34.583359857866974,2.5239204493365706
1800,0.011300000000000001,34.583921115595381,2.5238723051733438
1800,0.011303125000000001,34.584482533269998,2.5238240830497825
1800,0.01130625,34.58504411089578,2.5237757828618186
1800,0.011309375,34.585605848477677,2.523727404505288
1800,0.011312500000000001,34.586167746020656,2.5236789478759287
1800,0.011315625000000001,34.586729803529671,2.5236304128693789
1800,0.011318750000000001,34.587292021009681,2.5235817993811804
1800,0.011321875,34.587854398465659,2.5235331073067768
1800,0.011325,34.588416935902558,2.5234843365415141
1800,0.011328125000000001,34.588979633325344,2.5234354869806404
1800,0.011331250000000001,34.589542490738992,2.5233865585193045
1800,0.011334375000000001,34.590105508148454,2.5233375510525593
1800,0.0113375,34.590668685558725,2.5232884644753577
1800,0.011340625,34.591232022974772,2.5232392986825549
1800,0.011343750000000001,34.591795520401561,2.5231900535689089
1800,0.011346875000000001,34.592359177844081,2.5231407290290799
1800,0.011350000000000001,34.592922995307305,2.5230913249576292
1800,0.011353125,34.593486972796214,2.523041841249019
1800,0.01135625,34.594051110315796,2.5229922777976146
1800,0.011359375,34.594615407871046,2.5229426344976829
1800,0.011362500000000001,34.595179865466953,2.522892911243392
1800,0.011365625000000001,34.595744483108497,2.5228431079288129
1800,0.01136875,34.596309260800673,2.5227932244479172
1800,0.011371875,34.59687419854847,2.522743260694579
1800,0.011375,34.597439296356896,2.5226932165625744
1800,0.011378125000000001,34.59800455423094,2.5226430919455809
1800,0.011381250000000001,34.598569972175596,2.522592886737177
1800,0.011384375,34.599135550195868,2.5225426008308429
1800,0.0113875,34.599701288296764,2.5224922341199627
1800,0.011390625,34.600267186483279,2.5224417864978195
1800,0.011393750000000001,34.60083324476043,2.5223912578575978
1800,0.011396875000000001,34.601399463133212,2.5223406480923849
1800,0.0114,34.601965841606649,2.52228995709517
1800,0.011403125,34.60253238018575,2.5222391847588432
1800,0.01140625,34.603099078875523,2.5221883309761957
1800,0.011409375000000001,34.603665937680994,2.5221373956399211
1800,0.011412500000000001,34.604232956607184,2.5220863786426131
1800,0.011415625,34.604800135659119,2.5220352798767691
1800,0.01141875,34.605367474841813,2.5219840992347859
1800,0.011421875,34.605934974160292,2.5219328366089631
1800,0.011425000000000001,34.60650263361957,2.5218814918915
1800,0.011428125000000001,34.607070453224679,2.5218300649745
1800,0.01143125,34.60763843298065,2.5217785557499655
1800,0.011434375,34.60820657289252,2.5217269641098006
1800,0.0114375,34.60877487296532,2.5216752899458115
1800,0.011440625000000001,34.609343333204095,2.5216235331497043
1800,0.011443750000000001,34.609911953613874,2.521571693613089
1800,0.011446875,34.610480734199705,2.5215197712274744
1800,0.01145,34.611049674966623,2.5214677658842723
1800,0.011453125,34.611618775919681,2.5214156774747942
1800,0.011456250000000001,34.612188037063916,2.5213635058902537
1800,0.011459375000000001,34.612757458404381,2.5213112510217668
1800,0.0114625,34.613327039946128,2.5212589127603477
1800,0.011465625,34.613896781694201,2.5212064909969141
1800,0.01146875,34.614466683653653,2.5211539856222847
1800,0.011471875000000001,34.615036745829535,2.5211013965271798
1800,0.011475000000000001,34.615606968226913,2.5210487236022194
1800,0.011478125,34.616177350850833,2.5209959667379249
1800,0.01148125,34.616747893706346,2.5209431258247186
1800,0.011484375,34.617318596798533,2.520890200752925
1800,0.011487500000000001,34.617889460132446,2.520837191412769
1800,0.011490625000000001,34.618460483713164,2.5207840976943765
1800,0.01149375,34.619031667545748,2.5207309194877738
1800,0.011496875,34.61960301163527,2.5206776566828895
1800,0.0115,34.620174515986797,2.5206243091695537
1800,0.011503125000000001,34.620746180605408,2.5205708768374957
1800,0.011506250000000001,34.621318005496178,2.5205173595763464
1800,0.011509375000000001,34.621889990664201,2.5204637572756377
1800,0.0115125,34.622462136114549,2.5204100698248029
1800,0.011515625,34.623034441852305,2.5203562971131754
1800,0.011518750000000001,34.623606907882532,2.5203024390299906
1800,0.011521875000000001,34.624179534210327,2.5202484954643838
1800,0.011525000000000001,34.624752320840777,2.5201944663053926
1800,0.011528125,34.625325267778969,2.5201403514419534
1800,0.01153125,34.625898375029998,2.5200861507629049
1800,0.011534375000000001,34.62647164259895,2.5200318641569859
1800,0.011537500000000001,34.627045070490929,2.519977491512837
1800,0.011540625000000001,34.627618658711022,2.5199230327189985
1800,0.01154375,34.628192407264336,2.5198684876639121
1800,0.011546875,34.628766316155968,2.5198138562359209
1800,0.011550000000000001,34.629340385391018,2.5197591383232676
1800,0.011553125000000001,34.629914614974588,2.5197043338140972
1800,0.011556250000000001,34.63048900491178,2.5196494425964535
1800,0.011559375,34.63106355520771,2.5195944645582822
1800,0.0115625,34.63163826586748,2.5195393995874298
1800,0.011565625000000001,34.632213136896198,2.519484247571643
1800,0.011568750000000001,34.63278816829898,2.5194290083985691
1800,0.011571875000000001,34.633363360080935,2.5193736819557575
1800,0.011575,34.633938712247179,2.519318268130657
1800,0.011578125,34.634514224802835,2.5192627668106162
1800,0.011581250000000001,34.635089897753026,2.519207177882886
1800,0.011584375000000001,34.635665731102868,2.5191515012346173
1800,0.011587500000000001,34.636241724857491,2.5190957367528624
1800,0.011590625,34.636817879022018,2.5190398843245729
1800,0.01159375,34.63739419360158,2.5189839438366013
1800,0.011596875000000001,34.637970668601298,2.5189279151757025
1800,0.011600000000000001,34.638547304026311,2.5188717982285294
1800,0.011603125000000001,34.639124099881748,2.5188155928816363
1800,0.01160625,34.63970105617274,2.5187592990214784
1800,0.011609375,34.640278172904431,2.5187029165344126
1800,0.011612500000000001,34.640855450081958,2.5186464453066941
1800,0.011615625000000001,34.641432887710458,2.5185898852244799
1800,0.011618750000000001,34.642010485795083,2.5185332361738282
1800,0.011621875,34.642588244340971,2.5184764980406964
1800,0.011625,34.64316616335325,2.5184196707109425
1800,0.011628125000000001,34.643744242837073,2.5183627540703259
1800,0.011631250000000001,34.644322482797591,2.5183057480045057
1800,0.011634375000000001,34.644900883239963,2.5182486523990413
1800,0.0116375,34.645479444169339,2.5181914671393932
1800,0.011640625,34.646058165590873,2.5181341921109213
1800,0.011643750000000001,34.646637047509721,2.5180768271988869
1800,0.011646875000000001,34.647216089931035,2.5180193722884519
1800,0.011650000000000001,34.647795292859989,2.5179618272646778
1800,0.011653125,34.648374656301741,2.5179041920125269
1800,0.01165625,34.648954180261448,2.5178464664168625
1800,0.011659375000000001,34.649533864744278,2.5177886503624474
1800,0.011662500000000001,34.650113709755395,2.5177307437339458
1800,0.011665625000000001,34.650693715299973,2.5176727464159216
1800,0.01166875,34.651273881383183,2.5176146582928398
1800,0.011671875,34.651854208010199,2.5175564792490639
1800,0.011675000000000001,34.652434695186194,2.5174982091688594
1800,0.011678125000000001,34.653015342916326,2.5174398479363918
1800,0.011681250000000001,34.653596151205797,2.5173813954357271
1800,0.011684375,34.654177120059778,2.5173228515508304
1800,0.0116875,34.65475824948345,2.5172642161655694
1800,0.011690625000000001,34.655339539482,2.5172054891637097
1800,0.011693750000000001,34.655920990060608,2.517146670428918
1800,0.011696875000000001,34.65650260122446,2.5170877598447627
1800,0.0117,34.657084372978751,2.5170287572947112
1800,0.011703125,34.657666305328675,2.5169696626621314
1800,0.011706250000000001,34.658248398279405,2.5169104758302909
1800,0.011709375000000001,34.658830651836155,2.5168511966823583
1800,0.011712500000000001,34.659413066004106,2.5167918251014019
1800,0.011715625,34.659995640788459,2.5167323609703915
1800,0.01171875,34.660578376194408,2.5166728041721966
1800,0.011721875000000001,34.661161272227162,2.5166131545895856
1800,0.011725000000000001,34.661744328891913,2.5165534121052291
1800,0.011728125000000001,34.662327546193872,2.5164935766016971
1800,0.01173125,34.662910924138245,2.5164336479614597
1800,0.011734375,34.663494462730249,2.516373626066887
1800,0.011737500000000001,34.664078161975084,2.5163135108002495
1800,0.011740625000000001,34.664662021877966,2.5162533020437179
1800,0.011743750000000001,34.66524604244411,2.5161929996793644
1800,0.011746875,34.665830223678718,2.5161326035891589
1800,0.01175,34.666414565587019,2.5160721136549733
1800,0.011753125000000001,34.666999068174228,2.5160115297585799
1800,0.011756250000000001,34.667583731445561,2.5159508517816502
1800,0.011759375000000001,34.66816855540624,2.5158900796057555
1800,0.0117625,34.668753540061473,2.5158292131123678
1800,0.011765625,34.669338685416506,2.5157682521828608
1800,0.01176875,34.669923991476551,2.5157071966985067
1800,0.011771875000000001,34.670509458246855,2.5156460465404775
1800,0.011775000000000001,34.671095085732638,2.5155848015898465
1800,0.011778125,34.671680873939138,2.5155234617275859
1800,0.01178125,34.672266822871578,2.51546202683457
1800,0.011784375,34.672852932535186,2.5154004967915715
1800,0.011787500000000001,34.673439202935207,2.5153388714792642
1800,0.011790625000000001,34.674025634076884,2.5152771507782208
1800,0.01179375,34.674612225965461,2.515215334568917
1800,0.011796875,34.675198978606183,2.5151534227317258
1800,0.0118,34.675785892004278,2.5150914151469221
1800,0.011803125000000001,34.676372966165012,2.5150293116946782
1800,0.011806250000000001,34.676960201093628,2.5149671122550696
1800,0.011809375,34.677547596795378,2.5149048167080714
1800,0.0118125,34.678135153275512,2.5148424249335584
1800,0.011815625,34.678722870539268,2.5147799368113044
1800,0.011818750000000001,34.679310748591902,2.514717352220984
1800,0.011821875000000001,34.679898787438681,2.5146546710421722
1800,0.011825,34.680486987084855,2.5145918931543436
1800,0.011828125,34.681075347535682,2.5145290184368747
1800,0.01183125,34.68166386879642,2.5144660467690398
1800,0.011834375000000001,34.682252550872342,2.5144029780300143
1800,0.011837500000000001,34.682841393768705,2.5143398120988749
1800,0.011840625,34.683430397490774,2.5142765488545966
1800,0.01184375,34.684019562043822,2.514213188176055
1800,0.011846875,34.684608887433129,2.5141497299420261
1800,0.011850000000000001,34.685198373663951,2.5140861740311862
1800,0.011853125000000001,34.685788020741569,2.5140225203221109
1800,0.01185625,34.686377828671255,2.5139587686932772
1800,0.011859375,34.686967797458287,2.5138949190230617
1800,0.0118625,34.687557927107939,2.5138309711897397
1800,0.011865625000000001,34.688148217625496,2.5137669250714887
1800,0.011868750000000001,34.688738669016232,2.5137027805463852
1800,0.011871875,34.689329281285431,2.5136385374924055
1800,0.011875,34.689920054438375,2.5135741957874274
1800,0.011878125,34.690510988480355,2.5135097553092263
1800,0.011881250000000001,34.691102083416659,2.5134452159354805
1800,0.011884375000000001,34.691693339252581,2.5133805775437668
1800,0.0118875,34.692284755993391,2.5133158400115625
1800,0.011890625,34.692876333644392,2.5132510032162463
1800,0.01189375,34.693468072210884,2.5131860670350945
1800,0.011896875000000001,34.694059971698152,2.5131210313452854
1800,0.011900000000000001,34.694652032111506,2.5130558960238965
1800,0.011903125000000001,34.695244253456245,2.512990660947906
1800,0.01190625,34.695836635737663,2.5129253259941922
1800,0.011909375,34.696429178961068,2.512859891039533
1800,0.011912500000000001,34.697021883131761,2.5127943559606072
1800,0.011915625000000001,34.697614748255056,2.512728720633993
1800,0.011918750000000001,34.698207774336261,2.5126629849361692
1800,0.011921875,34.69880096138067,2.5125971487435139
1800,0.011925,34.69939430939359,2.512531211932306
1800,0.011928125000000001,34.699987818380343,2.512465174378725
1800,0.011931250000000001,34.700581488346245,2.5123990359588499
1800,0.011934375000000001,34.701175319296617,2.512332796548661
1800,0.0119375,34.701769311236767,2.5122664560240375
1800,0.011940625,34.702363464172024,2.5122000142607583
1800,0.011943750000000001,34.702957778107695,2.5121334711345029
1800,0.011946875000000001,34.703552253049111,2.5120668265208526
1800,0.011950000000000001,34.704146889001592,2.512000080295286
1800,0.011953125,34.704741685970468,2.5119332323331847
1800,0.01195625,34.705336643961061,2.5118662825098288
1800,0.011959375000000001,34.705931762978707,2.5117992307003991
1800,0.011962500000000001,34.706527043028721,2.511732076779976
1800,0.011965625000000001,34.707122484116439,2.5116648206235408
1800,0.01196875,34.707718086247205,2.5115974621059753
1800,0.011971875,34.708313849426339,2.5115300011020611
1800,0.011975000000000001,34.708909773659187,2.5114624374864793
1800,0.011978125000000001,34.70950585895109,2.5113947711338116
1800,0.011981250000000001,34.710102105307385,2.5113270019185392
1800,0.011984375,34.710698512733408,2.5112591297150457
1800,0.0119875,34.71129508123451,2.5111911543976135
1800,0.011990625000000001,34.711891810816041,2.511123075840425
1800,0.011993750000000001,34.712488701483352,2.5110548939175636
1800,0.011996875000000001,34.713085753241778,2.5109866085030115
1800,0.012,34.71368296609667,2.5109182194706534
1800,0.012003125,34.714280340053378,2.5108497266942718
1800,0.012006250000000001,34.714877875117253,2.5107811300475515
1800,0.012009375000000001,34.715475571293659,2.5107124294040761
1800,0.012012500000000001,34.71607342858794,2.5106436246373312
1800,0.012015625,34.716671447005453,2.510574715620701
1800,0.01201875,34.717269626551563,2.5105057022274715
1800,0.012021875000000001,34.717867967231633,2.5104365843308281
1800,0.012025000000000001,34.718466469051016,2.5103673618038558
1800,0.012028125000000001,34.719065132015089,2.5102980345195411
1800,0.01203125,34.71966395612921,2.5102286023507698
1800,0.012034375,34.720262941398737,2.5101590651703294
1800,0.012037500000000001,34.72086208782904,2.5100894228509061
1800,0.012040625000000001,34.721461395425493,2.5100196752650872
1800,0.012043750000000001,34.722060864193459,2.5099498222853613
1800,0.012046875,34.72266049413831,2.5098798637841164
1800,0.01205,34.723260285265418,2.5098097996336399
1800,0.012053125000000001,34.723860237580176,2.5097396297061216
1800,0.012056250000000001,34.724460351087963,2.5096693538736514
1800,0.012059375000000001,34.725060625794157,2.5095989720082179
1800,0.0120625,34.72566106170413,2.5095284839817107
1800,0.012065625,34.726261658823262,2.5094578896659208
1800,0.012068750000000001,34.726862417156944,2.5093871889325388
1800,0.012071875000000001,34.727463336710557,2.5093163816531567
1800,0.012075000000000001,34.728064417489485,2.5092454676992659
1800,0.012078125,34.728665659499121,2.5091744469422581
1800,0.01208125,34.72926706274486,2.509103319253426
1800,0.012084375000000001,34.729868627232086,2.5090320845039624
1800,0.012087500000000001,34.730470352966186,2.5089607425649616
1800,0.012090625000000001,34.731072239952567,2.5088892933074174
1800,0.01209375,34.731674288196615,2.5088177366022246
1800,0.012096875,34.732276497703744,2.5087460723201787
1800,0.012100000000000001,34.732878868479339,2.5086743003319745
1800,0.012103125000000001,34.733481400528795,2.5086024205082089
1800,0.012106250000000001,34.734084093857511,2.5085304327193785
1800,0.012109375,34.734686948470909,2.508458336835881
1800,0.0121125,34.735289964374374,2.5083861327280137
1800,0.012115625000000001,34.735893141573328,2.5083138202659754
1800,0.012118750000000001,34.736496480073171,2.5082413993198647
1800,0.012121875000000001,34.737099979879318,2.5081688697596816
1800,0.012125,34.737703640997189,2.5080962314553261
1800,0.012128125,34.738307463432179,2.5080234842765994
1800,0.012131250000000001,34.738911447189714,2.5079506280932025
1800,0.012134375000000001,34.739515592275211,2.5078776627747388
1800,0.012137500000000001,34.740119898694076,2.5078045881907105
1800,0.012140625,34.74072436645173,2.5077314042105217
1800,0.01214375,34.741328995553602,2.5076581107034759
1800,0.012146875000000001,34.741933786005113,2.5075847075387783
1800,0.012150000000000001,34.742538737811678,2.5075111945855344
1800,0.012153125000000001,34.743143850978711,2.5074375717127508
1800,0.01215625,34.743749125511648,2.5073638387893342
1800,0.012159375,34.744354561415925,2.5072899956840922
1800,0.012162500000000001,34.744960158696969,2.5072160422657341
1800,0.012165625000000001,34.745565917360203,2.5071419784028697
1800,0.012168750000000001,34.746171837411062,2.5070678039640089
1800,0.012171875,34.746777918854981,2.5069935188175632
1800,0.012175,34.74738416169739,2.5069191228318441
1800,0.012178125000000001,34.747990565943738,2.5068446158750644
1800,0.012181250000000001,34.748597131599446,2.5067699978153377
1800,0.012184375000000001,34.749203858669951,2.5066952685206791
1800,0.0121875,34.749810747160709,2.5066204278590045
1800,0.012190625,34.750417797077148,2.5065454756981294
1800,0.01219375,34.751025008424719,2.506470411905771
1800,0.012196875000000001,34.751632381208864,2.5063952363495474
1800,0.012200000000000001,34.752239915435034,2.5063199488969778
1800,0.012203125,34.752847611108663,2.5062445494154821
1800,0.01220625,34.753455468235209,2.5061690377723824
1800,0.012209375,34.754063486820129,2.5060934138348996
1800,0.012212500000000001,34.754671666868859,2.5060176774701572
1800,0.012215625000000001,34.755280008386869,2.5059418285451796
1800,0.01221875,34.755888511379602,2.5058658669268912
1800,0.012221875,34.756497175852509,2.5057897924821182
1800,0.012225,34.757106001811067,2.505713605077589
1800,0.012228125000000001,34.75771498926072,2.5056373045799312
1800,0.012231250000000001,34.75832413820693,2.505560890855675
1800,0.012234375,34.758933448655171,2.5054843637712501
1800,0.0122375,34.759542920610897,2.5054077231929885
1800,0.012240625,34.760152554079575,2.5053309689871246
1800,0.012243750000000001,34.76076234906666,2.505254101019792
1800,0.012246875000000001,34.761372305577623,2.5051771191570249
1800,0.01225,34.761982423617944,2.5051000232647613
1800,0.012253125,34.762592703193086,2.5050228132088379
1800,0.01225625,34.763203144308527,2.504945488854994
1800,0.012259375000000001,34.763813746969738,2.5048680500688696
1800,0.012262500000000001,34.764424511182192,2.5047904967160073
1800,0.012265625,34.765035436951365,2.5047128286618507
1800,0.01226875,34.765646524282744,2.5046350457717437
1800,0.012271875,34.766257773181799,2.5045571479109321
1800,0.012275000000000001,34.766869183654016,2.5044791349445621
1800,0.012278125000000001,34.767480755704881,2.504401006737683
1800,0.01228125,34.768092489339864,2.5043227631552449
1800,0.012284375,34.768704384564451,2.5042444040620979
1800,0.0122875,34.76931644138412,2.5041659293229959
1800,0.012290625000000001,34.769928659804364,2.5040873388025924
1800,0.012293750000000001,34.770541039830661,2.5040086323654434
1800,0.012296875000000001,34.771153581468511,2.5039298098760057
1800,0.0123,34.771766284723412,2.503850871198638
1800,0.012303125,34.772379149600866,2.5037718161976015
1800,0.012306250000000001,34.772992176106342,2.5036926447370584
1800,0.012309375000000001,34.773605364245348,2.5036133566810719
1800,0.012312500000000001,34.77421871402337,2.5035339518936071
1800,0.012315625,34.774832225445927,2.5034544302385306
1800,0.01231875,34.775445898518505,2.5033747915796112
1800,0.012321875000000001,34.776059733246598,2.5032950357805182
1800,0.012325000000000001,34.776673729635704,2.5032151627048234
1800,0.012328125000000001,34.777287887691337,2.503135172216
1800,0.01233125,34.777902207419011,2.5030550641774236
1800,0.012334375,34.778516688824219,2.5029748384523716
1800,0.012337500000000001,34.779131331912467,2.5028944949040217
1800,0.012340625000000001,34.779746136689269,2.5028140333954552
1800,0.012343750000000001,34.780361103160139,2.5027334537896544
1800,0.012346875,34.780976231330584,2.5026527559495038
1800,0.01235,34.78159152120611,2.5025719397377904
1800,0.012353125000000001,34.782206972792238,2.5024910050172009
1800,0.012356250000000001,34.782822586094483,2.5024099516503262
1800,0.012359375000000001,34.783438361118371,2.5023287794996576
1800,0.0123625,34.784054297869417,2.5022474884275905
1800,0.012365625,34.784670396353121,2.5021660782964199
1800,0.012368750000000001,34.785286656575025,2.5020845489683441
1800,0.012371875000000001,34.785903078540642,2.5020029003054627
1800,0.012375000000000001,34.786519662255486,2.5019211321697781
1800,0.012378125,34.787136407725086,2.5018392444231941
1800,0.01238125,34.787753314954976,2.5017572369275176
1800,0.012384375000000001,34.788370383950685,2.5016751095444567
1800,0.012387500000000001,34.788987614717733,2.5015928621356225
1800,0.012390625000000001,34.789605007261649,2.5015104945625271
1800,0.01239375,34.790222561587974,2.5014280066865857
1800,0.012396875,34.79084027770223,2.5013453983691152
1800,0.012400000000000001,34.791458155609952,2.5012626694713358
1800,0.012403125000000001,34.792076195316675,2.501179819854368
1800,0.012406250000000001,34.79269439682794,2.5010968493792376
1800,0.012409375,34.793312760149284,2.5010137579068701
1800,0.0124125,34.793931285286241,2.5009305452980946
1800,0.012415625000000001,34.794549972244361,2.5008472114136424
1800,0.012418750000000001,34.795168821029172,2.5007637561141478
1800,0.012421875000000001,34.79578783164623,2.5006801792601459
1800,0.012425,34.796407004101063,2.5005964807120757
1800,0.012428125,34.79702633839922,2.5005126603302781
1800,0.012431250000000001,34.797645834546259,2.5004287179749976
1800,0.012434375000000001,34.798265492547714,2.5003446535063802
1800,0.012437500000000001,34.798885312409148,2.5002604667844741
1800,0.012440625,34.799505294136104,2.5001761576692298
1800,0.01244375,34.800125437734131,2.5000917260205022
1800,0.012446875000000001,34.800745743208779,2.5000071716980479
1800,0.012450000000000001,34.801366210565611,2.4999224945615275
1800,0.012453125000000001,34.801986839810169,2.4998376944705023
1800,0.01245625,34.802607630948017,2.4997527712844372
1800,0.012459375,34.803228583984719,2.4996677248626997
1800,0.012462500000000001,34.803849698925831,2.4995825550645603
1800,0.012465625000000001,34.804470975776901,2.4994972617491924
1800,0.012468750000000001,34.805092414543488,2.4994118447756724
1800,0.012471875,34.805714015231175,2.4993263040029783
1800,0.012475,34.806335777845511,2.4992406392899928
1800,0.012478125000000001,34.806957702392076,2.499154850495501
1800,0.012481250000000001,34.807579788876431,2.4990689374781905
1800,0.012484375000000001,34.808202037304142,2.4989829000966526
1800,0.0124875,34.808824447680784,2.4988967382093805
1800,0.012490625,34.809447020011909,2.4988104516747711
1800,0.012493750000000001,34.8100697543031,2.4987240403511253
1800,0.012496875000000001,34.810692650559929,2.4986375040966466
1800,0.012500000000000001,34.811315708787966,2.4985508427694407
1800,0.012503125,34.811938928992781,2.498464056227518
1800,0.01250625,34.81256231117996,2.4983771443287912
1800,0.012509375000000001,34.81318585535508,2.4982901069310759
1800,0.012512500000000001,34.813809561523712,2.4982029438920916
1800,0.012515625000000001,34.814433429691434,2.4981156550694612
1800,0.01251875,34.81505745986383,2.498028240320711
1800,0.012521875,34.815681652046493,2.4979406995032698
1800,0.012525000000000001,34.816306006244993,2.4978530324744708
1800,0.012528125000000001,34.816930522464922,2.4977652390915503
1800,0.012531250000000001,34.817555200711865,2.4976773192116482
1800,0.012534375,34.818180040991408,2.4975892726918065
1800,0.0125375,34.818805043309133,2.4975010993889737
1800,0.012540625000000001,34.819430207670642,2.4974127991599993
1800,0.012543750000000001,34.820055534081511,2.4973243718616374
1800,0.012546875000000001,34.82068102254734,2.4972358173505458
1800,0.01255,34.821306673073721,2.497147135483285
1800,0.012553125,34.821932485666238,2.4970583261163206
1800,0.012556250000000001,34.822558460330498,2.4969693891060212
1800,0.012559375000000001,34.823184597072093,2.4968803243086595
1800,0.012562500000000001,34.823810895896621,2.4967911315804114
1800,0.012565625,34.824437356809675,2.4967018107773566
1800,0.01256875,34.825063979816861,2.4966123617554801
1800,0.012571875000000001,34.825690764923777,2.4965227843706685
1800,0.012575000000000001,34.826317712136024,2.4964330784787139
1800,0.012578125000000001,34.826944821459215,2.4963432439353124
1800,0.01258125,34.827572092898947,2.4962532805960636
1800,0.012584375,34.828199526460814,2.4961631883164714
1800,0.012587500000000001,34.828827122150436,2.4960729669519441
1800,0.012590625000000001,34.829454879973412,2.4959826163577929
1800,0.012593750000000001,34.830082799935354,2.4958921363892337
1800,0.012596875,34.830710882041878,2.495801526901388
1800,0.0126,34.831339126298587,2.4957107877492795
1800,0.012603125,34.831967532711097,2.495619918787837
1800,0.012606250000000001,34.832596101285013,2.4955289198718935
1800,0.012609375000000001,34.833224832025955,2.4954377908561871
1800,0.0126125,34.833853724939544,2.4953465315953589
1800,0.012615625,34.834482780031387,2.4952551419439559
1800,0.01261875,34.835111997307102,2.4951636217564284
1800,0.012621875000000001,34.835741376772319,2.4950719708871305
1800,0.012625000000000001,34.836370918432657,2.4949801891903225
1800,0.012628125,34.837000622293722,2.4948882765201681
1800,0.01263125,34.83763048836115,2.4947962327307365
1800,0.012634375,34.83826051664056,2.4947040576760005
1800,0.012637500000000001,34.83889070713758,2.4946117512098378
1800,0.012640625000000001,34.83952105985783,2.4945193131860308
1800,0.01264375,34.840151574806939,2.4944267434582676
1800,0.012646875,34.840782251990532,2.4943340418801392
1800,0.01265,34.841413091414239,2.4942412083051431
1800,0.012653125000000001,34.842044093083686,2.494148242586681
1800,0.012656250000000001,34.842675257004501,2.4940551445780597
1800,0.012659375,34.843306583182319,2.4939619141324907
1800,0.0126625,34.843938071622773,2.4938685511030902
1800,0.012665625,34.844569722331499,2.4937750553428795
1800,0.012668750000000001,34.845201535314132,2.4936814267047849
1800,0.012671875000000001,34.845833510576306,2.493587665041638
1800,0.012675000000000001,34.846465648123655,2.4934937702061761
1800,0.012678125,34.847097947961821,2.4933997420510408
1800,0.01268125,34.847730410096432,2.4933055804287783
1800,0.012684375000000001,34.848363034533143,2.4932112851918418
1800,0.012687500000000001,34.848995821277576,2.4931168561925876
1800,0.012690625000000001,34.849628770335386,2.4930222932832788
1800,0.01269375,34.850261881712214,2.4929275963160844
1800,0.012696875,34.850895155413703,2.4928327651430768
1800,0.012700000000000001,34.851528591445508,2.4927377996162354
1800,0.012703125000000001,34.852162189813271,2.4926426995874449
1800,0.012706250000000001,34.852795950522633,2.4925474649084949
1800,0.012709375,34.853429873579252,2.4924520954310809
1800,0.0127125,34.854063958988775,2.4923565910068035
1800,0.012715625000000001,34.854698206756844,2.4922609514871699
1800,0.012718750000000001,34.855332616889129,2.4921651767235922
1800,0.012721875000000001,34.855967189391272,2.4920692665673885
1800,0.012725,34.856601924268929,2.4919732208697827
1800,0.012728125,34.857236821527749,2.4918770394819036
1800,0.012731250000000001,34.857871881173388,2.4917807222547883
1800,0.012734375000000001,34.858507103211515,2.4916842690393768
1800,0.012737500000000001,34.859142487647773,2.4915876796865173
1800,0.012740625,34.859778034487832,2.491490954046963
1800,0.01274375,34.86041374373734,2.4913940919713724
1800,0.012746875000000001,34.86104961540196,2.4912970933103105
1800,0.012750000000000001,34.861685649487356,2.4911999579142492
1800,0.012753125000000001,34.86232184599919,2.4911026856335656
1800,0.01275625,34.862958204943119,2.4910052763185431
1800,0.012759375,34.863594726324827,2.4909077298193716
1800,0.012762500000000001,34.864231410149969,2.4908100459861475
1800,0.012765625000000001,34.864868256424209,2.4907122246688735
1800,0.012768750000000001,34.86550526515321,2.4906142657174586
1800,0.012771875,34.866142436342649,2.490516168981717
1800,0.012775,34.866779769998196,2.4904179343113704
1800,0.012778125000000001,34.867417266125507,2.4903195615560474
1800,0.012781250000000001,34.868054924730266,2.4902210505652831
1800,0.012784375000000001,34.868692745818151,2.4901224011885184
1800,0.0127875,34.869330729394825,2.4900236132750999
1800,0.012790625,34.869968875465958,2.489924686674283
1800,0.012793750000000001,34.870607184037233,2.4898256212352297
1800,0.012796875000000001,34.871245655114329,2.4897264168070072
1800,0.012800000000000001,34.871884288702923,2.4896270732385912
1800,0.012803125,34.872523084808691,2.4895275903788616
1800,0.01280625,34.873162043437318,2.4894279680766074
1800,0.012809375000000001,34.873801164594475,2.4893282061805238
1800,0.012812500000000001,34.874440448285839,2.4892283045392141
1800,0.012815625000000001,34.875079894517093,2.4891282630011866
1800,0.01281875,34.875719503293936,2.4890280814148582
1800,0.012821875,34.87635927462204,2.4889277596285524
1800,0.012825000000000001,34.876999208507094,2.4888272974904995
1800,0.012828125000000001,34.877639304954783,2.4887266948488387
1800,0.012831250000000001,34.878279563970793,2.4886259515516147
1800,0.012834375,34.878919985560799,2.4885250674467794
1800,0.0128375,34.879560569730501,2.4884240423821931
1800,0.012840625000000001,34.880201316485582,2.4883228762056233
1800,0.012843750000000001,34.880842225831735,2.4882215687647453
1800,0.012846875000000001,34.881483297774651,2.4881201199071405
1800,0.01285,34.882124532320013,2.4880185294802986
1800,0.012853125,34.882765929473528,2.4879167973316165
1800,0.012856250000000001,34.883407489240888,2.4878149233084002
1800,0.012859375000000001,34.884049211627776,2.4877129072578619
1800,0.012862500000000001,34.884691096639905,2.4876107490271222
1800,0.012865625,34.885333144282967,2.4875084484632093
1800,0.01286875,34.885975354562653,2.4874060054130589
1800,0.012871875000000001,34.886617727484662,2.4873034197235158
1800,0.012875000000000001,34.887260263054685,2.4872006912413305
1800,0.012878125000000001,34.887902961278428,2.4870978198131644
1800,0.01288125,34.888545822161596,2.4869948052855846
1800,0.012884375,34.889188845709882,2.4868916475050677
1800,0.012887500000000001,34.889832031928997,2.4867883463179972
1800,0.012890625000000001,34.89047538082464,2.4866849015706647
1800,0.012893750000000001,34.89111889240251,2.4865813131092707
1800,0.012896875,34.891762566668312,2.4864775807799244
1800,0.0129,34.89240640362776,2.4863737044286425
1800,0.012903125000000001,34.893050403286551,2.4862696839013507
1800,0.012906250000000001,34.893694565650407,2.4861655190438832
1800,0.012909375000000001,34.894338890725024,2.4860612097019814
1800,0.0129125,34.894983378516109,2.4859567557212974
1800,0.012915625,34.895628029029382,2.4858521569473906
1800,0.012918750000000001,34.896272842270541,2.4857474132257278
1800,0.012921875000000001,34.896917818245321,2.4856425244016864
1800,0.012925000000000001,34.897562956959419,2.4855374903205529
1800,0.012928125,34.898208258418563,2.48543231082752
1800,0.01293125,34.898853722628452,2.4853269857676916
1800,0.012934375000000001,34.899499349594798,2.4852215149860801
1800,0.012937500000000001,34.900145139323328,2.4851158983276069
1800,0.012940625000000001,34.900791091819755,2.485010135637101
1800,0.01294375,34.901437207089799,2.4849042267593022
1800,0.012946875,34.90208348513918,2.4847981715388583
1800,0.012950000000000001,34.90272992597361,2.4846919698203265
1800,0.012953125000000001,34.903376529598809,2.4845856214481739
1800,0.012956250000000001,34.904023296020497,2.4844791262667751
1800,0.012959375,34.904670225244402,2.4843724841204162
1800,0.0129625,34.905317317276236,2.4842656948532911
1800,0.012965625000000001,34.905964572121718,2.4841587583095035
1800,0.012968750000000001,34.90661198978659,2.4840516743330663
1800,0.012971875000000001,34.907259570276572,2.4839444427679029
1800,0.012975,34.907907313597377,2.4838370634578459
1800,0.012978125,34.908555219754746,2.4837295362466372
1800,0.012981250000000001,34.909203288754398,2.4836218609779284
1800,0.012984375000000001,34.909851520602068,2.4835140374952811
1800,0.012987500000000001,34.910499915303475,2.4834060656421664
1800,0.012990625,34.911148472864355,2.4832979452619659
1800,0.01299375,34.911797193290425,2.4831896761979704
1800,0.012996875000000001,34.912446076587422,2.4830812582933817
1800,0.013000000000000001,34.913095122761078,2.4829726913913093
1800,0.013003125000000001,34.913744331817128,2.4828639753347748
1800,0.01300625,34.914393703761299,2.4827551099667096
1800,0.013009375,34.915043238599338,2.4826460951299558
1800,0.0130125,34.915692936336974,2.4825369306672647
1800,0.013015625000000001,34.916342796979947,2.4824276164212975
1800,0.013018750000000001,34.916992820533984,2.4823181522346269
1800,0.013021875,34.917643007004834,2.4822085379497354
1800,0.013025,34.918293356398216,2.4820987734090161
1800,0.013028125,34.918943868719886,2.4819888584547725
1800,0.013031250000000001,34.919594543975577,2.4818787929292196
1800,0.013034375000000001,34.920245382171032,2.4817685766744826
1800,0.0130375,34.920896383311991,2.4816582095325961
1800,0.013040625,34.921547547404188,2.481547691345507
1800,0.01304375,34.922198874453358,2.4814370219550721
1800,0.013046875000000001,34.922850364465255,2.4813262012030601
1800,0.013050000000000001,34.923502017445621,2.4812152289311493
1800,0.013053125,34.924153833400204,2.4811041049809295
1800,0.01305625,34.924805812334746,2.4809928291939016
1800,0.013059375,34.925457954254981,2.4808814014114784
1800,0.013062500000000001,34.926110259166656,2.4807698214749827
1800,0.013065625000000001,34.926762727075527,2.4806580892256491
1800,0.013068750000000001,34.927415357987343,2.4805462045046238
1800,0.013071875,34.928068151907858,2.4804341671529628
1800,0.013075,34.928721108842801,2.4803219770116356
1800,0.013078125000000001,34.92937422879794,2.4802096339215209
1800,0.013081250000000001,34.930027511779016,2.4800971377234102
1800,0.013084375000000001,34.930680957791786,2.4799844882580064
1800,0.0130875,34.931334566841997,2.4798716853659242
1800,0.013090625,34.93198833893539,2.4797587288876901
1800,0.013093750000000001,34.932642274077729,2.4796456186637417
1800,0.013096875000000001,34.933296372274761,2.4795323545344288
1800,0.013100000000000001,34.933950633532255,2.4794189363400134
1800,0.013103125,34.934605057855954,2.4793053639206692
1800,0.01310625,34.93525964525162,2.4791916371164811
1800,0.013109375000000001,34.935914395725,2.4790777557674466
1800,0.013112500000000001,34.93656930928185,2.4789637197134757
1800,0.013115625000000001,34.937224385927934,2.4788495287943908
1800,0.01311875,34.937879625669012,2.4787351828499258
1800,0.013121875,34.938535028510842,2.4786206817197272
1800,0.013125000000000001,34.93919059445917,2.4785060252433531
1800,0.013128125000000001,34.939846323519767,2.478391213260275
1800,0.013131250000000001,34.940502215698402,2.4782762456098761
1800,0.013134375,34.941158271000823,2.4781611221314535
1800,0.0131375,34.941814489432787,2.4780458426642151
1800,0.013140625000000001,34.942470871000062,2.4779304070472823
1800,0.013143750000000001,34.94312741570841,2.477814815119689
1800,0.013146875000000001,34.943784123563603,2.477699066720382
1800,0.01315,34.944440994571401,2.4775831616882216
1800,0.013153125,34.945098028737569,2.4774670998619808
1800,0.013156250000000001,34.94575522606786,2.4773508810803455
1800,0.013159375000000001,34.946412586568051,2.4772345051819142
1800,0.013162500000000001,34.947070110243907,2.4771179720051979
1800,0.013165625,34.947727797101187,2.4770012813886217
1800,0.01316875,34.94838564714567,2.4768844331705244
1800,0.013171875000000001,34.949043660383126,2.4767674271891567
1800,0.013175000000000001,34.949701836819315,2.4766502632826835
1800,0.013178125000000001,34.950360176460016,2.4765329412891832
1800,0.01318125,34.951018679310984,2.4764154610466469
1800,0.013184375,34.951677345378009,2.4762978223929801
1800,0.013187500000000001,34.952336174666861,2.4761800251660024
1800,0.013190625000000001,34.952995167183303,2.4760620692034463
1800,0.013193750000000001,34.953654322933104,2.4759439543429576
1800,0.013196875,34.954313641922042,2.4758256804220959
1800,0.0132,34.954973124155885,2.4757072472783359
1800,0.013203125000000001,34.955632769640403,2.4755886547490644
1800,0.013206250000000001,34.956292578381365,2.4754699026715841
1800,0.013209375000000001,34.956952550384557,2.4753509908831108
1800,0.0132125,34.957612685655754,2.4752319192207746
1800,0.013215625,34.958272984200732,2.4751126875216185
1800,0.013218750000000001,34.95893344602527,2.474993295622602
1800,0.013221875000000001,34.959594071135143,2.4748737433605985
1800,0.013225000000000001,34.960254859536128,2.4747540305723938
1800,0.013228125,34.96091581123401,2.4746341570946901
1800,0.01323125,34.961576926234571,2.4745141227641039
1800,0.013234375000000001,34.962238204543574,2.4743939274171649
1800,0.013237500000000001,34.962899646166804,2.4742735708903196
1800,0.013240625000000001,34.963561251110043,2.4741530530199274
1800,0.01324375,34.964223019379077,2.4740323736422636
1800,0.013246875,34.96488495097968,2.4739115325935175
1800,0.013250000000000001,34.965547045917639,2.473790529709794
1800,0.013253125000000001,34.966209304198728,2.4736693648271131
1800,0.013256250000000001,34.966871725828746,2.4735480377814101
1800,0.013259375,34.967534310813477,2.4734265484085336
1800,0.0132625,34.968197059158697,2.4733048965442483
1800,0.013265625000000001,34.968859970870191,2.4731830820242355
1800,0.013268750000000001,34.969523045953736,2.4730611046840902
1800,0.013271875000000001,34.970186284415128,2.4729389643593236
1800,0.013275,34.970849686260145,2.4728166608853623
1800,0.013278125,34.971513251494585,2.4726941940975489
1800,0.013281250000000001,34.972176980124217,2.4725715638311403
1800,0.013284375000000001,34.97284087215484,2.4724487699213098
1800,0.013287500000000001,34.973504927592238,2.4723258122031471
1800,0.013290625,34.9741691464422,2.4722026905116565
1800,0.01329375,34.974833528710512,2.4720794046817591
1800,0.013296875000000001,34.975498074402964,2.4719559545482919
1800,0.013300000000000001,34.976162783525346,2.4718323399460074
1800,0.013303125000000001,34.976827656083437,2.4717085607095739
1800,0.01330625,34.97749269208304,2.4715846166735767
1800,0.013309375,34.978157891529946,2.4714605076725165
1800,0.013312500000000001,34.97882325442994,2.4713362335408102
1800,0.013315625000000001,34.97948878078882,2.4712117941127927
1800,0.013318750000000001,34.980154470612376,2.4710871892227142
1800,0.013321875,34.980820323906393,2.4709624187047408
1800,0.013325,34.981486340676675,2.4708374823929562
1800,0.013328125000000001,34.982152520928999,2.4707123801213613
1800,0.013331250000000001,34.982818864669177,2.4705871117238725
1800,0.013334375000000001,34.983485371902994,2.4704616770343222
1800,0.0133375,34.984152042636246,2.4703360758864612
1800,0.013340625,34.984818876874733,2.4702103081139564
1800,0.013343750000000001,34.985485874624246,2.4700843735503928
1800,0.013346875000000001,34.986153035890574,2.4699582720292717
1800,0.013350000000000001,34.986820360679509,2.469832003384012
1800,0.013353125,34.987487848996857,2.4697055674479493
1800,0.01335625,34.988155500848407,2.4695789640543362
1800,0.013359375000000001,34.988823316239966,2.4694521930363438
1800,0.013362500000000001,34.989491295177324,2.4693252542270594
1800,0.013365625000000001,34.990159437666279,2.4691981474594891
1800,0.01336875,34.990827743712636,2.4690708725665549
1800,0.013371875,34.991496213322193,2.4689434293810981
1800,0.013375000000000001,34.992164846500756,2.4688158177358774
1800,0.013378125000000001,34.992833643254116,2.468688037463568
1800,0.013381250000000001,34.99350260358807,2.4685600883967647
1800,0.013384375,34.99417172750843,2.4684319703679787
1800,0.0133875,34.994841015020981,2.4683036832096401
1800,0.013390625000000001,34.995510466131542,2.4681752267540973
1800,0.013393750000000001,34.99618008084591,2.4680466008336155
1800,0.013396875000000001,34.996849859169878,2.4679178052803805
1800,0.0134,34.997519801109256,2.4677888399264942
1800,0.013403125,34.998189906669843,2.4676597046039785
1800,0.013406250000000001,34.998860175857438,2.4675303991447732
1800,0.013409375000000001,34.999530608677844,2.4674009233807359
1800,0.013412500000000001,35.000201205136868,2.4672712771436434
1800,0.013415625,35.000871965240314,2.467141460265192
1800,0.01341875,35.001542888993981,2.4670114725769956
1800,0.013421875,35.002213976403674,2.4668813139105872
1800,0.013425000000000001,35.002885227475197,2.4667509840974189
1800,0.013428125000000001,35.003556642214356,2.4666204829688612
1800,0.01343125,35.004228220626956,2.4664898103562045
1800,0.013434375,35.004899962718802,2.4663589660906582
1800,0.0134375,35.005571868495693,2.4662279500033506
1800,0.013440625000000001,35.006243937963447,2.4660967619253289
1800,0.013443750000000001,35.006916171127862,2.4659654016875603
1800,0.013446875,35.007588567994759,2.4658338691209316
1800,0.01345,35.008261128569934,2.4657021640562493
1800,0.013453125,35.008933852859187,2.4655702863242395
1800,0.013456250000000001,35.009606740868335,2.4654382357555464
1800,0.013459375000000001,35.010279792603185,2.465306012180736
1800,0.013462500000000001,35.010953008069549,2.4651736154302921
1800,0.013465625,35.011626387273225,2.4650410453346208
1800,0.01346875,35.012299930220024,2.4649083017240456
1800,0.013471875000000001,35.01297363691576,2.4647753844288118
1800,0.013475000000000001,35.013647507366237,2.4646422932790855
1800,0.013478125000000001,35.014321541577274,2.4645090281049509
1800,0.01348125,35.014995739554671,2.4643755887364138
1800,0.013484375,35.015670101304245,2.4642419750034006
1800,0.013487500000000001,35.016344626831795,2.4641081867357566
1800,0.013490625000000001,35.017019316143134,2.4639742237632491
1800,0.013493750000000001,35.017694169244074,2.4638400859155656
1800,0.013496875,35.018369186140418,2.4637057730223142
1800,0.0135,35.019044366837981,2.4635712849130238
1800,0.013503125000000001,35.019719711342589,2.4634366214171437
1800,0.013506250000000001,35.020395219660031,2.4633017823640437
1800,0.013509375000000001,35.021070891796121,2.4631667675830164
1800,0.0135125,35.021746727756678,2.4630315769032753
1800,0.013515625,35.022422727547514,2.4628962101539535
1800,0.013518750000000001,35.023098891174435,2.4627606671641065
1800,0.013521875000000001,35.023775218643259,2.46262494776271
1800,0.013525000000000001,35.024451709959799,2.4624890517786628
1800,0.013528125,35.025128365129881,2.4623529790407837
1800,0.01353125,35.025805184159317,2.4622167293778134
1800,0.013534375000000001,35.026482167053913,2.4620803026184146
1800,0.013537500000000001,35.027159313819467,2.4619436985911713
1800,0.013540625000000001,35.027836624461813,2.4618069171245898
1800,0.01354375,35.028514098986761,2.4616699580470973
1800,0.013546875,35.029191737400112,2.4615328211870442
1800,0.013550000000000001,35.02986953970769,2.4613955063727024
1800,0.013553125000000001,35.030547505915308,2.4612580134322655
1800,0.013556250000000001,35.031225636028786,2.4611203421938495
1800,0.013559375,35.031903930053929,2.4609824924854928
1800,0.0135625,35.032582387996555,2.4608444641351559
1800,0.013565625000000001,35.033261009862485,2.4607062569707225
1800,0.013568750000000001,35.033939795657524,2.4605678708199985
1800,0.013571875000000001,35.034618745387483,2.4604293055107118
1800,0.013575,35.03529785905819,2.4602905608705132
1800,0.013578125,35.035977136675456,2.460151636726978
1800,0.013581250000000001,35.0366565782451,2.4600125329076019
1800,0.013584375000000001,35.037336183772936,2.4598732492398043
1800,0.013587500000000001,35.038015953264789,2.4597337855509274
1800,0.013590625,35.038695886726472,2.4595941416682376
1800,0.01359375,35.039375984163797,2.4594543174189232
1800,0.013596875000000001,35.040056245582583,2.459314312630096
1800,0.013600000000000001,35.040736670988636,2.4591741271287915
1800,0.013603125000000001,35.041417260387789,2.4590337607419692
1800,0.01360625,35.042098013785854,2.4588932132965109
1800,0.013609375,35.042778931188643,2.4587524846192226
1800,0.013612500000000001,35.043460012601976,2.458611574536834
1800,0.013615625000000001,35.044141258031679,2.4584704828759985
1800,0.013618750000000001,35.044822667483558,2.4583292094632934
1800,0.013621875,35.045504240963425,2.4581877541252197
1800,0.013625,35.046185978477105,2.4580461166882031
1800,0.013628125000000001,35.046867880030412,2.4579042969785925
1800,0.013631250000000001,35.047549945629164,2.4577622948226603
1800,0.013634375000000001,35.048232175279168,2.4576201100466051
1800,0.0136375,35.048914568986248,2.4574777424765482
1800,0.013640625,35.049597126756218,2.4573351919385362
1800,0.013643750000000001,35.050279848594911,2.4571924582585409
1800,0.013646875000000001,35.05096273450814,2.4570495412624571
1800,0.013650000000000001,35.051645784501723,2.4569064407761054
1800,0.013653125,35.052328998581473,2.4567631566252315
1800,0.01365625,35.053012376753209,2.4566196886355041
1800,0.013659375000000001,35.053695919022751,2.4564760366325182
1800,0.013662500000000001,35.054379625395917,2.4563322004417936
1800,0.013665625000000001,35.055063495878528,2.4561881798887759
1800,0.01366875,35.055747530476403,2.4560439747988347
1800,0.013671875,35.056431729195353,2.4558995849972654
1800,0.013675000000000001,35.057116092041205,2.4557550103092889
1800,0.013678125000000001,35.057800619019766,2.4556102505600506
1800,0.013681250000000001,35.058485310136845,2.4554653055746223
1800,0.013684375,35.059170165398278,2.4553201751780009
1800,0.0136875,35.059855184809891,2.4551748591951106
1800,0.013690625000000001,35.060540368377488,2.4550293574507998
1800,0.013693750000000001,35.06122571610689,2.4548836697698437
1800,0.013696875000000001,35.061911228003915,2.4547377959769423
1800,0.0137,35.06259690407439,2.4545917358967224
1800,0.013703125,35.06328274432412,2.4544454893537369
1800,0.013706250000000001,35.063968748758924,2.4542990561724656
1800,0.013709375000000001,35.064654917384622,2.4541524361773126
1800,0.013712500000000001,35.065341250207034,2.4540056291926104
1800,0.013715625,35.066027747231978,2.4538586350426175
1800,0.01371875,35.066714408465273,2.4537114535515179
1800,0.013721875000000001,35.067401233912747,2.4535640845434239
1800,0.013725000000000001,35.068088223580212,2.4534165278423732
1800,0.013728125000000001,35.068775377473486,2.4532687832723306
1800,0.01373125,35.069462695598396,2.4531208506571889
1800,0.013734375,35.070150177960741,2.4529727298207664
1800,0.013737500000000001,35.070837824566333,2.4528244205868095
1800,0.013740625000000001,35.071525635421004,2.4526759227789916
1800,0.013743750000000001,35.072213610530575,2.4525272362209138
1800,0.013746875,35.072901749900851,2.4523783607361045
1800,0.01375,35.073590053537664,2.4522292961480181
1800,0.013753125000000001,35.074278521446821,2.4520800422800382
1800,0.013756250000000001,35.074967153634134,2.4519305989554749
1800,0.013759375000000001,35.075655950105443,2.4517809659975676
1800,0.0137625,35.076344910866553,2.4516311432294811
1800,0.013765625,35.077034035923276,2.4514811304743107
1800,0.013768750000000001,35.077723325281433,2.4513309275550768
1800,0.013771875000000001,35.078412778946849,2.4511805342947306
1800,0.013775000000000001,35.079102396925329,2.4510299505161504
1800,0.013778125,35.079792179222693,2.4508791760421422
1800,0.01378125,35.080482125844753,2.4507282106954404
1800,0.013784375000000001,35.081172236797336,2.4505770542987095
1800,0.013787500000000001,35.081862512086268,2.4504257066745407
1800,0.013790625000000001,35.082552951717354,2.4502741676454542
1800,0.01379375,35.083243555696413,2.4501224370338992
1800,0.013796875,35.083934324029265,2.4499705146622541
1800,0.013800000000000002,35.084625256721729,2.4498184003528261
1800,0.013803125000000001,35.085316353779625,2.4496660939278496
1800,0.013806250000000001,35.086007615208757,2.4495135952094902
1800,0.013809375,35.086699041014938,2.4493609040198425
1800,0.0138125,35.087390631203988,2.4492080201809299
1800,0.013815625000000002,35.088082385781732,2.4490549435147044
1800,0.013818750000000001,35.088774304753969,2.4489016738430482
1800,0.013821875000000001,35.089466388126517,2.4487482109877727
1800,0.013825,35.090158635905205,2.4485945547706187
1800,0.013828125,35.090851048095836,2.4484407050132582
1800,0.013831250000000002,35.091543624704222,2.4482866615372911
1800,0.013834375000000001,35.092236365736184,2.4481324241642488
1800,0.013837500000000001,35.092929271197548,2.4479779927155909
1800,0.013840625,35.093622341094111,2.4478233670127088
1800,0.01384375,35.0943155754317,2.4476685468769235
1800,0.013846875,35.095008974216121,2.4475135321294861
1800,0.013850000000000001,35.095702537453185,2.4473583225915778
1800,0.013853125000000001,35.096396265148712,2.4472029180843098
1800,0.013856250000000001,35.097090157308521,2.4470473184287251
1800,0.013859375,35.097784213938418,2.4468915234457973
1800,0.0138625,35.098478435044221,2.4467355329564291
1800,0.013865625000000001,35.099172820631736,2.4465793467814558
1800,0.013868750000000001,35.099867370706782,2.4464229647416427
1800,0.013871875000000001,35.100562085275172,2.4462663866576864
1800,0.013875,35.101256964342724,2.446109612350214
1800,0.013878125,35.101952007915244,2.4459526416397845
1800,0.013881250000000001,35.102647215998559,2.4457954743468879
1800,0.013884375000000001,35.103342588598466,2.4456381102919456
1800,0.013887500000000001,35.10403812572077,2.4454805492953104
1800,0.013890625,35.104733827371284,2.4453227911772673
1800,0.01389375,35.10542969355582,2.4451648357580313
1800,0.013896875000000001,35.10612572428019,2.445006682857751
1800,0.013900000000000001,35.106821919550214,2.4448483322965058
1800,0.013903125000000001,35.107518279371696,2.4446897838943071
1800,0.01390625,35.108214803750435,2.4445310374710991
1800,0.013909375,35.108911492692258,2.4443720928467569
1800,0.013912500000000001,35.109608346202961,2.4442129498410892
1800,0.013915625000000001,35.110305364288365,2.4440536082738351
1800,0.013918750000000001,35.111002546954268,2.4438940679646679
1800,0.013921875,35.111699894206488,2.4437343287331923
1800,0.013925,35.112397406050825,2.4435743903989464
1800,0.013928125000000001,35.113095082493089,2.4434142527814013
1800,0.013931250000000001,35.113792923539101,2.4432539156999598
1800,0.013934375000000001,35.114490929194659,2.4430933789739573
1800,0.0139375,35.115189099465567,2.4429326424226643
1800,0.013940625,35.115887434357639,2.4427717058652823
1800,0.013943750000000001,35.116585933876678,2.4426105691209461
1800,0.013946875000000001,35.117284598028483,2.4424492320087241
1800,0.013950000000000001,35.117983426818867,2.4422876943476193
1800,0.013953125,35.118682420253634,2.4421259559565667
1800,0.01395625,35.119381578338597,2.4419640166544352
1800,0.013959375000000001,35.120080901079561,2.4418018762600275
1800,0.013962500000000001,35.120780388482316,2.4416395345920798
1800,0.013965625000000001,35.121480040552683,2.4414769914692624
1800,0.01396875,35.122179857296459,2.4413142467101787
1800,0.013971875,35.122879838719456,2.4411513001333671
1800,0.013975000000000001,35.123579984827472,2.4409881515573
1800,0.013978125000000001,35.124280295626313,2.4408248008003843
1800,0.013981250000000001,35.124980771121791,2.4406612476809602
1800,0.013984375,35.125681411319697,2.4404974920173035
1800,0.0139875,35.126382216225842,2.4403335336276237
1800,0.013990625000000001,35.127083185846018,2.440169372330065
1800,0.013993750000000001,35.127784320186024,2.4400050079427058
1800,0.013996875000000001,35.12848561925167,2.4398404402835601
1800,0.014,35.129187083048755,2.439675669170577
1800,0.014003125,35.129888711583078,2.43951069442164
1800,0.014006250000000001,35.130590504860443,2.4393455158545678
1800,0.014009375000000001,35.131292462886648,2.439180133287115
1800,0.014012500000000001,35.131994585667492,2.4390145465369715
1800,0.014015625,35.132696873208779,2.4388487554217599
1800,0.01401875,35.133399325516315,2.438682759759041
1800,0.014021875000000001,35.134101942595876,2.4385165593663118
1800,0.014025000000000001,35.134804724453275,2.4383501540610024
1800,0.014028125000000001,35.13550767109431,2.4381835436604802
1800,0.01403125,35.136210782524778,2.4380167279820486
1800,0.014034375,35.136914058750484,2.4378497068429468
1800,0.014037500000000001,35.137617499777228,2.4376824800603498
1800,0.014040625000000001,35.138321105610792,2.437515047451368
1800,0.014043750000000001,35.139024876256968,2.4373474088330496
1800,0.014046875,35.139728811721554,2.4371795640223786
1800,0.01405,35.140432912010347,2.4370115128362748
1800,0.014053125000000001,35.141137177129131,2.4368432550915959
1800,0.014056250000000001,35.141841607083705,2.4366747906051356
1800,0.014059375000000001,35.142546201879867,2.4365061191936235
1800,0.0140625,35.143250961523414,2.4363372406737271
1800,0.014065625,35.143955886020137,2.4361681548620506
1800,0.014068750000000001,35.144660975375835,2.4359988615751349
1800,0.014071875000000001,35.145366229596284,2.4358293606294583
1800,0.014075000000000001,35.146071648687283,2.4356596518414371
1800,0.014078125,35.146777232654614,2.4354897350274238
1800,0.01408125,35.147482981504076,2.4353196100037096
1800,0.014084375000000001,35.148188895241461,2.4351492765865217
1800,0.014087500000000001,35.148894973872544,2.434978734592026
1800,0.014090625000000001,35.149601217403124,2.4348079838363259
1800,0.01409375,35.150307625838991,2.4346370241354629
1800,0.014096875,35.151014199185937,2.4344658553054161
1800,0.014100000000000001,35.151720937449745,2.4342944771621027
1800,0.014103125000000001,35.152427840636207,2.4341228895213787
1800,0.014106250000000001,35.153134908751106,2.4339510921990368
1800,0.014109375,35.153842141800226,2.4337790850108094
1800,0.0141125,35.154549539789357,2.433606867772367
1800,0.014115625000000001,35.155257102724285,2.4334344402993184
1800,0.014118750000000001,35.155964830610792,2.4332618024072121
1800,0.014121875000000001,35.156672723454655,2.4330889539115343
1800,0.014125,35.157380781261658,2.4329158946277105
1800,0.014128125,35.158089004037592,2.4327426243711048
1800,0.014131250000000001,35.158797391788234,2.4325691429570209
1800,0.014134375000000001,35.159505944519367,2.4323954502007012
1800,0.014137500000000001,35.160214662236775,2.4322215459173275
1800,0.014140625,35.160923544946236,2.4320474299220209
1800,0.01414375,35.16163259265354,2.4318731020298414
1800,0.014146875000000001,35.162341805364456,2.4316985620557894
1800,0.014150000000000001,35.163051183084768,2.4315238098148053
1800,0.014153125000000001,35.163760725820254,2.4313488451217671
1800,0.01415625,35.164470433576696,2.4311736677914957
1800,0.014159375,35.165180306359865,2.4309982776387504
1800,0.014162500000000001,35.165890344175544,2.4308226744782311
1800,0.014165625000000001,35.16660054702951,2.4306468581245766
1800,0.014168750000000001,35.167310914927548,2.4304708283923668
1800,0.014171875,35.168021447875418,2.4302945850961222
1800,0.014175,35.168732145878899,2.430118128050303
1800,0.014178125000000001,35.169443008943766,2.4299414570693112
1800,0.014181250000000001,35.170154037075783,2.4297645719674885
1800,0.014184375000000001,35.170865230280732,2.4295874725591182
1800,0.0141875,35.171576588564385,2.429410158658424
1800,0.014190625,35.172288111932517,2.4292326300795706
1800,0.014193750000000002,35.172999800390897,2.4290548866366635
1800,0.014196875000000001,35.173711653945304,2.4288769281437501
1800,0.014200000000000001,35.174423672601506,2.4286987544148189
1800,0.014203125,35.175135856365266,2.4285203652637994
1800,0.01420625,35.175848205242346,2.4283417605045625
1800,0.014209375000000002,35.176560719238523,2.428162939950921
1800,0.014212500000000001,35.177273398359574,2.4279839034166297
1800,0.014215625000000001,35.177986242611254,2.4278046507153852
1800,0.01421875,35.178699251999326,2.4276251816608245
1800,0.014221875,35.179412426529559,2.4274454960665293
1800,0.014225000000000002,35.180125766207716,2.427265593746021
1800,0.014228125000000001,35.180839271039574,2.427085474512765
1800,0.014231250000000001,35.181552941030887,2.4269051381801678
1800,0.014234375,35.182266776187411,2.4267245845615788
1800,0.0142375,35.182980776514924,2.4265438134702904
1800,0.014240625000000002,35.183694942019187,2.4263628247195359
1800,0.014243750000000001,35.184409272705956,2.4261816181224929
1800,0.014246875000000001,35.185123768581001,2.4260001934922824
1800,0.014250000000000001,35.185838429650076,2.4258185506419667
1800,0.014253125,35.18655325591893,2.425636689384552
1800,0.01425625,35.187268247393334,2.4254546095329879
1800,0.014259375000000001,35.187983404079041,2.4252723109001662
1800,0.014262500000000001,35.188698725981816,2.4250897932989233
1800,0.014265625000000001,35.189414213107405,2.4249070565420383
1800,0.01426875,35.190129865461557,2.424724100442234
1800,0.014271875,35.190845683050036,2.4245409248121779
1800,0.014275000000000001,35.191561665878595,2.424357529464479
1800,0.014278125000000001,35.192277813952984,2.4241739142116931
1800,0.014281250000000001,35.192994127278951,2.4239900788663173
1800,0.014284375,35.19371060586225,2.4238060232407945
1800,0.0142875,35.194427249708639,2.4236217471475108
1800,0.014290625000000001,35.195144058823864,2.4234372503987975
1800,0.014293750000000001,35.195861033213689,2.4232525328069285
1800,0.014296875000000001,35.196578172883854,2.4230675941841247
1800,0.0143,35.197295477840115,2.4228824343425495
1800,0.014303125,35.198012948088206,2.4226970530943128
1800,0.014306250000000001,35.198730583633882,2.4225114502514682
1800,0.014309375000000001,35.199448384482878,2.4223256256260139
1800,0.014312500000000001,35.200166350640956,2.4221395790298943
1800,0.014315625,35.20088448211385,2.4219533102749984
1800,0.01431875,35.201602778907308,2.4217668191731598
1800,0.014321875000000001,35.202321241027065,2.4215801055361581
1800,0.014325000000000001,35.203039868478875,2.4213931691757193
1800,0.014328125000000001,35.203758661268473,2.4212060099035133
1800,0.01433125,35.204477619401608,2.4210186275311578
1800,0.014334375,35.205196742884006,2.4208310218702129
1800,0.014337500000000001,35.205916031721422,2.4206431927321868
1800,0.014340625000000001,35.206635485919577,2.4204551399285341
1800,0.014343750000000001,35.207355105484218,2.4202668632706539
1800,0.014346875,35.208074890421088,2.4200783625698925
1800,0.01435,35.208794840735919,2.4198896376375427
1800,0.014353125000000001,35.209514956434447,2.4197006882848426
1800,0.014356250000000001,35.210235237522404,2.4195115143229788
1800,0.014359375000000001,35.210955684005526,2.4193221155630829
1800,0.0143625,35.211676295889546,2.4191324918162329
1800,0.014365625,35.212397073180199,2.4189426428934548
1800,0.014368750000000001,35.213118015883218,2.4187525686057212
1800,0.014371875000000001,35.213839124004338,2.4185622687639508
1800,0.014375000000000001,35.21456039754927,2.4183717431790099
1800,0.014378125,35.215281836523758,2.4181809916617127
1800,0.01438125,35.216003440933534,2.4179900140228199
1800,0.014384375000000001,35.216725210784325,2.417798810073041
1800,0.014387500000000001,35.217447146081852,2.417607379623032
1800,0.014390625000000001,35.218169246831842,2.4174157224833968
1800,0.01439375,35.218891513040013,2.4172238384646869
1800,0.014396875,35.219613944712094,2.4170317273774025
1800,0.014400000000000001,35.220336541853804,2.4168393890319906
1800,0.014403125000000001,35.221059304470863,2.4166468232388461
1800,0.014406250000000001,35.221782232568991,2.416454029808313
1800,0.014409375,35.222505326153922,2.4162610085506842
1800,0.0144125,35.223228585231375,2.4160677592761992
1800,0.014415625000000001,35.223952009807064,2.4158742817950478
1800,0.014418750000000001,35.224675599886709,2.4156805759173672
1800,0.014421875000000001,35.225399355476014,2.4154866414532448
1800,0.014425,35.226123276580708,2.4152924782127143
1800,0.014428125,35.226847363206495,2.4150980860057611
1800,0.014431250000000001,35.227571615359089,2.4149034646423186
1800,0.014434375000000001,35.228296033044209,2.4147086139322691
1800,0.014437500000000001,35.229020616267576,2.4145135336854446
1800,0.014440625,35.229745365034887,2.4143182237116254
1800,0.01444375,35.23047027935187,2.4141226838205423
1800,0.014446875000000001,35.231195359224216,2.4139269138218755
1800,0.014450000000000001,35.231920604657638,2.4137309135252543
1800,0.014453125000000001,35.232646015657856,2.4135346827402588
1800,0.01445625,35.233371592230569,2.4133382212764189
1800,0.014459375,35.234097334381481,2.4131415289432141
1800,0.014462500000000001,35.234823242116292,2.4129446055500741
1800,0.014465625000000001,35.235549315440707,2.4127474509063789
1800,0.014468750000000001,35.236275554360432,2.4125500648214588
1800,0.014471875,35.237001958881166,2.4123524471045941
1800,0.014475,35.237728529008614,2.4121545975650163
1800,0.014478125000000001,35.238455264748474,2.4119565160119065
1800,0.014481250000000001,35.239182166106453,2.4117582022543989
1800,0.014484375000000001,35.239909233088248,2.4115596561015766
1800,0.0144875,35.240636465699559,2.411360877362474
1800,0.014490625,35.24136386394607,2.4111618658460765
1800,0.014493750000000001,35.242091427833486,2.4109626213613216
1800,0.014496875000000001,35.242819157367499,2.4107631437170975
1800,0.014500000000000001,35.243547052553794,2.410563432722244
1800,0.014503125,35.244275113398068,2.4103634881855522
1800,0.01450625,35.245003339906013,2.4101633099157644
1800,0.014509375000000001,35.245731732083321,2.4099628977215755
1800,0.014512500000000001,35.246460289935683,2.4097622514116308
1800,0.014515625000000001,35.247189013468784,2.4095613707945289
1800,0.01451875,35.247917902688314,2.4093602556788203
1800,0.014521875,35.248646957599959,2.4091589058730074
1800,0.014525000000000001,35.24937617820941,2.4089573211855453
1800,0.014528125000000001,35.250105564522336,2.408755501424841
1800,0.014531250000000001,35.250835116544422,2.4085534463992544
1800,0.014534375,35.251564834281353,2.4083511559170976
1800,0.0145375,35.25229471773882,2.4081486297866359
1800,0.014540625000000001,35.253024766922486,2.4079458678160868
1800,0.014543750000000001,35.253754981838036,2.4077428698136205
1800,0.014546875000000001,35.254485362491153,2.4075396355873604
1800,0.01455,35.255215908887514,2.4073361649453844
1800,0.014553125,35.255946621032805,2.407132457695722
1800,0.014556250000000001,35.256677498932682,2.4069285136463572
1800,0.014559375000000001,35.25740854259282,2.4067243326052261
1800,0.014562500000000001,35.258139752018891,2.4065199143802203
1800,0.014565625,35.258871127216572,2.4063152587791836
1800,0.01456875,35.259602668191526,2.4061103656099139
1800,0.014571875000000001,35.260334374949437,2.4059052346801626
1800,0.014575000000000001,35.261066247495954,2.4056998657976361
1800,0.014578125000000001,35.261798285836754,2.4054942587699943
1800,0.01458125,35.2625304899775,2.4052884134048518
1800,0.014584375,35.263262859923856,2.4050823295097765
1800,0.014587500000000002,35.263995395681484,2.4048760068922923
1800,0.014590625000000001,35.264728097256054,2.4046694453598754
1800,0.014593750000000001,35.265460964653222,2.4044626447199584
1800,0.014596875,35.266193997878652,2.4042556047799284
1800,0.0146,35.266927196938006,2.404048325347127
1800,0.014603125000000002,35.267660561836934,2.4038408062288519
1800,0.014606250000000001,35.268394092581104,2.4036330472323542
1800,0.014609375000000001,35.26912778917616,2.4034250481648405
1800,0.0146125,35.269861651627757,2.4032168088334731
1800,0.014615625,35.27059567994155,2.4030083290453699
1800,0.014618750000000002,35.271329874123197,2.4027996086076051
1800,0.014621875000000001,35.272064234178352,2.402590647327207
1800,0.014625000000000001,35.272798760112657,2.40238144501116
1800,0.014628125000000001,35.273533451931762,2.4021720014664045
1800,0.01463125,35.274268309641315,2.401962316499838
1800,0.014634375000000002,35.275003333246964,2.401752389918312
1800,0.014637500000000001,35.275738522754352,2.4015422215286351
1800,0.014640625000000001,35.276473878169142,2.4013318111375721
1800,0.014643750000000001,35.277209399496968,2.4011211585518453
1800,0.014646875,35.277945086743465,2.4009102635781323
1800,0.014650000000000002,35.278680939914274,2.400699126023067
1800,0.014653125000000001,35.279416959015045,2.400487745693241
1800,0.014656250000000001,35.280153144051404,2.4002761223952023
1800,0.014659375000000001,35.280889495028987,2.4000642559354555
1800,0.0146625,35.281626011953442,2.399852146120462
1800,0.014665625,35.28236269483039,2.3996397927566426
1800,0.014668750000000001,35.283099543665472,2.3994271956503717
1800,0.014671875000000001,35.283836558464323,2.3992143546079836
1800,0.014675000000000001,35.28457373923257,2.3990012694357699
1800,0.014678125,35.285311085975842,2.3987879399399787
1800,0.01468125,35.286048598699765,2.3985743659268173
1800,0.014684375000000001,35.286786277409973,2.3983605472024498
1800,0.014687500000000001,35.287524122112096,2.3981464835729982
1800,0.014690625000000001,35.288262132811759,2.3979321748445428
1800,0.01469375,35.289000309514584,2.3977176208231219
1800,0.014696875,35.289738652226191,2.3975028213147325
1800,0.014700000000000001,35.2904771609522,2.3972877761253284
1800,0.014703125000000001,35.291215835698232,2.3970724850608236
1800,0.014706250000000001,35.291954676469899,2.3968569479270894
1800,0.014709375,35.292693683272823,2.3966411645299561
1800,0.0147125,35.293432856112624,2.3964251346752135
1800,0.014715625000000001,35.294172194994921,2.3962088581686092
1800,0.014718750000000001,35.294911699925322,2.3959923348158516
1800,0.014721875000000001,35.295651370909439,2.395775564422606
1800,0.014725,35.296391207952887,2.395558546794498
1800,0.014728125,35.29713121106127,2.3953412817371125
1800,0.014731250000000001,35.297871380240196,2.3951237690559934
1800,0.014734375000000001,35.298611715495269,2.3949060085566458
1800,0.014737500000000001,35.299352216832098,2.394688000044531
1800,0.014740625,35.300092884256287,2.3944697433250735
1800,0.01474375,35.300833717773443,2.3942512382036552
1800,0.014746875000000001,35.301574717389165,2.3940324844856198
1800,0.014750000000000001,35.30231588310906,2.3938134819762698
1800,0.014753125000000001,35.303057214938725,2.3935942304808688
1800,0.01475625,35.303798712883754,2.3933747298046404
1800,0.014759375,35.304540376949745,2.3931549797527683
1800,0.014762500000000001,35.305282207142284,2.3929349801303972
1800,0.014765625000000001,35.306024203466976,2.392714730742632
1800,0.014768750000000001,35.306766365929413,2.3924942313945383
1800,0.014771875,35.30750869453518,2.3922734818911429
1800,0.014775,35.308251189289869,2.3920524820374327
1800,0.014778125000000001,35.308993850199066,2.3918312316383563
1800,0.014781250000000001,35.309736677268361,2.391609730498824
1800,0.014784375000000001,35.310479670503348,2.3913879784237064
1800,0.0147875,35.311222829909603,2.3911659752178362
1800,0.014790625,35.311966155492712,2.3909437206860074
1800,0.014793750000000001,35.312709647258259,2.390721214632975
1800,0.014796875000000001,35.313453305211823,2.3904984568634564
1800,0.014800000000000001,35.314197129358973,2.3902754471821299
1800,0.014803125,35.314941119705288,2.3900521853936363
1800,0.01480625,35.315685276256346,2.3898286713025789
1800,0.014809375000000001,35.316429599017724,2.3896049047135226
1800,0.014812500000000001,35.317174087994992,2.3893808854309939
1800,0.014815625000000001,35.317918743193722,2.3891566132594835
1800,0.01481875,35.318663564619499,2.3889320880034428
1800,0.014821875,35.319408552277871,2.3887073094672866
1800,0.014825000000000001,35.320153706174423,2.3884822774553922
1800,0.014828125000000001,35.32089902631472,2.3882569917720997
1800,0.014831250000000001,35.321644512704324,2.3880314522217119
1800,0.014834375,35.3223901653488,2.3878056586084946
1800,0.0148375,35.32313598425371,2.3875796107366769
1800,0.014840625000000001,35.323881969424612,2.3873533084104515
1800,0.014843750000000001,35.324628120867068,2.3871267514339731
1800,0.014846875000000001,35.325374438586628,2.3868999396113608
1800,0.01485,35.326120922588849,2.3866728727466975
1800,0.014853125,35.326867572879287,2.3864455506440296
1800,0.014856250000000001,35.327614389463498,2.3862179731073661
1800,0.014859375000000001,35.328361372347032,2.3859901399406809
1800,0.014862500000000001,35.329108521535439,2.3857620509479118
1800,0.014865625,35.329855837034273,2.3855337059329607
1800,0.01486875,35.330603318849086,2.3853051046996931
1800,0.014871875000000001,35.331350966985404,2.3850762470519395
1800,0.014875000000000001,35.332098781448785,2.3848471327934946
1800,0.014878125000000001,35.332846762244763,2.3846177617281175
1800,0.01488125,35.333594909378881,2.3843881336595318
1800,0.014884375,35.334343222856681,2.3841582483914259
1800,0.014887500000000001,35.335091702683712,2.3839281057274535
1800,0.014890625000000001,35.335840348865503,2.3836977054712327
1800,0.014893750000000001,35.336589161407595,2.3834670474263469
1800,0.014896875,35.337338140315509,2.3832361313963433
1800,0.0149,35.338087285594774,2.383004957184736
1800,0.014903125000000001,35.338836597250932,2.3827735245950037
1800,0.014906250000000001,35.339586075289503,2.382541833430591
1800,0.014909375000000001,35.340335719716023,2.3823098834949081
1800,0.0149125,35.341085530536027,2.3820776745913306
1800,0.014915625,35.341835507755029,2.3818452065232001
1800,0.014918750000000001,35.342585651378549,2.3816124790938242
1800,0.014921875000000001,35.343335961412116,2.3813794921064755
1800,0.014925000000000001,35.34408643786125,2.3811462453643939
1800,0.014928125,35.344837080731466,2.3809127386707845
1800,0.01493125,35.345587890028284,2.3806789718288197
1800,0.014934375000000001,35.346338865757218,2.3804449446416376
1800,0.014937500000000001,35.347090007923775,2.3802106569123436
1800,0.014940625000000001,35.347841316533476,2.3799761084440085
1800,0.01494375,35.348592791591834,2.3797412990396714
1800,0.014946875,35.349344433104349,2.3795062285023363
1800,0.014950000000000001,35.350096241076528,2.3792708966349756
1800,0.014953125000000001,35.350848215513892,2.3790353032405296
1800,0.014956250000000001,35.351600356421933,2.3787994481219035
1800,0.014959375,35.352352663806158,2.3785633310819709
1800,0.0149625,35.353105137672053,2.3783269519235737
1800,0.014965625000000001,35.353857778025116,2.3780903104495197
1800,0.014968750000000001,35.354610584870869,2.3778534064625845
1800,0.014971875000000001,35.35536355821479,2.3776162397655125
1800,0.014975,35.35611669806238,2.3773788101610154
1800,0.014978125,35.356870004419136,2.3771411174517718
1800,0.014981250000000002,35.357623477290538,2.3769031614404299
1800,0.014984375000000001,35.358377116682085,2.3766649419296053
1800,0.014987500000000001,35.359130922599263,2.3764264587218817
1800,0.014990625,35.359884895047557,2.3761877116198109
1800,0.01499375,35.360639034032459,2.3759487004259134
1800,0.014996875000000002,35.361393339559456,2.3757094249426784
1800,0.015000000000000001,35.362147811634024,2.3754698849725644
1800,0.015003125000000001,35.362902450261636,2.3752300803179969
1800,0.01500625,35.36365725544777,2.3749900107813717
1800,0.015009375,35.364412227197903,2.3747496761650528
1800,0.015012500000000002,35.365167365517514,2.3745090762713734
1800,0.015015625000000001,35.365922670412068,2.3742682109026365
1800,0.015018750000000001,35.366678141887036,2.3740270798611149
1800,0.015021875000000001,35.367433779947888,2.3737856829490496
1800,0.015025,35.368189584600096,2.3735440199686502
1800,0.015028125000000002,35.368945555849123,2.3733020907220972
1800,0.015031250000000001,35.369701693700435,2.3730598950115414
1800,0.015034375000000001,35.370457998159502,2.3728174326391027
1800,0.015037500000000001,35.371214469231781,2.3725747034068707
1800,0.015040625,35.371971106922729,2.3723317071169054
1800,0.015043750000000002,35.372727911237803,2.3720884435712359
1800,0.015046875000000001,35.373484882182467,2.3718449125718628
1800,0.015050000000000001,35.374242019762171,2.371601113920756
1800,0.015053125000000001,35.374999323982365,2.3713570474198566
1800,0.01505625,35.375756794848506,2.3711127128710752
1800,0.015059375000000002,35.376514432366058,2.3708681100762945
1800,0.015062500000000001,35.377272236540442,2.3706232388373669
1800,0.015065625000000001,35.378030207377122,2.3703780989561158
1800,0.015068750000000001,35.378788344881535,2.3701326902343363
1800,0.015071875,35.379546649059115,2.3698870124737943
1800,0.015075,35.380305119915306,2.3696410654762263
1800,0.015078125000000001,35.38106375745555,2.3693948490433399
1800,0.015081250000000001,35.381822561685283,2.3691483629768149
1800,0.015084375000000001,35.38258153260994,2.368901607078302
1800,0.0150875,35.383340670234965,2.368654581149424
1800,0.015090625,35.384099974565771,2.3684072849917741
1800,0.015093750000000001,35.384859445607795,2.3681597184069187
1800,0.015096875000000001,35.385619083366457,2.3679118811963957
1800,0.015100000000000001,35.386378887847194,2.3676637731617136
1800,0.015103125,35.387138859055426,2.3674153941043543
1800,0.01510625,35.387898996996576,2.3671667438257722
1800,0.015109375000000001,35.388659301676064,2.3669178221273937
1800,0.015112500000000001,35.389419773099306,2.366668628810618
1800,0.015115625000000001,35.390180411271722,2.3664191636768157
1800,0.01511875,35.390941216198726,2.3661694265273301
1800,0.015121875,35.391702187885748,2.3659194171634774
1800,0.015125000000000001,35.392463326338181,2.3656691353865482
1800,0.015128125000000001,35.393224631561445,2.3654185809978041
1800,0.015131250000000001,35.393986103560948,2.3651677537984801
1800,0.015134375,35.394747742342098,2.3649166535897845
1800,0.0151375,35.395509547910294,2.3646652801728987
1800,0.015140625000000001,35.396271520270943,2.3644136333489776
1800,0.015143750000000001,35.397033659429447,2.3641617129191488
1800,0.015146875000000001,35.397795965391204,2.3639095186845145
1800,0.01515,35.398558438161615,2.3636570504461494
1800,0.015153125,35.399321077746073,2.3634043080051037
1800,0.015156250000000001,35.400083884149964,2.3631512911623989
1800,0.015159375000000001,35.400846857378681,2.3628979997190318
1800,0.015162500000000001,35.401609997437617,2.3626444334759737
1800,0.015165625,35.402373304332158,2.3623905922341701
1800,0.01516875,35.40313677806769,2.3621364757945393
1800,0.015171875000000001,35.403900418649606,2.3618820839579748
1800,0.015175000000000001,35.404664226083277,2.3616274165253448
1800,0.015178125000000001,35.405428200374082,2.3613724732974908
1800,0.01518125,35.406192341527408,2.3611172540752303
1800,0.015184375,35.406956649548626,2.3608617586593552
1800,0.015187500000000001,35.407721124443107,2.3606059868506319
1800,0.015190625000000001,35.408485766216224,2.3603499384498017
1800,0.015193750000000001,35.409250574873347,2.3600936132575812
1800,0.015196875,35.41001555041985,2.3598370110746618
1800,0.0152,35.410780692861103,2.3595801317017102
1800,0.015203125000000001,35.411546002202471,2.3593229749393694
1800,0.015206250000000001,35.412311478449325,2.3590655405882566
1800,0.015209375000000001,35.413077121607017,2.3588078284489642
1800,0.0152125,35.413842931680911,2.3585498383220616
1800,0.015215625,35.41460890867635,2.3582915700080931
1800,0.015218750000000001,35.415375052598698,2.3580330233075788
1800,0.015221875000000001,35.416141363453313,2.3577741980210147
1800,0.015225000000000001,35.416907841245546,2.3575150939488729
1800,0.015228125,35.41767448598074,2.3572557108916024
1800,0.01523125,35.418441297664238,2.3569960486496271
1800,0.015234375000000001,35.41920827630139,2.3567361070233477
1800,0.015237500000000001,35.41997542189754,2.3564758858131416
1800,0.015240625000000001,35.420742734458031,2.3562153848193628
1800,0.01524375,35.421510213988213,2.3559546038423416
1800,0.015246875,35.422277860493409,2.3556935426823857
1800,0.015250000000000001,35.423045673978955,2.3554322011397777
1800,0.015253125000000001,35.423813654450186,2.3551705790147794
1800,0.015256250000000001,35.424581801912439,2.3549086761076286
1800,0.015259375,35.425350116371042,2.3546464922185399
1800,0.0152625,35.426118597831319,2.354384027147705
1800,0.015265625000000001,35.426887246298591,2.3541212806952929
1800,0.015268750000000001,35.427656061778187,2.3538582526614502
1800,0.015271875000000001,35.428425044275428,2.3535949428463008
1800,0.015275,35.429194193795645,2.3533313510499472
1800,0.015278125,35.429963510344145,2.3530674770724689
1800,0.015281250000000001,35.430732993926249,2.3528033207139236
1800,0.015284375000000001,35.431502644547265,2.352538881774346
1800,0.015287500000000001,35.432272462212502,2.3522741600537489
1800,0.015290625,35.433042446927274,2.3520091553521234
1800,0.01529375,35.433812598696889,2.3517438674694393
1800,0.015296875000000001,35.434582917526654,2.3514782962056433
1800,0.015300000000000001,35.435353403421864,2.3512124413606617
1800,0.015303125000000001,35.436124056387825,2.350946302734398
1800,0.01530625,35.436894876429839,2.3506798801267363
1800,0.015309375,35.4376658635532,2.3504131733375373
1800,0.015312500000000001,35.438437017763206,2.3501461821666418
1800,0.015315625000000001,35.439208339065146,2.3498789064138688
1800,0.015318750000000001,35.439979827464313,2.349611345879016
1800,0.015321875,35.440751482965993,2.3493435003618601
1800,0.015325,35.441523305575473,2.3490753696621578
1800,0.015328125000000001,35.442295295298045,2.3488069535796434
1800,0.015331250000000001,35.443067452138983,2.3485382519140319
1800,0.015334375000000001,35.443839776103573,2.348269264465018
1800,0.0153375,35.44461226719708,2.3479999910322746
1800,0.015340625,35.445384925424797,2.3477304314154543
1800,0.015343750000000001,35.44615775079199,2.3474605854141903
1800,0.015346875000000001,35.44693074330393,2.3471904528280945
1800,0.015350000000000001,35.447703902965884,2.3469200334567599
1800,0.015353125,35.44847722978313,2.346649327099759
1800,0.01535625,35.449250723760926,2.3463783335566437
1800,0.015359375000000001,35.450024384904545,2.3461070526269463
1800,0.015362500000000001,35.450798213219244,2.3458354841101796
1800,0.015365625000000001,35.451572208710282,2.3455636278058356
1800,0.01536875,35.452346371382923,2.3452914835133889
1800,0.015371875,35.453120701242419,2.3450190510322937
1800,0.015375000000000002,35.45389519829402,2.3447463301619837
1800,0.015378125000000001,35.454669862542971,2.3444733207018746
1800,0.015381250000000001,35.455444693994529,2.3442000224513619
1800,0.015384375,35.456219692653939,2.343926435209823
1800,0.0153875,35.456994858526443,2.3436525587766157
1800,0.015390625000000002,35.457770191617286,2.3433783929510787
1800,0.015393750000000001,35.458545691931704,2.3431039375325327
1800,0.015396875000000001,35.459321359474934,2.3428291923202775
1800,0.0154,35.460097194252214,2.3425541571135962
1800,0.015403125,35.460873196268764,2.3422788317117531
1800,0.015406250000000002,35.46164936552983,2.3420032159139943
1800,0.015409375000000001,35.46242570204064,2.3417273095195461
1800,0.015412500000000001,35.463202205806425,2.341451112327618
1800,0.015415625000000001,35.4639788768324,2.3411746241374005
1800,0.01541875,35.464755715123786,2.3408978447480662
1800,0.015421875000000002,35.465532720685808,2.3406207739587694
1800,0.015425000000000001,35.466309893523679,2.340343411568647
1800,0.015428125000000001,35.467087233642616,2.3400657573768164
1800,0.015431250000000001,35.46786474104784,2.3397878111823793
1800,0.015434375,35.468642415744554,2.3395095727844191
1800,0.015437500000000002,35.469420257737973,2.3392310419820004
1800,0.015440625000000001,35.470198267033311,2.338952218574172
1800,0.015443750000000001,35.470976443635756,2.3386731023599645
1800,0.015446875000000001,35.471754787550516,2.3383936931383906
1800,0.01545,35.472533298782785,2.3381139907084467
1800,0.015453125000000002,35.473311977337765,2.3378339948691123
1800,0.015456250000000001,35.474090823220656,2.3375537054193485
1800,0.015459375000000001,35.47486983643666,2.3372731221581007
1800,0.015462500000000001,35.47564901699095,2.3369922448842972
1800,0.015465625,35.476428364888733,2.3367110733968488
1800,0.015468750000000002,35.477207880135182,2.3364296074946505
1800,0.015471875000000001,35.477987562735485,2.3361478469765791
1800,0.015475000000000001,35.478767412694822,2.3358657916414969
1800,0.015478125000000001,35.479547430018371,2.3355834412882475
1800,0.01548125,35.480327614711314,2.3353007957156602
1800,0.015484375,35.481107966778815,2.3350178547225466
1800,0.015487500000000001,35.481888486226062,2.3347346181077029
1800,0.015490625000000001,35.48266917305822,2.3344510856699081
1800,0.015493750000000001,35.483450027280448,2.3341672572079268
1800,0.015496875,35.484231048897911,2.3338831325205063
1800,0.0155,35.485012237915782,2.3335987114063794
1800,0.015503125000000001,35.485793594339228,2.333313993664262
1800,0.015506250000000001,35.486575118173384,2.3330289790928544
1800,0.015509375000000001,35.487356809423417,2.3327436674908415
1800,0.0155125,35.488138668094479,2.3324580586568926
1800,0.015515625,35.488920694191719,2.3321721523896621
1800,0.015518750000000001,35.489702887720298,2.3318859484877885
1800,0.015521875000000001,35.49048524868536,2.3315994467498942
1800,0.015525000000000001,35.491267777092048,2.3313126469745886
1800,0.015528125,35.492050472945508,2.3310255489604637
1800,0.01553125,35.492833336250875,2.3307381525060973
1800,0.015534375000000001,35.493616367013288,2.3304504574100529
1800,0.015537500000000001,35.494399565237892,2.3301624634708786
1800,0.015540625000000001,35.495182930929808,2.3298741704871082
1800,0.01554375,35.495966464094174,2.3295855782572596
1800,0.015546875,35.496750164736113,2.3292966865798377
1800,0.015550000000000001,35.497534032860749,2.3290074952533319
1800,0.015553125000000001,35.498318068473203,2.3287180040762165
1800,0.015556250000000001,35.499102271578607,2.3284282128469531
1800,0.015559375,35.499886642182069,2.3281381213639869
1800,0.0155625,35.500671180288705,2.3278477294257502
1800,0.015565625000000001,35.501455885903631,2.3275570368306613
1800,0.015568750000000001,35.502240759031956,2.3272660433771244
1800,0.015571875000000001,35.503025799678802,2.3269747488635293
1800,0.015575,35.503811007849258,2.3266831530882519
1800,0.015578125,35.504596383548439,2.3263912558496549
1800,0.015581250000000001,35.505381926781439,2.3260990569460871
1800,0.015584375000000001,35.506167637553368,2.3258065561758832
1800,0.015587500000000001,35.50695351586932,2.325513753337364
1800,0.015590625,35.50773956173439,2.3252206482288384
1800,0.01559375,35.508525775153657,2.3249272406486003
1800,0.015596875000000001,35.509312156132218,2.324633530394931
1800,0.015600000000000001,35.510098704675158,2.324339517266099
1800,0.015603125000000001,35.510885420787559,2.3240452010603585
1800,0.01560625,35.511672304474502,2.3237505815759496
1800,0.015609375,35.512459355741058,2.3234556586111021
1800,0.015612500000000001,35.513246574592316,2.3231604319640313
1800,0.015615625000000001,35.514033961033363,2.3228649014329399
1800,0.015618750000000001,35.514821515069258,2.3225690668160186
1800,0.015621875,35.515609236705068,2.3222729279114431
1800,0.015625,35.516397125945865,2.3219764845173794
1800,0.015628125,35.517185182796723,2.3216797364319781
1800,0.015631249999999999,35.517973407262694,2.3213826834533791
1800,0.015634375000000002,35.518761799348844,2.3210853253797086
1800,0.015637500000000002,35.519550359060226,2.3207876620090824
1800,0.015640625000000002,35.52033908640189,2.3204896931396028
1800,0.015643750000000001,35.521127981378889,2.32019141856936
1800,0.015646875000000001,35.521917043996282,2.3198928380964308
1800,0.015650000000000001,35.522706274259114,2.3195939515188821
1800,0.015653125,35.52349567217243,2.3192947586347676
1800,0.01565625,35.524285237741267,2.318995259242131
1800,0.015659375,35.525074970970664,2.3186954531390009
1800,0.015662499999999999,35.525864871865657,2.3183953401233963
1800,0.015665625000000002,35.526654940431285,2.3180949199933241
1800,0.015668750000000002,35.527445176672586,2.31779419254678
1800,0.015671875000000002,35.528235580594583,2.3174931575817466
1800,0.015675000000000001,35.529026152202306,2.317191814896197
1800,0.015678125000000001,35.529816891500779,2.3168901642880919
1800,0.015681250000000001,35.530607798495026,2.316588205555381
1800,0.015684375,35.531398873190064,2.3162859384960024
1800,0.0156875,35.5321901155909,2.3159833629078825
1800,0.015690625,35.53298152570256,2.3156804785889382
1800,0.015693749999999999,35.533773103530052,2.3153772853370742
1800,0.015696874999999999,35.534564849078386,2.3150737829501833
1800,0.015700000000000002,35.535356762352563,2.3147699712261489
1800,0.015703125000000002,35.536148843357587,2.3144658499628434
1800,0.015706250000000001,35.536941092098473,2.3141614189581285
1800,0.015709375000000001,35.53773350858021,2.3138566780098548
1800,0.015712500000000001,35.538526092807793,2.3135516269158622
1800,0.015715625,35.539318844786216,2.3132462654739809
1800,0.01571875,35.540111764520468,2.3129405934820295
1800,0.015721875,35.540904852015537,2.3126346107378168
1800,0.015724999999999999,35.541698107276417,2.3123283170391411
1800,0.015728124999999999,35.542491530308084,2.3120217121837903
1800,0.015731250000000002,35.54328512111551,2.3117147959695425
1800,0.015734375000000002,35.544078879703683,2.311407568194165
1800,0.015737500000000001,35.544872806077571,2.3111000286554146
1800,0.015740625000000001,35.545666900242153,2.3107921771510394
1800,0.015743750000000001,35.546461162202398,2.3104840134787765
1800,0.015746875,35.547255591963271,2.3101755374363542
1800,0.01575,35.548050189529732,2.3098667488214906
1800,0.015753125,35.548844954906748,2.3095576474318928
1800,0.015756249999999999,35.549639888099286,2.3092482330652597
1800,0.015759374999999999,35.550434989112297,2.3089385055192797
1800,0.015762500000000002,35.551230257950735,2.3086284645916324
1800,0.015765625000000002,35.552025694619559,2.3083181100799872
1800,0.015768750000000002,35.552821299123707,2.3080074417820038
1800,0.015771875000000001,35.553617071468139,2.3076964594953338
1800,0.015775000000000001,35.554413011657779,2.3073851630176181
1800,0.015778125,35.555209119697579,2.3070735521464898
1800,0.01578125,35.556005395592472,2.3067616266795716
1800,0.015784375,35.556801839347401,2.3064493864144775
1800,0.015787499999999999,35.557598450967284,2.3061368311488124
1800,0.015790624999999999,35.558395230457066,2.305823960680172
1800,0.015793750000000002,35.559192177821672,2.3055107748061441
1800,0.015796875000000002,35.559989293066025,2.3051972733243051
1800,0.015800000000000002,35.560786576195042,2.3048834560322256
1800,0.015803125000000001,35.561584027213648,2.3045693227274655
1800,0.015806250000000001,35.562381646126752,2.3042548732075763
1800,0.015809375000000001,35.563179432939272,2.3039401072701011
1800,0.0158125,35.563977387656124,2.3036250247125749
1800,0.015815625,35.56477551028221,2.3033096253325231
1800,0.015818749999999999,35.565573800822435,2.3029939089274638
1800,0.015821874999999999,35.5663722592817,2.3026778752949055
1800,0.015825000000000002,35.567170885664915,2.3023615242323499
1800,0.015828125000000002,35.567969679976969,2.302044855537289
1800,0.015831250000000002,35.568768642222764,2.3017278690072072
1800,0.015834375000000001,35.569567772407183,2.3014105644395806
1800,0.015837500000000001,35.570367070535113,2.3010929416318775
1800,0.015840625000000001,35.571166536611443,2.3007750003815572
1800,0.01584375,35.571966170641062,2.3004567404860725
1800,0.015846875,35.572765972628844,2.3001381617428667
1800,0.01585,35.57356594257967,2.299819263949376
1800,0.015853124999999999,35.574366080498422,2.2995000469030282
1800,0.015856250000000002,35.575166386389967,2.2991805104012442
1800,0.015859375000000002,35.575966860259165,2.2988606542414356
1800,0.015862500000000002,35.57676750211089,2.2985404782210086
1800,0.015865625000000001,35.57756831195001,2.2982199821373599
1800,0.015868750000000001,35.578369289781378,2.2978991657878791
1800,0.015871875000000001,35.579170435609853,2.2975780289699483
1800,0.015875,35.579971749440297,2.297256571480943
1800,0.015878125,35.580773231277561,2.2969347931182305
1800,0.01588125,35.581574881126492,2.2966126936791706
1800,0.015884374999999999,35.582376698991951,2.2962902729611163
1800,0.015887500000000002,35.58317868487876,2.2959675307614127
1800,0.015890625000000002,35.583980838791774,2.2956444668773979
1800,0.015893750000000002,35.584783160735832,2.2953210811064029
1800,0.015896875000000001,35.585585650715764,2.2949973732457516
1800,0.015900000000000001,35.586388308736403,2.2946733430927613
1800,0.015903125000000001,35.58719113480258,2.2943489904447412
1800,0.01590625,35.587994128919128,2.2940243150989952
1800,0.015909375,35.58879729109087,2.2936993168528188
1800,0.0159125,35.589600621322624,2.2933739955035017
1800,0.015915624999999999,35.590404119619201,2.2930483508483261
1800,0.015918750000000002,35.591207785985432,2.2927223826845675
1800,0.015921875000000002,35.592011620426121,2.2923960908094938
1800,0.015925000000000002,35.592815622946077,2.2920694750203681
1800,0.015928125000000001,35.593619793550111,2.2917425351144454
1800,0.015931250000000001,35.594424132243027,2.2914152708889741
1800,0.015934375000000001,35.595228639029628,2.2910876821411978
1800,0.0159375,35.596033313914717,2.2907597686683521
1800,0.015940625,35.596838156903097,2.2904315302676661
1800,0.01594375,35.59764316799955,2.2901029667363639
1800,0.015946874999999999,35.598448347208858,2.2897740778716615
1800,0.015950000000000002,35.599253694535825,2.2894448634707696
1800,0.015953125000000002,35.600059209985233,2.2891153233308916
1800,0.015956250000000002,35.600864893561848,2.2887854572492254
1800,0.015959375000000001,35.601670745270454,2.2884552650229635
1800,0.015962500000000001,35.602476765115831,2.2881247464492915
1800,0.015965625000000001,35.603282953102756,2.2877939013253883
1800,0.01596875,35.604089309235981,2.2874627294484275
1800,0.015971875,35.604895833520281,2.2871312306155769
1800,0.015975,35.605702525960432,2.2867994046239977
1800,0.015978124999999999,35.606509386561186,2.2864672512708459
1800,0.015981250000000002,35.607316415327304,2.2861347703532702
1800,0.015984375000000002,35.60812361226354,2.2858019616684144
1800,0.015987500000000002,35.608930977374634,2.2854688250134165
1800,0.015990625000000001,35.609738510665345,2.2851353601854094
1800,0.015993750000000001,35.61054621214042,2.2848015669815189
1800,0.015996875000000001,35.611354081804599,2.2844674451988665
1800,0.016,35.612162119662621,2.2841329946345672
1800,0.016003125,35.612970325719225,2.2837982150857301
1800,0.01600625,35.613778699979143,2.2834631063494588
1800,0.016009374999999999,35.614587242447122,2.2831276682228516
1800,0.016012500000000002,35.61539595312788,2.282791900503002
1800,0.016015625000000002,35.616204832026142,2.2824558029869975
1800,0.016018750000000002,35.617013879146626,2.2821193754719196
1800,0.016021875000000001,35.617823094494057,2.2817826177548448
1800,0.016025000000000001,35.618632478073138,2.2814455296328444
1800,0.016028125000000001,35.619442029888596,2.2811081109029834
1800,0.01603125,35.620251749945147,2.2807703613623231
1800,0.016034375,35.62106163824749,2.2804322808079185
1800,0.0160375,35.621871694800333,2.2800938690368198
1800,0.016040624999999999,35.622681919608382,2.2797551258460715
1800,0.016043750000000002,35.623492312676326,2.2794160510327131
1800,0.016046875000000002,35.624302874008862,2.27907664439378
1800,0.016050000000000002,35.625113603610671,2.2787369057263005
1800,0.016053125000000001,35.625924501486445,2.2783968348272987
1800,0.016056250000000001,35.626735567640878,2.2780564314937948
1800,0.016059375000000001,35.627546802078648,2.2777156955228026
1800,0.0160625,35.628358204804442,2.2773746267113313
1800,0.016065625,35.62916977582293,2.2770332248563849
1800,0.01606875,35.629981515138802,2.2766914897549637
1800,0.016071874999999999,35.630793422756717,2.2763494212040616
1800,0.016075000000000002,35.631605498681338,2.2760070190006676
1800,0.016078125000000002,35.63241774291734,2.2756642829417673
1800,0.016081250000000002,35.633230155469384,2.2753212128243403
1800,0.016084375000000001,35.634042736342124,2.2749778084453616
1800,0.016087500000000001,35.634855485540228,2.274634069601801
1800,0.016090625000000001,35.635668403068337,2.2742899960906255
1800,0.01609375,35.636481488931111,2.2739455877087944
1800,0.016096875,35.637294743133182,2.2736008442532643
1800,0.0161,35.638108165679206,2.2732557655209873
1800,0.016103124999999999,35.638921756573822,2.2729103513089099
1800,0.016106249999999999,35.639735515821663,2.2725646014139746
1800,0.016109375000000002,35.640549443427354,2.2722185156331194
1800,0.016112500000000002,35.641363539395535,2.2718720937632764
1800,0.016115625000000001,35.642177803730846,2.2715253356013743
1800,0.016118750000000001,35.642992236437891,2.2711782409443368
1800,0.016121875000000001,35.643806837521304,2.2708308095890839
1800,0.016125,35.644621606985687,2.2704830413325308
1800,0.016128125,35.645436544835668,2.2701349359715883
1800,0.01613125,35.646251651075872,2.2697864933031617
1800,0.016134374999999999,35.647066925710888,2.269437713124153
1800,0.016137499999999999,35.647882368745336,2.2690885952314601
1800,0.016140625000000002,35.648697980183812,2.2687391394219745
1800,0.016143750000000002,35.649513760030921,2.2683893454925861
1800,0.016146875000000002,35.65032970829126,2.2680392132401783
1800,0.016150000000000001,35.651145824969419,2.2676887424616305
1800,0.016153125000000001,35.651962110069981,2.2673379329538186
1800,0.01615625,35.65277856359755,2.2669867845136129
1800,0.016159375,35.653595185556703,2.2666352969378818
1800,0.0161625,35.654411975952023,2.2662834700234868
1800,0.016165624999999999,35.655228934788084,2.265931303567287
1800,0.016168749999999999,35.656046062069457,2.2655787973661354
1800,0.016171875000000002,35.656863357800717,2.2652259512168818
1800,0.016175000000000002,35.657680821986418,2.2648727649163725
1800,0.016178125000000002,35.658498454631143,2.2645192382614487
1800,0.016181250000000001,35.659316255739455,2.2641653710489478
1800,0.016184375000000001,35.660134225315907,2.2638111630757023
1800,0.0161875,35.660952363365055,2.2634566141385415
1800,0.016190625,35.66177066989146,2.2631017240342901
1800,0.01619375,35.662589144899663,2.262746492559768
1800,0.016196874999999999,35.66340778839421,2.2623909195117919
1800,0.016199999999999999,35.664226600379642,2.2620350046871742
1800,0.016203125000000002,35.6650455808605,2.2616787478827232
1800,0.016206250000000002,35.665864729841324,2.2613221488952422
1800,0.016209375000000002,35.66668404732664,2.2609652075215312
1800,0.016212500000000001,35.667503533320989,2.260607923558386
1800,0.016215625000000001,35.668323187828889,2.2602502968025977
1800,0.016218750000000001,35.66914301085486,2.2598923270509546
1800,0.016221875,35.669963002403428,2.2595340141002405
1800,0.016225,35.670783162479104,2.259175357747234
1800,0.016228124999999999,35.671603491086401,2.258816357788711
1800,0.016231249999999999,35.672423988229831,2.2584570140214431
1800,0.016234375000000002,35.673244653913905,2.2580973262421971
1800,0.016237500000000002,35.674065488143128,2.2577372942477356
1800,0.016240625000000002,35.674886490921999,2.2573769178348173
1800,0.016243750000000001,35.675707662255014,2.257016196800198
1800,0.016246875000000001,35.67652900214668,2.2566551309406289
1800,0.016250000000000001,35.677350510601478,2.2562937200528572
1800,0.016253125,35.678172187623893,2.2559319639336248
1800,0.01625625,35.678994033218409,2.2555698623796712
1800,0.016259375,35.679816047389501,2.2552074151877299
1800,0.016262499999999999,35.68063823014166,2.2548446221545331
1800,0.016265625000000002,35.681460581479357,2.2544814830768072
1800,0.016268750000000002,35.682283101407066,2.2541179977512735
1800,0.016271875000000002,35.68310578992925,2.2537541659746512
1800,0.016275000000000001,35.683928647050372,2.2533899875436543
1800,0.016278125000000001,35.684751672774901,2.2530254622549926
1800,0.016281250000000001,35.685574867107292,2.2526605899053727
1800,0.016284375,35.686398230051999,2.2522953702914967
1800,0.0162875,35.687221761613486,2.2519298032100639
1800,0.016290625,35.688045461796186,2.2515638884577669
1800,0.016293749999999999,35.688869330604547,2.251197625831296
1800,0.016296875000000002,35.689693368043017,2.2508310151273361
1800,0.016300000000000002,35.690517574116022,2.2504640561425697
1800,0.016303125000000002,35.691341948828004,2.2500967486736747
1800,0.016306250000000001,35.692166492183389,2.2497290925173243
1800,0.016309375000000001,35.692991204186612,2.2493610874701879
1800,0.016312500000000001,35.693816084842091,2.2489927333289295
1800,0.016315625,35.694641134154246,2.2486240298902103
1800,0.01631875,35.695466352127504,2.2482549769506868
1800,0.016321875,35.696291738766277,2.2478855743070114
1800,0.016324999999999999,35.697117294074978,2.2475158217558331
1800,0.016328125000000002,35.697943018058005,2.2471457190937958
1800,0.016331250000000002,35.698768910719771,2.2467752661175391
1800,0.016334375000000002,35.699594972064673,2.246404462623699
1800,0.016337500000000001,35.700421202097118,2.2460333084089061
1800,0.016340625000000001,35.701247600821496,2.2456618032697881
1800,0.016343750000000001,35.702074168242198,2.2452899470029681
1800,0.016346875,35.702900904363609,2.2449177394050639
1800,0.01635,35.70372780919012,2.2445451802726892
1800,0.016353125,35.704554882726107,2.2441722694024544
1800,0.016356249999999999,35.705382124975955,2.2437990065909657
1800,0.016359375000000002,35.706209535944033,2.2434253916348235
1800,0.016362500000000002,35.707037115634719,2.2430514243306243
1800,0.016365625000000002,35.707864864052375,2.2426771044749607
1800,0.016368750000000001,35.708692781201364,2.2423024318644207
1800,0.016371875000000001,35.709520867086056,2.2419274062955874
1800,0.016375000000000001,35.710349121710799,2.2415520275650391
1800,0.016378125,35.711177545079956,2.241176295469351
1800,0.01638125,35.712006137197868,2.2408002098050925
1800,0.016384375,35.712834898068884,2.240423770368829
1800,0.016387499999999999,35.713663827697339,2.2400469769571214
1800,0.016390625000000002,35.71449292608758,2.2396698293665254
1800,0.016393750000000002,35.715322193243949,2.239292327393593
1800,0.016396875000000002,35.716151629170767,2.2389144708348709
1800,0.016400000000000001,35.716981233872374,2.2385362594869007
1800,0.016403125000000001,35.717811007353099,2.2381576931462206
1800,0.016406250000000001,35.718640949617246,2.2377787716093636
1800,0.016409375,35.71947106066915,2.2373994946728577
1800,0.0164125,35.720301340513132,2.2370198621332253
1800,0.016415625,35.721131789153503,2.2366398737869853
1800,0.016418749999999999,35.721962406594571,2.2362595294306509
1800,0.016421875000000002,35.722793192840641,2.2358788288607316
1800,0.016425000000000002,35.723624147896018,2.2354977718737299
1800,0.016428125000000002,35.724455271764988,2.2351163582661453
1800,0.016431250000000001,35.725286564451864,2.2347345878344713
1800,0.016434375000000001,35.726118025960922,2.234352460375197
1800,0.016437500000000001,35.726949656296455,2.233969975684805
1800,0.016440625,35.727781455462754,2.2335871335597752
1800,0.01644375,35.728613423464097,2.2332039337965801
1800,0.016446875,35.729445560304761,2.2328203761916892
1800,0.016449999999999999,35.730277865989017,2.2324364605415643
1800,0.016453125000000002,35.731110340521141,2.2320521866426648
1800,0.016456250000000002,35.731942983905398,2.2316675542914428
1800,0.016459375000000002,35.732775796146058,2.2312825632843456
1800,0.016462500000000001,35.733608777247376,2.2308972134178147
1800,0.016465625000000001,35.734441927213602,2.2305115044882875
1800,0.016468750000000001,35.735275246048992,2.2301254362921941
1800,0.016471875,35.736108733757796,2.2297390086259612
1800,0.016475,35.736942390344268,2.2293522212860091
1800,0.016478125,35.737776215812644,2.2289650740687517
1800,0.016481249999999999,35.738610210167167,2.228577566770598
1800,0.016484375000000002,35.739444373412077,2.228189699187952
1800,0.016487500000000002,35.74027870555161,2.2278014711172109
1800,0.016490625000000002,35.741113206589993,2.2274128823547668
1800,0.016493750000000001,35.741947876531448,2.2270239326970054
1800,0.016496875000000001,35.742782715380194,2.2266346219403075
1800,0.016500000000000001,35.743617723140446,2.2262449498810479
1800,0.016503125,35.744452899816423,2.2258549163155945
1800,0.01650625,35.74528824541234,2.2254645210403097
1800,0.016509375,35.746123759932402,2.2250737638515505
1800,0.016512499999999999,35.74695944338081,2.2246826445456667
1800,0.016515625000000003,35.747795295761762,2.2242911629190032
1800,0.016518750000000002,35.74863131707945,2.2238993187678986
1800,0.016521875000000002,35.749467507338068,2.2235071118886842
1800,0.016525000000000001,35.750303866541813,2.2231145420776861
1800,0.016528125000000001,35.751140394694872,2.2227216091312236
1800,0.016531250000000001,35.751977091801422,2.2223283128456091
1800,0.016534375,35.752813957865641,2.2219346530171489
1800,0.0165375,35.753650992891707,2.2215406294421434
1800,0.016540625,35.754488196883798,2.2211462419168861
1800,0.016543749999999999,35.755325569846072,2.2207514902376637
1800,0.016546874999999999,35.756163111782698,2.2203563742007555
1800,0.016550000000000002,35.757000822697833,2.2199608936024351
1800,0.016553125000000002,35.757838702595642,2.2195650482389686
1800,0.016556250000000002,35.758676751480266,2.2191688379066155
1800,0.016559375000000001,35.759514969355862,2.2187722624016288
1800,0.016562500000000001,35.760353356226567,2.2183753215202544
1800,0.016565625,35.761191912096535,2.2179780150587307
1800,0.01656875,35.762030636969911,2.2175803428132892
1800,0.016571875,35.762869530850821,2.2171823045801551
1800,0.016574999999999999,35.763708593743402,2.2167839001555452
1800,0.016578124999999999,35.764547825651775,2.2163851293356687
1800,0.016581250000000002,35.765387226580074,2.2159859919167282
1800,0.016584375000000002,35.766226796532408,2.2155864876949192
1800,0.016587500000000002,35.767066535512903,2.2151866164664287
1800,0.016590625000000001,35.767906443525675,2.2147863780274362
1800,0.016593750000000001,35.76874652057483,2.2143857721741149
1800,0.016596875000000001,35.76958676666446,2.2139847987026289
1800,0.0166,35.770427181798681,2.213583457409134
1800,0.016603125,35.771267765981591,2.2131817480897795
1800,0.016606249999999999,35.772108519217284,2.2127796705407068
1800,0.016609374999999999,35.772949441509851,2.2123772245580486
1800,0.016612500000000002,35.77379053286338,2.2119744099379304
1800,0.016615625000000002,35.774631793281962,2.211571226476468
1800,0.016618750000000002,35.775473222769676,2.2111676739697699
1800,0.016621875000000001,35.776314821330594,2.2107637522139361
1800,0.016625000000000001,35.777156588968793,2.2103594610050581
1800,0.016628125000000001,35.777998525688332,2.2099548001392195
1800,0.01663125,35.778840631493281,2.2095497694124946
1800,0.016634375,35.779682906387698,2.2091443686209495
1800,0.0166375,35.780525350375648,2.2087385975606413
1800,0.016640624999999999,35.781367963461172,2.2083324560276196
1800,0.016643750000000002,35.782210745648335,2.2079259438179233
1800,0.016646875000000002,35.783053696941181,2.2075190607275834
1800,0.016650000000000002,35.783896817343752,2.2071118065526205
1800,0.016653125000000001,35.784740106860092,2.2067041810890475
1800,0.016656250000000001,35.785583565494228,2.206296184132869
1800,0.016659375000000001,35.786427193250198,2.2058878154800774
1800,0.0166625,35.787270990132029,2.2054790749266577
1800,0.016665625,35.788114956143744,2.2050699622685856
1800,0.01666875,35.788959091289364,2.2046604773018266
1800,0.016671874999999999,35.789803395572903,2.2042506198223366
1800,0.016675000000000002,35.790647868998377,2.2038403896260612
1800,0.016678125000000002,35.791492511569807,2.2034297865089374
1800,0.016681250000000002,35.7923373232912,2.2030188102668906
1800,0.016684375000000001,35.793182304166542,2.2026074606958375
1800,0.016687500000000001,35.794027454199835,2.2021957375916847
1800,0.016690625000000001,35.794872773395078,2.2017836407503286
1800,0.01669375,35.795718261756264,2.2013711699676537
1800,0.016696875,35.796563919287379,2.2009583250395357
1800,0.0167,35.797409745992411,2.2005451057618397
1800,0.016703124999999999,35.79825574187533,2.2001315119304201
1800,0.016706250000000002,35.799101906940116,2.1997175433411202
1800,0.016709375000000002,35.799948241190741,2.1993031997897732
1800,0.016712500000000002,35.800794744631169,2.1988884810722
1800,0.016715625000000001,35.801641417265373,2.1984733869842126
1800,0.016718750000000001,35.802488259097309,2.1980579173216088
1800,0.016721875000000001,35.80333527013093,2.1976420718801779
1800,0.016725,35.804182450370199,2.1972258504556965
1800,0.016728125,35.80502979981906,2.1968092528439316
1800,0.01673125,35.805877318481464,2.1963922788406371
1800,0.016734374999999999,35.806725006361347,2.1959749282415548
1800,0.016737500000000002,35.807572863462653,2.1955572008424156
1800,0.016740625000000002,35.808420889789311,2.1951390964389383
1800,0.016743750000000002,35.809269085345242,2.194720614826831
1800,0.016746875000000001,35.810117450134392,2.1943017558017885
1800,0.016750000000000001,35.81096598416066,2.1938825191594935
1800,0.016753125000000001,35.811814687427976,2.1934629046956151
1800,0.01675625,35.812663559940262,2.1930429122058124
1800,0.016759375,35.813512601701426,2.192622541485731
1800,0.0167625,35.814361812715369,2.1922017923310038
1800,0.016765624999999999,35.815211192985991,2.1917806645372506
1800,0.016768750000000002,35.816060742517202,2.1913591579000795
1800,0.016771875000000002,35.816910461312894,2.1909372722150837
1800,0.016775000000000002,35.817760349376954,2.1905150072778459
1800,0.016778125000000001,35.818610406713283,2.1900923628839322
1800,0.016781250000000001,35.819460633325754,2.1896693388288977
1800,0.016784375000000001,35.820311029218253,2.1892459349082838
1800,0.0167875,35.821161594394653,2.1888221509176176
1800,0.016790625,35.822012328858833,2.1883979866524133
1800,0.01679375,35.822863232614644,2.18797344190817
1800,0.016796874999999999,35.823714305665966,2.187548516480375
1800,0.016800000000000002,35.824565548016665,2.1871232101644988
1800,0.016803125000000002,35.825416959670591,2.1866975227559999
1800,0.016806250000000002,35.826268540631588,2.1862714540503214
1800,0.016809375000000001,35.827120290903515,2.1858450038428918
1800,0.016812500000000001,35.827972210490223,2.1854181719291259
1800,0.016815625000000001,35.828824299395549,2.1849909581044233
1800,0.01681875,35.82967655762333,2.1845633621641691
1800,0.016821875,35.830528985177395,2.1841353839037314
1800,0.016825,35.831381582061574,2.183707023118465
1800,0.016828124999999999,35.832234348279691,2.1832782796037096
1800,0.016831250000000002,35.833087283835575,2.1828491531547893
1800,0.016834375000000002,35.833940388733048,2.182419643567012
1800,0.016837500000000002,35.834793662975912,2.1819897506356694
1800,0.016840625000000001,35.835647106567983,2.1815594741560385
1800,0.016843750000000001,35.836500719513069,2.1811288139233804
1800,0.016846875000000001,35.837354501814964,2.1806977697329391
1800,0.01685,35.838208453477485,2.1802663413799435
1800,0.016853125,35.839062574504425,2.1798345286596059
1800,0.01685625,35.839916864899564,2.1794023313671214
1800,0.016859374999999999,35.84077132466669,2.1789697492976678
1800,0.016862500000000002,35.84162595380959,2.1785367822464083
1800,0.016865625000000002,35.842480752332037,2.1781034300084872
1800,0.016868750000000002,35.843335720237803,2.1776696923790331
1800,0.016871875000000001,35.844190857530663,2.1772355691531557
1800,0.016875000000000001,35.845046164214388,2.176801060125948
1800,0.016878125000000001,35.845901640292745,2.1763661650924857
1800,0.01688125,35.846757285769492,2.1759308838478266
1800,0.016884375,35.847613100648381,2.1754952161870111
1800,0.0168875,35.848469084933164,2.1750591619050605
1800,0.016890624999999999,35.849325238627586,2.1746227207969788
1800,0.016893750000000003,35.85018156173539,2.1741858926577513
1800,0.016896875000000002,35.851038054260307,2.1737486772823447
1800,0.016900000000000002,35.85189471620609,2.1733110744657069
1800,0.016903125000000001,35.85275154757646,2.1728730840027679
1800,0.016906250000000001,35.853608548375142,2.1724347056884383
1800,0.016909375000000001,35.854465718605859,2.1719959393176089
1800,0.0169125,35.855323058272333,2.1715567846851518
1800,0.016915625,35.856180567378289,2.1711172415859195
1800,0.01691875,35.857038245927427,2.1706773098147445
1800,0.016921874999999999,35.857896093923458,2.170236989166439
1800,0.016925000000000003,35.858754111370082,2.1697962794357966
1800,0.016928125000000002,35.859612298271003,2.1693551804175897
1800,0.016931250000000002,35.860470654629914,2.1689136919065715
1800,0.016934375000000002,35.861329180450511,2.1684718136974741
1800,0.016937500000000001,35.862187875736481,2.1680295455850089
1800,0.016940625000000001,35.863046740491505,2.167586887363866
1800,0.01694375,35.863905774719257,2.1671438388287156
1800,0.016946875,35.864764978423423,2.1667003997742058
1800,0.01695,35.865624351607671,2.166256569994963
1800,0.016953124999999999,35.866483894275667,2.1658123492855936
1800,0.016956249999999999,35.867343606431064,2.1653677374406808
1800,0.016959375000000002,35.868203488077526,2.164922734254787
1800,0.016962500000000002,35.869063539218722,2.1644773395224521
1800,0.016965625000000002,35.869923759858288,2.1640315530381935
1800,0.016968750000000001,35.870784149999878,2.1635853745965061
1800,0.016971875000000001,35.871644709647136,2.1631388039918624
1800,0.016975000000000001,35.872505438803699,2.162691841018713
1800,0.016978125,35.8733663374732,2.1622444854714842
1800,0.01698125,35.874227405659276,2.1617967371445799
1800,0.016984374999999999,35.875088643365544,2.1613485958323801
1800,0.016987499999999999,35.875950050595634,2.1609000613292415
1800,0.016990625000000002,35.876811627353163,2.1604511334294974
1800,0.016993750000000002,35.877673373641748,2.1600018119274567
1800,0.016996875000000002,35.878535289464992,2.1595520966174044
1800,0.017000000000000001,35.87939737482651,2.1591019872936008
1800,0.017003125000000001,35.880259629729906,2.1586514837502819
1800,0.017006250000000001,35.881122054178775,2.1582005857816591
1800,0.017009375,35.881984648176704,2.1577492931819182
1800,0.0170125,35.882847411727298,2.1572976057452209
1800,0.017015625,35.883710344834128,2.1568455232657038
1800,0.017018749999999999,35.884573447500792,2.156393045537476
1800,0.017021875000000002,35.885436719730862,2.1559401723546237
1800,0.017025000000000002,35.886300161527913,2.1554869035112052
1800,0.017028125000000002,35.887163772895519,2.1550332388012539
1800,0.017031250000000001,35.888027553837233,2.1545791780187753
1800,0.017034375000000001,35.888891504356629,2.1541247209577494
1800,0.017037500000000001,35.889755624457251,2.15366986741213
1800,0.017040625,35.890619914142654,2.1532146171758422
1800,0.01704375,35.89148437341639,2.1527589700427852
1800,0.017046875,35.89234900228201,2.1523029258068309
1800,0.017049999999999999,35.893213800743055,2.151846484261823
1800,0.017053125000000002,35.894078768803048,2.1513896452015779
1800,0.017056250000000002,35.894943906465535,2.1509324084198842
1800,0.017059375000000002,35.895809213734047,2.1504747737105014
1800,0.017062500000000001,35.896674690612095,2.1500167408671613
1800,0.017065625000000001,35.897540337103202,2.1495583096835662
1800,0.017068750000000001,35.898406153210892,2.14909947995339
1800,0.017071875,35.899272138938677,2.1486402514702765
1800,0.017075,35.900138294290066,2.1481806240278423
1800,0.017078125,35.901004619268555,2.147720597419672
1800,0.017081249999999999,35.901871113877647,2.147260171439322
1800,0.017084375000000002,35.902737778120837,2.1467993458803192
1800,0.017087500000000002,35.903604612001622,2.1463381205361589
1800,0.017090625000000002,35.904471615523484,2.1458764952003064
1800,0.017093750000000001,35.905338788689917,2.1454144696661968
1800,0.017096875000000001,35.906206131504391,2.1449520437272316
1800,0.017100000000000001,35.907073643970371,2.1444892171767846
1800,0.017103125,35.90794132609134,2.1440259898081964
1800,0.01710625,35.908809177870772,2.1435623614147761
1800,0.017109375,35.909677199312114,2.1430983317898016
1800,0.017112499999999999,35.910545390418839,2.1426339007265174
1800,0.017115625000000002,35.911413751194388,2.1421690680181364
1800,0.017118750000000002,35.912282281642206,2.1417038334578393
1800,0.017121875000000002,35.913150981765746,2.1412381968387728
1800,0.017125000000000001,35.91401985156844,2.1407721579540522
1800,0.017128125000000001,35.914888891053728,2.1403057165967581
1800,0.017131250000000001,35.915758100225048,2.1398388725599373
1800,0.017134375,35.916627479085825,2.1393716256366031
1800,0.0171375,35.917497027639492,2.1389039756197352
1800,0.017140625,35.918366745889472,2.1384359223022784
1800,0.017143749999999999,35.919236633839176,2.1379674654771437
1800,0.017146875000000002,35.920106691492009,2.137498604937206
1800,0.017150000000000002,35.92097691885138,2.1370293404753062
1800,0.017153125000000002,35.921847315920687,2.1365596718842492
1800,0.017156250000000001,35.922717882703338,2.1360895989568043
1800,0.017159375000000001,35.923588619202732,2.1356191214857048
1800,0.017162500000000001,35.92445952542225,2.1351482392636481
1800,0.017165625,35.925330601365289,2.1346769520832956
1800,0.01716875,35.926201847035223,2.1342052597372714
1800,0.017171875,35.927073262435442,2.1337331620181632
1800,0.017174999999999999,35.927944847569307,2.1332606587185206
1800,0.017178125000000002,35.928816602440193,2.1327877496308569
1800,0.017181250000000002,35.929688527051454,2.1323144345476464
1800,0.017184375000000002,35.930560621406471,2.131840713261326
1800,0.017187500000000001,35.931432885508592,2.1313665855642947
1800,0.017190625000000001,35.932305319361177,2.130892051248912
1800,0.017193750000000001,35.933177922967566,2.1304171101074991
1800,0.017196875,35.934050696331106,2.1299417619323382
1800,0.0172,35.934923639455128,2.1294660065156719
1800,0.017203125,35.935796752342981,2.1289898436497023
1800,0.017206249999999999,35.936670034997995,2.1285132731265946
1800,0.017209375000000002,35.937543487423497,2.1280362947384703
1800,0.017212500000000002,35.938417109622804,2.1275589082774125
1800,0.017215625000000002,35.939290901599243,2.1270811135354615
1800,0.017218750000000001,35.940164863356124,2.1266029103046185
1800,0.017221875000000001,35.941038994896751,2.1261242983768427
1800,0.017225000000000001,35.941913296224435,2.1256452775440504
1800,0.017228125,35.942787767342473,2.1251658475981174
1800,0.01723125,35.94366240825417,2.1246860083308774
1800,0.017234375,35.944537218962815,2.1242057595341199
1800,0.017237499999999999,35.945412199471704,2.1237251009995934
1800,0.017240625000000002,35.946287349784114,2.1232440325190023
1800,0.017243750000000002,35.947162669903335,2.1227625538840074
1800,0.017246875000000002,35.948038159832635,2.122280664886226
1800,0.017250000000000001,35.948913819575296,2.1217983653172321
1800,0.017253125000000001,35.949789649134566,2.1213156549685541
1800,0.017256250000000001,35.950665648513713,2.1208325336316771
1800,0.017259375,35.951541817716006,2.1203490010980399
1800,0.0172625,35.952418156744692,2.1198650571590361
1800,0.017265625,35.953294665603011,2.1193807016060147
1800,0.017268749999999999,35.954171344294217,2.1188959342302787
1800,0.017271875000000003,35.95504819282155,2.1184107548230835
1800,0.017275000000000002,35.955925211188259,2.1179251631756397
1800,0.017278125000000002,35.956802399397567,2.11743915907911
1800,0.017281250000000001,35.957679757452709,2.1169527423246106
1800,0.017284375000000001,35.95855728535691,2.1164659127032093
1800,0.017287500000000001,35.95943498311339,2.1159786700059269
1800,0.017290625,35.960312850725359,2.115491014023736
1800,0.01729375,35.961190888196036,2.1150029445475607
1800,0.017296875,35.962069095528619,2.1145144613682758
1800,0.017299999999999999,35.962947472726306,2.1140255642767074
1800,0.017303125000000003,35.963826019792307,2.1135362530636326
1800,0.017306250000000002,35.9647047367298,2.1130465275197783
1800,0.017309375000000002,35.965583623541974,2.1125563874358217
1800,0.017312500000000001,35.966462680232027,2.1120658326023891
1800,0.017315625000000001,35.967341906803135,2.1115748628100559
1800,0.017318750000000001,35.968221303258481,2.111083477849347
1800,0.017321875,35.969100869601249,2.110591677510735
1800,0.017325,35.969980605834593,2.110099461584642
1800,0.017328125,35.970860511961682,2.1096068298614368
1800,0.017331249999999999,35.971740587985671,2.1091137821314376
1800,0.017334375000000003,35.972620833909716,2.1086203181849075
1800,0.017337500000000002,35.973501249736962,2.1081264378120572
1800,0.017340625000000002,35.974381835470552,2.1076321408030445
1800,0.017343750000000002,35.975262591113626,2.1071374269479728
1800,0.017346875000000001,35.976143516669339,2.1066422960368905
1800,0.017350000000000001,35.977024612140802,2.1061467478597931
1800,0.017353125,35.977905877531164,2.1056507822066202
1800,0.01735625,35.978787312843544,2.1051543988672563
1800,0.017359375,35.979668918081046,2.1046575976315309
1800,0.017362499999999999,35.980550693246805,2.1041603782892166
1800,0.017365624999999999,35.981432638343911,2.1036627406300301
1800,0.017368750000000002,35.982314753375476,2.1031646844436316
1800,0.017371875000000002,35.983197038344606,2.102666209519624
1800,0.017375000000000002,35.984079493254406,2.1021673156475522
1800,0.017378125000000001,35.984962118107958,2.1016680026169037
1800,0.017381250000000001,35.985844912908355,2.1011682702171073
1800,0.017384375000000001,35.98672787765868,2.1006681182375346
1800,0.0173875,35.987611012362024,2.1001675464674974
1800,0.017390625,35.988494317021463,2.0996665546962476
1800,0.017393749999999999,35.989377791640059,2.0991651427129785
1800,0.017396874999999999,35.990261436220877,2.0986633103068222
1800,0.017400000000000002,35.991145250766984,2.0981610572668514
1800,0.017403125000000002,35.992029235281436,2.0976583833820777
1800,0.017406250000000002,35.992913389767303,2.097155288441451
1800,0.017409375000000001,35.993797714227618,2.0966517722338596
1800,0.017412500000000001,35.994682208665438,2.0961478345481308
1800,0.017415625000000001,35.995566873083796,2.0956434751730275
1800,0.01741875,35.996451707485718,2.095138693897252
1800,0.017421875,35.99733671187424,2.0946334905094424
1800,0.017425,35.998221886252388,2.0941278647981725
1800,0.017428124999999999,35.999107230623189,2.0936218165519538
1800,0.017431250000000002,35.999992744989662,2.0931153455592324
1800,0.017434375000000002,36.000878429354813,2.09260845160839
1800,0.017437500000000002,36.00176428372167,2.0921011344877427
1800,0.017440625000000001,36.002650308093223,2.0915933939855407
1800,0.017443750000000001,36.003536502472478,2.0910852298899689
1800,0.017446875000000001,36.004422866862434,2.0905766419891458
1800,0.01745,36.005309401266082,2.0900676300711223
1800,0.017453125,36.006196105686413,2.0895581939238825
1800,0.01745625,36.007082980126405,2.0890483333353429
1800,0.017459374999999999,36.007970024589028,2.0885380480933513
1800,0.017462500000000002,36.008857239077273,2.0880273379856895
1800,0.017465625000000002,36.009744623594088,2.0875162028000678
1800,0.017468750000000002,36.010632178142444,2.0870046423241275
1800,0.017471875000000001,36.011519902725311,2.08649265634544
1800,0.017475000000000001,36.012407797345631,2.0859802446515081
1800,0.017478125000000001,36.013295862006366,2.0854674070297623
1800,0.01748125,36.014184096710459,2.0849541432675629
1800,0.017484375,36.01507250146085,2.0844404531521987
1800,0.0174875,36.015961076260481,2.0839263364708862
1800,0.017490624999999999,36.016849821112281,2.083411793010769
1800,0.017493750000000002,36.017738736019197,2.0828968225589191
1800,0.017496875000000002,36.018627820984143,2.0823814249023354
1800,0.017500000000000002,36.019517076010032,2.0818655998279412
1800,0.017503125000000001,36.020406501099792,2.0813493471225875
1800,0.017506250000000001,36.021296096256314,2.0808326665730497
1800,0.017509375000000001,36.022185861482527,2.0803155579660291
1800,0.0175125,36.02307579678132,2.0797980210881515
1800,0.017515625,36.023965902155595,2.0792800557259659
1800,0.01751875,36.024856177608235,2.0787616616659448
1800,0.017521874999999999,36.025746623142133,2.0782428386944849
1800,0.017525000000000002,36.026637238760173,2.0777235865979056
1800,0.017528125000000002,36.027528024465241,2.077203905162448
1800,0.017531250000000002,36.028418980260206,2.0766837941742748
1800,0.017534375000000001,36.029310106147946,2.0761632534194701
1800,0.017537500000000001,36.030201402131325,2.0756422826840382
1800,0.017540625000000001,36.031092868213207,2.0751208817539051
1800,0.01754375,36.031984504396448,2.0745990504149163
1800,0.017546875,36.032876310683903,2.0740767884528366
1800,0.01755,36.033768287078409,2.0735540956533498
1800,0.017553124999999999,36.034660433582822,2.0730309718020576
1800,0.017556250000000002,36.035552750199983,2.0725074166844806
1800,0.017559375000000002,36.036445236932721,2.0719834300860556
1800,0.017562500000000002,36.037337893783857,2.0714590117921383
1800,0.017565625000000001,36.038230720756225,2.0709341615879988
1800,0.017568750000000001,36.039123717852647,2.0704088792588244
1800,0.017571875000000001,36.040016885075929,2.0698831645897182
1800,0.017575,36.040910222428892,2.0693570173656979
1800,0.017578125,36.041803729914342,2.0688304373716955
1800,0.01758125,36.042697407535094,2.0683034243925582
1800,0.017584374999999999,36.043591255293933,2.0677759782130458
1800,0.017587500000000002,36.044485273193658,2.067248098617831
1800,0.017590625000000002,36.045379461237054,2.0667197853914998
1800,0.017593750000000002,36.046273819426908,2.0661910383185496
1800,0.017596875000000001,36.047168347765997,2.0656618571833896
1800,0.017600000000000001,36.048063046257084,2.0651322417703395
1800,0.017603125000000001,36.04895791490295,2.0646021918636301
1800,0.01760625,36.049852953706363,2.0640717072474022
1800,0.017609375,36.050748162670082,2.0635407877057061
1800,0.0176125,36.051643541796864,2.0630094330225006
1800,0.017615624999999999,36.052539091089457,2.0624776429816531
1800,0.017618750000000002,36.053434810550613,2.0619454173669394
1800,0.017621875000000002,36.054330700183073,2.0614127559620421
1800,0.017625000000000002,36.05522675998958,2.0608796585505504
1800,0.017628125000000001,36.05612298997287,2.0603461249159607
1800,0.017631250000000001,36.057019390135679,2.0598121548416737
1800,0.017634375000000001,36.057915960480727,2.0592777481109965
1800,0.0176375,36.058812701010737,2.0587429045071413
1800,0.017640625,36.059709611728415,2.0582076238132245
1800,0.01764375,36.060606692636476,2.0576719058122643
1800,0.017646874999999999,36.06150394373762,2.0571357502871841
1800,0.017650000000000002,36.06240136503456,2.0565991570208082
1800,0.017653125000000002,36.063298956529991,2.0560621257958633
1800,0.017656250000000002,36.064196718226597,2.0555246563949785
1800,0.017659375000000001,36.065094650127072,2.0549867486006828
1800,0.017662500000000001,36.065992752234102,2.0544484021954048
1800,0.017665625000000001,36.066891024550365,2.0539096169614748
1800,0.01766875,36.067789467078534,2.0533703926811215
1800,0.017671875,36.068688079821278,2.0528307291364714
1800,0.017675,36.069586862781264,2.0522906261095497
1800,0.017678124999999999,36.070485815961142,2.0517500833822786
1800,0.017681250000000003,36.071384939363575,2.0512091007364774
1800,0.017684375000000002,36.072284232991223,2.0506676779538617
1800,0.017687500000000002,36.073183696846726,2.0501258148160435
1800,0.017690625000000001,36.074083330932737,2.0495835111045291
1800,0.017693750000000001,36.074983135251884,2.0490407666007195
1800,0.017696875000000001,36.075883109806796,2.0484975810859098
1800,0.0177,36.076783254600102,2.0479539543412888
1800,0.017703125,36.077683569634424,2.0474098861479377
1800,0.01770625,36.078584054912383,2.0468653762868305
1800,0.017709374999999999,36.079484710436603,2.0463204245388322
1800,0.017712500000000003,36.08038553620969,2.0457750306846982
1800,0.017715625000000002,36.081286532234252,2.0452291945050756
1800,0.017718750000000002,36.082187698512875,2.0446829157805011
1800,0.017721875000000002,36.083089035048168,2.0441361942913998
1800,0.017725000000000001,36.083990541842716,2.0435890298180865
1800,0.017728125000000001,36.084892218899121,2.0430414221407629
1800,0.01773125,36.085794066219954,2.0424933710395186
1800,0.017734375,36.086696083807794,2.0419448762943295
1800,0.0177375,36.087598271665208,2.0413959376850586
1800,0.017740624999999999,36.088500629794773,2.0408465549914538
1800,0.017743750000000003,36.089403158199055,2.0402967279931481
1800,0.017746875000000002,36.090305856880612,2.0397464564696586
1800,0.017750000000000002,36.091208725841987,2.0391957402003857
1800,0.017753125000000002,36.092111765085747,2.0386445789646133
1800,0.017756250000000001,36.093014974614434,2.0380929725415071
1800,0.017759375000000001,36.093918354430578,2.0375409207101156
1800,0.017762500000000001,36.094821904536715,2.0369884232493667
1800,0.017765625,36.09572562493539,2.0364354799380702
1800,0.01776875,36.096629515629118,2.0358820905549151
1800,0.017771874999999999,36.097533576620414,2.0353282548784697
1800,0.017774999999999999,36.0984378079118,2.0347739726871805
1800,0.017778125000000002,36.099342209505792,2.034219243759372
1800,0.017781250000000002,36.100246781404891,2.0336640678732461
1800,0.017784375000000002,36.101151523611598,2.0331084448068801
1800,0.017787500000000001,36.102056436128414,2.0325523743382288
1800,0.017790625000000001,36.102961518957848,2.0319958562451208
1800,0.017793750000000001,36.103866772102364,2.0314388903052603
1800,0.017796875,36.104772195564458,2.0308814762962246
1800,0.0178,36.105677789346601,2.0303236139954643
1800,0.017803125,36.106583553451266,2.0297653031803025
1800,0.017806249999999999,36.107489487880933,2.0292065436279345
1800,0.017809375000000002,36.108395592638075,2.0286473351154259
1800,0.017812500000000002,36.109301867725151,2.0280876774197143
1800,0.017815625000000002,36.110208313144611,2.0275275703176043
1800,0.017818750000000001,36.111114928898914,2.0269670135857725
1800,0.017821875000000001,36.112021714990483,2.0264060070007628
1800,0.017825000000000001,36.112928671421784,2.0258445503389853
1800,0.017828125,36.11383579819524,2.0252826433767193
1800,0.01783125,36.114743095313287,2.0247202858901092
1800,0.017834375,36.115650562778349,2.0241574776551645
1800,0.017837499999999999,36.116558200592856,2.0235942184477604
1800,0.017840625000000002,36.117466008759223,2.0230305080436355
1800,0.017843750000000002,36.118373987279874,2.0224663462183927
1800,0.017846875000000002,36.11928213615721,2.0219017327474971
1800,0.017850000000000001,36.120190455393633,2.0213366674062758
1800,0.017853125000000001,36.121098944991559,2.0207711499699177
1800,0.017856250000000001,36.122007604953353,2.0202051802134706
1800,0.017859375,36.122916435281439,2.0196387579118431
1800,0.0178625,36.123825435978176,2.0190718828398029
1800,0.017865625,36.124734607045944,2.018504554771976
1800,0.017868749999999999,36.125643948487109,2.0179367734828459
1800,0.017871875000000002,36.126553460304066,2.0173685387467528
1800,0.017875000000000002,36.127463142499181,2.0167998503378937
1800,0.017878125000000002,36.128372995074805,2.0162307080303195
1800,0.017881250000000001,36.129283018033313,2.0156611115979368
1800,0.017884375000000001,36.130193211377048,2.0150910608145058
1800,0.017887500000000001,36.131103575108362,2.0145205554536392
1800,0.017890625,36.132014109229601,2.0139495952888025
1800,0.01789375,36.132924813743095,2.0133781800933135
1800,0.017896875,36.133835688651168,2.0128063096403395
1800,0.017899999999999999,36.134746733956142,2.012233983702898
1800,0.017903125000000002,36.135657949660363,2.011661202053856
1800,0.017906250000000002,36.136569335766147,2.0110879644659287
1800,0.017909375000000002,36.137480892275818,2.010514270711679
1800,0.017912500000000001,36.138392619191684,2.0099401205635168
1800,0.017915625000000001,36.139304516516042,2.0093655137936985
1800,0.017918750000000001,36.140216584251199,2.0087904501743252
1800,0.017921875,36.141128822399445,2.0082149294773424
1800,0.017925,36.142041230963073,2.0076389514745396
1800,0.017928125,36.142953809944366,2.0070625159375495
1800,0.017931249999999999,36.143866559345604,2.0064856226378454
1800,0.017934375000000002,36.144779479169074,2.0059082713467431
1800,0.017937500000000002,36.145692569417051,2.0053304618353991
1800,0.017940625000000002,36.146605830091779,2.0047521938748085
1800,0.017943750000000001,36.147519261195534,2.0041734672358067
1800,0.017946875000000001,36.14843286273058,2.0035942816890659
1800,0.017950000000000001,36.149346634699171,2.0030146370050952
1800,0.017953125,36.150260577103545,2.0024345329542412
1800,0.01795625,36.15117468994594,2.0018539693066848
1800,0.017959375,36.152088973228594,2.0012729458324423
1800,0.017962499999999999,36.153003426953752,2.000691462301365
1800,0.017965625000000002,36.15391805112364,2.0001095184831343
1800,0.017968750000000002,36.154832845740465,1.999527114147267
1800,0.017971875000000002,36.15574781080646,1.9989442490631086
1800,0.017975000000000001,36.156662946323834,1.9983609229998367
1800,0.017978125000000001,36.157578252294805,1.9977771357264578
1800,0.017981250000000001,36.158493728721574,1.9971928870118068
1800,0.017984375,36.159409375606344,1.9966081766245469
1800,0.0179875,36.160325192951312,1.9960230043331686
1800,0.017990625,36.161241180758665,1.9954373699059884
1800,0.017993749999999999,36.1621573390306,1.9948512731111472
1800,0.017996875000000002,36.163073667769289,1.9942647137166107
1800,0.018000000000000002,36.163990166976902,1.9936776914901684
1800,0.018003125000000002,36.164906836655611,1.9930902061994324
1800,0.018006250000000001,36.165823676807584,1.9925022576118363
1800,0.018009375000000001,36.166740687434981,1.9919138454946346
1800,0.018012500000000001,36.167657868539948,1.991324969614902
1800,0.018015625,36.168575220124652,1.9907356297395313
1800,0.01801875,36.169492742191231,1.9901458256352347
1800,0.018021875,36.170410434741854,1.9895555570685406
1800,0.018024999999999999,36.171328297778651,1.988964823805794
1800,0.018028125000000002,36.172246331303747,1.9883736256131552
1800,0.018031250000000002,36.173164535319273,1.9877819622565995
1800,0.018034375000000002,36.174082909827369,1.9871898335019156
1800,0.018037500000000001,36.175001454830138,1.9865972391147038
1800,0.018040625000000001,36.175920170329697,1.9860041788603773
1800,0.018043750000000001,36.176839056328134,1.9854106525041593
1800,0.018046875,36.177758112827568,1.984816659811083
1800,0.01805,36.178677339830102,1.9842222005459909
1800,0.018053125,36.179596737337832,1.9836272744735326
1800,0.018056249999999999,36.180516305352839,1.9830318813581651
1800,0.018059375000000003,36.181436043877234,1.9824360209641516
1800,0.018062500000000002,36.182355952913085,1.9818396930555597
1800,0.018065625000000002,36.183276032462459,1.9812428973962621
1800,0.018068750000000001,36.184196282527438,1.9806456337499339
1800,0.018071875000000001,36.185116703110097,1.9800479018800521
1800,0.018075000000000001,36.186037294212476,1.9794497015498953
1800,0.018078125,36.186958055836627,1.9788510325225419
1800,0.01808125,36.187878987984611,1.97825189456087
1800,0.018084375,36.188800090658468,1.9776522874275559
1800,0.018087499999999999,36.189721363860258,1.977052210885073
1800,0.018090625000000003,36.190642807592013,1.9764516646956916
1800,0.018093750000000002,36.191564421855766,1.9758506486214755
1800,0.018096875000000002,36.192486206653534,1.9752491624242841
1800,0.018100000000000002,36.193408161987364,1.9746472058657698
1800,0.018103125000000001,36.194330287859259,1.9740447787073778
1800,0.018106250000000001,36.195252584271223,1.9734418807103433
1800,0.018109375,36.196175051225268,1.9728385116356921
1800,0.0181125,36.197097688723396,1.9722346712442393
1800,0.018115625,36.198020496767612,1.9716303592965885
1800,0.018118749999999999,36.19894347535989,1.9710255755531296
1800,0.018121875000000003,36.199866624502242,1.9704203197740398
1800,0.018125000000000002,36.200789944196643,1.9698145917192802
1800,0.018128125000000002,36.201713434445082,1.969208391148596
1800,0.018131250000000002,36.202637095249536,1.9686017178215152
1800,0.018134375000000001,36.203560926611964,1.9679945714973477
1800,0.018137500000000001,36.204484928534335,1.9673869519351854
1800,0.018140625,36.20540910101861,1.9667788588938986
1800,0.01814375,36.20633344406675,1.9661702921321365
1800,0.018146875,36.207257957680689,1.965561251408326
1800,0.018149999999999999,36.208182641862379,1.9649517364806712
1800,0.018153125000000003,36.209107496613754,1.9643417471071503
1800,0.018156250000000002,36.210032521936753,1.9637312830455171
1800,0.018159375000000002,36.21095771783331,1.9631203440532987
1800,0.018162500000000002,36.211883084305356,1.9625089298877934
1800,0.018165625000000001,36.212808621354803,1.9618970403060711
1800,0.018168750000000001,36.21373432898357,1.9612846750649719
1800,0.018171875000000001,36.214660207193575,1.960671833921104
1800,0.018175,36.215586255986715,1.9600585166308448
1800,0.018178125,36.216512475364894,1.9594447229503376
1800,0.018181249999999999,36.217438865330017,1.9588304526354905
1800,0.018184374999999999,36.218365425883981,1.9582157054419769
1800,0.018187500000000002,36.219292157028676,1.9576004811252328
1800,0.018190625000000002,36.22021905876597,1.9569847794404569
1800,0.018193750000000002,36.22114613109774,1.9563686001426086
1800,0.018196875000000001,36.222073374025854,1.9557519429864074
1800,0.018200000000000001,36.223000787552188,1.9551348077263313
1800,0.018203125000000001,36.223928371678618,1.954517194116616
1800,0.01820625,36.224856126406983,1.9538991019112528
1800,0.018209375,36.22578405173914,1.9532805308639889
1800,0.0182125,36.226712147676935,1.9526614807283262
1800,0.018215624999999999,36.227640414222201,1.9520419512575189
1800,0.018218750000000002,36.228568851376785,1.9514219422045727
1800,0.018221875000000002,36.229497459142522,1.9508014533222438
1800,0.018225000000000002,36.230426237521236,1.9501804843630379
1800,0.018228125000000001,36.231355186514755,1.9495590350792089
1800,0.018231250000000001,36.232284306124896,1.9489371052227575
1800,0.018234375000000001,36.233213596353487,1.9483146945454299
1800,0.0182375,36.234143057202324,1.9476918027987171
1800,0.018240625,36.235072688673213,1.9470684297338534
1800,0.01824375,36.236002490767959,1.9464445751018158
1800,0.018246874999999999,36.236932463488351,1.9458202386533212
1800,0.018250000000000002,36.237862606836174,1.9451954201388262
1800,0.018253125000000002,36.238792920813225,1.9445701193085263
1800,0.018256250000000002,36.239723405421266,1.9439443359123549
1800,0.018259375000000001,36.240654060662088,1.9433180696999799
1800,0.018262500000000001,36.24158488653746,1.9426913204208043
1800,0.018265625000000001,36.242515883049137,1.942064087823965
1800,0.01826875,36.243447050198888,1.9414363716583301
1800,0.018271875,36.244378387988462,1.9408081716724999
1800,0.018275,36.245309896419627,1.9401794876148033
1800,0.018278124999999999,36.246241575494118,1.9395503192332983
1800,0.018281250000000002,36.247173425213674,1.9389206662757694
1800,0.018284375000000002,36.248105445580045,1.9382905284897269
1800,0.018287500000000002,36.249037636594949,1.9376599056224064
1800,0.018290625000000001,36.249969998260113,1.9370287974207658
1800,0.018293750000000001,36.250902530577257,1.9363972036314852
1800,0.018296875000000001,36.251835233548107,1.9357651240009657
1800,0.0183,36.252768107174354,1.9351325582753272
1800,0.018303125,36.253701151457719,1.934499506200408
1800,0.01830625,36.254634366399898,1.9338659675217627
1800,0.018309374999999999,36.255567752002591,1.9332319419846615
1800,0.018312500000000002,36.256501308267502,1.9325974293340884
1800,0.018315625000000002,36.257435035196309,1.9319624293147399
1800,0.018318750000000002,36.258368932790695,1.9313269416710239
1800,0.018321875000000001,36.259303001052331,1.9306909661470586
1800,0.018325000000000001,36.260237239982899,1.93005450248667
1800,0.018328125000000001,36.261171649584071,1.9294175504333926
1800,0.01833125,36.262106229857501,1.9287801097304653
1800,0.018334375,36.263040980804838,1.9281421801208332
1800,0.0183375,36.263975902427752,1.9275037613471433
1800,0.018340624999999999,36.264910994727877,1.9268648531517445
1800,0.018343750000000002,36.265846257706869,1.9262254552766864
1800,0.018346875000000002,36.266781691366354,1.9255855674637175
1800,0.018350000000000002,36.267717295707961,1.9249451894542828
1800,0.018353125000000001,36.268653070733329,1.9243043209895248
1800,0.018356250000000001,36.26958901644408,1.9236629618102803
1800,0.018359375000000001,36.270525132841826,1.9230211116570792
1800,0.0183625,36.27146141992818,1.922378770270144
1800,0.018365625,36.272397877704762,1.9217359373893868
1800,0.01836875,36.273334506173164,1.9210926127544088
1800,0.018371874999999999,36.274271305334999,1.9204487961044991
1800,0.018375000000000002,36.275208275191844,1.9198044871786331
1800,0.018378125000000002,36.276145415745297,1.91915968571547
1800,0.018381250000000002,36.277082726996952,1.9185143914533542
1800,0.018384375000000001,36.278020208948384,1.9178686041303097
1800,0.018387500000000001,36.278957861601157,1.9172223234840411
1800,0.018390625000000001,36.279895684956848,1.9165755492519323
1800,0.01839375,36.280833679017022,1.9159282811710447
1800,0.018396875,36.281771843783226,1.9152805189781152
1800,0.0184,36.282710179257023,1.9146322624095553
1800,0.018403124999999999,36.283648685439964,1.9139835112014483
1800,0.018406250000000002,36.284587362333596,1.91333426508955
1800,0.018409375000000002,36.285526209939462,1.9126845238092853
1800,0.018412500000000002,36.286465228259082,1.9120342870957479
1800,0.018415625000000001,36.287404417293978,1.9113835546836981
1800,0.018418750000000001,36.288343777045696,1.9107323263075613
1800,0.018421875000000001,36.289283307515753,1.910080601701426
1800,0.018425,36.290223008705652,1.9094283805990431
1800,0.018428125,36.291162880616916,1.9087756627338246
1800,0.01843125,36.292102923251058,1.9081224478388412
1800,0.018434374999999999,36.293043136609555,1.9074687356468203
1800,0.018437500000000002,36.293983520693921,1.9068145258901461
1800,0.018440625000000002,36.294924075505641,1.9061598183008566
1800,0.018443750000000002,36.2958648010462,1.9055046126106427
1800,0.018446875000000001,36.296805697317069,1.9048489085508467
1800,0.018450000000000001,36.297746764319733,1.9041927058524595
1800,0.018453125000000001,36.29868800205567,1.9035360042461205
1800,0.01845625,36.299629410526343,1.9028788034621151
1800,0.018459375,36.30057098973321,1.9022211032303731
1800,0.0184625,36.301512739677726,1.9015629032804686
1800,0.018465624999999999,36.302454660361335,1.9009042033416159
1800,0.018468750000000003,36.303396751785492,1.900245003142669
1800,0.018471875000000002,36.304339013951633,1.8995853024121199
1800,0.018475000000000002,36.305281446861208,1.8989251008780981
1800,0.018478125000000001,36.306224050515645,1.8982643982683667
1800,0.018481250000000001,36.307166824916351,1.8976031943103224
1800,0.018484375000000001,36.308109770064775,1.8969414887309928
1800,0.0184875,36.309052885962309,1.8962792812570359
1800,0.018490625,36.309996172610369,1.8956165716147377
1800,0.01849375,36.31093963001036,1.8949533595300101
1800,0.018496874999999999,36.311883258163682,1.8942896447283901
1800,0.018500000000000003,36.312827057071743,1.8936254269350374
1800,0.018503125000000002,36.313771026735935,1.8929607058747329
1800,0.018506250000000002,36.314715167157637,1.8922954812718766
1800,0.018509375000000002,36.315659478338233,1.8916297528504871
1800,0.018512500000000001,36.31660396027911,1.8909635203341981
1800,0.018515625000000001,36.317548612981632,1.8902967834462583
1800,0.01851875,36.31849343644717,1.8896295419095281
1800,0.018521875,36.319438430677074,1.8889617954464795
1800,0.018525,36.320383595672716,1.8882935437791928
1800,0.018528124999999999,36.321328931435445,1.8876247866293565
1800,0.018531250000000003,36.32227443796662,1.8869555237182636
1800,0.018534375000000002,36.323220115267588,1.8862857547668102
1800,0.018537500000000002,36.324165963339667,1.8856154794954949
1800,0.018540625000000002,36.325111982184183,1.8849446976244171
1800,0.018543750000000001,36.326058171802458,1.8842734088732731
1800,0.018546875000000001,36.327004532195822,1.8836016129613558
1800,0.018550000000000001,36.327951063365596,1.882929309607553
1800,0.018553125,36.328897765313094,1.8822564985303449
1800,0.01855625,36.329844638039631,1.8815831794478031
1800,0.018559374999999999,36.330791681546494,1.8809093520775875
1800,0.018562500000000003,36.331738895835002,1.8802350161369454
1800,0.018565625000000002,36.332686280906437,1.8795601713427093
1800,0.018568750000000002,36.333633836762083,1.8788848174112953
1800,0.018571875000000002,36.334581563403226,1.8782089540587008
1800,0.018575000000000001,36.335529460831154,1.8775325810005028
1800,0.018578125000000001,36.336477529047137,1.8768556979518558
1800,0.018581250000000001,36.337425768052441,1.8761783046274909
1800,0.018584375,36.33837417784833,1.8755004007417115
1800,0.0185875,36.339322758436055,1.8748219860083941
1800,0.018590625,36.340271509816866,1.874143060140985
1800,0.018593749999999999,36.341220431992021,1.8734636228524988
1800,0.018596875000000002,36.342169524962749,1.8727836738555153
1800,0.018600000000000002,36.343118788730308,1.87210321286218
1800,0.018603125000000002,36.344068223295928,1.8714222395841991
1800,0.018606250000000001,36.345017828660822,1.8707407537328393
1800,0.018609375000000001,36.345967604826221,1.8700587550189258
1800,0.018612500000000001,36.346917551793339,1.8693762431528402
1800,0.018615625,36.347867669563392,1.8686932178445179
1800,0.01861875,36.348817958137602,1.8680096788034466
1800,0.018621875,36.349768417517154,1.8673256257386648
1800,0.018624999999999999,36.350719047703251,1.866641058358758
1800,0.018628125000000002,36.351669848697099,1.8659559763718583
1800,0.018631250000000002,36.35262082049988,1.865270379485642
1800,0.018634375000000002,36.353571963112778,1.8645842674073279
1800,0.018637500000000001,36.354523276536973,1.8638976398436735
1800,0.018640625000000001,36.35547476077366,1.8632104965009759
1800,0.018643750000000001,36.356426415823996,1.8625228370850662
1800,0.018646875,36.357378241689126,1.8618346613013108
1800,0.01865,36.358330238370215,1.861145968854607
1800,0.018653125,36.35928240586842,1.860456759449381
1800,0.018656249999999999,36.360234744184886,1.8597670327895874
1800,0.018659375000000002,36.361187253320772,1.8590767885787054
1800,0.018662500000000002,36.362139933277206,1.8583860265197378
1800,0.018665625000000002,36.363092784055326,1.8576947463152085
1800,0.018668750000000001,36.364045805656254,1.857002947667159
1800,0.018671875000000001,36.364998998081127,1.8563106302771488
1800,0.018675000000000001,36.365952361331068,1.8556177938462521
1800,0.018678125,36.366905895407179,1.8549244380750545
1800,0.01868125,36.367859600310588,1.8542305626636515
1800,0.018684375,36.368813476042384,1.8535361673116471
1800,0.018687499999999999,36.369767522603667,1.8528412517181512
1800,0.018690625000000002,36.370721739995538,1.8521458155817767
1800,0.018693750000000002,36.371676128219086,1.8514498586006389
1800,0.018696875000000002,36.372630687275397,1.8507533804723511
1800,0.018700000000000001,36.37358541716555,1.8500563808940236
1800,0.018703125000000001,36.374540317890606,1.8493588595622603
1800,0.018706250000000001,36.375495389451636,1.8486608161731588
1800,0.018709375,36.376450631849707,1.8479622504223063
1800,0.0187125,36.377406045085891,1.8472631620047775
1800,0.018715625,36.378361629161233,1.8465635506151326
1800,0.018718749999999999,36.379317384076792,1.8458634159474145
1800,0.018721875000000002,36.380273309833605,1.845162757695147
1800,0.018725000000000002,36.381229406432709,1.8444615755513327
1800,0.018728125000000002,36.382185673875135,1.8437598692084507
1800,0.018731250000000001,36.38314211216192,1.8430576383584532
1800,0.018734375000000001,36.384098721294102,1.8423548826927634
1800,0.018737500000000001,36.385055501272682,1.8416516019022751
1800,0.018740625,36.386012452098676,1.840947795677347
1800,0.01874375,36.386969573773094,1.8402434637078029
1800,0.018746875,36.387926866296951,1.8395386056829284
1800,0.018749999999999999,36.388884329671242,1.8388332212914682
1800,0.018753125000000002,36.38984196389697,1.8381273102216247
1800,0.018756250000000002,36.390799768975121,1.8374208721610545
1800,0.018759375000000002,36.391757744906691,1.8367139067968667
1800,0.018762500000000001,36.392715891692653,1.8360064138156196
1800,0.018765625000000001,36.393674209333987,1.8352983929033189
1800,0.018768750000000001,36.394632697831646,1.8345898437454147
1800,0.018771875,36.395591357186618,1.8338807660268006
1800,0.018775,36.396550187399839,1.8331711594318094
1800,0.018778125,36.397509188472284,1.8324610236442107
1800,0.018781249999999999,36.398468360404898,1.8317503583472095
1800,0.018784375000000002,36.399427703198626,1.8310391632234428
1800,0.018787500000000002,36.400387216854419,1.8303274379549777
1800,0.018790625000000002,36.401346901373209,1.829615182223308
1800,0.018793750000000001,36.402306756755934,1.828902395709352
1800,0.018796875000000001,36.403266783003517,1.8281890780934502
1800,0.018800000000000001,36.40422698011686,1.8274752290553631
1800,0.018803125,36.405187348096888,1.8267608482742672
1800,0.01880625,36.40614788694451,1.8260459354287535
1800,0.018809375,36.407108596660635,1.8253304901968246
1800,0.018812499999999999,36.40806947724618,1.8246145122558923
1800,0.018815625000000002,36.409030528702033,1.823898001282775
1800,0.018818750000000002,36.409991751029082,1.8231809569536943
1800,0.018821875000000002,36.410953144228209,1.8224633789442732
1800,0.018825000000000001,36.411914708300294,1.8217452669295324
1800,0.018828125000000001,36.412876443246226,1.8210266205838892
1800,0.018831250000000001,36.413838349066864,1.8203074395811529
1800,0.018834375,36.414800425763076,1.8195877235945237
1800,0.0188375,36.415762673335728,1.8188674722965898
1800,0.018840625,36.416725091785679,1.8181466853593231
1800,0.018843749999999999,36.417687681113769,1.8174253624540779
1800,0.018846875000000003,36.418650441320864,1.8167035032515877
1800,0.018850000000000002,36.419613372407795,1.8159811074219634
1800,0.018853125000000002,36.420576474375416,1.8152581746346885
1800,0.018856250000000001,36.421539747224557,1.8145347045586182
1800,0.018859375000000001,36.422503190956036,1.8138106968619754
1800,0.018862500000000001,36.423466805570662,1.8130861512123482
1800,0.018865625,36.424430591069274,1.8123610672766879
1800,0.01886875,36.425394547452676,1.8116354447213041
1800,0.018871875,36.426358674721676,1.8109092832118647
1800,0.018874999999999999,36.427322972877072,1.810182582413391
1800,0.018878125000000003,36.42828744191965,1.8094553419902542
1800,0.018881250000000002,36.429252081850208,1.8087275616061746
1800,0.018884375000000002,36.430216892669534,1.8079992409242178
1800,0.018887500000000002,36.431181874378424,1.8072703796067913
1800,0.018890625000000001,36.432147026977646,1.8065409773156418
1800,0.018893750000000001,36.433112350467972,1.8058110337118531
1800,0.018896875,36.434077844850179,1.8050805484558412
1800,0.0189,36.435043510125006,1.804349521207353
1800,0.018903125,36.436009346293211,1.8036179516254631
1800,0.018906249999999999,36.436975353355542,1.8028858393685707
1800,0.018909375000000003,36.437941531312767,1.8021531840943963
1800,0.018912500000000002,36.438907880165623,1.8014199854599788
1800,0.018915625000000002,36.439874399914842,1.8006862431216719
1800,0.018918750000000002,36.440841090561165,1.7999519567351419
1800,0.018921875000000001,36.441807952105329,1.7992171259553644
1800,0.018925000000000001,36.442774984548038,1.7984817504366208
1800,0.018928125000000001,36.443742187890024,1.7977458298324955
1800,0.01893125,36.44470956213199,1.7970093637958742
1800,0.018934375,36.445677107274648,1.7962723519789374
1800,0.018937499999999999,36.446644823318707,1.7955347940331596
1800,0.018940625000000003,36.447612710264863,1.794796689609307
1800,0.018943750000000002,36.448580768113814,1.7940580383574323
1800,0.018946875000000002,36.449548996866234,1.7933188399268716
1800,0.018950000000000002,36.450517396522805,1.7925790939662429
1800,0.018953125000000001,36.45148596708421,1.7918388001234418
1800,0.018956250000000001,36.452454708551123,1.7910979580456379
1800,0.018959375000000001,36.45342362092422,1.7903565673792725
1800,0.0189625,36.45439270420416,1.7896146277700546
1800,0.018965625,36.455361958391592,1.7888721388629576
1800,0.01896875,36.456331383487161,1.7881291003022168
1800,0.018971875000000003,36.457300979491528,1.7873855117313253
1800,0.018975000000000002,36.45827074640534,1.7866413727930304
1800,0.018978125000000002,36.459240684229222,1.7858966831293319
1800,0.018981250000000002,36.460210792963814,1.7851514423814772
1800,0.018984375000000001,36.461181072609754,1.7844056501899581
1800,0.018987500000000001,36.462151523167684,1.783659306194509
1800,0.018990625000000001,36.463122144638199,1.7829124100341009
1800,0.01899375,36.464092937021924,1.7821649613469399
1800,0.018996875,36.465063900319464,1.7814169597704628
1800,0.019,36.466035034531423,1.7806684049413344
1800,0.019003124999999999,36.467006339658411,1.7799192964954438
1800,0.019006250000000002,36.467977815701012,1.7791696340679006
1800,0.019009375000000002,36.468949462659801,1.7784194172930312
1800,0.019012500000000002,36.469921280535374,1.7776686458043767
1800,0.019015625000000001,36.470893269328315,1.7769173192346877
1800,0.019018750000000001,36.471865429039198,1.7761654372159219
1800,0.019021875000000001,36.472837759668586,1.77541299937924
1800,0.019025,36.473810261217047,1.7746600053550021
1800,0.019028125,36.474782933685134,1.7739064547727645
1800,0.01903125,36.475755777073395,1.7731523472612751
1800,0.019034374999999999,36.476728791382392,1.7723976824484711
1800,0.019037500000000002,36.477701976612671,1.7716424599614742
1800,0.019040625000000002,36.478675332764773,1.7708866794265885
1800,0.019043750000000002,36.479648859839223,1.7701303404692956
1800,0.019046875000000001,36.480622557836554,1.7693734427142511
1800,0.019050000000000001,36.481596426757292,1.7686159857852806
1800,0.019053125000000001,36.48257046660197,1.7678579693053762
1800,0.01905625,36.483544677371093,1.7670993928966936
1800,0.019059375,36.484519059065171,1.7663402561805475
1800,0.0190625,36.48549361168471,1.7655805587774076
1800,0.019065624999999999,36.486468335230214,1.7648203003068952
1800,0.019068750000000002,36.487443229702166,1.7640594803877789
1800,0.019071875000000002,36.48841829510107,1.7632980986379723
1800,0.019075000000000002,36.48939353142741,1.7625361546745282
1800,0.019078125000000001,36.490368938681648,1.7617736481136366
1800,0.019081250000000001,36.491344516864267,1.7610105785706189
1800,0.019084375000000001,36.492320265975735,1.7602469456599252
1800,0.0190875,36.493296186016522,1.7594827489951301
1800,0.019090625,36.494272276987083,1.758717988188929
1800,0.01909375,36.495248538887893,1.7579526628531332
1800,0.019096874999999999,36.496224971719379,1.757186772598667
1800,0.019100000000000002,36.497201575482002,1.7564203170355637
1800,0.019103125000000002,36.498178350176211,1.7556532957729607
1800,0.019106250000000002,36.499155295802431,1.7548857084190961
1800,0.019109375000000001,36.500132412361083,1.7541175545813055
1800,0.019112500000000001,36.501109699852613,1.7533488338660157
1800,0.019115625000000001,36.502087158277455,1.7525795458787428
1800,0.01911875,36.503064787636006,1.7518096902240858
1800,0.019121875,36.50404258792868,1.7510392665057255
1800,0.019125,36.505020559155888,1.7502682743264173
1800,0.019128124999999999,36.505998701318042,1.7494967132879899
1800,0.019131250000000002,36.506977014415526,1.7487245829913385
1800,0.019134375000000002,36.507955498448723,1.7479518830364218
1800,0.019137500000000002,36.508934153418032,1.7471786130222577
1800,0.019140625000000001,36.509912979323822,1.7464047725469201
1800,0.019143750000000001,36.510891976166469,1.7456303612075326
1800,0.019146875000000001,36.511871143946344,1.7448553786002654
1800,0.01915,36.512850482663829,1.7440798243203306
1800,0.019153125,36.513829992319273,1.7433036979619783
1800,0.01915625,36.514809672913046,1.7425269991184917
1800,0.019159374999999999,36.515789524445502,1.7417497273821836
1800,0.019162500000000002,36.51676954691699,1.7409718823443912
1800,0.019165625000000002,36.517749740327844,1.7401934635954717
1800,0.019168750000000002,36.518730104678404,1.7394144707247987
1800,0.019171875000000001,36.519710639969006,1.7386349033207564
1800,0.019175000000000001,36.520691346199975,1.7378547609707364
1800,0.019178125000000001,36.521672223371638,1.7370740432611325
1800,0.01918125,36.522653271484316,1.7362927497773357
1800,0.019184375,36.523634490538313,1.7355108801037316
1800,0.0191875,36.524615880533936,1.7347284338236941
1800,0.019190624999999999,36.525597441471504,1.7339454105195808
1800,0.019193750000000002,36.526579173351301,1.7331618097727295
1800,0.019196875000000002,36.527561076173626,1.7323776311634522
1800,0.019200000000000002,36.528543149938763,1.7315928742710314
1800,0.019203125000000001,36.529525394647003,1.7308075386737158
1800,0.019206250000000001,36.53050781029863,1.7300216239487147
1800,0.019209375000000001,36.531490396893901,1.7292351296721931
1800,0.0192125,36.532473154433106,1.7284480554192678
1800,0.019215625,36.533456082916508,1.7276604007640026
1800,0.01921875,36.534439182344357,1.7268721652794026
1800,0.019221874999999999,36.535422452716915,1.7260833485374103
1800,0.019225000000000003,36.536405894034417,1.7252939501089004
1800,0.019228125000000002,36.537389506297117,1.7245039695636746
1800,0.019231250000000002,36.538373289505245,1.7237134064704576
1800,0.019234375000000001,36.53935724365904,1.7229222603968914
1800,0.019237500000000001,36.540341368758725,1.7221305309095303
1800,0.019240625000000001,36.541325664804532,1.7213382175738376
1800,0.01924375,36.542310131796683,1.7205453199541783
1800,0.019246875,36.543294769735397,1.7197518376138146
1800,0.01925,36.54427957862088,1.7189577701149024
1800,0.019253124999999999,36.545264558453347,1.7181631170184852
1800,0.019256250000000003,36.546249709232981,1.7173678778844885
1800,0.019259375000000002,36.547235030959982,1.7165720522717154
1800,0.019262500000000002,36.548220523634548,1.7157756397378419
1800,0.019265625000000001,36.549206187256871,1.7149786398394105
1800,0.019268750000000001,36.550192021827129,1.7141810521318264
1800,0.019271875000000001,36.551178027345486,1.7133828761693504
1800,0.019275,36.552164203812104,1.7125841115050957
1800,0.019278125,36.553150551227169,1.7117847576910215
1800,0.01928125,36.554137069590844,1.7109848142779285
1800,0.019284374999999999,36.555123758903285,1.7101842808154526
1800,0.019287500000000003,36.556110619164635,1.7093831568520601
1800,0.019290625000000002,36.557097650375049,1.7085814419350429
1800,0.019293750000000002,36.558084852534662,1.7077791356105116
1800,0.019296875000000002,36.559072225643611,1.7069762374233917
1800,0.019300000000000001,36.560059769702029,1.7061727469174175
1800,0.019303125000000001,36.561047484710031,1.705368663635126
1800,0.01930625,36.562035370667758,1.704563987117852
1800,0.019309375,36.563023427575324,1.7037587169057236
1800,0.0193125,36.56401165543285,1.7029528525376547
1800,0.019315624999999999,36.565000054240436,1.7021463935513406
1800,0.019318750000000003,36.56598862399818,1.7013393394832517
1800,0.019321875000000002,36.56697736470619,1.7005316898686293
1800,0.019325000000000002,36.567966276364551,1.6997234442414786
1800,0.019328125000000002,36.568955358973355,1.6989146021345627
1800,0.019331250000000001,36.56994461253268,1.698105163079398
1800,0.019334375000000001,36.570934037042605,1.6972951266062477
1800,0.019337500000000001,36.571923632503207,1.6964844922441171
1800,0.019340625,36.572913398914565,1.6956732595207469
1800,0.01934375,36.573903336276729,1.6948614279626066
1800,0.019346874999999999,36.574893444589776,1.6940489970948898
1800,0.019350000000000003,36.575883723853757,1.6932359664415078
1800,0.019353125000000002,36.576874174068692,1.6924223355250838
1800,0.019356250000000002,36.577864795234646,1.6916081038669482
1800,0.019359375000000002,36.578855587351647,1.6907932709871305
1800,0.019362500000000001,36.579846550419738,1.6899778364043543
1800,0.019365625000000001,36.580837684438947,1.6891617996360311
1800,0.019368750000000001,36.58182898940931,1.6883451601982546
1800,0.019371875,36.582820465330848,1.6875279176057942
1800,0.019375,36.583812112203567,1.6867100713720882
1800,0.019378125,36.584803930027491,1.6858916210092392
1800,0.019381250000000003,36.585795918802617,1.6850725660280073
1800,0.019384375000000002,36.58678807852894,1.6842529059378031
1800,0.019387500000000002,36.587780409206459,1.6834326402466815
1800,0.019390625000000002,36.588772910835182,1.6826117684613362
1800,0.019393750000000001,36.589765583415087,1.6817902900870938
1800,0.019396875000000001,36.590758426946152,1.6809682046279062
1800,0.019400000000000001,36.591751441428343,1.6801455115863442
1800,0.019403125,36.592744626861645,1.6793222104635923
1800,0.01940625,36.593737983246022,1.6784983007594412
1800,0.019409375,36.59473151058144,1.6776737819722809
1800,0.019412499999999999,36.595725208867847,1.6768486535990961
1800,0.019415625000000002,36.59671907810521,1.6760229151354575
1800,0.019418750000000002,36.59771311829347,1.6751965660755164
1800,0.019421875000000002,36.598707329432564,1.6743696059119979
1800,0.019425000000000001,36.599701711522449,1.6735420341361935
1800,0.019428125000000001,36.600696264563041,1.6727138502379557
1800,0.019431250000000001,36.60169098855426,1.6718850537056902
1800,0.019434375,36.602685883496029,1.6710556440263493
1800,0.0194375,36.603680949388284,1.6702256206854265
1800,0.019440625,36.60467618623094,1.669394983166947
1800,0.019443749999999999,36.605671594023903,1.6685637309534631
1800,0.019446875000000002,36.606667172767068,1.6677318635260461
1800,0.019450000000000002,36.607662922460349,1.6668993803642804
1800,0.019453125000000002,36.608658843103633,1.666066280946255
1800,0.019456250000000001,36.609654934696813,1.6652325647485571
1800,0.019459375000000001,36.610651197239768,1.6643982312462664
1800,0.019462500000000001,36.611647630732378,1.6635632799129465
1800,0.019465625,36.612644235174521,1.662727710220637
1800,0.01946875,36.613641010566077,1.6618915216398491
1800,0.019471875,36.614637956906897,1.6610547136395561
1800,0.019474999999999999,36.615635074196852,1.6602172856871871
1800,0.019478125000000002,36.616632362435801,1.6593792372486185
1800,0.019481250000000002,36.617629821623595,1.6585405677881682
1800,0.019484375000000002,36.618627451760069,1.6577012767685884
1800,0.019487500000000001,36.619625252845069,1.6568613636510559
1800,0.019490625000000001,36.620623224878443,1.6560208278951676
1800,0.019493750000000001,36.621621367860016,1.6551796689589313
1800,0.019496875,36.622619681789615,1.6543378862987579
1800,0.0195,36.623618166667065,1.6534954793694547
1800,0.019503125,36.624616822492186,1.6526524476242184
1800,0.019506249999999999,36.625615649264773,1.6518087905146255
1800,0.019509375000000002,36.626614646984642,1.6509645074906263
1800,0.019512500000000002,36.6276138156516,1.6501195980005368
1800,0.019515625000000002,36.628613155265434,1.6492740614910306
1800,0.019518750000000001,36.629612665825952,1.6484278974071309
1800,0.019521875000000001,36.630612347332942,1.6475811051922036
1800,0.019525000000000001,36.63161219978619,1.6467336842879488
1800,0.019528125,36.632612223185461,1.6458856341343926
1800,0.01953125,36.633612417530536,1.6450369541698797
1800,0.019534375,36.634612782821179,1.6441876438310645
1800,0.019537499999999999,36.635613319057171,1.6433377025529048
1800,0.019540625000000002,36.63661402623827,1.6424871297686512
1800,0.019543750000000002,36.637614904364227,1.641635924909842
1800,0.019546875000000002,36.638615953434801,1.6407840874062922
1800,0.019550000000000001,36.639617173449736,1.6399316166860864
1800,0.019553125000000001,36.640618564408769,1.6390785121755715
1800,0.019556250000000001,36.641620126311629,1.6382247732993462
1800,0.019559375,36.642621859158048,1.637370399480254
1800,0.0195625,36.643623762947755,1.6365153901393752
1800,0.019565625,36.644625837680472,1.6356597446960177
1800,0.019568749999999999,36.645628083355909,1.6348034625677086
1800,0.019571875000000002,36.646630499973782,1.6339465431701861
1800,0.019575000000000002,36.647633087533805,1.6330889859173903
1800,0.019578125000000002,36.648635846035688,1.6322307902214548
1800,0.019581250000000001,36.649638775479133,1.6313719554926975
1800,0.019584375000000001,36.650641875863826,1.6305124811396128
1800,0.019587500000000001,36.651645147189448,1.6296523665688623
1800,0.019590625,36.652648589455694,1.6287916111852658
1800,0.01959375,36.653652202662251,1.6279302143917935
1800,0.019596875,36.654655986808791,1.6270681755895555
1800,0.019599999999999999,36.655659941894974,1.6262054941777937
1800,0.019603125000000002,36.656664067920481,1.6253421695538723
1800,0.019606250000000002,36.657668364884955,1.6244782011132697
1800,0.019609375000000002,36.658672832788056,1.6236135882495686
1800,0.019612500000000001,36.659677471629443,1.6227483303544461
1800,0.019615625000000001,36.660682281408754,1.6218824268176664
1800,0.019618750000000001,36.661687262125632,1.6210158770270697
1800,0.019621875,36.662692413779723,1.6201486803685643
1800,0.019625,36.663697736370636,1.6192808362261153
1800,0.019628125,36.664703229898002,1.6184123439817375
1800,0.019631249999999999,36.665708894361444,1.6175432030154842
1800,0.019634375000000003,36.666714729760585,1.6166734127054379
1800,0.019637500000000002,36.667720736095042,1.6158029724277017
1800,0.019640625000000002,36.668726913364409,1.6149318815563891
1800,0.019643750000000001,36.669733261568304,1.6140601394636136
1800,0.019646875000000001,36.670739780706327,1.6131877455194801
1800,0.019650000000000001,36.671746470778061,1.6123146990920743
1800,0.019653125,36.672753331783106,1.6114409995474523
1800,0.01965625,36.673760363721044,1.6105666462496326
1800,0.019659375,36.674767566591456,1.6096916385605839
1800,0.019662499999999999,36.675774940393914,1.6088159758402167
1800,0.019665625000000003,36.676782485128001,1.6079396574463727
1800,0.019668750000000002,36.677790200793282,1.6070626827348138
1800,0.019671875000000002,36.678798087389296,1.6061850510592135
1800,0.019675000000000002,36.679806144915602,1.6053067617711456
1800,0.019678125000000001,36.680814373371767,1.6044278142200739
1800,0.019681250000000001,36.681822772757343,1.6035482077533421
1800,0.019684375,36.682831343071847,1.6026679417161627
1800,0.0196875,36.683840084314845,1.6017870154516081
1800,0.019690625,36.684848996485847,1.6009054283005979
1800,0.019693749999999999,36.685858079584385,1.6000231796018907
1800,0.019696875000000003,36.686867333609982,1.5991402686920713
1800,0.019700000000000002,36.687876758562155,1.5982566949055403
1800,0.019703125000000002,36.68888635444042,1.5973724575745047
1800,0.019706250000000002,36.689896121244288,1.5964875560289655
1800,0.019709375000000001,36.690906058973276,1.595601989596708
1800,0.019712500000000001,36.691916167626871,1.5947157576032893
1800,0.019715625000000001,36.692926447204577,1.5938288593720287
1800,0.01971875,36.693936897705882,1.5929412942239958
1800,0.019721875,36.694947519130267,1.5920530614779993
1800,0.019724999999999999,36.69595831147722,1.5911641604505766
1800,0.019728125000000003,36.696969274746209,1.5902745904559827
1800,0.019731250000000002,36.697980408936715,1.589384350806176
1800,0.019734375000000002,36.698991714048198,1.5884934408108102
1800,0.019737500000000002,36.700003190080125,1.5876018597772212
1800,0.019740625000000001,36.701014837031963,1.5867096070104154
1800,0.019743750000000001,36.70202665490315,1.5858166818130595
1800,0.019746875000000001,36.703038643693148,1.5849230834854664
1800,0.01975,36.704050803401387,1.584028811325586
1800,0.019753125,36.70506313402732,1.5831338646289912
1800,0.01975625,36.706075635570372,1.5822382426888673
1800,0.019759375000000003,36.707088308029981,1.581341944796
1800,0.019762500000000002,36.708101151405572,1.5804449702387628
1800,0.019765625000000002,36.709114165696555,1.5795473183031052
1800,0.019768750000000002,36.710127350902354,1.5786489882725399
1800,0.019771875000000001,36.711140707022373,1.5777499794281313
1800,0.019775000000000001,36.71215423405603,1.5768502910484832
1800,0.019778125000000001,36.713167932002712,1.5759499224097251
1800,0.01978125,36.714181800861816,1.5750488727855021
1800,0.019784375,36.715195840632745,1.5741471414469603
1800,0.0197875,36.716210051314874,1.573244727662735
1800,0.019790625000000003,36.717224432907599,1.5723416306989375
1800,0.019793750000000002,36.718238985410295,1.5714378498191421
1800,0.019796875000000002,36.719253708822336,1.5705333842843745
1800,0.019800000000000002,36.72026860314309,1.5696282333530978
1800,0.019803125000000001,36.721283668371917,1.5687223962812002
1800,0.019806250000000001,36.722298904508186,1.5678158723219819
1800,0.019809375000000001,36.723314311551249,1.5669086607261409
1800,0.0198125,36.72432988950046,1.5660007607417605
1800,0.019815625,36.725345638355158,1.5650921716142956
1800,0.01981875,36.726361558114682,1.5641828925865602
1800,0.019821874999999999,36.727377648778372,1.5632729228987137
1800,0.019825000000000002,36.728393910345567,1.5623622617882456
1800,0.019828125000000002,36.729410342815598,1.5614509084899648
1800,0.019831250000000002,36.730426946187784,1.560538862235983
1800,0.019834375000000001,36.731443720461435,1.5596261222557029
1800,0.019837500000000001,36.73246066563587,1.558712687775804
1800,0.019840625000000001,36.733477781710398,1.5577985580202274
1800,0.01984375,36.734495068684318,1.5568837322101627
1800,0.019846875,36.735512526556924,1.5559682095640341
1800,0.01985,36.736530155327529,1.5550519892974852
1800,0.019853124999999999,36.737547954995421,1.5541350706233663
1800,0.019856250000000002,36.738565925559882,1.5532174527517177
1800,0.019859375000000002,36.739584067020182,1.5522991348897572
1800,0.019862500000000002,36.740602379375609,1.5513801162418648
1800,0.019865625000000001,36.741620862625446,1.5504603960095678
1800,0.019868750000000001,36.742639516768953,1.5495399733915265
1800,0.019871875000000001,36.743658341805407,1.548618847583519
1800,0.019875,36.744677337734053,1.5476970177784264
1800,0.019878125,36.745696504554161,1.546774483166218
1800,0.01988125,36.746715842264969,1.5458512429339357
1800,0.019884374999999999,36.747735350865725,1.544927296265679
1800,0.019887500000000002,36.748755030355667,1.5440026423425899
1800,0.019890625000000002,36.749774880734023,1.5430772803428368
1800,0.019893750000000002,36.750794902000017,1.5421512094416001
1800,0.019896875000000001,36.751815094152889,1.5412244288110559
1800,0.019900000000000001,36.752835457191857,1.5402969376203601
1800,0.019903125000000001,36.753855991116133,1.5393687350356333
1800,0.01990625,36.754876695924935,1.5384398202199441
1800,0.019909375,36.755897571617467,1.5375101923332939
1800,0.0199125,36.756918618192934,1.5365798505326009
1800,0.019915624999999999,36.757939835650532,1.5356487939716827
1800,0.019918750000000002,36.758961223989466,1.5347170218012416
1800,0.019921875000000002,36.759982783208919,1.5337845331688469
1800,0.019925000000000002,36.761004513308087,1.5328513272189188
1800,0.019928125000000001,36.76202641428614,1.5319174030927118
1800,0.019931250000000001,36.763048486142267,1.5309827599282995
1800,0.019934375000000001,36.764070728875637,1.5300473968605552
1800,0.0199375,36.765093142485398,1.5291113130211369
1800,0.019940625,36.766115726970725,1.5281745075384692
1800,0.01994375,36.767138482330772,1.5272369795377263
1800,0.019946874999999999,36.768161408564687,1.5262987281408156
1800,0.019950000000000002,36.769184505671625,1.5253597524663598
1800,0.019953125000000002,36.770207773650739,1.5244200516296798
1800,0.019956250000000002,36.771231212501178,1.5234796247427762
1800,0.019959375000000001,36.77225482222206,1.522538470914313
1800,0.019962500000000001,36.773278602812525,1.5215965892495988
1800,0.019965625000000001,36.774302554271685,1.5206539788505693
1800,0.01996875,36.775326676598681,1.5197106388157686
1800,0.019971875,36.77635096979261,1.5187665682403324
1800,0.019975,36.777375433852605,1.517821766215969
1800,0.019978124999999999,36.778400068777763,1.516876231830941
1800,0.019981250000000002,36.779424874567191,1.515929964170047
1800,0.019984375000000002,36.780449851219991,1.5149829623146018
1800,0.019987500000000002,36.781474998735256,1.5140352253424201
1800,0.019990625000000001,36.782500317112067,1.5130867523277951
1800,0.019993750000000001,36.783525806349516,1.5121375423414818
1800,0.019996875000000001,36.784551466446686,1.5111875944506765
1800,0.02,36.785577297402654,1.5102369077189977
