time_s,r_m,T_C,C_kg_kg
1800,0,33.575358924257486,2.5499924007672705
1800,1.5625000000000001e-06,33.575358943449551,2.5499924007609809
1800,3.1250000000000001e-06,33.575359001025753,2.5499924007421124
1800,4.6875000000000004e-06,33.575359096986091,2.5499924007106656
1800,6.2500000000000003e-06,33.575359231330552,2.5499924006666399
1800,7.8125000000000002e-06,33.575359404059157,2.5499924006100345
1800,9.3750000000000009e-06,33.575359615171898,2.5499924005408499
1800,1.09375e-05,33.575359864668776,2.5499924004590864
1800,1.2500000000000001e-05,33.575360152549784,2.5499924003647432
1800,1.4062500000000001e-05,33.575360478814936,2.5499924002578211
1800,1.5625e-05,33.575360843464217,2.549992400138319
1800,1.7187500000000001e-05,33.575361246497636,2.5499924000062371
1800,1.8750000000000002e-05,33.575361687915191,2.5499923998615746
1800,2.0312500000000002e-05,33.575362167716875,2.5499923997043314
1800,2.1875e-05,33.575362685902704,2.5499923995345073
1800,2.34375e-05,33.575363242472669,2.5499923993521021
1800,2.5000000000000001e-05,33.575363837426778,2.5499923991571145
1800,2.6562500000000002e-05,33.575364470765031,2.549992398949545
1800,2.8125000000000003e-05,33.575365142487421,2.5499923987293927
1800,2.96875e-05,33.575365852593947,2.549992398496657
1800,3.1250000000000001e-05,33.575366601084617,2.5499923982513373
1800,3.2812500000000005e-05,33.575367387959432,2.5499923979934334
1800,3.4375000000000002e-05,33.575368213218383,2.5499923977229453
1800,3.5937499999999999e-05,33.57536907686147,2.549992397439873
1800,3.7500000000000003e-05,33.575369978888702,2.5499923971442149
1800,3.9062500000000001e-05,33.575370919300077,2.5499923968359703
1800,4.0625000000000005e-05,33.57537189809559,2.549992396515139
1800,4.2187500000000002e-05,33.575372915275246,2.5499923961817195
1800,4.375e-05,33.575373970839046,2.5499923958357114
1800,4.5312500000000004e-05,33.575375064786989,2.5499923954771142
1800,4.6875000000000001e-05,33.575376197119077,2.5499923951059271
1800,4.8437500000000005e-05,33.575377367835316,2.5499923947221488
1800,5.0000000000000002e-05,33.575378576935705,2.5499923943257787
1800,5.15625e-05,33.575379824420253,2.5499923939168165
1800,5.3125000000000004e-05,33.575381110288944,2.5499923934952613
1800,5.4687500000000001e-05,33.575382434541794,2.5499923930611117
1800,5.6250000000000005e-05,33.575383797178795,2.5499923926143673
1800,5.7812500000000003e-05,33.575385198199953,2.5499923921550267
1800,5.9375e-05,33.57538663760527,2.54999239168309
1800,6.0937500000000004e-05,33.575388115394745,2.5499923911985558
1800,6.2500000000000001e-05,33.575389631568378,2.5499923907014233
1800,6.4062500000000005e-05,33.575391186126168,2.5499923901916905
1800,6.5625000000000009e-05,33.575392779068117,2.5499923896693573
1800,6.71875e-05,33.575394410394225,2.5499923891344216
1800,6.8750000000000004e-05,33.575396080104483,2.5499923885868827
1800,7.0312500000000008e-05,33.575397788198892,2.5499923880267397
1800,7.1874999999999999e-05,33.575399534677473,2.5499923874539911
1800,7.3437500000000003e-05,33.575401319540219,2.5499923868686358
1800,7.5000000000000007e-05,33.575403142787124,2.5499923862706728
1800,7.6562499999999998e-05,33.575405004418194,2.5499923856601012
1800,7.8125000000000002e-05,33.575406904433429,2.5499923850369193
1800,7.9687500000000006e-05,33.575408842832829,2.5499923844011265
1800,8.125000000000001e-05,33.575410819616401,2.5499923837527203
1800,8.28125e-05,33.575412834784139,2.5499923830917006
1800,8.4375000000000004e-05,33.575414888336063,2.5499923824180657
1800,8.5937500000000009e-05,33.575416980272159,2.5499923817318138
1800,8.7499999999999999e-05,33.575419110592435,2.5499923810329426
1800,8.9062500000000003e-05,33.57542127929689,2.5499923803214517
1800,9.0625000000000007e-05,33.575423486385525,2.5499923795973394
1800,9.2187499999999998e-05,33.575425731858338,2.5499923788606047
1800,9.3750000000000002e-05,33.575428015715339,2.5499923781112455
1800,9.5312500000000006e-05,33.575430337956519,2.5499923773492603
1800,9.687500000000001e-05,33.575432698581885,2.5499923765746475
1800,9.8437500000000001e-05,33.575435097591438,2.5499923757874052
1800,0.0001,33.575437534985177,2.5499923749875322
1800,0.00010156250000000001,33.575440010763103,2.5499923741750266
1800,0.000103125,33.575442524925215,2.549992373349887
1800,0.0001046875,33.575445077471521,2.5499923725121114
1800,0.00010625000000000001,33.57544766840202,2.5499923716616983
1800,0.00010781250000000001,33.575450297716714,2.549992370798646
1800,0.000109375,33.575452965415607,2.5499923699229523
1800,0.00011093750000000001,33.575455671498702,2.5499923690346158
1800,0.00011250000000000001,33.575458415965997,2.5499923681336347
1800,0.0001140625,33.5754611988175,2.5499923672200064
1800,0.00011562500000000001,33.575464020053211,2.5499923662937301
1800,0.00011718750000000001,33.575466879673137,2.5499923653548024
1800,0.00011875,33.57546977767727,2.5499923644032219
1800,0.0001203125,33.575472714065619,2.5499923634389874
1800,0.00012187500000000001,33.575475688838182,2.5499923624620955
1800,0.00012343750000000001,33.57547870199496,2.5499923614725444
1800,0.000125,33.575481753535961,2.5499923604703332
1800,0.00012656249999999999,33.575484843461176,2.5499923594554588
1800,0.00012812500000000001,33.57548797177062,2.5499923584279198
1800,0.0001296875,33.575491138464287,2.5499923573877141
1800,0.00013125000000000002,33.575494343542182,2.5499923563348394
1800,0.00013281250000000001,33.5754975870043,2.5499923552692936
1800,0.000134375,33.575500868850646,2.5499923541910747
1800,0.00013593750000000002,33.575504189081222,2.5499923531001802
1800,0.00013750000000000001,33.575507547696034,2.5499923519966075
1800,0.0001390625,33.575510944695083,2.5499923508803541
1800,0.00014062500000000002,33.575514380078381,2.5499923497514176
1800,0.00014218750000000001,33.57551785384593,2.5499923486097962
1800,0.00014375,33.575521365997737,2.549992347455488
1800,0.00014531250000000002,33.575524916533787,2.5499923462884904
1800,0.00014687500000000001,33.575528505454088,2.5499923451088002
1800,0.0001484375,33.575532132758632,2.5499923439164149
1800,0.00015000000000000001,33.575535798447426,2.5499923427113327
1800,0.0001515625,33.575539502520478,2.5499923414935504
1800,0.000153125,33.575543244977787,2.5499923402630662
1800,0.00015468750000000001,33.575547025819361,2.5499923390198771
1800,0.00015625,33.5755508450452,2.5499923377639804
1800,0.00015781250000000002,33.575554702655296,2.5499923364953743
1800,0.00015937500000000001,33.575558598649657,2.5499923352140565
1800,0.0001609375,33.57556253302829,2.5499923339200241
1800,0.00016250000000000002,33.575566505791201,2.549992332613273
1800,0.00016406250000000001,33.575570516938384,2.5499923312938009
1800,0.000165625,33.575574566469868,2.5499923299616052
1800,0.00016718750000000002,33.575578654385637,2.5499923286166828
1800,0.00016875000000000001,33.5755827806857,2.5499923272590315
1800,0.0001703125,33.575586945370056,2.5499923258886481
1800,0.00017187500000000002,33.575591148438697,2.5499923245055305
1800,0.00017343750000000001,33.575595389891639,2.5499923231096759
1800,0.000175,33.575599669728888,2.5499923217010805
1800,0.00017656250000000002,33.575603987950444,2.5499923202797414
1800,0.00017812500000000001,33.575608344556308,2.5499923188456561
1800,0.0001796875,33.575612739546486,2.5499923173988219
1800,0.00018125000000000001,33.575617172920971,2.5499923159392353
1800,0.00018281250000000001,33.575621644679764,2.549992314466893
1800,0.000184375,33.575626154822871,2.5499923129817925
1800,0.00018593750000000001,33.575630703350299,2.5499923114839302
1800,0.0001875,33.575635290262056,2.5499923099733044
1800,0.00018906250000000002,33.575639915558142,2.549992308449911
1800,0.00019062500000000001,33.575644579238563,2.5499923069137465
1800,0.0001921875,33.57564928130332,2.5499923053648077
1800,0.00019375000000000002,33.575654021752413,2.5499923038030921
1800,0.00019531250000000001,33.575658800585842,2.5499923022285955
1800,0.000196875,33.57566361780362,2.5499923006413145
1800,0.00019843750000000002,33.575668473405742,2.5499922990412465
1800,0.00020000000000000001,33.575673367392227,2.5499922974283877
1800,0.0002015625,33.575678299763069,2.5499922958027352
1800,0.00020312500000000002,33.575683270518269,2.5499922941642859
1800,0.00020468750000000001,33.575688279657832,2.5499922925130365
1800,0.00020625,33.575693327181767,2.5499922908489827
1800,0.00020781250000000002,33.575698413090059,2.549992289172121
1800,0.00020937500000000001,33.575703537382722,2.5499922874824481
1800,0.0002109375,33.575708700059764,2.5499922857799611
1800,0.00021250000000000002,33.575713901121183,2.5499922840646554
1800,0.00021406250000000001,33.575719140566981,2.5499922823365275
1800,0.00021562500000000002,33.575724418397165,2.5499922805955744
1800,0.00021718750000000001,33.575729734611734,2.5499922788417924
1800,0.00021875,33.575735089210688,2.5499922770751779
1800,0.00022031250000000002,33.575740482194043,2.5499922752957271
1800,0.00022187500000000001,33.575745913561796,2.5499922735034368
1800,0.0002234375,33.575751383313957,2.5499922716983021
1800,0.00022500000000000002,33.575756891450531,2.5499922698803199
1800,0.00022656250000000001,33.575762437971527,2.5499922680494862
1800,0.000228125,33.575768022876943,2.5499922662057979
1800,0.00022968750000000002,33.57577364616678,2.5499922643492505
1800,0.00023125000000000001,33.575779307841039,2.5499922624798401
1800,0.0002328125,33.575785007899725,2.5499922605975631
1800,0.00023437500000000002,33.575790746342847,2.5499922587024155
1800,0.00023593750000000001,33.575796523170411,2.5499922567943933
1800,0.0002375,33.575802338382417,2.5499922548734935
1800,0.00023906250000000002,33.575808191978865,2.549992252939711
1800,0.00024062500000000001,33.575814083959763,2.5499922509930424
1800,0.0002421875,33.57582001432511,2.5499922490334832
1800,0.00024375000000000002,33.575825983074907,2.5499922470610294
1800,0.00024531250000000003,33.57583199020916,2.5499922450756771
1800,0.00024687500000000002,33.575838035727884,2.5499922430774218
1800,0.00024843750000000001,33.575844119631071,2.5499922410662599
1800,0.00025000000000000001,33.575850241918737,2.549992239042187
1800,0.0002515625,33.57585640259088,2.5499922370051977
1800,0.00025312499999999999,33.575862601647493,2.5499922349552895
1800,0.00025468750000000003,33.575868839088599,2.5499922328924569
1800,0.00025625000000000002,33.575875114914197,2.549992230816696
1800,0.00025781250000000001,33.575881429124287,2.5499922287280024
1800,0.000259375,33.575887781718883,2.5499922266263719
1800,0.00026093749999999999,33.575894172697986,2.5499922245118003
1800,0.00026250000000000004,33.575900602061594,2.549992222384283
1800,0.00026406250000000003,33.575907069809723,2.5499922202438161
1800,0.00026562500000000002,33.575913575942366,2.5499922180903951
1800,0.00026718750000000001,33.575920120459529,2.5499922159240156
1800,0.00026875,33.575926703361219,2.5499922137446731
1800,0.00027031249999999999,33.575933324647437,2.5499922115523623
1800,0.00027187500000000004,33.57593998431819,2.5499922093470788
1800,0.00027343750000000003,33.575946682373477,2.5499922071288181
1800,0.00027500000000000002,33.575953418813306,2.5499922048975763
1800,0.00027656250000000001,33.575960193637684,2.5499922026533479
1800,0.000278125,33.575967006846611,2.5499922003961286
1800,0.00027968749999999999,33.575973858440094,2.5499921981259139
1800,0.00028125000000000003,33.575980748418132,2.5499921958426985
1800,0.00028281250000000002,33.575987676780734,2.5499921935464775
1800,0.00028437500000000001,33.575994643527913,2.549992191237247
1800,0.0002859375,33.57600164865967,2.5499921889150015
1800,0.0002875,33.576008692176018,2.5499921865797361
1800,0.00028906250000000004,33.576015774076943,2.5499921842314461
1800,0.00029062500000000003,33.576022894362474,2.549992181870127
1800,0.00029218750000000002,33.576030053032589,2.5499921794957738
1800,0.00029375000000000001,33.57603725008731,2.5499921771083822
1800,0.0002953125,33.576044485526644,2.5499921747079464
1800,0.00029687499999999999,33.576051759350591,2.549992172294461
1800,0.00029843750000000004,33.57605907155915,2.5499921698679207
1800,0.00030000000000000003,33.576066422152337,2.5499921674283219
1800,0.00030156250000000002,33.576073811130151,2.5499921649756589
1800,0.00030312500000000001,33.576081238492598,2.5499921625099273
1800,0.0003046875,33.576088704239687,2.5499921600311208
1800,0.00030624999999999999,33.576096208371418,2.5499921575392346
1800,0.00030781250000000003,33.576103750887803,2.5499921550342646
1800,0.00030937500000000003,33.576111331788837,2.5499921525162037
1800,0.00031093750000000002,33.576118951074534,2.5499921499850475
1800,0.00031250000000000001,33.576126608744907,2.5499921474407912
1800,0.0003140625,33.57613430479995,2.5499921448834293
1800,0.00031562500000000004,33.57614203923967,2.5499921423129575
1800,0.00031718750000000003,33.576149812064074,2.5499921397293686
1800,0.00031875000000000002,33.576157623273161,2.549992137132659
1800,0.00032031250000000001,33.57616547286694,2.5499921345228227
1800,0.000321875,33.576173360845416,2.5499921318998537
1800,0.00032343749999999999,33.576181287208605,2.549992129263746
1800,0.00032500000000000004,33.5761892519565,2.5499921266144949
1800,0.00032656250000000003,33.576197255089113,2.5499921239520948
1800,0.00032812500000000002,33.576205296606432,2.54999212127654
1800,0.00032968750000000001,33.576213376508484,2.5499921185878249
1800,0.00033125,33.57622149479527,2.5499921158859431
1800,0.00033281249999999999,33.576229651466782,2.5499921131708905
1800,0.00033437500000000004,33.576237846523043,2.5499921104426608
1800,0.00033593750000000003,33.576246079964044,2.549992107701248
1800,0.00033750000000000002,33.576254351789807,2.5499921049466465
1800,0.00033906250000000001,33.576262662000325,2.5499921021788516
1800,0.000340625,33.576271010595612,2.5499920993978571
1800,0.00034218749999999999,33.576279397575661,2.5499920966036562
1800,0.00034375000000000003,33.576287822940493,2.5499920937962433
1800,0.00034531250000000002,33.576296286690116,2.5499920909756129
1800,0.00034687500000000002,33.576304788824523,2.5499920881417597
1800,0.00034843750000000001,33.576313329343726,2.549992085294678
1800,0.00035,33.576321908247728,2.5499920824343616
1800,0.00035156250000000004,33.576330525536541,2.5499920795608051
1800,0.00035312500000000003,33.576339181210173,2.5499920766740014
1800,0.00035468750000000002,33.576347875268631,2.5499920737739452
1800,0.00035625000000000001,33.576356607711915,2.5499920708606307
1800,0.0003578125,33.576365378540039,2.5499920679340526
1800,0.00035937499999999999,33.576374187752997,2.5499920649942029
1800,0.00036093750000000004,33.576383035350794,2.5499920620410759
1800,0.00036250000000000003,33.576391921333453,2.5499920590746656
1800,0.00036406250000000002,33.576400845700967,2.549992056094966
1800,0.00036562500000000001,33.576409808453342,2.5499920531019713
1800,0.0003671875,33.576418809590585,2.5499920500956743
1800,0.00036874999999999999,33.576427849112697,2.5499920470760693
1800,0.00037031250000000004,33.576436927019699,2.5499920440431501
1800,0.00037187500000000003,33.576446043311584,2.5499920409969099
1800,0.00037343750000000002,33.576455197988366,2.5499920379373422
1800,0.00037500000000000001,33.576464391050045,2.5499920348644416
1800,0.0003765625,33.576473622496643,2.5499920317782014
1800,0.00037812500000000004,33.576482892328144,2.5499920286786155
1800,0.00037968750000000003,33.576492200544564,2.5499920255656772
1800,0.00038125000000000002,33.576501547145917,2.5499920224393802
1800,0.00038281250000000001,33.576510932132209,2.5499920192997179
1800,0.00038437500000000001,33.57652035550344,2.5499920161466836
1800,0.0003859375,33.576529817259619,2.5499920129802707
1800,0.00038750000000000004,33.576539317400744,2.549992009800472
1800,0.00038906250000000003,33.576548855926831,2.5499920066072814
1800,0.00039062500000000002,33.576558432837899,2.5499920034006927
1800,0.00039218750000000001,33.576568048133936,2.5499920001806986
1800,0.00039375,33.576577701814955,2.5499919969472931
1800,0.00039531249999999999,33.576587393880949,2.5499919937004698
1800,0.00039687500000000004,33.57659712433194,2.5499919904402208
1800,0.00039843750000000003,33.576606893167934,2.5499919871665404
1800,0.00040000000000000002,33.576616700388932,2.5499919838794209
1800,0.00040156250000000001,33.576626545994948,2.5499919805788558
1800,0.000403125,33.576636429985982,2.5499919772648387
1800,0.00040468750000000005,33.57664635236204,2.5499919739373622
1800,0.00040625000000000004,33.576656313123145,2.5499919705964191
1800,0.00040781250000000003,33.576666312269289,2.5499919672420037
1800,0.00040937500000000002,33.576676349800486,2.5499919638741084
1800,0.00041093750000000001,33.57668642571673,2.5499919604927266
1800,0.0004125,33.576696540018041,2.5499919570978506
1800,0.00041406250000000004,33.576706692704427,2.5499919536894731
1800,0.00041562500000000003,33.576716883775887,2.5499919502675872
1800,0.00041718750000000002,33.57672711323243,2.5499919468321863
1800,0.00041875000000000001,33.576737381074061,2.549991943383263
1800,0.0004203125,33.576747687300795,2.5499919399208091
1800,0.000421875,33.576758031912632,2.549991936444818
1800,0.00042343750000000004,33.576768414909587,2.5499919329552827
1800,0.00042500000000000003,33.576778836291652,2.5499919294521964
1800,0.00042656250000000002,33.576789296058855,2.5499919259355521
1800,0.00042812500000000001,33.57679979421119,2.5499919224053427
1800,0.0004296875,33.576810330748664,2.5499919188615601
1800,0.00043125000000000005,33.576820905671291,2.5499919153041963
1800,0.00043281250000000004,33.576831518979077,2.5499919117332448
1800,0.00043437500000000003,33.576842170672023,2.5499919081486979
1800,0.00043593750000000002,33.576852860750137,2.549991904550549
1800,0.00043750000000000001,33.576863589213438,2.5499919009387901
1800,0.0004390625,33.576874356061928,2.5499918973134128
1800,0.00044062500000000004,33.576885161295628,2.5499918936744104
1800,0.00044218750000000003,33.576896004914531,2.5499918900217753
1800,0.00044375000000000003,33.576906886918636,2.5499918863555
1800,0.00044531250000000002,33.576917807307957,2.5499918826755765
1800,0.00044687500000000001,33.57692876608251,2.5499918789819969
1800,0.0004484375,33.576939763242294,2.5499918752747539
1800,0.00045000000000000004,33.576950798787323,2.5499918715538397
1800,0.00045156250000000003,33.57696187271759,2.5499918678192461
1800,0.00045312500000000002,33.576972985033116,2.5499918640709671
1800,0.00045468750000000001,33.576984135733902,2.5499918603089937
1800,0.00045625,33.576995324819961,2.5499918565333188
1800,0.00045781250000000005,33.577006552291301,2.5499918527439336
1800,0.00045937500000000004,33.57701781814793,2.5499918489408313
1800,0.00046093750000000003,33.577029122389845,2.5499918451240031
1800,0.00046250000000000002,33.57704046501707,2.5499918412934415
1800,0.00046406250000000001,33.577051846029612,2.5499918374491388
1800,0.000465625,33.577063265427469,2.5499918335910872
1800,0.00046718750000000005,33.577074723210657,2.5499918297192776
1800,0.00046875000000000004,33.577086219379176,2.5499918258337031
1800,0.00047031250000000003,33.577097753933039,2.5499918219343551
1800,0.00047187500000000002,33.577109326872254,2.5499918180212249
1800,0.00047343750000000001,33.577120938196835,2.5499918140943052
1800,0.000475,33.577132587906782,2.5499918101535881
1800,0.00047656250000000004,33.577144276002102,2.5499918061990656
1800,0.00047812500000000003,33.577156002482802,2.5499918022307284
1800,0.00047968750000000002,33.577167767348897,2.5499917982485685
1800,0.00048125000000000002,33.5771795706004,2.5499917942525783
1800,0.00048281250000000001,33.577191412237312,2.5499917902427489
1800,0.000484375,33.57720329225964,2.5499917862190724
1800,0.00048593750000000004,33.57721521066739,2.5499917821815403
1800,0.00048750000000000003,33.57722716746057,2.5499917781301442
1800,0.00048906250000000002,33.577239162639188,2.5499917740648765
1800,0.00049062500000000007,33.577251196203257,2.5499917699857275
1800,0.0004921875,33.577263268152784,2.5499917658926887
1800,0.00049375000000000005,33.577275378487776,2.5499917617857522
1800,0.00049531249999999998,33.577287527208249,2.5499917576649089
1800,0.00049687500000000003,33.577299714314194,2.5499917535301511
1800,0.00049843750000000007,33.577311939805632,2.5499917493814697
1800,0.00050000000000000001,33.577324203682572,2.5499917452188563
1800,0.00050156250000000006,33.57733650594502,2.5499917410423016
1800,0.00050312499999999999,33.57734884659299,2.5499917368517981
1800,0.00050468750000000004,33.577361225626483,2.5499917326473365
1800,0.00050624999999999997,33.577373643045519,2.5499917284289082
1800,0.00050781250000000002,33.577386098850091,2.549991724196504
1800,0.00050937500000000006,33.577398593040229,2.5499917199501163
1800,0.0005109375,33.577411125615917,2.5499917156897354
1800,0.00051250000000000004,33.577423696577178,2.5499917114153527
1800,0.00051406249999999998,33.577436305924017,2.5499917071269591
1800,0.00051562500000000002,33.57744895365645,2.549991702824546
1800,0.00051718750000000007,33.577461639774477,2.5499916985081046
1800,0.00051875000000000001,33.57747436427811,2.5499916941776259
1800,0.00052031250000000005,33.577487127167352,2.5499916898331012
1800,0.00052187499999999999,33.577499928442215,2.5499916854745206
1800,0.00052343750000000003,33.577512768102714,2.5499916811018757
1800,0.00052500000000000008,33.577525646148857,2.5499916767151567
1800,0.00052656250000000001,33.577538562580642,2.5499916723143548
1800,0.00052812500000000006,33.577551517398099,2.549991667899461
1800,0.00052968749999999999,33.577564510601221,2.5499916634704669
1800,0.00053125000000000004,33.577577542190021,2.5499916590273628
1800,0.00053281249999999997,33.577590612164506,2.5499916545701398
1800,0.00053437500000000002,33.577603720524699,2.549991650098788
1800,0.00053593750000000006,33.577616867270592,2.5499916456132987
1800,0.0005375,33.577630052402199,2.5499916411136621
1800,0.00053906250000000005,33.577643275919534,2.5499916365998692
1800,0.00054062499999999998,33.577656537822598,2.5499916320719107
1800,0.00054218750000000003,33.577669838111412,2.5499916275297778
1800,0.00054375000000000007,33.577683176785975,2.5499916229734603
1800,0.00054531250000000001,33.577696553846309,2.5499916184029483
1800,0.00054687500000000005,33.577709969292414,2.5499916138182326
1800,0.00054843749999999999,33.577723423124297,2.5499916092193038
1800,0.00055000000000000003,33.577736915341966,2.5499916046061526
1800,0.00055156250000000008,33.577750445945441,2.5499915999787692
1800,0.00055312500000000001,33.577764014934715,2.5499915953371448
1800,0.00055468750000000006,33.57777762230981,2.5499915906812696
1800,0.00055625,33.577791268070733,2.5499915860111333
1800,0.00055781250000000004,33.577804952217505,2.5499915813267267
1800,0.00055937499999999998,33.577818674750127,2.5499915766280399
1800,0.00056093750000000002,33.577832435668597,2.5499915719150628
1800,0.00056250000000000007,33.577846234972938,2.5499915671877864
1800,0.0005640625,33.577860072663157,2.5499915624462002
1800,0.00056562500000000005,33.577873948739253,2.5499915576902947
1800,0.00056718749999999998,33.577887863201234,2.5499915529200599
1800,0.00056875000000000003,33.57790181604912,2.5499915481354853
1800,0.00057031250000000007,33.577915807282928,2.5499915433365623
1800,0.00057187500000000001,33.577929836902655,2.5499915385232805
1800,0.00057343750000000005,33.577943904908309,2.5499915336956298
1800,0.00057499999999999999,33.577958011299906,2.5499915288536008
1800,0.00057656250000000004,33.577972156077458,2.5499915239971833
1800,0.00057812500000000008,33.577986339240987,2.5499915191263671
1800,0.00057968750000000002,33.578000560790485,2.5499915142411425
1800,0.00058125000000000006,33.578014820725969,2.5499915093414982
1800,0.0005828125,33.578029119047436,2.5499915044274246
1800,0.00058437500000000004,33.578043455754909,2.5499914994989115
1800,0.00058593749999999998,33.578057830848394,2.5499914945559485
1800,0.00058750000000000002,33.578072244327906,2.5499914895985256
1800,0.00058906250000000007,33.578086696193445,2.5499914846266321
1800,0.000590625,33.578101186445025,2.5499914796402581
1800,0.00059218750000000005,33.578115715082667,2.5499914746393939
1800,0.00059374999999999999,33.578130282106379,2.5499914696240285
1800,0.00059531250000000003,33.578144887516167,2.5499914645941515
1800,0.00059687500000000007,33.578159531312032,2.5499914595497528
1800,0.00059843750000000001,33.578174213493995,2.5499914544908213
1800,0.00060000000000000006,33.578188934062069,2.5499914494173477
1800,0.00060156249999999999,33.578203693016256,2.5499914443293208
1800,0.00060312500000000004,33.578218490356562,2.5499914392267309
1800,0.00060468750000000008,33.578233326083009,2.5499914341095669
1800,0.00060625000000000002,33.578248200195603,2.5499914289778176
1800,0.00060781250000000006,33.578263112694366,2.5499914238314734
1800,0.000609375,33.578278063579297,2.5499914186705226
1800,0.00061093750000000004,33.578293052850398,2.5499914134949555
1800,0.00061249999999999998,33.578308080507689,2.5499914083047601
1800,0.00061406250000000002,33.578323146551192,2.5499914030999262
1800,0.00061562500000000007,33.578338250980906,2.5499913978804436
1800,0.00061718750000000001,33.578353393796839,2.5499913926463016
1800,0.00061875000000000005,33.578368574998997,2.5499913873974891
1800,0.00062031249999999999,33.578383794587403,2.549991382133995
1800,0.00062187500000000003,33.578399052562062,2.5499913768558087
1800,0.00062343750000000008,33.57841434892299,2.5499913715629186
1800,0.00062500000000000001,33.578429683670194,2.549991366255314
1800,0.00062656250000000006,33.57844505680368,2.5499913609329843
1800,0.00062812499999999999,33.578460468323463,2.5499913555959175
1800,0.00062968750000000004,33.578475918229557,2.549991350244103
1800,0.00063125000000000008,33.57849140652197,2.5499913448775309
1800,0.00063281250000000002,33.578506933200707,2.5499913394961888
1800,0.00063437500000000006,33.578522498265777,2.5499913341000662
1800,0.0006359375,33.5785381017172,2.5499913286891513
1800,0.00063750000000000005,33.578553743554998,2.5499913232634341
1800,0.00063906249999999998,33.578569423779172,2.5499913178229021
1800,0.00064062500000000003,33.578585142389727,2.5499913123675451
1800,0.00064218750000000007,33.578600899386679,2.5499913068973505
1800,0.00064375000000000001,33.578616694770041,2.5499913014123088
1800,0.00064531250000000005,33.578632528539821,2.5499912959124074
1800,0.00064687499999999999,33.578648400696025,2.5499912903976347
1800,0.00064843750000000003,33.578664311238668,2.5499912848679802
1800,0.00065000000000000008,33.578680260167765,2.5499912793234327
1800,0.00065156250000000001,33.578696247483322,2.5499912737639803
1800,0.00065312500000000006,33.578712273185353,2.5499912681896113
1800,0.0006546875,33.578728337273866,2.5499912626003147
1800,0.00065625000000000004,33.578744439748881,2.5499912569960781
1800,0.00065781250000000009,33.578760580610414,2.5499912513768912
1800,0.00065937500000000002,33.578776759858464,2.5499912457427421
1800,0.00066093750000000007,33.578792977493038,2.5499912400936178
1800,0.0006625,33.578809233514143,2.5499912344295073
1800,0.00066406250000000005,33.578825527921801,2.5499912287503999
1800,0.00066562499999999998,33.578841860716025,2.5499912230562836
1800,0.00066718750000000003,33.578858231896831,2.5499912173471455
1800,0.00066875000000000007,33.578874641464225,2.5499912116229746
1800,0.00067031250000000001,33.578891089418214,2.5499912058837593
1800,0.00067187500000000005,33.578907575758819,2.5499912001294871
1800,0.00067343749999999999,33.578924100486056,2.5499911943601465
1800,0.00067500000000000004,33.57894066359993,2.5499911885757256
1800,0.00067656250000000008,33.578957265100442,2.5499911827762114
1800,0.00067812500000000002,33.578973904987613,2.5499911769615924
1800,0.00067968750000000006,33.578990583261458,2.549991171131857
1800,0.00068125,33.579007299921983,2.5499911652869942
1800,0.00068281250000000004,33.579024054969203,2.5499911594269906
1800,0.00068437499999999998,33.579040848403125,2.5499911535518338
1800,0.00068593750000000002,33.579057680223762,2.5499911476615118
1800,0.00068750000000000007,33.579074550431145,2.549991141756013
1800,0.0006890625,33.579091459025257,2.5499911358353251
1800,0.00069062500000000005,33.579108406006114,2.5499911298994347
1800,0.00069218749999999999,33.579125391373744,2.5499911239483306
1800,0.00069375000000000003,33.579142415128153,2.5499911179820005
1800,0.00069531250000000008,33.57915947726935,2.5499911120004324
1800,0.00069687500000000001,33.579176577797348,2.5499911060036133
1800,0.00069843750000000006,33.579193716712155,2.5499910999915314
1800,0.00069999999999999999,33.579210894013798,2.5499910939641737
1800,0.00070156250000000004,33.579228109702278,2.5499910879215282
1800,0.00070312500000000008,33.579245363777616,2.549991081863582
1800,0.00070468750000000002,33.579262656239806,2.5499910757903232
1800,0.00070625000000000006,33.57927998708886,2.5499910697017394
1800,0.0007078125,33.579297356324808,2.5499910635978176
1800,0.00070937500000000004,33.579314763947664,2.5499910574785458
1800,0.00071093749999999998,33.579332209957435,2.5499910513439108
1800,0.00071250000000000003,33.579349694354129,2.5499910451938996
1800,0.00071406250000000007,33.579367217137751,2.5499910390285003
1800,0.00071562500000000001,33.579384778308331,2.5499910328476996
1800,0.00071718750000000005,33.579402377865868,2.5499910266514845
1800,0.00071874999999999999,33.579420015810364,2.549991020439843
1800,0.00072031250000000003,33.579437692141845,2.5499910142127629
1800,0.00072187500000000008,33.579455406860326,2.5499910079702293
1800,0.00072343750000000001,33.579473159965815,2.5499910017122303
1800,0.00072500000000000006,33.579490951458325,2.5499909954387534
1800,0.00072656249999999999,33.579508781337864,2.5499909891497854
1800,0.00072812500000000004,33.579526649604453,2.5499909828453138
1800,0.00072968750000000008,33.579544556258107,2.5499909765253252
1800,0.00073125000000000002,33.579562501298831,2.5499909701898069
1800,0.00073281250000000007,33.579580484726634,2.5499909638387455
1800,0.000734375,33.579598506541529,2.549990957472128
1800,0.00073593750000000005,33.579616566743546,2.5499909510899408
1800,0.00073749999999999998,33.579634665332684,2.5499909446921709
1800,0.00073906250000000003,33.579652802308949,2.5499909382788055
1800,0.00074062500000000007,33.579670977672357,2.5499909318498313
1800,0.00074218750000000001,33.579689191422929,2.549990925405234
1800,0.00074375000000000005,33.579707443560679,2.5499909189450012
1800,0.00074531249999999999,33.579725734085621,2.5499909124691187
1800,0.00074687500000000003,33.579744062997761,2.5499909059775745
1800,0.00074843750000000008,33.579762430297102,2.5499908994703544
1800,0.00075000000000000002,33.579780835983669,2.5499908929474451
1800,0.00075156250000000006,33.579799280057479,2.5499908864088332
1800,0.000753125,33.579817762518545,2.5499908798545046
1800,0.00075468750000000004,33.579836283366873,2.5499908732844463
1800,0.00075625000000000009,33.579854842602479,2.5499908666986451
1800,0.00075781250000000002,33.579873440225384,2.549990860097088
1800,0.00075937500000000007,33.579892076235595,2.5499908534797613
1800,0.0007609375,33.579910750633125,2.5499908468466503
1800,0.00076250000000000005,33.579929463417976,2.5499908401977414
1800,0.00076406249999999998,33.579948214590175,2.5499908335330215
1800,0.00076562500000000003,33.579967004149736,2.549990826852476
1800,0.00076718750000000007,33.579985832096668,2.5499908201560921
1800,0.00076875000000000001,33.580004698430983,2.5499908134438556
1800,0.00077031250000000006,33.580023603152689,2.5499908067157522
1800,0.00077187499999999999,33.580042546261815,2.5499907999717686
1800,0.00077343750000000004,33.580061527758367,2.5499907932118901
1800,0.00077500000000000008,33.580080547642361,2.549990786436104
1800,0.00077656250000000002,33.580099605913794,2.5499907796443959
1800,0.00077812500000000006,33.58011870257269,2.5499907728367517
1800,0.0007796875,33.58013783761907,2.5499907660131576
1800,0.00078125000000000004,33.58015701105294,2.5499907591735989
1800,0.00078281250000000009,33.580176222874314,2.5499907523180618
1800,0.00078437500000000002,33.580195473083201,2.5499907454465323
1800,0.00078593750000000007,33.58021476167962,2.5499907385589959
1800,0.00078750000000000001,33.580234088663587,2.5499907316554391
1800,0.00078906250000000005,33.580253454035116,2.5499907247358475
1800,0.00079062499999999999,33.580272857794213,2.549990717800207
1800,0.00079218750000000003,33.580292299940893,2.5499907108485034
1800,0.00079375000000000008,33.580311780475171,2.5499907038807215
1800,0.00079531250000000001,33.580331299397074,2.5499906968968475
1800,0.00079687500000000006,33.580350856706609,2.5499906898968669
1800,0.00079843749999999999,33.580370452403784,2.5499906828807655
1800,0.00080000000000000004,33.580390086488613,2.5499906758485285
1800,0.00080156250000000008,33.580409758961125,2.5499906688001412
1800,0.00080312500000000002,33.580429469821318,2.5499906617355905
1800,0.00080468750000000006,33.580449219069216,2.5499906546548607
1800,0.00080625,33.580469006704817,2.5499906475579368
1800,0.00080781250000000005,33.58048883272815,2.5499906404448049
1800,0.00080937500000000009,33.580508697139223,2.5499906333154496
1800,0.00081093750000000003,33.580528599938049,2.5499906261698575
1800,0.00081250000000000007,33.580548541124635,2.5499906190080126
1800,0.00081406250000000001,33.580568520699011,2.5499906118299007
1800,0.00081562500000000005,33.580588538661182,2.5499906046355068
1800,0.00081718749999999999,33.580608595011164,2.5499905974248169
1800,0.00081875000000000003,33.580628689748963,2.5499905901978157
1800,0.00082031250000000008,33.580648822874593,2.5499905829544884
1800,0.00082187500000000001,33.580668994388077,2.5499905756948196
1800,0.00082343750000000006,33.580689204289428,2.5499905684187949
1800,0.000825,33.58070945257866,2.5499905611263993
1800,0.00082656250000000004,33.58072973925578,2.5499905538176169
1800,0.00082812500000000009,33.580750064320803,2.5499905464924333
1800,0.00082968750000000002,33.58077042777375,2.5499905391508331
1800,0.00083125000000000007,33.580790829614635,2.549990531792802
1800,0.0008328125,33.580811269843473,2.5499905244183245
1800,0.00083437500000000005,33.58083174846027,2.5499905170273856
1800,0.00083593750000000009,33.580852265465047,2.5499905096199695
1800,0.00083750000000000003,33.580872820857827,2.5499905021960614
1800,0.00083906250000000007,33.580893414638624,2.5499904947556455
1800,0.00084062500000000001,33.580914046807436,2.5499904872987078
1800,0.00084218750000000005,33.580934717364286,2.5499904798252322
1800,0.00084374999999999999,33.580955426309195,2.549990472335204
1800,0.00084531250000000004,33.580976173642163,2.5499904648286069
1800,0.00084687500000000008,33.580996959363212,2.5499904573054257
1800,0.00084843750000000002,33.581017783472355,2.5499904497656445
1800,0.00085000000000000006,33.581038645969606,2.5499904422092485
1800,0.0008515625,33.581059546854995,2.549990434636221
1800,0.00085312500000000004,33.581080486128528,2.5499904270465481
1800,0.00085468750000000009,33.581101463790226,2.549990419440213
1800,0.00085625000000000002,33.58112247984009,2.5499904118172005
1800,0.00085781250000000007,33.581143534278141,2.5499904041774948
1800,0.000859375,33.581164627104407,2.5499903965210797
1800,0.00086093750000000005,33.581185758318895,2.5499903888479398
1800,0.00086250000000000009,33.58120692792162,2.54999038115806
1800,0.00086406250000000003,33.581228135912589,2.5499903734514238
1800,0.00086562500000000007,33.581249382291823,2.5499903657280161
1800,0.00086718750000000001,33.581270667059343,2.5499903579878205
1800,0.00086875000000000006,33.581291990215156,2.5499903502308214
1800,0.00087031249999999999,33.581313351759285,2.5499903424570025
1800,0.00087187500000000004,33.581334751691735,2.5499903346663473
1800,0.00087343750000000008,33.581356190012521,2.5499903268588406
1800,0.00087500000000000002,33.581377666721657,2.5499903190344666
1800,0.00087656250000000006,33.581399181819165,2.5499903111932083
1800,0.000878125,33.581420735305052,2.5499903033350497
1800,0.00087968750000000004,33.581442327179339,2.5499902954599754
1800,0.00088125000000000009,33.581463957442047,2.5499902875679687
1800,0.00088281250000000003,33.581485626093183,2.5499902796590144
1800,0.00088437500000000007,33.581507333132762,2.5499902717330949
1800,0.00088593750000000001,33.581529078560798,2.5499902637901948
1800,0.00088750000000000005,33.58155086237732,2.5499902558302967
1800,0.0008890625000000001,33.581572684582326,2.5499902478533851
1800,0.00089062500000000003,33.58159454517584,2.5499902398594432
1800,0.00089218750000000008,33.581616444157874,2.5499902318484549
1800,0.00089375000000000001,33.581638381528442,2.5499902238204033
1800,0.00089531250000000006,33.581660357287568,2.5499902157752721
1800,0.00089687499999999999,33.581682371435264,2.5499902077130456
1800,0.00089843750000000004,33.581704423971537,2.5499901996337067
1800,0.00090000000000000008,33.581726514896417,2.5499901915372387
1800,0.00090156250000000002,33.581748644209917,2.5499901834236249
1800,0.00090312500000000006,33.581770811912051,2.5499901752928484
1800,0.0009046875,33.581793018002834,2.5499901671448928
1800,0.00090625000000000005,33.581815262482273,2.5499901589797416
1800,0.00090781250000000009,33.581837545350389,2.5499901507973783
1800,0.00090937500000000003,33.581859866607203,2.5499901425977853
1800,0.00091093750000000007,33.581882226252731,2.5499901343809461
1800,0.00091250000000000001,33.581904624286985,2.5499901261468438
1800,0.00091406250000000005,33.58192706070998,2.549990117895462
1800,0.0009156250000000001,33.58194953552173,2.5499901096267834
1800,0.00091718750000000003,33.581972048722264,2.5499901013407911
1800,0.00091875000000000008,33.581994600311589,2.5499900930374677
1800,0.00092031250000000002,33.582017190289712,2.5499900847167973
1800,0.00092187500000000006,33.582039818656654,2.5499900763787617
1800,0.0009234375,33.582062485412436,2.549990068023344
1800,0.00092500000000000004,33.582085190557073,2.5499900596505274
1800,0.00092656250000000009,33.58210793409058,2.549990051260294
1800,0.00092812500000000002,33.582130716012969,2.549990042852627
1800,0.00092968750000000007,33.582153536324263,2.5499900344275095
1800,0.00093125,33.58217639502449,2.5499900259849242
1800,0.00093281250000000005,33.58219929211365,2.5499900175248533
1800,0.00093437500000000009,33.582222227591757,2.5499900090472796
1800,0.00093593750000000003,33.582245201458825,2.5499900005521852
1800,0.00093750000000000007,33.58226821371489,2.5499899920395532
1800,0.00093906250000000001,33.582291264359959,2.549989983509366
1800,0.00094062500000000005,33.58231435339404,2.5499899749616071
1800,0.00094218749999999999,33.582337480817159,2.5499899663962577
1800,0.00094375000000000004,33.582360646629326,2.5499899578133003
1800,0.00094531250000000008,33.582383850830567,2.5499899492127174
1800,0.00094687500000000002,33.58240709342089,2.5499899405944917
1800,0.00094843750000000006,33.58243037440031,2.5499899319586055
1800,0.00095,33.582453693768848,2.5499899233050405
1800,0.00095156250000000004,33.582477051526524,2.5499899146337794
1800,0.00095312500000000009,33.582500447673354,2.5499899059448046
1800,0.00095468750000000002,33.582523882209344,2.5499898972380977
1800,0.00095625000000000007,33.582547355134508,2.5499898885136414
1800,0.00095781250000000001,33.582570866448869,2.549989879771418
1800,0.00095937500000000005,33.582594416152453,2.5499898710114097
1800,0.00096093750000000009,33.582618004245276,2.5499898622335979
1800,0.00096250000000000003,33.582641630727345,2.5499898534379652
1800,0.00096406250000000008,33.582665295598673,2.5499898446244931
1800,0.00096562500000000001,33.58268899885929,2.5499898357931636
1800,0.00096718750000000006,33.582712740509209,2.5499898269439587
1800,0.00096874999999999999,33.582736520548444,2.5499898180768601
1800,0.00097031250000000004,33.58276033897701,2.54998980919185
1800,0.00097187500000000008,33.582784195794929,2.5499898002889103
1800,0.00097343750000000002,33.582808091002221,2.5499897913680223
1800,0.00097500000000000006,33.5828320245989,2.5499897824291673
1800,0.0009765625,33.582855996584982,2.5499897734723271
1800,0.00097812500000000004,33.582880006960472,2.5499897644974832
1800,0.00097968750000000009,33.582904055725407,2.5499897555046176
1800,0.00098125000000000013,33.582928142879794,2.5499897464937122
1800,0.00098281249999999996,33.582952268423654,2.5499897374647484
1800,0.00098437500000000001,33.582976432357,2.549989728417708
1800,0.00098593750000000005,33.583000634679848,2.5499897193525722
1800,0.0009875000000000001,33.583024875392226,2.549989710269323
1800,0.00098906250000000014,33.583049154494148,2.5499897011679415
1800,0.00099062499999999997,33.583073471985628,2.5499896920484089
1800,0.00099218750000000001,33.583097827866688,2.5499896829107067
1800,0.00099375000000000006,33.583122222137334,2.5499896737548156
1800,0.0009953125000000001,33.583146654797588,2.5499896645807163
1800,0.00099687500000000015,33.583171125847471,2.5499896553883912
1800,0.00099843749999999998,33.583195635286998,2.5499896461778215
1800,0.001,33.58322018311619,2.5499896369489878
1800,0.0010015625000000001,33.58324476933506,2.5499896277018719
1800,0.0010031250000000001,33.583269393943624,2.5499896184364537
1800,0.0010046875000000002,33.583294056941902,2.5499896091527154
1800,0.00100625,33.583318758329909,2.5499895998506381
1800,0.0010078125,33.583343498107666,2.5499895905302017
1800,0.0010093750000000001,33.583368276275188,2.549989581191388
1800,0.0010109375000000001,33.583393092832495,2.5499895718341778
1800,0.0010124999999999999,33.583417947779601,2.5499895624585514
1800,0.0010140625,33.583442841116522,2.5499895530644894
1800,0.001015625,33.583467772843285,2.5499895436519724
1800,0.0010171875000000001,33.583492742959905,2.5499895342209826
1800,0.0010187500000000001,33.583517751466388,2.5499895247715001
1800,0.0010203125,33.583542798362764,2.5499895153035057
1800,0.001021875,33.583567883649053,2.5499895058169799
1800,0.0010234375,33.58359300732527,2.5499894963119036
1800,0.0010250000000000001,33.583618169391436,2.5499894867882569
1800,0.0010265625000000001,33.583643369847572,2.5499894772460201
1800,0.001028125,33.583668608693685,2.5499894676851742
1800,0.0010296875,33.583693885929797,2.5499894581056992
1800,0.00103125,33.583719201555922,2.549989448507576
1800,0.0010328125000000001,33.583744555572082,2.5499894388907842
1800,0.0010343750000000001,33.583769947978297,2.5499894292553051
1800,0.0010359375,33.583795378774582,2.5499894196011192
1800,0.0010375,33.583820847960951,2.5499894099282061
1800,0.0010390625000000001,33.583846355537432,2.5499894002365462
1800,0.0010406250000000001,33.58387190150404,2.5499893905261195
1800,0.0010421875000000001,33.583897485860781,2.5499893807969065
1800,0.00104375,33.583923108607685,2.5499893710488868
1800,0.0010453125,33.583948769744765,2.5499893612820399
1800,0.0010468750000000001,33.58397446927205,2.5499893514963468
1800,0.0010484375000000001,33.584000207189547,2.5499893416917869
1800,0.0010500000000000002,33.584025983497277,2.5499893318683404
1800,0.0010515625,33.584051798195262,2.5499893220259864
1800,0.001053125,33.584077651283522,2.5499893121647061
1800,0.0010546875000000001,33.584103542762072,2.5499893022844802
1800,0.0010562500000000001,33.584129472630934,2.5499892923852876
1800,0.0010578125000000002,33.584155440890115,2.5499892824671071
1800,0.001059375,33.584181447539649,2.5499892725299191
1800,0.0010609375,33.584207492579552,2.5499892625737028
1800,0.0010625000000000001,33.584233576009829,2.5499892525984391
1800,0.0010640625000000001,33.584259697830511,2.5499892426041066
1800,0.0010656249999999999,33.584285858041618,2.5499892325906854
1800,0.0010671875,33.584312056643157,2.5499892225581551
1800,0.00106875,33.584338293635163,2.5499892125064951
1800,0.0010703125000000001,33.584364569017644,2.5499892024356847
1800,0.0010718750000000001,33.584390882790615,2.5499891923457039
1800,0.0010734375,33.584417234954095,2.5499891822365308
1800,0.001075,33.584443625508115,2.5499891721081456
1800,0.0010765625,33.584470054452687,2.5499891619605277
1800,0.0010781250000000001,33.584496521787827,2.5499891517936568
1800,0.0010796875000000001,33.584523027513555,2.5499891416075116
1800,0.00108125,33.584549571629893,2.5499891314020711
1800,0.0010828125,33.584576154136862,2.549989121177314
1800,0.0010843750000000001,33.584602775034476,2.5499891109332204
1800,0.0010859375000000001,33.58462943432275,2.5499891006697699
1800,0.0010875000000000001,33.584656132001705,2.5499890903869407
1800,0.0010890625,33.584682868071368,2.5499890800847118
1800,0.001090625,33.584709642531756,2.5499890697630621
1800,0.0010921875000000001,33.584736455382881,2.549989059421971
1800,0.0010937500000000001,33.584763306624779,2.5499890490614172
1800,0.0010953125000000001,33.584790196257458,2.5499890386813795
1800,0.001096875,33.584817124280946,2.5499890282818369
1800,0.0010984375,33.584844090695249,2.5499890178627687
1800,0.0011000000000000001,33.58487109550039,2.5499890074241525
1800,0.0011015625000000001,33.584898138696389,2.5499889969659675
1800,0.0011031250000000002,33.584925220283267,2.5499889864881928
1800,0.0011046875,33.58495234026104,2.5499889759908068
1800,0.00110625,33.584979498629735,2.5499889654737879
1800,0.0011078125000000001,33.585006695389367,2.5499889549371146
1800,0.0011093750000000001,33.58503393053995,2.5499889443807655
1800,0.0011109374999999999,33.585061204081505,2.5499889338047184
1800,0.0011125,33.585088516014061,2.5499889232089528
1800,0.0011140625,33.585115866337638,2.5499889125934465
1800,0.0011156250000000001,33.585143255052245,2.5499889019581774
1800,0.0011171875000000001,33.585170682157901,2.5499888913031254
1800,0.00111875,33.585198147654623,2.5499888806282671
1800,0.0011203125,33.58522565154243,2.5499888699335806
1800,0.001121875,33.585253193821352,2.5499888592190447
1800,0.0011234375000000001,33.585280774491409,2.549988848484638
1800,0.0011250000000000001,33.585308393552623,2.5499888377303388
1800,0.0011265625,33.585336051005008,2.5499888269561244
1800,0.001128125,33.585363746848593,2.5499888161619735
1800,0.0011296875,33.585391481083384,2.5499888053478639
1800,0.0011312500000000001,33.585419253709404,2.5499887945137742
1800,0.0011328125000000001,33.585447064726658,2.5499887836596815
1800,0.001134375,33.585474914135197,2.5499887727855639
1800,0.0011359375,33.585502801935021,2.5499887618913997
1800,0.0011375000000000001,33.585530728126166,2.5499887509771657
1800,0.0011390625000000001,33.585558692708645,2.5499887400428403
1800,0.0011406250000000001,33.58558669568248,2.5499887290884011
1800,0.0011421875,33.585614737047685,2.5499887181138261
1800,0.00114375,33.585642816804288,2.5499887071190925
1800,0.0011453125000000001,33.585670934952304,2.5499886961041778
1800,0.0011468750000000001,33.585699091491747,2.5499886850690596
1800,0.0011484375000000002,33.585727286422639,2.5499886740137159
1800,0.00115,33.585755519745,2.5499886629381239
1800,0.0011515625,33.585783791458852,2.549988651842261
1800,0.0011531250000000001,33.585812101564208,2.5499886407261041
1800,0.0011546875000000001,33.585840450061106,2.5499886295896315
1800,0.0011562500000000002,33.585868836949565,2.54998861843282
1800,0.0011578125,33.585897262229594,2.549988607255647
1800,0.001159375,33.58592572590122,2.5499885960580904
1800,0.0011609375000000001,33.585954227964457,2.5499885848401265
1800,0.0011625000000000001,33.585982768419328,2.5499885736017331
1800,0.0011640624999999999,33.586011347265853,2.5499885623428873
1800,0.001165625,33.586039964504053,2.5499885510635654
1800,0.0011671875,33.58606862013395,2.5499885397637456
1800,0.0011687500000000001,33.586097314155566,2.5499885284434045
1800,0.0011703125000000001,33.586126046568936,2.5499885171025181
1800,0.001171875,33.586154817374073,2.5499885057410645
1800,0.0011734375,33.586183626571,2.5499884943590203
1800,0.001175,33.58621247415973,2.5499884829563619
1800,0.0011765625000000001,33.586241360140278,2.5499884715330667
1800,0.0011781250000000001,33.586270284512658,2.5499884600891116
1800,0.0011796875,33.586299247276898,2.549988448624473
1800,0.00118125,33.586328248433013,2.5499884371391275
1800,0.0011828125000000001,33.586357287981038,2.5499884256330523
1800,0.0011843750000000001,33.586386365920987,2.5499884141062235
1800,0.0011859375000000001,33.586415482252889,2.5499884025586175
1800,0.0011875,33.586444636976765,2.5499883909902108
1800,0.0011890625,33.586473830092629,2.5499883794009803
1800,0.0011906250000000001,33.586503061600496,2.5499883677909017
1800,0.0011921875000000001,33.586532331500386,2.5499883561599521
1800,0.0011937500000000001,33.586561639792322,2.5499883445081082
1800,0.0011953125,33.586590986476331,2.5499883328353454
1800,0.001196875,33.586620371552442,2.5499883211416408
1800,0.0011984375000000001,33.586649795020669,2.5499883094269711
1800,0.0012000000000000001,33.586679256881048,2.5499882976913115
1800,0.0012015625000000002,33.586708757133579,2.5499882859346377
1800,0.001203125,33.586738295778282,2.5499882741569264
1800,0.0012046875,33.58676787281518,2.5499882623581538
1800,0.0012062500000000001,33.586797488244301,2.5499882505382958
1800,0.0012078125000000001,33.586827142065665,2.5499882386973294
1800,0.0012093750000000002,33.586856834279295,2.5499882268352287
1800,0.0012109375,33.586886564885212,2.5499882149519713
1800,0.0012125,33.58691633388343,2.5499882030475316
1800,0.0012140625000000001,33.586946141273977,2.5499881911218854
1800,0.0012156250000000001,33.586975987056867,2.549988179175009
1800,0.0012171875,33.587005871232137,2.5499881672068789
1800,0.00121875,33.587035793799799,2.5499881552174699
1800,0.0012203125,33.58706575475987,2.5499881432067575
1800,0.0012218750000000001,33.587095754112369,2.5499881311747181
1800,0.0012234375000000001,33.587125791857325,2.5499881191213261
1800,0.001225,33.58715586799476,2.5499881070465582
1800,0.0012265625,33.587185982524687,2.5499880949503893
1800,0.001228125,33.58721613544715,2.5499880828327943
1800,0.0012296875000000001,33.587246326762155,2.5499880706937503
1800,0.0012312500000000001,33.587276556469732,2.5499880585332315
1800,0.0012328125,33.587306824569893,2.5499880463512139
1800,0.001234375,33.587337131062654,2.5499880341476717
1800,0.0012359375000000001,33.587367475948042,2.549988021922581
1800,0.0012375000000000001,33.587397859226087,2.5499880096759164
1800,0.0012390625000000001,33.587428280896802,2.549987997407654
1800,0.001240625,33.587458740960216,2.5499879851177685
1800,0.0012421875,33.587489239416357,2.549987972806234
1800,0.0012437500000000001,33.587519776265253,2.5499879604730262
1800,0.0012453125000000001,33.587550351506913,2.5499879481181202
1800,0.0012468750000000002,33.587580965141363,2.5499879357414916
1800,0.0012484375,33.587611617168612,2.5499879233431142
1800,0.00125,33.587642307588681,2.5499879109229635
1800,0.0012515625000000001,33.587673036401597,2.5499878984810143
1800,0.0012531250000000001,33.58770380360739,2.5499878860172416
1800,0.0012546875000000002,33.587734609206088,2.5499878735316197
1800,0.00125625,33.587765453197711,2.5499878610241238
1800,0.0012578125,33.587796335582283,2.549987848494728
1800,0.0012593750000000001,33.587827256359816,2.5499878359434072
1800,0.0012609375000000001,33.587858215530325,2.549987823370135
1800,0.0012625000000000002,33.587889213093831,2.549987810774887
1800,0.0012640625,33.587920249050363,2.5499877981576375
1800,0.001265625,33.587951323399935,2.5499877855183599
1800,0.0012671875000000001,33.587982436142582,2.5499877728570297
1800,0.0012687500000000001,33.588013587278326,2.5499877601736207
1800,0.0012703125,33.588044776807187,2.5499877474681072
1800,0.001271875,33.588076004729203,2.5499877347404629
1800,0.0012734375,33.588107271044393,2.549987721990663
1800,0.0012750000000000001,33.588138575752765,2.5499877092186813
1800,0.0012765625000000001,33.588169918854348,2.5499876964244921
1800,0.001278125,33.588201300349162,2.5499876836080695
1800,0.0012796875,33.58823272023723,2.5499876707693865
1800,0.0012812500000000001,33.588264178518578,2.5499876579084182
1800,0.0012828125000000001,33.58829567519323,2.5499876450251389
1800,0.0012843750000000001,33.588327210261205,2.5499876321195214
1800,0.0012859375,33.588358783722533,2.54998761919154
1800,0.0012875,33.588390395577228,2.549987606241169
1800,0.0012890625000000001,33.588422045825318,2.5499875932683822
1800,0.0012906250000000001,33.58845373446681,2.5499875802731533
1800,0.0012921875000000002,33.588485461501726,2.5499875672554557
1800,0.00129375,33.588517226930101,2.5499875542152637
1800,0.0012953125,33.588549030751956,2.5499875411525501
1800,0.0012968750000000001,33.588580872967313,2.5499875280672888
1800,0.0012984375000000001,33.5886127535762,2.5499875149594526
1800,0.0013000000000000002,33.588644672578639,2.5499875018290159
1800,0.0013015625,33.588676629974664,2.5499874886759519
1800,0.001303125,33.588708625764284,2.5499874755002341
1800,0.0013046875000000001,33.588740659947533,2.5499874623018357
1800,0.0013062500000000001,33.588772732524419,2.5499874490807293
1800,0.0013078125000000002,33.588804843494962,2.549987435836889
1800,0.001309375,33.5888369928592,2.5499874225702883
1800,0.0013109375,33.588869180617145,2.5499874092808992
1800,0.0013125000000000001,33.588901406768834,2.5499873959686963
1800,0.0013140625000000001,33.58893367131428,2.5499873826336512
1800,0.0013156250000000002,33.588965974253519,2.5499873692757382
1800,0.0013171875,33.588998315586579,2.5499873558949298
1800,0.00131875,33.589030695313475,2.5499873424911979
1800,0.0013203125000000001,33.589063113434229,2.5499873290645168
1800,0.0013218750000000001,33.589095569948853,2.5499873156148594
1800,0.0013234375,33.589128064857377,2.5499873021421973
1800,0.001325,33.589160598159822,2.5499872886465047
1800,0.0013265625000000001,33.589193169856216,2.5499872751277528
1800,0.0013281250000000001,33.589225779946595,2.5499872615859145
1800,0.0013296875000000001,33.589258428430973,2.5499872480209635
1800,0.00133125,33.589291115309365,2.5499872344328725
1800,0.0013328125,33.589323840581798,2.5499872208216137
1800,0.0013343750000000001,33.589356604248287,2.5499872071871601
1800,0.0013359375000000001,33.589389406308868,2.5499871935294833
1800,0.0013375000000000001,33.589422246763554,2.5499871798485558
1800,0.0013390625,33.589455125612382,2.5499871661443496
1800,0.001340625,33.589488042855379,2.5499871524168367
1800,0.0013421875000000001,33.589520998492567,2.5499871386659896
1800,0.0013437500000000001,33.589553992523975,2.5499871248917811
1800,0.0013453125000000002,33.58958702494963,2.549987111094183
1800,0.001346875,33.589620095769547,2.5499870972731675
1800,0.0013484375,33.58965320498374,2.5499870834287077
1800,0.0013500000000000001,33.589686352592246,2.5499870695607747
1800,0.0013515625000000001,33.589719538595077,2.54998705566934
1800,0.0013531250000000002,33.589752762992262,2.5499870417543753
1800,0.0013546875,33.589786025783823,2.5499870278158525
1800,0.00135625,33.589819326969788,2.549987013853745
1800,0.0013578125000000001,33.589852666550193,2.5499869998680236
1800,0.0013593750000000001,33.589886044525038,2.549986985858661
1800,0.0013609375000000002,33.589919460894357,2.5499869718256285
1800,0.0013625,33.589952915658174,2.5499869577688981
1800,0.0013640625,33.589986408816515,2.5499869436884408
1800,0.0013656250000000001,33.590019940369402,2.5499869295842279
1800,0.0013671875000000001,33.590053510316864,2.5499869154562305
1800,0.00136875,33.590087118658914,2.549986901304421
1800,0.0013703125,33.590120765395596,2.5499868871287705
1800,0.001371875,33.590154450526917,2.5499868729292503
1800,0.0013734375000000001,33.590188174052912,2.5499868587058327
1800,0.0013750000000000001,33.590221935973609,2.5499868444584881
1800,0.0013765625,33.590255736289031,2.5499868301871889
1800,0.001378125,33.59028957499919,2.5499868158919052
1800,0.0013796875000000001,33.590323452104116,2.5499868015726079
1800,0.0013812500000000001,33.590357367603836,2.5499867872292685
1800,0.0013828125000000001,33.590391321498373,2.5499867728618586
1800,0.001384375,33.590425313787755,2.5499867584703488
1800,0.0013859375,33.590459344472016,2.5499867440547104
1800,0.0013875000000000001,33.590493413551172,2.5499867296149143
1800,0.0013890625000000001,33.590527521025251,2.5499867151509314
1800,0.0013906250000000002,33.590561666894267,2.5499867006627324
1800,0.0013921875,33.590595851158241,2.5499866861502878
1800,0.00139375,33.590630073817195,2.5499866716135684
1800,0.0013953125000000001,33.590664334871157,2.5499866570525453
1800,0.0013968750000000001,33.590698634320169,2.5499866424671889
1800,0.0013984375000000002,33.590732972164261,2.5499866278574692
1800,0.0014,33.590767348403439,2.549986613223358
1800,0.0014015625,33.590801763037739,2.5499865985648253
1800,0.0014031250000000001,33.590836216067174,2.549986583881843
1800,0.0014046875000000001,33.590870707491774,2.5499865691743788
1800,0.0014062500000000002,33.59090523731156,2.549986554442405
1800,0.0014078125,33.590939805526567,2.5499865396858912
1800,0.001409375,33.590974412136809,2.5499865249048081
1800,0.0014109375000000001,33.591009057142323,2.5499865100991252
1800,0.0014125000000000001,33.591043740543128,2.5499864952688132
1800,0.0014140625000000002,33.591078462339247,2.5499864804138426
1800,0.001415625,33.591113222530716,2.5499864655341828
1800,0.0014171875,33.591148021117561,2.5499864506298033
1800,0.0014187500000000001,33.591182858099799,2.5499864357006743
1800,0.0014203125000000001,33.59121773347745,2.5499864207467664
1800,0.001421875,33.591252647250549,2.549986405768049
1800,0.0014234375,33.591287599419111,2.5499863907644928
1800,0.0014250000000000001,33.591322589983164,2.5499863757360659
1800,0.0014265625000000001,33.591357618942745,2.5499863606827384
1800,0.0014281250000000001,33.591392686297866,2.5499863456044811
1800,0.0014296875,33.591427792048563,2.5499863305012629
1800,0.00143125,33.591462936194858,2.5499863153730549
1800,0.0014328125000000001,33.591498118736773,2.5499863002198255
1800,0.0014343750000000001,33.591533339674342,2.5499862850415447
1800,0.0014359375000000001,33.59156859900758,2.5499862698381812
1800,0.0014375,33.591603896736515,2.5499862546097041
1800,0.0014390625,33.591639232861169,2.5499862393560835
1800,0.0014406250000000001,33.59167460738157,2.5499862240772884
1800,0.0014421875000000001,33.591710020297754,2.5499862087732885
1800,0.0014437500000000002,33.591745471609748,2.5499861934440524
1800,0.0014453125,33.591780961317575,2.5499861780895507
1800,0.001446875,33.591816489421262,2.5499861627097515
1800,0.0014484375000000001,33.591852055920832,2.5499861473046241
1800,0.0014500000000000001,33.591887660816312,2.5499861318741375
1800,0.0014515625000000002,33.591923304107716,2.5499861164182605
1800,0.001453125,33.591958985795074,2.5499861009369624
1800,0.0014546875,33.59199470587842,2.5499860854302119
1800,0.0014562500000000001,33.592030464357784,2.5499860698979782
1800,0.0014578125000000001,33.592066261233178,2.5499860543402297
1800,0.0014593750000000002,33.592102096504647,2.5499860387569351
1800,0.0014609375,33.59213797017221,2.5499860231480636
1800,0.0014625,33.59217388223589,2.5499860075135832
1800,0.0014640625000000001,33.592209832695708,2.549985991853462
1800,0.0014656250000000001,33.592245821551693,2.5499859761676693
1800,0.0014671875000000002,33.592281848803864,2.5499859604561732
1800,0.00146875,33.592317914452259,2.5499859447189421
1800,0.0014703125,33.592354018496906,2.549985928955945
1800,0.0014718750000000001,33.592390160937832,2.5499859131671503
1800,0.0014734375000000001,33.592426341775067,2.549985897352526
1800,0.001475,33.592462561008638,2.5499858815120406
1800,0.0014765625,33.59249881863856,2.5499858656456627
1800,0.0014781250000000001,33.592535114664862,2.5499858497533601
1800,0.0014796875000000001,33.592571449087565,2.5499858338350996
1800,0.0014812500000000001,33.592607821906697,2.5499858178908505
1800,0.0014828125,33.592644233122286,2.5499858019205797
1800,0.001484375,33.592680682734368,2.5499857859242558
1800,0.0014859375000000001,33.592717170742965,2.5499857699018476
1800,0.0014875000000000001,33.592753697148105,2.5499857538533215
1800,0.0014890625000000002,33.592790261949808,2.5499857377786461
1800,0.001490625,33.592826865148098,2.5499857216777895
1800,0.0014921875,33.592863506743008,2.5499857055507182
1800,0.0014937500000000001,33.59290018673456,2.5499856893974004
1800,0.0014953125000000001,33.592936905122791,2.5499856732178041
1800,0.0014968750000000002,33.59297366190772,2.5499856570118964
1800,0.0014984375,33.593010457089377,2.5499856407796457
1800,0.0015,33.593047290667791,2.549985624521018
1800,0.0015015625000000001,33.593084162642981,2.5499856082359811
1800,0.0015031250000000001,33.59312107301497,2.5499855919245027
1800,0.0015046875000000002,33.5931580217838,2.5499855755865499
1800,0.00150625,33.5931950089495,2.5499855592220904
1800,0.0015078125,33.593232034512077,2.5499855428310907
1800,0.0015093750000000001,33.593269098471573,2.5499855264135185
1800,0.0015109375000000001,33.59330620082801,2.5499855099693414
1800,0.0015125000000000002,33.593343341581416,2.549985493498526
1800,0.0015140625,33.593380520731827,2.5499854770010391
1800,0.001515625,33.593417738279271,2.5499854604768477
1800,0.0015171875000000001,33.593454994223769,2.5499854439259182
1800,0.0015187500000000001,33.593492288565351,2.5499854273482172
1800,0.0015203125000000002,33.593529621304036,2.5499854107437119
1800,0.001521875,33.593566992439847,2.5499853941123694
1800,0.0015234375000000001,33.593604401972819,2.5499853774541559
1800,0.0015250000000000001,33.59364184990298,2.5499853607690381
1800,0.0015265625000000001,33.593679336230352,2.5499853440569824
1800,0.001528125,33.593716860954977,2.5499853273179558
1800,0.0015296875,33.593754424076877,2.5499853105519246
1800,0.0015312500000000001,33.59379202559608,2.5499852937588554
1800,0.0015328125000000001,33.593829665512615,2.5499852769387141
1800,0.0015343750000000001,33.593867343826503,2.5499852600914674
1800,0.0015359375,33.593905060537764,2.549985243217082
1800,0.0015375,33.593942815646443,2.5499852263155236
1800,0.0015390625000000001,33.593980609152553,2.5499852093867585
1800,0.0015406250000000001,33.594018441056136,2.5499851924307535
1800,0.0015421875000000002,33.594056311357221,2.5499851754474738
1800,0.00154375,33.59409422005583,2.5499851584368853
1800,0.0015453125,33.59413216715199,2.5499851413989538
1800,0.0015468750000000001,33.594170152645731,2.549985124333646
1800,0.0015484375000000001,33.594208176537073,2.5499851072409276
1800,0.0015500000000000002,33.594246238826052,2.5499850901207646
1800,0.0015515625,33.59428433951269,2.5499850729731217
1800,0.001553125,33.594322478597022,2.5499850557979657
1800,0.0015546875000000001,33.594360656079061,2.549985038595262
1800,0.0015562500000000001,33.594398871958852,2.549985021364976
1800,0.0015578125000000002,33.594437126236414,2.5499850041070724
1800,0.001559375,33.594475418911777,2.5499849868215176
1800,0.0015609375,33.594513749984969,2.5499849695082766
1800,0.0015625000000000001,33.594552119456019,2.5499849521673159
1800,0.0015640625000000001,33.594590527324954,2.5499849347985997
1800,0.0015656250000000002,33.594628973591796,2.5499849174020932
1800,0.0015671875,33.594667458256588,2.5499848999777615
1800,0.00156875,33.59470598131935,2.5499848825255707
1800,0.0015703125000000001,33.594744542780106,2.5499848650454853
1800,0.0015718750000000001,33.594783142638896,2.5499848475374711
1800,0.0015734375000000002,33.594821780895749,2.5499848300014922
1800,0.001575,33.594860457550688,2.549984812437514
1800,0.0015765625000000001,33.594899172603746,2.5499847948455017
1800,0.0015781250000000001,33.594937926054939,2.5499847772254194
1800,0.0015796875000000001,33.594976717904302,2.5499847595772325
1800,0.00158125,33.595015548151864,2.549984741900905
1800,0.0015828125,33.595054416797645,2.5499847241964022
1800,0.0015843750000000001,33.595093323841674,2.5499847064636887
1800,0.0015859375000000001,33.595132269283994,2.5499846887027289
1800,0.0015875000000000002,33.595171253124626,2.5499846709134877
1800,0.0015890625,33.595210275363605,2.5499846530959291
1800,0.001590625,33.595249336000961,2.5499846352500177
1800,0.0015921875000000001,33.595288435036714,2.549984617375717
1800,0.0015937500000000001,33.595327572470893,2.5499845994729919
1800,0.0015953125000000002,33.595366748303526,2.5499845815418078
1800,0.001596875,33.595405962534635,2.5499845635821279
1800,0.0015984375,33.595445215164247,2.5499845455939165
1800,0.0016000000000000001,33.595484506192406,2.5499845275771373
1800,0.0016015625000000001,33.595523835619133,2.5499845095317553
1800,0.0016031250000000002,33.595563203444463,2.5499844914577343
1800,0.0016046875,33.595602609668433,2.5499844733550381
1800,0.00160625,33.595642054291062,2.5499844552236302
1800,0.0016078125000000001,33.59568153731238,2.549984437063475
1800,0.0016093750000000001,33.595721058732408,2.5499844188745362
1800,0.0016109375000000002,33.595760618551182,2.5499844006567769
1800,0.0016125,33.59580021676873,2.5499843824101611
1800,0.0016140625,33.595839853385087,2.5499843641346525
1800,0.0016156250000000001,33.595879528400282,2.5499843458302149
1800,0.0016171875000000001,33.595919241814343,2.5499843274968113
1800,0.0016187500000000002,33.595958993627299,2.549984309134405
1800,0.0016203125,33.595998783839178,2.5499842907429606
1800,0.0016218750000000001,33.596038612450009,2.5499842723224404
1800,0.0016234375000000001,33.59607847945982,2.5499842538728075
1800,0.0016250000000000001,33.596118384868639,2.5499842353940259
1800,0.0016265625,33.596158328676495,2.5499842168860587
1800,0.001628125,33.596198310883416,2.5499841983488687
1800,0.0016296875000000001,33.596238331489438,2.5499841797824185
1800,0.0016312500000000001,33.596278390494589,2.5499841611866714
1800,0.0016328125000000001,33.596318487898898,2.5499841425615903
1800,0.001634375,33.596358623702407,2.5499841239071386
1800,0.0016359375,33.596398797905145,2.5499841052232788
1800,0.0016375000000000001,33.596439010507126,2.5499840865099732
1800,0.0016390625000000001,33.596479261508378,2.549984067767185
1800,0.0016406250000000002,33.596519550908937,2.5499840489948769
1800,0.0016421875,33.596559878708824,2.549984030193011
1800,0.00164375,33.596600244908089,2.5499840113615493
1800,0.0016453125000000001,33.596640649506746,2.5499839925004557
1800,0.0016468750000000001,33.596681092504838,2.5499839736096921
1800,0.0016484375000000002,33.596721573902386,2.5499839546892211
1800,0.00165,33.596762093699418,2.5499839357390051
1800,0.0016515625,33.596802651895963,2.5499839167590062
1800,0.0016531250000000001,33.59684324849205,2.5499838977491867
1800,0.0016546875000000001,33.596883883487706,2.5499838787095093
1800,0.0016562500000000002,33.596924556882968,2.5499838596399353
1800,0.0016578125,33.596965268677877,2.5499838405404276
1800,0.001659375,33.597006018872463,2.5499838214109469
1800,0.0016609375000000001,33.597046807466754,2.5499838022514556
1800,0.0016625000000000001,33.59708763446077,2.5499837830619154
1800,0.0016640625000000002,33.597128499854541,2.5499837638422882
1800,0.001665625,33.597169403648095,2.5499837445925362
1800,0.0016671875,33.597210345841461,2.5499837253126212
1800,0.0016687500000000001,33.59725132643468,2.549983706002505
1800,0.0016703125000000001,33.597292345427775,2.549983686662149
1800,0.0016718750000000002,33.59733340282078,2.5499836672915146
1800,0.0016734375,33.597374498613732,2.5499836478905631
1800,0.0016750000000000001,33.597415632806651,2.5499836284592563
1800,0.0016765625000000001,33.597456805399581,2.5499836089975561
1800,0.0016781250000000001,33.597498016392535,2.5499835895054233
1800,0.0016796875,33.597539265785556,2.5499835699828188
1800,0.00168125,33.597580553578666,2.5499835504297033
1800,0.0016828125000000001,33.5976218797719,2.5499835308460388
1800,0.0016843750000000001,33.597663244365293,2.5499835112317868
1800,0.0016859375000000002,33.597704647358867,2.5499834915869082
1800,0.0016875,33.597746088752658,2.5499834719113625
1800,0.0016890625,33.5977875685467,2.5499834522051121
1800,0.0016906250000000001,33.597829086741015,2.5499834324681174
1800,0.0016921875000000001,33.597870643335639,2.5499834127003398
1800,0.0016937500000000002,33.597912238330593,2.5499833929017388
1800,0.0016953125,33.597953871725913,2.5499833730722758
1800,0.001696875,33.597995543521627,2.5499833532119109
1800,0.0016984375000000001,33.59803725371777,2.5499833333206059
1800,0.0017000000000000001,33.598079002314378,2.5499833133983203
1800,0.0017015625000000002,33.59812078931148,2.5499832934450146
1800,0.001703125,33.598162614709111,2.5499832734606493
1800,0.0017046875,33.598204478507292,2.5499832534451854
1800,0.0017062500000000001,33.598246380706058,2.5499832333985828
1800,0.0017078125000000001,33.598288321305432,2.5499832133208016
1800,0.0017093750000000002,33.598330300305449,2.5499831932118018
1800,0.0017109375,33.598372317706144,2.549983173071543
1800,0.0017125,33.598414373507545,2.5499831528999857
1800,0.0017140625000000001,33.598456467709681,2.5499831326970899
1800,0.0017156250000000001,33.598498600312595,2.5499831124628156
1800,0.0017171875000000002,33.598540771316323,2.5499830921971229
1800,0.00171875,33.598582980720884,2.5499830718999719
1800,0.0017203125000000001,33.598625228526316,2.549983051571322
1800,0.0017218750000000001,33.598667514732647,2.549983031211132
1800,0.0017234375000000001,33.598709839339911,2.5499830108193624
1800,0.0017250000000000002,33.59875220234813,2.5499829903959719
1800,0.0017265625,33.598794603757334,2.54998296994092
1800,0.0017281250000000001,33.598837043567571,2.5499829494541664
1800,0.0017296875000000001,33.598879521778862,2.5499829289356706
1800,0.0017312500000000001,33.598922038391237,2.5499829083853931
1800,0.0017328125,33.598964593404737,2.5499828878032926
1800,0.001734375,33.599007186819385,2.5499828671893288
1800,0.0017359375000000001,33.599049818635223,2.5499828465434593
1800,0.0017375000000000001,33.599092488852271,2.5499828258656443
1800,0.0017390625000000002,33.599135197470567,2.5499828051558424
1800,0.001740625,33.599177944490144,2.5499827844140124
1800,0.0017421875,33.599220729911032,2.5499827636401129
1800,0.0017437500000000001,33.599263553733266,2.5499827428341035
1800,0.0017453125000000001,33.599306415956882,2.5499827219959421
1800,0.0017468750000000002,33.599349316581907,2.5499827011255882
1800,0.0017484375,33.599392255608372,2.5499826802230001
1800,0.00175,33.599435233036303,2.5499826592881365
1800,0.0017515625000000001,33.599478248865736,2.5499826383209556
1800,0.0017531250000000001,33.599521303096701,2.5499826173214166
1800,0.0017546875000000002,33.599564395729224,2.5499825962894773
1800,0.00175625,33.599607526763343,2.5499825752250973
1800,0.0017578125,33.599650696199099,2.5499825541282339
1800,0.0017593750000000001,33.599693904036506,2.5499825329988464
1800,0.0017609375000000001,33.599737150275608,2.549982511836892
1800,0.0017625000000000002,33.599780434916433,2.549982490642329
1800,0.0017640625,33.599823757959015,2.5499824694151147
1800,0.0017656250000000001,33.599867119403392,2.549982448155208
1800,0.0017671875000000001,33.599910519249583,2.5499824268625675
1800,0.0017687500000000001,33.599953957497632,2.5499824055371505
1800,0.0017703125000000002,33.599997434147561,2.5499823841789149
1800,0.001771875,33.600040949199411,2.549982362787818
1800,0.0017734375000000001,33.60008450265321,2.5499823413638181
1800,0.0017750000000000001,33.600128094509003,2.549982319906873
1800,0.0017765625000000001,33.600171724766817,2.5499822984169396
1800,0.0017781250000000002,33.60021539342668,2.5499822768939757
1800,0.0017796875,33.600259100488628,2.5499822553379379
1800,0.0017812500000000001,33.60030284595269,2.5499822337487839
1800,0.0017828125000000001,33.600346629818901,2.549982212126471
1800,0.0017843750000000002,33.600390452087289,2.5499821904709568
1800,0.0017859375,33.600434312757891,2.5499821687821984
1800,0.0017875,33.600478211830733,2.5499821470601529
1800,0.0017890625000000001,33.60052214930586,2.5499821253047776
1800,0.0017906250000000001,33.600566125183299,2.5499821035160295
1800,0.0017921875000000002,33.600610139463086,2.5499820816938659
1800,0.00179375,33.600654192145242,2.5499820598382432
1800,0.0017953125,33.600698283229811,2.5499820379491189
1800,0.0017968750000000001,33.600742412716812,2.549982016026449
1800,0.0017984375000000001,33.60078658060629,2.5499819940701904
1800,0.0018000000000000002,33.600830786898285,2.5499819720803001
1800,0.0018015625,33.600875031592828,2.549981950056734
1800,0.001803125,33.600919314689946,2.5499819279994487
1800,0.0018046875000000001,33.600963636189675,2.5499819059084006
1800,0.0018062500000000001,33.601007996092044,2.5499818837835462
1800,0.0018078125000000002,33.601052394397087,2.5499818616248415
1800,0.001809375,33.60109683110484,2.5499818394322435
1800,0.0018109375,33.601141306215332,2.5499818172057087
1800,0.0018125000000000001,33.601185819728599,2.5499817949451931
1800,0.0018140625000000001,33.601230371644675,2.5499817726506522
1800,0.0018156250000000002,33.601274961963597,2.5499817503220417
1800,0.0018171875,33.601319590685392,2.5499817279593184
1800,0.0018187500000000001,33.601364257810104,2.5499817055624381
1800,0.0018203125000000001,33.601408963337754,2.5499816831313553
1800,0.0018218750000000001,33.601453707268377,2.5499816606660271
1800,0.0018234375000000002,33.601498489602015,2.5499816381664089
1800,0.001825,33.601543310338698,2.5499816156324568
1800,0.0018265625000000001,33.601588169478447,2.5499815930641265
1800,0.0018281250000000001,33.601633067021304,2.5499815704613726
1800,0.0018296875000000002,33.601678002967304,2.5499815478241512
1800,0.0018312500000000002,33.601722977316484,2.5499815251524174
1800,0.0018328125,33.601767990068886,2.5499815024461263
1800,0.0018343750000000001,33.601813041224531,2.5499814797052336
1800,0.0018359375000000001,33.601858130783441,2.5499814569296939
1800,0.0018375000000000002,33.601903258745672,2.5499814341194629
1800,0.0018390625,33.601948425111239,2.5499814112744952
1800,0.001840625,33.601993629880184,2.5499813883947455
1800,0.0018421875000000001,33.602038873052535,2.5499813654801704
1800,0.0018437500000000001,33.602084154628336,2.5499813425307227
1800,0.0018453125000000002,33.602129474607629,2.5499813195463581
1800,0.001846875,33.602174832990443,2.5499812965270321
1800,0.0018484375,33.602220229776812,2.5499812734726985
1800,0.0018500000000000001,33.602265664966772,2.5499812503833121
1800,0.0018515625000000001,33.602311138560353,2.5499812272588276
1800,0.0018531250000000002,33.602356650557581,2.5499812040991992
1800,0.0018546875,33.602402200958494,2.5499811809043806
1800,0.00185625,33.602447789763126,2.5499811576743268
1800,0.0018578125000000001,33.602493416971512,2.5499811344089918
1800,0.0018593750000000001,33.602539082583682,2.5499811111083295
1800,0.0018609375000000002,33.602584786599678,2.5499810877722946
1800,0.0018625,33.602630529019535,2.5499810644008414
1800,0.0018640625000000001,33.602676309843282,2.5499810409939236
1800,0.0018656250000000001,33.602722129070955,2.5499810175514948
1800,0.0018671875000000001,33.602767986702588,2.5499809940735094
1800,0.0018687500000000002,33.602813882738211,2.549980970559921
1800,0.0018703125,33.602859817177865,2.5499809470106838
1800,0.0018718750000000001,33.602905790021588,2.5499809234257507
1800,0.0018734375000000001,33.602951801269413,2.5499808998050764
1800,0.0018750000000000001,33.602997850921376,2.5499808761486142
1800,0.0018765625000000002,33.603043938977514,2.5499808524563172
1800,0.001878125,33.603090065437854,2.5499808287281387
1800,0.0018796875000000001,33.603136230302432,2.549980804964032
1800,0.0018812500000000001,33.603182433571284,2.5499807811639505
1800,0.0018828125000000002,33.603228675244438,2.5499807573278472
1800,0.001884375,33.603274955321936,2.5499807334556754
1800,0.0018859375,33.603321273803815,2.549980709547389
1800,0.0018875000000000001,33.603367630690109,2.5499806856029412
1800,0.0018890625000000001,33.603414025980854,2.5499806616222838
1800,0.0018906250000000002,33.603460459676086,2.5499806376053695
1800,0.0018921875,33.60350693177584,2.5499806135521519
1800,0.00189375,33.603553442280145,2.5499805894625833
1800,0.0018953125000000001,33.603599991189043,2.5499805653366159
1800,0.0018968750000000001,33.603646578502563,2.5499805411742034
1800,0.0018984375000000002,33.603693204220733,2.5499805169752978
1800,0.0019,33.603739868343595,2.5499804927398513
1800,0.0019015625,33.603786570871186,2.5499804684678171
1800,0.0019031250000000001,33.603833311803541,2.5499804441591474
1800,0.0019046875000000001,33.603880091140688,2.5499804198137941
1800,0.0019062500000000002,33.603926908882663,2.5499803954317088
1800,0.0019078125,33.603973765029508,2.549980371012845
1800,0.001909375,33.604020659581259,2.5499803465571542
1800,0.0019109375000000001,33.604067592537945,2.5499803220645885
1800,0.0019125000000000001,33.604114563899607,2.5499802975350998
1800,0.0019140625000000002,33.604161573666275,2.5499802729686407
1800,0.001915625,33.604208621837991,2.5499802483651623
1800,0.0019171875000000001,33.604255708414783,2.5499802237246163
1800,0.0019187500000000001,33.604302833396694,2.5499801990469542
1800,0.0019203125000000001,33.60434999678376,2.5499801743321275
1800,0.0019218750000000002,33.604397198576024,2.5499801495800885
1800,0.0019234375,33.604444438773513,2.5499801247907876
1800,0.0019250000000000001,33.604491717376263,2.5499800999641766
1800,0.0019265625000000001,33.604539034384295,2.5499800751002071
1800,0.0019281250000000002,33.60458638979766,2.5499800501988297
1800,0.0019296875000000002,33.604633783616386,2.5499800252599965
1800,0.00193125,33.604681215840522,2.5499800002836586
1800,0.0019328125000000001,33.604728686470096,2.5499799752697667
1800,0.0019343750000000001,33.604776195505153,2.5499799502182716
1800,0.0019359375000000002,33.604823742945719,2.5499799251291244
1800,0.0019375,33.604871328791823,2.5499799000022758
1800,0.0019390625,33.604918953043502,2.549979874837677
1800,0.0019406250000000001,33.604966615700789,2.5499798496352786
1800,0.0019421875000000001,33.605014316763729,2.5499798243950309
1800,0.0019437500000000002,33.605062056232356,2.5499797991168851
1800,0.0019453125,33.605109834106713,2.5499797738007906
1800,0.001946875,33.605157650386843,2.5499797484466988
1800,0.0019484375000000001,33.605205505072767,2.5499797230545593
1800,0.0019500000000000001,33.605253398164528,2.5499796976243236
1800,0.0019515625000000002,33.605301329662161,2.5499796721559407
1800,0.001953125,33.605349299565702,2.5499796466493612
1800,0.0019546875000000003,33.605397307875187,2.5499796211045349
1800,0.0019562500000000001,33.60544535459065,2.5499795955214131
1800,0.0019578124999999999,33.605493439712127,2.5499795698999441
1800,0.0019593750000000002,33.605541563239655,2.5499795442400788
1800,0.0019609375,33.605589725173274,2.5499795185417669
1800,0.0019625000000000003,33.605637925513022,2.5499794928049577
1800,0.0019640625000000001,33.605686164258934,2.5499794670296003
1800,0.0019656249999999999,33.605734441411037,2.5499794412156453
1800,0.0019671875000000002,33.605782756969383,2.5499794153630417
1800,0.00196875,33.605831110934005,2.5499793894717393
1800,0.0019703125000000003,33.605879503304941,2.549979363541687
1800,0.0019718750000000001,33.605927934082217,2.549979337572835
1800,0.0019734374999999999,33.605976403265878,2.5499793115651315
1800,0.0019750000000000002,33.606024910855957,2.5499792855185253
1800,0.0019765625,33.606073456852485,2.5499792594329662
1800,0.0019781250000000003,33.606122041255496,2.5499792333084028
1800,0.0019796875000000001,33.606170664065033,2.5499792071447844
1800,0.0019812499999999999,33.606219325281131,2.5499791809420604
1800,0.0019828125000000002,33.606268024903834,2.5499791547001784
1800,0.001984375,33.606316762933176,2.5499791284190891
1800,0.0019859375000000003,33.606365539369193,2.5499791020987392
1800,0.0019875000000000001,33.606414354211914,2.5499790757390781
1800,0.0019890624999999999,33.606463207461388,2.5499790493400543
1800,0.0019906250000000002,33.606512099117651,2.5499790229016166
1800,0.0019921875,33.606561029180746,2.5499789964237123
1800,0.0019937500000000003,33.6066099976507,2.5499789699062902
1800,0.0019953125000000001,33.606659004527565,2.5499789433492985
1800,0.001996875,33.60670804981136,2.5499789167526852
1800,0.0019984375000000002,33.606757133502121,2.5499788901163987
1800,0.002,33.606806255599892,2.549978863440387
1800,0.0020015625000000003,33.606855416104715,2.5499788367245984
1800,0.0020031250000000001,33.606904615016617,2.5499788099689797
1800,0.0020046875,33.60695385233565,2.5499787831734801
1800,0.0020062500000000002,33.607003128061834,2.5499787563380463
1800,0.0020078125,33.607052442195219,2.5499787294626266
1800,0.0020093750000000003,33.607101794735833,2.5499787025471687
1800,0.0020109375000000001,33.607151185683712,2.5499786755916194
1800,0.0020125,33.607200615038899,2.5499786485959262
1800,0.0020140625000000002,33.607250082801428,2.5499786215600371
1800,0.0020156250000000001,33.607299588971344,2.5499785944838984
1800,0.0020171874999999999,33.607349133548688,2.5499785673674573
1800,0.0020187500000000001,33.607398716533488,2.5499785402106609
1800,0.0020203125,33.607448337925788,2.5499785130134565
1800,0.0020218750000000002,33.607497997725623,2.5499784857757914
1800,0.0020234375000000001,33.607547695933036,2.5499784584976131
1800,0.0020249999999999999,33.607597432548062,2.5499784311788671
1800,0.0020265625000000002,33.607647207570736,2.5499784038195012
1800,0.002028125,33.607697021001101,2.5499783764194617
1800,0.0020296875000000002,33.607746872839201,2.5499783489786956
1800,0.0020312500000000001,33.607796763085055,2.5499783214971492
1800,0.0020328124999999999,33.607846691738722,2.5499782939747697
1800,0.0020343750000000002,33.607896658800222,2.5499782664115025
1800,0.0020359375,33.607946664269605,2.5499782388072938
1800,0.0020375000000000002,33.607996708146899,2.5499782111620903
1800,0.0020390625000000001,33.608046790432148,2.5499781834758379
1800,0.0020406249999999999,33.608096911125386,2.5499781557484833
1800,0.0020421875000000002,33.608147070226657,2.5499781279799714
1800,0.00204375,33.608197267735996,2.5499781001702484
1800,0.0020453125000000003,33.608247503653445,2.5499780723192611
1800,0.0020468750000000001,33.60829777797904,2.5499780444269544
1800,0.0020484374999999999,33.608348090712823,2.5499780164932746
1800,0.0020500000000000002,33.608398441854831,2.5499779885181675
1800,0.0020515625,33.608448831405106,2.549977960501578
1800,0.0020531250000000003,33.608499259363676,2.5499779324434519
1800,0.0020546875000000001,33.608549725730583,2.5499779043437338
1800,0.0020562499999999999,33.608600230505864,2.5499778762023699
1800,0.0020578125000000002,33.608650773689561,2.5499778480193052
1800,0.002059375,33.608701355281717,2.5499778197944849
1800,0.0020609375000000003,33.60875197528236,2.5499777915278545
1800,0.0020625000000000001,33.608802633691532,2.5499777632193585
1800,0.0020640624999999999,33.608853330509277,2.5499777348689427
1800,0.0020656250000000002,33.608904065735629,2.5499777064765521
1800,0.0020671875,33.608954839370625,2.5499776780421306
1800,0.0020687500000000003,33.609005651414307,2.5499776495656228
1800,0.0020703125000000001,33.609056501866718,2.5499776210469736
1800,0.0020718749999999999,33.609107390727893,2.5499775924861274
1800,0.0020734375000000002,33.609158317997867,2.5499775638830298
1800,0.002075,33.609209283676684,2.5499775352376242
1800,0.0020765625000000003,33.609260287764386,2.5499775065498547
1800,0.0020781250000000001,33.609311330261008,2.5499774778196667
1800,0.0020796874999999999,33.609362411166586,2.5499774490470033
1800,0.0020812500000000002,33.609413530481163,2.5499774202318095
1800,0.0020828125,33.609464688204767,2.5499773913740293
1800,0.0020843750000000003,33.609515884337441,2.549977362473606
1800,0.0020859375000000001,33.609567118879227,2.5499773335304829
1800,0.0020874999999999999,33.609618391830161,2.5499773045446048
1800,0.0020890625000000002,33.609669703190292,2.5499772755159151
1800,0.002090625,33.60972105295965,2.5499772464443575
1800,0.0020921875000000003,33.609772441138283,2.549977217329876
1800,0.0020937500000000001,33.609823867726234,2.5499771881724143
1800,0.0020953125,33.609875332723533,2.5499771589719149
1800,0.0020968750000000002,33.609926836130228,2.5499771297283216
1800,0.0020984375,33.609978377946355,2.5499771004415783
1800,0.0021000000000000003,33.61002995817195,2.5499770711116279
1800,0.0021015625000000001,33.610081576807048,2.5499770417384129
1800,0.002103125,33.610133233851691,2.5499770123218757
1800,0.0021046875000000002,33.610184929305923,2.5499769828619594
1800,0.00210625,33.610236663169779,2.5499769533586081
1800,0.0021078125000000003,33.610288435443302,2.5499769238117644
1800,0.0021093750000000001,33.610340246126526,2.5499768942213707
1800,0.0021109375,33.610392095219488,2.5499768645873702
1800,0.0021125000000000002,33.610443982722238,2.5499768349097045
1800,0.0021140625000000001,33.61049590863481,2.549976805188316
1800,0.0021156250000000003,33.610547872957248,2.5499767754231484
1800,0.0021171875000000001,33.610599875689587,2.5499767456141429
1800,0.00211875,33.61065191683187,2.5499767157612423
1800,0.0021203125000000002,33.610703996384139,2.549976685864388
1800,0.0021218750000000001,33.610756114346437,2.5499766559235217
1800,0.0021234374999999999,33.610808270718799,2.5499766259385868
1800,0.0021250000000000002,33.610860465501268,2.549976595909524
1800,0.0021265625,33.610912698693888,2.5499765658362765
1800,0.0021281250000000002,33.610964970296685,2.5499765357187854
1800,0.0021296875000000001,33.61101728030971,2.5499765055569923
1800,0.0021312499999999999,33.611069628732999,2.5499764753508387
1800,0.0021328125000000002,33.611122015566593,2.5499764451002669
1800,0.002134375,33.61117444081053,2.5499764148052182
1800,0.0021359375000000002,33.611226904464857,2.5499763844656336
1800,0.0021375000000000001,33.611279406529611,2.5499763540814535
1800,0.0021390624999999999,33.611331947004835,2.5499763236526203
1800,0.0021406250000000002,33.611384525890557,2.5499762931790744
1800,0.0021421875,33.611437143186834,2.5499762626607567
1800,0.0021437500000000003,33.6114897988937,2.5499762320976092
1800,0.0021453125000000001,33.611542493011193,2.5499762014895722
1800,0.0021468749999999999,33.611595225539361,2.5499761708365867
1800,0.0021484375000000002,33.611647996478233,2.5499761401385928
1800,0.00215,33.611700805827859,2.5499761093955318
1800,0.0021515625000000003,33.611753653588273,2.5499760786073438
1800,0.0021531250000000001,33.61180653975952,2.5499760477739697
1800,0.0021546874999999999,33.611859464341642,2.54997601689535
1800,0.0021562500000000002,33.61191242733468,2.5499759859714248
1800,0.0021578125,33.611965428738685,2.5499759550021341
1800,0.0021593750000000003,33.612018468553693,2.5499759239874185
1800,0.0021609375000000001,33.612071546779738,2.5499758929272174
1800,0.0021624999999999999,33.612124663416857,2.5499758618214705
1800,0.0021640625000000002,33.612177818465092,2.5499758306701183
1800,0.002165625,33.612231011924472,2.5499757994731014
1800,0.0021671875000000003,33.612284243795045,2.5499757682303583
1800,0.0021687500000000001,33.612337514076863,2.5499757369418292
1800,0.0021703124999999999,33.612390822769967,2.5499757056074532
1800,0.0021718750000000002,33.612444169874387,2.54997567422717
1800,0.0021734375,33.612497555390171,2.5499756428009195
1800,0.0021750000000000003,33.612550979317362,2.5499756113286409
1800,0.0021765625000000001,33.612604441655996,2.5499755798102735
1800,0.0021781249999999999,33.612657942406116,2.5499755482457562
1800,0.0021796875000000002,33.612711481567764,2.549975516635028
1800,0.00218125,33.612765059140976,2.5499754849780278
1800,0.0021828125000000003,33.612818675125794,2.549975453274695
1800,0.0021843750000000001,33.612872329522254,2.5499754215249681
1800,0.0021859374999999999,33.612926022330406,2.5499753897287856
1800,0.0021875000000000002,33.612979753550299,2.5499753578860873
1800,0.0021890625,33.613033523181969,2.5499753259968108
1800,0.0021906250000000003,33.613087331225465,2.5499752940608946
1800,0.0021921875000000001,33.613141177680816,2.5499752620782772
1800,0.00219375,33.613195062548073,2.5499752300488967
1800,0.0021953125000000002,33.613248985827269,2.5499751979726919
1800,0.002196875,33.613302947518441,2.5499751658496002
1800,0.0021984375000000003,33.613356947621639,2.5499751336795606
1800,0.0022000000000000001,33.613410986136913,2.5499751014625112
1800,0.0022015625,33.613465063064297,2.5499750691983891
1800,0.0022031250000000002,33.613519178403834,2.5499750368871323
1800,0.0022046875,33.613573332155561,2.5499750045286786
1800,0.0022062500000000003,33.613627524319533,2.5499749721229654
1800,0.0022078125000000001,33.613681754895786,2.5499749396699309
1800,0.002209375,33.61373602388435,2.5499749071695117
1800,0.0022109375000000002,33.61379033128528,2.5499748746216455
1800,0.0022125000000000001,33.613844677098605,2.5499748420262698
1800,0.0022140625000000003,33.613899061324375,2.5499748093833219
1800,0.0022156250000000001,33.613953483962632,2.5499747766927392
1800,0.0022171875,33.614007945013412,2.5499747439544582
1800,0.0022187500000000002,33.614062444476765,2.5499747111684159
1800,0.0022203125000000001,33.614116982352741,2.54997467833455
1800,0.0022218749999999999,33.614171558641374,2.5499746454527963
1800,0.0022234375000000002,33.614226173342708,2.549974612523092
1800,0.002225,33.614280826456778,2.5499745795453737
1800,0.0022265625000000002,33.614335517983626,2.5499745465195782
1800,0.0022281250000000001,33.614390247923296,2.5499745134456413
1800,0.0022296874999999999,33.614445016275823,2.5499744803234998
1800,0.0022312500000000002,33.614499823041257,2.5499744471530903
1800,0.0022328125,33.61455466821964,2.5499744139343488
1800,0.0022343750000000002,33.614609551811029,2.5499743806672108
1800,0.0022359375000000001,33.614664473815466,2.5499743473516125
1800,0.0022374999999999999,33.614719434232981,2.54997431398749
1800,0.0022390625000000002,33.614774433063623,2.5499742805747787
1800,0.002240625,33.61482947030742,2.5499742471134152
1800,0.0022421875000000003,33.614884545964429,2.5499742136033352
1800,0.0022437500000000001,33.6149396600347,2.5499741800444733
1800,0.0022453124999999999,33.614994812518269,2.5499741464367665
1800,0.0022468750000000002,33.615050003415192,2.549974112780149
1800,0.0022484375,33.61510523272549,2.5499740790745564
1800,0.0022500000000000003,33.615160500449221,2.549974045319924
1800,0.0022515625000000001,33.61521580658642,2.5499740115161873
1800,0.0022531249999999999,33.615271151137122,2.5499739776632806
1800,0.0022546875000000002,33.615326534101385,2.5499739437611395
1800,0.00225625,33.615381955479243,2.5499739098096992
1800,0.0022578125000000003,33.61543741527074,2.5499738758088943
1800,0.0022593750000000001,33.615492913475912,2.5499738417586593
1800,0.0022609374999999999,33.615548450094806,2.5499738076589291
1800,0.0022625000000000002,33.61560402512746,2.5499737735096382
1800,0.0022640625,33.615659638573923,2.5499737393107198
1800,0.0022656250000000003,33.615715290434245,2.5499737050621092
1800,0.0022671875000000001,33.615770980708454,2.5499736707637402
1800,0.0022687499999999999,33.615826709396607,2.5499736364155474
1800,0.0022703125000000002,33.615882476498733,2.5499736020174653
1800,0.002271875,33.615938282014888,2.5499735675694275
1800,0.0022734375000000003,33.615994125945114,2.549973533071368
1800,0.0022750000000000001,33.616050008289463,2.549973498523221
1800,0.0022765624999999999,33.616105929047961,2.5499734639249203
1800,0.0022781250000000002,33.61616188822066,2.5499734292763989
1800,0.0022796875,33.6162178858076,2.5499733945775906
1800,0.0022812500000000003,33.616273921808826,2.5499733598284289
1800,0.0022828125000000001,33.616329996224387,2.5499733250288474
1800,0.0022843749999999999,33.616386109054311,2.5499732901787793
1800,0.0022859375000000002,33.616442260298662,2.5499732552781578
1800,0.0022875,33.616498449957483,2.549973220326915
1800,0.0022890625000000003,33.616554678030802,2.5499731853249852
1800,0.0022906250000000001,33.616610944518669,2.5499731502723009
1800,0.0022921875,33.616667249421113,2.549973115168795
1800,0.0022937500000000002,33.616723592738197,2.5499730800144005
1800,0.0022953125,33.616779974469956,2.5499730448090498
1800,0.0022968750000000003,33.616836394616442,2.5499730095526751
1800,0.0022984375000000001,33.61689285317771,2.5499729742452097
1800,0.0023,33.616949350153781,2.5499729388865848
1800,0.0023015625000000002,33.617005885544714,2.5499729034767338
1800,0.0023031250000000001,33.617062459350549,2.5499728680155886
1800,0.0023046875000000003,33.617119071571331,2.5499728325030819
1800,0.0023062500000000001,33.617175722207101,2.5499727969391444
1800,0.0023078125,33.617232411257916,2.5499727613237089
1800,0.0023093750000000002,33.617289138723812,2.5499727256567075
1800,0.0023109375000000001,33.617345904604832,2.5499726899380719
1800,0.0023125000000000003,33.617402708901011,2.5499726541677337
1800,0.0023140625000000001,33.617459551612406,2.5499726183456244
1800,0.002315625,33.617516432739045,2.5499725824716757
1800,0.0023171875000000002,33.617573352280992,2.5499725465458178
1800,0.0023187500000000001,33.61763031023829,2.5499725105679825
1800,0.0023203125000000003,33.617687306610975,2.5499724745381012
1800,0.0023218750000000002,33.617744341399096,2.5499724384561047
1800,0.0023234375,33.617801414602688,2.5499724023219246
1800,0.0023250000000000002,33.617858526221816,2.5499723661354921
1800,0.0023265625000000001,33.617915676256509,2.5499723298967374
1800,0.0023281249999999999,33.617972864706822,2.5499722936055917
1800,0.0023296875000000002,33.618030091572784,2.5499722572619854
1800,0.00233125,33.618087356854446,2.5499722208658486
1800,0.0023328125000000003,33.61814466055187,2.5499721844171126
1800,0.0023343750000000001,33.618202002665086,2.5499721479157071
1800,0.0023359374999999999,33.61825938319415,2.5499721113615625
1800,0.0023375000000000002,33.618316802139091,2.5499720747546091
1800,0.0023390625,33.618374259499973,2.5499720380947766
1800,0.0023406250000000003,33.618431755276823,2.5499720013819953
1800,0.0023421875000000001,33.618489289469693,2.5499719646161951
1800,0.0023437499999999999,33.618546862078624,2.5499719277973063
1800,0.0023453125000000002,33.618604473103659,2.5499718909252573
1800,0.002346875,33.618662122544855,2.5499718539999794
1800,0.0023484375000000003,33.618719810402233,2.549971817021401
1800,0.0023500000000000001,33.618777536675857,2.5499717799894515
1800,0.0023515624999999999,33.618835301365756,2.5499717429040607
1800,0.0023531250000000002,33.618893104471979,2.5499717057651572
1800,0.0023546875,33.618950945994577,2.5499716685726708
1800,0.0023562500000000003,33.619008825933598,2.5499716313265299
1800,0.0023578125000000001,33.619066744289078,2.5499715940266645
1800,0.0023593749999999999,33.619124701061068,2.549971556673003
1800,0.0023609375000000002,33.619182696249609,2.5499715192654739
1800,0.0023625,33.619240729854745,2.5499714818040067
1800,0.0023640625000000003,33.619298801876532,2.5499714442885293
1800,0.0023656250000000001,33.619356912315027,2.5499714067189712
1800,0.0023671874999999999,33.619415061170272,2.5499713690952599
1800,0.0023687500000000002,33.619473248442304,2.5499713314173231
1800,0.0023703125,33.619531474131179,2.5499712936850898
1800,0.0023718750000000003,33.619589738236932,2.5499712558984884
1800,0.0023734375000000001,33.619648040759614,2.5499712180574465
1800,0.0023749999999999999,33.619706381699274,2.5499711801618918
1800,0.0023765625000000002,33.619764761055961,2.5499711422117524
1800,0.002378125,33.619823178829712,2.5499711042069557
1800,0.0023796875000000003,33.619881635020576,2.5499710661474295
1800,0.0023812500000000001,33.619940129628588,2.5499710280331005
1800,0.0023828124999999999,33.619998662653792,2.5499709898638958
1800,0.0023843750000000002,33.620057234096244,2.5499709516397444
1800,0.0023859375,33.620115843955993,2.549970913360573
1800,0.0023875000000000003,33.620174492233076,2.5499708750263084
1800,0.0023890625000000001,33.620233178927535,2.5499708366368772
1800,0.002390625,33.620291904039426,2.5499707981922071
1800,0.0023921875000000002,33.620350667568786,2.5499707596922252
1800,0.00239375,33.620409469515664,2.5499707211368574
1800,0.0023953125000000003,33.620468309880124,2.5499706825260318
1800,0.0023968750000000001,33.620527188662187,2.549970643859675
1800,0.0023984375,33.620586105861911,2.549970605137712
1800,0.0024000000000000002,33.620645061479337,2.5499705663600709
1800,0.0024015625000000001,33.620704055514516,2.5499705275266766
1800,0.0024031250000000003,33.620763087967504,2.5499704886374559
1800,0.0024046875000000001,33.620822158838337,2.5499704496923341
1800,0.00240625,33.620881268127064,2.5499704106912371
1800,0.0024078125000000002,33.620940415833729,2.5499703716340907
1800,0.0024093750000000001,33.620999601958381,2.5499703325208212
1800,0.0024109375000000003,33.621058826501063,2.5499702933513531
1800,0.0024125000000000001,33.621118089461831,2.5499702541256131
1800,0.0024140625,33.621177390840728,2.5499702148435266
1800,0.0024156250000000002,33.621236730637804,2.5499701755050195
1800,0.0024171875000000001,33.621296108853095,2.5499701361100167
1800,0.0024187500000000003,33.621355525486649,2.5499700966584435
1800,0.0024203125000000002,33.621414980538518,2.5499700571502246
1800,0.002421875,33.62147447400875,2.5499700175852849
1800,0.0024234375000000002,33.621534005897388,2.5499699779635501
1800,0.0024250000000000001,33.621593576204482,2.5499699382849439
1800,0.0024265624999999999,33.621653184930075,2.5499698985493917
1800,0.0024281250000000002,33.621712832074216,2.549969858756818
1800,0.0024296875,33.621772517636941,2.5499698189071474
1800,0.0024312500000000003,33.621832241618314,2.5499697790003037
1800,0.0024328125000000001,33.621892004018378,2.5499697390362108
1800,0.0024343749999999999,33.621951804837188,2.549969699014794
1800,0.0024359375000000002,33.622011644074789,2.5499696589359764
1800,0.0024375,33.622071521731222,2.5499696187996816
1800,0.0024390625000000003,33.62213143780653,2.5499695786058347
1800,0.0024406250000000001,33.62219139230077,2.5499695383543597
1800,0.0024421874999999999,33.622251385213985,2.5499694980451793
1800,0.0024437500000000002,33.622311416546225,2.5499694576782175
1800,0.0024453125,33.622371486297531,2.5499694172533971
1800,0.0024468750000000003,33.62243159446794,2.5499693767706422
1800,0.0024484375000000001,33.622491741057516,2.5499693362298754
1800,0.0024499999999999999,33.622551926066294,2.5499692956310205
1800,0.0024515625000000002,33.62261214949433,2.5499692549740001
1800,0.002453125,33.622672411341668,2.5499692142587378
1800,0.0024546875000000003,33.622732711608364,2.5499691734851568
1800,0.0024562500000000001,33.622793050294469,2.5499691326531799
1800,0.0024578124999999999,33.622853427400031,2.5499690917627289
1800,0.0024593750000000002,33.62291384292508,2.5499690508137265
1800,0.0024609375,33.622974296869671,2.5499690098060959
1800,0.0024625000000000003,33.62303478923387,2.5499689687397584
1800,0.0024640625000000001,33.623095320017711,2.549968927614636
1800,0.0024656249999999999,33.623155889221245,2.5499688864306513
1800,0.0024671875000000002,33.62321649684452,2.5499688451877267
1800,0.00246875,33.623277142887588,2.549968803885784
1800,0.0024703125000000003,33.623337827350475,2.5499687625247449
1800,0.0024718750000000001,33.62339855023324,2.5499687211045319
1800,0.0024734374999999999,33.623459311535939,2.5499686796250662
1800,0.0024750000000000002,33.623520111258607,2.5499686380862694
1800,0.0024765625,33.623580949401308,2.5499685964880623
1800,0.0024781250000000003,33.623641825964079,2.5499685548303668
1800,0.0024796875000000001,33.623702740946968,2.5499685131131042
1800,0.0024812499999999999,33.623763694350025,2.5499684713361952
1800,0.0024828125000000002,33.6238246861733,2.549968429499561
1800,0.002484375,33.623885716416844,2.5499683876031223
1800,0.0024859375000000003,33.623946785080697,2.5499683456468003
1800,0.0024875000000000001,33.624007892164919,2.5499683036305152
1800,0.0024890625,33.62406903766955,2.5499682615541888
1800,0.0024906250000000002,33.624130221594633,2.5499682194177411
1800,0.0024921875,33.624191443940219,2.5499681772210927
1800,0.0024937500000000003,33.624252704706372,2.5499681349641627
1800,0.0024953125000000001,33.624314003893133,2.5499680926468717
1800,0.002496875,33.624375341500553,2.5499680502691402
1800,0.0024984375000000002,33.624436717528674,2.5499680078308877
1800,0.0025000000000000001,33.624498131977546,2.5499679653320344
1800,0.0025015625000000003,33.624559584847219,2.5499679227724998
1800,0.0025031250000000001,33.62462107613775,2.5499678801522032
1800,0.0025046875,33.624682605849188,2.5499678374710646
1800,0.0025062500000000002,33.624744173981583,2.5499677947290031
1800,0.0025078125000000001,33.624805780534984,2.5499677519259376
1800,0.0025093750000000003,33.624867425509422,2.5499677090617885
1800,0.0025109375000000001,33.624929108904958,2.5499676661364745
1800,0.0025125,33.624990830721629,2.549967623149914
1800,0.0025140625000000002,33.625052590959498,2.5499675801020265
1800,0.0025156250000000001,33.625114389618616,2.5499675369927304
1800,0.0025171875000000003,33.625176226699011,2.5499674938219452
1800,0.0025187500000000002,33.625238102200747,2.5499674505895888
1800,0.0025203125,33.625300016123866,2.5499674072955805
1800,0.0025218750000000002,33.625361968468418,2.5499673639398375
1800,0.0025234375000000001,33.625423959234453,2.549967320522279
1800,0.0025250000000000003,33.625485988422035,2.5499672770428221
1800,0.0025265625000000002,33.625548056031199,2.5499672335013845
1800,0.002528125,33.625610162062003,2.5499671898978855
1800,0.0025296875000000003,33.625672306514481,2.5499671462322429
1800,0.0025312500000000001,33.625734489388705,2.549967102504374
1800,0.0025328124999999999,33.625796710684718,2.5499670587141967
1800,0.0025343750000000002,33.625858970402575,2.5499670148616285
1800,0.0025359375,33.625921268542314,2.5499669709465866
1800,0.0025375000000000003,33.62598360510399,2.5499669269689882
1800,0.0025390625000000001,33.62604598008766,2.5499668829287505
1800,0.0025406249999999999,33.626108393493368,2.5499668388257906
1800,0.0025421875000000002,33.626170845321163,2.5499667946600266
1800,0.00254375,33.626233335571094,2.5499667504313739
1800,0.0025453125000000003,33.626295864243204,2.5499667061397493
1800,0.0025468750000000001,33.626358431337543,2.5499666617850703
1800,0.0025484374999999999,33.626421036854168,2.5499666173672524
1800,0.0025500000000000002,33.626483680793129,2.5499665728862122
1800,0.0025515625,33.626546363154468,2.5499665283418662
1800,0.0025531250000000003,33.626609083938241,2.5499664837341309
1800,0.0025546875000000001,33.626671843144493,2.549966439062922
1800,0.0025562499999999999,33.626734640773286,2.5499663943281559
1800,0.0025578125000000002,33.626797476824663,2.5499663495297495
1800,0.002559375,33.626860351298681,2.5499663046676173
1800,0.0025609375000000003,33.626923264195391,2.5499662597416743
1800,0.0025625000000000001,33.62698621551484,2.5499662147518372
1800,0.0025640624999999999,33.627049205257087,2.5499661696980214
1800,0.0025656250000000002,33.627112233422167,2.5499661245801422
1800,0.0025671875,33.627175300010144,2.5499660793981138
1800,0.0025687500000000003,33.62723840502106,2.5499660341518515
1800,0.0025703125000000001,33.627301548454966,2.5499659888412713
1800,0.0025718749999999999,33.627364730311911,2.5499659434662885
1800,0.0025734375000000002,33.627427950591944,2.5499658980268163
1800,0.002575,33.627491209295115,2.5499658525227709
1800,0.0025765625000000003,33.627554506421475,2.549965806954066
1800,0.0025781250000000001,33.627617841971087,2.5499657613206161
1800,0.0025796874999999999,33.627681215943987,2.549965715622335
1800,0.0025812500000000002,33.627744628340231,2.5499656698591369
1800,0.0025828125,33.62780807915987,2.5499656240309361
1800,0.0025843750000000003,33.627871568402952,2.5499655781376478
1800,0.0025859375000000001,33.627935096069535,2.5499655321791854
1800,0.0025875,33.627998662159676,2.5499654861554624
1800,0.0025890625000000002,33.628062266673417,2.549965440066392
1800,0.002590625,33.628125909610802,2.5499653939118887
1800,0.0025921875000000003,33.628189590971893,2.5499653476918644
1800,0.0025937500000000001,33.62825331075674,2.5499653014062336
1800,0.0025953125,33.628317068965401,2.5499652550549086
1800,0.0025968750000000002,33.628380865597919,2.5499652086378028
1800,0.0025984375000000001,33.628444700654342,2.5499651621548294
1800,0.0026000000000000003,33.628508574134713,2.5499651156059016
1800,0.0026015625000000001,33.628572486039097,2.549965068990931
1800,0.002603125,33.628636436367536,2.5499650223098302
1800,0.0026046875000000002,33.628700425120087,2.5499649755625127
1800,0.0026062500000000001,33.628764452296807,2.5499649287488899
1800,0.0026078125000000003,33.628828517897738,2.5499648818688749
1800,0.0026093750000000001,33.62889262192293,2.5499648349223798
1800,0.0026109375,33.628956764372433,2.549964787909317
1800,0.0026125000000000002,33.629020945246303,2.5499647408295987
1800,0.0026140625000000001,33.629085164544584,2.5499646936831355
1800,0.0026156250000000003,33.629149422267332,2.5499646464698391
1800,0.0026171875000000002,33.629213718414597,2.5499645991896216
1800,0.00261875,33.629278052986436,2.5499645518423946
1800,0.0026203125000000002,33.629342425982898,2.5499645044280701
1800,0.0026218750000000001,33.629406837404034,2.5499644569465589
1800,0.0026234375000000003,33.629471287249906,2.5499644093977714
1800,0.0026250000000000002,33.629535775520573,2.5499643617816203
1800,0.0026265625,33.629600302216069,2.5499643140980153
1800,0.0026281250000000003,33.629664867336452,2.5499642663468678
1800,0.0026296875000000001,33.62972947088177,2.5499642185280882
1800,0.0026312500000000003,33.629794112852082,2.5499641706415868
1800,0.0026328125000000002,33.62985879324745,2.5499641226872742
1800,0.002634375,33.629923512067919,2.5499640746650609
1800,0.0026359375000000003,33.629988269313522,2.5499640265748575
1800,0.0026375000000000001,33.630053064984317,2.5499639784165731
1800,0.0026390624999999999,33.630117899080354,2.5499639301901178
1800,0.0026406250000000002,33.630182771601689,2.5499638818954011
1800,0.0026421875,33.630247682548379,2.5499638335323338
1800,0.0026437500000000003,33.630312631920468,2.5499637851008248
1800,0.0026453125000000001,33.630377619718011,2.5499637366007843
1800,0.0026468749999999999,33.630442645941066,2.549963688032121
1800,0.0026484375000000002,33.630507710589676,2.5499636393947447
1800,0.00265,33.630572813663896,2.5499635906885634
1800,0.0026515625000000003,33.630637955163785,2.5499635419134865
1800,0.0026531250000000001,33.630703135089398,2.549963493069423
1800,0.0026546874999999999,33.630768353440786,2.549963444156282
1800,0.0026562500000000002,33.630833610217998,2.5499633951739722
1800,0.0026578125,33.630898905421091,2.5499633461224027
1800,0.0026593750000000003,33.630964239050122,2.5499632970014821
1800,0.0026609375000000001,33.631029611105149,2.5499632478111174
1800,0.0026624999999999999,33.631095021586212,2.5499631985512177
1800,0.0026640625000000002,33.631160470493377,2.5499631492216914
1800,0.002665625,33.631225957826686,2.5499630998224463
1800,0.0026671875000000003,33.631291483586196,2.5499630503533894
1800,0.0026687500000000001,33.631357047771957,2.5499630008144285
1800,0.0026703124999999999,33.631422650384025,2.5499629512054711
1800,0.0026718750000000002,33.631488291422457,2.5499629015264258
1800,0.0026734375,33.631553970887303,2.5499628517771997
1800,0.0026750000000000003,33.631619688778606,2.5499628019576996
1800,0.0026765625000000001,33.631685445096416,2.5499627520678327
1800,0.002678125,33.631751239840796,2.5499627021075066
1800,0.0026796875000000002,33.631817073011796,2.5499626520766276
1800,0.00268125,33.631882944609465,2.5499626019751029
1800,0.0026828125000000003,33.631948854633869,2.5499625518028388
1800,0.0026843750000000001,33.632014803085056,2.5499625015597416
1800,0.0026859375,33.632080789963076,2.5499624512457171
1800,0.0026875000000000002,33.63214681526798,2.5499624008606729
1800,0.0026890625,33.632212878999837,2.549962350404515
1800,0.0026906250000000003,33.632278981158692,2.5499622998771492
1800,0.0026921875000000001,33.632345121744592,2.5499622492784813
1800,0.00269375,33.632411300757603,2.5499621986084176
1800,0.0026953125000000002,33.632477518197774,2.5499621478668635
1800,0.0026968750000000001,33.632543774065148,2.5499620970537253
1800,0.0026984375000000003,33.632610068359789,2.5499620461689085
1800,0.0027000000000000001,33.632676401081753,2.5499619952123176
1800,0.0027015625,33.63274277223109,2.5499619441838588
1800,0.0027031250000000002,33.632809181807858,2.5499618930834358
1800,0.0027046875000000001,33.632875629812105,2.5499618419109535
1800,0.0027062500000000003,33.632942116243889,2.549961790666317
1800,0.0027078125000000001,33.63300864110326,2.5499617393494307
1800,0.002709375,33.633075204390266,2.5499616879601987
1800,0.0027109375000000002,33.633141806104966,2.5499616364985265
1800,0.0027125000000000001,33.633208446247416,2.5499615849643176
1800,0.0027140625000000003,33.633275124817679,2.549961533357477
1800,0.0027156250000000002,33.633341841815799,2.5499614816779079
1800,0.0027171875,33.633408597241832,2.5499614299255153
1800,0.0027187500000000002,33.633475391095828,2.5499613781002024
1800,0.0027203125000000001,33.633542223377852,2.5499613262018737
1800,0.0027218750000000003,33.633609094087966,2.5499612742304318
1800,0.0027234375000000002,33.633676003226206,2.5499612221857806
1800,0.002725,33.633742950792623,2.5499611700678231
1800,0.0027265625000000003,33.63380993678728,2.5499611178764634
1800,0.0027281250000000001,33.633876961210241,2.5499610656116034
1800,0.0027296875000000003,33.633944024061542,2.5499610132731467
1800,0.0027312500000000002,33.634011125341246,2.5499609608609957
1800,0.0027328125,33.634078265049411,2.5499609083750543
1800,0.0027343750000000003,33.634145443186085,2.5499608558152249
1800,0.0027359375000000001,33.634212659751334,2.5499608031814085
1800,0.0027374999999999999,33.634279914745207,2.5499607504735078
1800,0.0027390625000000002,33.634347208167753,2.549960697691426
1800,0.002740625,33.634414540019023,2.5499606448350645
1800,0.0027421875000000003,33.634481910299087,2.5499605919043247
1800,0.0027437500000000001,33.634549319007988,2.5499605388991098
1800,0.0027453124999999999,33.63461676614579,2.5499604858193203
1800,0.0027468750000000002,33.634684251712528,2.5499604326648586
1800,0.0027484375,33.634751775708267,2.549960379435626
1800,0.0027500000000000003,33.634819338133077,2.5499603261315245
1800,0.0027515625000000001,33.634886938987009,2.549960272752454
1800,0.0027531249999999999,33.634954578270118,2.5499602192983168
1800,0.0027546875000000002,33.635022255982456,2.5499601657690132
1800,0.00275625,33.635089972124085,2.549960112164444
1800,0.0027578125000000003,33.635157726695049,2.5499600584845101
1800,0.0027593750000000001,33.635225519695403,2.5499600047291118
1800,0.0027609374999999999,33.635293351125213,2.549959950898149
1800,0.0027625000000000002,33.635361220984535,2.5499598969915223
1800,0.0027640625,33.635429129273426,2.5499598430091326
1800,0.0027656250000000003,33.635497075991921,2.54995978895088
1800,0.0027671875000000001,33.635565061140085,2.5499597348166638
1800,0.0027687499999999999,33.635633084717959,2.5499596806063844
1800,0.0027703125000000002,33.635701146725609,2.5499596263199411
1800,0.002771875,33.635769247163097,2.5499595719572334
1800,0.0027734375000000003,33.635837386030467,2.5499595175181615
1800,0.0027750000000000001,33.635905563327789,2.5499594630026241
1800,0.0027765625,33.635973779055121,2.5499594084105199
1800,0.0027781250000000002,33.636042033212505,2.5499593537417482
1800,0.0027796875,33.636110325799997,2.5499592989962085
1800,0.0027812500000000003,33.63617865681767,2.5499592441737979
1800,0.0027828125000000001,33.636247026265579,2.5499591892744164
1800,0.002784375,33.636315434143775,2.5499591342979619
1800,0.0027859375000000002,33.636383880452314,2.5499590792443332
1800,0.0027875,33.636452365191246,2.549959024113428
1800,0.0027890625000000003,33.636520888360636,2.5499589689051452
1800,0.0027906250000000001,33.636589449960546,2.5499589136193825
1800,0.0027921875,33.63665804999102,2.549958858256038
1800,0.0027937500000000002,33.636726688452121,2.5499588028150093
1800,0.0027953125000000001,33.6367953653439,2.549958747296194
1800,0.0027968750000000003,33.636864080666399,2.5499586916994881
1800,0.0027984375000000001,33.636932834419682,2.5499586360247908
1800,0.0028,33.637001626603819,2.5499585802719982
1800,0.0028015625000000002,33.637070457218861,2.5499585244410081
1800,0.0028031250000000001,33.637139326264858,2.5499584685317163
1800,0.0028046875000000003,33.637208233741859,2.54995841254402
1800,0.0028062500000000002,33.637277179649928,2.5499583564778163
1800,0.0028078125,33.637346163989129,2.5499583003330013
1800,0.0028093750000000002,33.637415186759512,2.5499582441094724
1800,0.0028109375000000001,33.637484247961133,2.5499581878071251
1800,0.0028125000000000003,33.637553347594043,2.5499581314258548
1800,0.0028140625000000002,33.637622485658305,2.5499580749655588
1800,0.002815625,33.637691662153976,2.5499580184261323
1800,0.0028171875000000002,33.637760877081114,2.5499579618074715
1800,0.0028187500000000001,33.637830130439774,2.5499579051094714
1800,0.0028203125000000003,33.637899422230007,2.5499578483320273
1800,0.0028218750000000002,33.637968752451876,2.5499577914750353
1800,0.0028234375,33.638038121105438,2.549957734538391
1800,0.0028250000000000003,33.638107528190751,2.5499576775219883
1800,0.0028265625000000001,33.638176973707871,2.5499576204257228
1800,0.0028281250000000003,33.638246457656862,2.5499575632494889
1800,0.0028296875000000002,33.638315980037781,2.549957505993182
1800,0.00283125,33.638385540850678,2.5499574486566967
1800,0.0028328125000000003,33.638455140095623,2.5499573912399267
1800,0.0028343750000000001,33.638524777772659,2.5499573337427663
1800,0.0028359375000000004,33.638594453881844,2.5499572761651104
1800,0.0028375000000000002,33.638664168423233,2.5499572185068522
1800,0.0028390625,33.638733921396891,2.5499571607678848
1800,0.0028406250000000003,33.638803712802883,2.5499571029481025
1800,0.0028421875000000001,33.63887354264125,2.5499570450473996
1800,0.0028437499999999999,33.638943410912063,2.5499569870656691
1800,0.0028453125000000002,33.639013317615365,2.5499569290028052
1800,0.002846875,33.639083262751221,2.5499568708587006
1800,0.0028484375000000003,33.639153246319694,2.5499568126332472
1800,0.0028500000000000001,33.639223268320841,2.5499567543263386
1800,0.0028515624999999999,33.639293328754711,2.5499566959378672
1800,0.0028531250000000002,33.639363427621362,2.5499566374677265
1800,0.0028546875,33.639433564920864,2.5499565789158085
1800,0.0028562500000000003,33.639503740653268,2.5499565202820058
1800,0.0028578125000000001,33.63957395481863,2.5499564615662105
1800,0.0028593749999999999,33.639644207417007,2.5499564027683146
1800,0.0028609375000000002,33.639714498448463,2.5499563438882102
1800,0.0028625,33.639784827913047,2.5499562849257882
1800,0.0028640625000000003,33.639855195810817,2.5499562258809414
1800,0.0028656250000000001,33.639925602141837,2.5499561667535606
1800,0.0028671874999999999,33.639996046906155,2.5499561075435375
1800,0.0028687500000000002,33.640066530103844,2.5499560482507637
1800,0.0028703125,33.640137051734953,2.54995598887513
1800,0.0028718750000000003,33.640207611799553,2.5499559294165275
1800,0.0028734375000000001,33.640278210297694,2.549955869874847
1800,0.002875,33.640348847229433,2.5499558102499793
1800,0.0028765625000000002,33.640419522594826,2.5499557505418138
1800,0.002878125,33.64049023639393,2.5499556907502416
1800,0.0028796875000000003,33.640560988626817,2.5499556308751532
1800,0.0028812500000000001,33.640631779293543,2.5499555709164379
1800,0.0028828125,33.640702608394164,2.5499555108739869
1800,0.0028843750000000002,33.640773475928739,2.5499554507476896
1800,0.0028859375,33.640844381897331,2.5499553905374359
1800,0.0028875000000000003,33.640915326299982,2.5499553302431148
1800,0.0028890625000000001,33.640986309136764,2.5499552698646162
1800,0.002890625,33.64105733040774,2.5499552094018294
1800,0.0028921875000000002,33.641128390112968,2.5499551488546439
1800,0.0028937500000000001,33.641199488252504,2.5499550882229487
1800,0.0028953125000000003,33.64127062482639,2.5499550275066327
1800,0.0028968750000000001,33.641341799834699,2.5499549667055845
1800,0.0028984375,33.641413013277486,2.5499549058196922
1800,0.0029000000000000002,33.641484265154808,2.5499548448488447
1800,0.0029015625000000001,33.641555555466724,2.5499547837929297
1800,0.0029031250000000003,33.641626884213295,2.5499547226518362
1800,0.0029046875000000002,33.64169825139458,2.5499546614254514
1800,0.00290625,33.641769657010634,2.5499546001136637
1800,0.0029078125000000002,33.641841101061516,2.5499545387163609
1800,0.0029093750000000001,33.641912583547288,2.5499544772334297
1800,0.0029109375000000003,33.641984104468015,2.5499544156647587
1800,0.0029125000000000002,33.642055663823761,2.549954354010235
1800,0.0029140625,33.642127261614583,2.5499542922697458
1800,0.0029156250000000002,33.642198897840537,2.5499542304431788
1800,0.0029171875000000001,33.64227057250168,2.5499541685304208
1800,0.0029187500000000003,33.642342285598069,2.5499541065313571
1800,0.0029203125000000002,33.642414037129775,2.5499540444458746
1800,0.002921875,33.642485827096856,2.5499539822738599
1800,0.0029234375000000003,33.642557655499374,2.5499539200151995
1800,0.0029250000000000001,33.64262952233738,2.5499538576697796
1800,0.0029265625000000003,33.64270142761093,2.5499537952374869
1800,0.0029281250000000002,33.642773371320089,2.5499537327182065
1800,0.0029296875,33.642845353464928,2.5499536701118237
1800,0.0029312500000000003,33.642917374045503,2.5499536074182241
1800,0.0029328125000000001,33.642989433061871,2.5499535446372938
1800,0.0029343750000000004,33.643061530514089,2.5499534817689176
1800,0.0029359375000000002,33.643133666402207,2.5499534188129802
1800,0.0029375,33.643205840726296,2.5499533557693677
1800,0.0029390625000000003,33.643278053486412,2.5499532926379644
1800,0.0029406250000000001,33.643350304682606,2.5499532294186555
1800,0.0029421874999999999,33.643422594314949,2.5499531661113246
1800,0.0029437500000000002,33.643494922383489,2.5499531027158571
1800,0.0029453125,33.643567288888299,2.549953039232137
1800,0.0029468750000000003,33.643639693829435,2.5499529756600485
1800,0.0029484375000000001,33.643712137206968,2.5499529119994748
1800,0.0029499999999999999,33.643784619020948,2.5499528482503004
1800,0.0029515625000000002,33.643857139271439,2.5499527844124095
1800,0.002953125,33.643929697958505,2.5499527204856851
1800,0.0029546875000000003,33.644002295082196,2.5499526564700106
1800,0.0029562500000000001,33.644074930642581,2.5499525923652691
1800,0.0029578124999999999,33.64414760463972,2.5499525281713438
1800,0.0029593750000000002,33.644220317073675,2.5499524638881179
1800,0.0029609375,33.644293067944503,2.5499523995154738
1800,0.0029625000000000003,33.644365857252275,2.5499523350532947
1800,0.0029640625000000001,33.644438684997027,2.5499522705014628
1800,0.0029656249999999999,33.644511551178837,2.5499522058598605
1800,0.0029671875000000002,33.644584455797762,2.5499521411283701
1800,0.00296875,33.644657398853859,2.5499520763068739
1800,0.0029703125000000003,33.644730380347198,2.5499520113952538
1800,0.0029718750000000001,33.644803400277837,2.5499519463933908
1800,0.0029734375,33.644876458645832,2.5499518813011663
1800,0.0029750000000000002,33.644949555451255,2.5499518161184618
1800,0.0029765625,33.645022690694162,2.549951750845159
1800,0.0029781250000000003,33.645095864374611,2.549951685481139
1800,0.0029796875000000001,33.645169076492664,2.5499516200262837
1800,0.00298125,33.645242327048386,2.5499515544804732
1800,0.0029828125000000002,33.645315616041842,2.5499514888435884
1800,0.002984375,33.645388943473094,2.5499514231155094
1800,0.0029859375000000003,33.645462309342193,2.5499513572961168
1800,0.0029875000000000001,33.64553571364921,2.5499512913852906
1800,0.0029890625,33.645609156394194,2.549951225382912
1800,0.0029906250000000002,33.645682637577217,2.5499511592888595
1800,0.0029921875000000001,33.645756157198335,2.5499510931030143
1800,0.0029937500000000003,33.645829715257605,2.549951026825255
1800,0.0029953125000000001,33.645903311755099,2.54995096045546
1800,0.002996875,33.645976946690865,2.5499508939935116
1800,0.0029984375000000002,33.646050620064976,2.5499508274392872
1800,0.0030000000000000001,33.646124331877488,2.5499507607926666
1800,0.0030015625000000003,33.646198082128471,2.5499506940535288
1800,0.0030031250000000002,33.646271870817991,2.5499506272217518
1800,0.0030046875,33.646345697946096,2.5499505602972139
1800,0.0030062500000000002,33.64641956351285,2.5499504932797934
1800,0.0030078125000000001,33.646493467518312,2.54995042616937
1800,0.0030093750000000003,33.64656740996255,2.5499503589658206
1800,0.0030109375000000002,33.646641390845623,2.549950291669024
1800,0.0030125,33.646715410167602,2.5499502242788568
1800,0.0030140625000000002,33.646789467928556,2.5499501567951977
1800,0.0030156250000000001,33.646863564128537,2.5499500892179237
1800,0.0030171875000000003,33.646937698767601,2.5499500215469126
1800,0.0030187500000000002,33.64701187184582,2.5499499537820407
1800,0.0030203125,33.647086083363256,2.5499498859231857
1800,0.0030218750000000003,33.647160333319974,2.5499498179702238
1800,0.0030234375000000001,33.647234621716031,2.5499497499230324
1800,0.0030250000000000003,33.647308948551483,2.5499496817814875
1800,0.0030265625000000002,33.647383313826396,2.5499496135454662
1800,0.003028125,33.647457717540831,2.5499495452148455
1800,0.0030296875000000003,33.647532159694855,2.5499494767895006
1800,0.0030312500000000001,33.647606640288529,2.549949408269307
1800,0.0030328125000000004,33.64768115932192,2.5499493396541415
1800,0.0030343750000000002,33.647755716795075,2.5499492709438787
1800,0.0030359375,33.647830312708066,2.5499492021383952
1800,0.0030375000000000003,33.647904947060951,2.5499491332375666
1800,0.0030390625000000001,33.6479796198538,2.5499490642412672
1800,0.0030406250000000004,33.648054331086676,2.5499489951493723
1800,0.0030421875000000002,33.648129080759645,2.5499489259617572
1800,0.00304375,33.648203868872777,2.5499488566782955
1800,0.0030453125000000003,33.648278695426129,2.5499487872988622
1800,0.0030468750000000001,33.648353560419757,2.5499487178233315
1800,0.0030484374999999999,33.648428463853726,2.5499486482515774
1800,0.0030500000000000002,33.648503405728107,2.549948578583475
1800,0.0030515625,33.648578386042963,2.5499485088188978
1800,0.0030531250000000003,33.648653404798345,2.5499484389577196
1800,0.0030546875000000001,33.648728461994317,2.5499483689998139
1800,0.0030562499999999999,33.648803557630941,2.5499482989450541
1800,0.0030578125000000002,33.64887869170829,2.5499482287933142
1800,0.003059375,33.648953864226435,2.5499481585444665
1800,0.0030609375000000003,33.649029075185425,2.5499480881983834
1800,0.0030625000000000001,33.649104324585316,2.549948017754939
1800,0.0030640624999999999,33.649179612426188,2.5499479472140045
1800,0.0030656250000000002,33.649254938708083,2.5499478765754535
1800,0.0030671875,33.649330303431086,2.5499478058391585
1800,0.0030687500000000003,33.649405706595253,2.5499477350049911
1800,0.0030703125000000001,33.649481148200657,2.5499476640728229
1800,0.003071875,33.64955662824736,2.5499475930425262
1800,0.0030734375000000002,33.649632146735421,2.5499475219139738
1800,0.003075,33.649707703664902,2.5499474506870357
1800,0.0030765625000000003,33.649783299035867,2.5499473793615834
1800,0.0030781250000000001,33.649858932848382,2.5499473079374888
1800,0.0030796875,33.649934605102516,2.5499472364146225
1800,0.0030812500000000002,33.650010315798319,2.5499471647928549
1800,0.0030828125,33.65008606493587,2.5499470930720576
1800,0.0030843750000000003,33.650161852515218,2.5499470212521009
1800,0.0030859375000000001,33.650237678536442,2.5499469493328557
1800,0.0030875,33.650313542999598,2.5499468773141909
1800,0.0030890625000000002,33.650389445904757,2.5499468051959768
1800,0.0030906250000000001,33.650465387251977,2.5499467329780838
1800,0.0030921875000000003,33.650541367041328,2.5499466606603818
1800,0.0030937500000000001,33.650617385272866,2.5499465882427397
1800,0.0030953125,33.650693441946665,2.5499465157250278
1800,0.0030968750000000002,33.650769537062779,2.5499464431071148
1800,0.0030984375000000001,33.650845670621273,2.5499463703888705
1800,0.0031000000000000003,33.650921842622211,2.5499462975701634
1800,0.0031015625000000002,33.650998053065663,2.5499462246508622
1800,0.003103125,33.651074301951695,2.5499461516308353
1800,0.0031046875000000002,33.651150589280363,2.5499460785099517
1800,0.0031062500000000001,33.651226915051737,2.5499460052880787
1800,0.0031078125000000003,33.651303279265889,2.5499459319650843
1800,0.0031093750000000002,33.651379681922869,2.5499458585408372
1800,0.0031109375,33.651456123022761,2.5499457850152059
1800,0.0031125000000000002,33.651532602565624,2.549945711388057
1800,0.0031140625000000001,33.65160912055152,2.5499456376592575
1800,0.0031156250000000003,33.651685676980506,2.549945563828675
1800,0.0031171875000000002,33.651762271852654,2.5499454898961771
1800,0.00311875,33.65183890516802,2.5499454158616301
1800,0.0031203125000000003,33.651915576926683,2.5499453417249009
1800,0.0031218750000000001,33.651992287128706,2.5499452674858567
1800,0.0031234375000000003,33.652069035774147,2.5499451931443642
1800,0.0031250000000000002,33.652145822863076,2.5499451187002902
1800,0.0031265625,33.652222648395558,2.5499450441534992
1800,0.0031281250000000003,33.652299512371656,2.5499449695038576
1800,0.0031296875000000001,33.652376414791433,2.5499448947512313
1800,0.0031312500000000004,33.652453355654963,2.5499448198954857
1800,0.0031328125000000002,33.6525303349623,2.5499447449364863
1800,0.003134375,33.652607352713524,2.549944669874098
1800,0.0031359375000000003,33.652684408908691,2.5499445947081862
1800,0.0031375000000000001,33.652761503547872,2.5499445194386166
1800,0.0031390625000000004,33.652838636631138,2.5499444440652526
1800,0.0031406250000000002,33.652915808158554,2.5499443685879597
1800,0.0031421875,33.652993018130175,2.5499442930066025
1800,0.0031437500000000003,33.653070266546074,2.5499442173210451
1800,0.0031453125000000001,33.65314755340632,2.5499441415311512
1800,0.0031468750000000004,33.653224878710965,2.5499440656367849
1800,0.0031484375000000002,33.653302242460079,2.5499439896378102
1800,0.00315,33.653379644653725,2.5499439135340904
1800,0.0031515625000000003,33.653457085291976,2.5499438373254888
1800,0.0031531250000000001,33.653534564374894,2.5499437610118689
1800,0.0031546874999999999,33.653612081902537,2.5499436845930945
1800,0.0031562500000000002,33.653689637874983,2.5499436080690274
1800,0.0031578125,33.653767232292289,2.5499435314395305
1800,0.0031593750000000003,33.653844865154532,2.5499434547044673
1800,0.0031609375000000001,33.653922536461785,2.5499433778636993
1800,0.0031624999999999999,33.654000246214103,2.5499433009170884
1800,0.0031640625000000002,33.654077994411544,2.5499432238644975
1800,0.003165625,33.654155781054179,2.5499431467057883
1800,0.0031671875000000003,33.654233606142078,2.5499430694408218
1800,0.0031687500000000001,33.654311469675314,2.549942992069461
1800,0.0031703125,33.654389371653949,2.5499429145915662
1800,0.0031718750000000002,33.654467312078054,2.5499428370069985
1800,0.0031734375,33.654545290947702,2.549942759315619
1800,0.0031750000000000003,33.654623308262941,2.5499426815172885
1800,0.0031765625000000001,33.65470136402385,2.5499426036118682
1800,0.003178125,33.654779458230493,2.5499425255992185
1800,0.0031796875000000002,33.654857590882941,2.5499424474791996
1800,0.00318125,33.654935761981264,2.5499423692516707
1800,0.0031828125000000003,33.655013971525513,2.5499422909164919
1800,0.0031843750000000001,33.655092219515765,2.5499422124735238
1800,0.0031859375,33.655170505952086,2.5499421339226251
1800,0.0031875000000000002,33.65524883083453,2.5499420552636569
1800,0.0031890625000000001,33.655327194163178,2.549941976496477
1800,0.0031906250000000003,33.655405595938092,2.5499418976209447
1800,0.0031921875000000001,33.655484036159336,2.5499418186369192
1800,0.00319375,33.655562514826975,2.5499417395442596
1800,0.0031953125000000002,33.65564103194108,2.5499416603428244
1800,0.0031968750000000001,33.655719587501714,2.5499415810324715
1800,0.0031984375000000003,33.655798181508963,2.54994150161306
1800,0.0032000000000000002,33.655876813962891,2.5499414220844474
1800,0.0032015625,33.655955484863561,2.5499413424464916
1800,0.0032031250000000002,33.656034194211031,2.5499412626990501
1800,0.0032046875000000001,33.656112942005379,2.5499411828419807
1800,0.0032062500000000003,33.656191728246675,2.5499411028751409
1800,0.0032078125000000002,33.656270552934991,2.5499410227983876
1800,0.003209375,33.656349416070384,2.5499409426115776
1800,0.0032109375000000002,33.656428317652924,2.5499408623145676
1800,0.0032125000000000001,33.656507257682684,2.5499407819072144
1800,0.0032140625000000003,33.656586236159718,2.5499407013893749
1800,0.0032156250000000002,33.656665253084107,2.5499406207609052
1800,0.0032171875,33.656744308455913,2.5499405400216615
1800,0.0032187500000000003,33.656823402275208,2.5499404591714989
1800,0.0032203125000000001,33.656902534542056,2.5499403782102728
1800,0.0032218750000000003,33.656981705256527,2.5499402971378395
1800,0.0032234375000000002,33.657060914418686,2.549940215954055
1800,0.003225,33.657140162028604,2.5499401346587738
1800,0.0032265625000000003,33.657219448086337,2.5499400532518517
1800,0.0032281250000000001,33.657298772591965,2.5499399717331435
1800,0.0032296875000000004,33.657378135545549,2.549939890102503
1800,0.0032312500000000002,33.657457536947163,2.5499398083597846
1800,0.0032328125,33.657536976796884,2.5499397265048431
1800,0.0032343750000000003,33.657616455094761,2.5499396445375324
1800,0.0032359375000000001,33.657695971840873,2.5499395624577073
1800,0.0032375000000000004,33.657775527035284,2.5499394802652211
1800,0.0032390625000000002,33.657855120678079,2.5499393979599265
1800,0.003240625,33.657934752769322,2.5499393155416774
1800,0.0032421875000000003,33.658014423309069,2.5499392330103268
1800,0.0032437500000000001,33.658094132297393,2.5499391503657276
1800,0.0032453125000000004,33.658173879734356,2.5499390676077329
1800,0.0032468750000000002,33.65825366562003,2.5499389847361957
1800,0.0032484375,33.658333489954494,2.5499389017509682
1800,0.0032500000000000003,33.65841335273781,2.5499388186519023
1800,0.0032515625000000001,33.65849325397005,2.5499387354388507
1800,0.0032531249999999999,33.658573193651264,2.549938652111666
1800,0.0032546875000000002,33.658653171781545,2.5499385686701985
1800,0.00325625,33.658733188360948,2.5499384851143008
1800,0.0032578125000000003,33.658813243389545,2.5499384014438244
1800,0.0032593750000000001,33.658893336867415,2.5499383176586199
1800,0.0032609374999999999,33.658973468794613,2.5499382337585388
1800,0.0032625000000000002,33.659053639171219,2.549938149743431
1800,0.0032640625,33.659133847997303,2.5499380656131478
1800,0.0032656250000000003,33.65921409527293,2.5499379813675405
1800,0.0032671875000000001,33.659294380998169,2.5499378970064583
1800,0.00326875,33.659374705173093,2.5499378125297523
1800,0.0032703125000000002,33.659455067797772,2.5499377279372712
1800,0.003271875,33.659535468872285,2.5499376432288656
1800,0.0032734375000000003,33.659615908396688,2.5499375584043849
1800,0.0032750000000000001,33.659696386371053,2.5499374734636784
1800,0.0032765625,33.659776902795443,2.5499373884065957
1800,0.0032781250000000002,33.659857457669936,2.5499373032329848
1800,0.0032796875000000001,33.659938050994604,2.5499372179426949
1800,0.0032812500000000003,33.660018682769504,2.5499371325355744
1800,0.0032828125000000001,33.660099352994713,2.5499370470114724
1800,0.003284375,33.660180061670303,2.5499369613702365
1800,0.0032859375000000002,33.660260808796345,2.5499368756117149
1800,0.0032875000000000001,33.660341594372902,2.5499367897357557
1800,0.0032890625000000003,33.660422418400053,2.5499367037422069
1800,0.0032906250000000001,33.660503280877862,2.5499366176309155
1800,0.0032921875,33.660584181806399,2.5499365314017286
1800,0.0032937500000000002,33.660665121185737,2.5499364450544935
1800,0.0032953125000000001,33.660746099015938,2.5499363585890578
1800,0.0032968750000000003,33.660827115297081,2.5499362720052674
1800,0.0032984375000000002,33.660908170029238,2.5499361853029692
1800,0.0033,33.660989263212485,2.5499360984820094
1800,0.0033015625000000002,33.661070394846881,2.5499360115422345
1800,0.0033031250000000001,33.66115156493251,2.5499359244834898
1800,0.0033046875000000003,33.661232773469429,2.5499358373056218
1800,0.0033062500000000002,33.661314020457716,2.5499357500084754
1800,0.0033078125,33.661395305897436,2.5499356625918961
1800,0.0033093750000000003,33.661476629788673,2.5499355750557298
1800,0.0033109375000000001,33.661557992131499,2.5499354873998206
1800,0.0033125000000000003,33.661639392925963,2.5499353996240135
1800,0.0033140625000000002,33.661720832172144,2.5499353117281527
1800,0.003315625,33.661802309870104,2.5499352237120831
1800,0.0033171875000000003,33.661883826019924,2.5499351355756499
1800,0.0033187500000000001,33.661965380621673,2.5499350473186966
1800,0.0033203125000000003,33.662046973675423,2.5499349589410674
1800,0.0033218750000000002,33.662128605181245,2.5499348704426055
1800,0.0033234375,33.662210275139209,2.5499347818231546
1800,0.0033250000000000003,33.662291983549387,2.5499346930825584
1800,0.0033265625000000001,33.662373730411844,2.5499346042206592
1800,0.0033281250000000004,33.662455515726656,2.5499345152373003
1800,0.0033296875000000002,33.662537339493909,2.5499344261323236
1800,0.00333125,33.66261920171366,2.5499343369055718
1800,0.0033328125000000003,33.662701102385988,2.5499342475568874
1800,0.0033343750000000001,33.662783041510949,2.5499341580861126
1800,0.0033359375000000004,33.66286501908862,2.5499340684930898
1800,0.0033375000000000002,33.662947035119082,2.5499339787776605
1800,0.0033390625,33.663029089602404,2.5499338889396665
1800,0.0033406250000000003,33.663111182538657,2.5499337989789495
1800,0.0033421875000000001,33.663193313927913,2.5499337088953502
1800,0.0033437500000000004,33.663275483770242,2.5499336186887094
1800,0.0033453125000000002,33.663357692065709,2.5499335283588684
1800,0.003346875,33.663439938814392,2.5499334379056675
1800,0.0033484375000000003,33.663522224016369,2.5499333473289476
1800,0.0033500000000000001,33.663604547671703,2.5499332566285484
1800,0.0033515625000000004,33.663686909780466,2.5499331658043096
1800,0.0033531250000000002,33.663769310342722,2.5499330748560709
1800,0.0033546875,33.663851749358557,2.5499329837836724
1800,0.0033562500000000003,33.663934226828047,2.5499328925869533
1800,0.0033578125000000001,33.664016742751251,2.5499328012657529
1800,0.0033593749999999999,33.664099297128239,2.54993270981991
1800,0.0033609375000000002,33.664181889959096,2.5499326182492639
1800,0.0033625,33.664264521243886,2.5499325265536528
1800,0.0033640625000000003,33.664347190982681,2.5499324347329146
1800,0.0033656250000000001,33.664429899175559,2.5499323427868879
1800,0.0033671875,33.66451264582259,2.5499322507154103
1800,0.0033687500000000002,33.664595430923846,2.5499321585183203
1800,0.0033703125,33.664678254479412,2.549932066195455
1800,0.0033718750000000003,33.664761116489345,2.5499319737466526
1800,0.0033734375000000001,33.664844016953722,2.5499318811717497
1800,0.003375,33.664926955872616,2.5499317884705834
1800,0.0033765625000000002,33.66500993324609,2.5499316956429907
1800,0.0033781250000000001,33.665092949074221,2.5499316026888081
1800,0.0033796875000000003,33.665176003357089,2.5499315096078727
1800,0.0033812500000000001,33.665259096094758,2.5499314164000202
1800,0.0033828125,33.665342227287297,2.5499313230650866
1800,0.0033843750000000002,33.665425396934786,2.5499312296029077
1800,0.0033859375000000001,33.665508605037296,2.5499311360133192
1800,0.0033875000000000003,33.665591851594904,2.5499310422961567
1800,0.0033890625000000001,33.665675136607682,2.5499309484512551
1800,0.003390625,33.665758460075708,2.5499308544784491
1800,0.0033921875000000002,33.665841821999052,2.5499307603775745
1800,0.0033937500000000001,33.66592522237778,2.5499306661484655
1800,0.0033953125000000003,33.666008661211968,2.5499305717909562
1800,0.0033968750000000002,33.666092138501696,2.5499304773048808
1800,0.0033984375,33.666175654247034,2.5499303826900732
1800,0.0034000000000000002,33.666259208448061,2.5499302879463679
1800,0.0034015625000000001,33.666342801104847,2.5499301930735974
1800,0.0034031250000000003,33.666426432217463,2.549930098071596
1800,0.0034046875000000002,33.666510101785981,2.5499300029401968
1800,0.00340625,33.666593809810472,2.5499299076792328
1800,0.0034078125000000003,33.666677556291013,2.5499298122885361
1800,0.0034093750000000001,33.666761341227676,2.5499297167679402
1800,0.0034109375000000003,33.66684516462054,2.5499296211172764
1800,0.0034125000000000002,33.666929026469667,2.5499295253363767
1800,0.0034140625,33.667012926775136,2.5499294294250738
1800,0.0034156250000000003,33.667096865537019,2.5499293333831998
1800,0.0034171875000000001,33.667180842755393,2.549929237210586
1800,0.0034187500000000003,33.667264858430336,2.549929140907063
1800,0.0034203125000000002,33.66734891256192,2.5499290444724627
1800,0.003421875,33.667433005150222,2.5499289479066167
1800,0.0034234375000000003,33.667517136195301,2.549928851209355
1800,0.0034250000000000001,33.667601305697239,2.5499287543805087
1800,0.0034265625000000004,33.66768551365611,2.5499286574199074
1800,0.0034281250000000002,33.667769760072005,2.5499285603273814
1800,0.0034296875,33.667854044944981,2.5499284631027601
1800,0.0034312500000000003,33.667938368275124,2.5499283657458736
1800,0.0034328125000000001,33.668022730062496,2.5499282682565507
1800,0.0034343750000000004,33.66810713030717,2.5499281706346211
1800,0.0034359375000000002,33.668191569009238,2.5499280728799141
1800,0.0034375,33.668276046168756,2.5499279749922583
1800,0.0034390625000000003,33.668360561785811,2.5499278769714828
1800,0.0034406250000000001,33.668445115860472,2.5499277788174166
1800,0.0034421875000000004,33.668529708392811,2.5499276805298878
1800,0.0034437500000000002,33.668614339382906,2.5499275821087237
1800,0.0034453125,33.668699008830835,2.549927483553752
1800,0.0034468750000000003,33.668783716736669,2.5499273848648008
1800,0.0034484375000000001,33.66886846310048,2.5499272860416964
1800,0.0034500000000000004,33.668953247922339,2.549927187084267
1800,0.0034515625000000002,33.669038071202323,2.549927087992339
1800,0.003453125,33.669122932940503,2.5499269887657396
1800,0.0034546875000000003,33.669207833136966,2.5499268894042952
1800,0.0034562500000000001,33.669292771791781,2.5499267899078322
1800,0.0034578125000000004,33.669377748905028,2.5499266902761764
1800,0.0034593750000000002,33.669462764476783,2.5499265905091542
1800,0.0034609375,33.669547818507127,2.5499264906065915
1800,0.0034625000000000003,33.669632910996128,2.5499263905683134
1800,0.0034640625000000001,33.669718041943874,2.5499262903941462
1800,0.003465625,33.669803211350427,2.5499261900839141
1800,0.0034671875000000002,33.669888419215866,2.5499260896374416
1800,0.00346875,33.669973665540269,2.5499259890545543
1800,0.0034703125000000003,33.670058950323707,2.5499258883350753
1800,0.0034718750000000001,33.670144273566251,2.5499257874788297
1800,0.0034734375,33.670229635267987,2.5499256864856412
1800,0.0034750000000000002,33.670315035428978,2.5499255853553335
1800,0.0034765625000000001,33.670400474049309,2.5499254840877299
1800,0.0034781250000000003,33.670485951129052,2.549925382682654
1800,0.0034796875000000001,33.670571466668278,2.5499252811399291
1800,0.00348125,33.670657020667065,2.5499251794593785
1800,0.0034828125000000002,33.670742613125483,2.5499250776408244
1800,0.0034843750000000001,33.670828244043619,2.5499249756840889
1800,0.0034859375000000003,33.67091391342155,2.5499248735889943
1800,0.0034875000000000001,33.670999621259355,2.5499247713553634
1800,0.0034890625,33.671085367557112,2.5499246689830177
1800,0.0034906250000000002,33.671171152314884,2.5499245664717782
1800,0.0034921875000000001,33.671256975532749,2.5499244638214673
1800,0.0034937500000000003,33.671342837210794,2.5499243610319051
1800,0.0034953125000000002,33.671428737349089,2.5499242581029127
1800,0.003496875,33.671514675947705,2.549924155034311
1800,0.0034984375000000002,33.671600653006728,2.5499240518259212
1800,0.0035000000000000001,33.671686668526235,2.5499239484775638
1800,0.0035015625000000003,33.671772722506297,2.5499238449890584
1800,0.0035031250000000002,33.671858814946994,2.5499237413602249
1800,0.0035046875,33.671944945848395,2.5499236375908834
1800,0.0035062500000000003,33.672031115210586,2.549923533680853
1800,0.0035078125000000001,33.672117323033639,2.5499234296299531
1800,0.0035093750000000003,33.672203569317624,2.5499233254380029
1800,0.0035109375000000002,33.672289854062626,2.5499232211048208
1800,0.0035125,33.672376177268724,2.5499231166302252
1800,0.0035140625000000003,33.672462538935982,2.5499230120140344
1800,0.0035156250000000001,33.672548939064484,2.5499229072560659
1800,0.0035171875000000003,33.672635377654316,2.5499228023561384
1800,0.0035187500000000002,33.67272185470555,2.5499226973140701
1800,0.0035203125,33.67280837021827,2.5499225921296782
1800,0.0035218750000000003,33.672894924192541,2.549922486802779
1800,0.0035234375000000001,33.672981516628447,2.5499223813331904
1800,0.0035250000000000004,33.67306814752606,2.5499222757207285
1800,0.0035265625000000002,33.673154816885464,2.5499221699652108
1800,0.003528125,33.673241524706732,2.5499220640664535
1800,0.0035296875000000003,33.673328270989941,2.5499219580242727
1800,0.0035312500000000001,33.67341505573517,2.5499218518384845
1800,0.0035328125000000004,33.673501878942496,2.5499217455089052
1800,0.0035343750000000002,33.67358874061199,2.5499216390353485
1800,0.0035359375,33.673675640743731,2.5499215324176308
1800,0.0035375000000000003,33.673762579337804,2.5499214256555667
1800,0.0035390625000000001,33.673849556394288,2.5499213187489711
1800,0.0035406250000000004,33.673936571913252,2.549921211697658
1800,0.0035421875000000002,33.674023625894783,2.5499211045014425
1800,0.00354375,33.674110718338945,2.5499209971601382
1800,0.0035453125000000003,33.674197849245822,2.5499208896735595
1800,0.0035468750000000001,33.6742850186155,2.5499207820415197
1800,0.0035484375000000004,33.674372226448057,2.5499206742638325
1800,0.0035500000000000002,33.674459472743571,2.5499205663403113
1800,0.0035515625,33.674546757502121,2.5499204582707686
1800,0.0035531250000000003,33.674634080723791,2.5499203500550176
1800,0.0035546875000000001,33.674721442408654,2.5499202416928708
1800,0.0035562500000000004,33.674808842556772,2.5499201331841399
1800,0.0035578125000000002,33.674896281168238,2.549920024528638
1800,0.003559375,33.674983758243123,2.5499199157261758
1800,0.0035609375000000003,33.675071273781512,2.549919806776566
1800,0.0035625000000000001,33.675158827783477,2.549919697679619
1800,0.0035640625,33.675246420249096,2.5499195884351464
1800,0.0035656250000000002,33.675334051178453,2.5499194790429591
1800,0.0035671875,33.675421720571634,2.5499193695028679
1800,0.0035687500000000003,33.675509428428704,2.5499192598146831
1800,0.0035703125000000001,33.67559717474974,2.5499191499782157
1800,0.003571875,33.675684959534827,2.5499190399932754
1800,0.0035734375000000002,33.675772782784037,2.5499189298596714
1800,0.0035750000000000001,33.675860644497455,2.549918819577214
1800,0.0035765625000000003,33.675948544675165,2.5499187091457118
1800,0.0035781250000000001,33.676036483317247,2.5499185985649748
1800,0.0035796875,33.676124460423765,2.5499184878348107
1800,0.0035812500000000002,33.676212475994802,2.5499183769550293
1800,0.0035828125000000001,33.676300530030431,2.5499182659254385
1800,0.0035843750000000003,33.676388622530752,2.5499181547458463
1800,0.0035859375000000001,33.676476753495841,2.5499180434160604
1800,0.0035875,33.67656492292577,2.5499179319358891
1800,0.0035890625000000002,33.676653130820632,2.5499178203051396
1800,0.0035906250000000001,33.676741377180498,2.5499177085236191
1800,0.0035921875000000003,33.676829662005446,2.5499175965911345
1800,0.0035937500000000002,33.676917985295553,2.5499174845074934
1800,0.0035953125,33.677006347050899,2.5499173722725019
1800,0.0035968750000000002,33.677094747271568,2.5499172598859676
1800,0.0035984375000000001,33.677183185957638,2.5499171473476951
1800,0.0036000000000000003,33.677271663109188,2.5499170346574909
1800,0.0036015625000000002,33.677360178726289,2.5499169218151598
1800,0.003603125,33.677448732809033,2.549916808820508
1800,0.0036046875000000003,33.677537325357491,2.5499166956733403
1800,0.0036062500000000001,33.677625956371756,2.549916582373462
1800,0.0036078125000000003,33.677714625851898,2.549916468920677
1800,0.0036093750000000002,33.677803333797989,2.5499163553147901
1800,0.0036109375,33.677892080210121,2.5499162415556054
1800,0.0036125000000000003,33.677980865088365,2.5499161276429265
1800,0.0036140625000000001,33.678069688432807,2.5499160135765586
1800,0.0036156250000000003,33.678158550243523,2.5499158993563036
1800,0.0036171875000000002,33.678247450520601,2.5499157849819651
1800,0.00361875,33.678336389264111,2.5499156704533466
1800,0.0036203125000000003,33.678425366474144,2.5499155557702502
1800,0.0036218750000000001,33.678514382150773,2.5499154409324793
1800,0.0036234375000000004,33.678603436294082,2.5499153259398359
1800,0.0036250000000000002,33.678692528904158,2.5499152107921215
1800,0.0036265625,33.67878165998107,2.5499150954891383
1800,0.0036281250000000003,33.678870829524904,2.5499149800306879
1800,0.0036296875000000001,33.678960037535738,2.5499148644165719
1800,0.0036312500000000004,33.679049284013644,2.5499147486465916
1800,0.0036328125000000002,33.67913856895872,2.5499146327205473
1800,0.003634375,33.679227892371038,2.5499145166382409
1800,0.0036359375000000003,33.679317254250677,2.5499144003994725
1800,0.0036375000000000001,33.67940665459772,2.5499142840040423
1800,0.0036390625000000004,33.679496093412247,2.5499141674517496
1800,0.0036406250000000002,33.679585570694343,2.5499140507423945
1800,0.0036421875,33.679675086444078,2.5499139338757768
1800,0.0036437500000000003,33.679764640661539,2.5499138168516944
1800,0.0036453125000000001,33.679854233346809,2.5499136996699461
1800,0.0036468750000000004,33.679943864499975,2.5499135823303312
1800,0.0036484375000000002,33.680033534121108,2.5499134648326485
1800,0.00365,33.6801232422103,2.5499133471766964
1800,0.0036515625000000003,33.680212988767629,2.5499132293622719
1800,0.0036531250000000001,33.680302773793173,2.5499131113891744
1800,0.0036546875000000004,33.680392597287018,2.5499129932572004
1800,0.0036562500000000002,33.680482459249248,2.5499128749661475
1800,0.0036578125,33.680572359679935,2.5499127565158117
1800,0.0036593750000000003,33.680662298579165,2.5499126379059911
1800,0.0036609375000000001,33.680752275947015,2.5499125191364818
1800,0.0036625000000000004,33.68084229178357,2.5499124002070799
1800,0.0036640625000000002,33.680932346088916,2.5499122811175816
1800,0.003665625,33.681022438863131,2.5499121618677822
1800,0.0036671875000000003,33.681112570106293,2.5499120424574779
1800,0.0036687500000000001,33.681202739818495,2.5499119228864631
1800,0.0036703125,33.681292947999815,2.5499118031545338
1800,0.0036718750000000002,33.68138319465033,2.549911683261485
1800,0.0036734375000000001,33.681473479770119,2.5499115632071105
1800,0.0036750000000000003,33.681563803359261,2.5499114429912049
1800,0.0036765625000000001,33.681654165417839,2.5499113226135623
1800,0.003678125,33.681744565945948,2.5499112020739769
1800,0.0036796875000000002,33.681835004943672,2.5499110813722421
1800,0.0036812500000000001,33.681925482411089,2.5499109605081514
1800,0.0036828125000000003,33.682015998348277,2.5499108394814973
1800,0.0036843750000000001,33.682106552755329,2.5499107182920722
1800,0.0036859375,33.682197145632323,2.5499105969396694
1800,0.0036875000000000002,33.682287776979344,2.5499104754240811
1800,0.0036890625000000001,33.68237844679647,2.5499103537450996
1800,0.0036906250000000003,33.68246915508378,2.5499102319025169
1800,0.0036921875000000002,33.682559901841358,2.5499101098961243
1800,0.00369375,33.682650687069284,2.5499099877257132
1800,0.0036953125000000002,33.682741510767649,2.5499098653910748
1800,0.0036968750000000001,33.682832372936531,2.5499097428919995
1800,0.0036984375000000003,33.682923273576002,2.5499096202282781
1800,0.0037000000000000002,33.683014212686153,2.5499094973997005
1800,0.0037015625,33.683105190267064,2.5499093744060568
1800,0.0037031250000000003,33.683196206318812,2.5499092512471373
1800,0.0037046875000000001,33.683287260841489,2.5499091279227324
1800,0.0037062500000000003,33.683378353835181,2.5499090044326311
1800,0.0037078125000000002,33.683469485299966,2.5499088807766226
1800,0.003709375,33.683560655235929,2.5499087569544949
1800,0.0037109375000000003,33.683651863643156,2.5499086329660372
1800,0.0037125000000000001,33.683743110521725,2.549908508811038
1800,0.0037140625000000003,33.683834395871735,2.5499083844892851
1800,0.0037156250000000002,33.683925719693256,2.5499082600005663
1800,0.0037171875,33.684017081986383,2.5499081353446682
1800,0.0037187500000000003,33.684108482751192,2.5499080105213792
1800,0.0037203125000000001,33.684199921987769,2.549907885530486
1800,0.0037218750000000004,33.684291399696193,2.5499077603717759
1800,0.0037234375000000002,33.684382915876547,2.5499076350450349
1800,0.003725,33.684474470528919,2.5499075095500494
1800,0.0037265625000000003,33.684566063653399,2.5499073838866049
1800,0.0037281250000000001,33.68465769525006,2.5499072580544881
1800,0.0037296875000000004,33.684749365318986,2.5499071320534847
1800,0.0037312500000000002,33.684841073860255,2.5499070058833797
1800,0.0037328125,33.684932820873961,2.5499068795439577
1800,0.0037343750000000003,33.685024606360187,2.5499067530350032
1800,0.0037359375000000001,33.685116430319013,2.5499066263563024
1800,0.0037375000000000004,33.685208292750531,2.5499064995076375
1800,0.0037390625000000002,33.685300193654811,2.5499063724887931
1800,0.003740625,33.685392133031939,2.5499062452995536
1800,0.0037421875000000003,33.685484110882001,2.549906117939702
1800,0.0037437500000000001,33.685576127205081,2.5499059904090213
1800,0.0037453125000000004,33.68566818200128,2.5499058627072952
1800,0.0037468750000000002,33.685760275270674,2.5499057348343066
1800,0.0037484375,33.685852407013343,2.5499056067898365
1800,0.0037500000000000003,33.685944577229364,2.5499054785736677
1800,0.0037515625000000001,33.68603678591883,2.5499053501855817
1800,0.0037531250000000004,33.686129033081833,2.549905221625361
1800,0.0037546875000000002,33.686221318718452,2.5499050928927871
1800,0.00375625,33.686313642828772,2.5499049639876405
1800,0.0037578125000000003,33.686406005412877,2.5499048349097029
1800,0.0037593750000000001,33.686498406470861,2.5499047056587543
1800,0.0037609375000000004,33.686590846002794,2.5499045762345749
1800,0.0037625000000000002,33.686683324008776,2.5499044466369458
1800,0.0037640625,33.686775840488885,2.5499043168656459
1800,0.0037656250000000003,33.686868395443206,2.5499041869204557
1800,0.0037671875000000001,33.686960988871824,2.5499040568011546
1800,0.00376875,33.687053620774826,2.549903926507521
1800,0.0037703125000000002,33.687146291152295,2.5499037960393327
1800,0.0037718750000000001,33.687239000004311,2.5499036653963687
1800,0.0037734375000000003,33.687331747330973,2.5499035345784073
1800,0.0037750000000000001,33.687424533132351,2.5499034035852266
1800,0.0037765625,33.687517357408538,2.5499032724166044
1800,0.0037781250000000002,33.68761022015962,2.5499031410723183
1800,0.0037796875000000001,33.687703121385681,2.5499030095521453
1800,0.0037812500000000003,33.687796061086807,2.549902877855863
1800,0.0037828125000000002,33.687889039263084,2.5499027459832475
1800,0.003784375,33.687982055914595,2.549902613934075
1800,0.0037859375000000002,33.688075111041428,2.5499024817081217
1800,0.0037875000000000001,33.688168204643674,2.5499023493051634
1800,0.0037890625000000003,33.688261336721411,2.5499022167249756
1800,0.0037906250000000002,33.688354507274731,2.5499020839673339
1800,0.0037921875,33.68844771630372,2.5499019510320129
1800,0.0037937500000000002,33.688540963808464,2.549901817918788
1800,0.0037953125000000001,33.688634249789047,2.5499016846274341
1800,0.0037968750000000003,33.688727574245561,2.5499015511577241
1800,0.0037984375000000002,33.688820937178086,2.549901417509433
1800,0.0038,33.688914338586699,2.5499012836823347
1800,0.0038015625000000003,33.689007778471492,2.5499011496762023
1800,0.0038031250000000001,33.689101256832558,2.5499010154908084
1800,0.0038046875000000003,33.689194773669982,2.5499008811259269
1800,0.0038062500000000002,33.689288328983849,2.5499007465813297
1800,0.0038078125,33.689381922774245,2.5499006118567897
1800,0.0038093750000000003,33.689475555041255,2.5499004769520792
1800,0.0038109375000000001,33.689569225784972,2.5499003418669695
1800,0.0038125000000000004,33.689662935005479,2.5499002066012322
1800,0.0038140625000000002,33.689756682702857,2.5499000711546387
1800,0.003815625,33.689850468877204,2.5498999355269598
1800,0.0038171875000000003,33.689944293528598,2.5498997997179664
1800,0.0038187500000000001,33.690038156657131,2.5498996637274289
1800,0.0038203125000000004,33.690132058262883,2.5498995275551182
1800,0.0038218750000000002,33.690225998345944,2.5498993912008037
1800,0.0038234375,33.690319976906402,2.5498992546642554
1800,0.0038250000000000003,33.69041399394434,2.5498991179452428
1800,0.0038265625000000001,33.690508049459851,2.5498989810435346
1800,0.0038281250000000004,33.69060214345302,2.549898843958899
1800,0.0038296875000000002,33.690696275923941,2.5498987066911054
1800,0.00383125,33.69079044687269,2.5498985692399212
1800,0.0038328125000000003,33.690884656299353,2.5498984316051154
1800,0.0038343750000000001,33.690978904204023,2.5498982937864554
1800,0.0038359375000000004,33.691073190586792,2.5498981557837088
1800,0.0038375000000000002,33.691167515447745,2.5498980175966426
1800,0.0038390625,33.691261878786975,2.549897879225024
1800,0.0038406250000000003,33.691356280604559,2.549897740668619
1800,0.0038421875000000001,33.69145072090059,2.5498976019271944
1800,0.0038437500000000004,33.691545199675161,2.5498974630005167
1800,0.0038453125000000002,33.691639716928357,2.5498973238883518
1800,0.003846875,33.691734272660256,2.5498971845904648
1800,0.0038484375000000003,33.691828866870949,2.5498970451066199
1800,0.0038500000000000001,33.691923499560531,2.5498969054365825
1800,0.0038515625000000004,33.692018170729085,2.5498967655801184
1800,0.0038531250000000002,33.692112880376712,2.5498966255369906
1800,0.0038546875,33.692207628503489,2.5498964853069634
1800,0.0038562500000000003,33.692302415109509,2.549896344889802
1800,0.0038578125000000001,33.692397240194857,2.5498962042852691
1800,0.0038593750000000004,33.692492103759619,2.549896063493128
1800,0.0038609375000000002,33.69258700580388,2.5498959225131417
1800,0.0038625,33.692681946327724,2.5498957813450729
1800,0.0038640625000000003,33.692776925331245,2.5498956399886841
1800,0.0038656250000000001,33.692871942814541,2.5498954984437381
1800,0.0038671875000000004,33.692966998777692,2.549895356709996
1800,0.0038687500000000002,33.693062093220782,2.5498952147872203
1800,0.0038703125000000001,33.69315722614391,2.5498950726751715
1800,0.0038718750000000003,33.693252397547163,2.5498949303736107
1800,0.0038734375000000001,33.693347607430624,2.5498947878822995
1800,0.003875,33.693442855794387,2.5498946452009976
1800,0.0038765625000000002,33.693538142638538,2.5498945023294652
1800,0.0038781250000000001,33.693633467963181,2.5498943592674626
1800,0.0038796875000000003,33.693728831768397,2.5498942160147497
1800,0.0038812500000000002,33.693824234054269,2.5498940725710857
1800,0.0038828125,33.69391967482089,2.5498939289362292
1800,0.0038843750000000002,33.694015154068353,2.5498937851099392
1800,0.0038859375000000001,33.694110671796736,2.5498936410919741
1800,0.0038875000000000003,33.694206228006138,2.5498934968820919
1800,0.0038890625000000002,33.694301822696644,2.5498933524800504
1800,0.003890625,33.694397455868341,2.5498932078856074
1800,0.0038921875000000002,33.694493127521326,2.5498930630985206
1800,0.0038937500000000001,33.694588837655679,2.5498929181185472
1800,0.0038953125000000003,33.694684586271485,2.5498927729454435
1800,0.0038968750000000002,33.694780373368836,2.549892627578966
1800,0.0038984375,33.694876198947824,2.5498924820188713
1800,0.0039000000000000003,33.694972063008549,2.5498923362649153
1800,0.0039015625000000001,33.69506796555109,2.5498921903168528
1800,0.0039031250000000003,33.695163906575544,2.5498920441744399
1800,0.0039046875000000002,33.695259886081999,2.5498918978374312
1800,0.00390625,33.695355904070539,2.5498917513055814
1800,0.0039078124999999998,33.695451960541256,2.5498916045786451
1800,0.0039093750000000005,33.695548055494243,2.5498914576563774
1800,0.0039109375000000004,33.695644188929585,2.549891310538531
1800,0.0039125000000000002,33.695740360847388,2.5498911632248604
1800,0.0039140625,33.695836571247739,2.5498910157151191
1800,0.0039156249999999998,33.695932820130707,2.5498908680090588
1800,0.0039171875000000005,33.696029107496393,2.5498907201064327
1800,0.0039187500000000004,33.696125433344896,2.5498905720069933
1800,0.0039203125000000002,33.696221797676309,2.5498904237104933
1800,0.003921875,33.696318200490708,2.5498902752166841
1800,0.0039234374999999998,33.696414641788195,2.5498901265253169
1800,0.0039250000000000005,33.696511121568861,2.5498899776361439
1800,0.0039265625000000004,33.696607639832791,2.5498898285489155
1800,0.0039281250000000002,33.696704196580065,2.5498896792633818
1800,0.0039296875,33.69680079181078,2.5498895297792936
1800,0.0039312499999999998,33.696897425525037,2.5498893800964013
1800,0.0039328125000000005,33.696994097722921,2.5498892302144553
1800,0.0039343750000000004,33.697090808404525,2.5498890801332048
1800,0.0039359375000000002,33.69718755756994,2.5498889298523983
1800,0.0039375,33.697284345219252,2.549888779371785
1800,0.0039390624999999999,33.697381171352554,2.5498886286911135
1800,0.0039406250000000006,33.697478035969944,2.5498884778101321
1800,0.0039421875000000004,33.697574939071494,2.5498883267285888
1800,0.0039437500000000002,33.697671880657303,2.5498881754462315
1800,0.0039453125,33.697768860727464,2.5498880239628074
1800,0.0039468749999999999,33.697865879282077,2.549887872278064
1800,0.0039484375000000006,33.697962936321233,2.549887720391748
1800,0.0039500000000000004,33.69806003184501,2.5498875683036064
1800,0.0039515625000000002,33.698157165853509,2.5498874160133851
1800,0.003953125,33.698254338346821,2.5498872635208296
1800,0.0039546874999999999,33.698351549325047,2.5498871108256864
1800,0.0039562500000000006,33.69844879878827,2.5498869579276997
1800,0.0039578125000000004,33.698546086736577,2.549886804826615
1800,0.0039593750000000002,33.698643413170068,2.549886651522177
1800,0.0039609375,33.69874077808884,2.5498864980141303
1800,0.0039624999999999999,33.698838181492981,2.5498863443022191
1800,0.0039640625000000006,33.698935623382575,2.5498861903861867
1800,0.0039656250000000004,33.699033103757721,2.5498860362657778
1800,0.0039671875000000002,33.699130622618497,2.5498858819407362
1800,0.0039687500000000001,33.699228179965012,2.5498857274108033
1800,0.0039703124999999999,33.699325775797341,2.5498855726757221
1800,0.0039718750000000006,33.699423410115585,2.549885417735235
1800,0.0039734375000000004,33.699521082919844,2.549885262589084
1800,0.0039750000000000002,33.699618794210195,2.549885107237011
1800,0.0039765625000000001,33.699716543986739,2.5498849516787576
1800,0.0039781249999999999,33.699814332249566,2.5498847959140649
1800,0.0039796875000000006,33.699912158998771,2.549884639942674
1800,0.0039812500000000004,33.700010024234437,2.5498844837643242
1800,0.0039828125000000002,33.700107927956665,2.549884327378757
1800,0.0039843750000000001,33.700205870165554,2.5498841707857118
1800,0.0039859374999999999,33.700303850861197,2.5498840139849279
1800,0.0039875000000000006,33.700401870043684,2.5498838569761446
1800,0.0039890625000000004,33.700499927713111,2.5498836997591008
1800,0.0039906250000000002,33.70059802386956,2.5498835423335353
1800,0.0039921875000000001,33.700696158513125,2.5498833846991871
1800,0.0039937499999999999,33.700794331643905,2.549883226855794
1800,0.0039953125000000006,33.700892543261993,2.5498830688030933
1800,0.0039968750000000004,33.700990793367474,2.5498829105408229
1800,0.0039984375000000003,33.701089081960447,2.5498827520687199
1800,0.0040000000000000001,33.701187409041005,2.5498825933865215
1800,0.0040015624999999999,33.701285774609246,2.5498824344939632
1800,0.0040031250000000006,33.701384178665265,2.5498822753907824
1800,0.0040046875000000004,33.701482621209152,2.5498821160767142
1800,0.0040062500000000003,33.701581102240993,2.5498819565514954
1800,0.0040078125000000001,33.701679621760896,2.5498817968148604
1800,0.0040093749999999999,33.701778179768951,2.549881636866544
1800,0.0040109375000000006,33.701876776265252,2.5498814767062807
1800,0.0040125000000000004,33.701975411249883,2.5498813163338059
1800,0.0040140625000000003,33.702074084722945,2.549881155748853
1800,0.0040156250000000001,33.702172796684536,2.5498809949511561
1800,0.0040171874999999999,33.702271547134735,2.5498808339404477
1800,0.0040187500000000006,33.702370336073642,2.549880672716462
1800,0.0040203125000000004,33.702469163501348,2.5498805112789311
1800,0.0040218750000000003,33.702568029417947,2.5498803496275886
1800,0.0040234375000000001,33.702666933823544,2.5498801877621657
1800,0.0040249999999999999,33.702765876718232,2.5498800256823944
1800,0.0040265624999999998,33.702864858102096,2.5498798633880062
1800,0.0040281250000000005,33.702963877975236,2.5498797008787326
1800,0.0040296875000000003,33.703062936337751,2.5498795381543045
1800,0.0040312500000000001,33.703162033189727,2.5498793752144517
1800,0.0040328124999999999,33.703261168531263,2.5498792120589053
1800,0.0040343749999999998,33.703360342362458,2.5498790486873948
1800,0.0040359375000000005,33.703459554683398,2.5498788850996505
1800,0.0040375000000000003,33.703558805494175,2.5498787212954022
1800,0.0040390625000000001,33.703658094794896,2.5498785572743783
1800,0.0040406249999999999,33.703757422585653,2.5498783930363071
1800,0.0040421874999999998,33.703856788866531,2.5498782285809174
1800,0.0040437500000000005,33.703956193637637,2.5498780639079373
1800,0.0040453125000000003,33.704055636899064,2.5498778990170949
1800,0.0040468750000000001,33.704155118650903,2.5498777339081173
1800,0.0040484375,33.704254638893246,2.5498775685807322
1800,0.0040499999999999998,33.704354197626195,2.549877403034666
1800,0.0040515625000000005,33.704453794849833,2.5498772372696448
1800,0.0040531250000000003,33.704553430564253,2.5498770712853949
1800,0.0040546875000000001,33.704653104769562,2.5498769050816419
1800,0.00405625,33.704752817465852,2.5498767386581123
1800,0.0040578124999999998,33.704852568653209,2.5498765720145311
1800,0.0040593750000000005,33.704952358331738,2.549876405150624
1800,0.0040609375000000003,33.70505218650154,2.5498762380661151
1800,0.0040625000000000001,33.705152053162699,2.5498760707607278
1800,0.0040640625,33.705251958315323,2.5498759032341858
1800,0.0040656249999999998,33.705351901959496,2.5498757354862134
1800,0.0040671875000000005,33.705451884095318,2.5498755675165343
1800,0.0040687500000000003,33.705551904722888,2.5498753993248711
1800,0.0040703125000000001,33.705651963842307,2.549875230910946
1800,0.004071875,33.705752061453666,2.5498750622744821
1800,0.0040734374999999998,33.705852197557057,2.5498748934152005
1800,0.0040750000000000005,33.705952372152574,2.549874724332823
1800,0.0040765625000000003,33.706052585240315,2.5498745550270718
1800,0.0040781250000000002,33.70615283682038,2.5498743854976675
1800,0.0040796875,33.706253126892861,2.5498742157443308
1800,0.0040812499999999998,33.706353455457865,2.5498740457667823
1800,0.0040828125000000005,33.706453822515471,2.5498738755647419
1800,0.0040843750000000003,33.706554228065791,2.5498737051379297
1800,0.0040859375000000002,33.706654672108918,2.5498735344860637
1800,0.0040875,33.706755154644938,2.5498733636088629
1800,0.0040890624999999998,33.70685567567395,2.5498731925060474
1800,0.0040906250000000005,33.706956235196046,2.5498730211773353
1800,0.0040921875000000003,33.707056833211333,2.5498728496224445
1800,0.0040937500000000002,33.707157469719903,2.5498726778410932
1800,0.0040953125,33.70725814472187,2.5498725058329983
1800,0.0040968749999999998,33.707358858217312,2.549872333597877
1800,0.0040984375000000005,33.707459610206328,2.549872161135446
1800,0.0041000000000000003,33.707560400689019,2.5498719884454215
1800,0.0041015625000000002,33.707661229665476,2.5498718155275202
1800,0.004103125,33.707762097135806,2.5498716423814578
1800,0.0041046874999999998,33.707863003100094,2.5498714690069497
1800,0.0041062500000000005,33.707963947558447,2.5498712954037108
1800,0.0041078125000000004,33.708064930510957,2.549871121571456
1800,0.0041093750000000002,33.708165951957724,2.5498709475098997
1800,0.0041109375,33.708267011898847,2.5498707732187564
1800,0.0041124999999999998,33.708368110334426,2.5498705986977401
1800,0.0041140625000000005,33.708469247264553,2.5498704239465639
1800,0.0041156250000000004,33.70857042268932,2.5498702489649423
1800,0.0041171875000000002,33.708671636608827,2.5498700737525866
1800,0.00411875,33.708772889023173,2.5498698983092094
1800,0.0041203124999999998,33.708874179932458,2.5498697226345222
1800,0.0041218750000000005,33.708975509336767,2.5498695467282375
1800,0.0041234375000000004,33.709076877236214,2.5498693705900664
1800,0.0041250000000000002,33.709178283630891,2.54986919421972
1800,0.0041265625,33.709279728520897,2.5498690176169099
1800,0.0041281249999999999,33.709381211906333,2.5498688407813463
1800,0.0041296875000000005,33.70948273378729,2.5498686637127395
1800,0.0041312500000000004,33.709584294163875,2.5498684864107992
1800,0.0041328125000000002,33.709685893036188,2.5498683088752352
1800,0.004134375,33.709787530404313,2.5498681311057565
1800,0.0041359374999999999,33.709889206268357,2.5498679531020709
1800,0.0041375000000000006,33.709990920628414,2.5498677748638876
1800,0.0041390625000000004,33.710092673484588,2.5498675963909143
1800,0.0041406250000000002,33.710194464836981,2.5498674176828597
1800,0.0041421875,33.710296294685676,2.5498672387394308
1800,0.0041437499999999999,33.710398163030781,2.5498670595603343
1800,0.0041453125000000006,33.710500069872396,2.5498668801452764
1800,0.0041468750000000004,33.710602015210611,2.5498667004939639
1800,0.0041484375000000002,33.710703999045535,2.5498665206061033
1800,0.00415,33.710806021377266,2.5498663404813993
1800,0.0041515624999999999,33.710908082205904,2.5498661601195578
1800,0.0041531250000000006,33.711010181531542,2.5498659795202845
1800,0.0041546875000000004,33.711112319354285,2.549865798683284
1800,0.0041562500000000002,33.711214495674234,2.5498656176082601
1800,0.0041578125,33.711316710491474,2.5498654362949162
1800,0.0041593749999999999,33.711418963806103,2.5498652547429574
1800,0.0041609375000000006,33.71152125561823,2.5498650729520862
1800,0.0041625000000000004,33.711623585927946,2.5498648909220059
1800,0.0041640625000000002,33.71172595473535,2.5498647086524184
1800,0.0041656250000000001,33.711828362040549,2.5498645261430273
1800,0.0041671874999999999,33.711930807843643,2.549864343393534
1800,0.0041687500000000006,33.712033292144739,2.5498641604036396
1800,0.0041703125000000004,33.712135814943927,2.5498639771730462
1800,0.0041718750000000002,33.712238376241302,2.549863793701455
1800,0.0041734375000000001,33.71234097603697,2.5498636099885665
1800,0.0041749999999999999,33.712443614331022,2.5498634260340802
1800,0.0041765625000000006,33.712546291123566,2.5498632418376959
1800,0.0041781250000000004,33.712649006414694,2.5498630573991141
1800,0.0041796875000000002,33.712751760204512,2.5498628727180335
1800,0.0041812500000000001,33.712854552493113,2.5498626877941533
1800,0.0041828124999999999,33.712957383280603,2.5498625026271711
1800,0.0041843750000000006,33.713060252567075,2.5498623172167849
1800,0.0041859375000000004,33.713163160352629,2.5498621315626933
1800,0.0041875000000000002,33.71326610663737,2.5498619456645932
1800,0.0041890625000000001,33.713369091421399,2.5498617595221824
1800,0.0041906249999999999,33.713472114704821,2.549861573135157
1800,0.0041921875000000006,33.71357517648773,2.5498613865032129
1800,0.0041937500000000004,33.713678276770231,2.5498611996260472
1800,0.0041953125000000003,33.713781415552432,2.5498610125033556
1800,0.0041968750000000001,33.713884592834425,2.5498608251348327
1800,0.0041984374999999999,33.713987808616309,2.5498606375201738
1800,0.0042000000000000006,33.714091062898184,2.5498604496590738
1800,0.0042015625000000004,33.714194355680156,2.5498602615512267
1800,0.0042031250000000003,33.714297686962318,2.549860073196327
1800,0.0042046875000000001,33.714401056744769,2.5498598845940674
1800,0.0042062499999999999,33.714504465027609,2.5498596957441411
1800,0.0042078125000000006,33.714607911810944,2.5498595066462415
1800,0.0042093750000000004,33.714711397094881,2.549859317300061
1800,0.0042109375000000003,33.714814920879526,2.5498591277052922
1800,0.0042125000000000001,33.714918483164972,2.5498589378616265
1800,0.0042140624999999999,33.715022083951318,2.5498587477687549
1800,0.0042156250000000006,33.715125723238678,2.5498585574263686
1800,0.0042171875000000004,33.715229401027138,2.5498583668341581
1800,0.0042187500000000003,33.715333117316796,2.5498581759918153
1800,0.0042203125000000001,33.715436872107759,2.5498579848990288
1800,0.0042218749999999999,33.715540665400134,2.5498577935554891
1800,0.0042234375000000006,33.71564449719402,2.549857601960885
1800,0.0042250000000000005,33.71574836748951,2.549857410114905
1800,0.0042265625000000003,33.715852276286718,2.5498572180172379
1800,0.0042281250000000001,33.715956223585742,2.5498570256675723
1800,0.0042296874999999999,33.716060209386683,2.5498568330655957
1800,0.0042312500000000006,33.716164233689639,2.5498566402109959
1800,0.0042328125000000005,33.716268296494718,2.5498564471034606
1800,0.0042343750000000003,33.716372397802019,2.5498562537426763
1800,0.0042359375000000001,33.716476537611641,2.5498560601283295
1800,0.0042374999999999999,33.716580715923691,2.5498558662601054
1800,0.0042390624999999998,33.716684932738275,2.5498556721376904
1800,0.0042406250000000005,33.716789188055486,2.54985547776077
1800,0.0042421875000000003,33.716893481875424,2.5498552831290286
1800,0.0042437500000000001,33.716997814198194,2.5498550882421513
1800,0.0042453125,33.717102185023897,2.5498548930998224
1800,0.0042468749999999998,33.717206594352639,2.5498546977017256
1800,0.0042484375000000005,33.717311042184527,2.5498545020475452
1800,0.0042500000000000003,33.717415528519652,2.5498543061369636
1800,0.0042515625000000001,33.717520053358122,2.5498541099696639
1800,0.004253125,33.717624616700043,2.5498539135453284
1800,0.0042546874999999998,33.717729218545514,2.5498537168636388
1800,0.0042562500000000005,33.717833858894636,2.5498535199242776
1800,0.0042578125000000003,33.717938537747521,2.5498533227269258
1800,0.0042593750000000001,33.718043255104263,2.5498531252712633
1800,0.0042609375,33.718148010964967,2.5498529275569721
1800,0.0042624999999999998,33.718252805329733,2.5498527295837321
1800,0.0042640625000000005,33.718357638198668,2.5498525313512235
1800,0.0042656250000000003,33.718462509571864,2.5498523328591247
1800,0.0042671875000000001,33.718567419449442,2.5498521341071156
1800,0.00426875,33.718672367831502,2.5498519350948752
1800,0.0042703124999999998,33.718777354718142,2.5498517358220818
1800,0.0042718750000000005,33.71888238010947,2.5498515362884135
1800,0.0042734375000000003,33.718987444005585,2.5498513364935484
1800,0.0042750000000000002,33.719092546406593,2.5498511364371628
1800,0.0042765625,33.719197687312594,2.5498509361189341
1800,0.0042781249999999998,33.719302866723702,2.5498507355385391
1800,0.0042796875000000005,33.719408084640001,2.5498505346956537
1800,0.0042812500000000003,33.719513341061614,2.5498503335899541
1800,0.0042828125000000002,33.719618635988631,2.5498501322211151
1800,0.004284375,33.71972396942116,2.5498499305888123
1800,0.0042859374999999998,33.719829341359308,2.5498497286927204
1800,0.0042875000000000005,33.71993475180318,2.5498495265325132
1800,0.0042890625000000003,33.720040200752884,2.5498493241078646
1800,0.0042906250000000002,33.720145688208518,2.5498491214184487
1800,0.0042921875,33.720251214170183,2.5498489184639381
1800,0.0042937499999999998,33.720356778637985,2.5498487152440061
1800,0.0042953125000000005,33.72046238161203,2.5498485117583254
1800,0.0042968750000000003,33.720568023092412,2.5498483080065673
1800,0.0042984375000000002,33.720673703079243,2.5498481039884031
1800,0.0043,33.720779421572637,2.5498478997035048
1800,0.0043015624999999998,33.720885178572686,2.5498476951515432
1800,0.0043031250000000005,33.720990974079506,2.5498474903321893
1800,0.0043046875000000004,33.721096808093193,2.5498472852451135
1800,0.0043062500000000002,33.721202680613857,2.5498470798899855
1800,0.0043078125,33.721308591641609,2.5498468742664748
1800,0.0043093749999999998,33.721414541176536,2.5498466683742507
1800,0.0043109375000000005,33.721520529218758,2.5498464622129817
1800,0.0043125000000000004,33.721626555768374,2.5498462557823358
1800,0.0043140625000000002,33.721732620825492,2.5498460490819808
1800,0.004315625,33.72183872439021,2.5498458421115839
1800,0.0043171874999999998,33.721944866462636,2.5498456348708127
1800,0.0043187500000000005,33.722051047042882,2.5498454273593345
1800,0.0043203125000000004,33.722157266131042,2.5498452195768149
1800,0.0043218750000000002,33.722263523727236,2.5498450115229203
1800,0.0043234375,33.722369819831556,2.5498448031973155
1800,0.0043249999999999999,33.722476154444109,2.5498445945996679
1800,0.0043265625000000005,33.722582527564995,2.5498443857296409
1800,0.0043281250000000004,33.722688939194327,2.5498441765868987
1800,0.0043296875000000002,33.722795389332212,2.5498439671711055
1800,0.00433125,33.722901877978757,2.5498437574819253
1800,0.0043328124999999999,33.72300840513406,2.5498435475190218
1800,0.0043343750000000006,33.723114970798235,2.5498433372820575
1800,0.0043359375000000004,33.723221574971383,2.5498431267706945
1800,0.0043375000000000002,33.723328217653616,2.5498429159845952
1800,0.0043390625,33.723434898845035,2.5498427049234218
1800,0.0043406249999999999,33.723541618545745,2.5498424935868358
1800,0.0043421875000000006,33.723648376755861,2.5498422819744984
1800,0.0043437500000000004,33.723755173475475,2.5498420700860698
1800,0.0043453125000000002,33.723862008704707,2.5498418579212103
1800,0.004346875,33.723968882443643,2.5498416454795794
1800,0.0043484374999999999,33.724075794692396,2.5498414327608376
1800,0.0043500000000000006,33.724182745451081,2.5498412197646436
1800,0.0043515625000000004,33.724289734719804,2.5498410064906558
1800,0.0043531250000000002,33.724396762498671,2.5498407929385323
1800,0.0043546875000000001,33.724503828787789,2.5498405791079315
1800,0.0043562499999999999,33.724610933587265,2.5498403649985102
1800,0.0043578125000000006,33.724718076897204,2.549840150609926
1800,0.0043593750000000004,33.724825258717715,2.5498399359418351
1800,0.0043609375000000002,33.724932479048903,2.5498397209938939
1800,0.0043625000000000001,33.725039737890867,2.549839505765759
1800,0.0043640624999999999,33.725147035243722,2.5498392902570859
1800,0.0043656250000000006,33.725254371107567,2.5498390744675299
1800,0.0043671875000000004,33.725361745482509,2.5498388583967455
1800,0.0043687500000000002,33.725469158368661,2.5498386420443873
1800,0.0043703125000000001,33.725576609766122,2.5498384254101092
1800,0.0043718749999999999,33.725684099675007,2.5498382084935645
1800,0.0043734375000000006,33.725791628095429,2.5498379912944071
1800,0.0043750000000000004,33.725899195027495,2.549837773812289
1800,0.0043765625000000002,33.726006800471303,2.5498375560468634
1800,0.0043781250000000001,33.726114444426969,2.5498373379977819
1800,0.0043796874999999999,33.726222126894598,2.5498371196646961
1800,0.0043812500000000006,33.726329847874304,2.5498369010472564
1800,0.0043828125000000004,33.726437607366194,2.5498366821451142
1800,0.0043843750000000003,33.726545405370366,2.5498364629579204
1800,0.0043859375000000001,33.726653241886929,2.5498362434853243
1800,0.0043874999999999999,33.726761116915995,2.5498360237269755
1800,0.0043890625000000006,33.726869030457671,2.5498358036825235
1800,0.0043906250000000004,33.726976982512063,2.5498355833516166
1800,0.0043921875000000003,33.727084973079286,2.5498353627339045
1800,0.0043937500000000001,33.727193002159446,2.549835141829035
1800,0.0043953124999999999,33.727301069752642,2.5498349206366555
1800,0.0043968750000000006,33.727409175858988,2.5498346991564129
1800,0.0043984375000000004,33.72751732047859,2.5498344773879538
1800,0.0044000000000000003,33.727625503611556,2.5498342553309254
1800,0.0044015625000000001,33.727733725257991,2.5498340329849731
1800,0.0044031249999999999,33.72784198541801,2.5498338103497429
1800,0.0044046875000000006,33.727950284091719,2.5498335874248803
1800,0.0044062500000000004,33.728058621279217,2.5498333642100302
1800,0.0044078125000000003,33.728166996980633,2.5498331407048367
1800,0.0044093750000000001,33.728275411196073,2.5498329169089438
1800,0.0044109374999999999,33.728383863925643,2.5498326928219948
1800,0.0044125000000000006,33.72849235516945,2.5498324684436335
1800,0.0044140625000000005,33.728600884927609,2.5498322437735026
1800,0.0044156250000000003,33.728709453200217,2.5498320188112444
1800,0.0044171875000000001,33.728818059987383,2.5498317935565007
1800,0.0044187499999999999,33.728926705289226,2.549831568008913
1800,0.0044203125000000006,33.729035389105832,2.5498313421681225
1800,0.0044218750000000005,33.729144111437328,2.5498311160337699
1800,0.0044234375000000003,33.729252872283823,2.5498308896054955
1800,0.0044250000000000001,33.729361671645421,2.5498306628829397
1800,0.0044265624999999999,33.729470509522251,2.5498304358657422
1800,0.0044281250000000006,33.729579385914406,2.5498302085535416
1800,0.0044296875000000005,33.729688300821991,2.5498299809459763
1800,0.0044312500000000003,33.729797254245121,2.5498297530426854
1800,0.0044328125000000001,33.729906246183909,2.5498295248433065
1800,0.0044343749999999999,33.730015276638461,2.5498292963474767
1800,0.0044359375000000006,33.730124345608886,2.5498290675548332
1800,0.0044375000000000005,33.730233453095288,2.5498288384650132
1800,0.0044390625000000003,33.730342599097789,2.5498286090776516
1800,0.0044406250000000001,33.730451783616502,2.5498283793923853
1800,0.0044421875,33.730561006651534,2.5498281494088499
1800,0.0044437499999999998,33.730670268202999,2.5498279191266802
1800,0.0044453125000000005,33.730779568270997,2.5498276885455113
1800,0.0044468750000000003,33.730888906855618,2.5498274576649766
1800,0.0044484375000000001,33.730998283957,2.5498272264847097
1800,0.00445,33.731107699575254,2.5498269950043451
1800,0.0044515624999999998,33.731217153710496,2.5498267632235154
1800,0.0044531250000000005,33.731326646362824,2.5498265311418526
1800,0.0044546875000000003,33.731436177532345,2.5498262987589886
1800,0.0044562500000000001,33.731545747219172,2.5498260660745555
1800,0.0044578125,33.731655355423413,2.5498258330881849
1800,0.0044593749999999998,33.731765002145188,2.5498255997995072
1800,0.0044609375000000005,33.73187468738459,2.5498253662081534
1800,0.0044625000000000003,33.731984411141752,2.5498251323137531
1800,0.0044640625000000001,33.732094173416769,2.5498248981159355
1800,0.004465625,33.732203974209753,2.5498246636143302
1800,0.0044671874999999998,33.732313813520832,2.5498244288085661
1800,0.0044687500000000005,33.7324236913501,2.5498241936982717
1800,0.0044703125000000003,33.732533607697675,2.5498239582830751
1800,0.0044718750000000002,33.732643562563673,2.549823722562603
1800,0.0044734375,33.732753555948214,2.5498234865364822
1800,0.0044749999999999998,33.732863587851391,2.5498232502043399
1800,0.0044765625000000005,33.732973658273323,2.5498230135658022
1800,0.0044781250000000003,33.733083767214126,2.5498227766204948
1800,0.0044796875000000002,33.733193914673912,2.5498225393680438
1800,0.00448125,33.733304100652774,2.5498223018080739
1800,0.0044828124999999998,33.733414325150832,2.5498220639402098
1800,0.0044843750000000005,33.733524588168187,2.5498218257640755
1800,0.0044859375000000003,33.733634889704966,2.5498215872792942
1800,0.0044875000000000002,33.733745229761276,2.5498213484854899
1800,0.0044890625,33.73385560833723,2.5498211093822847
1800,0.0044906249999999998,33.733966025432949,2.549820869969301
1800,0.0044921875000000005,33.73407648104854,2.5498206302461615
1800,0.0044937500000000003,33.734186975184109,2.5498203902124867
1800,0.0044953125000000002,33.734297507839777,2.549820149867899
1800,0.004496875,33.734408079015637,2.5498199092120175
1800,0.0044984374999999998,33.734518688711809,2.549819668244464
1800,0.0045000000000000005,33.734629336928414,2.549819426964858
1800,0.0045015625000000004,33.734740023665573,2.5498191853728183
1800,0.0045031250000000002,33.734850748923385,2.5498189434679652
1800,0.0045046875,33.734961512701965,2.5498187012499161
1800,0.0045062499999999998,33.735072315001418,2.5498184587182893
1800,0.0045078125000000005,33.735183155821865,2.549818215872703
1800,0.0045093750000000004,33.735294035163413,2.5498179727127739
1800,0.0045109375000000002,33.735404953026183,2.5498177292381197
1800,0.0045125,33.735515909410282,2.5498174854483557
1800,0.0045140624999999998,33.735626904315822,2.5498172413430984
1800,0.0045156250000000005,33.735737937742925,2.549816996921964
1800,0.0045171875000000004,33.735849009691698,2.549816752184566
1800,0.0045187500000000002,33.735960120162247,2.5498165071305205
1800,0.0045203125,33.736071269154699,2.5498162617594415
1800,0.0045218749999999999,33.736182456669162,2.5498160160709427
1800,0.0045234375000000005,33.73629368270575,2.5498157700646371
1800,0.0045250000000000004,33.73640494726456,2.5498155237401376
1800,0.0045265625000000002,33.736516250345716,2.5498152770970566
1800,0.004528125,33.736627591949322,2.5498150301350062
1800,0.0045296874999999999,33.7367389720755,2.5498147828535989
1800,0.0045312500000000006,33.736850390724364,2.5498145352524451
1800,0.0045328125000000004,33.736961847896019,2.5498142873311553
1800,0.0045343750000000002,33.737073343590595,2.5498140390893407
1800,0.0045359375,33.737184877808204,2.5498137905266112
1800,0.0045374999999999999,33.737296450548961,2.5498135416425765
1800,0.0045390625000000006,33.737408061812985,2.5498132924368444
1800,0.0045406250000000004,33.737519711600392,2.5498130429090238
1800,0.0045421875000000002,33.737631399911287,2.5498127930587229
1800,0.00454375,33.737743126745784,2.5498125428855496
1800,0.0045453124999999999,33.737854892103989,2.5498122923891109
1800,0.0045468750000000006,33.737966695986024,2.5498120415690138
1800,0.0045484375000000004,33.73807853839201,2.5498117904248647
1800,0.0045500000000000002,33.738190419322052,2.5498115389562694
1800,0.0045515625000000001,33.738302338776279,2.5498112871628331
1800,0.0045531249999999999,33.738414296754797,2.5498110350441614
1800,0.0045546875000000006,33.738526293257706,2.5498107825998586
1800,0.0045562500000000004,33.738638328285141,2.549810529829529
1800,0.0045578125000000002,33.738750401837216,2.5498102767327757
1800,0.0045593750000000001,33.738862513914043,2.549810023309202
1800,0.0045609374999999999,33.73897466451573,2.5498097695584114
1800,0.0045625000000000006,33.739086853642398,2.5498095154800056
1800,0.0045640625000000004,33.73919908129416,2.5498092610735865
1800,0.0045656250000000002,33.739311347471123,2.549809006338756
1800,0.0045671875000000001,33.739423652173414,2.5498087512751151
1800,0.0045687499999999999,33.739535995401155,2.5498084958822642
1800,0.0045703125000000006,33.739648377154445,2.5498082401598032
1800,0.0045718750000000004,33.739760797433398,2.549807984107332
1800,0.0045734375000000002,33.739873256238134,2.5498077277244491
1800,0.0045750000000000001,33.739985753568767,2.5498074710107543
1800,0.0045765624999999999,33.740098289425404,2.5498072139658463
1800,0.0045781250000000006,33.740210863808166,2.5498069565893222
1800,0.0045796875000000004,33.740323476717165,2.5498066988807793
1800,0.0045812500000000003,33.740436128152524,2.5498064408398151
1800,0.0045828125000000001,33.740548818114355,2.5498061824660252
1800,0.0045843749999999999,33.74066154660278,2.5498059237590058
1800,0.0045859375000000006,33.740774313617919,2.5498056647183529
1800,0.0045875000000000004,33.740887119159879,2.5498054053436614
1800,0.0045890625000000003,33.740999963228774,2.5498051456345259
1800,0.0045906250000000001,33.74111284582473,2.5498048855905413
1800,0.0045921874999999999,33.741225766947856,2.5498046252113009
1800,0.0045937500000000006,33.741338726598265,2.5498043644963979
1800,0.0045953125000000004,33.741451724776077,2.549804103445426
1800,0.0045968750000000003,33.74156476148142,2.5498038420579761
1800,0.0045984375000000001,33.741677836714409,2.5498035803336414
1800,0.0045999999999999999,33.741790950475149,2.5498033182720135
1800,0.0046015625000000006,33.741904102763762,2.5498030558726823
1800,0.0046031250000000004,33.742017293580361,2.5498027931352394
1800,0.0046046875000000003,33.742130522925052,2.5498025300592748
1800,0.0046062500000000001,33.742243790797964,2.5498022666443783
1800,0.0046078124999999999,33.742357097199225,2.5498020028901389
1800,0.0046093750000000006,33.742470442128933,2.5498017387961447
1800,0.0046109375000000005,33.742583825587211,2.5498014743619848
1800,0.0046125000000000003,33.742697247574171,2.5498012095872467
1800,0.0046140625000000001,33.742810708089955,2.5498009444715186
1800,0.0046156249999999999,33.742924207134649,2.5498006790143868
1800,0.0046171875000000006,33.743037744708381,2.5498004132154368
1800,0.0046187500000000005,33.743151320811272,2.5498001470742557
1800,0.0046203125000000003,33.743264935443449,2.5497998805904292
1800,0.0046218750000000001,33.743378588605026,2.5497996137635419
1800,0.0046234374999999999,33.74349228029611,2.5497993465931792
1800,0.0046250000000000006,33.743606010516828,2.549799079078924
1800,0.0046265625000000005,33.743719779267281,2.5497988112203593
1800,0.0046281250000000003,33.743833586547588,2.54979854301707
1800,0.0046296875000000001,33.743947432357885,2.549798274468638
1800,0.00463125,33.744061316698286,2.5497980055746456
1800,0.0046328125000000006,33.744175239568904,2.5497977363346749
1800,0.0046343750000000005,33.74428920096986,2.5497974667483065
1800,0.0046359375000000003,33.74440320090126,2.5497971968151223
1800,0.0046375000000000001,33.744517239363226,2.5497969265347025
1800,0.0046390625,33.744631316355871,2.549796655906627
1800,0.0046406250000000007,33.744745431879331,2.5497963849304752
1800,0.0046421875000000005,33.74485958593371,2.5497961136058263
1800,0.0046437500000000003,33.744973778519139,2.5497958419322586
1800,0.0046453125000000001,33.74508800963573,2.5497955699093495
1800,0.004646875,33.745202279283603,2.5497952975366776
1800,0.0046484374999999998,33.745316587462881,2.549795024813819
1800,0.0046500000000000005,33.745430934173676,2.5497947517403508
1800,0.0046515625000000003,33.745545319416102,2.549794478315849
1800,0.0046531250000000001,33.745659743190288,2.5497942045398898
1800,0.0046546875,33.745774205496346,2.5497939304120485
1800,0.0046562499999999998,33.745888706334391,2.5497936559318992
1800,0.0046578125000000005,33.74600324570455,2.549793381099017
1800,0.0046593750000000003,33.746117823606937,2.549793105912975
1800,0.0046609375000000001,33.74623244004168,2.5497928303733466
1800,0.0046625,33.746347095008893,2.5497925544797044
1800,0.0046640624999999998,33.746461788508689,2.5497922782316209
1800,0.0046656250000000005,33.746576520541183,2.5497920016286675
1800,0.0046671875000000003,33.746691291106494,2.5497917246704165
1800,0.0046687500000000002,33.746806100204751,2.5497914473564385
1800,0.0046703125,33.746920947836088,2.549791169686304
1800,0.0046718749999999998,33.747035834000606,2.5497908916595833
1800,0.0046734375000000005,33.747150758698432,2.5497906132758454
1800,0.0046750000000000003,33.747265721929679,2.5497903345346606
1800,0.0046765625000000002,33.747380723694484,2.5497900554355963
1800,0.004678125,33.747495763992944,2.5497897759782204
1800,0.0046796874999999998,33.747610842825196,2.5497894961621013
1800,0.0046812500000000005,33.747725960191353,2.5497892159868054
1800,0.0046828125000000003,33.747841116091536,2.5497889354518994
1800,0.0046843750000000002,33.747956310525858,2.5497886545569495
1800,0.0046859375,33.748071543494447,2.5497883733015216
1800,0.0046874999999999998,33.748186814997432,2.5497880916851803
1800,0.0046890625000000005,33.748302125034918,2.5497878097074906
1800,0.0046906250000000003,33.74841747360702,2.5497875273680171
1800,0.0046921875000000002,33.748532860713873,2.5497872446663226
1800,0.00469375,33.748648286355589,2.5497869616019706
1800,0.0046953124999999998,33.748763750532284,2.5497866781745246
1800,0.0046968750000000005,33.748879253244098,2.5497863943835464
1800,0.0046984375000000004,33.748994794491146,2.549786110228597
1800,0.0047000000000000002,33.749110374273556,2.5497858257092383
1800,0.0047015625,33.749225992591427,2.5497855408250309
1800,0.0047031249999999998,33.749341649444887,2.5497852555755358
1800,0.0047046875000000005,33.749457344834056,2.5497849699603128
1800,0.0047062500000000004,33.749573078759056,2.5497846839789209
1800,0.0047078125000000002,33.749688851220007,2.5497843976309191
1800,0.004709375,33.749804662217038,2.5497841109158657
1800,0.0047109374999999998,33.749920511750275,2.5497838238333181
1800,0.0047125000000000005,33.750036399819827,2.5497835363828343
1800,0.0047140625000000004,33.750152326425813,2.5497832485639709
1800,0.0047156250000000002,33.750268291568354,2.5497829603762838
1800,0.0047171875,33.750384295247578,2.5497826718193299
1800,0.0047187499999999999,33.750500337463599,2.5497823828926642
1800,0.0047203125000000005,33.750616418216545,2.5497820935958417
1800,0.0047218750000000004,33.750732537506536,2.5497818039284166
1800,0.0047234375000000002,33.750848695333687,2.5497815138899425
1800,0.004725,33.750964891698132,2.5497812234799735
1800,0.0047265624999999999,33.751081126599992,2.5497809326980625
1800,0.0047281250000000006,33.751197400039374,2.5497806415437614
1800,0.0047296875000000004,33.751313712016412,2.5497803500166216
1800,0.0047312500000000002,33.751430062531227,2.5497800581161951
1800,0.0047328125,33.751546451583934,2.5497797658420334
1800,0.0047343749999999999,33.751662879174667,2.5497794731936865
1800,0.0047359375000000006,33.751779345303561,2.5497791801707046
1800,0.0047375000000000004,33.751895849970722,2.5497788867726365
1800,0.0047390625000000002,33.752012393176273,2.5497785929990315
1800,0.004740625,33.752128974920332,2.5497782988494375
1800,0.0047421874999999999,33.752245595203021,2.5497780043234037
1800,0.0047437500000000006,33.752362254024462,2.5497777094204772
1800,0.0047453125000000004,33.752478951384774,2.5497774141402045
1800,0.0047468750000000002,33.752595687284085,2.5497771184821323
1800,0.0047484375000000001,33.752712461722524,2.5497768224458062
1800,0.0047499999999999999,33.752829274700218,2.5497765260307714
1800,0.0047515625000000006,33.752946126217282,2.5497762292365738
1800,0.0047531250000000004,33.753063016273849,2.5497759320627575
1800,0.0047546875000000002,33.753179944870027,2.5497756345088662
1800,0.0047562500000000001,33.753296912005943,2.5497753365744438
1800,0.0047578124999999999,33.753413917681719,2.5497750382590327
1800,0.0047593750000000006,33.753530961897482,2.5497747395621757
1800,0.0047609375000000004,33.753648044653346,2.5497744404834153
1800,0.0047625000000000002,33.753765165949432,2.5497741410222923
1800,0.0047640625000000001,33.753882325785867,2.549773841178347
1800,0.0047656249999999999,33.753999524162786,2.5497735409511195
1800,0.0047671875000000006,33.754116761080311,2.5497732403401505
1800,0.0047687500000000004,33.75423403653857,2.5497729393449795
1800,0.0047703125000000002,33.754351350537682,2.5497726379651451
1800,0.0047718750000000001,33.754468703077769,2.5497723362001858
1800,0.0047734374999999999,33.754586094158952,2.5497720340496395
1800,0.0047750000000000006,33.754703523781352,2.5497717315130433
1800,0.0047765625000000004,33.754820991945095,2.549771428589934
1800,0.0047781250000000003,33.754938498650318,2.5497711252798476
1800,0.0047796875000000001,33.75505604389712,2.5497708215823214
1800,0.0047812499999999999,33.755173627685636,2.549770517496889
1800,0.0047828125000000006,33.755291250016001,2.5497702130230864
1800,0.0047843750000000004,33.755408910888328,2.5497699081604468
1800,0.0047859375000000003,33.755526610302738,2.5497696029085044
1800,0.0047875000000000001,33.755644348259374,2.5497692972667934
1800,0.0047890624999999999,33.755762124758355,2.5497689912348451
1800,0.0047906250000000006,33.755879939799797,2.5497686848121925
1800,0.0047921875000000004,33.755997793383841,2.5497683779983658
1800,0.0047937500000000003,33.756115685510601,2.5497680707928962
1800,0.0047953125000000001,33.756233616180197,2.5497677631953151
1800,0.0047968749999999999,33.756351585392757,2.5497674552051532
1800,0.0047984375000000006,33.75646959314841,2.5497671468219396
1800,0.0048000000000000004,33.756587639447261,2.5497668380452039
1800,0.0048015625000000003,33.756705724289446,2.549766528874474
1800,0.0048031250000000001,33.756823847675086,2.5497662193092774
1800,0.0048046874999999999,33.756942009604309,2.5497659093491429
1800,0.0048062500000000006,33.757060210077249,2.5497655989935981
1800,0.0048078125000000005,33.757178449094027,2.5497652882421677
1800,0.0048093750000000003,33.757296726654779,2.5497649770943789
1800,0.0048109375000000001,33.757415042759625,2.5497646655497568
1800,0.0048124999999999999,33.757533397408693,2.5497643536078254
1800,0.0048140625000000006,33.757651790602097,2.5497640412681095
1800,0.0048156250000000005,33.757770222339971,2.5497637285301336
1800,0.0048171875000000003,33.757888692622451,2.5497634153934206
1800,0.0048187500000000001,33.758007201449651,2.549763101857494
1800,0.0048203124999999999,33.758125748821698,2.5497627879218761
1800,0.0048218750000000006,33.758244334738727,2.5497624735860875
1800,0.0048234375000000005,33.758362959200859,2.5497621588496506
1800,0.0048250000000000003,33.758481622208215,2.5497618437120857
1800,0.0048265625000000001,33.758600323760923,2.5497615281729127
1800,0.004828125,33.758719063859118,2.549761212231652
1800,0.0048296875000000006,33.758837842502928,2.5497608958878222
1800,0.0048312500000000005,33.758956659692473,2.5497605791409423
1800,0.0048328125000000003,33.759075515427874,2.5497602619905297
1800,0.0048343750000000001,33.759194409709259,2.5497599444361025
1800,0.0048359375,33.75931334253675,2.5497596264771771
1800,0.0048375000000000007,33.759432313910473,2.5497593081132703
1800,0.0048390625000000005,33.759551323830557,2.5497589893438986
1800,0.0048406250000000003,33.759670372297137,2.5497586701685768
1800,0.0048421875000000001,33.75978945931034,2.5497583505868207
1800,0.00484375,33.759908584870288,2.5497580305981429
1800,0.0048453125000000007,33.760027748977109,2.549757710202059
1800,0.0048468750000000005,33.760146951630922,2.5497573893980809
1800,0.0048484375000000003,33.760266192831864,2.549757068185722
1800,0.0048500000000000001,33.760385472580069,2.5497567465644941
1800,0.0048515625,33.760504790875657,2.5497564245339079
1800,0.0048531249999999998,33.760624147718765,2.5497561020934763
1800,0.0048546875000000005,33.760743543109513,2.5497557792427092
1800,0.0048562500000000003,33.760862977048028,2.5497554559811184
1800,0.0048578125000000002,33.760982449534431,2.5497551323082117
1800,0.004859375,33.761101960568858,2.5497548082234984
1800,0.0048609374999999998,33.761221510151437,2.5497544837264869
1800,0.0048625000000000005,33.761341098282287,2.5497541588166852
1800,0.0048640625000000003,33.761460724961523,2.5497538334936003
1800,0.0048656250000000002,33.761580390189287,2.5497535077567388
1800,0.0048671875,33.761700093965715,2.5497531816056083
1800,0.0048687499999999998,33.761819836290933,2.5497528550397139
1800,0.0048703125000000005,33.761939617165062,2.5497525280585607
1800,0.0048718750000000003,33.762059436588231,2.5497522006616538
1800,0.0048734375000000002,33.762179294560568,2.5497518728484971
1800,0.004875,33.762299191082207,2.5497515446185948
1800,0.0048765624999999998,33.762419126153269,2.5497512159714497
1800,0.0048781250000000005,33.762539099773889,2.5497508869065646
1800,0.0048796875000000003,33.762659111944195,2.5497505574234398
1800,0.0048812500000000002,33.762779162664316,2.5497502275215771
1800,0.0048828125,33.762899251934378,2.5497498972004773
1800,0.0048843749999999998,33.76301937975451,2.5497495664596408
1800,0.0048859375000000005,33.76313954612484,2.5497492352985671
1800,0.0048875000000000004,33.763259751045489,2.5497489037167562
1800,0.0048890625000000002,33.763379994516605,2.5497485717137063
1800,0.004890625,33.763500276538323,2.5497482392889159
1800,0.0048921874999999998,33.763620597110751,2.5497479064418829
1800,0.0048937500000000005,33.763740956234038,2.5497475731721049
1800,0.0048953125000000004,33.763861353908304,2.5497472394790774
1800,0.0048968750000000002,33.763981790133677,2.5497469053622965
1800,0.0048984375,33.764102264910285,2.5497465708212568
1800,0.0048999999999999998,33.764222778238256,2.5497462358554532
1800,0.0049015625000000005,33.764343330117711,2.5497459004643805
1800,0.0049031250000000004,33.764463920548785,2.5497455646475324
1800,0.0049046875000000002,33.764584549531605,2.5497452284044022
1800,0.00490625,33.764705217066314,2.5497448917344823
1800,0.0049078124999999998,33.76482592315304,2.549744554637265
1800,0.0049093750000000005,33.764946667791911,2.5497442171122411
1800,0.0049109375000000004,33.765067450983047,2.549743879158902
1800,0.0049125000000000002,33.765188272726597,2.5497435407767388
1800,0.0049140625,33.765309133022683,2.54974320196524
1800,0.0049156249999999999,33.765430031871425,2.5497428627238952
1800,0.0049171875000000006,33.765550969272965,2.5497425230521928
1800,0.0049187500000000004,33.765671945227446,2.5497421829496223
1800,0.0049203125000000002,33.765792959734974,2.5497418424156701
1800,0.004921875,33.765914012795676,2.5497415014498235
1800,0.0049234374999999999,33.766035104409696,2.5497411600515694
1800,0.0049250000000000006,33.766156234577153,2.549740818220394
1800,0.0049265625000000004,33.766277403298176,2.5497404759557818
1800,0.0049281250000000002,33.766398610572914,2.5497401332572176
1800,0.0049296875,33.766519856401501,2.5497397901241854
1800,0.0049312499999999999,33.766641140784053,2.5497394465561687
1800,0.0049328125000000006,33.76676246372071,2.5497391025526506
1800,0.0049343750000000004,33.7668838252116,2.5497387581131137
1800,0.0049359375000000002,33.76700522525686,2.5497384132370402
1800,0.0049375,33.767126663856608,2.5497380679239114
1800,0.0049390624999999999,33.767248141010988,2.5497377221732087
1800,0.0049406250000000006,33.76736965672012,2.5497373759844124
1800,0.0049421875000000004,33.76749121098414,2.5497370293570016
1800,0.0049437500000000002,33.767612803803175,2.5497366822904559
1800,0.0049453125000000001,33.767734435177353,2.5497363347842543
1800,0.0049468749999999999,33.767856105106816,2.5497359868378737
1800,0.0049484375000000006,33.767977813591692,2.5497356384507923
1800,0.0049500000000000004,33.768099560632109,2.5497352896224874
1800,0.0049515625000000002,33.768221346228209,2.5497349403524354
1800,0.0049531250000000001,33.768343170380113,2.5497345906401114
1800,0.0049546874999999999,33.768465033087956,2.5497342404849901
1800,0.0049562500000000006,33.768586934351873,2.5497338898865456
1800,0.0049578125000000004,33.768708874171992,2.5497335388442526
1800,0.0049593750000000002,33.768830852548447,2.5497331873575848
1800,0.0049609375000000001,33.768952869481367,2.5497328354260143
1800,0.0049624999999999999,33.769074924970887,2.5497324830490133
1800,0.0049640625000000006,33.769197019017149,2.549732130226054
1800,0.0049656250000000004,33.76931915162028,2.549731776956607
1800,0.0049671875000000002,33.769441322780416,2.5497314232401433
1800,0.0049687500000000001,33.769563532497692,2.5497310690761323
1800,0.0049703124999999999,33.769685780772228,2.5497307144640451
1800,0.0049718750000000006,33.76980806760416,2.5497303594033505
1800,0.0049734375000000004,33.769930392993622,2.5497300038935151
1800,0.0049750000000000003,33.770052756940757,2.5497296479340075
1800,0.0049765625000000001,33.770175159445685,2.5497292915242937
1800,0.0049781249999999999,33.770297600508535,2.549728934663841
1800,0.0049796875000000006,33.770420080129455,2.549728577352115
1800,0.0049812500000000004,33.770542598308573,2.5497282195885811
1800,0.0049828125000000003,33.770665155046011,2.549727861372705
1800,0.0049843750000000001,33.77078775034191,2.5497275027039499
1800,0.0049859374999999999,33.770910384196412,2.549727143581781
1800,0.0049875000000000006,33.771033056609646,2.5497267840056597
1800,0.0049890625000000004,33.771155767581746,2.5497264239750481
1800,0.0049906250000000003,33.771278517112847,2.5497260634894086
1800,0.0049921875000000001,33.771401305203085,2.5497257025482027
1800,0.0049937499999999999,33.77152413185258,2.5497253411508911
1800,0.0049953125000000006,33.771646997061474,2.549724979296935
1800,0.0049968750000000004,33.771769900829902,2.5497246169857921
1800,0.0049984375000000003,33.771892843158,2.5497242542169221
1800,0.0050000000000000001,33.772015824045901,2.5497238909897835
1800,0.0050015624999999999,33.772138843493735,2.5497235273038332
1800,0.0050031250000000006,33.772261901501643,2.5497231631585291
1800,0.0050046875000000005,33.772384998069754,2.549722798553328
1800,0.0050062500000000003,33.772508133198201,2.5497224334876858
1800,0.0050078125000000001,33.772631306887128,2.5497220679610568
1800,0.0050093749999999999,33.772754519136669,2.549721701972897
1800,0.0050109375000000006,33.772877769946945,2.5497213355226602
1800,0.0050125000000000005,33.773001059318098,2.5497209686098001
1800,0.0050140625000000003,33.77312438725027,2.5497206012337692
1800,0.0050156250000000001,33.773247753743583,2.5497202333940199
1800,0.0050171874999999999,33.77337115879817,2.5497198650900046
1800,0.0050187500000000006,33.773494602414182,2.549719496321174
1800,0.0050203125000000005,33.773618084591732,2.5497191270869792
1800,0.0050218750000000003,33.773741605330962,2.5497187573868705
1800,0.0050234375000000001,33.773865164632014,2.5497183872202962
1800,0.005025,33.77398876249503,2.5497180165867057
1800,0.0050265625000000006,33.774112398920138,2.5497176454855475
1800,0.0050281250000000005,33.774236073907474,2.549717273916269
1800,0.0050296875000000003,33.774359787457179,2.5497169018783175
1800,0.0050312500000000001,33.774483539569388,2.5497165293711399
1800,0.0050328125,33.774607330244223,2.5497161563941821
1800,0.0050343750000000007,33.774731159481824,2.5497157829468895
1800,0.0050359375000000005,33.774855027282342,2.5497154090287064
1800,0.0050375000000000003,33.774978933645897,2.5497150346390769
1800,0.0050390625000000001,33.775102878572639,2.5497146597774449
1800,0.005040625,33.775226862062688,2.5497142844432523
1800,0.0050421875000000007,33.775350884116186,2.5497139086359417
1800,0.0050437500000000005,33.775474944733261,2.5497135323549545
1800,0.0050453125000000003,33.775599043914049,2.5497131555997319
1800,0.0050468750000000001,33.775723181658691,2.5497127783697144
1800,0.0050484375,33.775847357967336,2.5497124006643412
1800,0.0050500000000000007,33.775971572840113,2.5497120224830527
1800,0.0050515625000000005,33.776095826277157,2.5497116438252871
1800,0.0050531250000000003,33.776220118278601,2.5497112646904814
1800,0.0050546875000000002,33.776344448844583,2.5497108850780736
1800,0.00505625,33.776468817975243,2.5497105049875004
1800,0.0050578125000000007,33.776593225670716,2.5497101244181994
1800,0.0050593750000000005,33.776717671931145,2.5497097433696059
1800,0.0050609375000000003,33.776842156756665,2.5497093618411544
1800,0.0050625000000000002,33.776966680147403,2.5497089798322792
1800,0.0050640625,33.777091242103502,2.5497085973424145
1800,0.0050656249999999998,33.777215842625111,2.5497082143709924
1800,0.0050671875000000005,33.777340481712351,2.5497078309174461
1800,0.0050687500000000003,33.777465159365363,2.5497074469812078
1800,0.0050703125000000002,33.77758987558429,2.5497070625617084
1800,0.005071875,33.777714630369267,2.5497066776583792
1800,0.0050734374999999998,33.77783942372043,2.5497062922706499
1800,0.0050750000000000005,33.777964255637926,2.5497059063979499
1800,0.0050765625000000003,33.778089126121884,2.5497055200397076
1800,0.0050781250000000002,33.778214035172439,2.549705133195352
1800,0.0050796875,33.778338982789727,2.5497047458643101
1800,0.0050812499999999998,33.778463968973881,2.5497043580460099
1800,0.0050828125000000005,33.778588993725052,2.5497039697398778
1800,0.0050843750000000004,33.778714057043366,2.5497035809453386
1800,0.0050859375000000002,33.778839158928967,2.5497031916618185
1800,0.0050875,33.778964299382004,2.5497028018887411
1800,0.0050890624999999998,33.779089478402611,2.5497024116255305
1800,0.0050906250000000005,33.779214695990923,2.5497020208716092
1800,0.0050921875000000004,33.779339952147076,2.5497016296264006
1800,0.0050937500000000002,33.779465246871204,2.5497012378893271
1800,0.0050953125,33.77959058016345,2.5497008456598107
1800,0.0050968749999999998,33.779715952023949,2.5497004529372718
1800,0.0050984375000000005,33.779841362452842,2.5497000597211299
1800,0.0051000000000000004,33.779966811450272,2.5496996660108056
1800,0.0051015625000000002,33.780092299016381,2.5496992718057174
1800,0.005103125,33.780217825151304,2.5496988771052838
1800,0.0051046874999999999,33.78034338985519,2.5496984819089219
1800,0.0051062500000000005,33.78046899312816,2.5496980862160488
1800,0.0051078125000000004,33.780594634970356,2.5496976900260808
1800,0.0051093750000000002,33.780720315381927,2.5496972933384336
1800,0.0051109375,33.780846034363002,2.5496968961525228
1800,0.0051124999999999999,33.780971791913721,2.549696498467763
1800,0.0051140625000000006,33.781097588034243,2.5496961002835676
1800,0.0051156250000000004,33.7812234227247,2.54969570159935
1800,0.0051171875000000002,33.781349295985216,2.549695302414523
1800,0.00511875,33.78147520781593,2.5496949027284987
1800,0.0051203124999999999,33.781601158216986,2.5496945025406883
1800,0.0051218750000000006,33.781727147188519,2.5496941018505033
1800,0.0051234375000000004,33.781853174730671,2.549693700657353
1800,0.0051250000000000002,33.781979240843583,2.5496932989606473
1800,0.0051265625,33.782105345527405,2.5496928967597947
1800,0.0051281249999999999,33.782231488782273,2.5496924940542041
1800,0.0051296875000000006,33.782357670608327,2.5496920908432825
1800,0.0051312500000000004,33.782483891005711,2.5496916871264368
1800,0.0051328125000000002,33.782610149974566,2.5496912829030731
1800,0.005134375,33.782736447515013,2.5496908781725973
1800,0.0051359374999999999,33.782862783627202,2.5496904729344143
1800,0.0051375000000000006,33.782989158311274,2.5496900671879281
1800,0.0051390625000000004,33.783115571567372,2.5496896609325432
1800,0.0051406250000000002,33.783242023395637,2.5496892541676623
1800,0.0051421875000000001,33.783368513796205,2.5496888468926877
1800,0.0051437499999999999,33.783495042769225,2.5496884391070216
1800,0.0051453125000000006,33.783621610314832,2.5496880308100649
1800,0.0051468750000000004,33.78374821643316,2.5496876220012181
1800,0.0051484375000000002,33.783874861124367,2.5496872126798822
1800,0.0051500000000000001,33.784001544388595,2.5496868028454558
1800,0.0051515624999999999,33.78412826622597,2.5496863924973368
1800,0.0051531250000000006,33.78425502663665,2.5496859816349238
1800,0.0051546875000000004,33.78438182562077,2.5496855702576151
1800,0.0051562500000000002,33.784508663178471,2.5496851583648064
1800,0.0051578125000000001,33.784635539309882,2.5496847459558936
1800,0.0051593749999999999,33.784762454015151,2.5496843330302732
1800,0.0051609375000000006,33.784889407294422,2.5496839195873382
1800,0.0051625000000000004,33.785016399147835,2.5496835056264837
1800,0.0051640625000000002,33.785143429575534,2.5496830911471027
1800,0.0051656250000000001,33.785270498577667,2.5496826761485889
1800,0.0051671874999999999,33.785397606154383,2.549682260630334
1800,0.0051687500000000006,33.785524752305818,2.5496818445917291
1800,0.0051703125000000004,33.785651937032107,2.5496814280321654
1800,0.0051718750000000003,33.785779160333384,2.5496810109510331
1800,0.0051734375000000001,33.785906422209798,2.5496805933477207
1800,0.0051749999999999999,33.786033722661493,2.5496801752216181
1800,0.0051765625000000006,33.786161061688617,2.5496797565721132
1800,0.0051781250000000004,33.786288439291312,2.5496793373985942
1800,0.0051796875000000003,33.786415855469706,2.5496789177004477
1800,0.0051812500000000001,33.786543310223948,2.5496784974770605
1800,0.0051828124999999999,33.786670803554188,2.5496780767278167
1800,0.0051843750000000006,33.786798335460567,2.5496776554521023
1800,0.0051859375000000004,33.786925905943235,2.5496772336493008
1800,0.0051875000000000003,33.787053515002327,2.5496768113187969
1800,0.0051890625000000001,33.787181162637999,2.5496763884599729
1800,0.0051906249999999999,33.787308848850373,2.5496759650722121
1800,0.0051921875000000006,33.787436573639596,2.5496755411548948
1800,0.0051937500000000004,33.787564337005819,2.5496751167074025
1800,0.0051953125000000003,33.787692138949176,2.5496746917291158
1800,0.0051968750000000001,33.787819979469816,2.5496742662194136
1800,0.0051984374999999999,33.787947858567875,2.5496738401776753
1800,0.0052000000000000006,33.788075776243502,2.5496734136032786
1800,0.0052015625000000005,33.788203732496846,2.5496729864956027
1800,0.0052031250000000003,33.788331727328035,2.5496725588540232
1800,0.0052046875000000001,33.788459760737226,2.5496721306779171
1800,0.0052062499999999999,33.788587832724559,2.5496717019666608
1800,0.0052078125000000006,33.788715943290185,2.5496712727196278
1800,0.0052093750000000005,33.788844092434246,2.5496708429361932
1800,0.0052109375000000003,33.788972280156891,2.5496704126157312
1800,0.0052125000000000001,33.789100506458261,2.5496699817576136
1800,0.0052140624999999999,33.789228771338486,2.5496695503612137
1800,0.0052156250000000006,33.789357074797721,2.549669118425903
1800,0.0052171875000000005,33.789485416836101,2.5496686859510529
1800,0.0052187500000000003,33.789613797453782,2.5496682529360331
1800,0.0052203125000000001,33.7897422166509,2.5496678193802147
1800,0.005221875,33.789870674427604,2.5496673852829645
1800,0.0052234375000000006,33.789999170784043,2.5496669506436516
1800,0.0052250000000000005,33.790127705720366,2.5496665154616434
1800,0.0052265625000000003,33.790256279236715,2.5496660797363071
1800,0.0052281250000000001,33.79038489133324,2.5496656434670095
1800,0.0052296875,33.790513542010082,2.5496652066531165
1800,0.0052312500000000007,33.790642231267377,2.549664769293992
1800,0.0052328125000000005,33.790770959105274,2.5496643313889997
1800,0.0052343750000000003,33.790899725523921,2.5496638929375042
1800,0.0052359375000000001,33.791028530523462,2.5496634539388685
1800,0.0052375,33.791157374104031,2.5496630143924555
1800,0.0052390625000000007,33.791286256265792,2.549662574297626
1800,0.0052406250000000005,33.791415177008879,2.5496621336537411
1800,0.0052421875000000003,33.791544136333435,2.5496616924601612
1800,0.0052437500000000001,33.791673134239609,2.5496612507162446
1800,0.0052453125,33.791802170727557,2.5496608084213515
1800,0.0052468750000000007,33.791931245797421,2.5496603655748391
1800,0.0052484375000000005,33.792060359449344,2.5496599221760654
1800,0.0052500000000000003,33.792189511683475,2.5496594782243873
1800,0.0052515625000000002,33.792318702499955,2.5496590337191605
1800,0.005253125,33.792447931898934,2.5496585886597409
1800,0.0052546875000000007,33.792577199880554,2.5496581430454826
1800,0.0052562500000000005,33.792706506444958,2.5496576968757401
1800,0.0052578125000000003,33.792835851592308,2.5496572501498673
1800,0.0052593750000000002,33.79296523532274,2.5496568028672155
1800,0.0052609375,33.793094657636402,2.5496563550271376
1800,0.0052625000000000007,33.793224118533445,2.5496559066289843
1800,0.0052640625000000005,33.793353618014009,2.5496554576721069
1800,0.0052656250000000003,33.793483156078238,2.5496550081558556
1800,0.0052671875000000002,33.793612732726288,2.5496545580795789
1800,0.00526875,33.7937423479583,2.5496541074426244
1800,0.0052703124999999998,33.793872001774425,2.5496536562443421
1800,0.0052718750000000005,33.794001694174817,2.5496532044840787
1800,0.0052734375000000003,33.79413142515962,2.54965275216118
1800,0.0052750000000000002,33.794261194728975,2.5496522992749919
1800,0.0052765625,33.794391002883017,2.5496518458248585
1800,0.0052781249999999998,33.794520849621911,2.5496513918101256
1800,0.0052796875000000005,33.794650734945805,2.5496509372301368
1800,0.0052812500000000004,33.794780658854833,2.5496504820842354
1800,0.0052828125000000002,33.794910621349146,2.5496500263717623
1800,0.005284375,33.7950406224289,2.5496495700920594
1800,0.0052859374999999998,33.795170662094243,2.5496491132444676
1800,0.0052875000000000005,33.795300740345319,2.5496486558283276
1800,0.0052890625000000004,33.795430857182268,2.5496481978429784
1800,0.0052906250000000002,33.795561012605248,2.5496477392877592
1800,0.0052921875,33.795691206614407,2.5496472801620085
1800,0.0052937499999999998,33.795821439209888,2.5496468204650626
1800,0.0052953125000000005,33.795951710391833,2.5496463601962596
1800,0.0052968750000000004,33.796082020160398,2.5496458993549358
1800,0.0052984375000000002,33.796212368515732,2.5496454379404256
1800,0.0053,33.796342755457978,2.5496449759520634
1800,0.0053015624999999999,33.796473180987292,2.5496445133891825
1800,0.0053031250000000005,33.796603645103815,2.5496440502511164
1800,0.0053046875000000004,33.79673414780769,2.549643586537198
1800,0.0053062500000000002,33.796864689099081,2.5496431222467595
1800,0.0053078125,33.796995268978137,2.5496426573791315
1800,0.0053093749999999999,33.797125887444999,2.5496421919336436
1800,0.0053109375000000006,33.797256544499824,2.5496417259096256
1800,0.0053125000000000004,33.797387240142754,2.5496412593064064
1800,0.0053140625000000002,33.797517974373953,2.5496407921233155
1800,0.005315625,33.797648747193563,2.5496403243596788
1800,0.0053171874999999999,33.797779558601732,2.5496398560148239
1800,0.0053187500000000006,33.797910408598604,2.5496393870880771
1800,0.0053203125000000004,33.798041297184334,2.5496389175787639
1800,0.0053218750000000002,33.798172224359071,2.5496384474862084
1800,0.0053234375,33.798303190122965,2.5496379768097346
1800,0.0053249999999999999,33.798434194476165,2.5496375055486653
1800,0.0053265625000000006,33.798565237418813,2.5496370337023246
1800,0.0053281250000000004,33.798696318951073,2.5496365612700327
1800,0.0053296875000000002,33.798827439073072,2.5496360882511113
1800,0.0053312500000000001,33.798958597784967,2.5496356146448811
1800,0.0053328124999999999,33.799089795086914,2.5496351404506621
1800,0.0053343750000000006,33.799221030979069,2.5496346656677726
1800,0.0053359375000000004,33.799352305461582,2.5496341902955302
1800,0.0053375000000000002,33.799483618534587,2.5496337143332526
1800,0.0053390625000000001,33.799614970198249,2.5496332377802569
1800,0.0053406249999999999,33.799746360452716,2.5496327606358586
1800,0.0053421875000000006,33.799877789298137,2.5496322828993732
1800,0.0053437500000000004,33.800009256734654,2.5496318045701161
1800,0.0053453125000000002,33.800140762762432,2.5496313256473999
1800,0.0053468750000000001,33.800272307381626,2.549630846130539
1800,0.0053484374999999999,33.800403890592371,2.549630366018846
1800,0.0053500000000000006,33.800535512394831,2.5496298853116315
1800,0.0053515625000000004,33.800667172789154,2.5496294040082073
1800,0.0053531250000000002,33.800798871775491,2.5496289221078836
1800,0.0053546875000000001,33.800930609353991,2.54962843960997
1800,0.0053562499999999999,33.801062385524794,2.5496279565137754
1800,0.0053578125000000006,33.801194200288059,2.549627472818607
1800,0.0053593750000000004,33.80132605364394,2.5496269885237721
1800,0.0053609375000000003,33.801457945592588,2.5496265036285775
1800,0.0053625000000000001,33.801589876134159,2.5496260181323289
1800,0.0053640624999999999,33.801721845268801,2.549625532034332
1800,0.0053656250000000006,33.801853852996665,2.5496250453338911
1800,0.0053671875000000004,33.801985899317906,2.5496245580303101
1800,0.0053687500000000003,33.802117984232673,2.5496240701228916
1800,0.0053703125000000001,33.802250107741123,2.5496235816109381
1800,0.0053718749999999999,33.802382269843399,2.5496230924937504
1800,0.0053734375000000006,33.802514470539656,2.5496226027706306
1800,0.0053750000000000004,33.802646709830043,2.5496221124408778
1800,0.0053765625000000003,33.802778987714717,2.5496216215037917
1800,0.0053781250000000001,33.80291130419382,2.5496211299586702
1800,0.0053796874999999999,33.803043659267516,2.5496206378048107
1800,0.0053812500000000006,33.80317605293596,2.5496201450415108
1800,0.0053828125000000004,33.803308485199295,2.5496196516680678
1800,0.0053843750000000003,33.803440956057678,2.5496191576837761
1800,0.0053859375000000001,33.803573465511271,2.5496186630879301
1800,0.0053874999999999999,33.803706013560216,2.5496181678798244
1800,0.0053890625000000006,33.803838600204671,2.5496176720587531
1800,0.0053906250000000005,33.803971225444783,2.5496171756240087
1800,0.0053921875000000003,33.804103889280718,2.5496166785748828
1800,0.0053937500000000001,33.80423659171263,2.5496161809106659
1800,0.0053953124999999999,33.804369332740663,2.5496156826306491
1800,0.0053968750000000006,33.804502112364972,2.5496151837341223
1800,0.0053984375000000005,33.804634930585699,2.5496146842203742
1800,0.0054000000000000003,33.804767787403001,2.5496141840886928
1800,0.0054015625000000001,33.804900682817035,2.5496136833383654
1800,0.0054031249999999999,33.805033616827963,2.5496131819686783
1800,0.0054046875000000006,33.805166589435942,2.5496126799789174
1800,0.0054062500000000005,33.805299600641113,2.5496121773683686
1800,0.0054078125000000003,33.805432650443635,2.5496116741363162
1800,0.0054093750000000001,33.805565738843661,2.5496111702820432
1800,0.0054109374999999999,33.80569886584135,2.5496106658048325
1800,0.0054125000000000006,33.80583203143685,2.5496101607039656
1800,0.0054140625000000005,33.805965235630318,2.5496096549787244
1800,0.0054156250000000003,33.806098478421902,2.5496091486283903
1800,0.0054171875000000001,33.806231759811752,2.5496086416522425
1800,0.00541875,33.806365079800024,2.5496081340495609
1800,0.0054203125000000007,33.806498438386875,2.5496076258196227
1800,0.0054218750000000005,33.80663183557246,2.5496071169617069
1800,0.0054234375000000003,33.806765271356944,2.5496066074750896
1800,0.0054250000000000001,33.806898745740476,2.5496060973590469
1800,0.0054265625,33.807032258723211,2.549605586612854
1800,0.0054281250000000007,33.807165810305293,2.5496050752357857
1800,0.0054296875000000005,33.807299400486897,2.5496045632271152
1800,0.0054312500000000003,33.807433029268168,2.5496040505861171
1800,0.0054328125000000001,33.807566696649261,2.5496035373120631
1800,0.005434375,33.807700402630331,2.5496030234042246
1800,0.0054359375000000007,33.807834147211537,2.5496025088618723
1800,0.0054375000000000005,33.807967930393026,2.5496019936842753
1800,0.0054390625000000003,33.808101752174949,2.5496014778707043
1800,0.0054406250000000001,33.808235612557475,2.5496009614204271
1800,0.0054421875,33.808369511540754,2.5496004443327114
1800,0.0054437500000000007,33.808503449124942,2.5495999266068239
1800,0.0054453125000000005,33.808637425310202,2.5495994082420306
1800,0.0054468750000000003,33.808771440096685,2.5495988892375969
1800,0.0054484375000000002,33.808905493484545,2.549598369592788
1800,0.00545,33.809039585473947,2.5495978493068665
1800,0.0054515625000000007,33.80917371606504,2.5495973283790976
1800,0.0054531250000000005,33.809307885257972,2.5495968068087422
1800,0.0054546875000000003,33.809442093052908,2.5495962845950619
1800,0.0054562500000000002,33.809576339449997,2.5495957617373182
1800,0.0054578125,33.809710624449394,2.5495952382347702
1800,0.0054593750000000007,33.809844948051264,2.5495947140866777
1800,0.0054609375000000005,33.809979310255763,2.5495941892922995
1800,0.0054625000000000003,33.810113711063046,2.5495936638508923
1800,0.0054640625000000002,33.810248150473271,2.5495931377617143
1800,0.005465625,33.8103826284866,2.5495926110240208
1800,0.0054671875000000007,33.810517145103184,2.5495920836370667
1800,0.0054687500000000005,33.810651700323184,2.5495915556001072
1800,0.0054703125000000003,33.810786294146752,2.5495910269123967
1800,0.0054718750000000002,33.810920926574056,2.5495904975731873
1800,0.0054734375,33.81105559760524,2.5495899675817326
1800,0.0054749999999999998,33.811190307240466,2.5495894369372829
1800,0.0054765625000000005,33.811325055479898,2.549588905639089
1800,0.0054781250000000004,33.811459842323686,2.5495883736864009
1800,0.0054796875000000002,33.811594667771978,2.5495878410784676
1800,0.00548125,33.811729531824938,2.5495873078145381
1800,0.0054828124999999998,33.811864434482736,2.5495867738938598
1800,0.0054843750000000005,33.811999375745515,2.5495862393156798
1800,0.0054859375000000004,33.812134355613445,2.5495857040792433
1800,0.0054875000000000002,33.812269374086682,2.5495851681837953
1800,0.0054890625,33.812404431165376,2.5495846316285808
1800,0.0054906249999999998,33.81253952684969,2.5495840944128436
1800,0.0054921875000000005,33.812674661139788,2.5495835565358256
1800,0.0054937500000000004,33.812809834035825,2.5495830179967691
1800,0.0054953125000000002,33.812945045537958,2.5495824787949157
1800,0.005496875,33.813080295646337,2.5495819389295065
1800,0.0054984374999999999,33.813215584361132,2.5495813983997802
1800,0.0055000000000000005,33.813350911682498,2.5495808572049761
1800,0.0055015625000000004,33.813486277610579,2.5495803153443322
1800,0.0055031250000000002,33.813621682145552,2.5495797728170855
1800,0.0055046875,33.81375712528758,2.5495792296224722
1800,0.0055062499999999999,33.81389260703682,2.5495786857597293
1800,0.0055078125000000006,33.814028127393421,2.5495781412280913
1800,0.0055093750000000004,33.814163686357546,2.5495775960267912
1800,0.0055109375000000002,33.814299283929365,2.5495770501550634
1800,0.0055125,33.814434920109022,2.5495765036121401
1800,0.0055140624999999999,33.814570594896679,2.5495759563972529
1800,0.0055156250000000006,33.814706308292493,2.549575408509634
1800,0.0055171875000000004,33.814842060296627,2.5495748599485126
1800,0.0055187500000000002,33.814977850909237,2.5495743107131186
1800,0.0055203125,33.815113680130487,2.5495737608026792
1800,0.0055218749999999999,33.815249547960548,2.5495732102164221
1800,0.0055234375000000006,33.815385454399568,2.5495726589535752
1800,0.0055250000000000004,33.815521399447711,2.5495721070133639
1800,0.0055265625000000002,33.81565738310514,2.5495715543950137
1800,0.0055281250000000001,33.81579340537202,2.5495710010977506
1800,0.0055296874999999999,33.815929466248484,2.5495704471207965
1800,0.0055312500000000006,33.816065565734711,2.5495698924633747
1800,0.0055328125000000004,33.816201703830863,2.5495693371247072
1800,0.0055343750000000002,33.816337880537112,2.549568781104016
1800,0.0055359375000000001,33.816474095853593,2.5495682244005211
1800,0.0055374999999999999,33.816610349780483,2.5495676670134428
1800,0.0055390625000000006,33.816746642317931,2.549567108942
1800,0.0055406250000000004,33.8168829734661,2.5495665501854101
1800,0.0055421875000000002,33.817019343225155,2.5495659907428894
1800,0.0055437500000000001,33.817155751595259,2.5495654306136548
1800,0.0055453124999999999,33.817292198576567,2.5495648697969222
1800,0.0055468750000000006,33.817428684169236,2.5495643082919068
1800,0.0055484375000000004,33.817565208373438,2.5495637460978227
1800,0.0055500000000000002,33.817701771189341,2.5495631832138828
1800,0.0055515625000000001,33.817838372617103,2.5495626196392989
1800,0.0055531249999999999,33.817975012656881,2.5495620553732823
1800,0.0055546875000000006,33.818111691308836,2.5495614904150452
1800,0.0055562500000000004,33.818248408573119,2.5495609247637963
1800,0.0055578125000000003,33.818385164449893,2.549560358418745
1800,0.0055593750000000001,33.818521958939328,2.5495597913791004
1800,0.0055609374999999999,33.818658792041589,2.549559223644069
1800,0.0055625000000000006,33.818795663756831,2.5495586552128575
1800,0.0055640625000000004,33.818932574085217,2.549558086084672
1800,0.0055656250000000003,33.819069523026918,2.5495575162587176
1800,0.0055671875000000001,33.819206510582092,2.5495569457341976
1800,0.0055687499999999999,33.819343536750893,2.5495563745103156
1800,0.0055703125000000006,33.819480601533492,2.5495558025862746
1800,0.0055718750000000004,33.819617704930053,2.5495552299612769
1800,0.0055734375000000003,33.819754846940732,2.5495546566345224
1800,0.0055750000000000001,33.819892027565693,2.5495540826052108
1800,0.0055765624999999999,33.820029246805106,2.5495535078725418
1800,0.0055781250000000006,33.820166504659127,2.5495529324357138
1800,0.0055796875000000004,33.820303801127913,2.5495523562939235
1800,0.0055812500000000003,33.820441136211628,2.5495517794463685
1800,0.0055828125000000001,33.820578509910433,2.5495512018922439
1800,0.0055843749999999999,33.820715922224501,2.5495506236307457
1800,0.0055859375000000006,33.82085337315398,2.5495500446610682
1800,0.0055875000000000005,33.820990862699055,2.5495494649824049
1800,0.0055890625000000003,33.821128390859883,2.549548884593948
1800,0.0055906250000000001,33.821265957636626,2.5495483034948889
1800,0.0055921874999999999,33.821403563029449,2.5495477216844189
1800,0.0055937500000000006,33.821541207038514,2.549547139161727
1800,0.0055953125000000005,33.821678889663986,2.5495465559260029
1800,0.0055968750000000003,33.821816610906012,2.5495459719764355
1800,0.0055984375000000001,33.821954370764757,2.5495453873122114
1800,0.0055999999999999999,33.822092169240413,2.5495448019325178
1800,0.0056015625000000006,33.822230006333122,2.5495442158365402
1800,0.0056031250000000005,33.822367882043054,2.5495436290234643
1800,0.0056046875000000003,33.822505796370365,2.5495430414924747
1800,0.0056062500000000001,33.82264374931524,2.5495424532427542
1800,0.0056078125,33.822781740877829,2.5495418642734853
1800,0.0056093750000000006,33.822919771058295,2.5495412745838495
1800,0.0056109375000000005,33.823057839856808,2.5495406841730275
1800,0.0056125000000000003,33.823195947273533,2.5495400930401986
1800,0.0056140625000000001,33.823334093308638,2.549539501184543
1800,0.005615625,33.823472277962274,2.5495389086052382
1800,0.0056171875000000007,33.823610501234612,2.5495383153014619
1800,0.0056187500000000005,33.823748763125813,2.5495377212723902
1800,0.0056203125000000003,33.823887063636043,2.5495371265171998
1800,0.0056218750000000001,33.824025402765471,2.5495365310350651
1800,0.0056234375,33.824163780514262,2.5495359348251601
1800,0.0056250000000000007,33.824302196882577,2.5495353378866588
1800,0.0056265625000000005,33.824440651870589,2.5495347402187325
1800,0.0056281250000000003,33.824579145478459,2.5495341418205522
1800,0.0056296875000000001,33.824717677706353,2.5495335426912886
1800,0.00563125,33.82485624855444,2.5495329428301123
1800,0.0056328125000000007,33.824994858022876,2.5495323422361929
1800,0.0056343750000000005,33.825133506111825,2.5495317409086975
1800,0.0056359375000000003,33.825272192821458,2.5495311388467941
1800,0.0056375000000000001,33.825410918151945,2.5495305360496481
1800,0.0056390625,33.825549682103443,2.5495299325164251
1800,0.0056406250000000007,33.825688484676121,2.5495293282462899
1800,0.0056421875000000005,33.825827325870151,2.5495287232384056
1800,0.0056437500000000003,33.825966205685695,2.5495281174919353
1800,0.0056453125000000002,33.826105124122925,2.5495275110060418
1800,0.005646875,33.826244081182004,2.5495269037798858
1800,0.0056484375000000007,33.826383076863102,2.5495262958126275
1800,0.0056500000000000005,33.826522111166391,2.5495256871034262
1800,0.0056515625000000003,33.826661184092032,2.5495250776514409
1800,0.0056531250000000002,33.826800295640197,2.5495244674558291
1800,0.0056546875,33.826939445811043,2.5495238565157483
1800,0.0056562500000000007,33.827078634604753,2.549523244830354
1800,0.0056578125000000005,33.82721786202147,2.5495226323988014
1800,0.0056593750000000003,33.827357128061379,2.549522019220245
1800,0.0056609375000000002,33.827496432724637,2.5495214052938384
1800,0.0056625,33.827635776011427,2.5495207906187325
1800,0.0056640625000000007,33.827775157921891,2.5495201751940795
1800,0.0056656250000000005,33.827914578456209,2.5495195590190303
1800,0.0056671875000000003,33.82805403761455,2.5495189420927349
1800,0.0056687500000000002,33.828193535397077,2.5495183244143416
1800,0.0056703125,33.828333071803968,2.549517705982999
1800,0.0056718750000000007,33.82847264683538,2.5495170867978545
1800,0.0056734375000000005,33.828612260491482,2.5495164668580541
1800,0.0056750000000000004,33.828751912772447,2.5495158461627438
1800,0.0056765625000000002,33.828891603678436,2.5495152247110697
1800,0.005678125,33.82903133320962,2.5495146025021742
1800,0.0056796874999999998,33.829171101366164,2.5495139795352002
1800,0.0056812500000000005,33.829310908148237,2.5495133558092897
1800,0.0056828125000000004,33.829450753556017,2.5495127313235844
1800,0.0056843750000000002,33.829590637589668,2.5495121060772239
1800,0.0056859375,33.829730560249352,2.5495114800693477
1800,0.0056874999999999998,33.829870521535248,2.5495108532990947
1800,0.0056890625000000005,33.830010521447527,2.5495102257656019
1800,0.0056906250000000004,33.83015055998635,2.5495095974680058
1800,0.0056921875000000002,33.830290637151897,2.5495089684054428
1800,0.00569375,33.830430752944331,2.5495083385770476
1800,0.0056953124999999999,33.830570907363821,2.5495077079819537
1800,0.0056968750000000005,33.830711100410525,2.5495070766192951
1800,0.0056984375000000004,33.830851332084613,2.549506444488205
1800,0.0057000000000000002,33.830991602386263,2.5495058115878142
1800,0.0057015625,33.831131911315644,2.549505177917252
1800,0.0057031249999999999,33.831272258872929,2.5495045434756487
1800,0.0057046875000000006,33.831412645058279,2.5495039082621331
1800,0.0057062500000000004,33.831553069871859,2.5495032722758335
1800,0.0057078125000000002,33.831693533313846,2.5495026355158759
1800,0.005709375,33.831834035384404,2.5495019979813871
1800,0.0057109374999999999,33.831974576083702,2.5495013596714919
1800,0.0057125000000000006,33.832115155411913,2.5495007205853146
1800,0.0057140625000000004,33.832255773369219,2.5495000807219794
1800,0.0057156250000000002,33.832396429955779,2.5494994400806092
1800,0.0057171875,33.832537125171761,2.5494987986603248
1800,0.0057187499999999999,33.832677859017352,2.5494981564602468
1800,0.0057203125000000006,33.832818631492714,2.549497513479495
1800,0.0057218750000000004,33.83295944259801,2.5494968697171871
1800,0.0057234375000000002,33.833100292333413,2.5494962251724429
1800,0.0057250000000000001,33.833241180699098,2.5494955798443786
1800,0.0057265624999999999,33.833382107695222,2.5494949337321109
1800,0.0057281250000000006,33.833523073321963,2.5494942868347548
1800,0.0057296875000000004,33.833664077579506,2.5494936391514242
1800,0.0057312500000000002,33.833805120468007,2.5494929906812325
1800,0.0057328125000000001,33.833946201987644,2.5494923414232926
1800,0.0057343749999999999,33.834087322138586,2.5494916913767161
1800,0.0057359375000000006,33.83422848092102,2.5494910405406133
1800,0.0057375000000000004,33.834369678335101,2.5494903889140952
1800,0.0057390625000000002,33.834510914380999,2.5494897364962701
1800,0.0057406250000000001,33.834652189058886,2.5494890832862467
1800,0.0057421874999999999,33.834793502368932,2.5494884292831315
1800,0.0057437500000000006,33.834934854311314,2.5494877744860314
1800,0.0057453125000000004,33.835076244886196,2.549487118894052
1800,0.0057468750000000002,33.835217674093769,2.5494864625062972
1800,0.0057484375000000001,33.835359141934191,2.5494858053218694
1800,0.0057499999999999999,33.835500648407631,2.5494851473398721
1800,0.0057515625000000006,33.835642193514275,2.5494844885594068
1800,0.0057531250000000004,33.835783777254292,2.5494838289795738
1800,0.0057546875000000003,33.835925399627847,2.549483168599473
1800,0.0057562500000000001,33.836067060635109,2.5494825074182037
1800,0.0057578124999999999,33.83620876027625,2.549481845434864
1800,0.0057593750000000006,33.836350498551447,2.5494811826485511
1800,0.0057609375000000004,33.836492275460877,2.5494805190583607
1800,0.0057625000000000003,33.836634091004711,2.5494798546633883
1800,0.0057640625000000001,33.836775945183128,2.5494791894627284
1800,0.0057656249999999999,33.836917837996282,2.5494785234554742
1800,0.0057671875000000006,33.837059769444359,2.5494778566407184
1800,0.0057687500000000004,33.837201739527522,2.5494771890175523
1800,0.0057703125000000003,33.837343748245956,2.5494765205850665
1800,0.0057718750000000001,33.837485795599825,2.549475851342351
1800,0.0057734374999999999,33.837627881589306,2.5494751812884937
1800,0.0057750000000000006,33.837770006214569,2.5494745104225829
1800,0.0057765625000000004,33.837912169475786,2.5494738387437055
1800,0.0057781250000000003,33.83805437137314,2.5494731662509476
1800,0.0057796875000000001,33.838196611906803,2.5494724929433938
1800,0.0057812499999999999,33.838338891076944,2.5494718188201291
1800,0.0057828125000000006,33.838481208883742,2.5494711438802362
1800,0.0057843750000000005,33.838623565327367,2.5494704681227978
1800,0.0057859375000000003,33.838765960407997,2.5494697915468945
1800,0.0057875000000000001,33.838908394125802,2.5494691141516062
1800,0.0057890624999999999,33.839050866480953,2.5494684359360127
1800,0.0057906250000000006,33.839193377473634,2.5494677568991926
1800,0.0057921875000000005,33.83933592710401,2.5494670770402239
1800,0.0057937500000000003,33.839478515372264,2.5494663963581834
1800,0.0057953125000000001,33.839621142278553,2.5494657148521473
1800,0.0057968749999999999,33.839763807823068,2.5494650325211894
1800,0.0057984375000000006,33.839906512005975,2.5494643493643845
1800,0.0058000000000000005,33.840049254827441,2.5494636653808045
1800,0.0058015625000000003,33.840192036287654,2.5494629805695217
1800,0.0058031250000000001,33.840334856386797,2.5494622949296062
1800,0.0058046875,33.840477715125026,2.5494616084601289
1800,0.0058062500000000006,33.840620612502526,2.5494609211601595
1800,0.0058078125000000005,33.840763548519476,2.5494602330287659
1800,0.0058093750000000003,33.840906523176052,2.5494595440650145
1800,0.0058109375000000001,33.841049536472426,2.5494588542679715
1800,0.0058125,33.841192588408781,2.5494581636367033
1800,0.0058140625000000007,33.841335678985288,2.5494574721702743
1800,0.0058156250000000005,33.841478808202126,2.5494567798677479
1800,0.0058171875000000003,33.841621976059457,2.5494560867281861
1800,0.0058187500000000001,33.841765182557459,2.5494553927506503
1800,0.0058203125,33.84190842769631,2.549454697934201
1800,0.0058218750000000007,33.842051711476195,2.5494540022778978
1800,0.0058234375000000005,33.842195033897291,2.5494533057808
1800,0.0058250000000000003,33.842338394959768,2.5494526084419658
1800,0.0058265625000000001,33.842481794663797,2.5494519102604514
1800,0.005828125,33.842625233009556,2.5494512112353132
1800,0.0058296875000000007,33.842768709997223,2.5494505113656056
1800,0.0058312500000000005,33.842912225626975,2.5494498106503833
1800,0.0058328125000000003,33.843055779898989,2.5494491090886986
1800,0.0058343750000000002,33.843199372813451,2.5494484066796037
1800,0.0058359375,33.843343004370546,2.5494477034221492
1800,0.0058375000000000007,33.843486674570435,2.5494469993153861
1800,0.0058390625000000005,33.843630383413299,2.5494462943583627
1800,0.0058406250000000003,33.843774130899305,2.5494455885501273
1800,0.0058421875000000002,33.843917917028641,2.5494448818897273
1800,0.00584375,33.844061741801482,2.5494441743762093
1800,0.0058453125000000007,33.844205605218001,2.5494434660086185
1800,0.0058468750000000005,33.84434950727838,2.5494427567859992
1800,0.0058484375000000003,33.844493447982799,2.5494420467073939
1800,0.0058500000000000002,33.844637427331428,2.5494413357718453
1800,0.0058515625,33.844781445324443,2.5494406239783949
1800,0.0058531250000000007,33.844925501962031,2.5494399113260839
1800,0.0058546875000000005,33.845069597244361,2.5494391978139519
1800,0.0058562500000000003,33.845213731171604,2.5494384834410364
1800,0.0058578125000000002,33.845357903743952,2.5494377682063751
1800,0.005859375,33.84550211496159,2.5494370521090044
1800,0.0058609375000000007,33.845646364824688,2.5494363351479601
1800,0.0058625000000000005,33.845790653333424,2.5494356173222763
1800,0.0058640625000000004,33.845934980487975,2.5494348986309876
1800,0.0058656250000000002,33.846079346288519,2.5494341790731267
1800,0.0058671875,33.846223750735241,2.5494334586477252
1800,0.0058687500000000007,33.846368193828312,2.5494327373538135
1800,0.0058703125000000005,33.846512675567915,2.5494320151904213
1800,0.0058718750000000004,33.846657195954229,2.5494312921565774
1800,0.0058734375000000002,33.846801754987432,2.5494305682513101
1800,0.005875,33.846946352667693,2.549429843473646
1800,0.0058765625000000007,33.847090988995198,2.5494291178226112
1800,0.0058781250000000005,33.847235663970132,2.54942839129723
1800,0.0058796875000000004,33.847380377592664,2.5494276638965272
1800,0.0058812500000000002,33.84752512986298,2.5494269356195245
1800,0.0058828125,33.847669920781264,2.549426206465244
1800,0.0058843749999999998,33.847814750347695,2.5494254764327073
1800,0.0058859375000000005,33.847959618562456,2.5494247455209345
1800,0.0058875000000000004,33.848104525425718,2.5494240137289448
1800,0.0058890625000000002,33.848249470937652,2.5494232810557556
1800,0.005890625,33.84839445509845,2.5494225475003831
1800,0.0058921874999999999,33.848539477908304,2.5494218130618438
1800,0.0058937500000000006,33.848684539367376,2.5494210777391526
1800,0.0058953125000000004,33.848829639475852,2.5494203415313241
1800,0.0058968750000000002,33.848974778233895,2.5494196044373703
1800,0.0058984375,33.849119955641711,2.5494188664563038
1800,0.0058999999999999999,33.849265171699471,2.5494181275871348
1800,0.0059015625000000006,33.849410426407346,2.5494173878288744
1800,0.0059031250000000004,33.849555719765533,2.5494166471805313
1800,0.0059046875000000002,33.849701051774211,2.549415905641113
1800,0.00590625,33.849846422433551,2.5494151632096265
1800,0.0059078124999999999,33.849991831743736,2.5494144198850783
1800,0.0059093750000000006,33.850137279704953,2.5494136756664734
1800,0.0059109375000000004,33.850282766317385,2.5494129305528155
1800,0.0059125000000000002,33.85042829158121,2.5494121845431081
1800,0.0059140625,33.850573855496613,2.5494114376363539
1800,0.0059156249999999999,33.850719458063764,2.5494106898315536
1800,0.0059171875000000006,33.850865099282842,2.5494099411277071
1800,0.0059187500000000004,33.851010779154031,2.5494091915238126
1800,0.0059203125000000002,33.851156497677515,2.5494084410188691
1800,0.0059218750000000001,33.851302254853472,2.5494076896118729
1800,0.0059234374999999999,33.851448050682102,2.5494069373018204
1800,0.0059250000000000006,33.851593885163574,2.5494061840877076
1800,0.0059265625000000004,33.851739758298073,2.549405429968528
1800,0.0059281250000000002,33.851885670085771,2.5494046749432746
1800,0.0059296875000000001,33.852031620526859,2.5494039190109383
1800,0.0059312499999999999,33.852177609621521,2.5494031621705107
1800,0.0059328125000000006,33.852323637369928,2.5494024044209818
1800,0.0059343750000000004,33.852469703772265,2.5494016457613413
1800,0.0059359375000000002,33.852615808828716,2.5494008861905768
1800,0.0059375000000000001,33.852761952539474,2.5494001257076748
1800,0.0059390624999999999,33.852908134904723,2.5493993643116211
1800,0.0059406250000000006,33.853054355924634,2.5493986020014003
1800,0.0059421875000000004,33.853200615599391,2.5493978387759966
1800,0.0059437500000000002,33.853346913929187,2.5493970746343924
1800,0.0059453125000000001,33.853493250914198,2.5493963095755694
1800,0.0059468749999999999,33.85363962655461,2.549395543598509
1800,0.0059484375000000006,33.853786040850608,2.5493947767021909
1800,0.0059500000000000004,33.853932493802375,2.5493940088855935
1800,0.0059515625000000003,33.854078985410077,2.5493932401476953
1800,0.0059531250000000001,33.854225515673917,2.5493924704874726
1800,0.0059546874999999999,33.854372084594075,2.5493916999039015
1800,0.0059562500000000006,33.854518692170736,2.5493909283959559
1800,0.0059578125000000004,33.854665338404082,2.5493901559626106
1800,0.0059593750000000003,33.854812023294294,2.549389382602838
1800,0.0059609375000000001,33.854958746841561,2.549388608315609
1800,0.0059624999999999999,33.855105509046055,2.5493878330998947
1800,0.0059640625000000006,33.855252309907975,2.5493870569546644
1800,0.0059656250000000004,33.855399149427498,2.5493862798788864
1800,0.0059671875000000003,33.855546027604802,2.5493855018715279
1800,0.0059687500000000001,33.855692944440079,2.5493847229315554
1800,0.0059703124999999999,33.855839899933514,2.549383943057935
1800,0.0059718750000000006,33.855986894085298,2.5493831622496308
1800,0.0059734375000000004,33.856133926895602,2.5493823805056066
1800,0.0059750000000000003,33.856280998364603,2.5493815978248251
1800,0.0059765625000000001,33.856428108492494,2.5493808142062462
1800,0.0059781249999999999,33.856575257279459,2.5493800296488311
1800,0.0059796875000000006,33.856722444725683,2.5493792441515382
1800,0.0059812500000000005,33.856869670831351,2.5493784577133258
1800,0.0059828125000000003,33.857016935596668,2.5493776703331523
1800,0.0059843750000000001,33.857164239021813,2.5493768820099723
1800,0.0059859374999999999,33.85731158110697,2.5493760927427411
1800,0.0059875000000000006,33.857458961852309,2.5493753025304127
1800,0.0059890625000000005,33.85760638125803,2.5493745113719406
1800,0.0059906250000000003,33.85775383932431,2.549373719266276
1800,0.0059921875000000001,33.857901336051334,2.5493729262123699
1800,0.0059937499999999999,33.858048871439287,2.5493721322091725
1800,0.0059953125000000006,33.858196445488367,2.5493713372556326
1800,0.0059968750000000005,33.858344058198753,2.5493705413506973
1800,0.0059984375000000003,33.858491709570636,2.5493697444933145
1800,0.0060000000000000001,33.858639399604201,2.5493689466824283
1800,0.0060015625,33.858787128299632,2.5493681479169843
1800,0.0060031250000000006,33.858934895657107,2.5493673481959256
1800,0.0060046875000000005,33.859082701676826,2.5493665475181944
1800,0.0060062500000000003,33.859230546358965,2.5493657458827323
1800,0.0060078125000000001,33.859378429703703,2.54936494328848
1800,0.006009375,33.859526351711239,2.5493641397343763
1800,0.0060109375000000007,33.859674312381763,2.5493633352193599
1800,0.0060125000000000005,33.859822311715462,2.5493625297423681
1800,0.0060140625000000003,33.859970349712519,2.5493617233023373
1800,0.0060156250000000001,33.860118426373127,2.5493609158982022
1800,0.0060171875,33.860266541697477,2.5493601075288965
1800,0.0060187500000000007,33.860414695685748,2.5493592981933531
1800,0.0060203125000000005,33.860562888338123,2.5493584878905033
1800,0.0060218750000000003,33.860711119654788,2.5493576766192789
1800,0.0060234375000000001,33.860859389635941,2.5493568643786091
1800,0.006025,33.861007698281767,2.5493560511674227
1800,0.0060265625000000007,33.861156045592452,2.5493552369846477
1800,0.0060281250000000005,33.861304431568186,2.5493544218292108
1800,0.0060296875000000003,33.861452856209162,2.5493536057000368
1800,0.0060312500000000002,33.86160131951555,2.5493527885960514
1800,0.0060328125,33.86174982148755,2.5493519705161778
1800,0.0060343750000000007,33.861898362125352,2.5493511514593377
1800,0.0060359375000000005,33.862046941429135,2.5493503314244519
1800,0.0060375000000000003,33.862195559399083,2.5493495104104404
1800,0.0060390625000000002,33.862344216035396,2.5493486884162233
1800,0.006040625,33.862492911338265,2.5493478654407191
1800,0.0060421875000000007,33.862641645307868,2.5493470414828439
1800,0.0060437500000000005,33.862790417944396,2.5493462165415131
1800,0.0060453125000000003,33.862939229248042,2.5493453906156418
1800,0.0060468750000000002,33.863088079219004,2.5493445637041434
1800,0.0060484375,33.863236967857453,2.5493437358059312
1800,0.0060500000000000007,33.863385895163589,2.5493429069199163
1800,0.0060515625000000005,33.863534861137595,2.5493420770450088
1800,0.0060531250000000003,33.86368386577967,2.5493412461801186
1800,0.0060546875000000002,33.86383290909,2.5493404143241545
1800,0.00605625,33.863981991068769,2.5493395814760236
1800,0.0060578125000000007,33.864131111716169,2.5493387476346316
1800,0.0060593750000000005,33.864280271032399,2.5493379127988849
1800,0.0060609375000000004,33.864429469017637,2.5493370769676864
1800,0.0060625000000000002,33.864578705672081,2.5493362401399398
1800,0.0060640625,33.864727980995916,2.5493354023145458
1800,0.0060656250000000007,33.864877294989327,2.5493345634904054
1800,0.0060671875000000005,33.86502664765252,2.5493337236664186
1800,0.0060687500000000004,33.86517603898568,2.5493328828414836
1800,0.0060703125000000002,33.865325468988985,2.5493320410144973
1800,0.006071875,33.865474937662633,2.5493311981843565
1800,0.0060734375000000007,33.865624445006816,2.5493303543499568
1800,0.0060750000000000005,33.865773991021726,2.5493295095101915
1800,0.0060765625000000004,33.865923575707541,2.5493286636639549
1800,0.0060781250000000002,33.866073199064466,2.5493278168101385
1800,0.0060796875,33.866222861092687,2.5493269689476339
1800,0.0060812500000000007,33.866372561792403,2.5493261200753294
1800,0.0060828125000000005,33.866522301163798,2.5493252701921132
1800,0.0060843750000000004,33.866672079207071,2.5493244192968736
1800,0.0060859375000000002,33.866821895922406,2.5493235673884982
1800,0.0060875,33.866971751309997,2.5493227144658714
1800,0.0060890625000000007,33.867121645370027,2.5493218605278782
1800,0.0060906250000000006,33.867271578102702,2.5493210055734008
1800,0.0060921875000000004,33.867421549508215,2.5493201496013218
1800,0.0060937500000000002,33.867571559586743,2.5493192926105226
1800,0.0060953125,33.867721608338485,2.5493184345998823
1800,0.0060968749999999999,33.867871695763625,2.54931757556828
1800,0.0060984375000000006,33.868021821862357,2.5493167155145939
1800,0.0061000000000000004,33.86817198663487,2.5493158544377006
1800,0.0061015625000000002,33.868322190081365,2.5493149923364742
1800,0.006103125,33.868472432202033,2.5493141292097903
1800,0.0061046874999999999,33.868622712997059,2.5493132650565213
1800,0.0061062500000000006,33.868773032466649,2.5493123998755398
1800,0.0061078125000000004,33.868923390610995,2.5493115336657159
1800,0.0061093750000000002,33.869073787430274,2.5493106664259209
1800,0.0061109375,33.869224222924686,2.549309798155023
1800,0.0061124999999999999,33.869374697094429,2.5493089288518895
1800,0.0061140625000000006,33.869525209939681,2.5493080585153867
1800,0.0061156250000000004,33.869675761460634,2.5493071871443806
1800,0.0061171875000000002,33.869826351657494,2.5493063147377355
1800,0.0061187500000000001,33.86997698053046,2.5493054412943144
1800,0.0061203124999999999,33.87012764807973,2.549304566812979
1800,0.0061218750000000006,33.870278354305484,2.5493036912925904
1800,0.0061234375000000004,33.870429099207911,2.549302814732008
1800,0.0061250000000000002,33.870579882787204,2.5493019371300907
1800,0.0061265625000000001,33.870730705043563,2.5493010584856965
1800,0.0061281249999999999,33.870881565977172,2.5493001787976821
1800,0.0061296875000000006,33.871032465588236,2.5492992980649021
1800,0.0061312500000000004,33.871183403876955,2.5492984162862111
1800,0.0061328125000000002,33.871334380843507,2.5492975334604631
1800,0.0061343750000000001,33.871485396488104,2.5492966495865095
1800,0.0061359374999999999,33.871636450810932,2.5492957646632006
1800,0.0061375000000000006,33.871787543812182,2.5492948786893863
1800,0.0061390625000000004,33.871938675492046,2.5492939916639159
1800,0.0061406250000000002,33.872089845850724,2.5492931035856357
1800,0.0061421875000000001,33.872241054888413,2.5492922144533918
1800,0.0061437499999999999,33.872392302605299,2.5492913242660298
1800,0.0061453125000000006,33.872543589001594,2.5492904330223931
1800,0.0061468750000000004,33.872694914077485,2.549289540721325
1800,0.0061484375000000003,33.872846277833155,2.5492886473616672
1800,0.0061500000000000001,33.87299768026881,2.5492877529422602
1800,0.0061515624999999999,33.87314912138465,2.5492868574619432
1800,0.0061531250000000006,33.873300601180858,2.5492859609195553
1800,0.0061546875000000004,33.873452119657628,2.5492850633139335
1800,0.0061562500000000003,33.873603676815158,2.5492841646439133
1800,0.0061578125000000001,33.873755272653653,2.5492832649083299
1800,0.0061593749999999999,33.873906907173307,2.5492823641060167
1800,0.0061609375000000006,33.874058580374303,2.5492814622358071
1800,0.0061625000000000004,33.874210292256848,2.5492805592965313
1800,0.0061640625000000003,33.874362042821133,2.5492796552870196
1800,0.0061656250000000001,33.874513832067358,2.5492787502061027
1800,0.0061671874999999999,33.874665659995713,2.5492778440526074
1800,0.0061687500000000006,33.8748175266064,2.5492769368253616
1800,0.0061703125000000004,33.874969431899615,2.5492760285231904
1800,0.0061718750000000003,33.875121375875544,2.5492751191449177
1800,0.0061734375000000001,33.875273358534393,2.5492742086893672
1800,0.0061749999999999999,33.875425379876361,2.5492732971553611
1800,0.0061765625000000006,33.87557743990164,2.5492723845417209
1800,0.0061781250000000005,33.875729538610429,2.5492714708472666
1800,0.0061796875000000003,33.875881676002926,2.5492705560708169
1800,0.0061812500000000001,33.876033852079324,2.5492696402111892
1800,0.0061828124999999999,33.876186066839821,2.5492687232672
1800,0.0061843750000000006,33.876338320284617,2.5492678052376649
1800,0.0061859375000000005,33.87649061241391,2.5492668861213974
1800,0.0061875000000000003,33.876642943227893,2.5492659659172108
1800,0.0061890625000000001,33.876795312726763,2.5492650446239167
1800,0.0061906249999999999,33.876947720910735,2.5492641222403258
1800,0.0061921875000000006,33.877100167779986,2.5492631987652485
1800,0.0061937500000000005,33.877252653334729,2.5492622741974924
1800,0.0061953125000000003,33.877405177575156,2.5492613485358642
1800,0.0061968750000000001,33.877557740501459,2.549260421779171
1800,0.0061984375,33.877710342113843,2.549259493926217
1800,0.0062000000000000006,33.877862982412502,2.5492585649758057
1800,0.0062015625000000005,33.87801566139764,2.54925763492674
1800,0.0062031250000000003,33.87816837906945,2.5492567037778207
1800,0.0062046875000000001,33.878321135428138,2.5492557715278474
1800,0.00620625,33.878473930473895,2.5492548381756204
1800,0.0062078125000000007,33.878626764206921,2.5492539037199369
1800,0.0062093750000000005,33.878779636627407,2.5492529681595926
1800,0.0062109375000000003,33.878932547735559,2.5492520314933835
1800,0.0062125000000000001,33.879085497531577,2.5492510937201041
1800,0.0062140625,33.879238486015659,2.5492501548385476
1800,0.0062156250000000007,33.879391513188004,2.5492492148475066
1800,0.0062171875000000005,33.879544579048812,2.5492482737457713
1800,0.0062187500000000003,33.879697683598273,2.5492473315321309
1800,0.0062203125000000001,33.879850826836602,2.5492463882053729
1800,0.006221875,33.880004008763983,2.5492454437642857
1800,0.0062234375000000007,33.880157229380622,2.5492444982076559
1800,0.0062250000000000005,33.880310488686717,2.5492435515342664
1800,0.0062265625000000003,33.880463786682469,2.5492426037429015
1800,0.0062281250000000002,33.880617123368083,2.5492416548323433
1800,0.0062296875,33.880770498743743,2.5492407048013739
1800,0.0062312500000000007,33.880923912809664,2.5492397536487736
1800,0.0062328125000000005,33.881077365566043,2.5492388013733209
1800,0.0062343750000000003,33.881230857013072,2.5492378479737927
1800,0.0062359375000000002,33.881384387150959,2.549236893448966
1800,0.0062375,33.881537955979901,2.5492359377976159
1800,0.0062390625000000007,33.881691563500105,2.5492349810185164
1800,0.0062406250000000005,33.881845209711763,2.5492340231104413
1800,0.0062421875000000003,33.88199889461508,2.5492330640721619
1800,0.0062437500000000002,33.882152618210263,2.5492321039024479
1800,0.0062453125,33.882306380497504,2.5492311426000693
1800,0.0062468750000000007,33.882460181477001,2.5492301801637942
1800,0.0062484375000000005,33.882614021148967,2.5492292165923902
1800,0.0062500000000000003,33.882767899513603,2.5492282518846228
1800,0.0062515625000000002,33.882921816571098,2.5492272860392555
1800,0.006253125,33.883075772321661,2.5492263190550521
1800,0.0062546875000000007,33.883229766765496,2.549225350930775
1800,0.0062562500000000005,33.883383799902795,2.5492243816651854
1800,0.0062578125000000004,33.883537871733765,2.5492234112570422
1800,0.0062593750000000002,33.883691982258611,2.5492224397051042
1800,0.0062609375,33.883846131477533,2.5492214670081288
1800,0.0062625000000000007,33.884000319390729,2.5492204931648716
1800,0.0062640625000000005,33.884154545998399,2.5492195181740867
1800,0.0062656250000000004,33.884308811300748,2.5492185420345295
1800,0.0062671875000000002,33.884463115297976,2.5492175647449513
1800,0.00626875,33.884617457990288,2.5492165863041034
1800,0.0062703125000000007,33.884771839377891,2.5492156067107361
1800,0.0062718750000000005,33.884926259460983,2.5492146259635993
1800,0.0062734375000000004,33.88508071823977,2.5492136440614397
1800,0.0062750000000000002,33.885235215714445,2.5492126610030028
1800,0.0062765625,33.885389751885228,2.5492116767870354
1800,0.0062781250000000007,33.885544326752317,2.5492106914122798
1800,0.0062796875000000005,33.885698940315912,2.5492097048774793
1800,0.0062812500000000004,33.885853592576211,2.5492087171813749
1800,0.0062828125000000002,33.886008283533428,2.5492077283227079
1800,0.006284375,33.886163013187762,2.5492067383002164
1800,0.0062859375000000007,33.886317781539404,2.5492057471126386
1800,0.0062875000000000006,33.886472588588568,2.5492047547587116
1800,0.0062890625000000004,33.886627434335459,2.5492037612371701
1800,0.0062906250000000002,33.886782318780277,2.5492027665467485
1800,0.0062921875,33.886937241923242,2.5492017706861794
1800,0.0062937500000000007,33.887092203764546,2.5492007736541953
1800,0.0062953125000000006,33.887247204304394,2.5491997754495257
1800,0.0062968750000000004,33.887402243542986,2.5491987760709001
1800,0.0062984375000000002,33.887557321480521,2.5491977755170465
1800,0.0063,33.887712438117205,2.5491967737866914
1800,0.0063015624999999999,33.887867593453251,2.5491957708785606
1800,0.0063031250000000006,33.888022787488865,2.5491947667913784
1800,0.0063046875000000004,33.888178020224252,2.5491937615238673
1800,0.0063062500000000002,33.888333291659606,2.54919275507475
1800,0.0063078125000000001,33.888488601795139,2.5491917474427463
1800,0.0063093749999999999,33.88864395063105,2.5491907386265771
1800,0.0063109375000000006,33.888799338167544,2.5491897286249596
1800,0.0063125000000000004,33.888954764404822,2.5491887174366101
1800,0.0063140625000000002,33.889110229343103,2.5491877050602447
1800,0.0063156250000000001,33.889265732982579,2.5491866914945778
1800,0.0063171874999999999,33.889421275323457,2.5491856767383223
1800,0.0063187500000000006,33.889576856365942,2.54918466079019
1800,0.0063203125000000004,33.88973247611024,2.5491836436488922
1800,0.0063218750000000002,33.889888134556557,2.5491826253131373
1800,0.0063234375000000001,33.890043831705107,2.5491816057816341
1800,0.0063249999999999999,33.890199567556088,2.5491805850530893
1800,0.0063265625000000006,33.890355342109707,2.5491795631262089
1800,0.0063281250000000004,33.890511155366184,2.5491785399996965
1800,0.0063296875000000002,33.89066700732571,2.5491775156722563
1800,0.0063312500000000001,33.8908228979885,2.5491764901425902
1800,0.0063328124999999999,33.890978827354758,2.5491754634093984
1800,0.0063343750000000006,33.891134795424684,2.5491744354713797
1800,0.0063359375000000004,33.89129080219849,2.5491734063272324
1800,0.0063375000000000003,33.891446847676391,2.5491723759756542
1800,0.0063390625000000001,33.891602931858586,2.5491713444153405
1800,0.0063406249999999999,33.891759054745272,2.5491703116449851
1800,0.0063421875000000006,33.891915216336663,2.5491692776632813
1800,0.0063437500000000004,33.892071416632966,2.5491682424689204
1800,0.0063453125000000003,33.8922276556344,2.5491672060605932
1800,0.0063468750000000001,33.892383933341158,2.5491661684369888
1800,0.0063484374999999999,33.892540249753452,2.5491651295967959
1800,0.0063500000000000006,33.892696604871489,2.5491640895387007
1800,0.0063515625000000004,33.892852998695481,2.5491630482613892
1800,0.0063531250000000003,33.893009431225629,2.549162005763546
1800,0.0063546875000000001,33.893165902462137,2.5491609620438536
1800,0.0063562499999999999,33.893322412405226,2.5491599171009933
1800,0.0063578125000000006,33.893478961055088,2.5491588709336459
1800,0.0063593750000000004,33.893635548411936,2.549157823540491
1800,0.0063609375000000003,33.893792174475983,2.5491567749202053
1800,0.0063625000000000001,33.893948839247436,2.5491557250714663
1800,0.0063640624999999999,33.894105542726486,2.5491546739929487
1800,0.0063656250000000006,33.89426228491336,2.549153621683327
1800,0.0063671875000000005,33.894419065808265,2.5491525681412748
1800,0.0063687500000000003,33.894575885411399,2.5491515133654623
1800,0.0063703125000000001,33.894732743722976,2.54915045735456
1800,0.0063718749999999999,33.894889640743209,2.5491494001072366
1800,0.0063734375000000006,33.895046576472311,2.5491483416221605
1800,0.0063750000000000005,33.89520355091048,2.5491472818979974
1800,0.0063765625000000003,33.895360564057931,2.5491462209334133
1800,0.0063781250000000001,33.895517615914876,2.5491451587270713
1800,0.0063796874999999999,33.895674706481522,2.5491440952776339
1800,0.0063812500000000006,33.895831835758067,2.549143030583763
1800,0.0063828125000000005,33.895989003744724,2.5491419646441185
1800,0.0063843750000000003,33.896146210441714,2.5491408974573582
1800,0.0063859375000000001,33.896303455849235,2.5491398290221396
1800,0.0063874999999999999,33.896460739967502,2.5491387593371195
1800,0.0063890625000000006,33.896618062796726,2.5491376884009527
1800,0.0063906250000000005,33.896775424337115,2.5491366162122917
1800,0.0063921875000000003,33.896932824588873,2.5491355427697893
1800,0.0063937500000000001,33.897090263552208,2.5491344680720958
1800,0.0063953125,33.897247741227346,2.5491333921178616
1800,0.0063968750000000007,33.897405257614494,2.5491323149057346
1800,0.0063984375000000005,33.897562812713851,2.5491312364343623
1800,0.0064000000000000003,33.89772040652565,2.5491301567023896
1800,0.0064015625000000001,33.897878039050084,2.5491290757084619
1800,0.006403125,33.898035710287367,2.5491279934512217
1800,0.0064046875000000007,33.89819342023771,2.5491269099293108
1800,0.0064062500000000005,33.898351168901328,2.54912582514137
1800,0.0064078125000000003,33.898508956278427,2.5491247390860376
1800,0.0064093750000000001,33.898666782369212,2.5491236517619527
1800,0.0064109375,33.898824647173903,2.5491225631677508
1800,0.0064125000000000007,33.898982550692708,2.5491214733020682
1800,0.0064140625000000005,33.899140492925845,2.5491203821635384
1800,0.0064156250000000003,33.899298473873515,2.5491192897507942
1800,0.0064171875000000001,33.899456493535936,2.5491181960624667
1800,0.00641875,33.899614551913324,2.549117101097186
1800,0.0064203125000000007,33.899772649005875,2.5491160048535813
1800,0.0064218750000000005,33.899930784813826,2.5491149073302792
1800,0.0064234375000000003,33.900088959337374,2.5491138085259069
1800,0.0064250000000000002,33.900247172576734,2.5491127084390874
1800,0.0064265625,33.90040542453211,2.5491116070684461
1800,0.0064281250000000007,33.900563715203717,2.5491105044126043
1800,0.0064296875000000005,33.900722044591767,2.5491094004701829
1800,0.0064312500000000003,33.900880412696473,2.5491082952398014
1800,0.0064328125000000002,33.901038819518043,2.5491071887200789
1800,0.006434375,33.901197265056702,2.5491060809096311
1800,0.0064359375000000007,33.901355749312657,2.5491049718070737
1800,0.0064375000000000005,33.901514272286128,2.5491038614110213
1800,0.0064390625000000003,33.901672833977322,2.5491027497200873
1800,0.0064406250000000002,33.901831434386452,2.5491016367328827
1800,0.0064421875,33.90199007351373,2.5491005224480179
1800,0.0064437500000000007,33.90214875135937,2.549099406864102
1800,0.0064453125000000005,33.902307467923585,2.5490982899797419
1800,0.0064468750000000003,33.902466223206588,2.549097171793544
1800,0.0064484375000000002,33.902625017208592,2.5490960523041135
1800,0.00645,33.902783849929811,2.5490949315100537
1800,0.0064515625000000007,33.902942721370472,2.5490938094099671
1800,0.0064531250000000005,33.903101631530781,2.5490926860024543
1800,0.0064546875000000004,33.903260580410944,2.5490915612861151
1800,0.0064562500000000002,33.903419568011188,2.549090435259548
1800,0.0064578125,33.903578594331719,2.5490893079213501
1800,0.0064593750000000007,33.903737659372752,2.5490881792701159
1800,0.0064609375000000005,33.903896763134505,2.5490870493044402
1800,0.0064625000000000004,33.904055905617192,2.5490859180229166
1800,0.0064640625000000002,33.904215086821026,2.5490847854241365
1800,0.006465625,33.90437430674622,2.5490836515066904
1800,0.0064671875000000007,33.904533565392995,2.5490825162691664
1800,0.0064687500000000005,33.904692862761557,2.5490813797101515
1800,0.0064703125000000004,33.904852198852126,2.5490802418282317
1800,0.0064718750000000002,33.905011573664908,2.5490791026219921
1800,0.0064734375,33.905170987200123,2.549077962090017
1800,0.0064750000000000007,33.905330439457984,2.5490768202308884
1800,0.0064765625000000005,33.905489930438705,2.5490756770431866
1800,0.0064781250000000004,33.905649460142506,2.5490745325254918
1800,0.0064796875000000002,33.905809028569607,2.5490733866763811
1800,0.00648125,33.905968635720214,2.5490722394944316
1800,0.0064828125000000007,33.906128281594548,2.5490710909782197
1800,0.0064843750000000006,33.906287966192828,2.549069941126318
1800,0.0064859375000000004,33.906447689515268,2.5490687899373001
1800,0.0064875000000000002,33.906607451562081,2.5490676374097365
1800,0.0064890625,33.906767252333495,2.5490664835421972
1800,0.0064906250000000007,33.906927091829722,2.5490653283332518
1800,0.0064921875000000006,33.907086970050976,2.5490641717814668
1800,0.0064937500000000004,33.90724688699747,2.5490630138854082
1800,0.0064953125000000002,33.907406842669431,2.5490618546436403
1800,0.006496875,33.907566837067066,2.5490606940547256
1800,0.0064984375000000007,33.907726870190594,2.5490595321172265
1800,0.0065000000000000006,33.907886942040236,2.5490583688297028
1800,0.0065015625000000004,33.908047052616197,2.5490572041907145
1800,0.0065031250000000002,33.908207201918707,2.5490560381988181
1800,0.0065046875000000001,33.908367389947969,2.5490548708525704
1800,0.0065062499999999999,33.908527616704212,2.5490537021505268
1800,0.0065078125000000006,33.90868788218765,2.5490525320912414
1800,0.0065093750000000004,33.908848186398501,2.549051360673265
1800,0.0065109375000000002,33.90900852933698,2.5490501878951481
1800,0.0065125000000000001,33.909168911003299,2.5490490137554409
1800,0.0065140624999999999,33.909329331397693,2.5490478382526911
1800,0.0065156250000000006,33.909489790520361,2.5490466613854448
1800,0.0065171875000000004,33.909650288371523,2.5490454831522475
1800,0.0065187500000000002,33.909810824951414,2.5490443035516437
1800,0.0065203125000000001,33.909971400260247,2.5490431225821757
1800,0.0065218749999999999,33.910132014298227,2.5490419402423843
1800,0.0065234375000000006,33.91029266706559,2.5490407565308089
1800,0.0065250000000000004,33.910453358562549,2.5490395714459888
1800,0.0065265625000000002,33.910614088789323,2.54903838498646
1800,0.0065281250000000001,33.910774857746119,2.5490371971507595
1800,0.0065296874999999999,33.910935665433172,2.549036007937421
1800,0.0065312500000000006,33.911096511850694,2.5490348173449773
1800,0.0065328125000000004,33.911257396998899,2.5490336253719592
1800,0.0065343750000000003,33.911418320878013,2.5490324320168969
1800,0.0065359375000000001,33.911579283488258,2.549031237278319
1800,0.0065374999999999999,33.911740284829847,2.5490300411547531
1800,0.0065390625000000006,33.911901324903006,2.549028843644725
1800,0.0065406250000000004,33.912062403707949,2.5490276447467592
1800,0.0065421875000000003,33.912223521244904,2.5490264444593786
1800,0.0065437500000000001,33.912384677514069,2.5490252427811049
1800,0.0065453124999999999,33.912545872515672,2.5490240397104573
1800,0.0065468750000000006,33.912707106249947,2.549022835245955
1800,0.0065484375000000004,33.912868378717107,2.5490216293861154
1800,0.0065500000000000003,33.913029689917366,2.5490204221294546
1800,0.0065515625000000001,33.91319103985095,2.5490192134744878
1800,0.0065531249999999999,33.913352428518081,2.5490180034197278
1800,0.0065546875000000006,33.913513855918971,2.549016791963687
1800,0.0065562500000000004,33.913675322053841,2.5490155791048754
1800,0.0065578125000000003,33.913836826922918,2.5490143648418018
1800,0.0065593750000000001,33.913998370526429,2.5490131491729735
1800,0.0065609374999999999,33.91415995286458,2.5490119320968971
1800,0.0065625000000000006,33.914321573937599,2.5490107136120779
1800,0.0065640625000000005,33.914483233745706,2.5490094937170187
1800,0.0065656250000000003,33.914644932289129,2.5490082724102212
1800,0.0065671875000000001,33.91480666956808,2.5490070496901862
1800,0.0065687499999999999,33.914968445582772,2.5490058255554131
1800,0.0065703125000000006,33.915130260333449,2.5490046000043987
1800,0.0065718750000000005,33.915292113820321,2.549003373035641
1800,0.0065734375000000003,33.91545400604361,2.5490021446476336
1800,0.0065750000000000001,33.915615937003551,2.5490009148388699
1800,0.0065765624999999999,33.915777906700349,2.5489996836078426
1800,0.0065781250000000006,33.915939915134224,2.5489984509530421
1800,0.0065796875000000005,33.916101962305405,2.5489972168729569
1800,0.0065812500000000003,33.91626404821411,2.5489959813660756
1800,0.0065828125000000001,33.916426172860575,2.5489947444308845
1800,0.006584375,33.916588336245013,2.5489935060658677
1800,0.0065859375000000006,33.916750538367651,2.5489922662695084
1800,0.0065875000000000005,33.916912779228717,2.548991025040289
1800,0.0065890625000000003,33.917075058828424,2.5489897823766898
1800,0.0065906250000000001,33.917237377166991,2.5489885382771913
1800,0.0065921875,33.917399734244654,2.5489872927402706
1800,0.0065937500000000007,33.917562130061626,2.5489860457644045
1800,0.0065953125000000005,33.917724564618126,2.548984797348067
1800,0.0065968750000000003,33.917887037914376,2.5489835474897315
1800,0.0065984375000000001,33.918049549950616,2.5489822961878708
1800,0.0066,33.918212100727061,2.5489810434409548
1800,0.0066015625000000007,33.91837469024393,2.5489797892474533
1800,0.0066031250000000005,33.91853731850145,2.5489785336058328
1800,0.0066046875000000003,33.918699985499835,2.54897727651456
1800,0.0066062500000000001,33.918862691239305,2.5489760179720999
1800,0.0066078125,33.919025435720094,2.5489747579769158
1800,0.0066093750000000007,33.919188218942423,2.5489734965274695
1800,0.0066109375000000005,33.91935104090652,2.5489722336222211
1800,0.0066125000000000003,33.919513901612611,2.5489709692596301
1800,0.0066140625000000001,33.919676801060923,2.5489697034381531
1800,0.006615625,33.919839739251685,2.5489684361562479
1800,0.0066171875000000007,33.92000271618511,2.5489671674123686
1800,0.0066187500000000005,33.920165731861438,2.548965897204968
1800,0.0066203125000000003,33.920328786280884,2.5489646255324971
1800,0.0066218750000000002,33.920491879443674,2.5489633523934079
1800,0.0066234375,33.920655011350021,2.5489620777861481
1800,0.0066250000000000007,33.920818182000161,2.5489608017091658
1800,0.0066265625000000005,33.920981391394321,2.5489595241609071
1800,0.0066281250000000003,33.92114463953272,2.5489582451398158
1800,0.0066296875000000002,33.921307926415594,2.5489569646443346
1800,0.00663125,33.921471252043162,2.5489556826729061
1800,0.0066328125000000007,33.921634616415652,2.5489543992239692
1800,0.0066343750000000005,33.921798019533277,2.5489531142959625
1800,0.0066359375000000003,33.921961461396279,2.5489518278873242
1800,0.0066375000000000002,33.922124942004871,2.5489505399964894
1800,0.0066390625,33.922288461359287,2.548949250621892
1800,0.0066406250000000007,33.92245201945974,2.5489479597619646
1800,0.0066421875000000005,33.922615616306473,2.5489466674151395
1800,0.0066437500000000003,33.922779251899712,2.5489453735798451
1800,0.0066453125000000002,33.922942926239671,2.5489440782545105
1800,0.006646875,33.923106639326583,2.5489427814375629
1800,0.0066484375000000007,33.923270391160678,2.5489414831274284
1800,0.0066500000000000005,33.923434181742167,2.5489401833225296
1800,0.0066515625000000004,33.923598011071292,2.5489388820212886
1800,0.0066531250000000002,33.92376187914828,2.5489375792221263
1800,0.0066546875,33.92392578597336,2.548936274923463
1800,0.0066562500000000007,33.924089731546751,2.5489349691237169
1800,0.0066578125000000005,33.924253715868687,2.5489336618213048
1800,0.0066593750000000004,33.924417738939404,2.5489323530146408
1800,0.0066609375000000002,33.924581800759121,2.5489310427021383
1800,0.0066625,33.924745901328059,2.5489297308822101
1800,0.0066640625000000007,33.924910040646445,2.5489284175532663
1800,0.0066656250000000005,33.925074218714514,2.5489271027137161
1800,0.0066671875000000004,33.925238435532499,2.5489257863619676
1800,0.0066687500000000002,33.925402691100615,2.5489244684964265
1800,0.0066703125,33.925566985419103,2.548923149115498
1800,0.0066718750000000007,33.925731318488197,2.5489218282175847
1800,0.0066734375000000005,33.925895690308103,2.5489205058010884
1800,0.0066750000000000004,33.926060100879056,2.5489191818644095
1800,0.0066765625000000002,33.926224550201276,2.5489178564059465
1800,0.006678125,33.926389038275012,2.5489165294240963
1800,0.0066796875000000007,33.92655356510047,2.5489152009172549
1800,0.0066812500000000006,33.926718130677898,2.5489138708838159
1800,0.0066828125000000004,33.926882735007517,2.5489125393221719
1800,0.0066843750000000002,33.927047378089554,2.5489112062307151
1800,0.0066859375,33.927212059924237,2.5489098716078344
1800,0.0066875000000000007,33.927376780511807,2.5489085354519188
1800,0.0066890625000000006,33.927541539852491,2.5489071977613538
1800,0.0066906250000000004,33.927706337946518,2.5489058585345252
1800,0.0066921875000000002,33.927871174794106,2.5489045177698153
1800,0.00669375,33.928036050395484,2.5489031754656071
1800,0.0066953125000000007,33.928200964750886,2.5489018316202809
1800,0.0066968750000000006,33.928365917860546,2.5489004862322164
1800,0.0066984375000000004,33.928530909724692,2.5488991392997917
1800,0.0067000000000000002,33.928695940343559,2.5488977908213823
1800,0.0067015625000000001,33.928861009717373,2.5488964407953634
1800,0.0067031250000000007,33.929026117846369,2.5488950892201072
1800,0.0067046875000000006,33.929191264730775,2.5488937360939854
1800,0.0067062500000000004,33.929356450370825,2.5488923814153681
1800,0.0067078125000000002,33.929521674766747,2.5488910251826242
1800,0.0067093750000000001,33.929686937918767,2.5488896673941199
1800,0.0067109374999999999,33.92985223982712,2.548888308048221
1800,0.0067125000000000006,33.930017580492027,2.5488869471432918
1800,0.0067140625000000004,33.930182959913729,2.5488855846776941
1800,0.0067156250000000002,33.930348378092454,2.5488842206497897
1800,0.0067171875000000001,33.930513835028428,2.5488828550579377
1800,0.0067187499999999999,33.930679330721887,2.5488814879004957
1800,0.0067203125000000006,33.930844865173071,2.5488801191758208
1800,0.0067218750000000004,33.931010438382216,2.5488787488822671
1800,0.0067234375000000002,33.931176050349542,2.5488773770181878
1800,0.0067250000000000001,33.931341701075269,2.5488760035819347
1800,0.0067265624999999999,33.931507390559645,2.5488746285718586
1800,0.0067281250000000006,33.931673118802912,2.5488732519863078
1800,0.0067296875000000004,33.931838885805284,2.5488718738236287
1800,0.0067312500000000003,33.932004691566988,2.5488704940821671
1800,0.0067328125000000001,33.932170536088265,2.5488691127602672
1800,0.0067343749999999999,33.932336419369349,2.5488677298562723
1800,0.0067359375000000006,33.932502341410476,2.5488663453685221
1800,0.0067375000000000004,33.93266830221188,2.5488649592953565
1800,0.0067390625000000003,33.932834301773788,2.5488635716351138
1800,0.0067406250000000001,33.933000340096434,2.5488621823861304
1800,0.0067421874999999999,33.933166417180047,2.5488607915467409
1800,0.0067437500000000006,33.93333253302486,2.5488593991152784
1800,0.0067453125000000004,33.933498687631115,2.5488580050900747
1800,0.0067468750000000003,33.933664880999032,2.5488566094694591
1800,0.0067484375000000001,33.933831113128853,2.5488552122517611
1800,0.0067499999999999999,33.933997384020813,2.5488538134353083
1800,0.0067515625000000006,33.934163693675139,2.5488524130184258
1800,0.0067531250000000004,33.934330042092071,2.5488510109994378
1800,0.0067546875000000003,33.934496429271832,2.548849607376666
1800,0.0067562500000000001,33.934662855214668,2.5488482021484318
1800,0.0067578124999999999,33.934829319920816,2.5488467953130538
1800,0.0067593750000000006,33.934995823390501,2.5488453868688499
1800,0.0067609375000000005,33.93516236562396,2.5488439768141364
1800,0.0067625000000000003,33.935328946621432,2.5488425651472282
1800,0.0067640625000000001,33.935495566383139,2.5488411518664384
1800,0.0067656249999999999,33.935662224909322,2.5488397369700784
1800,0.0067671875000000006,33.935828922200223,2.5488383204564573
1800,0.0067687500000000005,33.935995658256054,2.5488369023238842
1800,0.0067703125000000003,33.936162433077065,2.5488354825706661
1800,0.0067718750000000001,33.936329246663497,2.5488340611951084
1800,0.0067734374999999999,33.936496099015571,2.5488326381955142
1800,0.0067750000000000006,33.936662990133527,2.5488312135701863
1800,0.0067765625000000005,33.936829920017608,2.5488297873174246
1800,0.0067781250000000003,33.936996888668055,2.5488283594355283
1800,0.0067796875000000001,33.937163896085103,2.5488269299227948
1800,0.00678125,33.937330942268979,2.5488254987775196
1800,0.0067828125000000006,33.937498027219924,2.548824065997997
1800,0.0067843750000000005,33.937665150938173,2.5488226315825195
1800,0.0067859375000000003,33.937832313423961,2.5488211955293796
1800,0.0067875000000000001,33.937999514677522,2.5488197578368657
1800,0.0067890625,33.938166754699097,2.5488183185032662
1800,0.0067906250000000007,33.938334033488921,2.5488168775268671
1800,0.0067921875000000005,33.938501351047229,2.5488154349059537
1800,0.0067937500000000003,33.938668707374248,2.5488139906388083
1800,0.0067953125000000001,33.938836102470226,2.5488125447237127
1800,0.006796875,33.939003536335406,2.5488110971589468
1800,0.0067984375000000007,33.939171008970014,2.5488096479427891
1800,0.0068000000000000005,33.939338520374292,2.5488081970735164
1800,0.0068015625000000003,33.939506070548468,2.5488067445494038
1800,0.0068031250000000001,33.939673659492776,2.5488052903687257
1800,0.0068046875,33.939841287207457,2.5488038345297532
1800,0.0068062500000000007,33.940008953692747,2.5488023770307571
1800,0.0068078125000000005,33.940176658948886,2.5488009178700062
1800,0.0068093750000000003,33.940344402976109,2.5487994570457677
1800,0.0068109375000000002,33.940512185774658,2.5487979945563075
1800,0.0068125,33.940680007344767,2.5487965303998892
1800,0.0068140625000000007,33.940847867686685,2.5487950645747759
1800,0.0068156250000000005,33.941015766800639,2.5487935970792286
1800,0.0068171875000000003,33.941183704686871,2.5487921279115064
1800,0.0068187500000000002,33.941351681345623,2.5487906570698668
1800,0.0068203125,33.941519696777121,2.5487891845525659
1800,0.0068218750000000007,33.941687750981608,2.5487877103578573
1800,0.0068234375000000005,33.941855843959324,2.5487862344839951
1800,0.0068250000000000003,33.942023975710519,2.5487847569292303
1800,0.0068265625000000002,33.942192146235413,2.5487832776918129
1800,0.006828125,33.942360355534255,2.5487817967699899
1800,0.0068296875000000007,33.942528603607286,2.5487803141620082
1800,0.0068312500000000005,33.942696890454734,2.5487788298661127
1800,0.0068328125000000003,33.942865216076839,2.5487773438805466
1800,0.0068343750000000002,33.943033580473845,2.5487758562035498
1800,0.0068359375,33.943201983645984,2.548774366833364
1800,0.0068375000000000007,33.9433704255935,2.5487728757682273
1800,0.0068390625000000005,33.94353890631664,2.5487713830063754
1800,0.0068406250000000004,33.943707425815639,2.5487698885460439
1800,0.0068421875000000002,33.943875984090738,2.5487683923854667
1800,0.00684375,33.944044581142172,2.5487668945228759
1800,0.0068453125000000007,33.944213216970198,2.5487653949565008
1800,0.0068468750000000005,33.944381891575041,2.5487638936845709
1800,0.0068484375000000004,33.944550604956945,2.548762390705313
1800,0.0068500000000000002,33.944719357116142,2.5487608860169528
1800,0.0068515625,33.944888148052875,2.5487593796177128
1800,0.0068531250000000007,33.945056977767393,2.5487578715058161
1800,0.0068546875000000005,33.945225846259923,2.5487563616794824
1800,0.0068562500000000004,33.945394753530714,2.5487548501369308
1800,0.0068578125000000002,33.945563699580013,2.5487533368763784
1800,0.006859375,33.94573268440805,2.5487518218960408
1800,0.0068609375000000007,33.945901708015057,2.5487503051941327
1800,0.0068625000000000005,33.946070770401299,2.5487487867688654
1800,0.0068640625000000004,33.946239871567009,2.5487472666184496
1800,0.0068656250000000002,33.946409011512422,2.5487457447410948
1800,0.0068671875,33.946578190237787,2.5487442211350082
1800,0.0068687500000000007,33.946747407743345,2.5487426957983952
1800,0.0068703125000000006,33.946916664029324,2.548741168729459
1800,0.0068718750000000004,33.947085959095979,2.5487396399264033
1800,0.0068734375000000002,33.947255292943559,2.5487381093874286
1800,0.006875,33.947424665572299,2.5487365771107338
1800,0.0068765625000000007,33.94759407698244,2.5487350430945157
1800,0.0068781250000000006,33.947763527174232,2.5487335073369715
1800,0.0068796875000000004,33.9479330161479,2.5487319698362949
1800,0.0068812500000000002,33.948102543903694,2.5487304305906782
1800,0.0068828125,33.948272110441863,2.5487288895983129
1800,0.0068843750000000007,33.948441715762648,2.5487273468573877
1800,0.0068859375000000006,33.948611359866284,2.5487258023660897
1800,0.0068875000000000004,33.948781042753026,2.5487242561226058
1800,0.0068890625000000002,33.948950764423103,2.5487227081251191
1800,0.006890625,33.949120524876768,2.5487211583718126
1800,0.0068921875000000007,33.949290324114259,2.5487196068608675
1800,0.0068937500000000006,33.949460162135814,2.5487180535904623
1800,0.0068953125000000004,33.949630038941692,2.5487164985587749
1800,0.0068968750000000002,33.949799954532125,2.5487149417639814
1800,0.0068984375000000001,33.949969908907356,2.5487133832042566
1800,0.0069000000000000008,33.950139902067626,2.5487118228777725
1800,0.0069015625000000006,33.950309934013191,2.5487102607827001
1800,0.0069031250000000004,33.950480004744293,2.5487086969172088
1800,0.0069046875000000002,33.95065011426118,2.5487071312794662
1800,0.0069062500000000001,33.950820262564093,2.5487055638676379
1800,0.0069078125000000008,33.950990449653276,2.5487039946798875
1800,0.0069093750000000006,33.951160675528975,2.5487024237143774
1800,0.0069109375000000004,33.951330940191426,2.5487008509692699
1800,0.0069125000000000002,33.951501243640877,2.548699276442723
1800,0.0069140625000000001,33.95167158587757,2.5486977001328945
1800,0.0069156250000000008,33.951841966901753,2.5486961220379412
1800,0.0069171875000000006,33.952012386713669,2.5486945421560159
1800,0.0069187500000000004,33.952182845313565,2.5486929604852717
1800,0.0069203125000000002,33.952353342701691,2.5486913770238595
1800,0.0069218750000000001,33.952523878878281,2.5486897917699283
1800,0.0069234374999999999,33.952694453843584,2.5486882047216257
1800,0.0069250000000000006,33.952865067597855,2.5486866158770969
1800,0.0069265625000000004,33.953035720141337,2.5486850252344864
1800,0.0069281250000000003,33.953206411474262,2.5486834327919357
1800,0.0069296875000000001,33.953377141596889,2.5486818385475867
1800,0.0069312499999999999,33.953547910509471,2.5486802424995774
1800,0.0069328125000000006,33.953718718212237,2.5486786446460452
1800,0.0069343750000000004,33.953889564705435,2.5486770449851255
1800,0.0069359375000000003,33.954060449989306,2.548675443514953
1800,0.0069375000000000001,33.954231374064115,2.5486738402336591
1800,0.0069390624999999999,33.954402336930087,2.548672235139374
1800,0.0069406250000000006,33.95457333858748,2.5486706282302274
1800,0.0069421875000000004,33.954744379036555,2.548669019504346
1800,0.0069437500000000003,33.954915458277547,2.5486674089598553
1800,0.0069453125000000001,33.955086576310691,2.5486657965948791
1800,0.0069468749999999999,33.955257733136243,2.5486641824075393
1800,0.0069484375000000006,33.955428928754458,2.5486625663959561
1800,0.0069500000000000004,33.95560016316557,2.5486609485582479
1800,0.0069515625000000003,33.955771436369837,2.5486593288925312
1800,0.0069531250000000001,33.955942748367505,2.5486577073969214
1800,0.0069546874999999999,33.95611409915881,2.548656084069532
1800,0.0069562500000000006,33.956285488744008,2.5486544589084743
1800,0.0069578125000000005,33.956456917123354,2.5486528319118587
1800,0.0069593750000000003,33.956628384297098,2.5486512030777928
1800,0.0069609375000000001,33.956799890265479,2.5486495724043841
1800,0.0069624999999999999,33.956971435028755,2.5486479398897375
1800,0.0069640625000000006,33.957143018587168,2.548646305531955
1800,0.0069656250000000005,33.957314640940972,2.5486446693291387
1800,0.0069671875000000003,33.957486302090402,2.5486430312793886
1800,0.0069687500000000001,33.957658002035721,2.5486413913808015
1800,0.0069703124999999999,33.957829740777164,2.5486397496314743
1800,0.0069718750000000006,33.958001518314973,2.548638106029502
1800,0.0069734375000000005,33.958173334649409,2.5486364605729772
1800,0.0069750000000000003,33.958345189780722,2.5486348132599903
1800,0.0069765625000000001,33.958517083709154,2.5486331640886304
1800,0.006978125,33.95868901643496,2.5486315130569852
1800,0.0069796875000000006,33.958860987958396,2.5486298601631403
1800,0.0069812500000000005,33.959032998279703,2.5486282054051808
1800,0.0069828125000000003,33.959205047399131,2.5486265487811877
1800,0.0069843750000000001,33.959377135316927,2.5486248902892426
1800,0.0069859375,33.959549262033342,2.5486232299274247
1800,0.0069875000000000007,33.959721427548622,2.5486215676938104
1800,0.0069890625000000005,33.959893631863025,2.5486199035864749
1800,0.0069906250000000003,33.960065874976792,2.5486182376034932
1800,0.0069921875000000001,33.960238156890185,2.5486165697429364
1800,0.00699375,33.960410477603453,2.5486149000028742
1800,0.0069953125000000007,33.960582837116839,2.5486132283813756
1800,0.0069968750000000005,33.960755235430604,2.5486115548765067
1800,0.0069984375000000003,33.960927672545004,2.548609879486333
1800,0.0070000000000000001,33.961100148460275,2.5486082022089178
1800,0.0070015625,33.961272663176672,2.5486065230423223
1800,0.0070031250000000007,33.961445216694436,2.5486048419846066
1800,0.0070046875000000005,33.961617809013831,2.5486031590338278
1800,0.0070062500000000003,33.961790440135111,2.5486014741880418
1800,0.0070078125000000002,33.96196311005852,2.5485997874453035
1800,0.007009375,33.962135818784311,2.5485980988036663
1800,0.0070109375000000007,33.962308566312743,2.5485964082611803
1800,0.0070125000000000005,33.962481352644055,2.548594715815895
1800,0.0070140625000000003,33.962654177778504,2.5485930214658583
1800,0.0070156250000000002,33.962827041716345,2.5485913252091148
1800,0.0070171875,33.962999944457827,2.5485896270437087
1800,0.0070187500000000007,33.963172886003207,2.5485879269676825
1800,0.0070203125000000005,33.963345866352739,2.5485862249790765
1800,0.0070218750000000003,33.96351888550668,2.5485845210759286
1800,0.0070234375000000002,33.963691943465264,2.5485828152562759
1800,0.007025,33.963865040228747,2.5485811075181539
1800,0.0070265625000000007,33.964038175797384,2.5485793978595952
1800,0.0070281250000000005,33.964211350171425,2.5485776862786316
1800,0.0070296875000000003,33.964384563351125,2.5485759727732926
1800,0.0070312500000000002,33.96455781533674,2.548574257341607
1800,0.0070328125,33.964731106128525,2.5485725399815999
1800,0.0070343750000000007,33.96490443572673,2.5485708206912956
1800,0.0070359375000000005,33.96507780413161,2.5485690994687169
1800,0.0070375000000000004,33.965251211343421,2.5485673763118846
1800,0.0070390625000000002,33.965424657362412,2.5485656512188184
1800,0.007040625,33.965598142188831,2.5485639241875351
1800,0.0070421875000000007,33.965771665822935,2.54856219521605
1800,0.0070437500000000005,33.965945228264978,2.5485604643023763
1800,0.0070453125000000004,33.966118829515217,2.5485587314445266
1800,0.0070468750000000002,33.966292469573901,2.5485569966405111
1800,0.0070484375,33.966466148441292,2.5485552598883379
1800,0.0070500000000000007,33.966639866117639,2.5485535211860131
1800,0.0070515625000000005,33.966813622603198,2.5485517805315423
1800,0.0070531250000000004,33.966987417898217,2.5485500379229284
1800,0.0070546875000000002,33.967161252002967,2.5485482933581722
1800,0.00705625,33.967335124917696,2.548546546835273
1800,0.0070578125000000007,33.967509036642667,2.548544798352228
1800,0.0070593750000000005,33.967682987178129,2.5485430479070335
1800,0.0070609375000000004,33.967856976524338,2.5485412954976834
1800,0.0070625000000000002,33.968031004681542,2.5485395411221696
1800,0.0070640625,33.96820507164999,2.5485377847784827
1800,0.0070656250000000007,33.968379177429952,2.5485360264646109
1800,0.0070671875000000006,33.968553322021677,2.5485342661785406
1800,0.0070687500000000004,33.96872750542542,2.5485325039182567
1800,0.0070703125000000002,33.968901727641445,2.5485307396817429
1800,0.007071875,33.969075988669999,2.5485289734669805
1800,0.0070734375000000007,33.96925028851134,2.5485272052719483
1800,0.0070750000000000006,33.969424627165722,2.5485254350946245
1800,0.0070765625000000004,33.969599004633409,2.5485236629329853
1800,0.0070781250000000002,33.969773420914649,2.5485218887850039
1800,0.0070796875,33.969947876009691,2.5485201126486525
1800,0.0070812500000000007,33.970122369918805,2.5485183345219022
1800,0.0070828125000000006,33.970296902642247,2.5485165544027213
1800,0.0070843750000000004,33.970471474180272,2.5485147722890757
1800,0.0070859375000000002,33.970646084533129,2.5485129881789312
1800,0.0070875,33.970820733701089,2.5485112020702507
1800,0.0070890625000000007,33.970995421684407,2.5485094139609954
1800,0.0070906250000000006,33.971170148483331,2.5485076238491251
1800,0.0070921875000000004,33.971344914098133,2.5485058317325966
1800,0.0070937500000000002,33.971519718529052,2.5485040376093671
1800,0.0070953125000000001,33.971694561776367,2.5485022414773901
1800,0.0070968750000000008,33.971869443840319,2.5485004433346172
1800,0.0070984375000000006,33.972044364721171,2.5484986431789993
1800,0.0071000000000000004,33.972219324419186,2.5484968410084843
1800,0.0071015625000000002,33.972394322934605,2.54849503682102
1800,0.0071031250000000001,33.972569360267698,2.5484932306145502
1800,0.0071046875000000008,33.972744436418722,2.5484914223870185
1800,0.0071062500000000006,33.972919551387939,2.5484896121363656
1800,0.0071078125000000004,33.973094705175598,2.5484877998605304
1800,0.0071093750000000002,33.973269897781968,2.5484859855574511
1800,0.0071109375000000001,33.973445129207306,2.5484841692250639
1800,0.0071125000000000008,33.97362039945186,2.5484823508613021
1800,0.0071140625000000006,33.973795708515901,2.5484805304640972
1800,0.0071156250000000004,33.973971056399691,2.5484787080313795
1800,0.0071171875000000002,33.974146443103486,2.5484768835610767
1800,0.0071187500000000001,33.974321868627541,2.5484750570511152
1800,0.0071203125000000008,33.974497332972113,2.5484732284994198
1800,0.0071218750000000006,33.974672836137472,2.5484713979039135
1800,0.0071234375000000004,33.97484837812388,2.5484695652625167
1800,0.0071250000000000003,33.975023958931594,2.5484677305731487
1800,0.0071265625000000001,33.975199578560868,2.5484658938337259
1800,0.0071281249999999999,33.97537523701196,2.5484640550421642
1800,0.0071296875000000006,33.975550934285124,2.5484622141963769
1800,0.0071312500000000004,33.975726670380624,2.5484603712942753
1800,0.0071328125000000003,33.975902445298729,2.5484585263337687
1800,0.0071343750000000001,33.976078259039696,2.5484566793127659
1800,0.0071359374999999999,33.976254111603787,2.5484548302291725
1800,0.0071375000000000006,33.976430002991258,2.5484529790808921
1800,0.0071390625000000004,33.976605933202372,2.5484511258658271
1800,0.0071406250000000003,33.976781902237398,2.5484492705818775
1800,0.0071421875000000001,33.976957910096587,2.5484474132269415
1800,0.0071437499999999999,33.977133956780193,2.5484455537989166
1800,0.0071453125000000006,33.977310042288487,2.5484436922956974
1800,0.0071468750000000004,33.977486166621723,2.5484418287151769
1800,0.0071484375000000003,33.977662329780173,2.5484399630552454
1800,0.0071500000000000001,33.977838531764093,2.5484380953137924
1800,0.0071515624999999999,33.978014772573744,2.5484362254887056
1800,0.0071531250000000006,33.97819105220939,2.5484343535778695
1800,0.0071546875000000005,33.978367370671286,2.5484324795791684
1800,0.0071562500000000003,33.97854372795971,2.5484306034904827
1800,0.0071578125000000001,33.978720124074911,2.5484287253096927
1800,0.0071593749999999999,33.978896559017151,2.5484268450346761
1800,0.0071609375000000006,33.979073032786701,2.5484249626633089
1800,0.0071625000000000005,33.979249545383823,2.5484230781934647
1800,0.0071640625000000003,33.979426096808773,2.5484211916230164
1800,0.0071656250000000001,33.979602687061814,2.5484193029498341
1800,0.0071671874999999999,33.979779316143208,2.5484174121717866
1800,0.0071687500000000006,33.979955984053213,2.5484155192867393
1800,0.0071703125000000005,33.980132690792097,2.5484136242925572
1800,0.0071718750000000003,33.98030943636013,2.5484117271871036
1800,0.0071734375000000001,33.980486220757562,2.5484098279682388
1800,0.007175,33.98066304398467,2.5484079266338218
1800,0.0071765625000000006,33.980839906041716,2.5484060231817089
1800,0.0071781250000000005,33.981016806928956,2.5484041176097558
1800,0.0071796875000000003,33.98119374664666,2.5484022099158157
1800,0.0071812500000000001,33.981370725195085,2.5484003000977395
1800,0.0071828125,33.981547742574499,2.5483983881533763
1800,0.0071843750000000007,33.981724798785166,2.5483964740805738
1800,0.0071859375000000005,33.981901893827363,2.5483945578771774
1800,0.0071875000000000003,33.982079027701339,2.548392639541031
1800,0.0071890625000000001,33.982256200407363,2.5483907190699764
1800,0.007190625,33.982433411945699,2.548388796461853
1800,0.0071921875000000007,33.98261066231661,2.5483868717144995
1800,0.0071937500000000005,33.982787951520365,2.5483849448257505
1800,0.0071953125000000003,33.982965279557227,2.5483830157934411
1800,0.0071968750000000001,33.983142646427467,2.5483810846154027
1800,0.0071984375,33.98332005213134,2.5483791512894665
1800,0.0072000000000000007,33.983497496669123,2.5483772158134599
1800,0.0072015625000000005,33.983674980041073,2.5483752781852105
1800,0.0072031250000000003,33.983852502247451,2.5483733384025418
1800,0.0072046875000000002,33.984030063288529,2.5483713964632759
1800,0.00720625,33.984207663164568,2.5483694523652343
1800,0.0072078125000000007,33.98438530187584,2.5483675061062354
1800,0.0072093750000000005,33.984562979422599,2.5483655576840967
1800,0.0072109375000000003,33.984740695805115,2.5483636070966322
1800,0.0072125000000000002,33.98491845102366,2.548361654341655
1800,0.0072140625,33.985096245078495,2.5483596994169764
1800,0.0072156250000000007,33.985274077969883,2.5483577423204045
1800,0.0072171875000000005,33.985451949698103,2.5483557830497467
1800,0.0072187500000000003,33.985629860263408,2.5483538216028085
1800,0.0072203125000000002,33.985807809666078,2.5483518579773929
1800,0.007221875,33.985985797906359,2.5483498921713008
1800,0.0072234375000000007,33.986163824984544,2.5483479241823326
1800,0.0072250000000000005,33.986341890900896,2.5483459540082851
1800,0.0072265625000000003,33.986519995655676,2.548343981646954
1800,0.0072281250000000002,33.98669813924915,2.548342007096132
1800,0.0072296875,33.986876321681592,2.5483400303536108
1800,0.0072312500000000007,33.98705454295326,2.5483380514171796
1800,0.0072328125000000005,33.987232803064423,2.5483360702846265
1800,0.0072343750000000004,33.987411102015351,2.5483340869537372
1800,0.0072359375000000002,33.987589439806314,2.5483321014222957
1800,0.0072375,33.987767816437575,2.5483301136880834
1800,0.0072390625000000007,33.987946231909405,2.5483281237488811
1800,0.0072406250000000005,33.988124686222065,2.5483261316024657
1800,0.0072421875000000004,33.988303179375826,2.5483241372466141
1800,0.0072437500000000002,33.988481711370966,2.5483221406790997
1800,0.0072453125,33.988660282207746,2.548320141897694
1800,0.0072468750000000007,33.988838891886445,2.5483181409001667
1800,0.0072484375000000005,33.989017540407325,2.5483161376842869
1800,0.0072500000000000004,33.989196227770648,2.5483141322478211
1800,0.0072515625000000002,33.989374953976693,2.548312124588533
1800,0.007253125,33.989553719025722,2.5483101147041842
1800,0.0072546875000000007,33.989732522918011,2.5483081025925349
1800,0.0072562500000000005,33.989911365653832,2.5483060882513442
1800,0.0072578125000000004,33.990090247233447,2.5483040716783671
1800,0.0072593750000000002,33.990269167657125,2.5483020528713589
1800,0.0072609375,33.990448126925138,2.5483000318280711
1800,0.0072625000000000007,33.990627125037754,2.5482980085462539
1800,0.0072640625000000006,33.990806161995245,2.5482959830236571
1800,0.0072656250000000004,33.990985237797879,2.5482939552580262
1800,0.0072671875000000002,33.991164352445928,2.548291925247105
1800,0.00726875,33.991343505939668,2.5482898929886364
1800,0.0072703125000000007,33.991522698279354,2.5482878584803612
1800,0.0072718750000000006,33.991701929465265,2.5482858217200177
1800,0.0072734375000000004,33.991881199497669,2.5482837827053419
1800,0.0072750000000000002,33.992060508376845,2.5482817414340686
1800,0.0072765625,33.992239856103055,2.5482796979039302
1800,0.0072781250000000007,33.992419242676576,2.5482776521126578
1800,0.0072796875000000006,33.992598668097678,2.5482756040579795
1800,0.0072812500000000004,33.992778132366624,2.5482735537376215
1800,0.0072828125000000002,33.992957635483698,2.5482715011493084
1800,0.0072843750000000001,33.993137177449164,2.5482694462907634
1800,0.0072859375000000007,33.993316758263298,2.5482673891597059
1800,0.0072875000000000006,33.99349637792637,2.5482653297538551
1800,0.0072890625000000004,33.99367603643865,2.5482632680709272
1800,0.0072906250000000002,33.993855733800409,2.5482612041086368
1800,0.0072921875000000001,33.99403547001193,2.5482591378646968
1800,0.0072937500000000008,33.994215245073477,2.5482570693368172
1800,0.0072953125000000006,33.994395058985312,2.5482549985227068
1800,0.0072968750000000004,33.994574911747719,2.5482529254200719
1800,0.0072984375000000002,33.994754803360969,2.5482508500266166
1800,0.0073000000000000001,33.994934733825339,2.548248772340044
1800,0.0073015625000000008,33.995114703141091,2.5482466923580547
1800,0.0073031250000000006,33.99529471130851,2.5482446100783469
1800,0.0073046875000000004,33.995474758327866,2.5482425254986176
1800,0.0073062500000000002,33.995654844199436,2.5482404386165602
1800,0.0073078125000000001,33.995834968923475,2.5482383494298682
1800,0.0073093750000000008,33.996015132500276,2.5482362579362303
1800,0.0073109375000000006,33.996195334930093,2.5482341641333357
1800,0.0073125000000000004,33.996375576213211,2.5482320680188715
1800,0.0073140625000000003,33.996555856349907,2.5482299695905217
1800,0.0073156250000000001,33.996736175340445,2.5482278688459692
1800,0.0073171875000000008,33.9969165331851,2.5482257657828926
1800,0.0073187500000000006,33.997096929884158,2.5482236603989703
1800,0.0073203125000000004,33.997277365437881,2.5482215526918788
1800,0.0073218750000000003,33.997457839846547,2.5482194426592928
1800,0.0073234375000000001,33.997638353110425,2.5482173302988844
1800,0.0073250000000000008,33.997818905229799,2.5482152156083235
1800,0.0073265625000000006,33.997999496204947,2.5482130985852782
1800,0.0073281250000000004,33.998180126036132,2.5482109792274148
1800,0.0073296875000000003,33.998360794723631,2.5482088575323969
1800,0.0073312500000000001,33.99854150226772,2.5482067334978868
1800,0.0073328124999999999,33.998722248668678,2.5482046071215438
1800,0.0073343750000000006,33.998903033926773,2.5482024784010262
1800,0.0073359375000000004,33.999083858042283,2.5482003473339896
1800,0.0073375000000000003,33.999264721015479,2.5481982139180888
1800,0.0073390625000000001,33.999445622846643,2.5481960781509745
1800,0.0073406249999999999,33.999626563536047,2.5481939400302971
1800,0.0073421875000000006,33.999807543083975,2.5481917995537038
1800,0.0073437500000000005,33.999988561490703,2.5481896567188409
1800,0.0073453125000000003,34.000169618756509,2.5481875115233508
1800,0.0073468750000000001,34.000350714881662,2.5481853639648757
1800,0.0073484374999999999,34.000531849866441,2.548183214041055
1800,0.0073500000000000006,34.000713023711114,2.5481810617495255
1800,0.0073515625000000005,34.000894236415959,2.5481789070879231
1800,0.0073531250000000003,34.001075487981261,2.548176750053881
1800,0.0073546875000000001,34.001256778407289,2.5481745906450306
1800,0.0073562499999999999,34.00143810769432,2.5481724288590009
1800,0.0073578125000000006,34.001619475842631,2.5481702646934186
1800,0.0073593750000000005,34.0018008828525,2.5481680981459087
1800,0.0073609375000000003,34.001982328724203,2.548165929214095
1800,0.0073625000000000001,34.002163813458019,2.5481637578955976
1800,0.0073640624999999999,34.00234533705423,2.5481615841880361
1800,0.0073656250000000006,34.002526899513114,2.5481594080890266
1800,0.0073671875000000005,34.002708500834949,2.5481572295961832
1800,0.0073687500000000003,34.002890141019996,2.5481550487071205
1800,0.0073703125000000001,34.003071820068548,2.5481528654194476
1800,0.007371875,34.003253537980882,2.5481506797307727
1800,0.0073734375000000007,34.003435294757267,2.5481484916387025
1800,0.0073750000000000005,34.003617090397995,2.5481463011408412
1800,0.0073765625000000003,34.003798924903343,2.5481441082347915
1800,0.0073781250000000001,34.003980798273588,2.5481419129181533
1800,0.0073796875,34.004162710508993,2.5481397151885243
1800,0.0073812500000000007,34.004344661609856,2.5481375150435004
1800,0.0073828125000000005,34.004526651576455,2.5481353124806758
1800,0.0073843750000000003,34.00470868040906,2.5481331074976419
1800,0.0073859375000000001,34.004890748107961,2.5481309000919889
1800,0.0073875,34.005072854673436,2.5481286902613043
1800,0.0073890625000000007,34.005255000105755,2.5481264780031734
1800,0.0073906250000000005,34.005437184405196,2.5481242633151799
1800,0.0073921875000000003,34.005619407572041,2.5481220461949055
1800,0.0073937500000000001,34.005801669606576,2.5481198266399288
1800,0.0073953125,34.005983970509078,2.5481176046478273
1800,0.0073968750000000007,34.006166310279824,2.5481153802161756
1800,0.0073984375000000005,34.006348688919097,2.548113153342547
1800,0.0074000000000000003,34.006531106427175,2.5481109240245123
1800,0.0074015625000000002,34.006713562804336,2.5481086922596403
1800,0.007403125,34.00689605805087,2.5481064580454977
1800,0.0074046875000000007,34.007078592167055,2.5481042213796488
1800,0.0074062500000000005,34.007261165153174,2.5481019822596553
1800,0.0074078125000000003,34.007443777009499,2.5480997406830781
1800,0.0074093750000000002,34.007626427736319,2.548097496647475
1800,0.0074109375,34.007809117333906,2.5480952501504022
1800,0.0074125000000000007,34.007991845802543,2.5480930011894141
1800,0.0074140625000000005,34.008174613142508,2.5480907497620624
1800,0.0074156250000000003,34.008357419354091,2.5480884958658976
1800,0.0074171875000000002,34.00854026443757,2.548086239498466
1800,0.00741875,34.00872314839323,2.5480839806573137
1800,0.0074203125000000007,34.008906071221347,2.5480817193399838
1800,0.0074218750000000005,34.009089032922198,2.5480794555440172
1800,0.0074234375000000003,34.009272033496075,2.5480771892669534
1800,0.0074250000000000002,34.009455072943254,2.5480749205063296
1800,0.0074265625,34.009638151264021,2.548072649259681
1800,0.0074281250000000007,34.009821268458651,2.5480703755245395
1800,0.0074296875000000005,34.010004424527438,2.5480680992984364
1800,0.0074312500000000004,34.010187619470656,2.5480658205788997
1800,0.0074328125000000002,34.010370853288599,2.5480635393634565
1800,0.007434375,34.010554125981528,2.54806125564963
1800,0.0074359375000000007,34.010737437549743,2.5480589694349427
1800,0.0074375000000000005,34.01092078799352,2.5480566807169138
1800,0.0074390625000000004,34.01110417731315,2.5480543894930623
1800,0.0074406250000000002,34.011287605508919,2.5480520957609039
1800,0.0074421875,34.011471072581109,2.5480497995179516
1800,0.0074437500000000007,34.011654578529999,2.5480475007617169
1800,0.0074453125000000005,34.011838123355872,2.5480451994897089
1800,0.0074468750000000004,34.012021707059013,2.5480428956994348
1800,0.0074484375000000002,34.012205329639706,2.5480405893883997
1800,0.00745,34.012388991098227,2.5480382805541062
1800,0.0074515625000000007,34.012572691434862,2.5480359691940548
1800,0.0074531250000000005,34.012756430649901,2.5480336553057432
1800,0.0074546875000000004,34.012940208743629,2.5480313388866684
1800,0.0074562500000000002,34.013124025716323,2.548029019934325
1800,0.0074578125,34.013307881568274,2.5480266984462046
1800,0.0074593750000000007,34.013491776299759,2.5480243744197968
1800,0.0074609375000000006,34.01367570991107,2.5480220478525903
1800,0.0074625000000000004,34.01385968240249,2.5480197187420703
1800,0.0074640625000000002,34.014043693774298,2.5480173870857197
1800,0.007465625,34.014227744026776,2.5480150528810195
1800,0.0074671875000000007,34.014411833160224,2.5480127161254491
1800,0.0074687500000000006,34.014595961174919,2.5480103768164852
1800,0.0074703125000000004,34.014780128071145,2.5480080349516023
1800,0.0074718750000000002,34.014964333849186,2.5480056905282735
1800,0.0074734375,34.01514857850934,2.5480033435439688
1800,0.0074750000000000007,34.015332862051878,2.5480009939961574
1800,0.0074765625000000006,34.01551718447709,2.547998641882304
1800,0.0074781250000000004,34.015701545785276,2.5479962871998731
1800,0.0074796875000000002,34.015885945976706,2.547993929946327
1800,0.0074812500000000001,34.016070385051677,2.547991570119124
1800,0.0074828125000000007,34.016254863010481,2.5479892077157218
1800,0.0074843750000000006,34.016439379853388,2.5479868427335757
1800,0.0074859375000000004,34.016623935580689,2.5479844751701379
1800,0.0074875000000000002,34.016808530192677,2.5479821050228595
1800,0.0074890625000000001,34.016993163689627,2.5479797322891891
1800,0.0074906250000000008,34.017177836071831,2.5479773569665736
1800,0.0074921875000000006,34.017362547339573,2.5479749790524564
1800,0.0074937500000000004,34.017547297493152,2.5479725985442796
1800,0.0074953125000000002,34.017732086532853,2.5479702154394834
1800,0.0074968750000000001,34.017916914458958,2.5479678297355055
1800,0.0074984375000000008,34.018101781271753,2.5479654414297808
1800,0.0075000000000000006,34.018286686971528,2.5479630505197424
1800,0.0075015625000000004,34.018471631558583,2.5479606570028217
1800,0.0075031250000000002,34.018656615033187,2.5479582608764475
1800,0.0075046875000000001,34.018841637395646,2.5479558621380467
1800,0.0075062500000000008,34.019026698646236,2.5479534607850436
1800,0.0075078125000000006,34.019211798785243,2.5479510568148593
1800,0.0075093750000000004,34.019396937812964,2.5479486502249151
1800,0.0075109375000000003,34.01958211572969,2.5479462410126286
1800,0.0075125000000000001,34.019767332535714,2.5479438291754151
1800,0.0075140625000000008,34.019952588231313,2.5479414147106882
1800,0.0075156250000000006,34.020137882816776,2.5479389976158586
1800,0.0075171875000000004,34.020323216292397,2.5479365778883358
1800,0.0075187500000000003,34.020508588658465,2.5479341555255268
1800,0.0075203125000000001,34.020693999915267,2.5479317305248355
1800,0.0075218750000000008,34.020879450063099,2.5479293028836638
1800,0.0075234375000000006,34.021064939102246,2.5479268725994122
1800,0.0075250000000000004,34.021250467032992,2.5479244396694791
1800,0.0075265625000000003,34.021436033855629,2.5479220040912596
1800,0.0075281250000000001,34.021621639570462,2.5479195658621467
1800,0.0075296875000000008,34.021807284177754,2.547917124979532
1800,0.0075312500000000006,34.021992967677811,2.5479146814408047
1800,0.0075328125000000004,34.022178690070916,2.5479122352433512
1800,0.0075343750000000003,34.022364451357369,2.5479097863845555
1800,0.0075359375000000001,34.022550251537446,2.5479073348618004
1800,0.0075374999999999999,34.022736090611446,2.5479048806724665
1800,0.0075390625000000006,34.022921968579659,2.5479024238139316
1800,0.0075406250000000005,34.023107885442386,2.5478999642835705
1800,0.0075421875000000003,34.023293841199909,2.5478975020787562
1800,0.0075437500000000001,34.02347983585252,2.5478950371968607
1800,0.0075453124999999999,34.02366586940051,2.5478925696352523
1800,0.0075468750000000006,34.023851941844171,2.5478900993912981
1800,0.0075484375000000005,34.024038053183801,2.5478876264623622
1800,0.0075500000000000003,34.024224203419685,2.5478851508458065
1800,0.0075515625000000001,34.024410392552113,2.5478826725389911
1800,0.0075531249999999999,34.024596620581377,2.5478801915392744
1800,0.0075546875000000006,34.024782887507776,2.5478777078440107
1800,0.0075562500000000005,34.024969193331593,2.5478752214505533
1800,0.0075578125000000003,34.02515553805312,2.5478727323562533
1800,0.0075593750000000001,34.025341921672648,2.547870240558459
1800,0.0075609375,34.025528344190469,2.5478677460545174
1800,0.0075625000000000006,34.025714805606874,2.5478652488417715
1800,0.0075640625000000005,34.025901305922154,2.5478627489175638
1800,0.0075656250000000003,34.026087845136608,2.5478602462792339
1800,0.0075671875000000001,34.026274423250527,2.5478577409241185
1800,0.00756875,34.026461040264202,2.5478552328495536
1800,0.0075703125000000007,34.026647696177925,2.5478527220528715
1800,0.0075718750000000005,34.026834390991993,2.5478502085314023
1800,0.0075734375000000003,34.027021124706707,2.5478476922824753
1800,0.0075750000000000001,34.027207897322349,2.5478451733034162
1800,0.0075765625,34.027394708839218,2.547842651591548
1800,0.0075781250000000007,34.027581559257612,2.5478401271441919
1800,0.0075796875000000005,34.027768448577824,2.5478375999586675
1800,0.0075812500000000003,34.027955376800151,2.547835070032292
1800,0.0075828125000000001,34.028142343924877,2.54783253736238
1800,0.007584375,34.028329349952301,2.5478300019462443
1800,0.0075859375000000007,34.028516394882715,2.5478274637811946
1800,0.0075875000000000005,34.028703478716416,2.547824922864538
1800,0.0075890625000000003,34.028890601453696,2.5478223791935806
1800,0.0075906250000000001,34.029077763094854,2.5478198327656258
1800,0.0075921875,34.029264963640195,2.5478172835779738
1800,0.0075937500000000007,34.029452203090003,2.5478147316279238
1800,0.0075953125000000005,34.029639481444576,2.5478121769127715
1800,0.0075968750000000003,34.029826798704214,2.5478096194298119
1800,0.0075984375000000002,34.0300141548692,2.5478070591763355
1800,0.0076,34.030201549939832,2.5478044961496327
1800,0.0076015625000000007,34.030388983916417,2.5478019303469903
1800,0.0076031250000000005,34.030576456799245,2.5477993617656933
1800,0.0076046875000000003,34.030763968588616,2.5477967904030239
1800,0.0076062500000000002,34.03095151928482,2.5477942162562628
1800,0.0076078125,34.031139108888148,2.5477916393226887
1800,0.0076093750000000007,34.031326737398892,2.5477890595995758
1800,0.0076109375000000005,34.031514404817358,2.5477864770841978
1800,0.0076125000000000003,34.031702111143844,2.5477838917738262
1800,0.0076140625000000002,34.031889856378641,2.5477813036657295
1800,0.007615625,34.032077640522054,2.5477787127571747
1800,0.0076171875000000007,34.032265463574376,2.5477761190454253
1800,0.0076187500000000005,34.032453325535911,2.5477735225277436
1800,0.0076203125000000003,34.032641226406945,2.547770923201389
1800,0.0076218750000000002,34.032829166187774,2.5477683210636179
1800,0.0076234375,34.033017144878698,2.5477657161116856
1800,0.0076250000000000007,34.033205162480016,2.5477631083428451
1800,0.0076265625000000005,34.033393218992025,2.5477604977543464
1800,0.0076281250000000004,34.033581314415017,2.547757884343437
1800,0.0076296875000000002,34.033769448749297,2.5477552681073621
1800,0.00763125,34.033957621995164,2.5477526490433657
1800,0.0076328125000000007,34.034145834152909,2.5477500271486888
1800,0.0076343750000000005,34.034334085222838,2.5477474024205704
1800,0.0076359375000000004,34.034522375205249,2.5477447748562465
1800,0.0076375000000000002,34.034710704100441,2.5477421444529504
1800,0.0076390625,34.034899071908704,2.5477395112079142
1800,0.0076406250000000007,34.035087478630345,2.5477368751183662
1800,0.0076421875000000005,34.035275924265669,2.5477342361815341
1800,0.0076437500000000004,34.03546440881496,2.5477315943946426
1800,0.0076453125000000002,34.035652932278524,2.5477289497549145
1800,0.007646875,34.035841494656665,2.5477263022595689
1800,0.0076484375000000007,34.036030095949677,2.5477236519058231
1800,0.0076500000000000005,34.036218736157856,2.5477209986908931
1800,0.0076515625000000004,34.036407415281509,2.5477183426119918
1800,0.0076531250000000002,34.036596133320934,2.5477156836663291
1800,0.0076546875,34.036784890276422,2.5477130218511141
1800,0.0076562500000000007,34.036973686148279,2.5477103571635524
1800,0.0076578125000000006,34.037162520936803,2.547707689600847
1800,0.0076593750000000004,34.0373513946423,2.5477050191601989
1800,0.0076609375000000002,34.037540307265068,2.5477023458388075
1800,0.0076625,34.037729258805406,2.5476996696338694
1800,0.0076640625000000007,34.037918249263612,2.5476969905425788
1800,0.0076656250000000006,34.038107278639991,2.5476943085621264
1800,0.0076671875000000004,34.038296346934843,2.547691623689702
1800,0.0076687500000000002,34.038485454148464,2.5476889359224928
1800,0.0076703125,34.038674600281169,2.5476862452576823
1800,0.0076718750000000007,34.038863785333241,2.5476835516924536
1800,0.0076734375000000006,34.039053009304993,2.5476808552239865
1800,0.0076750000000000004,34.039242272196731,2.5476781558494586
1800,0.0076765625000000002,34.039431574008745,2.5476754535660446
1800,0.0076781250000000001,34.039620914741342,2.5476727483709181
1800,0.0076796875000000007,34.039810294394819,2.5476700402612487
1800,0.0076812500000000006,34.039999712969475,2.5476673292342045
1800,0.0076828125000000004,34.040189170465617,2.5476646152869518
1800,0.0076843750000000002,34.040378666883548,2.5476618984166532
1800,0.0076859375000000001,34.040568202223582,2.5476591786204703
1800,0.0076875000000000008,34.040757776486004,2.5476564558955617
1800,0.0076890625000000006,34.040947389671125,2.5476537302390834
1800,0.0076906250000000004,34.041137041779244,2.5476510016481888
1800,0.0076921875000000002,34.041326732810674,2.5476482701200291
1800,0.0076937500000000001,34.041516462765699,2.5476455356517533
1800,0.0076953125000000008,34.041706231644639,2.5476427982405085
1800,0.0076968750000000006,34.041896039447792,2.5476400578834393
1800,0.0076984375000000004,34.042085886175457,2.5476373145776874
1800,0.0077000000000000002,34.042275771827939,2.5476345683203916
1800,0.0077015625000000001,34.042465696405536,2.5476318191086893
1800,0.0077031250000000008,34.042655659908561,2.5476290669397157
1800,0.0077046875000000006,34.042845662337314,2.547626311810602
1800,0.0077062500000000004,34.043035703692098,2.5476235537184784
1800,0.0077078125000000003,34.043225783973213,2.5476207926604717
1800,0.0077093750000000001,34.043415903180971,2.5476180286337078
1800,0.0077109375000000008,34.043606061315664,2.5476152616353085
1800,0.0077125000000000006,34.043796258377597,2.5476124916623939
1800,0.0077140625000000004,34.04398649436709,2.5476097187120823
1800,0.0077156250000000003,34.044176769284434,2.5476069427814898
1800,0.0077171875000000001,34.044367083129941,2.5476041638677285
1800,0.0077187500000000008,34.044557435903926,2.5476013819679095
1800,0.0077203125000000006,34.04474782760667,2.5475985970791406
1800,0.0077218750000000004,34.044938258238489,2.5475958091985276
1800,0.0077234375000000003,34.045128727799685,2.5475930183231741
1800,0.0077250000000000001,34.045319236290567,2.5475902244501802
1800,0.0077265625000000008,34.045509783711445,2.5475874275766444
1800,0.0077281250000000006,34.045700370062619,2.547584627699663
1800,0.0077296875000000004,34.045890995344401,2.5475818248163291
1800,0.0077312500000000003,34.046081659557089,2.5475790189237348
1800,0.0077328125000000001,34.046272362701004,2.5475762100189696
1800,0.0077343750000000008,34.046463104776436,2.5475733980991193
1800,0.0077359375000000006,34.046653885783698,2.5475705831612676
1800,0.0077375000000000005,34.046844705723103,2.5475677652024959
1800,0.0077390625000000003,34.04703556459495,2.5475649442198831
1800,0.0077406250000000001,34.047226462399536,2.5475621202105061
1800,0.0077421874999999999,34.047417399137181,2.5475592931714388
1800,0.0077437500000000006,34.047608374808199,2.5475564630997529
1800,0.0077453125000000005,34.04779938941288,2.5475536299925174
1800,0.0077468750000000003,34.04799044295153,2.5475507938468001
1800,0.0077484375000000001,34.048181535424469,2.5475479546596649
1800,0.0077499999999999999,34.048372666832002,2.5475451124281743
1800,0.0077515625000000006,34.048563837174427,2.5475422671493875
1800,0.0077531250000000005,34.048755046452065,2.5475394188203619
1800,0.0077546875000000003,34.048946294665221,2.5475365674381512
1800,0.0077562500000000001,34.0491375818142,2.5475337129998081
1800,0.0077578125,34.049328907899309,2.5475308555023823
1800,0.0077593750000000006,34.049520272920851,2.5475279949429215
1800,0.0077609375000000005,34.049711676879141,2.5475251313184706
1800,0.0077625000000000003,34.049903119774477,2.5475222646260725
1800,0.0077640625000000001,34.050094601607178,2.5475193948627659
1800,0.007765625,34.05028612237755,2.5475165220255889
1800,0.0077671875000000007,34.050477682085898,2.5475136461115762
1800,0.0077687500000000005,34.050669280732542,2.5475107671177604
1800,0.0077703125000000003,34.050860918317788,2.5475078850411714
1800,0.0077718750000000001,34.051052594841941,2.5475049998788371
1800,0.0077734375,34.051244310305307,2.5475021116277818
1800,0.0077750000000000007,34.051436064708206,2.5474992202850291
1800,0.0077765625000000005,34.051627858050942,2.5474963258475984
1800,0.0077781250000000003,34.051819690333822,2.5474934283125079
1800,0.0077796875000000001,34.052011561557158,2.5474905276767723
1800,0.00778125,34.052203471721263,2.5474876239374051
1800,0.0077828125000000007,34.052395420826443,2.5474847170914168
1800,0.0077843750000000005,34.052587408873002,2.547481807135815
1800,0.0077859375000000003,34.052779435861247,2.5474788940676047
1800,0.0077875000000000002,34.052971501791504,2.547475977883789
1800,0.0077890625,34.053163606664071,2.5474730585813679
1800,0.0077906250000000007,34.053355750479263,2.5474701361573397
1800,0.0077921875000000005,34.05354793323739,2.5474672106087
1800,0.0077937500000000003,34.053740154938772,2.5474642819324407
1800,0.0077953125000000002,34.053932415583709,2.5474613501255523
1800,0.007796875,34.054124715172513,2.547458415185023
1800,0.0077984375000000007,34.054317053705496,2.5474554771078384
1800,0.0078000000000000005,34.054509431182971,2.5474525358909816
1800,0.0078015625000000003,34.054701847605237,2.5474495915314335
1800,0.0078031250000000002,34.05489430297262,2.5474466440261714
1800,0.0078046875,34.055086797285433,2.5474436933721702
1800,0.0078062500000000007,34.055279330543982,2.5474407395664036
1800,0.0078078125000000005,34.055471902748579,2.5474377826058419
1800,0.0078093750000000003,34.055664513899536,2.5474348224874532
1800,0.0078109375000000002,34.055857163997175,2.5474318592082024
1800,0.0078125,34.056049853041799,2.547428892765053
1800,0.0078140624999999998,34.056242581033729,2.5474259231549654
1800,0.0078156249999999997,34.056435347973277,2.5474229503748966
1800,0.0078171875000000012,34.05662815386075,2.5474199744218025
1800,0.007818750000000001,34.056820998696459,2.5474169952926351
1800,0.0078203125000000009,34.057013882480724,2.5474140129843463
1800,0.0078218750000000007,34.057206805213859,2.5474110274938826
1800,0.0078234375000000005,34.057399766896168,2.5474080388181903
1800,0.0078250000000000004,34.057592767527979,2.5474050469542124
1800,0.0078265625000000002,34.057785807109589,2.5474020518988891
1800,0.007828125,34.057978885641312,2.5473990536491571
1800,0.0078296874999999998,34.05817200312346,2.5473960522019516
1800,0.0078312499999999997,34.058365159556359,2.5473930475542059
1800,0.0078328125000000012,34.05855835494031,2.5473900397028495
1800,0.0078343750000000011,34.058751589275637,2.547387028644811
1800,0.0078359375000000009,34.058944862562662,2.5473840143770139
1800,0.0078375000000000007,34.059138174801689,2.5473809968963814
1800,0.0078390625000000005,34.059331525993031,2.5473779761998343
1800,0.0078406250000000004,34.059524916136994,2.5473749522842901
1800,0.0078421875000000002,34.059718345233897,2.5473719251466629
1800,0.00784375,34.059911813284067,2.5473688947838653
1800,0.0078453124999999999,34.060105320287818,2.5473658611928078
1800,0.0078468749999999997,34.060298866245446,2.547362824370397
1800,0.0078484374999999995,34.06049245115728,2.5473597843135378
1800,0.0078500000000000011,34.060686075023639,2.547356741019132
1800,0.0078515625000000009,34.060879737844829,2.5473536944840802
1800,0.0078531250000000007,34.061073439621168,2.5473506447052792
1800,0.0078546875000000006,34.061267180352978,2.5473475916796238
1800,0.0078562500000000004,34.06146096004057,2.5473445354040058
1800,0.0078578125000000002,34.061654778684257,2.547341475875315
1800,0.007859375,34.061848636284353,2.5473384130904382
1800,0.0078609374999999999,34.062042532841183,2.5473353470462592
1800,0.0078624999999999997,34.06223646835506,2.5473322777396601
1800,0.0078640624999999995,34.062430442826304,2.5473292051675198
1800,0.0078656250000000011,34.062624456255229,2.5473261293267155
1800,0.0078671875000000009,34.062818508642152,2.5473230502141213
1800,0.0078687500000000007,34.063012599987388,2.5473199678266076
1800,0.0078703125000000006,34.063206730291256,2.5473168821610441
1800,0.0078718750000000004,34.063400899554075,2.5473137932142977
1800,0.0078734375000000002,34.063595107776159,2.547310700983231
1800,0.0078750000000000001,34.063789354957827,2.5473076054647059
1800,0.0078765624999999999,34.063983641099391,2.5473045066555815
1800,0.0078781249999999997,34.064177966201171,2.5473014045527136
1800,0.0078796874999999995,34.064372330263495,2.5472982991529558
1800,0.0078812500000000011,34.064566733286682,2.5472951904531591
1800,0.0078828125000000009,34.064761175271045,2.5472920784501718
1800,0.0078843750000000008,34.064955656216902,2.54728896314084
1800,0.0078859375000000006,34.065150176124575,2.5472858445220061
1800,0.0078875000000000004,34.065344734994369,2.5472827225905115
1800,0.0078890625000000002,34.065539332826603,2.5472795973431941
1800,0.0078906250000000001,34.065733969621604,2.547276468776889
1800,0.0078921874999999999,34.065928645379699,2.5472733368884284
1800,0.0078937499999999997,34.066123360101201,2.5472702016746425
1800,0.0078953124999999996,34.066318113786416,2.5472670631323595
1800,0.0078968750000000011,34.066512906435676,2.5472639212584043
1800,0.0078984375000000009,34.066707738049303,2.5472607760495998
1800,0.0079000000000000008,34.066902608627615,2.5472576275027654
1800,0.0079015625000000006,34.067097518170932,2.5472544756147184
1800,0.0079031250000000004,34.067292466679561,2.5472513203822738
1800,0.0079046875000000003,34.067487454153827,2.5472481618022433
1800,0.0079062500000000001,34.067682480594051,2.5472449998714359
1800,0.0079078124999999999,34.067877546000553,2.5472418345866594
1800,0.0079093749999999997,34.068072650373658,2.5472386659447182
1800,0.0079109374999999996,34.068267793713687,2.5472354939424138
1800,0.0079125000000000011,34.068462976020953,2.5472323185765444
1800,0.007914062500000001,34.068658197295782,2.5472291398439069
1800,0.0079156250000000008,34.068853457538495,2.5472259577412943
1800,0.0079171875000000006,34.069048756749417,2.5472227722654988
1800,0.0079187500000000004,34.06924409492887,2.547219583413308
1800,0.0079203125000000003,34.069439472077171,2.5472163911815073
1800,0.0079218750000000001,34.069634888194635,2.5472131955668806
1800,0.0079234374999999999,34.069830343281595,2.5472099965662092
1800,0.0079249999999999998,34.070025837338356,2.5472067941762706
1800,0.0079265624999999996,34.070221370365253,2.5472035883938409
1800,0.0079281250000000011,34.070416942362591,2.5472003792156919
1800,0.007929687500000001,34.070612553330704,2.5471971666385937
1800,0.0079312500000000008,34.070808203269912,2.5471939506593153
1800,0.0079328125000000006,34.071003892180542,2.54719073127462
1800,0.0079343750000000005,34.071199620062913,2.5471875084812705
1800,0.0079359375000000003,34.071395386917345,2.5471842822760271
1800,0.0079375000000000001,34.071591192744172,2.5471810526556462
1800,0.0079390624999999999,34.0717870375437,2.5471778196168815
1800,0.0079406249999999998,34.071982921316263,2.5471745831564849
1800,0.0079421874999999996,34.072178844062179,2.5471713432712058
1800,0.0079437500000000012,34.07237480578177,2.5471680999577906
1800,0.007945312500000001,34.072570806475362,2.5471648532129834
1800,0.0079468750000000008,34.072766846143281,2.5471616030335245
1800,0.0079484375000000006,34.072962924785841,2.5471583494161529
1800,0.0079500000000000005,34.073159042403375,2.5471550923576034
1800,0.0079515625000000003,34.073355198996204,2.54715183185461
1800,0.0079531250000000001,34.073551394564646,2.547148567903903
1800,0.0079546875,34.073747629109022,2.5471453005022107
1800,0.0079562499999999998,34.073943902629665,2.5471420296462579
1800,0.0079578124999999996,34.074140215126896,2.5471387553327669
1800,0.0079593750000000012,34.07433656660104,2.5471354775584572
1800,0.007960937500000001,34.074532957052419,2.5471321963200468
1800,0.0079625000000000008,34.074729386481366,2.5471289116142497
1800,0.0079640625000000007,34.0749258548882,2.5471256234377782
1800,0.0079656250000000005,34.075122362273255,2.5471223317873415
1800,0.0079671875000000003,34.075318908636845,2.5471190366596459
1800,0.0079687500000000001,34.075515493979296,2.5471157380513949
1800,0.0079703125,34.075712118300928,2.5471124359592898
1800,0.0079718749999999998,34.075908781602074,2.5471091303800288
1800,0.0079734374999999996,34.076105483883055,2.5471058213103084
1800,0.0079750000000000012,34.076302225144204,2.5471025087468209
1800,0.007976562500000001,34.076499005385841,2.5470991926862578
1800,0.0079781250000000008,34.076695824608294,2.5470958731253059
1800,0.0079796875000000007,34.076892682811895,2.5470925500606505
1800,0.0079812500000000005,34.077089579996951,2.5470892234889742
1800,0.0079828125000000003,34.077286516163802,2.547085893406956
1800,0.0079843750000000002,34.077483491312769,2.5470825598112738
1800,0.0079859375,34.077680505444185,2.5470792226986014
1800,0.0079874999999999998,34.077877558558363,2.5470758820656112
1800,0.0079890624999999996,34.078074650655637,2.5470725379089711
1800,0.0079906250000000012,34.078271781736341,2.5470691902253479
1800,0.007992187500000001,34.078468951800794,2.5470658390114056
1800,0.0079937500000000009,34.07866616084933,2.547062484263805
1800,0.0079953125000000007,34.07886340888227,2.5470591259792039
1800,0.0079968750000000005,34.079060695899955,2.5470557641542575
1800,0.0079984375000000003,34.07925802190271,2.5470523987856186
1800,0.0080000000000000002,34.079455386890864,2.5470490298699375
1800,0.0080015625,34.079652790864735,2.5470456574038614
1800,0.0080031249999999998,34.079850233824651,2.5470422813840341
1800,0.0080046874999999997,34.080047715770938,2.547038901807098
1800,0.0080062500000000012,34.080245236703917,2.5470355186696927
1800,0.008007812500000001,34.08044279662392,2.5470321319684546
1800,0.0080093750000000009,34.080640395531283,2.547028741700017
1800,0.0080109375000000007,34.080838033426339,2.5470253478610108
1800,0.0080125000000000005,34.081035710309415,2.5470219504480651
1800,0.0080140625000000004,34.08123342618083,2.5470185494578059
1800,0.0080156250000000002,34.081431181040912,2.5470151448868563
1800,0.0080171875,34.081628974889995,2.547011736731835
1800,0.0080187499999999998,34.081826807728412,2.5470083249893603
1800,0.0080203124999999997,34.08202467955649,2.5470049096560459
1800,0.0080218750000000012,34.082222590374556,2.5470014907285043
1800,0.0080234375000000011,34.082420540182937,2.5469980682033451
1800,0.0080250000000000009,34.082618528981961,2.5469946420771752
1800,0.0080265625000000007,34.082816556771959,2.5469912123465979
1800,0.0080281250000000005,34.083014623553268,2.5469877790082145
1800,0.0080296875000000004,34.083212729326213,2.5469843420586229
1800,0.0080312500000000002,34.083410874091129,2.5469809014944182
1800,0.0080328125,34.083609057848342,2.5469774573121939
1800,0.0080343749999999999,34.083807280598187,2.5469740095085407
1800,0.0080359374999999997,34.084005542340982,2.5469705580800448
1800,0.0080375000000000012,34.08420384307707,2.5469671030232917
1800,0.0080390625000000011,34.084402182806777,2.5469636443348618
1800,0.0080406250000000009,34.084600561530436,2.5469601820113352
1800,0.0080421875000000007,34.084798979248383,2.5469567160492881
1800,0.0080437500000000006,34.08499743596095,2.5469532464452942
1800,0.0080453125000000004,34.085195931668459,2.5469497731959239
1800,0.0080468750000000002,34.085394466371241,2.5469462962977456
1800,0.0080484375,34.085593040069639,2.5469428157473244
1800,0.0080499999999999999,34.08579165276398,2.5469393315412239
1800,0.0080515624999999997,34.085990304454597,2.5469358436760028
1800,0.0080531249999999995,34.086188995141818,2.5469323521482181
1800,0.0080546875000000011,34.086387724825975,2.5469288569544246
1800,0.0080562500000000009,34.086586493507411,2.546925358091173
1800,0.0080578125000000007,34.086785301186445,2.5469218555550133
1800,0.0080593750000000006,34.086984147863411,2.5469183493424907
1800,0.0080609375000000004,34.087183033538643,2.5469148394501482
1800,0.0080625000000000002,34.087381958212475,2.5469113258745266
1800,0.0080640625,34.087580921885234,2.546907808612163
1800,0.0080656249999999999,34.087779924557253,2.5469042876595926
1800,0.0080671874999999997,34.087978966228874,2.5469007630133476
1800,0.0080687499999999995,34.088178046900424,2.5468972346699572
1800,0.0080703125000000011,34.088377166572251,2.5468937026259475
1800,0.0080718750000000009,34.088576325244674,2.5468901668778434
1800,0.0080734375000000008,34.088775522918027,2.5468866274221647
1800,0.0080750000000000006,34.088974759592645,2.54688308425543
1800,0.0080765625000000004,34.089174035268869,2.5468795373741546
1800,0.0080781250000000002,34.089373349947024,2.5468759867748512
1800,0.0080796875000000001,34.089572703627454,2.5468724324540295
1800,0.0080812499999999999,34.089772096310476,2.5468688744081964
1800,0.0080828124999999997,34.08997152799644,2.5468653126338565
1800,0.0080843749999999995,34.090170998685672,2.5468617471275103
1800,0.0080859375000000011,34.090370508378513,2.5468581778856572
1800,0.0080875000000000009,34.090570057075297,2.5468546049047935
1800,0.0080890625000000008,34.090769644776358,2.5468510281814112
1800,0.0080906250000000006,34.090969271482031,2.5468474477120013
1800,0.0080921875000000004,34.091168937192649,2.5468438634930513
1800,0.0080937500000000002,34.091368641908552,2.5468402755210455
1800,0.0080953125000000001,34.091568385630069,2.5468366837924652
1800,0.0080968749999999999,34.09176816835754,2.5468330883037895
1800,0.0080984374999999997,34.091967990091291,2.5468294890514951
1800,0.0080999999999999996,34.092167850831672,2.5468258860320545
1800,0.0081015625000000011,34.092367750579015,2.546822279241939
1800,0.008103125000000001,34.092567689333663,2.546818668677616
1800,0.0081046875000000008,34.092767667095949,2.5468150543355499
1800,0.0081062500000000006,34.092967683866199,2.5468114362122036
1800,0.0081078125000000004,34.093167739644763,2.5468078143040365
1800,0.0081093750000000003,34.093367834431966,2.5468041886075037
1800,0.0081109375000000001,34.093567968228157,2.5468005591190597
1800,0.0081124999999999999,34.093768141033664,2.5467969258351553
1800,0.0081140624999999997,34.093968352848812,2.5467932887522391
1800,0.0081156249999999996,34.094168603673957,2.5467896478667553
1800,0.0081171875000000011,34.094368893509433,2.5467860031751459
1800,0.008118750000000001,34.094569222355567,2.5467823546738506
1800,0.0081203125000000008,34.094769590212707,2.5467787023593069
1800,0.0081218750000000006,34.094969997081193,2.5467750462279479
1800,0.0081234375000000004,34.095170442961354,2.5467713862762045
1800,0.0081250000000000003,34.095370927853537,2.5467677225005043
1800,0.0081265625000000001,34.095571451758083,2.546764054897273
1800,0.0081281249999999999,34.095772014675319,2.5467603834629333
1800,0.0081296874999999998,34.095972616605586,2.5467567081939051
1800,0.0081312499999999996,34.096173257549225,2.5467530290866049
1800,0.0081328125000000012,34.09637393750657,2.546749346137446
1800,0.008134375000000001,34.096574656477962,2.546745659342839
1800,0.0081359375000000008,34.096775414463742,2.5467419686991928
1800,0.0081375000000000006,34.096976211464245,2.5467382742029128
1800,0.0081390625000000005,34.097177047479811,2.5467345758504005
1800,0.0081406250000000003,34.09737792251078,2.5467308736380563
1800,0.0081421875000000001,34.097578836557503,2.5467271675622758
1800,0.0081437499999999999,34.097779789620304,2.546723457619454
1800,0.0081453124999999998,34.097980781699526,2.5467197438059821
1800,0.0081468749999999996,34.098181812795517,2.5467160261182471
1800,0.0081484375000000012,34.098382882908602,2.5467123045526354
1800,0.008150000000000001,34.098583992039138,2.5467085791055286
1800,0.0081515625000000008,34.098785140187459,2.5467048497733069
1800,0.0081531250000000006,34.098986327353906,2.5467011165523465
1800,0.0081546875000000005,34.099187553538819,2.5466973794390206
1800,0.0081562500000000003,34.09938881874254,2.5466936384297005
1800,0.0081578125000000001,34.099590122965409,2.546689893520754
1800,0.008159375,34.099791466207762,2.5466861447085472
1800,0.0081609374999999998,34.099992848469945,2.5466823919894419
1800,0.0081624999999999996,34.100194269752308,2.5466786353597972
1800,0.0081640625000000012,34.100395730055183,2.5466748748159698
1800,0.008165625000000001,34.100597229378913,2.5466711103543136
1800,0.0081671875000000008,34.100798767723838,2.5466673419711787
1800,0.0081687500000000007,34.101000345090299,2.5466635696629143
1800,0.0081703125000000005,34.101201961478644,2.5466597934258637
1800,0.0081718750000000003,34.101403616889222,2.5466560132563689
1800,0.0081734375000000001,34.101605311322366,2.5466522291507698
1800,0.008175,34.101807044778411,2.5466484411054022
1800,0.0081765624999999998,34.102008817257705,2.5466446491165993
1800,0.0081781249999999996,34.102210628760588,2.5466408531806914
1800,0.0081796875000000012,34.102412479287402,2.546637053294007
1800,0.008181250000000001,34.102614368838495,2.5466332494528703
1800,0.0081828125000000008,34.102816297414208,2.5466294416536028
1800,0.0081843750000000007,34.103018265014875,2.5466256298925236
1800,0.0081859375000000005,34.103220271640843,2.5466218141659489
1800,0.0081875000000000003,34.103422317292463,2.5466179944701919
1800,0.0081890625000000002,34.103624401970073,2.5466141708015626
1800,0.008190625,34.103826525674023,2.5466103431563671
1800,0.0081921874999999998,34.10402868840464,2.5466065115309107
1800,0.0081937499999999996,34.104230890162285,2.5466026759214944
1800,0.0081953125000000012,34.104433130947292,2.5465988363244163
1800,0.008196875000000001,34.104635410760004,2.5465949927359723
1800,0.0081984375000000009,34.104837729600774,2.5465911451524548
1800,0.0082000000000000007,34.105040087469938,2.5465872935701541
1800,0.0082015625000000005,34.105242484367842,2.5465834379853556
1800,0.0082031250000000003,34.105444920294836,2.5465795783943439
1800,0.0082046875000000002,34.10564739525126,2.5465757147934003
1800,0.00820625,34.10584990923747,2.5465718471788019
1800,0.0082078124999999998,34.106052462253807,2.5465679755468251
1800,0.0082093749999999997,34.106255054300604,2.5465640998937413
1800,0.0082109375000000012,34.10645768537821,2.5465602202158188
1800,0.008212500000000001,34.106660355486973,2.5465563365093251
1800,0.0082140625000000009,34.106863064627234,2.5465524487705231
1800,0.0082156250000000007,34.107065812799341,2.5465485569956732
1800,0.0082171875000000005,34.107268600003643,2.5465446611810325
1800,0.0082187500000000004,34.107471426240487,2.5465407613228561
1800,0.0082203125000000002,34.107674291510214,2.5465368574173941
1800,0.008221875,34.107877195813174,2.5465329494608961
1800,0.0082234374999999998,34.108080139149713,2.5465290374496066
1800,0.0082249999999999997,34.108283121520174,2.5465251213797693
1800,0.0082265625000000012,34.10848614292491,2.5465212012476233
1800,0.0082281250000000011,34.108689203364264,2.5465172770494049
1800,0.0082296875000000009,34.108892302838591,2.5465133487813487
1800,0.0082312500000000007,34.109095441348224,2.5465094164396849
1800,0.0082328125000000005,34.109298618893511,2.5465054800206417
1800,0.0082343750000000004,34.109501835474802,2.546501539520444
1800,0.0082359375000000002,34.109705091092437,2.5464975949353139
1800,0.0082375,34.109908385746763,2.54649364626147
1800,0.0082390624999999999,34.11011171943813,2.5464896934951287
1800,0.0082406249999999997,34.1103150921669,2.5464857366325031
1800,0.0082421875000000012,34.110518503933413,2.5464817756698017
1800,0.0082437500000000011,34.110721954738018,2.5464778106032329
1800,0.0082453125000000009,34.110925444581071,2.5464738414290009
1800,0.0082468750000000007,34.111128973462911,2.5464698681433062
1800,0.0082484375000000006,34.111332541383888,2.546465890742347
1800,0.0082500000000000004,34.111536148344342,2.5464619092223195
1800,0.0082515625000000002,34.111739794344622,2.5464579235794149
1800,0.008253125,34.111943479385083,2.5464539338098224
1800,0.0082546874999999999,34.11214720346608,2.5464499399097282
1800,0.0082562499999999997,34.112350966587954,2.5464459418753158
1800,0.0082578125000000013,34.112554768751053,2.5464419397027656
1800,0.0082593750000000011,34.112758609955733,2.5464379333882556
1800,0.0082609375000000009,34.112962490202342,2.5464339229279589
1800,0.0082625000000000007,34.113166409491235,2.5464299083180473
1800,0.0082640625000000006,34.113370367822753,2.5464258895546883
1800,0.0082656250000000004,34.113574365197252,2.5464218666340472
1800,0.0082671875000000002,34.113778401615072,2.5464178395522867
1800,0.0082687500000000001,34.113982477076569,2.5464138083055654
1800,0.0082703124999999999,34.11418659158209,2.5464097728900406
1800,0.0082718749999999997,34.114390745131992,2.5464057333018646
1800,0.0082734374999999995,34.114594937726629,2.5464016895371882
1800,0.0082750000000000011,34.11479916936635,2.5463976415921588
1800,0.0082765625000000009,34.115003440051495,2.5463935894629204
1800,0.0082781250000000008,34.115207749782428,2.5463895331456143
1800,0.0082796875000000006,34.115412098559496,2.5463854726363797
1800,0.0082812500000000004,34.11561648638304,2.5463814079313507
1800,0.0082828125000000002,34.115820913253415,2.5463773390266593
1800,0.0082843750000000001,34.116025379170978,2.5463732659184344
1800,0.0082859374999999999,34.116229884136082,2.546369188602803
1800,0.0082874999999999997,34.116434428149077,2.5463651070758875
1800,0.0082890624999999996,34.11663901121031,2.5463610213338082
1800,0.0082906250000000011,34.116843633320137,2.5463569313726819
1800,0.0082921875000000009,34.117048294478906,2.5463528371886226
1800,0.0082937500000000008,34.117252994686972,2.5463487387777421
1800,0.0082953125000000006,34.11745773394469,2.5463446361361477
1800,0.0082968750000000004,34.117662512252416,2.5463405292599441
1800,0.0082984375000000003,34.11786732961049,2.5463364181452341
1800,0.0083000000000000001,34.118072186019276,2.546332302788116
1800,0.0083015624999999999,34.118277081479128,2.546328183184686
1800,0.0083031249999999997,34.118482015990381,2.5463240593310363
1800,0.0083046874999999996,34.118686989553403,2.5463199312232567
1800,0.0083062500000000011,34.118892002168543,2.5463157988574339
1800,0.008307812500000001,34.119097053836157,2.5463116622296522
1800,0.0083093750000000008,34.119302144556606,2.5463075213359927
1800,0.0083109375000000006,34.119507274330232,2.5463033761725322
1800,0.0083125000000000004,34.119712443157397,2.5462992267353446
1800,0.0083140625000000003,34.119917651038449,2.546295073020501
1800,0.0083156250000000001,34.120122897973744,2.5462909150240707
1800,0.0083171874999999999,34.120328183963629,2.5462867527421187
1800,0.0083187499999999998,34.120533509008474,2.5462825861707081
1800,0.0083203124999999996,34.120738873108628,2.5462784153058973
1800,0.0083218750000000011,34.120944276264446,2.546274240143743
1800,0.008323437500000001,34.121149718476268,2.5462700606802979
1800,0.0083250000000000008,34.121355199744464,2.5462658769116113
1800,0.0083265625000000006,34.121560720069382,2.5462616888337317
1800,0.0083281250000000005,34.121766279451386,2.5462574964427018
1800,0.0083296875000000003,34.121971877890822,2.5462532997345626
1800,0.0083312500000000001,34.122177515388046,2.5462490987053523
1800,0.0083328124999999999,34.122383191943413,2.5462448933511057
1800,0.0083343749999999998,34.122588907557287,2.5462406836678544
1800,0.0083359374999999996,34.122794662230021,2.5462364696516264
1800,0.0083375000000000012,34.123000455961964,2.5462322512984477
1800,0.008339062500000001,34.123206288753479,2.5462280286043404
1800,0.0083406250000000008,34.123412160604921,2.5462238015653234
1800,0.0083421875000000006,34.123618071516646,2.5462195701774131
1800,0.0083437500000000005,34.123824021489,2.5462153344366225
1800,0.0083453125000000003,34.124030010522347,2.5462110943389611
1800,0.0083468750000000001,34.124236038617042,2.5462068498804373
1800,0.0083484375,34.124442105773447,2.5462026010570535
1800,0.0083499999999999998,34.124648211991918,2.5461983478648116
1800,0.0083515624999999996,34.124854357272817,2.5461940902997089
1800,0.0083531250000000012,34.125060541616492,2.5461898283577402
1800,0.008354687500000001,34.125266765023305,2.5461855620348968
1800,0.0083562500000000008,34.125473027493612,2.5461812913271675
1800,0.0083578125000000007,34.125679329027768,2.5461770162305362
1800,0.0083593750000000005,34.125885669626136,2.5461727367409859
1800,0.0083609375000000003,34.126092049289078,2.5461684528544963
1800,0.0083625000000000001,34.126298468016948,2.5461641645670428
1800,0.0083640625,34.126504925810103,2.5461598718745977
1800,0.0083656249999999998,34.126711422668897,2.546155574773131
1800,0.0083671874999999996,34.126917958593687,2.54615127325861
1800,0.0083687500000000012,34.127124533584833,2.5461469673269974
1800,0.008370312500000001,34.1273311476427,2.5461426569742538
1800,0.0083718750000000008,34.127537800767641,2.5461383421963366
1800,0.0083734375000000007,34.127744492960019,2.5461340229891998
1800,0.0083750000000000005,34.12795122422019,2.5461296993487945
1800,0.0083765625000000003,34.128157994548516,2.5461253712710685
1800,0.0083781250000000002,34.12836480394536,2.5461210387519668
1800,0.0083796875,34.128571652411068,2.5461167017874309
1800,0.0083812499999999998,34.128778539946019,2.5461123603733995
1800,0.0083828124999999996,34.12898546655056,2.5461080145058075
1800,0.0083843750000000012,34.129192432225061,2.5461036641805874
1800,0.008385937500000001,34.129399436969884,2.5460993093936688
1800,0.0083875000000000009,34.129606480785377,2.5460949501409771
1800,0.0083890625000000007,34.129813563671895,2.5460905864184351
1800,0.0083906250000000005,34.130020685629816,2.5460862182219621
1800,0.0083921875000000003,34.130227846659494,2.5460818455474752
1800,0.0083937500000000002,34.130435046761292,2.5460774683908882
1800,0.0083953125,34.130642285935565,2.5460730867481116
1800,0.0083968749999999998,34.130849564182675,2.5460687006150522
1800,0.0083984374999999997,34.131056881502978,2.5460643099876132
1800,0.0084000000000000012,34.13126423789685,2.5460599148616962
1800,0.008401562500000001,34.131471633364647,2.5460555152331983
1800,0.0084031250000000009,34.131679067906738,2.5460511110980137
1800,0.0084046875000000007,34.131886541523471,2.5460467024520343
1800,0.0084062500000000005,34.132094054215209,2.5460422892911483
1800,0.0084078125000000004,34.13230160598232,2.5460378716112402
1800,0.0084093750000000002,34.132509196825168,2.5460334494081924
1800,0.0084109375,34.132716826744115,2.5460290226778843
1800,0.0084124999999999998,34.132924495739516,2.5460245914161908
1800,0.0084140624999999997,34.133132203811734,2.5460201556189839
1800,0.0084156250000000012,34.133339950961144,2.5460157152821341
1800,0.0084171875000000011,34.133547737188103,2.546011270401507
1800,0.0084187500000000009,34.133755562492972,2.5460068209729649
1800,0.0084203125000000007,34.133963426876122,2.5460023669923677
1800,0.0084218750000000005,34.134171330337907,2.5459979084555719
1800,0.0084234375000000004,34.134379272878689,2.5459934453584303
1800,0.0084250000000000002,34.134587254498832,2.5459889776967937
1800,0.0084265625,34.134795275198705,2.5459845054665085
1800,0.0084281249999999999,34.13500333497867,2.5459800286634193
1800,0.0084296874999999997,34.135211433839082,2.5459755472833665
1800,0.0084312500000000012,34.135419571780318,2.5459710613221875
1800,0.0084328125000000011,34.13562774880274,2.5459665707757173
1800,0.0084343750000000009,34.135835964906704,2.5459620756397858
1800,0.0084359375000000007,34.136044220092572,2.5459575759102213
1800,0.0084375000000000006,34.136252514360713,2.5459530715828484
1800,0.0084390625000000004,34.136460847711504,2.5459485626534888
1800,0.0084406250000000002,34.136669220145293,2.5459440491179604
1800,0.0084421875,34.13687763166245,2.5459395309720789
1800,0.0084437499999999999,34.137086082263345,2.5459350082116554
1800,0.0084453124999999997,34.137294571948338,2.545930480832499
1800,0.0084468750000000013,34.137503100717794,2.5459259488304147
1800,0.0084484375000000011,34.137711668572074,2.5459214122012059
1800,0.0084500000000000009,34.137920275511554,2.5459168709406717
1800,0.0084515625000000007,34.138128921536598,2.5459123250446063
1800,0.0084531250000000006,34.138337606647575,2.5459077745088035
1800,0.0084546875000000004,34.138546330844846,2.5459032193290532
1800,0.0084562500000000002,34.138755094128776,2.5458986595011406
1800,0.0084578125000000001,34.138963896499725,2.5458940950208486
1800,0.0084593749999999999,34.13917273795807,2.5458895258839576
1800,0.0084609374999999997,34.139381618504167,2.5458849520862441
1800,0.0084625000000000013,34.1395905381384,2.5458803736234819
1800,0.0084640625000000011,34.139799496861123,2.5458757904914404
1800,0.0084656250000000009,34.140008494672699,2.5458712026858867
1800,0.0084671875000000008,34.140217531573498,2.5458666102025846
1800,0.0084687500000000006,34.140426607563896,2.5458620130372944
1800,0.0084703125000000004,34.140635722644248,2.5458574111857728
1800,0.0084718750000000002,34.140844876814938,2.5458528046437738
1800,0.0084734375000000001,34.141054070076315,2.5458481934070489
1800,0.0084749999999999999,34.141263302428762,2.5458435774713455
1800,0.0084765624999999997,34.14147257387264,2.5458389568324074
1800,0.0084781249999999996,34.141681884408314,2.5458343314859757
1800,0.0084796875000000011,34.141891234036166,2.5458297014277878
1800,0.0084812500000000009,34.142100622756558,2.5458250666535789
1800,0.0084828125000000008,34.142310050569868,2.5458204271590805
1800,0.0084843750000000006,34.142519517476458,2.5458157829400201
1800,0.0084859375000000004,34.142729023476697,2.5458111339921228
1800,0.0084875000000000003,34.142938568570948,2.5458064803111098
1800,0.0084890625000000001,34.143148152759579,2.5458018218927001
1800,0.0084906249999999999,34.143357776042961,2.5457971587326078
1800,0.0084921874999999997,34.143567438421471,2.5457924908265452
1800,0.0084937499999999996,34.143777139895469,2.5457878181702203
1800,0.0084953125000000011,34.143986880465334,2.545783140759339
1800,0.008496875000000001,34.144196660131428,2.5457784585896031
1800,0.0084984375000000008,34.144406478894119,2.545773771656711
1800,0.0085000000000000006,34.144616336753778,2.5457690799563584
1800,0.0085015625000000004,34.144826233710774,2.5457643834842378
1800,0.0085031250000000003,34.145036169765483,2.5457596822360373
1800,0.0085046875000000001,34.145246144918268,2.5457549762074434
1800,0.0085062499999999999,34.145456159169512,2.5457502653941377
1800,0.0085078124999999998,34.145666212519579,2.5457455497917993
1800,0.0085093749999999996,34.145876304968837,2.5457408293961041
1800,0.0085109375000000011,34.146086436517656,2.5457361042027249
1800,0.008512500000000001,34.146296607166413,2.5457313742073309
1800,0.0085140625000000008,34.146506816915469,2.5457266394055882
1800,0.0085156250000000006,34.146717065765195,2.5457218997931603
1800,0.0085171875000000005,34.146927353715974,2.5457171553657059
1800,0.0085187500000000003,34.147137680768168,2.5457124061188812
1800,0.0085203125000000001,34.147348046922147,2.5457076520483382
1800,0.0085218749999999999,34.147558452178295,2.5457028931497265
1800,0.0085234374999999998,34.147768896536974,2.5456981294186938
1800,0.0085249999999999996,34.14797937999856,2.545693360850882
1800,0.0085265625000000012,34.148189902563423,2.5456885874419308
1800,0.008528125000000001,34.148400464231933,2.5456838091874769
1800,0.0085296875000000008,34.148611065004467,2.5456790260831528
1800,0.0085312500000000006,34.148821704881392,2.5456742381245889
1800,0.0085328125000000005,34.149032383863094,2.5456694453074116
1800,0.0085343750000000003,34.149243101949942,2.5456646476272433
1800,0.0085359375000000001,34.149453859142305,2.5456598450797046
1800,0.0085375,34.14966465544056,2.5456550376604126
1800,0.0085390624999999998,34.149875490845076,2.5456502253649798
1800,0.0085406249999999996,34.150086365356231,2.545645408189015
1800,0.0085421875000000012,34.150297278974406,2.5456405861281253
1800,0.008543750000000001,34.150508231699973,2.5456357591779146
1800,0.0085453125000000008,34.150719223533301,2.545630927333983
1800,0.0085468750000000007,34.150930254474758,2.5456260905919272
1800,0.0085484375000000005,34.151141324524723,2.5456212489473398
1800,0.0085500000000000003,34.15135243368357,2.5456164023958112
1800,0.0085515625000000001,34.151563581951663,2.5456115509329278
1800,0.008553125,34.151774769329386,2.545606694554273
1800,0.0085546874999999998,34.151985995817114,2.5456018332554269
1800,0.0085562499999999996,34.152197261415218,2.5455969670319663
1800,0.0085578125000000012,34.152408566124073,2.5455920958794649
1800,0.008559375000000001,34.152619909944057,2.545587219793493
1800,0.0085609375000000008,34.152831292875554,2.5455823387696164
1800,0.0085625000000000007,34.153042714918939,2.5455774528033994
1800,0.0085640625000000005,34.153254176074576,2.5455725618904013
1800,0.0085656250000000003,34.153465676342847,2.5455676660261792
1800,0.0085671875000000001,34.15367721572413,2.5455627652062858
1800,0.00856875,34.153888794218801,2.5455578594262707
1800,0.0085703124999999998,34.15410041182723,2.5455529486816815
1800,0.0085718749999999996,34.1543120685498,2.54554803296806
1800,0.0085734375000000012,34.154523764386873,2.5455431122809475
1800,0.008575000000000001,34.154735499338841,2.5455381866158806
1800,0.0085765625000000009,34.15494727340608,2.5455332559683921
1800,0.0085781250000000007,34.155159086588959,2.5455283203340113
1800,0.0085796875000000005,34.155370938887856,2.545523379708265
1800,0.0085812500000000003,34.155582830303146,2.5455184340866768
1800,0.0085828125000000002,34.155794760835221,2.5455134834647661
1800,0.008584375,34.156006730484449,2.5455085278380496
1800,0.0085859374999999998,34.156218739251209,2.5455035672020401
1800,0.0085874999999999996,34.156430787135875,2.5454986015522474
1800,0.0085890625000000012,34.156642874138825,2.5454936308841778
1800,0.008590625000000001,34.156855000260443,2.545488655193334
1800,0.0085921875000000009,34.157067165501097,2.5454836744752156
1800,0.0085937500000000007,34.157279369861165,2.5454786887253191
1800,0.0085953125000000005,34.15749161334103,2.5454736979391361
1800,0.0085968750000000003,34.157703895941076,2.5454687021121569
1800,0.0085984375000000002,34.157916217661672,2.5454637012398682
1800,0.0086,34.158128578503202,2.5454586953177518
1800,0.0086015624999999998,34.158340978466057,2.5454536843412878
1800,0.0086031249999999997,34.158553417550607,2.5454486683059514
1800,0.0086046875000000012,34.158765895757227,2.5454436472072155
1800,0.0086062500000000011,34.158978413086295,2.5454386210405491
1800,0.0086078125000000009,34.159190969538194,2.5454335898014175
1800,0.0086093750000000007,34.159403565113301,2.5454285534852832
1800,0.0086109375000000005,34.159616199811992,2.5454235120876048
1800,0.0086125000000000004,34.159828873634652,2.5454184656038379
1800,0.0086140625000000002,34.160041586581656,2.5454134140294342
1800,0.008615625,34.160254338653395,2.5454083573598441
1800,0.0086171874999999998,34.16046712985024,2.5454032955905119
1800,0.0086187499999999997,34.16067996017258,2.5453982287168793
1800,0.0086203125000000012,34.160892829620792,2.5453931567343848
1800,0.0086218750000000011,34.161105738195253,2.5453880796384638
1800,0.0086234375000000009,34.161318685896347,2.5453829974245483
1800,0.0086250000000000007,34.16153167272445,2.5453779100880669
1800,0.0086265625000000005,34.161744698679939,2.5453728176244441
1800,0.0086281250000000004,34.161957763763205,2.5453677200291005
1800,0.0086296875000000002,34.162170867974631,2.5453626172974548
1800,0.00863125,34.162384011314586,2.5453575094249219
1800,0.0086328124999999999,34.162597193783469,2.5453523964069125
1800,0.0086343749999999997,34.162810415381657,2.5453472782388347
1800,0.0086359375000000013,34.163023676109532,2.5453421549160931
1800,0.0086375000000000011,34.163236975967472,2.5453370264340878
1800,0.0086390625000000009,34.16345031495586,2.5453318927882167
1800,0.0086406250000000007,34.163663693075065,2.5453267539738742
1800,0.0086421875000000006,34.16387711032548,2.5453216099864506
1800,0.0086437500000000004,34.164090566707486,2.5453164608213328
1800,0.0086453125000000002,34.164304062221476,2.5453113064739048
1800,0.008646875,34.164517596867817,2.5453061469395468
1800,0.0086484374999999999,34.164731170646903,2.5453009822136368
1800,0.0086499999999999997,34.164944783559108,2.5452958122915472
1800,0.0086515625000000013,34.165158435604809,2.5452906371686486
1800,0.0086531250000000011,34.165372126784405,2.5452854568403067
1800,0.0086546875000000009,34.165585857098272,2.5452802713018858
1800,0.0086562500000000007,34.1657996265468,2.5452750805487456
1800,0.0086578125000000006,34.166013435130374,2.5452698845762414
1800,0.0086593750000000004,34.166227282849363,2.5452646833797266
1800,0.0086609375000000002,34.166441169704157,2.5452594769545493
1800,0.0086625000000000001,34.166655095695148,2.5452542652960566
1800,0.0086640624999999999,34.166869060822719,2.5452490483995907
1800,0.0086656249999999997,34.167083065087255,2.5452438262604895
1800,0.0086671875000000013,34.16729710848913,2.5452385988740889
1800,0.0086687500000000011,34.167511191028744,2.5452333662357209
1800,0.0086703125000000009,34.16772531270648,2.5452281283407152
1800,0.0086718750000000008,34.167939473522722,2.5452228851843959
1800,0.0086734375000000006,34.16815367347786,2.5452176367620849
1800,0.0086750000000000004,34.168367912572279,2.5452123830691011
1800,0.0086765625000000002,34.168582190806362,2.5452071241007581
1800,0.0086781250000000001,34.168796508180485,2.545201859852368
1800,0.0086796874999999999,34.169010864695046,2.5451965903192377
1800,0.0086812499999999997,34.169225260350423,2.5451913154966714
1800,0.0086828124999999996,34.169439695147005,2.5451860353799698
1800,0.0086843750000000011,34.169654169085177,2.5451807499644308
1800,0.0086859375000000009,34.169868682165315,2.5451754592453475
1800,0.0086875000000000008,34.170083234387818,2.5451701632180104
1800,0.0086890625000000006,34.170297825753067,2.5451648618777063
1800,0.0086906250000000004,34.170512456261456,2.545159555219719
1800,0.0086921875000000003,34.170727125913366,2.5451542432393279
1800,0.0086937500000000001,34.17094183470919,2.5451489259318087
1800,0.0086953124999999999,34.171156582649317,2.5451436032924355
1800,0.0086968749999999997,34.171371369734118,2.5451382753164769
1800,0.0086984374999999996,34.171586195963997,2.5451329419991984
1800,0.0087000000000000011,34.17180106133933,2.545127603335863
1800,0.008701562500000001,34.17201596586051,2.54512225932173
1800,0.0087031250000000008,34.172230909527926,2.5451169099520543
1800,0.0087046875000000006,34.172445892341962,2.5451115552220878
1800,0.0087062500000000004,34.172660914303002,2.5451061951270786
1800,0.0087078125000000003,34.172875975411436,2.545100829662271
1800,0.0087093750000000001,34.173091075667656,2.5450954588229076
1800,0.0087109374999999999,34.173306215072053,2.5450900826042258
1800,0.0087124999999999998,34.173521393625016,2.5450847010014597
1800,0.0087140624999999996,34.17373661132693,2.5450793140098398
1800,0.0087156250000000011,34.173951868178186,2.5450739216245934
1800,0.008717187500000001,34.174167164179167,2.5450685238409445
1800,0.0087187500000000008,34.174382499330264,2.5450631206541123
1800,0.0087203125000000006,34.174597873631868,2.5450577120593145
1800,0.0087218750000000005,34.174813287084383,2.5450522980517634
1800,0.0087234375000000003,34.175028739688187,2.5450468786266702
1800,0.0087250000000000001,34.175244231443671,2.5450414537792403
1800,0.0087265624999999999,34.175459762351231,2.5450360235046765
1800,0.0087281249999999998,34.175675332411252,2.5450305877981774
1800,0.0087296874999999996,34.175890941624118,2.5450251466549374
1800,0.0087312500000000012,34.176106589990226,2.5450197000701498
1800,0.008732812500000001,34.176322277509961,2.5450142480390028
1800,0.0087343750000000008,34.176538004183712,2.5450087905566816
1800,0.0087359375000000006,34.176753770011878,2.5450033276183675
1800,0.0087375000000000005,34.176969574994835,2.5449978592192375
1800,0.0087390625000000003,34.177185419132982,2.5449923853544658
1800,0.0087406250000000001,34.177401302426709,2.5449869060192234
1800,0.0087421875,34.177617224876407,2.5449814212086772
1800,0.0087437499999999998,34.177833186482474,2.5449759309179911
1800,0.0087453124999999996,34.178049187245293,2.5449704351423259
1800,0.0087468750000000012,34.178265227165262,2.5449649338768374
1800,0.008748437500000001,34.178481306242773,2.5449594271166784
1800,0.0087500000000000008,34.178697424478209,2.5449539148569986
1800,0.0087515625000000007,34.178913581871974,2.5449483970929427
1800,0.0087531250000000005,34.179129778424461,2.5449428738196538
1800,0.0087546875000000003,34.179346014136051,2.5449373450322708
1800,0.0087562500000000001,34.179562289007151,2.5449318107259287
1800,0.0087578125,34.179778603038145,2.5449262708957581
1800,0.0087593749999999998,34.179994956229429,2.5449207255368882
1800,0.0087609374999999996,34.180211348581395,2.5449151746444429
1800,0.0087625000000000012,34.180427780094433,2.5449096182135431
1800,0.008764062500000001,34.18064425076895,2.5449040562393064
1800,0.0087656250000000008,34.180860760605327,2.544898488716846
1800,0.0087671875000000007,34.181077309603957,2.5448929156412716
1800,0.0087687500000000005,34.181293897765237,2.5448873370076908
1800,0.0087703125000000003,34.181510525089557,2.5448817528112055
1800,0.0087718750000000002,34.181727191577323,2.544876163046915
1800,0.0087734375,34.181943897228926,2.5448705677099159
1800,0.0087749999999999998,34.182160642044749,2.5448649667953003
1800,0.0087765624999999996,34.182377426025191,2.5448593602981564
1800,0.0087781250000000012,34.182594249170641,2.5448537482135691
1800,0.008779687500000001,34.182811111481506,2.5448481305366202
1800,0.0087812500000000009,34.183028012958175,2.5448425072623868
1800,0.0087828125000000007,34.183244953601033,2.5448368783859441
1800,0.0087843750000000005,34.183461933410484,2.5448312439023617
1800,0.0087859375000000003,34.18367895238692,2.5448256038067072
1800,0.0087875000000000002,34.183896010530738,2.5448199580940432
1800,0.0087890625,34.184113107842343,2.54481430675943
1800,0.0087906249999999998,34.184330244322119,2.5448086497979241
1800,0.0087921874999999997,34.184547419970471,2.5448029872045765
1800,0.0087937500000000012,34.18476463478779,2.5447973189744371
1800,0.008795312500000001,34.184981888774466,2.5447916451025518
1800,0.0087968750000000009,34.185199181930891,2.5447859655839618
1800,0.0087984375000000007,34.185416514257469,2.5447802804137045
1800,0.0088000000000000005,34.185633885754591,2.5447745895868148
1800,0.0088015625000000004,34.185851296422662,2.5447688930983245
1800,0.0088031250000000002,34.18606874626208,2.5447631909432604
1800,0.0088046875,34.186286235273236,2.5447574831166464
1800,0.0088062499999999998,34.186503763456528,2.544751769613502
1800,0.0088078124999999997,34.186721330812354,2.5447460504288428
1800,0.0088093750000000012,34.186938937341111,2.5447403255576817
1800,0.0088109375000000011,34.18715658304319,2.544734594995028
1800,0.0088125000000000009,34.187374267919004,2.5447288587358874
1800,0.0088140625000000007,34.187591991968951,2.5447231167752618
1800,0.0088156250000000005,34.18780975519342,2.5447173691081493
1800,0.0088171875000000004,34.188027557592818,2.5447116157295446
1800,0.0088187500000000002,34.188245399167528,2.544705856634438
1800,0.0088203125,34.188463279917954,2.5447000918178175
1800,0.0088218749999999999,34.188681199844488,2.5446943212746662
1800,0.0088234374999999997,34.188899158947542,2.5446885449999641
1800,0.0088250000000000012,34.189117157227514,2.5446827629886881
1800,0.0088265625000000011,34.189335194684794,2.5446769752358107
1800,0.0088281250000000009,34.189553271319795,2.5446711817363008
1800,0.0088296875000000007,34.1897713871329,2.5446653824851229
1800,0.0088312500000000006,34.189989542124522,2.5446595774772391
1800,0.0088328125000000004,34.190207736295044,2.5446537667076083
1800,0.0088343750000000002,34.190425969644878,2.5446479501711838
1800,0.0088359375,34.190644242174415,2.5446421278629168
1800,0.0088374999999999999,34.19086255388406,2.5446362997777543
1800,0.0088390624999999997,34.191080904774218,2.5446304659106387
1800,0.0088406250000000013,34.191299294845287,2.5446246262565109
1800,0.0088421875000000011,34.191517724097658,2.5446187808103065
1800,0.0088437500000000009,34.191736192531742,2.5446129295669579
1800,0.0088453125000000007,34.191954700147932,2.5446070725213938
1800,0.0088468750000000006,34.192173246946624,2.5446012096685386
1800,0.0088484375000000004,34.192391832928223,2.5445953410033146
1800,0.0088500000000000002,34.192610458093135,2.5445894665206397
1800,0.0088515625000000001,34.192829122441758,2.5445835862154276
1800,0.0088531249999999999,34.193047825974496,2.5445777000825891
1800,0.0088546874999999997,34.193266568691747,2.5445718081170301
1800,0.0088562500000000013,34.19348535059391,2.5445659103136529
1800,0.0088578125000000011,34.193704171681382,2.5445600066673579
1800,0.0088593750000000009,34.193923031954569,2.5445540971730405
1800,0.0088609375000000008,34.194141931413874,2.5445481818255922
1800,0.0088625000000000006,34.194360870059718,2.5445422606199011
1800,0.0088640625000000004,34.194579847892491,2.5445363335508517
1800,0.0088656250000000002,34.194798864912592,2.5445304006133251
1800,0.0088671875000000001,34.195017921120417,2.5445244618021987
1800,0.0088687499999999999,34.19523701651638,2.544518517112345
1800,0.0088703124999999997,34.195456151100878,2.5445125665386339
1800,0.0088718750000000013,34.195675324874315,2.5445066100759313
1800,0.0088734375000000011,34.195894537837098,2.5445006477190999
1800,0.0088750000000000009,34.196113789989631,2.5444946794629977
1800,0.0088765625000000008,34.196333081332305,2.5444887053024794
1800,0.0088781250000000006,34.196552411865525,2.5444827252323963
1800,0.0088796875000000004,34.196771781589689,2.5444767392475955
1800,0.0088812500000000003,34.196991190505223,2.5444707473429218
1800,0.0088828125000000001,34.197210638612518,2.5444647495132147
1800,0.0088843749999999999,34.197430125911978,2.5444587457533108
1800,0.0088859374999999997,34.19764965240401,2.5444527360580418
1800,0.0088874999999999996,34.197869218089018,2.5444467204222367
1800,0.0088890625000000011,34.198088822967399,2.5444406988407207
1800,0.008890625000000001,34.198308467039574,2.544434671308315
1800,0.0088921875000000008,34.198528150305926,2.5444286378198377
1800,0.0088937500000000006,34.198747872766859,2.5444225983701028
1800,0.0088953125000000004,34.198967634422793,2.54441655295392
1800,0.0088968750000000003,34.199187435274141,2.5444105015660949
1800,0.0088984375000000001,34.199407275321299,2.5444044442014309
1800,0.0088999999999999999,34.199627154564674,2.5443983808547275
1800,0.0089015624999999998,34.199847073004662,2.54439231152078
1800,0.0089031249999999996,34.200067030641677,2.5443862361943794
1800,0.0089046875000000011,34.200287027476115,2.5443801548703129
1800,0.008906250000000001,34.200507063508375,2.5443740675433641
1800,0.0089078125000000008,34.200727138738884,2.5443679742083138
1800,0.0089093750000000006,34.200947253168032,2.5443618748599395
1800,0.0089109375000000005,34.20116740679623,2.5443557694930128
1800,0.0089125000000000003,34.201387599623871,2.5443496581023028
1800,0.0089140625000000001,34.20160783165138,2.5443435406825756
1800,0.0089156249999999999,34.201828102879169,2.5443374172285913
1800,0.0089171874999999998,34.202048413307622,2.5443312877351087
1800,0.0089187499999999996,34.202268762937166,2.5443251521968815
1800,0.0089203125000000012,34.202489151768198,2.5443190106086595
1800,0.008921875000000001,34.20270957980113,2.5443128629651892
1800,0.0089234375000000008,34.202930047036375,2.5443067092612126
1800,0.0089250000000000006,34.203150553474337,2.5443005494914686
1800,0.0089265625000000005,34.203371099115422,2.5442943836506928
1800,0.0089281250000000003,34.203591683960042,2.5442882117336176
1800,0.0089296875000000001,34.203812308008594,2.5442820337349694
1800,0.00893125,34.204032971261505,2.5442758496494724
1800,0.0089328124999999998,34.204253673719172,2.5442696594718464
1800,0.0089343749999999996,34.204474415382009,2.5442634631968075
1800,0.0089359375000000012,34.204695196250412,2.5442572608190681
1800,0.008937500000000001,34.204916016324802,2.5442510523333368
1800,0.0089390625000000008,34.205136875605568,2.5442448377343183
1800,0.0089406250000000007,34.20535777409313,2.5442386170167137
1800,0.0089421875000000005,34.205578711787908,2.5442323901752206
1800,0.0089437500000000003,34.205799688690306,2.5442261572045335
1800,0.0089453125000000001,34.206020704800729,2.5442199180993414
1800,0.008946875,34.206241760119596,2.5442136728543296
1800,0.0089484374999999998,34.206462854647306,2.5442074214641801
1800,0.0089499999999999996,34.206683988384277,2.5442011639235718
1800,0.0089515625000000012,34.206905161330916,2.5441949002271786
1800,0.008953125000000001,34.20712637348764,2.5441886303696726
1800,0.0089546875000000008,34.207347624854854,2.5441823543457196
1800,0.0089562500000000007,34.207568915432965,2.5441760721499826
1800,0.0089578125000000005,34.207790245222391,2.5441697837771216
1800,0.0089593750000000003,34.20801161422353,2.5441634892217913
1800,0.0089609375000000002,34.208233022436801,2.544157188478644
1800,0.0089625,34.208454469862616,2.5441508815423273
1800,0.0089640624999999998,34.208675956501381,2.5441445684074853
1800,0.0089656249999999996,34.208897482353521,2.5441382490687574
1800,0.0089671875000000012,34.209119047419428,2.5441319235207804
1800,0.008968750000000001,34.20934065169952,2.5441255917581862
1800,0.0089703125000000009,34.209562295194203,2.5441192537756048
1800,0.0089718750000000007,34.209783977903882,2.54411290956766
1800,0.0089734375000000005,34.21000569982899,2.544106559128974
1800,0.0089750000000000003,34.210227460969932,2.5441002024541644
1800,0.0089765625000000002,34.21044926132712,2.544093839537843
1800,0.008978125,34.210671100900967,2.5440874703746212
1800,0.0089796874999999998,34.210892979691891,2.544081094959104
1800,0.0089812499999999997,34.211114897700291,2.5440747132858932
1800,0.0089828125000000012,34.211336854926579,2.5440683253495866
1800,0.008984375000000001,34.21155885137118,2.5440619311447787
1800,0.0089859375000000009,34.211780887034521,2.5440555306660597
1800,0.0089875000000000007,34.212002961917001,2.5440491239080165
1800,0.0089890625000000005,34.212225076019031,2.5440427108652308
1800,0.0089906250000000004,34.212447229341031,2.5440362915322825
1800,0.0089921875000000002,34.212669421883412,2.544029865903747
1800,0.00899375,34.212891653646601,2.5440234339741949
1800,0.0089953124999999998,34.213113924630996,2.5440169957381946
1800,0.0089968749999999997,34.213336234837008,2.5440105511903086
1800,0.0089984375000000012,34.213558584265051,2.5440041003250964
1800,0.0090000000000000011,34.213780972915536,2.5439976431371139
1800,0.0090015625000000009,34.214003400788897,2.5439911796209125
1800,0.0090031250000000007,34.214225867885538,2.5439847097710415
1800,0.0090046875000000005,34.214448374205865,2.5439782335820444
1800,0.0090062500000000004,34.214670919750297,2.5439717510484616
1800,0.0090078125000000002,34.214893504519246,2.543965262164829
1800,0.009009375,34.215116128513145,2.5439587669256793
1800,0.0090109374999999999,34.2153387917324,2.5439522653255411
1800,0.0090124999999999997,34.215561494177443,2.543945757358939
1800,0.0090140625000000012,34.21578423584868,2.5439392430203949
1800,0.0090156250000000011,34.216007016746531,2.543932722304425
1800,0.0090171875000000009,34.216229836871399,2.5439261952055423
1800,0.0090187500000000007,34.216452696223691,2.5439196617182565
1800,0.0090203125000000006,34.216675594803839,2.5439131218370727
1800,0.0090218750000000004,34.216898532612255,2.5439065755564934
1800,0.0090234375000000002,34.217121509649353,2.5439000228710156
1800,0.009025,34.217344525915557,2.5438934637751336
1800,0.0090265624999999999,34.217567581411274,2.5438868982633367
1800,0.0090281249999999997,34.217790676136921,2.5438803263301106
1800,0.0090296875000000013,34.21801381009292,2.5438737479699376
1800,0.0090312500000000011,34.218236983279681,2.5438671631772962
1800,0.0090328125000000009,34.218460195697631,2.5438605719466603
1800,0.0090343750000000007,34.218683447347189,2.5438539742724995
1800,0.0090359375000000006,34.218906738228782,2.5438473701492805
1800,0.0090375000000000004,34.219130068342807,2.5438407595714669
1800,0.0090390625000000002,34.219353437689676,2.5438341425335165
1800,0.009040625,34.21957684626981,2.5438275190298842
1800,0.0090421874999999999,34.219800294083633,2.5438208890550209
1800,0.0090437499999999997,34.220023781131559,2.5438142526033736
1800,0.0090453125000000013,34.220247307414013,2.5438076096693854
1800,0.0090468750000000011,34.220470872931422,2.5438009602474954
1800,0.0090484375000000009,34.220694477684191,2.5437943043321387
1800,0.0090500000000000008,34.220918121672753,2.5437876419177465
1800,0.0090515625000000006,34.22114180489752,2.5437809729987455
1800,0.0090531250000000004,34.22136552735892,2.5437742975695596
1800,0.0090546875000000002,34.221589289057363,2.5437676156246094
1800,0.0090562500000000001,34.221813089993269,2.5437609271583099
1800,0.0090578124999999999,34.222036930167057,2.5437542321650719
1800,0.0090593749999999997,34.222260809579147,2.5437475306393029
1800,0.0090609375000000013,34.222484728229951,2.5437408225754075
1800,0.0090625000000000011,34.222708686119887,2.5437341079677851
1800,0.0090640625000000009,34.222932683249375,2.5437273868108323
1800,0.0090656250000000008,34.223156719618849,2.5437206590989399
1800,0.0090671875000000006,34.223380795228728,2.5437139248264966
1800,0.0090687500000000004,34.223604910079438,2.5437071839878862
1800,0.0090703125000000002,34.223829064171383,2.5437004365774896
1800,0.0090718750000000001,34.224053257504984,2.5436936825896823
1800,0.0090734374999999999,34.224277490080674,2.5436869220188369
1800,0.0090749999999999997,34.224501761898857,2.5436801548593215
1800,0.0090765625000000013,34.224726072959967,2.543673381105501
1800,0.0090781250000000011,34.224950423264424,2.5436666007517355
1800,0.009079687500000001,34.225174812812661,2.5436598137923814
1800,0.0090812500000000008,34.225399241605082,2.5436530202217909
1800,0.0090828125000000006,34.225623709642129,2.543646220034312
1800,0.0090843750000000004,34.22584821692422,2.5436394132242905
1800,0.0090859375000000003,34.226072763451768,2.5436325997860654
1800,0.0090875000000000001,34.226297349225192,2.5436257797139743
1800,0.0090890624999999999,34.226521974244918,2.543618953002349
1800,0.0090906249999999997,34.226746638511372,2.5436121196455188
1800,0.0090921874999999996,34.226971342024981,2.5436052796378084
1800,0.0090937500000000011,34.227196084786165,2.5435984329735386
1800,0.009095312500000001,34.227420866795342,2.543591579647027
1800,0.0090968750000000008,34.227645688052931,2.5435847196525851
1800,0.0090984375000000006,34.227870548559366,2.543577852984523
1800,0.0091000000000000004,34.228095448315067,2.5435709796371446
1800,0.0091015625000000003,34.228320387320451,2.543564099604751
1800,0.0091031250000000001,34.228545365575947,2.5435572128816384
1800,0.0091046874999999999,34.228770383081979,2.5435503194621005
1800,0.0091062499999999998,34.228995439838975,2.543543419340426
1800,0.0091078124999999996,34.229220535847354,2.5435365125109
1800,0.0091093750000000012,34.229445671107534,2.5435295989678033
1800,0.009110937500000001,34.229670845619943,2.5435226787054122
1800,0.0091125000000000008,34.229896059385005,2.543515751718
1800,0.0091140625000000006,34.230121312403156,2.543508817999836
1800,0.0091156250000000005,34.230346604674807,2.5435018775451854
1800,0.0091171875000000003,34.230571936200384,2.5434949303483085
1800,0.0091187500000000001,34.230797306980314,2.5434879764034619
1800,0.0091203124999999999,34.231022717015009,2.5434810157048995
1800,0.0091218749999999998,34.231248166304908,2.5434740482468698
1800,0.0091234374999999996,34.23147365485044,2.543467074023618
1800,0.0091250000000000012,34.231699182652022,2.5434600930293847
1800,0.009126562500000001,34.231924749710082,2.5434531052584064
1800,0.0091281250000000008,34.232150356025052,2.5434461107049162
1800,0.0091296875000000006,34.232376001597352,2.5434391093631437
1800,0.0091312500000000005,34.232601686427415,2.543432101227312
1800,0.0091328125000000003,34.232827410515675,2.5434250862916432
1800,0.0091343750000000001,34.233053173862551,2.5434180645503539
1800,0.0091359375,34.233278976468483,2.5434110359976572
1800,0.0091374999999999998,34.23350481833387,2.5434040006277612
1800,0.0091390624999999996,34.233730699459166,2.5433969584348706
1800,0.0091406250000000012,34.233956619844776,2.5433899094131869
1800,0.009142187500000001,34.234182579491133,2.5433828535569059
1800,0.0091437500000000008,34.234408578398657,2.5433757908602201
1800,0.0091453125000000007,34.234634616567789,2.5433687213173193
1800,0.0091468750000000005,34.234860693998954,2.5433616449223875
1800,0.0091484375000000003,34.235086810692572,2.5433545616696049
1800,0.0091500000000000001,34.235312966649083,2.5433474715531488
1800,0.0091515625,34.235539161868907,2.5433403745671908
1800,0.0091531249999999998,34.235765396352477,2.5433332707058995
1800,0.0091546874999999996,34.235991670100219,2.5433261599634394
1800,0.0091562500000000012,34.23621798311256,2.5433190423339704
1800,0.009157812500000001,34.236444335389947,2.543311917811649
1800,0.0091593750000000008,34.236670726932793,2.5433047863906282
1800,0.0091609375000000007,34.236897157741524,2.5432976480650549
1800,0.0091625000000000005,34.23712362781658,2.5432905028290738
1800,0.0091640625000000003,34.23735013715838,2.5432833506768242
1800,0.0091656250000000002,34.237576685767358,2.543276191602442
1800,0.0091671875,34.237803273643934,2.5432690256000603
1800,0.0091687499999999998,34.238029900788547,2.5432618526638064
1800,0.0091703124999999996,34.238256567201624,2.5432546727878043
1800,0.0091718750000000012,34.238483272883606,2.5432474859661736
1800,0.009173437500000001,34.238710017834926,2.5432402921930297
1800,0.0091750000000000009,34.238936802056003,2.5432330914624846
1800,0.0091765625000000007,34.239163625547256,2.5432258837686459
1800,0.0091781250000000005,34.23939048830912,2.5432186691056171
1800,0.0091796875000000003,34.239617390342033,2.5432114474674972
1800,0.0091812500000000002,34.239844331646424,2.5432042188483819
1800,0.0091828125,34.240071312222724,2.5431969832423622
1800,0.0091843749999999998,34.240298332071369,2.5431897406435251
1800,0.0091859374999999997,34.240525391192783,2.5431824910459535
1800,0.0091875000000000012,34.240752489587393,2.5431752344437255
1800,0.009189062500000001,34.240979627255641,2.5431679708309169
1800,0.0091906250000000009,34.241206804197944,2.5431607002015988
1800,0.0091921875000000007,34.241434020414744,2.5431534225498376
1800,0.0091937500000000005,34.24166127590648,2.5431461378696958
1800,0.0091953125000000004,34.241888570673588,2.5431388461552316
1800,0.0091968750000000002,34.242115904716485,2.5431315474004998
1800,0.0091984375,34.242343278035612,2.5431242415995507
1800,0.0091999999999999998,34.242570690631403,2.5431169287464304
1800,0.0092015624999999997,34.242798142504284,2.5431096088351812
1800,0.0092031250000000012,34.243025633654689,2.5431022818598414
1800,0.0092046875000000011,34.243253164083043,2.5430949478144442
1800,0.0092062500000000009,34.243480733789795,2.5430876066930193
1800,0.0092078125000000007,34.243708342775363,2.5430802584895926
1800,0.0092093750000000005,34.243935991040182,2.5430729031981856
1800,0.0092109375000000004,34.244163678584691,2.5430655408128162
1800,0.0092125000000000002,34.244391405409331,2.5430581713274973
1800,0.0092140625,34.244619171514529,2.5430507947362386
1800,0.0092156249999999999,34.244846976900725,2.5430434110330449
1800,0.0092171874999999997,34.245074821568359,2.5430360202119178
1800,0.0092187500000000012,34.245302705517844,2.5430286222668528
1800,0.0092203125000000011,34.245530628749613,2.5430212171918432
1800,0.0092218750000000009,34.245758591264106,2.5430138049808777
1800,0.0092234375000000007,34.245986593061772,2.5430063856279403
1800,0.0092250000000000006,34.246214634143044,2.5429989591270115
1800,0.0092265625000000004,34.246442714508341,2.5429915254720679
1800,0.0092281250000000002,34.24667083415811,2.5429840846570815
1800,0.0092296875,34.246898993092785,2.5429766366760198
1800,0.0092312499999999999,34.247127191312785,2.5429691815228468
1800,0.0092328124999999997,34.247355428818558,2.5429617191915224
1800,0.0092343750000000013,34.247583705610538,2.542954249676002
1800,0.0092359375000000011,34.247812021689164,2.5429467729702373
1800,0.0092375000000000009,34.248040377054878,2.5429392890681752
1800,0.0092390625000000007,34.248268771708105,2.5429317979637593
1800,0.0092406250000000006,34.248497205649294,2.5429242996509287
1800,0.0092421875000000004,34.248725678878863,2.5429167941236166
1800,0.0092437500000000002,34.248954191397253,2.542909281375755
1800,0.0092453125000000001,34.249182743204898,2.5429017614012692
1800,0.0092468749999999999,34.249411334302252,2.5428942341940823
1800,0.0092484374999999997,34.249639964689749,2.542886699748113
1800,0.0092500000000000013,34.249868634367829,2.5428791580572749
1800,0.0092515625000000011,34.250097343336918,2.5428716091154775
1800,0.0092531250000000009,34.250326091597458,2.5428640529166264
1800,0.0092546875000000008,34.250554879149881,2.5428564894546231
1800,0.0092562500000000006,34.250783705994635,2.5428489187233656
1800,0.0092578125000000004,34.251012572132154,2.5428413407167461
1800,0.0092593750000000002,34.251241477562871,2.5428337554286546
1800,0.0092609375000000001,34.251470422287234,2.5428261628529762
1800,0.0092624999999999999,34.251699406305669,2.5428185629835909
1800,0.0092640624999999997,34.251928429618616,2.5428109558143746
1800,0.0092656250000000013,34.252157492226523,2.5428033413391997
1800,0.0092671875000000011,34.252386594129817,2.5427957195519344
1800,0.0092687500000000009,34.252615735328938,2.5427880904464431
1800,0.0092703125000000008,34.252844915824333,2.5427804540165848
1800,0.0092718750000000006,34.253074135616444,2.5427728102562153
1800,0.0092734375000000004,34.253303394705704,2.5427651591591864
1800,0.0092750000000000003,34.253532693092545,2.5427575007193459
1800,0.0092765625000000001,34.253762030777409,2.5427498349305355
1800,0.0092781249999999999,34.253991407760722,2.5427421617865944
1800,0.0092796874999999997,34.254220824042939,2.5427344812813564
1800,0.0092812500000000013,34.254450279624507,2.5427267934086526
1800,0.0092828125000000011,34.254679774505867,2.5427190981623085
1800,0.009284375000000001,34.254909308687452,2.5427113955361462
1800,0.0092859375000000008,34.255138882169703,2.5427036855239842
1800,0.0092875000000000006,34.255368494953061,2.5426959681196353
1800,0.0092890625000000004,34.255598147037965,2.5426882433169102
1800,0.0092906250000000003,34.25582783842485,2.542680511109614
1800,0.0092921875000000001,34.256057569114155,2.5426727714915467
1800,0.0092937499999999999,34.256287339106329,2.5426650244565048
1800,0.0092953124999999998,34.256517148401826,2.5426572699982812
1800,0.0092968749999999996,34.256746997001081,2.5426495081106646
1800,0.0092984375000000011,34.256976884904532,2.542641738787438
1800,0.009300000000000001,34.257206812112621,2.5426339620223817
1800,0.0093015625000000008,34.257436778625781,2.5426261778092711
1800,0.0093031250000000006,34.25766678444446,2.5426183861418776
1800,0.0093046875000000005,34.25789682956912,2.5426105870139697
1800,0.0093062500000000003,34.258126914000194,2.5426027804193092
1800,0.0093078125000000001,34.258357037738129,2.5425949663516554
1800,0.0093093749999999999,34.258587200783346,2.5425871448047626
1800,0.0093109374999999998,34.258817403136298,2.5425793157723802
1800,0.0093124999999999996,34.259047644797413,2.542571479248255
1800,0.0093140625000000012,34.259277925767144,2.5425636352261285
1800,0.009315625000000001,34.259508246045939,2.542555783699739
1800,0.0093171875000000008,34.259738605634233,2.5425479246628186
1800,0.0093187500000000006,34.259969004532486,2.5425400581090964
1800,0.0093203125000000005,34.260199442741119,2.5425321840322983
1800,0.0093218750000000003,34.260429920260592,2.5425243024261448
1800,0.0093234375000000001,34.260660437091346,2.5425164132843512
1800,0.009325,34.260890993233829,2.54250851660063
1800,0.0093265624999999998,34.261121588688489,2.5425006123686895
1800,0.0093281249999999996,34.261352223455759,2.5424927005822333
1800,0.0093296875000000012,34.26158289753608,2.5424847812349594
1800,0.009331250000000001,34.261813610929892,2.5424768543205625
1800,0.0093328125000000008,34.262044363637649,2.5424689198327344
1800,0.0093343750000000007,34.262275155659793,2.5424609777651619
1800,0.0093359375000000005,34.262505986996764,2.542453028111527
1800,0.0093375000000000003,34.262736857649017,2.5424450708655075
1800,0.0093390625000000001,34.262967767616999,2.542437106020778
1800,0.009340625,34.263198716901158,2.542429133571007
1800,0.0093421874999999998,34.263429705501935,2.5424211535098595
1800,0.0093437499999999996,34.263660733419769,2.5424131658309972
1800,0.0093453125000000012,34.263891800655109,2.5424051705280766
1800,0.009346875000000001,34.26412290720841,2.5423971675947503
1800,0.0093484375000000008,34.264354053080105,2.5423891570246662
1800,0.0093500000000000007,34.264585238270641,2.542381138811467
1800,0.0093515625000000005,34.264816462780473,2.542373112948793
1800,0.0093531250000000003,34.265047726610042,2.5423650794302795
1800,0.0093546875000000002,34.265279029759803,2.5423570382495573
1800,0.00935625,34.265510372230196,2.5423489894002529
1800,0.0093578124999999998,34.265741754021668,2.5423409328759883
1800,0.0093593749999999996,34.265973175134668,2.5423328686703819
1800,0.0093609375000000012,34.266204635569643,2.5423247967770486
1800,0.009362500000000001,34.266436135327048,2.5423167171895971
1800,0.0093640625000000009,34.26666767440733,2.542308629901632
1800,0.0093656250000000007,34.26689925281093,2.5423005349067545
1800,0.0093671875000000005,34.267130870538288,2.5422924321985616
1800,0.0093687500000000003,34.267362527589853,2.5422843217706448
1800,0.0093703125000000002,34.267594223966078,2.5422762036165931
1800,0.009371875,34.267825959667412,2.5422680777299895
1800,0.0093734374999999998,34.268057734694302,2.5422599441044129
1800,0.0093749999999999997,34.268289549047196,2.5422518027334382
1800,0.0093765625000000012,34.268521402726549,2.5422436536106354
1800,0.009378125000000001,34.268753295732807,2.5422354967295728
1800,0.0093796875000000009,34.268985228066406,2.5422273320838129
1800,0.0093812500000000007,34.269217199727805,2.5422191596669128
1800,0.0093828125000000005,34.269449210717461,2.5422109794724244
1800,0.0093843750000000004,34.269681261035814,2.5422027914938981
1800,0.0093859375000000002,34.269913350683325,2.5421945957248786
1800,0.0093875,34.270145479660435,2.5421863921589067
1800,0.0093890624999999998,34.270377647967592,2.5421781807895174
1800,0.0093906249999999997,34.270609855605244,2.5421699616102438
1800,0.0093921875000000012,34.27084210257383,2.5421617346146128
1800,0.0093937500000000011,34.271074388873814,2.5421534997961475
1800,0.0093953125000000009,34.271306714505656,2.5421452571483676
1800,0.0093968750000000007,34.271539079469797,2.5421370066647868
1800,0.0093984375000000005,34.271771483766692,2.5421287483389148
1800,0.0094000000000000004,34.272003927396781,2.5421204821642585
1800,0.0094015625000000002,34.272236410360527,2.5421122081343186
1800,0.009403125,34.27246893265837,2.542103926242592
1800,0.0094046874999999999,34.272701494290772,2.5420956364825722
1800,0.0094062499999999997,34.272934095258186,2.5420873388477472
1800,0.0094078125000000012,34.27316673556107,2.5420790333316012
1800,0.0094093750000000011,34.273399415199862,2.5420707199276147
1800,0.0094109375000000009,34.273632134175017,2.5420623986292612
1800,0.0094125000000000007,34.273864892486991,2.5420540694300127
1800,0.0094140625000000006,34.274097690136223,2.5420457323233361
1800,0.0094156250000000004,34.274330527123183,2.5420373873026931
1800,0.0094171875000000002,34.274563403448319,2.5420290343615419
1800,0.00941875,34.274796319112085,2.5420206734933357
1800,0.0094203124999999999,34.275029274114921,2.5420123046915237
1800,0.0094218749999999997,34.275262268457276,2.5420039279495517
1800,0.0094234375000000013,34.275495302139603,2.5419955432608599
1800,0.0094250000000000011,34.27572837516238,2.5419871506188834
1800,0.0094265625000000009,34.275961487526047,2.541978750017055
1800,0.0094281250000000007,34.276194639231058,2.5419703414488009
1800,0.0094296875000000006,34.276427830277868,2.5419619249075445
1800,0.0094312500000000004,34.276661060666939,2.5419535003867044
1800,0.0094328125000000002,34.276894330398711,2.5419450678796953
1800,0.0094343750000000001,34.27712763947364,2.5419366273799264
1800,0.0094359374999999999,34.277360987892166,2.541928178880803
1800,0.0094374999999999997,34.277594375654758,2.5419197223757268
1800,0.0094390625000000013,34.277827802761884,2.5419112578580942
1800,0.0094406250000000011,34.278061269213978,2.5419027853212972
1800,0.0094421875000000009,34.27829477501151,2.5418943047587237
1800,0.0094437500000000008,34.278528320154926,2.5418858161637572
1800,0.0094453125000000006,34.278761904644675,2.5418773195297772
1800,0.0094468750000000004,34.278995528481204,2.5418688148501589
1800,0.0094484375000000002,34.279229191664982,2.5418603021182724
1800,0.0094500000000000001,34.279462894196456,2.5418517813274826
1800,0.0094515624999999999,34.279696636076096,2.5418432524711512
1800,0.0094531249999999997,34.279930417304357,2.5418347155426355
1800,0.0094546875000000013,34.280164237881692,2.5418261705352885
1800,0.0094562500000000011,34.280398097808565,2.5418176174424589
1800,0.0094578125000000009,34.280631997085429,2.5418090562574904
1800,0.0094593750000000008,34.280865935712733,2.5418004869737212
1800,0.0094609375000000006,34.28109991369093,2.5417919095844872
1800,0.0094625000000000004,34.281333931020484,2.5417833240831178
1800,0.0094640625000000003,34.281567987701841,2.541774730462941
1800,0.0094656250000000001,34.281802083735457,2.5417661287172781
1800,0.0094671874999999999,34.282036219121785,2.5417575188394461
1800,0.0094687499999999997,34.282270393861289,2.5417489008227578
1800,0.0094703125000000013,34.282504607954429,2.5417402746605222
1800,0.0094718750000000011,34.282738861401654,2.5417316403460433
1800,0.009473437500000001,34.282973154203439,2.5417229978726206
1800,0.0094750000000000008,34.283207486360233,2.5417143472335493
1800,0.0094765625000000006,34.283441857872496,2.5417056884221205
1800,0.0094781250000000004,34.283676268740685,2.5416970214316206
1800,0.0094796875000000003,34.283910718965259,2.5416883462553308
1800,0.0094812500000000001,34.28414520854669,2.5416796628865286
1800,0.0094828124999999999,34.284379737485423,2.5416709713184877
1800,0.0094843749999999998,34.284614305781915,2.5416622715444763
1800,0.0094859375000000013,34.284848913436633,2.5416535635577584
1800,0.0094875000000000011,34.285083560450033,2.5416448473515945
1800,0.009489062500000001,34.285318246822577,2.5416361229192392
1800,0.0094906250000000008,34.285552972554711,2.5416273902539435
1800,0.0094921875000000006,34.285787737646899,2.5416186493489534
1800,0.0094937500000000005,34.286022542099609,2.541609900197511
1800,0.0094953125000000003,34.286257385913309,2.5416011427928544
1800,0.0094968750000000001,34.286492269088448,2.5415923771282158
1800,0.0094984374999999999,34.286727191625481,2.5415836031968237
1800,0.0094999999999999998,34.286962153524875,2.5415748209919022
1800,0.0095015624999999996,34.28719715478708,2.5415660305066714
1800,0.0095031250000000012,34.28743219541257,2.5415572317343464
1800,0.009504687500000001,34.287667275401787,2.5415484246681377
1800,0.0095062500000000008,34.287902394755207,2.5415396093012523
1800,0.0095078125000000006,34.288137553473284,2.5415307856268914
1800,0.0095093750000000005,34.288372751556473,2.5415219536382518
1800,0.0095109375000000003,34.288607989005236,2.5415131133285271
1800,0.0095125000000000001,34.288843265820049,2.5415042646909054
1800,0.0095140625,34.289078582001359,2.5414954077185694
1800,0.0095156249999999998,34.289313937549636,2.5414865424046993
1800,0.0095171874999999996,34.289549332465334,2.5414776687424698
1800,0.0095187500000000012,34.289784766748916,2.5414687867250518
1800,0.009520312500000001,34.29002024040085,2.5414598963456112
1800,0.0095218750000000008,34.290255753421597,2.5414509975973085
1800,0.0095234375000000007,34.290491305811614,2.5414420904733008
1800,0.0095250000000000005,34.290726897571375,2.5414331749667407
1800,0.0095265625000000003,34.290962528701336,2.5414242510707767
1800,0.0095281250000000001,34.291198199201951,2.5414153187785522
1800,0.0095296875,34.291433909073689,2.5414063780832064
1800,0.0095312499999999998,34.291669658317012,2.5413974289778736
1800,0.0095328124999999996,34.291905446932383,2.5413884714556838
1800,0.0095343750000000012,34.292141274920262,2.5413795055097625
1800,0.009535937500000001,34.292377142281111,2.5413705311332309
1800,0.0095375000000000008,34.292613049015401,2.5413615483192045
1800,0.0095390625000000007,34.292848995123599,2.541352557060796
1800,0.0095406250000000005,34.29308498060616,2.5413435573511127
1800,0.0095421875000000003,34.293321005463554,2.541334549183258
1800,0.0095437500000000001,34.293557069696249,2.5413255325503301
1800,0.0095453125,34.293793173304699,2.5413165074454227
1800,0.0095468749999999998,34.294029316289375,2.5413074738616244
1800,0.0095484374999999996,34.294265498650738,2.5412984317920215
1800,0.0095500000000000012,34.294501720389249,2.5412893812296939
1800,0.009551562500000001,34.294737981505385,2.5412803221677174
1800,0.0095531250000000009,34.294974281999608,2.5412712545991631
1800,0.0095546875000000007,34.295210621872378,2.5412621785170981
1800,0.0095562500000000005,34.29544700112416,2.5412530939145834
1800,0.0095578125000000003,34.295683419755413,2.5412440007846784
1800,0.0095593750000000002,34.2959198777666,2.5412348991204357
1800,0.0095609375,34.296156375158205,2.5412257889149035
1800,0.0095624999999999998,34.296392911930688,2.5412166701611261
1800,0.0095640624999999996,34.296629488084513,2.5412075428521437
1800,0.0095656250000000012,34.29686610362014,2.5411984069809912
1800,0.009567187500000001,34.297102758538045,2.5411892625406995
1800,0.0095687500000000009,34.297339452838692,2.5411801095242934
1800,0.0095703125000000007,34.297576186522541,2.5411709479247944
1800,0.0095718750000000005,34.297812959590054,2.5411617777352205
1800,0.0095734375000000003,34.298049772041701,2.5411525989485835
1800,0.0095750000000000002,34.298286623877956,2.5411434115578913
1800,0.0095765625,34.298523515099284,2.5411342155561476
1800,0.0095781249999999998,34.298760445706151,2.541125010936351
1800,0.0095796874999999997,34.298997415699013,2.5411157976914946
1800,0.0095812500000000012,34.299234425078353,2.541106575814569
1800,0.0095828125000000011,34.299471473844633,2.5410973452985584
1800,0.0095843750000000009,34.299708561998315,2.5410881061364443
1800,0.0095859375000000007,34.299945689539875,2.5410788583212014
1800,0.0095875000000000005,34.300182856469789,2.5410696018458023
1800,0.0095890625000000004,34.300420062788525,2.5410603367032132
1800,0.0095906250000000002,34.300657308496532,2.5410510628863965
1800,0.0095921875,34.300894593594286,2.5410417803883094
1800,0.0095937499999999998,34.301131918082255,2.5410324892019052
1800,0.0095953124999999997,34.301369281960909,2.5410231893201325
1800,0.0095968750000000012,34.301606685230716,2.5410138807359344
1800,0.0095984375000000011,34.301844127892153,2.5410045634422502
1800,0.0096000000000000009,34.302081609945695,2.5409952374320151
1800,0.0096015625000000007,34.302319131391798,2.5409859026981598
1800,0.0096031250000000005,34.302556692230937,2.5409765592336098
1800,0.0096046875000000004,34.302794292463574,2.5409672070312848
1800,0.0096062500000000002,34.303031932090178,2.540957846084102
1800,0.0096078125,34.303269611111226,2.5409484763849735
1800,0.0096093749999999999,34.303507329527193,2.5409390979268069
1800,0.0096109374999999997,34.303745087338548,2.5409297107025042
1800,0.0096125000000000013,34.303982884545768,2.5409203147049637
1800,0.0096140625000000011,34.304220721149306,2.5409109099270788
1800,0.0096156250000000009,34.30445859714964,2.5409014963617387
1800,0.0096171875000000007,34.304696512547238,2.5408920740018264
1800,0.0096187500000000006,34.304934467342576,2.5408826428402227
1800,0.0096203125000000004,34.305172461536124,2.5408732028698022
1800,0.0096218750000000002,34.305410495128349,2.5408637540834356
1800,0.0096234375,34.305648568119722,2.5408542964739889
1800,0.0096249999999999999,34.305886680510717,2.5408448300343238
1800,0.0096265624999999997,34.306124832301805,2.5408353547572959
1800,0.0096281250000000013,34.306363023493461,2.540825870635758
1800,0.0096296875000000011,34.306601254086146,2.5408163776625567
1800,0.0096312500000000009,34.306839524080353,2.5408068758305351
1800,0.0096328125000000007,34.307077833476541,2.5407973651325304
1800,0.0096343750000000006,34.307316182275187,2.5407878455613773
1800,0.0096359375000000004,34.307554570476761,2.540778317109905
1800,0.0096375000000000002,34.30779299808173,2.5407687797709375
1800,0.0096390625000000001,34.308031465090579,2.5407592335372948
1800,0.0096406249999999999,34.308269971503776,2.540749678401792
1800,0.0096421874999999997,34.308508517321791,2.5407401143572401
1800,0.0096437500000000013,34.308747102545105,2.5407305413964441
1800,0.0096453125000000011,34.308985727174189,2.5407209595122047
1800,0.0096468750000000009,34.309224391209519,2.5407113686973188
1800,0.0096484375000000008,34.309463094651555,2.540701768944579
1800,0.0096500000000000006,34.309701837500789,2.5406921602467709
1800,0.0096515625000000004,34.30994061975769,2.5406825425966781
1800,0.0096531250000000002,34.310179441422719,2.5406729159870785
1800,0.0096546875000000001,34.310418302496359,2.5406632804107461
1800,0.0096562499999999999,34.31065720297908,2.540653635860449
1800,0.0096578124999999997,34.310896142871357,2.5406439823289508
1800,0.0096593750000000013,34.311135122173667,2.540634319809012
1800,0.0096609375000000011,34.311374140886478,2.5406246482933863
1800,0.0096625000000000009,34.311613199010274,2.540614967774824
1800,0.0096640625000000008,34.311852296545531,2.5406052782460704
1800,0.0096656250000000006,34.312091433492725,2.5405955796998665
1800,0.0096671875000000004,34.312330609852339,2.5405858721289478
1800,0.0096687500000000003,34.312569825624834,2.5405761555260464
1800,0.0096703125000000001,34.312809080810695,2.540566429883889
1800,0.0096718749999999999,34.313048375410389,2.5405566951951974
1800,0.0096734374999999997,34.313287709424401,2.5405469514526895
1800,0.0096750000000000013,34.313527082853192,2.5405371986490777
1800,0.0096765625000000011,34.313766495697244,2.5405274367770714
1800,0.009678125000000001,34.314005947957035,2.5405176658293733
1800,0.0096796875000000008,34.314245439633048,2.5405078857986827
1800,0.0096812500000000006,34.314484970725765,2.5404980966776929
1800,0.0096828125000000004,34.314724541235641,2.5404882984590933
1800,0.0096843750000000003,34.314964151163174,2.5404784911355685
1800,0.0096859375000000001,34.31520380050884,2.5404686746997993
1800,0.0096874999999999999,34.315443489273122,2.5404588491444611
1800,0.0096890624999999998,34.315683217456481,2.5404490144622245
1800,0.0096906250000000013,34.315922985059387,2.5404391706457559
1800,0.0096921875000000011,34.316162792082331,2.5404293176877166
1800,0.009693750000000001,34.31640263852578,2.5404194555807624
1800,0.0096953125000000008,34.316642524390232,2.5404095843175458
1800,0.0096968750000000006,34.31688244967615,2.540399703890714
1800,0.0096984375000000005,34.317122414384016,2.5403898142929098
1800,0.0097000000000000003,34.317362418514321,2.5403799155167706
1800,0.0097015625000000001,34.317602462067526,2.5403700075549307
1800,0.0097031249999999999,34.317842545044115,2.540360090400017
1800,0.0097046874999999998,34.318082667444564,2.5403501640446544
1800,0.0097062499999999996,34.318322829269363,2.5403402284814627
1800,0.0097078125000000012,34.318563030518987,2.5403302837030548
1800,0.009709375000000001,34.318803271193914,2.5403203297020402
1800,0.0097109375000000008,34.319043551294619,2.5403103664710245
1800,0.0097125000000000006,34.319283870821586,2.5403003940026081
1800,0.0097140625000000005,34.319524229775297,2.5402904122893868
1800,0.0097156250000000003,34.319764628156229,2.5402804213239518
1800,0.0097171875000000001,34.32000506596485,2.5402704210988887
1800,0.00971875,34.320245543201636,2.540260411606778
1800,0.0097203124999999998,34.320486059867072,2.5402503928401972
1800,0.0097218749999999996,34.320726615961661,2.5402403647917176
1800,0.0097234375000000012,34.320967211485872,2.5402303274539064
1800,0.009725000000000001,34.321207846440188,2.540220280819327
1800,0.0097265625000000008,34.321448520825086,2.5402102248805369
1800,0.0097281250000000007,34.321689234641042,2.5402001596300892
1800,0.0097296875000000005,34.321929987888545,2.540190085060531
1800,0.0097312500000000003,34.322170780568072,2.5401800011644071
1800,0.0097328125000000001,34.322411612680114,2.5401699079342563
1800,0.009734375,34.322652484225145,2.5401598053626118
1800,0.0097359374999999998,34.322893395203657,2.5401496934420043
1800,0.0097374999999999996,34.323134345616111,2.5401395721649576
1800,0.0097390625000000012,34.323375335463005,2.5401294415239923
1800,0.009740625000000001,34.323616364744808,2.5401193015116235
1800,0.0097421875000000008,34.32385743346201,2.5401091521203618
1800,0.0097437500000000007,34.324098541615093,2.5400989933427134
1800,0.0097453125000000005,34.32433968920455,2.5400888251711784
1800,0.0097468750000000003,34.324580876230833,2.5400786475982531
1800,0.0097484375000000002,34.324822102694455,2.5400684606164279
1800,0.00975,34.325063368595892,2.5400582642181906
1800,0.0097515624999999998,34.325304673935619,2.5400480583960219
1800,0.0097531249999999996,34.325546018714128,2.5400378431423998
1800,0.0097546875000000012,34.325787402931901,2.5400276184497965
1800,0.009756250000000001,34.326028826589429,2.5400173843106795
1800,0.0097578125000000009,34.32627028968718,2.540007140717512
1800,0.0097593750000000007,34.326511792225652,2.5399968876627512
1800,0.0097609375000000005,34.326753334205307,2.5399866251388512
1800,0.0097625000000000003,34.326994915626642,2.5399763531382611
1800,0.0097640625000000002,34.327236536490133,2.5399660716534247
1800,0.009765625,34.327478196796278,2.5399557806767805
1800,0.0097671874999999998,34.32771989654556,2.5399454802007631
1800,0.0097687499999999997,34.327961635738461,2.5399351702178019
1800,0.0097703125000000012,34.328203414375473,2.5399248507203223
1800,0.009771875000000001,34.328445232457064,2.5399145217007422
1800,0.0097734375000000009,34.328687089983724,2.5399041831514784
1800,0.0097750000000000007,34.328928986955937,2.5398938350649405
1800,0.0097765625000000005,34.3291709233742,2.5398834774335346
1800,0.0097781250000000004,34.329412899239003,2.5398731102496601
1800,0.0097796875000000002,34.329654914550822,2.5398627335057147
1800,0.00978125,34.329896969310155,2.5398523471940897
1800,0.0097828124999999998,34.330139063517471,2.5398419513071699
1800,0.0097843749999999997,34.330381197173267,2.5398315458373379
1800,0.0097859375000000012,34.330623370278012,2.53982113077697
1800,0.0097875000000000011,34.33086558283221,2.5398107061184385
1800,0.0097890625000000009,34.331107834836352,2.5398002718541108
1800,0.0097906250000000007,34.331350126290914,2.53978982797635
1800,0.0097921875000000005,34.331592457196386,2.5397793744775119
1800,0.0097937500000000004,34.331834827553244,2.5397689113499511
1800,0.0097953125000000002,34.332077237361986,2.5397584385860146
1800,0.009796875,34.332319686623094,2.5397479561780463
1800,0.0097984374999999999,34.33256217533706,2.5397374641183852
1800,0.0097999999999999997,34.332804703504387,2.5397269623993641
1800,0.0098015625000000012,34.333047271125558,2.5397164510133119
1800,0.0098031250000000011,34.333289878201057,2.5397059299525524
1800,0.0098046875000000009,34.333532524731361,2.5396953992094051
1800,0.0098062500000000007,34.333775210716951,2.5396848587761842
1800,0.0098078125000000006,34.334017936158325,2.5396743086451989
1800,0.0098093750000000004,34.334260701055968,2.5396637488087537
1800,0.0098109375000000002,34.334503505410382,2.5396531792591484
1800,0.0098125,34.334746349222051,2.539642599988678
1800,0.0098140624999999999,34.334989232491459,2.5396320109896338
1800,0.0098156249999999997,34.33523215521911,2.5396214122542999
1800,0.0098171875000000013,34.335475117405466,2.539610803774957
1800,0.0098187500000000011,34.335718119051037,2.5396001855438808
1800,0.0098203125000000009,34.335961160156302,2.5395895575533425
1800,0.0098218750000000007,34.336204240721763,2.5395789197956082
1800,0.0098234375000000006,34.336447360747911,2.5395682722629398
1800,0.0098250000000000004,34.336690520235237,2.5395576149475922
1800,0.0098265625000000002,34.336933719184223,2.539546947841818
1800,0.0098281250000000001,34.337176957595354,2.5395362709378642
1800,0.0098296874999999999,34.337420235469125,2.5395255842279711
1800,0.0098312499999999997,34.337663552806013,2.5395148877043776
1800,0.0098328125000000013,34.337906909606524,2.5395041813593151
1800,0.0098343750000000011,34.338150305871153,2.5394934651850103
1800,0.0098359375000000009,34.338393741600385,2.5394827391736863
1800,0.0098375000000000008,34.338637216794723,2.5394720033175604
1800,0.0098390625000000006,34.338880731454644,2.5394612576088451
1800,0.0098406250000000004,34.339124285580631,2.5394505020397484
1800,0.0098421875000000002,34.339367879173174,2.539439736602473
1800,0.0098437500000000001,34.339611512232779,2.5394289612892171
1800,0.0098453124999999999,34.339855184759934,2.5394181760921746
1800,0.0098468749999999997,34.340098896755144,2.5394073810035338
1800,0.0098484375000000013,34.340342648218886,2.5393965760154789
1800,0.0098500000000000011,34.34058643915165,2.5393857611201875
1800,0.0098515625000000009,34.340830269553933,2.5393749363098332
1800,0.0098531250000000008,34.341074139426233,2.5393641015765849
1800,0.0098546875000000006,34.34131804876904,2.5393532569126074
1800,0.0098562500000000004,34.341561997582843,2.5393424023100595
1800,0.0098578125000000003,34.341805985868142,2.539331537761095
1800,0.0098593750000000001,34.342050013625432,2.5393206632578638
1800,0.0098609374999999999,34.342294080855197,2.5393097787925107
1800,0.0098624999999999997,34.342538187557935,2.539298884357176
1800,0.0098640625000000013,34.342782333734135,2.5392879799439934
1800,0.0098656250000000011,34.343026519384296,2.5392770655450936
1800,0.009867187500000001,34.343270744508906,2.5392661411526012
1800,0.0098687500000000008,34.343515009108458,2.5392552067586363
1800,0.0098703125000000006,34.343759313183462,2.539244262355314
1800,0.0098718750000000004,34.344003656734387,2.5392333079347451
1800,0.0098734375000000003,34.344248039761737,2.5392223434890346
1800,0.0098750000000000001,34.344492462266004,2.5392113690102827
1800,0.0098765624999999999,34.344736924247677,2.5392003844905857
1800,0.0098781249999999998,34.344981425707267,2.5391893899220341
1800,0.0098796875000000013,34.345225966645273,2.5391783852967142
1800,0.0098812500000000011,34.345470547062192,2.5391673706067071
1800,0.009882812500000001,34.345715166958506,2.5391563458440887
1800,0.0098843750000000008,34.345959826334706,2.5391453110009303
1800,0.0098859375000000006,34.34620452519129,2.5391342660692966
1800,0.0098875000000000005,34.346449263528754,2.5391232110412503
1800,0.0098890625000000003,34.346694041347597,2.5391121459088475
1800,0.0098906250000000001,34.346938858648315,2.539101070664139
1800,0.0098921874999999999,34.347183715431413,2.5390899852991713
1800,0.0098937499999999998,34.347428611697381,2.5390788898059871
1800,0.0098953125000000013,34.347673547446711,2.539067784176622
1800,0.0098968750000000012,34.347918522679898,2.5390566684031093
1800,0.009898437500000001,34.348163537397454,2.5390455424774747
1800,0.0099000000000000008,34.348408591599856,2.5390344063917407
1800,0.0099015625000000006,34.348653685287616,2.5390232601379243
1800,0.0099031250000000005,34.34889881846123,2.5390121037080378
1800,0.0099046875000000003,34.349143991121188,2.5390009370940883
1800,0.0099062500000000001,34.349389203267997,2.5389897602880773
1800,0.0099078125,34.349634454902137,2.5389785732820025
1800,0.0099093749999999998,34.349879746024115,2.5389673760678568
1800,0.0099109374999999996,34.350125076634427,2.5389561686376276
1800,0.0099125000000000012,34.350370446733585,2.5389449509832973
1800,0.009914062500000001,34.350615856322072,2.5389337230968421
1800,0.0099156250000000008,34.350861305400393,2.538922484970235
1800,0.0099171875000000007,34.351106793969045,2.5389112365954452
1800,0.0099187500000000005,34.351352322028518,2.5388999779644355
1800,0.0099203125000000003,34.35159788957931,2.538888709069163
1800,0.0099218750000000001,34.351843496621932,2.5388774299015799
1800,0.0099234375,34.352089143156881,2.538866140453635
1800,0.0099249999999999998,34.352334829184663,2.5388548407172715
1800,0.0099265624999999996,34.352580554705767,2.538843530684427
1800,0.0099281250000000012,34.352826319720698,2.5388322103470342
1800,0.009929687500000001,34.353072124229946,2.5388208796970213
1800,0.0099312500000000008,34.353317968234016,2.5388095387263108
1800,0.0099328125000000007,34.353563851733412,2.5387981874268206
1800,0.0099343750000000005,34.353809774728639,2.5387868257904649
1800,0.0099359375000000003,34.354055737220193,2.5387754538091514
1800,0.0099375000000000002,34.354301739208566,2.5387640714747839
1800,0.0099390625,34.354547780694261,2.5387526787792605
1800,0.0099406249999999998,34.35479386167777,2.5387412757144738
1800,0.0099421874999999996,34.355039982159603,2.5387298622723131
1800,0.0099437500000000012,34.355286142140272,2.5387184384446622
1800,0.009945312500000001,34.355532341620261,2.5387070042233995
1800,0.0099468750000000009,34.355778580600088,2.5386955596003968
1800,0.0099484375000000007,34.356024859080257,2.5386841045675226
1800,0.0099500000000000005,34.356271177061252,2.5386726391166414
1800,0.0099515625000000003,34.356517534543578,2.5386611632396114
1800,0.0099531250000000002,34.356763931527738,2.5386496769282867
1800,0.0099546875,34.35701036801423,2.538638180174515
1800,0.0099562499999999998,34.357256844003565,2.5386266729701403
1800,0.0099578124999999997,34.357503359496242,2.5386151553070002
1800,0.0099593750000000012,34.357749914492757,2.5386036271769283
1800,0.009960937500000001,34.357996508993608,2.538592088571753
1800,0.0099625000000000009,34.358243142999299,2.538580539483299
1800,0.0099640625000000007,34.358489816510335,2.5385689799033844
1800,0.0099656250000000005,34.358736529527228,2.5385574098238224
1800,0.0099671875000000004,34.358983282050481,2.5385458292364214
1800,0.0099687500000000002,34.3592300740806,2.5385342381329847
1800,0.0099703125,34.359476905618081,2.5385226365053115
1800,0.0099718749999999998,34.359723776663429,2.5385110243451949
1800,0.0099734374999999997,34.359970687217135,2.5384994016444242
1800,0.0099750000000000012,34.36021763727971,2.5384877683947824
1800,0.0099765625000000011,34.360464626851659,2.5384761245880472
1800,0.0099781250000000009,34.360711655933478,2.5384644702159931
1800,0.0099796875000000007,34.360958724525695,2.5384528052703876
1800,0.0099812500000000005,34.361205832628798,2.5384411297429947
1800,0.0099828125000000004,34.361452980243293,2.538429443625573
1800,0.0099843750000000002,34.36170016736969,2.5384177469098761
1800,0.0099859375,34.361947394008489,2.5384060395876524
1800,0.0099874999999999999,34.362194660160192,2.5383943216506455
1800,0.0099890624999999997,34.362441965825305,2.5383825930905934
1800,0.0099906250000000012,34.362689311004331,2.5383708538992296
1800,0.0099921875000000011,34.36293669569779,2.5383591040682822
1800,0.0099937500000000009,34.363184119906187,2.5383473435894741
1800,0.0099953125000000007,34.363431583630017,2.5383355724545242
1800,0.0099968750000000006,34.363679086869794,2.5383237906551468
1800,0.0099984375000000004,34.363926629626022,2.5383119981830475
1800,0.01,34.364174211899197,2.5383001950299313
1800,0.0100015625,34.364421833689832,2.538288381187495
1800,0.010003125,34.364669494998438,2.5382765566474323
1800,0.0100046875,34.364917195825512,2.5382647214014318
1800,0.010006250000000001,34.36516493617156,2.5382528754411755
1800,0.010007812500000001,34.365412716037092,2.5382410187583431
1800,0.010009375000000001,34.365660535422613,2.5382291513446069
1800,0.010010937500000001,34.365908394328635,2.5382172731916333
1800,0.010012500000000001,34.366156292755662,2.5382053842910857
1800,0.0100140625,34.366404230704212,2.5381934846346232
1800,0.010015625,34.366652208174791,2.5381815742138971
1800,0.0100171875,34.366900225167896,2.5381696530205549
1800,0.01001875,34.367148281684038,2.5381577210462387
1800,0.0100203125,34.367396377723715,2.5381457782825874
1800,0.010021875000000001,34.367644513287445,2.5381338247212333
1800,0.010023437500000001,34.367892688375747,2.5381218603538032
1800,0.010025000000000001,34.368140902989111,2.5381098851719193
1800,0.010026562500000001,34.368389157128057,2.538097899167199
1800,0.010028125000000001,34.368637450793088,2.5380859023312552
1800,0.0100296875,34.368885783984709,2.5380738946556942
1800,0.01003125,34.369134156703431,2.5380618761321183
1800,0.0100328125,34.369382568949767,2.5380498467521244
1800,0.010034375,34.369631020724221,2.5380378065073046
1800,0.0100359375,34.36987951202731,2.5380257553892456
1800,0.010037500000000001,34.370128042859548,2.5380136933895301
1800,0.010039062500000001,34.370376613221445,2.5380016204997338
1800,0.010040625000000001,34.370625223113507,2.5379895367114291
1800,0.010042187500000001,34.370873872536237,2.537977442016182
1800,0.010043750000000001,34.371122561490147,2.5379653364055534
1800,0.0100453125,34.371371289975734,2.5379532198711003
1800,0.010046875,34.371620057993532,2.5379410924043739
1800,0.0100484375,34.371868865544045,2.5379289539969196
1800,0.01005,34.372117712627791,2.5379168046402802
1800,0.0100515625,34.372366599245268,2.5379046443259914
1800,0.010053125000000001,34.372615525396981,2.5378924730455825
1800,0.010054687500000001,34.372864491083455,2.5378802907905809
1800,0.010056250000000001,34.373113496305187,2.5378680975525065
1800,0.010057812500000001,34.373362541062697,2.5378558933228748
1800,0.010059375000000001,34.373611625356496,2.5378436780931972
1800,0.0100609375,34.373860749187095,2.5378314518549794
1800,0.0100625,34.374109912555014,2.5378192145997205
1800,0.0100640625,34.374359115460756,2.5378069663189162
1800,0.010065625,34.374608357904833,2.5377947070040565
1800,0.0100671875,34.374857639887765,2.5377824366466259
1800,0.010068750000000001,34.375106961410054,2.5377701552381042
1800,0.010070312500000001,34.375356322472221,2.5377578627699662
1800,0.010071875000000001,34.37560572307477,2.5377455592336822
1800,0.010073437500000001,34.375855163218212,2.5377332446207164
1800,0.010075000000000001,34.376104642903066,2.5377209189225285
1800,0.0100765625,34.376354162129843,2.537708582130572
1800,0.010078125,34.376603720899055,2.537696234236297
1800,0.0100796875,34.376853319211222,2.5376838752311479
1800,0.01008125,34.377102957066867,2.5376715051065637
1800,0.0100828125,34.377352634466497,2.537659123853977
1800,0.010084375000000001,34.377602351410623,2.5376467314648168
1800,0.010085937500000001,34.377852107899756,2.5376343279305069
1800,0.010087500000000001,34.3781019039344,2.5376219132424653
1800,0.010089062500000001,34.378351739515082,2.5376094873921056
1800,0.010090625000000001,34.378601614642321,2.5375970503708358
1800,0.0100921875,34.37885152931662,2.537584602170059
1800,0.01009375,34.379101483538491,2.5375721427811739
1800,0.0100953125,34.379351477308468,2.5375596721955724
1800,0.010096875,34.379601510627047,2.5375471904046414
1800,0.0100984375,34.379851583494734,2.5375346973997641
1800,0.010100000000000001,34.38010169591206,2.5375221931723173
1800,0.010101562500000001,34.380351847879545,2.5375096777136736
1800,0.010103125000000001,34.380602039397694,2.5374971510152
1800,0.010104687500000001,34.380852270467024,2.537484613068258
1800,0.010106250000000001,34.381102541088062,2.5374720638642043
1800,0.0101078125,34.381352851261312,2.5374595033943907
1800,0.010109375,34.381603200987286,2.5374469316501651
1800,0.0101109375,34.381853590266509,2.5374343486228668
1800,0.0101125,34.382104019099486,2.537421754303832
1800,0.0101140625,34.382354487486751,2.5374091486843926
1800,0.010115625000000001,34.382604995428814,2.5373965317558738
1800,0.010117187500000001,34.38285554292618,2.5373839035095953
1800,0.010118750000000001,34.383106129979367,2.537371263936874
1800,0.010120312500000001,34.383356756588903,2.5373586130290193
1800,0.010121875000000001,34.38360742275529,2.5373459507773362
1800,0.0101234375,34.383858128479055,2.5373332771731247
1800,0.010125,34.384108873760724,2.5373205922076805
1800,0.0101265625,34.384359658600808,2.5373078958722917
1800,0.010128125,34.38461048299984,2.5372951881582422
1800,0.0101296875,34.384861346958324,2.5372824690568123
1800,0.01013125,34.38511225047678,2.5372697385592766
1800,0.010132812500000001,34.385363193555733,2.5372569966569034
1800,0.010134375000000001,34.385614176195688,2.5372442433409574
1800,0.010135937500000001,34.38586519839717,2.5372314786026959
1800,0.010137500000000001,34.386116260160684,2.537218702433373
1800,0.010139062500000001,34.386367361486755,2.5372059148242361
1800,0.010140625,34.38661850237591,2.5371931157665282
1800,0.0101421875,34.38686968282866,2.5371803052514874
1800,0.01014375,34.387120902845524,2.5371674832703457
1800,0.0101453125,34.387372162427027,2.5371546498143314
1800,0.010146875,34.387623461573689,2.5371418048746666
1800,0.010148437500000001,34.387874800286021,2.5371289484425676
1800,0.010150000000000001,34.388126178564555,2.537116080509247
1800,0.010151562500000001,34.388377596409811,2.5371032010659111
1800,0.010153125000000001,34.388629053822292,2.5370903101037618
1800,0.010154687500000001,34.388880550802519,2.5370774076139941
1800,0.01015625,34.389132087351022,2.5370644935877995
1800,0.0101578125,34.389383663468323,2.5370515680163646
1800,0.010159375,34.389635279154938,2.5370386308908697
1800,0.0101609375,34.3898869344114,2.537025682202489
1800,0.0101625,34.390138629238216,2.5370127219423928
1800,0.010164062500000001,34.390390363635909,2.5369997501017467
1800,0.010165625000000001,34.390642137605013,2.5369867666717094
1800,0.010167187500000001,34.39089395114604,2.5369737716434368
1800,0.010168750000000001,34.391145804259516,2.5369607650080774
1800,0.010170312500000001,34.391397696945958,2.5369477467567751
1800,0.010171875,34.391649629205894,2.5369347168806691
1800,0.0101734375,34.391901601039848,2.5369216753708925
1800,0.010175,34.39215361244834,2.5369086222185739
1800,0.0101765625,34.39240566343188,2.5368955574148369
1800,0.010178125,34.392657753991003,2.5368824809507995
1800,0.010179687500000001,34.392909884126233,2.5368693928175752
1800,0.010181250000000001,34.39316205383809,2.5368562930062701
1800,0.010182812500000001,34.393414263127092,2.5368431815079862
1800,0.010184375000000001,34.393666511993764,2.5368300583138215
1800,0.010185937500000001,34.393918800438641,2.5368169234148676
1800,0.0101875,34.394171128462226,2.5368037768022109
1800,0.0101890625,34.394423496065052,2.5367906184669327
1800,0.010190625,34.394675903247645,2.5367774484001084
1800,0.0101921875,34.394928350010524,2.5367642665928098
1800,0.01019375,34.395180836354207,2.5367510730361027
1800,0.010195312500000001,34.395433362279221,2.5367378677210466
1800,0.010196875000000001,34.395685927786083,2.5367246506386962
1800,0.010198437500000001,34.395938532875313,2.5367114217801023
1800,0.010200000000000001,34.39619117754745,2.5366981811363094
1800,0.010201562500000001,34.396443861803021,2.5366849286983562
1800,0.010203125,34.396696585642538,2.5366716644572773
1800,0.0102046875,34.396949349066531,2.5366583884041014
1800,0.01020625,34.397202152075536,2.5366451005298516
1800,0.0102078125,34.397454994670071,2.5366318008255475
1800,0.010209375,34.39770787685066,2.5366184892822017
1800,0.010210937500000001,34.397960798617838,2.5366051658908222
1800,0.010212500000000001,34.398213759972116,2.5365918306424118
1800,0.010214062500000001,34.398466760914026,2.536578483527967
1800,0.010215625000000001,34.398719801444081,2.5365651245384795
1800,0.010217187500000001,34.39897288156282,2.5365517536649365
1800,0.01021875,34.399226001270769,2.5365383708983189
1800,0.0102203125,34.399479160568447,2.5365249762296038
1800,0.010221875,34.39973235945638,2.5365115696497615
1800,0.0102234375,34.3999855979351,2.5364981511497584
1800,0.010225,34.400238876005133,2.5364847207205541
1800,0.010226562500000001,34.400492193666999,2.5364712783531034
1800,0.010228125000000001,34.400745550921222,2.5364578240383571
1800,0.010229687500000001,34.400998947768343,2.536444357767258
1800,0.010231250000000001,34.401252384208874,2.5364308795307475
1800,0.010232812500000001,34.401505860243354,2.5364173893197579
1800,0.010234375,34.401759375872302,2.5364038871252186
1800,0.0102359375,34.402012931096252,2.5363903729380528
1800,0.0102375,34.402266525915735,2.5363768467491785
1800,0.0102390625,34.402520160331271,2.5363633085495096
1800,0.010240625,34.402773834343392,2.536349758329953
1800,0.010242187500000001,34.403027547952625,2.5363361960814097
1800,0.010243750000000001,34.403281301159502,2.5363226217947776
1800,0.010245312500000001,34.40353509396455,2.5363090354609485
1800,0.010246875000000001,34.403788926368293,2.5362954370708084
1800,0.010248437500000001,34.404042798371265,2.5362818266152387
1800,0.01025,34.404296709973998,2.5362682040851161
1800,0.0102515625,34.404550661177019,2.5362545694713097
1800,0.010253125,34.404804651980854,2.5362409227646854
1800,0.0102546875,34.405058682386027,2.5362272639561021
1800,0.01025625,34.405312752393073,2.5362135930364142
1800,0.010257812500000001,34.405566862002523,2.5361999099964723
1800,0.010259375000000001,34.405821011214897,2.536186214827119
1800,0.010260937500000001,34.406075200030735,2.536172507519193
1800,0.010262500000000001,34.406329428450569,2.5361587880635281
1800,0.010264062500000001,34.406583696474932,2.5361450564509527
1800,0.010265625,34.406838004104337,2.5361313126722886
1800,0.0102671875,34.407092351339323,2.5361175567183527
1800,0.01026875,34.407346738180415,2.5361037885799576
1800,0.0102703125,34.407601164628154,2.5360900082479096
1800,0.010271875,34.407855630683081,2.5360762157130101
1800,0.010273437500000001,34.408110136345719,2.5360624109660552
1800,0.010275000000000001,34.408364681616597,2.5360485939978354
1800,0.010276562500000001,34.408619266496231,2.5360347647991368
1800,0.010278125000000001,34.40887389098517,2.5360209233607391
1800,0.010279687500000001,34.409128555083946,2.5360070696734174
1800,0.01028125,34.409383258793092,2.5359932037279393
1800,0.0102828125,34.409638002113134,2.5359793255150707
1800,0.010284375,34.409892785044597,2.5359654350255694
1800,0.0102859375,34.41014760758803,2.5359515322501887
1800,0.0102875,34.410402469743964,2.5359376171796773
1800,0.010289062500000001,34.410657371512926,2.5359236898047777
1800,0.010290625000000001,34.410912312895441,2.5359097501162262
1800,0.010292187500000001,34.411167293892042,2.5358957981047552
1800,0.010293750000000001,34.411422314503255,2.535881833761092
1800,0.010295312500000001,34.411677374729621,2.5358678570759592
1800,0.010296875,34.411932474571671,2.5358538680400713
1800,0.0102984375,34.412187614029946,2.5358398666441397
1800,0.0103,34.412442793104979,2.5358258528788684
1800,0.0103015625,34.412698011797296,2.5358118267349572
1800,0.010303125,34.412953270107437,2.5357977882031015
1800,0.010304687500000001,34.413208568035927,2.5357837372739898
1800,0.010306250000000001,34.413463905583306,2.5357696739383058
1800,0.010307812500000001,34.413719282750108,2.5357555981867281
1800,0.010309375000000001,34.41397469953688,2.5357415100099296
1800,0.010310937500000001,34.414230155944139,2.5357274093985782
1800,0.0103125,34.41448565197242,2.5357132963433373
1800,0.0103140625,34.414741187622269,2.5356991708348633
1800,0.010315625,34.414996762894205,2.5356850328638072
1800,0.0103171875,34.415252377788768,2.5356708824208152
1800,0.01031875,34.415508032306505,2.5356567194965285
1800,0.010320312500000001,34.415763726447949,2.5356425440815831
1800,0.010321875000000001,34.416019460213619,2.5356283561666086
1800,0.010323437500000001,34.416275233604061,2.53561415574223
1800,0.010325000000000001,34.416531046619809,2.5355999427990663
1800,0.010326562500000001,34.416786899261389,2.5355857173277312
1800,0.010328125,34.417042791529347,2.535571479318834
1800,0.0103296875,34.417298723424217,2.5355572287629777
1800,0.01033125,34.417554694946546,2.5355429656507602
1800,0.0103328125,34.417810706096866,2.5355286899727747
1800,0.010334375,34.418066756875717,2.5355144017196078
1800,0.0103359375,34.418322847283626,2.5355001008818405
1800,0.010337500000000001,34.418578977321125,2.5354857874500496
1800,0.010339062500000001,34.418835146988755,2.5354714614148062
1800,0.010340625000000001,34.419091356287062,2.5354571227666756
1800,0.010342187500000001,34.419347605216579,2.5354427714962178
1800,0.010343750000000001,34.419603893777847,2.5354284075939875
1800,0.0103453125,34.419860221971412,2.5354140310505349
1800,0.010346875,34.4201165897978,2.535399641856404
1800,0.0103484375,34.420372997257552,2.5353852400021322
1800,0.01035,34.420629444351192,2.5353708254782532
1800,0.0103515625,34.420885931079269,2.5353563982752947
1800,0.010353125000000001,34.421142457442322,2.5353419583837793
1800,0.010354687500000001,34.421399023440891,2.5353275057942244
1800,0.010356250000000001,34.421655629075509,2.5353130404971407
1800,0.010357812500000001,34.42191227434671,2.5352985624830335
1800,0.010359375000000001,34.422168959255032,2.5352840717424039
1800,0.0103609375,34.422425683801016,2.5352695682657469
1800,0.0103625,34.422682447985217,2.5352550520435533
1800,0.0103640625,34.422939251808167,2.5352405230663071
1800,0.010365625,34.423196095270406,2.5352259813244871
1800,0.0103671875,34.423452978372467,2.5352114268085684
1800,0.010368750000000001,34.423709901114897,2.5351968595090177
1800,0.010370312500000001,34.423966863498237,2.5351822794162984
1800,0.010371875000000001,34.424223865523011,2.5351676865208677
1800,0.010373437500000001,34.424480907189761,2.5351530808131768
1800,0.010375000000000001,34.424737988499039,2.535138462283673
1800,0.0103765625,34.42499510945138,2.5351238309227973
1800,0.010378125,34.425252270047331,2.5351091867209847
1800,0.0103796875,34.425509470287416,2.5350945296686662
1800,0.01038125,34.425766710172191,2.5350798597562667
1800,0.0103828125,34.426023989702173,2.5350651769742045
1800,0.010384375000000001,34.426281308877918,2.5350504813128936
1800,0.010385937500000001,34.42653866769998,2.5350357727627433
1800,0.010387500000000001,34.42679606616889,2.5350210513141556
1800,0.010389062500000001,34.42705350428519,2.5350063169575283
1800,0.010390625000000001,34.427310982049427,2.5349915696832546
1800,0.0103921875,34.427568499462133,2.5349768094817193
1800,0.01039375,34.427826056523848,2.5349620363433054
1800,0.0103953125,34.428083653235113,2.5349472502583881
1800,0.010396875,34.428341289596482,2.5349324512173381
1800,0.0103984375,34.428598965608487,2.5349176392105206
1800,0.010400000000000001,34.428856681271675,2.5349028142282939
1800,0.010401562500000001,34.429114436586573,2.5348879762610119
1800,0.010403125000000001,34.429372231553742,2.5348731252990246
1800,0.010404687500000001,34.429630066173722,2.5348582613326744
1800,0.010406250000000001,34.429887940447045,2.5348433843522979
1800,0.0104078125,34.430145854374274,2.5348284943482287
1800,0.010409375,34.43040380795594,2.5348135913107925
1800,0.0104109375,34.430661801192592,2.5347986752303115
1800,0.0104125,34.430919834084776,2.534783746097101
1800,0.0104140625,34.43117790663301,2.5347688039014713
1800,0.010415625000000001,34.431436018837871,2.5347538486337271
1800,0.010417187500000001,34.431694170699885,2.5347388802841673
1800,0.010418750000000001,34.431952362219597,2.5347238988430862
1800,0.010420312500000001,34.432210593397549,2.5347089043007736
1800,0.010421875000000001,34.432468864234295,2.5346938966475117
1800,0.0104234375,34.432727174730374,2.5346788758735781
1800,0.010425,34.432985524886334,2.5346638419692447
1800,0.0104265625,34.433243914702715,2.5346487949247778
1800,0.010428125,34.433502344180056,2.5346337347304382
1800,0.0104296875,34.433760813318912,2.5346186613764816
1800,0.010431250000000001,34.434019322119831,2.534603574853159
1800,0.010432812500000001,34.434277870583358,2.5345884751507137
1800,0.010434375000000001,34.434536458710035,2.5345733622593856
1800,0.010435937500000001,34.434795086500408,2.5345582361694081
1800,0.010437500000000001,34.435053753955025,2.5345430968710096
1800,0.0104390625,34.435312461074425,2.5345279443544126
1800,0.010440625,34.435571207859155,2.5345127786098347
1800,0.0104421875,34.435829994309771,2.5344975996274872
1800,0.01044375,34.436088820426825,2.5344824073975771
1800,0.0104453125,34.436347686210858,2.5344672019103052
1800,0.010446875000000001,34.436606591662418,2.5344519831558654
1800,0.010448437500000001,34.436865536782044,2.5344367511244474
1800,0.010450000000000001,34.437124521570269,2.5344215058062369
1800,0.010451562500000001,34.437383546027647,2.5344062471914124
1800,0.010453125000000001,34.437642610154725,2.5343909752701461
1800,0.0104546875,34.437901713952058,2.534375690032606
1800,0.01045625,34.438160857420186,2.5343603914689541
1800,0.0104578125,34.43842004055967,2.5343450795693476
1800,0.010459375,34.438679263371043,2.534329754323938
1800,0.0104609375,34.438938525854851,2.534314415722871
1800,0.010462500000000001,34.43919782801165,2.5342990637562868
1800,0.010464062500000001,34.439457169841987,2.5342836984143191
1800,0.010465625000000001,34.439716551346415,2.5342683196870972
1800,0.010467187500000001,34.439975972525474,2.534252927564745
1800,0.010468750000000001,34.440235433379712,2.534237522037381
1800,0.0104703125,34.440494933909683,2.5342221030951171
1800,0.010471875,34.44075447411592,2.5342066707280617
1800,0.0104734375,34.441014053998991,2.5341912249263152
1800,0.010475,34.441273673559436,2.5341757656799735
1800,0.0104765625,34.441533332797817,2.5341602929791271
1800,0.010478125000000001,34.441793031714674,2.5341448068138619
1800,0.010479687500000001,34.442052770310561,2.5341293071742568
1800,0.010481250000000001,34.442312548586017,2.5341137940503855
1800,0.010482812500000001,34.442572366541604,2.5340982674323165
1800,0.010484375000000001,34.442832224177863,2.5340827273101123
1800,0.0104859375,34.443092121495347,2.5340671736738321
1800,0.0104875,34.443352058494618,2.5340516065135263
1800,0.0104890625,34.443612035176223,2.5340360258192414
1800,0.010490625,34.443872051540708,2.534020431581018
1800,0.0104921875,34.444132107588615,2.5340048237888912
1800,0.010493750000000001,34.444392203320497,2.5339892024328918
1800,0.010495312500000001,34.444652338736908,2.5339735675030428
1800,0.010496875000000001,34.444912513838396,2.5339579189893628
1800,0.010498437500000001,34.445172728625522,2.5339422568818657
1800,0.010500000000000001,34.445432983098833,2.533926581170558
1800,0.0105015625,34.445693277258883,2.5339108918454429
1800,0.010503125,34.445953611106212,2.5338951888965151
1800,0.0105046875,34.446213984641375,2.5338794723137665
1800,0.01050625,34.446474397864925,2.5338637420871817
1800,0.0105078125,34.446734850777418,2.533847998206741
1800,0.010509375000000001,34.446995343379413,2.5338322406624183
1800,0.010510937500000001,34.447255875671445,2.5338164694441829
1800,0.010512500000000001,34.447516447654081,2.5338006845419971
1800,0.010514062500000001,34.447777059327876,2.5337848859458192
1800,0.010515625000000001,34.448037710693363,2.5337690736456002
1800,0.0105171875,34.448298401751103,2.5337532476312878
1800,0.01051875,34.44855913250165,2.5337374078928216
1800,0.0105203125,34.448819902945573,2.5337215544201368
1800,0.010521875,34.449080713083411,2.5337056872031636
1800,0.0105234375,34.449341562915727,2.5336898062318265
1800,0.010525000000000001,34.44960245244306,2.5336739114960438
1800,0.010526562500000001,34.449863381665971,2.5336580029857276
1800,0.010528125000000001,34.450124350585007,2.5336420806907864
1800,0.010529687500000001,34.450385359200723,2.5336261446011217
1800,0.010531250000000001,34.450646407513673,2.5336101947066294
1800,0.010532812500000001,34.450907495524419,2.5335942309972004
1800,0.010534375,34.451168623233514,2.5335782534627196
1800,0.0105359375,34.451429790641519,2.5335622620930662
1800,0.0105375,34.451690997748983,2.5335462568781151
1800,0.0105390625,34.451952244556445,2.5335302378077347
1800,0.010540625,34.452213531064473,2.5335142048717878
1800,0.010542187500000001,34.452474857273629,2.5334981580601315
1800,0.010543750000000001,34.452736223184459,2.533482097362616
1800,0.010545312500000001,34.452997628797526,2.5334660227690886
1800,0.010546875000000001,34.453259074113383,2.5334499342693904
1800,0.010548437500000001,34.453520559132578,2.5334338318533551
1800,0.01055,34.453782083855671,2.5334177155108133
1800,0.0105515625,34.454043648283225,2.5334015852315881
1800,0.010553125,34.454305252415779,2.5333854410054975
1800,0.0105546875,34.454566896253908,2.5333692828223535
1800,0.01055625,34.454828579798161,2.533353110671964
1800,0.010557812500000001,34.45509030304909,2.53333692454413
1800,0.010559375000000001,34.455352066007258,2.5333207244286462
1800,0.010560937500000001,34.455613868673211,2.5333045103153031
1800,0.010562500000000001,34.455875711047511,2.5332882821938867
1800,0.010564062500000001,34.456137593130727,2.5332720400541744
1800,0.010565625,34.456399514923405,2.5332557838859393
1800,0.0105671875,34.456661476426099,2.5332395136789496
1800,0.01056875,34.456923477639371,2.5332232294229677
1800,0.0105703125,34.45718551856379,2.5332069311077494
1800,0.010571875,34.457447599199888,2.5331906187230464
1800,0.010573437500000001,34.457709719548234,2.5331742922586038
1800,0.010575000000000001,34.457971879609374,2.5331579517041609
1800,0.010576562500000001,34.458234079383885,2.5331415970494517
1800,0.010578125000000001,34.458496318872321,2.5331252282842049
1800,0.010579687500000001,34.458758598075242,2.5331088453981425
1800,0.01058125,34.459020916993211,2.5330924483809816
1800,0.0105828125,34.459283275626774,2.5330760372224335
1800,0.010584375,34.459545673976493,2.5330596119122055
1800,0.0105859375,34.459808112042921,2.5330431724399967
1800,0.0105875,34.460070589826628,2.5330267187955018
1800,0.010589062500000001,34.460333107328161,2.5330102509684105
1800,0.010590625000000001,34.460595664548102,2.5329937689484066
1800,0.010592187500000001,34.460858261486997,2.5329772727251667
1800,0.010593750000000001,34.461120898145403,2.5329607622883645
1800,0.010595312500000001,34.461383574523893,2.5329442376276665
1800,0.010596875,34.461646290623023,2.5329276987327329
1800,0.0105984375,34.461909046443346,2.5329111455932187
1800,0.0106,34.46217184198543,2.5328945781987731
1800,0.0106015625,34.462434677249824,2.5328779965390402
1800,0.010603125,34.462697552237096,2.5328614006036587
1800,0.010604687500000001,34.462960466947806,2.5328447903822613
1800,0.010606250000000001,34.463223421382523,2.5328281658644749
1800,0.010607812500000001,34.46348641554178,2.5328115270399212
1800,0.010609375000000001,34.463749449426153,2.532794873898216
1800,0.010610937500000001,34.464012523036203,2.5327782064289694
1800,0.0106125,34.464275636372506,2.5327615246217854
1800,0.0106140625,34.464538789435608,2.5327448284662637
1800,0.010615625,34.464801982226064,2.5327281179519963
1800,0.0106171875,34.465065214744435,2.5327113930685714
1800,0.01061875,34.465328486991289,2.5326946538055704
1800,0.010620312500000001,34.465591798967203,2.5326779001525703
1800,0.010621875000000001,34.465855150672738,2.5326611320991406
1800,0.010623437500000001,34.466118542108447,2.5326443496348472
1800,0.010625000000000001,34.466381973274899,2.5326275527492483
1800,0.010626562500000001,34.466645444172649,2.5326107414318981
1800,0.010628125,34.46690895480225,2.5325939156723449
1800,0.0106296875,34.467172505164278,2.5325770754601309
1800,0.01063125,34.467436095259295,2.5325602207847928
1800,0.0106328125,34.467699725087854,2.5325433516358618
1800,0.010634375,34.467963394650539,2.5325264680028616
1800,0.010635937500000001,34.468227103947896,2.5325095698753133
1800,0.010637500000000001,34.468490852980494,2.5324926572427313
1800,0.010639062500000001,34.468754641748902,2.5324757300946237
1800,0.010640625000000001,34.469018470253673,2.5324587884204925
1800,0.010642187500000001,34.469282338495361,2.5324418322098352
1800,0.01064375,34.46954624647455,2.5324248614521423
1800,0.0106453125,34.469810194191794,2.5324078761368991
1800,0.010646875,34.470074181647654,2.5323908762535856
1800,0.0106484375,34.470338208842712,2.5323738617916765
1800,0.01065,34.47060227577753,2.5323568327406401
1800,0.010651562500000001,34.470866382452662,2.5323397890899395
1800,0.010653125000000001,34.471130528868663,2.5323227308290313
1800,0.010654687500000001,34.471394715026115,2.5323056579473682
1800,0.010656250000000001,34.471658940925579,2.532288570434396
1800,0.010657812500000001,34.471923206567617,2.5322714682795544
1800,0.010659375,34.472187511952797,2.532254351472278
1800,0.0106609375,34.472451857081673,2.5322372200019956
1800,0.0106625,34.472716241954814,2.5322200738581295
1800,0.0106640625,34.472980666572795,2.5322029130300971
1800,0.010665625,34.473245130936192,2.5321857375073109
1800,0.010667187500000001,34.473509635045566,2.5321685472791771
1800,0.010668750000000001,34.473774178901465,2.5321513423350948
1800,0.010670312500000001,34.47403876250447,2.5321341226644591
1800,0.010671875000000001,34.474303385855144,2.53211688825666
1800,0.010673437500000001,34.474568048954048,2.5320996391010806
1800,0.010675,34.474832751801749,2.5320823751870973
1800,0.0106765625,34.475097494398817,2.5320650965040823
1800,0.010678125,34.475362276745827,2.5320478030414018
1800,0.0106796875,34.47562709884334,2.5320304947884158
1800,0.01068125,34.475891960691932,2.5320131717344787
1800,0.010682812500000001,34.476156862292164,2.5319958338689394
1800,0.010684375000000001,34.476421803644605,2.5319784811811434
1800,0.010685937500000001,34.476686784749816,2.5319611136604268
1800,0.010687500000000001,34.476951805608373,2.531943731296121
1800,0.010689062500000001,34.477216866220836,2.5319263340775531
1800,0.010690625,34.477481966587774,2.5319089219940429
1800,0.0106921875,34.477747106709771,2.5318914950349058
1800,0.01069375,34.478012286587386,2.5318740531894508
1800,0.0106953125,34.478277506221183,2.5318565964469797
1800,0.010696875,34.478542765611735,2.5318391247967904
1800,0.010698437500000001,34.478808064759605,2.5318216382281751
1800,0.010700000000000001,34.47907340366536,2.5318041367304205
1800,0.010701562500000001,34.47933878232957,2.5317866202928068
1800,0.010703125000000001,34.47960420075281,2.5317690889046092
1800,0.010704687500000001,34.479869658935641,2.5317515425550958
1800,0.01070625,34.480135156878639,2.53173398123353
1800,0.0107078125,34.480400694582379,2.5317164049291696
1800,0.010709375,34.480666272047415,2.5316988136312659
1800,0.0107109375,34.480931889274331,2.5316812073290644
1800,0.0107125,34.481197546263694,2.5316635860118066
1800,0.010714062500000001,34.481463243016073,2.5316459496687265
1800,0.010715625000000001,34.481728979532029,2.5316282982890534
1800,0.010717187500000001,34.48199475581216,2.5316106318620104
1800,0.010718750000000001,34.482260571857012,2.5315929503768149
1800,0.010720312500000001,34.482526427667153,2.5315752538226786
1800,0.010721875000000001,34.48279232324316,2.531557542188807
1800,0.0107234375,34.483058258585615,2.5315398154644004
1800,0.010725,34.483324233695079,2.5315220736386537
1800,0.0107265625,34.483590248572135,2.5315043167007549
1800,0.010728125,34.483856303217344,2.5314865446398875
1800,0.010729687500000001,34.484122397631275,2.5314687574452277
1800,0.010731250000000001,34.48438853181451,2.5314509551059472
1800,0.010732812500000001,34.484654705767596,2.531433137611212
1800,0.010734375000000001,34.484920919491131,2.5314153049501824
1800,0.010735937500000001,34.485187172985668,2.5313974571120124
1800,0.010737500000000001,34.485453466251791,2.5313795940858506
1800,0.0107390625,34.485719799290067,2.5313617158608395
1800,0.010740625,34.485986172101065,2.5313438224261167
1800,0.0107421875,34.486252584685353,2.5313259137708126
1800,0.01074375,34.486519037043522,2.5313079898840529
1800,0.0107453125,34.486785529176132,2.5312900507549569
1800,0.010746875000000001,34.487052061083752,2.5312720963726383
1800,0.010748437500000001,34.487318632766964,2.5312541267262048
1800,0.010750000000000001,34.487585244226345,2.5312361418047598
1800,0.010751562500000001,34.487851895462455,2.5312181415974
1800,0.010753125000000001,34.488118586475871,2.531200126093216
1800,0.0107546875,34.488385317267173,2.5311820952812929
1800,0.01075625,34.488652087836932,2.5311640491507097
1800,0.0107578125,34.48891889818573,2.53114598769054
1800,0.010759375,34.489185748314149,2.5311279108898517
1800,0.0107609375,34.489452638222751,2.5311098187377068
1800,0.010762500000000001,34.489719567912118,2.5310917112231626
1800,0.010764062500000001,34.489986537382819,2.5310735883352686
1800,0.010765625000000001,34.490253546635429,2.5310554500630689
1800,0.010767187500000001,34.490520595670517,2.5310372963956036
1800,0.010768750000000001,34.490787684488659,2.5310191273219047
1800,0.0107703125,34.491054813090436,2.5310009428310001
1800,0.010771875,34.49132198147641,2.5309827429119118
1800,0.0107734375,34.491589189647165,2.5309645275536559
1800,0.010775,34.491856437603275,2.530946296745241
1800,0.0107765625,34.492123725345309,2.5309280504756724
1800,0.010778125000000001,34.492391052873842,2.5309097887339487
1800,0.010779687500000001,34.492658420189457,2.5308915115090631
1800,0.010781250000000001,34.492925827292737,2.5308732187900014
1800,0.010782812500000001,34.493193274184257,2.5308549105657439
1800,0.010784375000000001,34.493460760864586,2.5308365868252674
1800,0.0107859375,34.493728287334307,2.5308182475575403
1800,0.0107875,34.493995853593987,2.5307998927515269
1800,0.0107890625,34.494263459644195,2.5307815223961851
1800,0.010790625,34.494531105485514,2.5307631364804677
1800,0.0107921875,34.494798791118527,2.5307447349933203
1800,0.010793750000000001,34.495066516543815,2.5307263179236839
1800,0.010795312500000001,34.495334281761963,2.5307078852604925
1800,0.010796875000000001,34.495602086773538,2.5306894369926751
1800,0.010798437500000001,34.495869931579108,2.5306709731091561
1800,0.010800000000000001,34.496137816179257,2.5306524935988515
1800,0.0108015625,34.496405740574559,2.5306339984506736
1800,0.010803125,34.496673704765598,2.5306154876535274
1800,0.0108046875,34.496941708752949,2.5305969611963133
1800,0.01080625,34.497209752537195,2.530578419067925
1800,0.0108078125,34.497477836118897,2.530559861257252
1800,0.010809375000000001,34.497745959498658,2.5305412877531759
1800,0.010810937500000001,34.498014122677041,2.5305226985445737
1800,0.010812500000000001,34.498282325654635,2.5305040936203156
1800,0.010814062500000001,34.498550568432016,2.5304854729692678
1800,0.010815625000000001,34.498818851009759,2.5304668365802887
1800,0.0108171875,34.499087173388439,2.530448184442232
1800,0.01081875,34.499355535568647,2.5304295165439452
1800,0.0108203125,34.49962393755095,2.5304108328742707
1800,0.010821875,34.49989237933594,2.5303921334220441
1800,0.0108234375,34.50016086092419,2.5303734181760955
1800,0.010825000000000001,34.500429382316277,2.53035468712525
1800,0.010826562500000001,34.50069794351279,2.5303359402583245
1800,0.010828125000000001,34.500966544514299,2.5303171775641329
1800,0.010829687500000001,34.501235185321399,2.5302983990314813
1800,0.010831250000000001,34.501503865934659,2.5302796046491713
1800,0.0108328125,34.501772586354647,2.5302607944059989
1800,0.010834375,34.502041346581962,2.5302419682907535
1800,0.0108359375,34.502310146617177,2.5302231262922183
1800,0.0108375,34.502578986460875,2.5302042683991712
1800,0.0108390625,34.50284786611364,2.5301853946003838
1800,0.010840625000000001,34.503116785576054,2.5301665048846225
1800,0.010842187500000001,34.503385744848686,2.5301475992406477
1800,0.010843750000000001,34.503654743932124,2.5301286776572134
1800,0.010845312500000001,34.503923782826952,2.5301097401230681
1800,0.010846875000000001,34.504192861533753,2.5300907866269555
1800,0.0108484375,34.504461980053115,2.5300718171576113
1800,0.01085,34.504731138385601,2.5300528317037676
1800,0.0108515625,34.505000336531815,2.5300338302541485
1800,0.010853125,34.505269574492324,2.5300148127974742
1800,0.0108546875,34.505538852267705,2.5299957793224581
1800,0.010856250000000001,34.505808169858533,2.5299767298178084
1800,0.010857812500000001,34.50607752726539,2.5299576642722266
1800,0.010859375000000001,34.506346924488888,2.5299385826744083
1800,0.010860937500000001,34.506616361529602,2.5299194850130435
1800,0.010862500000000001,34.506885838388115,2.5299003712768173
1800,0.0108640625,34.507155355064995,2.5298812414544081
1800,0.010865625,34.507424911560832,2.5298620955344879
1800,0.0108671875,34.507694507876202,2.5298429335057233
1800,0.01086875,34.507964144011694,2.5298237553567757
1800,0.0108703125,34.508233819967892,2.5298045610763
1800,0.010871875000000001,34.508503535745383,2.5297853506529462
1800,0.010873437500000001,34.508773291344745,2.5297661240753566
1800,0.010875000000000001,34.509043086766567,2.5297468813321689
1800,0.010876562500000001,34.509312922011425,2.5297276224120147
1800,0.010878125000000001,34.509582797079908,2.5297083473035213
1800,0.0108796875,34.509852711972592,2.5296890559953074
1800,0.01088125,34.510122666690073,2.5296697484759862
1800,0.0108828125,34.510392661232927,2.5296504247341662
1800,0.010884375,34.510662695601752,2.5296310847584511
1800,0.0108859375,34.51093276979713,2.5296117285374367
1800,0.010887500000000001,34.511202883819649,2.5295923560597129
1800,0.010889062500000001,34.511473037669887,2.5295729673138649
1800,0.010890625000000001,34.511743231348433,2.5295535622884713
1800,0.010892187500000001,34.512013464855862,2.529534140972105
1800,0.010893750000000001,34.512283738192778,2.5295147033533332
1800,0.0108953125,34.512554051359757,2.5294952494207168
1800,0.010896875,34.512824404357389,2.5294757791628117
1800,0.0108984375,34.513094797186262,2.5294562925681681
1800,0.0109,34.513365229846954,2.5294367896253291
1800,0.0109015625,34.513635702340054,2.5294172703228326
1800,0.010903125000000001,34.513906214666143,2.5293977346492102
1800,0.010904687500000001,34.514176766825805,2.5293781825929877
1800,0.010906250000000001,34.514447358819638,2.5293586141426858
1800,0.010907812500000001,34.514717990648222,2.5293390292868181
1800,0.010909375000000001,34.514988662312142,2.5293194280138933
1800,0.0109109375,34.515259373811986,2.529299810312414
1800,0.0109125,34.515530125148345,2.5292801761708765
1800,0.0109140625,34.515800916321815,2.5292605255777718
1800,0.010915625,34.51607174733298,2.5292408585215846
1800,0.0109171875,34.516342618182428,2.5292211749907945
1800,0.010918750000000001,34.516613528870742,2.529201474973874
1800,0.010920312500000001,34.516884479398506,2.5291817584592899
1800,0.010921875000000001,34.517155469766308,2.5291620254355029
1800,0.010923437500000001,34.517426499974732,2.529142275890969
1800,0.010925000000000001,34.517697570024382,2.5291225098141377
1800,0.010926562500000001,34.517968679915839,2.5291027271934525
1800,0.010928125,34.518239829649687,2.5290829280173508
1800,0.0109296875,34.518511019226516,2.5290631122742639
1800,0.01093125,34.518782248646922,2.529043279952619
1800,0.0109328125,34.51905351791148,2.5290234310408359
1800,0.010934375000000001,34.519324827020782,2.529003565527328
1800,0.010935937500000001,34.519596175975416,2.5289836834005035
1800,0.010937500000000001,34.519867564775986,2.5289637846487651
1800,0.010939062500000001,34.520138993423075,2.5289438692605084
1800,0.010940625000000001,34.520410461917258,2.5289239372241243
1800,0.010942187500000001,34.520681970259147,2.5289039885279987
1800,0.01094375,34.520953518449311,2.5288840231605083
1800,0.0109453125,34.521225106488345,2.5288640411100256
1800,0.010946875,34.521496734376854,2.5288440423649186
1800,0.0109484375,34.52176840211542,2.528824026913548
1800,0.01095,34.522040109704641,2.5288039947442678
1800,0.010951562500000001,34.522311857145084,2.5287839458454275
1800,0.010953125000000001,34.522583644437361,2.5287638802053705
1800,0.010954687500000001,34.522855471582055,2.5287437978124343
1800,0.010956250000000001,34.523127338579748,2.5287236986549511
1800,0.010957812500000001,34.52339924543103,2.5287035827212456
1800,0.010959375,34.523671192136497,2.5286834499996376
1800,0.0109609375,34.523943178696747,2.5286633004784402
1800,0.0109625,34.52421520511237,2.5286431341459608
1800,0.0109640625,34.524487271383961,2.5286229509905014
1800,0.010965625,34.524759377512105,2.5286027510003581
1800,0.010967187500000001,34.525031523497397,2.5285825341638208
1800,0.010968750000000001,34.525303709340434,2.5285623004691726
1800,0.010970312500000001,34.525575935041793,2.5285420499046922
1800,0.010971875000000001,34.52584820060207,2.5285217824586526
1800,0.010973437500000001,34.526120506021861,2.528501498119319
1800,0.010975,34.526392851301765,2.5284811968749521
1800,0.0109765625,34.526665236442362,2.5284608787138056
1800,0.010978125,34.526937661444244,2.5284405436241291
1800,0.0109796875,34.527210126308013,2.5284201915941642
1800,0.01098125,34.52748263103426,2.5283998226121476
1800,0.010982812500000001,34.527755175623575,2.5283794366663104
1800,0.010984375000000001,34.528027760076547,2.5283590337448771
1800,0.010985937500000001,34.528300384393781,2.5283386138360662
1800,0.010987500000000001,34.528573048575872,2.52831817692809
1800,0.010989062500000001,34.528845752623411,2.5282977230091563
1800,0.010990625,34.529118496536988,2.5282772520674657
1800,0.0109921875,34.529391280317185,2.5282567640912132
1800,0.01099375,34.529664103964613,2.5282362590685876
1800,0.0109953125,34.52993696747987,2.5282157369877725
1800,0.010996875,34.530209870863537,2.5281951978369448
1800,0.010998437500000001,34.530482814116205,2.5281746416042754
1800,0.011000000000000001,34.530755797238477,2.5281540682779298
1800,0.011001562500000001,34.531028820230937,2.5281334778460667
1800,0.011003125000000001,34.531301883094187,2.5281128702968414
1800,0.011004687500000001,34.531574985828819,2.5280922456184003
1800,0.01100625,34.531848128435435,2.5280716037988848
1800,0.0110078125,34.532121310914633,2.5280509448264308
1800,0.011009375,34.532394533267009,2.528030268689168
1800,0.0110109375,34.532667795493147,2.5280095753752199
1800,0.0110125,34.53294109759365,2.5279888648727034
1800,0.011014062500000001,34.533214439569115,2.5279681371697311
1800,0.011015625000000001,34.533487821420131,2.5279473922544091
1800,0.011017187500000001,34.533761243147303,2.5279266301148362
1800,0.011018750000000001,34.534034704751221,2.5279058507391063
1800,0.011020312500000001,34.534308206232481,2.5278850541153086
1800,0.011021875,34.534581747591687,2.5278642402315241
1800,0.0110234375,34.534855328829437,2.5278434090758286
1800,0.011025,34.535128949946312,2.5278225606362925
1800,0.0110265625,34.535402610942924,2.5278016949009801
1800,0.011028125,34.535676311819856,2.5277808118579492
1800,0.011029687500000001,34.535950052577711,2.5277599114952527
1800,0.011031250000000001,34.536223833217086,2.5277389938009365
1800,0.011032812500000001,34.536497653738579,2.5277180587630395
1800,0.011034375000000001,34.536771514142785,2.5276971063695961
1800,0.011035937500000001,34.53704541443031,2.5276761366086369
1800,0.0110375,34.537319354601749,2.5276551494681825
1800,0.0110390625,34.537593334657686,2.5276341449362496
1800,0.011040625,34.537867354598738,2.5276131230008492
1800,0.0110421875,34.538141414425496,2.5275920836499841
1800,0.01104375,34.538415514138549,2.5275710268716538
1800,0.011045312500000001,34.538689653738516,2.5275499526538501
1800,0.011046875000000001,34.538963833225978,2.5275288609845603
1800,0.011048437500000001,34.539238052601533,2.5275077518517644
1800,0.011050000000000001,34.539512311865792,2.5274866252434371
1800,0.011051562500000001,34.539786611019345,2.527465481147547
1800,0.011053125,34.540060950062795,2.5274443195520573
1800,0.0110546875,34.540335328996733,2.5274231404449248
1800,0.01105625,34.540609747821769,2.5274019438140991
1800,0.0110578125,34.540884206538486,2.5273807296475255
1800,0.011059375,34.541158705147488,2.527359497933142
1800,0.011060937500000001,34.541433243649394,2.5273382486588813
1800,0.011062500000000001,34.541707822044792,2.5273169818126706
1800,0.011064062500000001,34.54198244033428,2.5272956973824301
1800,0.011065625000000001,34.542257098518462,2.5272743953560743
1800,0.011067187500000001,34.542531796597942,2.527253075721513
1800,0.01106875,34.542806534573302,2.5272317384666483
1800,0.0110703125,34.54308131244516,2.5272103835793769
1800,0.011071875,34.543356130214107,2.5271890110475894
1800,0.0110734375,34.543630987880746,2.5271676208591707
1800,0.011075,34.543905885445675,2.5271462130019993
1800,0.011076562500000001,34.544180822909496,2.5271247874639484
1800,0.011078125000000001,34.544455800272807,2.5271033442328847
1800,0.011079687500000001,34.54473081753622,2.5270818832966686
1800,0.011081250000000001,34.545005874700323,2.527060404643156
1800,0.011082812500000001,34.545280971765727,2.5270389082601943
1800,0.011084375,34.545556108733031,2.5270173941356271
1800,0.0110859375,34.54583128560283,2.5269958622572912
1800,0.0110875,34.546106502375736,2.5269743126130169
1800,0.0110890625,34.546381759052345,2.5269527451906297
1800,0.011090625,34.546657055633261,2.526931159977948
1800,0.011092187500000001,34.546932392119096,2.5269095569627851
1800,0.011093750000000001,34.547207768510447,2.526887936132947
1800,0.011095312500000001,34.547483184807916,2.5268662974762348
1800,0.011096875000000001,34.547758641012102,2.5268446409804426
1800,0.011098437500000001,34.548034137123608,2.5268229666333606
1800,0.0111,34.548309673143038,2.5268012744227706
1800,0.0111015625,34.548585249070996,2.5267795643364495
1800,0.011103125,34.548860864908072,2.5267578363621683
1800,0.0111046875,34.549136520654876,2.5267360904876912
1800,0.01110625,34.549412216312014,2.5267143267007768
1800,0.011107812500000001,34.549687951880095,2.5266925449891788
1800,0.011109375000000001,34.549963727359717,2.5266707453406441
1800,0.011110937500000001,34.550239542751484,2.5266489277429125
1800,0.011112500000000001,34.550515398056,2.5266270921837193
1800,0.011114062500000001,34.550791293273861,2.5266052386507929
1800,0.011115625000000001,34.551067228405678,2.5265833671318556
1800,0.0111171875,34.551343203452056,2.5265614776146244
1800,0.01111875,34.551619218413592,2.5265395700868103
1800,0.0111203125,34.551895273290903,2.5265176445361175
1800,0.011121875,34.552171368084586,2.5264957009502451
1800,0.011123437500000001,34.552447502795246,2.5264737393168843
1800,0.011125000000000001,34.552723677423486,2.5264517596237219
1800,0.011126562500000001,34.552999891969918,2.5264297618584393
1800,0.011128125000000001,34.553276146435138,2.5264077460087102
1800,0.011129687500000001,34.55355244081975,2.5263857120622033
1800,0.011131250000000001,34.553828775124366,2.5263636600065809
1800,0.0111328125,34.554105149349581,2.526341589829499
1800,0.011134375,34.554381563496001,2.5263195015186088
1800,0.0111359375,34.554658017564243,2.5262973950615546
1800,0.0111375,34.554934511554904,2.5262752704459746
1800,0.011139062500000001,34.555211045468603,2.5262531276595008
1800,0.011140625000000001,34.555487619305936,2.5262309666897607
1800,0.011142187500000001,34.555764233067514,2.5262087875243728
1800,0.011143750000000001,34.556040886753941,2.5261865901509517
1800,0.011145312500000001,34.556317580365821,2.5261643745571054
1800,0.011146875000000001,34.556594313903766,2.5261421407304367
1800,0.0111484375,34.556871087368378,2.5261198886585423
1800,0.01115,34.557147900760256,2.526097618329012
1800,0.0111515625,34.557424754080017,2.5260753297294292
1800,0.011153125,34.557701647328273,2.5260530228473721
1800,0.0111546875,34.557978580505626,2.5260306976704126
1800,0.011156250000000001,34.558255553612682,2.5260083541861165
1800,0.011157812500000001,34.558532566650051,2.525985992382044
1800,0.011159375000000001,34.558809619618351,2.5259636122457487
1800,0.011160937500000001,34.55908671251818,2.5259412137647788
1800,0.011162500000000001,34.559363845350141,2.5259187969266756
1800,0.0111640625,34.559641018114846,2.5258963617189742
1800,0.011165625,34.559918230812912,2.5258739081292054
1800,0.0111671875,34.560195483444943,2.5258514361448925
1800,0.01116875,34.560472776011551,2.5258289457535525
1800,0.0111703125,34.560750108513339,2.5258064369426978
1800,0.011171875000000001,34.561027480950905,2.5257839096998329
1800,0.011173437500000001,34.561304893324873,2.5257613640124581
1800,0.011175000000000001,34.561582345635841,2.525738799868066
1800,0.011176562500000001,34.56185983788442,2.525716217254145
1800,0.011178125000000001,34.562137370071213,2.5256936161581747
1800,0.0111796875,34.562414942196838,2.5256709965676314
1800,0.01118125,34.562692554261893,2.5256483584699838
1800,0.0111828125,34.562970206267003,2.5256257018526957
1800,0.011184375,34.563247898212779,2.5256030267032239
1800,0.0111859375,34.563525630099818,2.5255803330090192
1800,0.011187500000000001,34.56380340192873,2.5255576207575268
1800,0.011189062500000001,34.564081213700135,2.5255348899361851
1800,0.011190625000000001,34.564359065414635,2.5255121405324275
1800,0.011192187500000001,34.56463695707285,2.5254893725336802
1800,0.011193750000000001,34.564914888675389,2.5254665859273642
1800,0.0111953125,34.565192860222858,2.5254437807008934
1800,0.011196875,34.565470871715867,2.5254209568416774
1800,0.0111984375,34.565748923155034,2.5253981143371185
1800,0.0112,34.566027014540971,2.5253752531746123
1800,0.0112015625,34.566305145874274,2.5253523733415508
1800,0.011203125000000001,34.566583317155569,2.5253294748253174
1800,0.011204687500000001,34.566861528385459,2.5253065576132907
1800,0.011206250000000001,34.567139779564556,2.525283621692842
1800,0.011207812500000001,34.567418070693485,2.525260667051338
1800,0.011209375000000001,34.567696401772835,2.5252376936761394
1800,0.0112109375,34.567974772803225,2.5252147015545994
1800,0.0112125,34.568253183785259,2.5251916906740655
1800,0.0112140625,34.568531634719555,2.5251686610218806
1800,0.011215625,34.568810125606724,2.5251456125853804
1800,0.0112171875,34.569088656447391,2.5251225453518935
1800,0.011218750000000001,34.569367227242161,2.5250994593087448
1800,0.011220312500000001,34.569645837991644,2.5250763544432515
1800,0.011221875000000001,34.569924488696465,2.525053230742726
1800,0.011223437500000001,34.570203179357229,2.5250300881944732
1800,0.011225000000000001,34.570481909974554,2.5250069267857911
1800,0.0112265625,34.570760680549057,2.5249837465039739
1800,0.011228125,34.571039491081336,2.5249605473363079
1800,0.0112296875,34.571318341572017,2.5249373292700752
1800,0.01123125,34.571597232021695,2.5249140922925504
1800,0.0112328125,34.571876162431003,2.5248908363910032
1800,0.011234375000000001,34.572155132800539,2.5248675615526959
1800,0.011235937500000001,34.572434143130927,2.5248442677648852
1800,0.011237500000000001,34.572713193422786,2.5248209550148224
1800,0.011239062500000001,34.572992283676726,2.5247976232897522
1800,0.011240625000000001,34.573271413893352,2.524774272576912
1800,0.0112421875,34.573550584073274,2.5247509028635342
1800,0.01124375,34.573829794217112,2.5247275141368459
1800,0.0112453125,34.574109044325475,2.5247041063840685
1800,0.011246875,34.574388334398975,2.5246806795924144
1800,0.0112484375,34.574667664438245,2.524657233749092
1800,0.011250000000000001,34.574947034443895,2.5246337688413041
1800,0.011251562500000001,34.575226444416522,2.5246102848562466
1800,0.011253125000000001,34.575505894356766,2.5245867817811081
1800,0.011254687500000001,34.575785384265231,2.5245632596030743
1800,0.011256250000000001,34.576064914142542,2.5245397183093217
1800,0.0112578125,34.576344483989303,2.5245161578870223
1800,0.011259375,34.576624093806132,2.5244925783233403
1800,0.0112609375,34.576903743593647,2.5244689796054365
1800,0.0112625,34.577183433352459,2.524445361720463
1800,0.0112640625,34.577463163083181,2.5244217246555678
1800,0.011265625000000001,34.577742932786443,2.5243980683978924
1800,0.011267187500000001,34.578022742462842,2.5243743929345706
1800,0.011268750000000001,34.578302592113005,2.5243506982527326
1800,0.011270312500000001,34.578582481737548,2.5243269843395
1800,0.011271875000000001,34.578862411337091,2.5243032511819909
1800,0.0112734375,34.579142380912245,2.5242794987673145
1800,0.011275,34.579422390463627,2.5242557270825756
1800,0.0112765625,34.579702439991863,2.5242319361148731
1800,0.011278125,34.57998252949757,2.5242081258512985
1800,0.0112796875,34.580262658981376,2.5241842962789387
1800,0.011281250000000001,34.580542828443875,2.5241604473848733
1800,0.011282812500000001,34.580823037885693,2.5241365791561763
1800,0.011284375000000001,34.581103287307442,2.5241126915799157
1800,0.011285937500000001,34.58138357670974,2.524088784643153
1800,0.011287500000000001,34.581663906093212,2.5240648583329448
1800,0.0112890625,34.581944275458468,2.5240409126363397
1800,0.011290625,34.582224684806135,2.5240169475403809
1800,0.0112921875,34.582505134136831,2.5239929630321067
1800,0.01129375,34.582785623451166,2.5239689590985481
1800,0.0112953125,34.583066152749765,2.5239449357267301
1800,0.011296875000000001,34.583346722033248,2.5239208929036718
1800,0.011298437500000001,34.583627331302232,2.5238968306163856
1800,0.011300000000000001,34.583907980557342,2.5238727488518791
1800,0.011301562500000001,34.58418866979919,2.5238486475971529
1800,0.011303125000000001,34.584469399028393,2.5238245268392006
1800,0.0113046875,34.584750168245563,2.5238003865650116
1800,0.01130625,34.585030977451332,2.5237762267615684
1800,0.0113078125,34.585311826646318,2.5237520474158468
1800,0.011309375,34.58559271583114,2.5237278485148162
1800,0.0113109375,34.585873645006409,2.5237036300454423
1800,0.011312500000000001,34.586154614172756,2.5236793919946816
1800,0.011314062500000001,34.5864356233308,2.5236551343494855
1800,0.011315625000000001,34.586716672481145,2.5236308570968
1800,0.011317187500000001,34.586997761624424,2.5236065602235653
1800,0.011318750000000001,34.587278890761269,2.5235822437167141
1800,0.011320312500000001,34.587560059892276,2.5235579075631742
1800,0.011321875,34.587841269018078,2.5235335517498672
1800,0.0113234375,34.588122518139301,2.5235091762637083
1800,0.011325,34.588403807256555,2.5234847810916055
1800,0.0113265625,34.588685136370451,2.523460366220462
1800,0.011328125000000001,34.588966505481622,2.5234359316371737
1800,0.011329687500000001,34.5892479145907,2.523411477328632
1800,0.011331250000000001,34.589529363698304,2.5233870032817212
1800,0.011332812500000001,34.589810852805044,2.5233625094833192
1800,0.011334375000000001,34.590092381911546,2.5233379959202979
1800,0.011335937500000001,34.590373951018435,2.5233134625795239
1800,0.0113375,34.590655560126329,2.523288909447857
1800,0.0113390625,34.590937209235854,2.5232643365121508
1800,0.011340625,34.591218898347634,2.5232397437592522
1800,0.0113421875,34.591500627462302,2.5232151311760029
1800,0.011343750000000001,34.59178239658047,2.5231904987492393
1800,0.011345312500000001,34.592064205702755,2.52316584646579
1800,0.011346875000000001,34.592346054829775,2.5231411743124781
1800,0.011348437500000001,34.592627943962164,2.5231164822761203
1800,0.011350000000000001,34.592909873100538,2.5230917703435281
1800,0.011351562500000001,34.593191842245517,2.5230670385015053
1800,0.011353125,34.593473851397725,2.5230422867368509
1800,0.0113546875,34.593755900557781,2.5230175150363578
1800,0.01135625,34.594037989726317,2.5229927233868112
1800,0.0113578125,34.594320118903958,2.5229679117749915
1800,0.011359375,34.594602288091323,2.5229430801876735
1800,0.011360937500000001,34.594884497289037,2.522918228611625
1800,0.011362500000000001,34.595166746497725,2.5228933570336074
1800,0.011364062500000001,34.595449035718005,2.5228684654403768
1800,0.011365625000000001,34.59573136495051,2.522843553818682
1800,0.011367187500000001,34.596013734195864,2.5228186221552669
1800,0.01136875,34.596296143454687,2.5227936704368688
1800,0.0113703125,34.596578592727603,2.5227686986502187
1800,0.011371875,34.596861082015238,2.5227437067820411
1800,0.0113734375,34.597143611318216,2.5227186948190541
1800,0.011375,34.597426180637164,2.5226936627479706
1800,0.011376562500000001,34.5977087899727,2.5226686105554985
1800,0.011378125000000001,34.597991439325448,2.5226435382283374
1800,0.011379687500000001,34.598274128696026,2.5226184457531811
1800,0.011381250000000001,34.598556858085075,2.5225933331167174
1800,0.011382812500000001,34.59883962749322,2.5225682003056282
1800,0.011384375,34.599122436921078,2.52254304730659
1800,0.0113859375,34.599405286369276,2.5225178741062715
1800,0.0113875,34.59968817583843,2.5224926806913364
1800,0.0113890625,34.599971105329182,2.5224674670484428
1800,0.011390625,34.600254074842155,2.5224422331642411
1800,0.011392187500000001,34.600537084377976,2.5224169790253756
1800,0.011393750000000001,34.600820133937269,2.5223917046184856
1800,0.011395312500000001,34.60110322352066,2.5223664099302043
1800,0.011396875000000001,34.601386353128774,2.5223410949471594
1800,0.011398437500000001,34.601669522762244,2.5223157596559691
1800,0.0114,34.601952732421701,2.5222904040432477
1800,0.0114015625,34.602235982107757,2.522265028095604
1800,0.011403125,34.602519271821045,2.5222396317996401
1800,0.0114046875,34.602802601562182,2.5222142151419522
1800,0.01140625,34.603085971331808,2.5221887781091303
1800,0.011407812500000001,34.603369381130548,2.5221633206877563
1800,0.011409375000000001,34.603652830959028,2.5221378428644088
1800,0.011410937500000001,34.603936320817873,2.5221123446256577
1800,0.011412500000000001,34.604219850707707,2.5220868259580684
1800,0.011414062500000001,34.604503420629158,2.5220612868481997
1800,0.011415625,34.60478703058287,2.5220357272826037
1800,0.0114171875,34.605070680569462,2.522010147247828
1800,0.01141875,34.605354370589566,2.5219845467304123
1800,0.0114203125,34.605638100643802,2.5219589257168904
1800,0.011421875,34.6059218707328,2.5219332841937905
1800,0.011423437500000001,34.606205680857194,2.521907622147634
1800,0.011425000000000001,34.606489531017615,2.521881939564937
1800,0.011426562500000001,34.606773421214683,2.5218562364322099
1800,0.011428125000000001,34.607057351449029,2.5218305127359559
1800,0.011429687500000001,34.607341321721286,2.5218047684626721
1800,0.01143125,34.607625332032079,2.5217790035988492
1800,0.0114328125,34.607909382382026,2.5217532181309728
1800,0.011434375,34.608193472771774,2.5217274120455211
1800,0.0114359375,34.608477603201933,2.5217015853289655
1800,0.0114375,34.608761773673145,2.5216757379677728
1800,0.011439062500000001,34.609045984186046,2.521649869948404
1800,0.011440625000000001,34.609330234741257,2.5216239812573127
1800,0.011442187500000001,34.609614525339417,2.5215980718809456
1800,0.011443750000000001,34.609898855981143,2.5215721418057457
1800,0.011445312500000001,34.610183226667075,2.5215461910181491
1800,0.011446875,34.610467637397839,2.5215202195045845
1800,0.0114484375,34.610752088174067,2.5214942272514755
1800,0.01145,34.611036578996398,2.521468214245238
1800,0.0114515625,34.611321109865443,2.5214421804722833
1800,0.011453125,34.611605680781842,2.5214161259190164
1800,0.011454687500000001,34.611890291746228,2.5213900505718363
1800,0.011456250000000001,34.612174942759225,2.5213639544171342
1800,0.011457812500000001,34.612459633821459,2.5213378374412962
1800,0.011459375000000001,34.612744364933583,2.5213116996307021
1800,0.011460937500000001,34.613029136096216,2.5212855409717263
1800,0.0114625,34.61331394730999,2.5212593614507361
1800,0.0114640625,34.613598798575538,2.5212331610540932
1800,0.011465625,34.613883689893491,2.5212069397681525
1800,0.0114671875,34.614168621264483,2.5211806975792634
1800,0.01146875,34.614453592689138,2.5211544344737695
1800,0.011470312500000001,34.614738604168089,2.521128150438007
1800,0.011471875000000001,34.615023655701975,2.5211018454583063
1800,0.011473437500000001,34.615308747291422,2.5210755195209917
1800,0.011475000000000001,34.615593878937048,2.5210491726123805
1800,0.011476562500000001,34.615879050639499,2.5210228047187848
1800,0.011478125,34.616164262399423,2.5209964158265104
1800,0.0114796875,34.616449514217443,2.5209700059218578
1800,0.01148125,34.616734806094193,2.5209435749911204
1800,0.0114828125,34.617020138030298,2.5209171230205856
1800,0.011484375,34.617305510026398,2.520890649996534
1800,0.011485937500000001,34.617590922083124,2.5208641559052398
1800,0.011487500000000001,34.61787637420111,2.5208376407329722
1800,0.011489062500000001,34.61816186638098,2.5208111044659951
1800,0.011490625000000001,34.618447398623374,2.5207845470905643
1800,0.011492187500000001,34.618732970928939,2.5207579685929296
1800,0.01149375,34.619018583298292,2.520731368959336
1800,0.0114953125,34.619304235732073,2.520704748176021
1800,0.011496875,34.619589928230916,2.5206781062292158
1800,0.0114984375,34.619875660795444,2.5206514431051454
1800,0.0115,34.620161433426304,2.5206247587900292
1800,0.011501562500000001,34.620447246124129,2.5205980532700796
1800,0.011503125000000001,34.620733098889545,2.5205713265315035
1800,0.011504687500000001,34.62101899172319,2.5205445785605032
1800,0.011506250000000001,34.621304924625697,2.5205178093432719
1800,0.011507812500000001,34.621590897597706,2.5204910188659979
1800,0.011509375000000001,34.621876910639855,2.5204642071148631
1800,0.0115109375,34.622162963752778,2.5204373740760442
1800,0.0115125,34.6224490569371,2.5204105197357096
1800,0.0115140625,34.622735190193453,2.5203836440800234
1800,0.011515625,34.62302136352249,2.5203567470951431
1800,0.011517187500000001,34.623307576924837,2.52032982876722
1800,0.011518750000000001,34.623593830401134,2.5203028890823993
1800,0.011520312500000001,34.62388012395202,2.5202759280268188
1800,0.011521875000000001,34.624166457578127,2.5202489455866117
1800,0.011523437500000001,34.624452831280081,2.5202219417479035
1800,0.011525000000000001,34.624739245058528,2.5201949164968154
1800,0.0115265625,34.625025698914101,2.5201678698194616
1800,0.011528125,34.625312192847439,2.5201408017019489
1800,0.0115296875,34.625598726859181,2.5201137121303798
1800,0.01153125,34.625885300949967,2.52008660109085
1800,0.011532812500000001,34.626171915120423,2.520059468569448
1800,0.011534375000000001,34.626458569371188,2.5200323145522563
1800,0.011535937500000001,34.626745263702901,2.5200051390253528
1800,0.011537500000000001,34.627031998116202,2.5199779419748078
1800,0.011539062500000001,34.627318772611716,2.5199507233866858
1800,0.011540625000000001,34.627605587190089,2.5199234832470445
1800,0.0115421875,34.627892441851969,2.5198962215419356
1800,0.01154375,34.628179336597981,2.5198689382574049
1800,0.0115453125,34.628466271428771,2.519841633379492
1800,0.011546875,34.628753246344964,2.5198143068942307
1800,0.011548437500000001,34.629040261347214,2.5197869587876482
1800,0.011550000000000001,34.629327316436154,2.5197595890457656
1800,0.011551562500000001,34.629614411612408,2.519732197654597
1800,0.011553125000000001,34.629901546876631,2.519704784600151
1800,0.011554687500000001,34.630188722229462,2.5196773498684304
1800,0.011556250000000001,34.630475937671527,2.5196498934454308
1800,0.0115578125,34.630763193203464,2.5196224153171425
1800,0.011559375,34.631050488825906,2.5195949154695496
1800,0.0115609375,34.6313378245395,2.51956739388863
1800,0.0115625,34.631625200344892,2.5195398505603546
1800,0.0115640625,34.631912616242722,2.5195122854706891
1800,0.011565625000000001,34.63220007223363,2.5194846986055914
1800,0.011567187500000001,34.632487568318233,2.5194570899510147
1800,0.011568750000000001,34.632775104497192,2.5194294594929052
1800,0.011570312500000001,34.633062680771133,2.5194018072172031
1800,0.011571875000000001,34.633350297140694,2.5193741331098423
1800,0.0115734375,34.633637953606517,2.5193464371567513
1800,0.011575,34.633925650169246,2.5193187193438527
1800,0.0115765625,34.634213386829522,2.5192909796570602
1800,0.011578125,34.634501163587977,2.5192632180822843
1800,0.0115796875,34.634788980445265,2.5192354346054269
1800,0.011581250000000001,34.635076837402018,2.5192076292123859
1800,0.011582812500000001,34.635364734458882,2.5191798018890514
1800,0.011584375000000001,34.635652671616491,2.5191519526213084
1800,0.011585937500000001,34.63594064887549,2.5191240813950349
1800,0.011587500000000001,34.636228666236519,2.5190961881961034
1800,0.0115890625,34.636516723700218,2.5190682730103786
1800,0.011590625,34.636804821267219,2.5190403358237203
1800,0.0115921875,34.637092958938176,2.5190123766219821
1800,0.01159375,34.637381136713714,2.5189843953910107
1800,0.0115953125,34.637669354594493,2.5189563921166469
1800,0.011596875000000001,34.637957612581147,2.518928366784726
1800,0.011598437500000001,34.638245910674314,2.5189003193810766
1800,0.011600000000000001,34.638534248874635,2.5188722498915221
1800,0.011601562500000001,34.638822627182755,2.5188441583018775
1800,0.011603125000000001,34.639111045599314,2.5188160445979526
1800,0.0116046875,34.63939950412496,2.5187879087655518
1800,0.01160625,34.63968800276033,2.5187597507904722
1800,0.0116078125,34.639976541506073,2.5187315706585052
1800,0.011609375,34.640265120362841,2.5187033683554358
1800,0.0116109375,34.64055373933126,2.5186751438670427
1800,0.011612500000000001,34.640842398411976,2.5186468971790985
1800,0.011614062500000001,34.641131097605637,2.5186186282773693
1800,0.011615625000000001,34.641419836912874,2.5185903371476144
1800,0.011617187500000001,34.641708616334334,2.5185620237755879
1800,0.011618750000000001,34.641997435870657,2.5185336881470382
1800,0.0116203125,34.642286295522489,2.5185053302477072
1800,0.011621875,34.642575195290469,2.5184769500633295
1800,0.0116234375,34.642864135175245,2.5184485475796343
1800,0.011625,34.643153115177462,2.5184201227823446
1800,0.0116265625,34.643442135297768,2.5183916756571763
1800,0.011628125000000001,34.643731195536809,2.5183632061898407
1800,0.011629687500000001,34.644020295895217,2.5183347143660422
1800,0.011631250000000001,34.644309436373632,2.518306200171478
1800,0.011632812500000001,34.644598616972708,2.51827766359184
1800,0.011634375000000001,34.644887837693091,2.5182491046128135
1800,0.0116359375,34.64517709853542,2.5182205232200783
1800,0.0116375,34.64546639950035,2.5181919193993072
1800,0.0116390625,34.645755740588505,2.5181632931361668
1800,0.011640625,34.64604512180054,2.5181346444163184
1800,0.0116421875,34.646334543137094,2.5181059732254156
1800,0.011643750000000001,34.64662400459882,2.5180772795491082
1800,0.011645312500000001,34.646913506186358,2.5180485633730361
1800,0.011646875000000001,34.647203047900362,2.5180198246828369
1800,0.011648437500000001,34.647492629741471,2.5179910634641387
1800,0.011650000000000001,34.647782251710332,2.5179622797025663
1800,0.0116515625,34.648071913807577,2.5179334733837355
1800,0.011653125,34.648361616033874,2.5179046444932576
1800,0.0116546875,34.648651358389849,2.5178757930167368
1800,0.01165625,34.648941140876154,2.5178469189397727
1800,0.0116578125,34.649230963493437,2.517818022247956
1800,0.011659375000000001,34.649520826242352,2.5177891029268724
1800,0.011660937500000001,34.64981072912353,2.5177601609621028
1800,0.011662500000000001,34.650100672137633,2.517731196339219
1800,0.011664062500000001,34.6503906552853,2.5177022090437893
1800,0.011665625000000001,34.65068067856717,2.5176731990613752
1800,0.0116671875,34.650970741983897,2.5176441663775315
1800,0.01166875,34.651260845536129,2.5176151109778071
1800,0.0116703125,34.651550989224503,2.5175860328477428
1800,0.011671875,34.651841173049668,2.5175569319728752
1800,0.0116734375,34.652131397012269,2.5175278083387354
1800,0.011675000000000001,34.65242166111296,2.5174986619308464
1800,0.011676562500000001,34.652711965352388,2.5174694927347252
1800,0.011678125000000001,34.653002309731207,2.5174403007358834
1800,0.011679687500000001,34.653292694250048,2.517411085919826
1800,0.011681250000000001,34.653583118909559,2.5173818482720511
1800,0.0116828125,34.6538735837104,2.5173525877780527
1800,0.011684375,34.654164088653225,2.5173233044233161
1800,0.0116859375,34.654454633738659,2.5172939981933204
1800,0.0116875,34.654745218967371,2.5172646690735414
1800,0.0116890625,34.655035844340006,2.5172353170494461
1800,0.011690625000000001,34.655326509857218,2.5172059421064956
1800,0.011692187500000001,34.655617215519634,2.5171765442301446
1800,0.011693750000000001,34.655907961327912,2.5171471234058429
1800,0.011695312500000001,34.656198747282701,2.517117679619032
1800,0.011696875000000001,34.65648957338464,2.5170882128551493
1800,0.011698437500000001,34.656780439634389,2.5170587230996255
1800,0.0117,34.657071346032588,2.5170292103378835
1800,0.0117015625,34.657362292579897,2.5169996745553416
1800,0.011703125,34.65765327927695,2.5169701157374105
1800,0.0117046875,34.657944306124399,2.5169405338694961
1800,0.011706250000000001,34.658235373122892,2.5169109289369973
1800,0.011707812500000001,34.658526480273089,2.5168813009253079
1800,0.011709375000000001,34.658817627575644,2.5168516498198135
1800,0.011710937500000001,34.659108815031189,2.5168219756058936
1800,0.011712500000000001,34.659400042640385,2.5167922782689227
1800,0.011714062500000001,34.659691310403886,2.5167625577942698
1800,0.011715625,34.659982618322331,2.5167328141672956
1800,0.0117171875,34.660273966396382,2.5167030473733556
1800,0.01171875,34.660565354626669,2.5166732573977995
1800,0.0117203125,34.660856783013848,2.51664344422597
1800,0.011721875000000001,34.661148251558579,2.5166136078432051
1800,0.011723437500000001,34.661439760261516,2.5165837482348339
1800,0.011725000000000001,34.661731309123297,2.516553865386181
1800,0.011726562500000001,34.662022898144578,2.5165239592825643
1800,0.011728125000000001,34.662314527326011,2.5164940299092957
1800,0.011729687500000001,34.662606196668243,2.5164640772516793
1800,0.01173125,34.662897906171921,2.5164341012950153
1800,0.0117328125,34.663189655837698,2.5164041020245969
1800,0.011734375,34.663481445666228,2.5163740794257121
1800,0.0117359375,34.663773275658166,2.51634403348364
1800,0.011737500000000001,34.664065145814156,2.5163139641836558
1800,0.011739062500000001,34.664357056134861,2.5162838715110274
1800,0.011740625000000001,34.664649006620934,2.5162537554510167
1800,0.011742187500000001,34.664940997273021,2.5162236159888791
1800,0.011743750000000001,34.665233028091777,2.5161934531098638
1800,0.011745312500000001,34.665525099077847,2.516163266799214
1800,0.011746875,34.665817210231893,2.5161330570421669
1800,0.0117484375,34.666109361554554,2.5161028238239531
1800,0.01175,34.666401553046498,2.5160725671297972
1800,0.0117515625,34.666693784708364,2.5160422869449177
1800,0.011753125000000001,34.6669860565408,2.516011983254526
1800,0.011754687500000001,34.667278368544466,2.5159816560438282
1800,0.011756250000000001,34.667570720720015,2.5159513052980227
1800,0.011757812500000001,34.667863113068108,2.5159209310023041
1800,0.011759375000000001,34.668155545589386,2.5158905331418593
1800,0.011760937500000001,34.668448018284508,2.5158601117018686
1800,0.0117625,34.668740531154114,2.5158296666675071
1800,0.0117640625,34.66903308419888,2.515799198023942
1800,0.011765625,34.669325677419437,2.5157687057563365
1800,0.0117671875,34.66961831081646,2.5157381898498459
1800,0.01176875,34.66991098439059,2.5157076502896198
1800,0.011770312500000001,34.670203698142487,2.5156770870608023
1800,0.011771875000000001,34.670496452072804,2.5156465001485295
1800,0.011773437500000001,34.670789246182203,2.5156158895379321
1800,0.011775000000000001,34.671082080471329,2.5155852552141353
1800,0.011776562500000001,34.671374954940831,2.5155545971622577
1800,0.011778125,34.671667869591353,2.5155239153674107
1800,0.0117796875,34.671960824423572,2.5154932098147014
1800,0.01178125,34.672253819438133,2.5154624804892292
1800,0.0117828125,34.672546854635691,2.5154317273760869
1800,0.011784375,34.672839930016885,2.5154009504603621
1800,0.011785937500000001,34.673133045582389,2.5153701497271355
1800,0.011787500000000001,34.673426201332852,2.5153393251614822
1800,0.011789062500000001,34.673719397268925,2.5153084767484697
1800,0.011790625000000001,34.674012633391264,2.5152776044731611
1800,0.011792187500000001,34.674305909700529,2.5152467083206123
1800,0.01179375,34.674599226197373,2.5152157882758726
1800,0.0117953125,34.67489258288245,2.5151848443239855
1800,0.011796875,34.675185979756407,2.5151538764499888
1800,0.0117984375,34.675479416819911,2.5151228846389131
1800,0.0118,34.675772894073624,2.5150918688757833
1800,0.011801562500000001,34.676066411518192,2.5150608291456185
1800,0.011803125000000001,34.676359969154277,2.5150297654334302
1800,0.011804687500000001,34.67665356698253,2.514998677724225
1800,0.011806250000000001,34.676947205003607,2.5149675660030031
1800,0.011807812500000001,34.677240883218168,2.5149364302547581
1800,0.011809375,34.677534601626874,2.5149052704644754
1800,0.0118109375,34.677828360230379,2.5148740866171373
1800,0.0118125,34.678122159029328,2.5148428786977179
1800,0.0118140625,34.678415998024391,2.5148116466911872
1800,0.011815625,34.678709877216221,2.5147803905825064
1800,0.011817187500000001,34.679003796605471,2.514749110356632
1800,0.011818750000000001,34.679297756192803,2.5147178059985142
1800,0.011820312500000001,34.679591755978876,2.5146864774930968
1800,0.011821875000000001,34.679885795964346,2.5146551248253162
1800,0.011823437500000001,34.680179876149872,2.5146237479801044
1800,0.011825,34.680473996536101,2.5145923469423859
1800,0.0118265625,34.680768157123694,2.514560921697079
1800,0.011828125,34.681062357913305,2.5145294722290967
1800,0.0118296875,34.681356598905602,2.5144979985233458
1800,0.01183125,34.681650880101238,2.5144665005647249
1800,0.011832812500000001,34.681945201500874,2.5144349783381288
1800,0.011834375000000001,34.682239563105149,2.5144034318284443
1800,0.011835937500000001,34.682533964914739,2.5143718610205528
1800,0.011837500000000001,34.682828406930305,2.514340265899329
1800,0.011839062500000001,34.6831228891525,2.514308646449642
1800,0.011840625,34.683417411581985,2.5142770026563537
1800,0.0118421875,34.68371197421942,2.5142453345043214
1800,0.01184375,34.684006577065446,2.5142136419783938
1800,0.0118453125,34.684301220120744,2.514181925063415
1800,0.011846875,34.684595903385961,2.5141501837442228
1800,0.011848437500000001,34.684890626861765,2.5141184180056491
1800,0.011850000000000001,34.68518539054881,2.5140866278325178
1800,0.011851562500000001,34.685480194447763,2.5140548132096487
1800,0.011853125000000001,34.685775038559271,2.5140229741218545
1800,0.011854687500000001,34.686069922883995,2.5139911105539405
1800,0.01185625,34.686364847422603,2.5139592224907061
1800,0.0118578125,34.686659812175748,2.5139273099169457
1800,0.011859375,34.686954817144091,2.5138953728174469
1800,0.0118609375,34.687249862328294,2.5138634111769917
1800,0.0118625,34.687544947729016,2.5138314249803546
1800,0.011864062500000001,34.687840073346912,2.5137994142123055
1800,0.011865625000000001,34.68813523918265,2.5137673788576058
1800,0.011867187500000001,34.688430445236889,2.5137353189010114
1800,0.011868750000000001,34.688725691510285,2.5137032343272732
1800,0.011870312500000001,34.689020978003491,2.5136711251211348
1800,0.011871875,34.689316304717174,2.5136389912673343
1800,0.0118734375,34.689611671651981,2.5136068327506034
1800,0.011875,34.689907078808595,2.5135746495556672
1800,0.0118765625,34.690202526187669,2.5135424416672443
1800,0.011878125,34.690498013789863,2.5135102090700476
1800,0.011879687500000001,34.69079354161584,2.5134779517487824
1800,0.011881250000000001,34.691089109666258,2.5134456696881493
1800,0.011882812500000001,34.69138471794178,2.5134133628728432
1800,0.011884375000000001,34.691680366443073,2.5133810312875502
1800,0.011885937500000001,34.691976055170798,2.5133486749169527
1800,0.0118875,34.692271784125616,2.5133162937457247
1800,0.0118890625,34.692567553308187,2.5132838877585368
1800,0.011890625,34.692863362719173,2.5132514569400515
1800,0.0118921875,34.693159212359241,2.5132190012749245
1800,0.01189375,34.693455102229045,2.5131865207478072
1800,0.011895312500000001,34.693751032329246,2.5131540153433427
1800,0.011896875000000001,34.694047002660511,2.5131214850461689
1800,0.011898437500000001,34.694343013223495,2.5130889298409174
1800,0.011900000000000001,34.694639064018872,2.5130563497122123
1800,0.011901562500000001,34.694935155047304,2.5130237446446739
1800,0.011903125000000001,34.695231286309451,2.5129911146229147
1800,0.0119046875,34.695527457805959,2.5129584596315415
1800,0.01190625,34.695823669537504,2.5129257796551538
1800,0.0119078125,34.696119921504753,2.5128930746783458
1800,0.011909375,34.696416213708375,2.5128603446857056
1800,0.011910937500000001,34.696712546149023,2.5128275896618146
1800,0.011912500000000001,34.69700891882735,2.5127948095912482
1800,0.011914062500000001,34.697305331744026,2.5127620044585752
1800,0.011915625000000001,34.697601784899717,2.5127291742483591
1800,0.011917187500000001,34.697898278295092,2.5126963189451561
1800,0.011918750000000001,34.698194811930819,2.5126634385335165
1800,0.0119203125,34.698491385807557,2.5126305329979846
1800,0.011921875,34.698787999925969,2.5125976023230985
1800,0.0119234375,34.699084654286729,2.5125646464933897
1800,0.011925,34.699381348890491,2.5125316654933827
1800,0.011926562500000001,34.699678083737922,2.5124986593075973
1800,0.011928125000000001,34.699974858829677,2.512465627920546
1800,0.011929687500000001,34.700271674166437,2.5124325713167353
1800,0.011931250000000001,34.70056852974885,2.5123994894806665
1800,0.011932812500000001,34.700865425577589,2.5123663823968339
1800,0.011934375000000001,34.701162361653317,2.5123332500497244
1800,0.0119359375,34.701459337976686,2.5123000924238208
1800,0.0119375,34.701756354548372,2.512266909503599
1800,0.0119390625,34.702053411369029,2.512233701273527
1800,0.011940625,34.702350508439324,2.5122004677180674
1800,0.011942187500000001,34.702647645759939,2.5121672088216775
1800,0.011943750000000001,34.702944823331528,2.5121339245688077
1800,0.011945312500000001,34.703242041154759,2.5121006149439027
1800,0.011946875000000001,34.703539299230307,2.5120672799314003
1800,0.011948437500000001,34.703836597558826,2.5120339195157317
1800,0.011950000000000001,34.704133936140991,2.5120005336813236
1800,0.0119515625,34.704431314977469,2.5119671224125941
1800,0.011953125,34.704728734068922,2.5119336856939567
1800,0.0119546875,34.70502619341601,2.5119002235098189
1800,0.01195625,34.705323693019402,2.5118667358445812
1800,0.011957812500000001,34.705621232879764,2.5118332226826374
1800,0.011959375000000001,34.705918812997758,2.5117996840083761
1800,0.011960937500000001,34.70621643337406,2.5117661198061789
1800,0.011962500000000001,34.706514094009329,2.5117325300604207
1800,0.011964062500000001,34.706811794904233,2.5116989147554718
1800,0.011965625000000001,34.707109536059434,2.5116652738756953
1800,0.0119671875,34.707407317475599,2.5116316074054477
1800,0.01196875,34.70770513915339,2.5115979153290797
1800,0.0119703125,34.708003001093473,2.5115641976309364
1800,0.011971875,34.708300903296525,2.511530454295356
1800,0.011973437500000001,34.708598845763206,2.5114966853066698
1800,0.011975000000000001,34.70889682849419,2.5114628906492036
1800,0.011976562500000001,34.709194851490146,2.5114290703072766
1800,0.011978125000000001,34.709492914751742,2.5113952242652027
1800,0.011979687500000001,34.709791018279638,2.5113613525072891
1800,0.011981250000000001,34.71008916207451,2.5113274550178359
1800,0.0119828125,34.710387346137026,2.5112935317811389
1800,0.011984375,34.710685570467838,2.5112595827814852
1800,0.0119859375,34.710983835067623,2.5112256080031572
1800,0.0119875,34.711282139937047,2.5111916074304301
1800,0.0119890625,34.711580485076787,2.5111575810475735
1800,0.011990625000000001,34.711878870487503,2.5111235288388514
1800,0.011992187500000001,34.71217729616987,2.5110894507885217
1800,0.011993750000000001,34.712475762124555,2.5110553468808345
1800,0.011995312500000001,34.712774268352227,2.5110212171000352
1800,0.011996875000000001,34.713072814853561,2.5109870614303613
1800,0.0119984375,34.71337140162921,2.5109528798560459
1800,0.012,34.713670028679857,2.5109186723613144
1800,0.0120015625,34.71396869600617,2.5108844389303862
1800,0.012003125,34.714267403608815,2.5108501795474747
1800,0.0120046875,34.714566151488455,2.5108158941967877
1800,0.012006250000000001,34.714864939645764,2.5107815828625255
1800,0.012007812500000001,34.715163768081425,2.5107472455288828
1800,0.012009375000000001,34.71546263679609,2.5107128821800497
1800,0.012010937500000001,34.715761545790428,2.5106784928002082
1800,0.012012500000000001,34.716060495065115,2.5106440773735343
1800,0.0120140625,34.71635948462081,2.5106096358841978
1800,0.012015625,34.716658514458196,2.5105751683163615
1800,0.0120171875,34.716957584577933,2.5105406746541838
1800,0.01201875,34.717256694980705,2.5105061548818153
1800,0.0120203125,34.717555845667178,2.5104716089834009
1800,0.012021875000000001,34.717855036638007,2.5104370369430797
1800,0.012023437500000001,34.718154267893873,2.5104024387449839
1800,0.012025000000000001,34.718453539435451,2.5103678143732395
1800,0.012026562500000001,34.71875285126341,2.5103331638119668
1800,0.012028125000000001,34.719052203378418,2.5102984870452794
1800,0.0120296875,34.719351595781141,2.5102637840572855
1800,0.01203125,34.719651028472249,2.5102290548320867
1800,0.0120328125,34.719950501452409,2.5101942993537771
1800,0.012034375,34.720250014722296,2.5101595176064464
1800,0.0120359375,34.720549568282578,2.5101247095741774
1800,0.012037500000000001,34.720849162133945,2.5100898752410461
1800,0.012039062500000001,34.721148796277063,2.5100550145911229
1800,0.012040625000000001,34.721448470712595,2.5100201276084708
1800,0.012042187500000001,34.721748185441214,2.5099852142771484
1800,0.012043750000000001,34.722047940463597,2.509950274581207
1800,0.0120453125,34.72234773578041,2.5099153085046924
1800,0.012046875,34.722647571392329,2.5098803160316425
1800,0.0120484375,34.722947447300022,2.5098452971460912
1800,0.01205,34.723247363504164,2.5098102518320649
1800,0.0120515625,34.723547320005423,2.5097751800735835
1800,0.012053125000000001,34.723847316804473,2.5097400818546611
1800,0.012054687500000001,34.724147353901991,2.5097049571593057
1800,0.012056250000000001,34.724447431298657,2.5096698059715199
1800,0.012057812500000001,34.72474754899514,2.5096346282752982
1800,0.012059375000000001,34.725047706992093,2.5095994240546298
1800,0.0120609375,34.725347905290214,2.5095641932934987
1800,0.0120625,34.725648143890147,2.5095289359758812
1800,0.0120640625,34.725948422792577,2.5094936520857476
1800,0.012065625,34.726248741998191,2.5094583416070617
1800,0.0120671875,34.726549101507636,2.5094230045237831
1800,0.012068750000000001,34.726849501321603,2.5093876408198628
1800,0.012070312500000001,34.727149941440764,2.5093522504792465
1800,0.012071875000000001,34.727450421865797,2.5093168334858738
1800,0.012073437500000001,34.727750942597361,2.5092813898236774
1800,0.012075000000000001,34.728051503636138,2.509245919476585
1800,0.0120765625,34.728352104982804,2.5092104224285174
1800,0.012078125,34.728652746638026,2.5091748986633893
1800,0.0120796875,34.72895342860248,2.5091393481651094
1800,0.01208125,34.729254150876848,2.5091037709175801
1800,0.0120828125,34.729554913461797,2.5090681669046959
1800,0.012084375000000001,34.729855716357996,2.5090325361103476
1800,0.012085937500000001,34.730156559566126,2.5089968785184182
1800,0.012087500000000001,34.73045744308687,2.5089611941127856
1800,0.012089062500000001,34.730758366920895,2.50892548287732
1800,0.012090625000000001,34.73105933106887,2.5088897447958862
1800,0.012092187500000001,34.731360335531463,2.508853979852343
1800,0.01209375,34.731661380309362,2.5088181880305425
1800,0.0120953125,34.731962465403228,2.5087823693143307
1800,0.012096875,34.732263590813751,2.5087465236875475
1800,0.0120984375,34.732564756541606,2.5087106511340269
1800,0.012100000000000001,34.732865962587461,2.5086747516375971
1800,0.012101562500000001,34.73316720895199,2.5086388251820795
1800,0.012103125000000001,34.733468495635869,2.5086028717512887
1800,0.012104687500000001,34.733769822639779,2.5085668913290333
1800,0.012106250000000001,34.734071189964382,2.5085308838991169
1800,0.012107812500000001,34.734372597610367,2.5084948494453347
1800,0.012109375,34.734674045578409,2.5084587879514779
1800,0.0121109375,34.734975533869175,2.5084226994013306
1800,0.0121125,34.735277062483348,2.5083865837786701
1800,0.0121140625,34.73557863142161,2.508350441067269
1800,0.012115625000000001,34.735880240684622,2.5083142712508915
1800,0.012117187500000001,34.736181890273066,2.5082780743132971
1800,0.012118750000000001,34.736483580187631,2.508241850238238
1800,0.012120312500000001,34.736785310428978,2.5082055990094609
1800,0.012121875000000001,34.737087080997782,2.508169320610707
1800,0.012123437500000001,34.737388891894724,2.5081330150257108
1800,0.012125,34.737690743120481,2.5080966822382007
1800,0.0121265625,34.737992634675741,2.508060322231898
1800,0.012128125,34.738294566561166,2.5080239349905185
1800,0.0121296875,34.738596538777436,2.5079875204977711
1800,0.012131250000000001,34.738898551325235,2.50795107873736
1800,0.012132812500000001,34.739200604205237,2.5079146096929823
1800,0.012134375000000001,34.739502697418118,2.5078781133483288
1800,0.012135937500000001,34.739804830964559,2.5078415896870836
1800,0.012137500000000001,34.740107004845235,2.5078050386929247
1800,0.012139062500000001,34.740409219060822,2.5077684603495256
1800,0.012140625,34.740711473611988,2.5077318546405514
1800,0.0121421875,34.741013768499421,2.5076952215496631
1800,0.01214375,34.74131610372379,2.5076585610605133
1800,0.0121453125,34.741618479285769,2.5076218731567494
1800,0.012146875000000001,34.741920895186055,2.5075851578220121
1800,0.012148437500000001,34.742223351425309,2.5075484150399379
1800,0.012150000000000001,34.742525848004213,2.5075116447941541
1800,0.012151562500000001,34.742828384923449,2.5074748470682837
1800,0.012153125000000001,34.743130962183692,2.5074380218459433
1800,0.012154687500000001,34.743433579785616,2.507401169110743
1800,0.01215625,34.743736237729912,2.5073642888462868
1800,0.0121578125,34.744038936017247,2.5073273810361729
1800,0.012159375,34.744341674648311,2.5072904456639926
1800,0.0121609375,34.744644453623778,2.5072534827133315
1800,0.012162500000000001,34.744947272944323,2.5072164921677684
1800,0.012164062500000001,34.745250132610622,2.507179474010877
1800,0.012165625000000001,34.745553032623356,2.5071424282262229
1800,0.012167187500000001,34.745855972983193,2.5071053547973676
1800,0.012168750000000001,34.746158953690838,2.5070682537078648
1800,0.012170312500000001,34.746461974746957,2.5070311249412627
1800,0.012171875,34.746765036152233,2.5069939684811038
1800,0.0121734375,34.747068137907348,2.5069567843109239
1800,0.012175,34.74737128001297,2.5069195724142528
1800,0.0121765625,34.747674462469789,2.5068823327746133
1800,0.012178125000000001,34.747977685278478,2.506845065375523
1800,0.012179687500000001,34.748280948439714,2.5068077702004929
1800,0.012181250000000001,34.748584251954171,2.5067704472330279
1800,0.012182812500000001,34.748887595822538,2.5067330964566259
1800,0.012184375000000001,34.749190980045498,2.5066957178547797
1800,0.012185937500000001,34.749494404623732,2.5066583114109751
1800,0.0121875,34.749797869557923,2.5066208771086926
1800,0.0121890625,34.75010137484874,2.5065834149314061
1800,0.012190625,34.750404920496869,2.5065459248625825
1800,0.0121921875,34.750708506502988,2.506508406885684
1800,0.01219375,34.751012132867778,2.5064708609841659
1800,0.012195312500000001,34.751315799591929,2.5064332871414772
1800,0.012196875000000001,34.7516195066761,2.5063956853410612
1800,0.012198437500000001,34.751923254120996,2.5063580555663543
1800,0.012200000000000001,34.752227041927291,2.5063203978007871
1800,0.012201562500000001,34.752530870095676,2.5062827120277835
1800,0.012203125,34.752834738626809,2.5062449982307617
1800,0.0122046875,34.753138647521382,2.5062072563931337
1800,0.01220625,34.753442596780069,2.506169486498306
1800,0.0122078125,34.753746586403565,2.5061316885296772
1800,0.012209375,34.754050616392554,2.5060938624706406
1800,0.012210937500000001,34.75435468674771,2.5060560083045837
1800,0.012212500000000001,34.754658797469709,2.5060181260148879
1800,0.012214062500000001,34.754962948559246,2.5059802155849278
1800,0.012215625000000001,34.755267140016997,2.5059422769980717
1800,0.012217187500000001,34.755571371843644,2.5059043102376815
1800,0.01221875,34.755875644039854,2.5058663152871135
1800,0.0122203125,34.756179956606317,2.5058282921297179
1800,0.012221875,34.756484309543737,2.5057902407488393
1800,0.0122234375,34.756788702852781,2.5057521611278148
1800,0.012225,34.757093136534131,2.5057140532499758
1800,0.012226562500000001,34.75739761058847,2.5056759170986487
1800,0.012228125000000001,34.757702125016486,2.5056377526571523
1800,0.012229687500000001,34.758006679818862,2.5055995599087999
1800,0.012231250000000001,34.758311274996267,2.5055613388368982
1800,0.012232812500000001,34.758615910549381,2.5055230894247469
1800,0.012234375,34.758920586478894,2.505484811655641
1800,0.0122359375,34.759225302785481,2.505446505512869
1800,0.0122375,34.759530059469832,2.5054081709797131
1800,0.0122390625,34.759834856532628,2.5053698080394491
1800,0.012240625,34.760139693974565,2.5053314166753466
1800,0.012242187500000001,34.76044457179632,2.5052929968706694
1800,0.012243750000000001,34.760749489998574,2.5052545486086752
1800,0.012245312500000001,34.761054448582009,2.5052160718726149
1800,0.012246875000000001,34.761359447547314,2.5051775666457332
1800,0.012248437500000001,34.761664486895164,2.505139032911269
1800,0.01225,34.761969566626242,2.5051004706524553
1800,0.0122515625,34.762274686741236,2.5050618798525188
1800,0.012253125,34.762579847240843,2.5050232604946796
1800,0.0122546875,34.762885048125746,2.504984612562152
1800,0.01225625,34.763190289396618,2.5049459360381441
1800,0.012257812500000001,34.763495571054143,2.5049072309058578
1800,0.012259375000000001,34.763800893099017,2.5048684971484882
1800,0.012260937500000001,34.764106255531907,2.5048297347492263
1800,0.012262500000000001,34.764411658353509,2.5047909436912539
1800,0.012264062500000001,34.7647171015645,2.5047521239577488
1800,0.012265625,34.765022585165561,2.5047132755318824
1800,0.0122671875,34.76532810915738,2.5046743983968192
1800,0.01226875,34.765633673540634,2.5046354925357175
1800,0.0122703125,34.765939278316026,2.5045965579317304
1800,0.012271875,34.766244923484244,2.5045575945680043
1800,0.012273437500000001,34.766550609045957,2.5045186024276793
1800,0.012275000000000001,34.766856335001854,2.5044795814938885
1800,0.012276562500000001,34.767162101352618,2.5044405317497596
1800,0.012278125000000001,34.767467908098943,2.5044014531784149
1800,0.012279687500000001,34.767773755241514,2.5043623457629707
1800,0.01228125,34.768079642781025,2.5043232094865355
1800,0.0122828125,34.768385570718145,2.5042840443322136
1800,0.012284375,34.768691539053563,2.5042448502831025
1800,0.0122859375,34.768997547787976,2.5042056273222921
1800,0.0122875,34.769303596922072,2.5041663754328671
1800,0.012289062500000001,34.769609686456526,2.5041270945979059
1800,0.012290625000000001,34.769915816392022,2.5040877848004808
1800,0.012292187500000001,34.770221986729247,2.5040484460236576
1800,0.012293750000000001,34.770528197468884,2.5040090782504976
1800,0.012295312500000001,34.770834448611623,2.5039696814640542
1800,0.012296875000000001,34.77114074015816,2.5039302556473753
1800,0.0122984375,34.771447072109176,2.5038908007835028
1800,0.0123,34.771753444465347,2.503851316855473
1800,0.0123015625,34.772059857227362,2.5038118038463151
1800,0.012303125,34.772366310395917,2.5037722617390519
1800,0.012304687500000001,34.772672803971695,2.5037326905167006
1800,0.012306250000000001,34.772979337955384,2.5036930901622712
1800,0.012307812500000001,34.773285912347674,2.5036534606587697
1800,0.012309375000000001,34.773592527149248,2.5036138019891938
1800,0.012310937500000001,34.773899182360786,2.5035741141365362
1800,0.012312500000000001,34.774205877983,2.5035343970837824
1800,0.0123140625,34.774512614016558,2.5034946508139138
1800,0.012315625,34.774819390462142,2.5034548753099033
1800,0.0123171875,34.775126207320433,2.5034150705547189
1800,0.01231875,34.775433064592129,2.5033752365313227
1800,0.012320312500000001,34.775739962277925,2.5033353732226709
1800,0.012321875000000001,34.776046900378503,2.5032954806117127
1800,0.012323437500000001,34.776353878894561,2.5032555586813916
1800,0.012325000000000001,34.776660897826773,2.5032156074146448
1800,0.012326562500000001,34.776967957175835,2.5031756267944023
1800,0.012328125000000001,34.777275056942422,2.5031356168035894
1800,0.0123296875,34.777582197127231,2.5030955774251251
1800,0.01233125,34.777889377730951,2.5030555086419222
1800,0.0123328125,34.778196598754263,2.5030154104368862
1800,0.012334375,34.778503860197866,2.5029752827929181
1800,0.012335937500000001,34.778811162062439,2.5029351256929115
1800,0.012337500000000001,34.779118504348673,2.5028949391197552
1800,0.012339062500000001,34.779425887057258,2.5028547230563309
1800,0.012340625000000001,34.779733310188881,2.5028144774855146
1800,0.012342187500000001,34.780040773744233,2.5027742023901749
1800,0.012343750000000001,34.780348277724009,2.5027338977531759
1800,0.0123453125,34.780655822128892,2.5026935635573748
1800,0.012346875,34.780963406959565,2.5026531997856232
1800,0.0123484375,34.781271032216722,2.5026128064207662
1800,0.01235,34.781578697901054,2.5025723834456426
1800,0.012351562500000001,34.781886404013257,2.5025319308430851
1800,0.012353125000000001,34.78219415055402,2.5024914485959209
1800,0.012354687500000001,34.782501937524025,2.5024509366869707
1800,0.012356250000000001,34.782809764923954,2.5024103950990493
1800,0.012357812500000001,34.783117632754511,2.5023698238149641
1800,0.012359375000000001,34.783425541016378,2.5023292228175174
1800,0.0123609375,34.783733489710244,2.5022885920895059
1800,0.0123625,34.784041478836812,2.5022479316137192
1800,0.0123640625,34.784349508396772,2.5022072413729419
1800,0.012365625,34.784657578390807,2.5021665213499507
1800,0.012367187500000001,34.78496568881959,2.5021257715275178
1800,0.012368750000000001,34.785273839683818,2.5020849918884078
1800,0.012370312500000001,34.785582030984187,2.5020441824153803
1800,0.012371875000000001,34.785890262721402,2.5020033430911881
1800,0.012373437500000001,34.786198534896137,2.5019624738985793
1800,0.012375000000000001,34.786506847509102,2.5019215748202948
1800,0.0123765625,34.786815200560966,2.5018806458390688
1800,0.012378125,34.787123594052424,2.5018396869376311
1800,0.0123796875,34.787432027984167,2.5017986980987041
1800,0.01238125,34.787740502356883,2.5017576793050043
1800,0.012382812500000001,34.788049017171275,2.5017166305392413
1800,0.012384375000000001,34.788357572428026,2.5016755517841198
1800,0.012385937500000001,34.788666168127818,2.5016344430223376
1800,0.012387500000000001,34.788974804271362,2.5015933042365872
1800,0.012389062500000001,34.789283480859339,2.5015521354095545
1800,0.012390625000000001,34.789592197892439,2.501510936523919
1800,0.0123921875,34.789900955371365,2.5014697075623551
1800,0.01239375,34.7902097532968,2.50142844850753
1800,0.0123953125,34.790518591669432,2.5013871593421046
1800,0.012396875,34.790827470489958,2.5013458400487343
1800,0.0123984375,34.791136389759068,2.5013044906100683
1800,0.012400000000000001,34.791445349477442,2.5012631110087504
1800,0.012401562500000001,34.791754349645785,2.501221701227418
1800,0.012403125000000001,34.792063390264794,2.5011802612487024
1800,0.012404687500000001,34.792372471335149,2.5011387910552285
1800,0.012406250000000001,34.792681592857541,2.5010972906296147
1800,0.0124078125,34.792990754832665,2.5010557599544736
1800,0.012409375,34.793299957261219,2.501014199012412
1800,0.0124109375,34.793609200143891,2.5009726077860286
1800,0.0124125,34.793918483481377,2.5009309862579192
1800,0.0124140625,34.794227807274375,2.5008893344106728
1800,0.012415625000000001,34.794537171523572,2.500847652226871
1800,0.012417187500000001,34.794846576229666,2.5008059396890889
1800,0.012418750000000001,34.795156021393339,2.500764196779897
1800,0.012420312500000001,34.795465507015294,2.5007224234818595
1800,0.012421875000000001,34.795775033096213,2.5006806197775342
1800,0.0124234375,34.796084599636806,2.5006387856494725
1800,0.012425,34.79639420663775,2.5005969210802204
1800,0.0124265625,34.796703854099739,2.5005550260523171
1800,0.012428125,34.797013542023478,2.5005131005482961
1800,0.0124296875,34.797323270409649,2.5004711445506844
1800,0.012431250000000001,34.797633039258955,2.5004291580420035
1800,0.012432812500000001,34.797942848572085,2.5003871410047687
1800,0.012434375000000001,34.798252698349728,2.5003450934214886
1800,0.012435937500000001,34.798562588592581,2.5003030152746657
1800,0.012437500000000001,34.798872519301327,2.5002609065467984
1800,0.0124390625,34.799182490476667,2.5002187672203759
1800,0.012440625,34.799492502119293,2.5001765972778838
1800,0.0124421875,34.79980255422992,2.5001343967018008
1800,0.01244375,34.800112646809218,2.5000921654745993
1800,0.0124453125,34.80042277985789,2.5000499035787458
1800,0.012446875000000001,34.800732953376624,2.5000076109967013
1800,0.012448437500000001,34.801043167366117,2.4999652877109195
1800,0.012450000000000001,34.801353421827073,2.4999229337038482
1800,0.012451562500000001,34.801663716760181,2.4998805489579299
1800,0.012453125000000001,34.801974052166138,2.4998381334555999
1800,0.0124546875,34.802284428045631,2.4997956871792892
1800,0.01245625,34.802594844399351,2.4997532101114213
1800,0.0124578125,34.802905301228002,2.4997107022344132
1800,0.012459375,34.803215798532278,2.4996681635306772
1800,0.0124609375,34.803526336312871,2.4996255939826191
1800,0.012462500000000001,34.803836914570489,2.499582993572639
1800,0.012464062500000001,34.804147533305816,2.4995403622831307
1800,0.012465625000000001,34.804458192519547,2.4994977000964811
1800,0.012467187500000001,34.804768892212387,2.4994550069950709
1800,0.012468750000000001,34.805079632385016,2.4994122829612766
1800,0.0124703125,34.805390413038133,2.4993695279774664
1800,0.012471875,34.805701234172432,2.4993267420260041
1800,0.0124734375,34.806012095788617,2.4992839250892467
1800,0.012475,34.806322997887385,2.4992410771495446
1800,0.0124765625,34.806633940469418,2.4991981981892435
1800,0.012478125000000001,34.806944923535418,2.4991552881906824
1800,0.012479687500000001,34.807255947086077,2.4991123471361938
1800,0.012481250000000001,34.807567011122096,2.499069375008105
1800,0.012482812500000001,34.807878115644158,2.499026371788736
1800,0.012484375000000001,34.808189260652966,2.4989833374604014
1800,0.012485937500000001,34.808500446149232,2.4989402720054108
1800,0.0124875,34.808811672133636,2.4988971754060656
1800,0.0124890625,34.809122938606883,2.4988540476446626
1800,0.012490625,34.809434245569669,2.4988108887034928
1800,0.0124921875,34.80974559302269,2.4987676985648415
1800,0.012493750000000001,34.810056980966635,2.4987244772109856
1800,0.012495312500000001,34.810368409402216,2.4986812246241983
1800,0.012496875000000001,34.81067987833012,2.4986379407867454
1800,0.012498437500000001,34.810991387751045,2.4985946256808864
1800,0.012500000000000001,34.811302937665687,2.498551279288876
1800,0.012501562500000001,34.811614528074742,2.498507901592963
1800,0.012503125,34.811926158978906,2.4984644925753892
1800,0.0125046875,34.812237830378884,2.4984210522183901
1800,0.01250625,34.81254954227537,2.4983775805041946
1800,0.0125078125,34.812861294669055,2.498334077415028
1800,0.012509375000000001,34.813173087560635,2.4982905429331081
1800,0.012510937500000001,34.813484920950813,2.498246977040647
1800,0.012512500000000001,34.813796794840286,2.4982033797198504
1800,0.012514062500000001,34.81410870922975,2.4981597509529179
1800,0.012515625000000001,34.814420664119901,2.4981160907220432
1800,0.012517187500000001,34.814732659511435,2.4980723990094136
1800,0.01251875,34.815044695405049,2.4980286757972103
1800,0.0125203125,34.815356771801454,2.4979849210676095
1800,0.012521875,34.815668888701332,2.4979411348027805
1800,0.0125234375,34.815981046105392,2.4978973169848868
1800,0.012525000000000001,34.816293244014318,2.4978534675960864
1800,0.012526562500000001,34.81660548242882,2.4978095866185304
1800,0.012528125000000001,34.816917761349586,2.4977656740343637
1800,0.012529687500000001,34.817230080777328,2.4977217298257255
1800,0.012531250000000001,34.817542440712728,2.4976777539747492
1800,0.012532812500000001,34.817854841156496,2.4976337464635625
1800,0.012534375,34.818167282109322,2.4975897072742868
1800,0.0125359375,34.818479763571908,2.4975456363890376
1800,0.0125375,34.818792285544959,2.497501533789924
1800,0.0125390625,34.819104848029163,2.4974573994590483
1800,0.012540625000000001,34.819417451025238,2.4974132333785084
1800,0.012542187500000001,34.819730094533867,2.4973690355303959
1800,0.012543750000000001,34.820042778555759,2.4973248058967958
1800,0.012545312500000001,34.820355503091612,2.4972805444597865
1800,0.012546875000000001,34.820668268142121,2.497236251201441
1800,0.012548437500000001,34.820981073707991,2.4971919261038269
1800,0.01255,34.821293919789923,2.4971475691490048
1800,0.0125515625,34.821606806388623,2.49710318031903
1800,0.012553125,34.821919733504771,2.4970587595959519
1800,0.0125546875,34.822232701139079,2.4970143069618134
1800,0.012556250000000001,34.822545709292235,2.496969822398651
1800,0.012557812500000001,34.822858757964944,2.4969253058884959
1800,0.012559375000000001,34.823171847157909,2.4968807574133725
1800,0.012560937500000001,34.823484976871825,2.4968361769553011
1800,0.012562500000000001,34.823798147107397,2.4967915644962932
1800,0.012564062500000001,34.824111357865327,2.4967469200183561
1800,0.012565625,34.82442460914632,2.4967022435034907
1800,0.0125671875,34.824737900951064,2.4966575349336919
1800,0.01256875,34.825051233280263,2.4966127942909493
1800,0.0125703125,34.825364606134606,2.4965680215572452
1800,0.012571875000000001,34.825678019514804,2.4965232167145568
1800,0.012573437500000001,34.82599147342156,2.4964783797448544
1800,0.012575000000000001,34.82630496785557,2.4964335106301028
1800,0.012576562500000001,34.826618502817524,2.4963886093522616
1800,0.012578125000000001,34.826932078308133,2.4963436758932831
1800,0.012579687500000001,34.827245694328099,2.4962987102351146
1800,0.01258125,34.827559350878126,2.4962537123596968
1800,0.0125828125,34.827873047958903,2.4962086822489646
1800,0.012584375,34.828186785571127,2.4961636198848463
1800,0.0125859375,34.828500563715508,2.4961185252492659
1800,0.012587500000000001,34.828814382392743,2.4960733983241394
1800,0.012589062500000001,34.829128241603534,2.4960282390913786
1800,0.012590625000000001,34.829442141348594,2.4959830475328872
1800,0.012592187500000001,34.829756081628602,2.4959378236305643
1800,0.012593750000000001,34.830070062444271,2.4958925673663033
1800,0.012595312500000001,34.830384083796311,2.4958472787219916
1800,0.012596875,34.830698145685417,2.4958019576795101
1800,0.0125984375,34.831012248112287,2.495756604220734
1800,0.0126,34.831326391077631,2.4957112183275316
1800,0.0126015625,34.831640574582146,2.495665799981766
1800,0.012603125,34.831954798626533,2.4956203491652942
1800,0.012604687500000001,34.832269063211498,2.4955748658599677
1800,0.012606250000000001,34.832583368337737,2.4955293500476317
1800,0.012607812500000001,34.832897714005952,2.4954838017101251
1800,0.012609375000000001,34.833212100216841,2.4954382208292807
1800,0.012610937500000001,34.833526526971106,2.4953926073869259
1800,0.0126125,34.833840994269451,2.495346961364882
1800,0.0126140625,34.834155502112587,2.4953012827449634
1800,0.012615625,34.834470050501203,2.4952555715089799
1800,0.0126171875,34.834784639436002,2.4952098276387349
1800,0.01261875,34.835099268917695,2.4951640511160256
1800,0.012620312500000001,34.835413938946985,2.495118241922643
1800,0.012621875000000001,34.835728649524562,2.4950724000403728
1800,0.012623437500000001,34.836043400651143,2.495026525450994
1800,0.012625000000000001,34.836358192327424,2.4949806181362808
1800,0.012626562500000001,34.836673024554102,2.4949346780780002
1800,0.012628125,34.836987897331895,2.4948887052579134
1800,0.0126296875,34.837302810661498,2.4948426996577759
1800,0.01263125,34.837617764543616,2.4947966612593371
1800,0.0126328125,34.837932758978944,2.4947505900443412
1800,0.012634375,34.838247793968186,2.4947044859945247
1800,0.012635937500000001,34.838562869512039,2.4946583490916203
1800,0.012637500000000001,34.838877985611219,2.4946121793173535
1800,0.012639062500000001,34.839193142266424,2.494565976653444
1800,0.012640625000000001,34.839508339478357,2.4945197410816058
1800,0.012642187500000001,34.839823577247714,2.4944734725835467
1800,0.01264375,34.840138855575198,2.494427171140968
1800,0.0126453125,34.84045417446152,2.4943808367355662
1800,0.012646875,34.840769533907391,2.4943344693490315
1800,0.0126484375,34.8410849339135,2.4942880689630469
1800,0.01265,34.841400374480564,2.494241635559292
1800,0.012651562500000001,34.84171585560928,2.4941951691194384
1800,0.012653125000000001,34.842031377300351,2.4941486696251527
1800,0.012654687500000001,34.842346939554481,2.4941021370580949
1800,0.012656250000000001,34.842662542372381,2.4940555713999188
1800,0.012657812500000001,34.842978185754745,2.4940089726322729
1800,0.012659375,34.843293869702286,2.4939623407367999
1800,0.0126609375,34.843609594215707,2.4939156756951357
1800,0.0126625,34.843925359295717,2.4938689774889107
1800,0.0126640625,34.844241164943021,2.4938222460997501
1800,0.012665625,34.844557011158315,2.4937754815092728
1800,0.012667187500000001,34.844872897942317,2.4937286836990924
1800,0.012668750000000001,34.845188825295722,2.4936818526508144
1800,0.012670312500000001,34.845504793219234,2.4936349883460407
1800,0.012671875000000001,34.84582080171355,2.4935880907663659
1800,0.012673437500000001,34.846136850779381,2.4935411598933794
1800,0.012675000000000001,34.846452940417429,2.493494195708664
1800,0.0126765625,34.846769070628397,2.4934471981937967
1800,0.012678125,34.847085241412998,2.493400167330349
1800,0.0126796875,34.847401452771933,2.4933531030998868
1800,0.01268125,34.847717704705914,2.4933060054839684
1800,0.012682812500000001,34.848033997215637,2.4932588744641482
1800,0.012684375000000001,34.848350330301813,2.4932117100219733
1800,0.012685937500000001,34.848666703965137,2.4931645121389847
1800,0.012687500000000001,34.848983118206327,2.4931172807967181
1800,0.012689062500000001,34.849299573026087,2.4930700159767034
1800,0.012690625000000001,34.849616068425121,2.4930227176604647
1800,0.0126921875,34.849932604404124,2.4929753858295198
1800,0.01269375,34.850249180963814,2.4929280204653814
1800,0.0126953125,34.850565798104896,2.4928806215495549
1800,0.012696875,34.850882455828057,2.4928331890635409
1800,0.012698437500000001,34.851199154134015,2.4927857229888346
1800,0.012700000000000001,34.851515893023482,2.4927382233069229
1800,0.012701562500000001,34.851832672497167,2.4926906899992889
1800,0.012703125000000001,34.852149492555768,2.4926431230474093
1800,0.012704687500000001,34.852466353200001,2.4925955224327545
1800,0.012706250000000001,34.852783254430555,2.49254788813679
1800,0.0127078125,34.853100196248157,2.4925002201409741
1800,0.012709375,34.853417178653494,2.4924525184267599
1800,0.0127109375,34.853734201647278,2.4924047829755951
1800,0.0127125,34.854051265230211,2.4923570137689208
1800,0.012714062500000001,34.854368369403005,2.4923092107881724
1800,0.012715625000000001,34.854685514166356,2.4922613740147783
1800,0.012717187500000001,34.855002699520973,2.492213503430162
1800,0.012718750000000001,34.855319925467583,2.492165599015741
1800,0.012720312500000001,34.855637192006867,2.4921176607529283
1800,0.012721875000000001,34.855954499139543,2.4920696886231295
1800,0.0127234375,34.856271846866314,2.4920216826077444
1800,0.012725,34.85658923518789,2.4919736426881665
1800,0.0127265625,34.856906664104976,2.491925568845784
1800,0.012728125,34.857224133618281,2.4918774610619798
1800,0.012729687500000001,34.857541643728517,2.4918293193181302
1800,0.012731250000000001,34.857859194436394,2.4917811435956061
1800,0.012732812500000001,34.858176785742614,2.4917329338757717
1800,0.012734375000000001,34.858494417647876,2.4916846901399858
1800,0.012735937500000001,34.858812090152902,2.4916364123696009
1800,0.012737500000000001,34.859129803258384,2.4915881005459646
1800,0.0127390625,34.859447556965037,2.4915397546504172
1800,0.012740625,34.859765351273559,2.4914913746642942
1800,0.0127421875,34.860083186184667,2.4914429605689246
1800,0.01274375,34.860401061699072,2.4913945123456327
1800,0.012745312500000001,34.860718977817477,2.4913460299757357
1800,0.012746875000000001,34.861036934540593,2.4912975134405455
1800,0.012748437500000001,34.86135493186913,2.4912489627213681
1800,0.012750000000000001,34.861672969803791,2.4912003777995042
1800,0.012751562500000001,34.861991048345274,2.4911517586562466
1800,0.012753125000000001,34.862309167494296,2.4911031052728845
1800,0.0127546875,34.862627327251559,2.4910544176306995
1800,0.01275625,34.862945527617782,2.4910056957109696
1800,0.0127578125,34.863263768593661,2.4909569394949647
1800,0.012759375,34.863582050179907,2.4909081489639497
1800,0.012760937500000001,34.863900372377223,2.4908593240991843
1800,0.012762500000000001,34.864218735186334,2.4908104648819211
1800,0.012764062500000001,34.864537138607943,2.4907615712934073
1800,0.012765625000000001,34.864855582642747,2.4907126433148847
1800,0.012767187500000001,34.865174067291463,2.4906636809275886
1800,0.012768750000000001,34.865492592554801,2.4906146841127481
1800,0.0127703125,34.865811158433466,2.490565652851588
1800,0.012771875,34.866129764928175,2.4905165871253265
1800,0.0127734375,34.866448412039638,2.4904674869151755
1800,0.012775,34.866767099768552,2.4904183522023415
1800,0.012776562500000001,34.867085828115627,2.4903691829680246
1800,0.012778125000000001,34.867404597081574,2.4903199791934192
1800,0.012779687500000001,34.86772340666711,2.4902707408597151
1800,0.012781250000000001,34.86804225687294,2.4902214679480954
1800,0.012782812500000001,34.868361147699765,2.4901721604397364
1800,0.012784375000000001,34.868680079148305,2.4901228183158097
1800,0.0127859375,34.868999051219262,2.4900734415574806
1800,0.0127875,34.86931806391334,2.4900240301459089
1800,0.0127890625,34.86963711723125,2.4899745840622485
1800,0.012790625,34.869956211173715,2.4899251032876473
1800,0.012792187500000001,34.87027534574144,2.4898755878032475
1800,0.012793750000000001,34.870594520935128,2.4898260375901855
1800,0.012795312500000001,34.87091373675549,2.4897764526295929
1800,0.012796875000000001,34.871232993203243,2.4897268329025932
1800,0.012798437500000001,34.871552290279084,2.4896771783903056
1800,0.012800000000000001,34.871871627983737,2.4896274890738428
1800,0.0128015625,34.872191006317905,2.4895777649343116
1800,0.012803125,34.872510425282286,2.4895280059528133
1800,0.0128046875,34.872829884877603,2.489478212110444
1800,0.01280625,34.873149385104568,2.4894283833882938
1800,0.0128078125,34.873468925963891,2.4893785197674463
1800,0.012809375000000001,34.873788507456283,2.4893286212289794
1800,0.012810937500000001,34.874108129582453,2.4892786877539654
1800,0.012812500000000001,34.874427792343113,2.4892287193234712
1800,0.012814062500000001,34.874747495738973,2.4891787159185572
1800,0.012815625000000001,34.875067239770729,2.4891286775202786
1800,0.0128171875,34.8753870244391,2.4890786041096842
1800,0.01281875,34.875706849744802,2.4890284956678181
1800,0.0128203125,34.876026715688532,2.4889783521757165
1800,0.012821875,34.876346622271008,2.4889281736144118
1800,0.0128234375,34.876666569492947,2.4888779599649289
1800,0.012825000000000001,34.876986557355053,2.4888277112082888
1800,0.012826562500000001,34.877306585858037,2.4887774273255059
1800,0.012828125000000001,34.877626655002608,2.4887271082975886
1800,0.012829687500000001,34.877946764789485,2.4886767541055397
1800,0.012831250000000001,34.878266915219371,2.4886263647303557
1800,0.0128328125,34.878587106292976,2.4885759401530274
1800,0.012834375,34.878907338011025,2.4885254803545402
1800,0.0128359375,34.879227610374222,2.4884749853158743
1800,0.0128375,34.879547923383278,2.488424455018003
1800,0.0128390625,34.879868277038895,2.4883738894418945
1800,0.012840625000000001,34.880188671341791,2.4883232885685107
1800,0.012842187500000001,34.880509106292678,2.4882726523788081
1800,0.012843750000000001,34.880829581892279,2.4882219808537376
1800,0.012845312500000001,34.881150098141291,2.4881712739742436
1800,0.012846875000000001,34.881470655040431,2.4881205317212656
1800,0.0128484375,34.881791252590411,2.4880697540757364
1800,0.01285,34.882111890791926,2.4880189410185838
1800,0.0128515625,34.882432569645708,2.4879680925307301
1800,0.012853125,34.882753289152461,2.4879172085930898
1800,0.0128546875,34.883074049312903,2.4878662891865742
1800,0.012856250000000001,34.883394850127729,2.4878153342920868
1800,0.012857812500000001,34.883715691597658,2.4877643438905266
1800,0.012859375000000001,34.884036573723407,2.4877133179627871
1800,0.012860937500000001,34.884357496505693,2.4876622564897546
1800,0.012862500000000001,34.884678459945221,2.4876111594523098
1800,0.0128640625,34.8849994640427,2.4875600268313298
1800,0.012865625,34.885320508798834,2.4875088586076837
1800,0.0128671875,34.885641594214356,2.4874576547622356
1800,0.01286875,34.885962720289967,2.4874064152758435
1800,0.0128703125,34.88628388702638,2.487355140129361
1800,0.012871875000000001,34.886605094424311,2.4873038293036336
1800,0.012873437500000001,34.886926342484465,2.4872524827795033
1800,0.012875000000000001,34.887247631207558,2.4872011005378045
1800,0.012876562500000001,34.887568960594301,2.4871496825593673
1800,0.012878125000000001,34.887890330645405,2.4870982288250163
1800,0.012879687500000001,34.888211741361587,2.4870467393155682
1800,0.01288125,34.888533192743566,2.4869952140118357
1800,0.0128828125,34.888854684792044,2.4869436528946256
1800,0.012884375,34.889176217507739,2.4868920559447387
1800,0.0128859375,34.889497790891362,2.4868404231429699
1800,0.012887500000000001,34.88981940494363,2.4867887544701093
1800,0.012889062500000001,34.890141059665254,2.4867370499069397
1800,0.012890625000000001,34.890462755056944,2.4866853094342392
1800,0.012892187500000001,34.890784491119412,2.4866335330327796
1800,0.012893750000000001,34.891106267853367,2.4865817206833278
1800,0.012895312500000001,34.891428085259527,2.4865298723666442
1800,0.012896875,34.891749943338596,2.4864779880634837
1800,0.0128984375,34.892071842091305,2.4864260677545955
1800,0.0129,34.892393781518358,2.486374111420723
1800,0.0129015625,34.892715761620472,2.4863221190426033
1800,0.012903125000000001,34.893037782398352,2.4862700906009687
1800,0.012904687500000001,34.893359843852714,2.4862180260765459
1800,0.012906250000000001,34.893681945984262,2.486165925450055
1800,0.012907812500000001,34.894004088793729,2.486113788702212
1800,0.012909375000000001,34.89432627228183,2.4860616158137256
1800,0.012910937500000001,34.894648496449278,2.4860094067652994
1800,0.0129125,34.894970761296783,2.4859571615376308
1800,0.0129140625,34.895293066825054,2.4859048801114114
1800,0.012915625,34.895615413034797,2.4858525624673278
1800,0.0129171875,34.895937799926742,2.4858002085860611
1800,0.012918750000000001,34.896260227501585,2.4857478184482864
1800,0.012920312500000001,34.89658269576006,2.4856953920346716
1800,0.012921875000000001,34.896905204702868,2.4856429293258806
1800,0.012923437500000001,34.897227754330721,2.4855904303025711
1800,0.012925000000000001,34.897550344644351,2.4855378949453959
1800,0.012926562500000001,34.897872975644468,2.4854853232350007
1800,0.012928125,34.898195647331782,2.4854327151520255
1800,0.0129296875,34.898518359707005,2.4853800706771065
1800,0.01293125,34.898841112770853,2.4853273897908728
1800,0.0129328125,34.899163906524038,2.4852746724739476
1800,0.012934375000000001,34.899486740967269,2.4852219187069493
1800,0.012935937500000001,34.899809616101265,2.4851691284704898
1800,0.012937500000000001,34.900132531926751,2.4851163017451761
1800,0.012939062500000001,34.900455488444429,2.485063438511609
1800,0.012940625000000001,34.900778485655017,2.4850105387503829
1800,0.012942187500000001,34.901101523559234,2.4849576024420874
1800,0.01294375,34.901424602157782,2.4849046295673065
1800,0.0129453125,34.901747721451379,2.4848516201066189
1800,0.012946875,34.90207088144075,2.4847985740405969
1800,0.0129484375,34.902394082126605,2.4847454913498068
1800,0.012950000000000001,34.902717323509663,2.4846923720148104
1800,0.012951562500000001,34.903040605590625,2.4846392160161619
1800,0.012953125000000001,34.903363928370219,2.4845860233344115
1800,0.012954687500000001,34.903687291849153,2.4845327939501032
1800,0.012956250000000001,34.904010696028138,2.4844795278437761
1800,0.012957812500000001,34.904334140907899,2.4844262249959623
1800,0.012959375,34.904657626489161,2.4843728853871889
1800,0.0129609375,34.904981152772621,2.4843195089979782
1800,0.0129625,34.905304719758995,2.4842660958088447
1800,0.0129640625,34.905628327449008,2.4842126458002989
1800,0.012965625000000001,34.905951975843379,2.4841591589528456
1800,0.012967187500000001,34.906275664942818,2.4841056352469839
1800,0.012968750000000001,34.906599394748035,2.4840520746632055
1800,0.012970312500000001,34.906923165259755,2.483998477181999
1800,0.012971875000000001,34.907246976478689,2.4839448427838455
1800,0.012973437500000001,34.907570828405547,2.4838911714492218
1800,0.012975,34.907894721041046,2.483837463158598
1800,0.0129765625,34.908218654385905,2.4837837178924391
1800,0.012978125,34.908542628440834,2.4837299356312044
1800,0.0129796875,34.908866643206558,2.4836761163553476
1800,0.012981250000000001,34.909190698683794,2.4836222600453173
1800,0.012982812500000001,34.90951479487326,2.4835683666815549
1800,0.012984375000000001,34.909838931775667,2.4835144362444974
1800,0.012985937500000001,34.910163109391732,2.4834604687145756
1800,0.012987500000000001,34.910487327722159,2.4834064640722144
1800,0.012989062500000001,34.910811586767672,2.4833524222978345
1800,0.012990625,34.911135886528989,2.4832983433718496
1800,0.0129921875,34.911460227006835,2.4832442272746675
1800,0.01299375,34.911784608201913,2.4831900739866923
1800,0.0129953125,34.912109030114948,2.4831358834883202
1800,0.012996875000000001,34.912433492746644,2.4830816557599436
1800,0.012998437500000001,34.912757996097724,2.4830273907819485
1800,0.013000000000000001,34.913082540168915,2.482973088534715
1800,0.013001562500000001,34.913407124960919,2.4829187489986175
1800,0.013003125000000001,34.913731750474462,2.482864372154026
1800,0.013004687500000001,34.914056416710253,2.4828099579813032
1800,0.01300625,34.914381123669003,2.4827555064608084
1800,0.0130078125,34.914705871351444,2.4827010175728934
1800,0.013009375,34.915030659758294,2.4826464912979049
1800,0.0130109375,34.915355488890263,2.4825919276161836
1800,0.0130125,34.915680358748062,2.4825373265080648
1800,0.013014062500000001,34.916005269332416,2.4824826879538788
1800,0.013015625000000001,34.916330220644042,2.4824280119339495
1800,0.013017187500000001,34.916655212683658,2.4823732984285951
1800,0.013018750000000001,34.916980245451974,2.4823185474181302
1800,0.013020312500000001,34.917305318949715,2.4822637588828615
1800,0.013021875,34.917630433177592,2.4822089328030912
1800,0.0130234375,34.91795558813633,2.4821540691591153
1800,0.013025,34.918280783826646,2.4820991679312248
1800,0.0130265625,34.918606020249264,2.4820442290997038
1800,0.013028125,34.918931297404889,2.4819892526448322
1800,0.013029687500000001,34.919256615294245,2.4819342385468839
1800,0.013031250000000001,34.919581973918042,2.4818791867861276
1800,0.013032812500000001,34.919907373276999,2.4818240973428263
1800,0.013034375000000001,34.92023281337184,2.4817689701972374
1800,0.013035937500000001,34.920558294203268,2.4817138053296128
1800,0.0130375,34.920883815772008,2.4816586027201972
1800,0.0130390625,34.921209378078785,2.4816033623492313
1800,0.013040625,34.921534981124303,2.4815480841969504
1800,0.0130421875,34.921860624909293,2.4814927682435837
1800,0.01304375,34.922186309434466,2.481437414469355
1800,0.013045312500000001,34.922512034700546,2.4813820228544818
1800,0.013046875000000001,34.922837800708244,2.4813265933791775
1800,0.013048437500000001,34.923163607458271,2.4812711260236493
1800,0.013050000000000001,34.923489454951358,2.481215620768098
1800,0.013051562500000001,34.923815343188224,2.4811600775927203
1800,0.013053125,34.924141272169585,2.4811044964777058
1800,0.0130546875,34.92446724189616,2.4810488774032398
1800,0.01305625,34.924793252368659,2.4809932203495011
1800,0.0130578125,34.925119303587806,2.480937525296663
1800,0.013059375,34.925445395554313,2.4808817922248938
1800,0.013060937500000001,34.925771528268903,2.4808260211143569
1800,0.013062500000000001,34.926097701732296,2.4807702119452086
1800,0.013064062500000001,34.926423915945215,2.4807143646976009
1800,0.013065625000000001,34.92675017090837,2.4806584793516788
1800,0.013067187500000001,34.927076466622481,2.4806025558875828
1800,0.013068750000000001,34.92740280308827,2.4805465942854479
1800,0.0130703125,34.927729180306457,2.4804905945254037
1800,0.013071875,34.928055598277751,2.4804345565875745
1800,0.0130734375,34.928382057002878,2.4803784804520781
1800,0.013075,34.928708556482555,2.4803223660990277
1800,0.013076562500000001,34.929035096717499,2.4802662135085303
1800,0.013078125000000001,34.929361677708428,2.4802100226606867
1800,0.013079687500000001,34.929688299456068,2.4801537935355937
1800,0.013081250000000001,34.930014961961135,2.480097526113342
1800,0.013082812500000001,34.93034166522434,2.4800412203740168
1800,0.013084375000000001,34.930668409246408,2.479984876297697
1800,0.0130859375,34.930995194028057,2.4799284938644561
1800,0.0130875,34.931322019569997,2.4798720730543637
1800,0.0130890625,34.93164888587296,2.4798156138474829
1800,0.013090625,34.931975792937664,2.4797591162238706
1800,0.013092187500000001,34.932302740764833,2.4797025801635781
1800,0.013093750000000001,34.932629729355178,2.4796460056466518
1800,0.013095312500000001,34.932956758709416,2.4795893926531334
1800,0.013096875000000001,34.933283828828273,2.4795327411630583
1800,0.013098437500000001,34.933610939712466,2.4794760511564569
1800,0.013100000000000001,34.93393809136272,2.4794193226133525
1800,0.0131015625,34.934265283779752,2.4793625555137644
1800,0.013103125,34.93459251696428,2.4793057498377062
1800,0.0131046875,34.934919790917021,2.4792489055651847
1800,0.01310625,34.935247105638695,2.479192022676203
1800,0.013107812500000001,34.93557446113001,2.4791351011507587
1800,0.013109375000000001,34.935901857391691,2.4790781409688423
1800,0.013110937500000001,34.936229294424471,2.4790211421104398
1800,0.013112500000000001,34.936556772229061,2.4789641045555322
1800,0.013114062500000001,34.936884290806177,2.4789070282840946
1800,0.013115625000000001,34.937211850156537,2.4788499132760964
1800,0.0131171875,34.937539450280859,2.4787927595115007
1800,0.01311875,34.937867091179868,2.4787355669702666
1800,0.0131203125,34.938194772854281,2.4786783356323481
1800,0.013121875,34.938522495304824,2.4786210654776921
1800,0.013123437500000001,34.938850258532206,2.4785637564862393
1800,0.013125000000000001,34.93917806253716,2.4785064086379278
1800,0.013126562500000001,34.93950590732041,2.4784490219126876
1800,0.013128125000000001,34.939833792882659,2.4783915962904448
1800,0.013129687500000001,34.940161719224633,2.4783341317511187
1800,0.013131250000000001,34.940489686347064,2.4782766282746258
1800,0.0131328125,34.940817694250654,2.4782190858408741
1800,0.013134375,34.941145742936136,2.4781615044297678
1800,0.0131359375,34.941473832404228,2.4781038840212046
1800,0.0131375,34.941801962655646,2.4780462245950785
1800,0.013139062500000001,34.942130133691116,2.4779885261312766
1800,0.013140625000000001,34.942458345511362,2.4779307886096809
1800,0.013142187500000001,34.942786598117102,2.4778730120101673
1800,0.013143750000000001,34.943114891509062,2.4778151963126076
1800,0.013145312500000001,34.943443225687957,2.4777573414968668
1800,0.013146875000000001,34.943771600654493,2.4776994475428054
1800,0.0131484375,34.944100016409401,2.4776415144302777
1800,0.01315,34.944428472953398,2.4775835421391328
1800,0.0131515625,34.944756970287209,2.4775255306492148
1800,0.013153125,34.945085508411552,2.477467479940362
1800,0.013154687500000001,34.945414087327144,2.4774093899924075
1800,0.013156250000000001,34.945742707034718,2.4773512607851798
1800,0.013157812500000001,34.946071367534991,2.4772930922984995
1800,0.013159375000000001,34.94640006882868,2.4772348845121832
1800,0.013160937500000001,34.946728810916504,2.4771766374060427
1800,0.013162500000000001,34.947057593799187,2.4771183509598833
1800,0.0131640625,34.947386417477453,2.4770600251535058
1800,0.013165625,34.947715281952014,2.4770016599667048
1800,0.0131671875,34.948044187223594,2.4769432553792705
1800,0.01316875,34.948373133292925,2.4768848113709869
1800,0.013170312500000001,34.948702120160711,2.476826327921632
1800,0.013171875000000001,34.949031147827689,2.4767678050109789
1800,0.013173437500000001,34.949360216294586,2.4767092426187958
1800,0.013175000000000001,34.949689325562112,2.4766506407248454
1800,0.013176562500000001,34.950018475630991,2.4765919993088845
1800,0.013178125000000001,34.950347666501941,2.4765333183506653
1800,0.0131796875,34.950676898175679,2.4764745978299336
1800,0.01318125,34.951006170652938,2.4764158377264298
1800,0.0131828125,34.951335483934429,2.47635703801989
1800,0.013184375,34.951664838020875,2.4762981986900439
1800,0.013185937500000001,34.951994232912995,2.4762393197166159
1800,0.013187500000000001,34.952323668611513,2.4761804010793256
1800,0.013189062500000001,34.952653145117154,2.4761214427578868
1800,0.013190625000000001,34.952982662430642,2.4760624447320074
1800,0.013192187500000001,34.953312220552696,2.4760034069813908
1800,0.013193750000000001,34.953641819484027,2.4759443294857353
1800,0.0131953125,34.953971459225365,2.4758852122247319
1800,0.013196875,34.954301139777435,2.4758260551780684
1800,0.0131984375,34.954630861140949,2.4757668583254264
1800,0.0132,34.954960623316644,2.4757076216464817
1800,0.013201562500000001,34.955290426305233,2.4756483451209057
1800,0.013203125000000001,34.955620270107438,2.4755890287283635
1800,0.013204687500000001,34.955950154723979,2.4755296724485145
1800,0.013206250000000001,34.956280080155572,2.4754702762610137
1800,0.013207812500000001,34.956610046402957,2.4754108401455106
1800,0.013209375000000001,34.956940053466852,2.4753513640816496
1800,0.0132109375,34.957270101347973,2.4752918480490687
1800,0.0132125,34.957600190047032,2.4752322920274001
1800,0.0132140625,34.957930319564767,2.4751726959962719
1800,0.013215625,34.958260489901889,2.4751130599353064
1800,0.0132171875,34.95859070105913,2.4750533838241213
1800,0.013218750000000001,34.9589209530372,2.474993667642329
1800,0.013220312500000001,34.959251245836832,2.4749339113695354
1800,0.013221875000000001,34.959581579458735,2.474874114985341
1800,0.013223437500000001,34.959911953903649,2.4748142784693417
1800,0.013225000000000001,34.960242369172285,2.4747544018011278
1800,0.0132265625,34.960572825265373,2.4746944849602843
1800,0.013228125,34.960903322183626,2.4746345279263906
1800,0.0132296875,34.961233859927773,2.4745745306790212
1800,0.01323125,34.961564438498534,2.4745144931977454
1800,0.0132328125,34.961895057896619,2.4744544154621271
1800,0.013234375000000001,34.962225718122767,2.4743942974517235
1800,0.013235937500000001,34.962556419177695,2.4743341391460882
1800,0.013237500000000001,34.962887161062113,2.4742739405247689
1800,0.013239062500000001,34.963217943776755,2.474213701567308
1800,0.013240625000000001,34.963548767322344,2.4741534222532415
1800,0.0132421875,34.963879631699598,2.4740931025621018
1800,0.01324375,34.964210536909235,2.4740327424734154
1800,0.0132453125,34.964541482951994,2.4739723419667032
1800,0.013246875,34.964872469828585,2.4739119010214812
1800,0.0132484375,34.965203497539754,2.4738514196172594
1800,0.013250000000000001,34.965534566086205,2.4737908977335428
1800,0.013251562500000001,34.965865675468663,2.4737303353498317
1800,0.013253125000000001,34.966196825687845,2.4736697324456198
1800,0.013254687500000001,34.966528016744483,2.4736090890003966
1800,0.013256250000000001,34.966859248639295,2.4735484049936463
1800,0.0132578125,34.967190521372999,2.4734876804048476
1800,0.013259375,34.967521834946311,2.4734269152134734
1800,0.0132609375,34.967853189359971,2.4733661093989916
1800,0.0132625,34.968184584614697,2.4733052629408645
1800,0.0132640625,34.968516020711206,2.4732443758185494
1800,0.013265625000000001,34.968847497650231,2.4731834480114987
1800,0.013267187500000001,34.969179015432488,2.4731224794991591
1800,0.013268750000000001,34.969510574058702,2.4730614702609728
1800,0.013270312500000001,34.969842173529607,2.4730004202763753
1800,0.013271875000000001,34.970173813845918,2.4729393295247979
1800,0.013273437500000001,34.970505495008354,2.4728781979856658
1800,0.013275,34.970837217017646,2.472817025638399
1800,0.0132765625,34.97116897987452,2.4727558124624132
1800,0.013278125,34.971500783579685,2.4726945584371185
1800,0.0132796875,34.971832628133875,2.4726332635419199
1800,0.013281250000000001,34.972164513537813,2.4725719277562161
1800,0.013282812500000001,34.972496439792216,2.472510551059401
1800,0.013284375000000001,34.972828406897811,2.4724491334308629
1800,0.013285937500000001,34.973160414855322,2.4723876748499856
1800,0.013287500000000001,34.973492463665472,2.4723261752961476
1800,0.013289062500000001,34.973824553328988,2.4722646347487216
1800,0.013290625,34.974156683846587,2.4722030531870751
1800,0.0132921875,34.974488855218993,2.4721414305905696
1800,0.01329375,34.974821067446939,2.4720797669385632
1800,0.0132953125,34.975153320531135,2.4720180622104087
1800,0.013296875000000001,34.975485614472312,2.4719563163854525
1800,0.013298437500000001,34.975817949271189,2.471894529443035
1800,0.013300000000000001,34.97615032492849,2.4718327013624926
1800,0.013301562500000001,34.976482741444933,2.4717708321231568
1800,0.013303125000000001,34.976815198821249,2.4717089217043524
1800,0.013304687500000001,34.977147697058172,2.4716469700854007
1800,0.01330625,34.977480236156417,2.4715849772456169
1800,0.0133078125,34.97781281611671,2.4715229431643104
1800,0.013309375,34.978145436939769,2.4714608678207872
1800,0.0133109375,34.978478098626319,2.471398751194346
1800,0.013312500000000001,34.97881080117709,2.4713365932642812
1800,0.013314062500000001,34.979143544592802,2.4712743940098814
1800,0.013315625000000001,34.979476328874185,2.4712121534104305
1800,0.013317187500000001,34.979809154021957,2.4711498714452071
1800,0.013318750000000001,34.980142020036851,2.4710875480934855
1800,0.013320312500000001,34.980474926919584,2.4710251833345334
1800,0.013321875,34.98080787467088,2.4709627771476139
1800,0.0133234375,34.981140863291472,2.4709003295119847
1800,0.013325,34.981473892782077,2.4708378404068991
1800,0.0133265625,34.981806963143413,2.4707753098116036
1800,0.013328125000000001,34.982140074376204,2.4707127377053411
1800,0.013329687500000001,34.982473226481176,2.4706501240673484
1800,0.013331250000000001,34.982806419459052,2.470587468876857
1800,0.013332812500000001,34.983139653310559,2.4705247721130923
1800,0.013334375000000001,34.98347292803642,2.4704620337552767
1800,0.013335937500000001,34.983806243637353,2.470399253782626
1800,0.0133375,34.984139600114091,2.4703364321743515
1800,0.0133390625,34.984472997467364,2.4702735689096595
1800,0.013340625,34.984806435697891,2.4702106639677499
1800,0.0133421875,34.985139914806389,2.4701477173278188
1800,0.013343750000000001,34.985473434793583,2.4700847289690557
1800,0.013345312500000001,34.985806995660205,2.4700216988706454
1800,0.013346875000000001,34.986140597406987,2.4699586270117684
1800,0.013348437500000001,34.986474240034646,2.4698955133715987
1800,0.013350000000000001,34.986807923543907,2.4698323579293073
1800,0.013351562500000001,34.987141647935488,2.4697691606640584
1800,0.013353125,34.98747541321012,2.4697059215550099
1800,0.0133546875,34.987809219368536,2.4696426405813168
1800,0.01335625,34.988143066411446,2.4695793177221272
1800,0.0133578125,34.988476954339582,2.469515952956586
1800,0.013359375000000001,34.988810883153668,2.469452546263831
1800,0.013360937500000001,34.98914485285443,2.4693890976229955
1800,0.013362500000000001,34.989478863442592,2.4693256070132077
1800,0.013364062500000001,34.989812914918879,2.4692620744135905
1800,0.013365625000000001,34.990147007284008,2.4691984998032628
1800,0.013367187500000001,34.990481140538712,2.4691348831613364
1800,0.01336875,34.990815314683708,2.4690712244669193
1800,0.0133703125,34.991149529719728,2.4690075236991138
1800,0.013371875,34.991483785647496,2.4689437808370163
1800,0.0133734375,34.991818082467738,2.4688799958597203
1800,0.013375000000000001,34.992152420181178,2.4688161687463124
1800,0.013376562500000001,34.992486798788541,2.4687522994758746
1800,0.013378125000000001,34.992821218290544,2.4686883880274832
1800,0.013379687500000001,34.99315567868792,2.4686244343802097
1800,0.013381250000000001,34.993490179981379,2.4685604385131223
1800,0.013382812500000001,34.993824722171659,2.4684964004052814
1800,0.013384375,34.994159305259501,2.4684323200357436
1800,0.0133859375,34.994493929245607,2.4683681973835605
1800,0.0133875,34.994828594130709,2.4683040324277767
1800,0.0133890625,34.995163299915525,2.4682398251474336
1800,0.013390625000000001,34.995498046600787,2.4681755755215673
1800,0.013392187500000001,34.995832834187226,2.4681112835292085
1800,0.013393750000000001,34.996167662675568,2.4680469491493833
1800,0.013395312500000001,34.996502532066529,2.4679825723611115
1800,0.013396875000000001,34.996837442360842,2.4679181531434091
1800,0.013398437500000001,34.997172393559225,2.4678536914752862
1800,0.0134,34.997507385662409,2.467789187335748
1800,0.0134015625,34.997842418671127,2.4677246407037936
1800,0.013403125,34.998177492586095,2.4676600515584193
1800,0.0134046875,34.998512607408031,2.4675954198786143
1800,0.013406250000000001,34.998847763137668,2.4675307456433635
1800,0.013407812500000001,34.999182959775737,2.4674660288316463
1800,0.013409375000000001,34.999518197322963,2.467401269422437
1800,0.013410937500000001,34.999853475780064,2.4673364673947056
1800,0.013412500000000001,35.000188795147764,2.4672716227274165
1800,0.013414062500000001,35.000524155426781,2.4672067353995293
1800,0.013415625,35.000859556617854,2.4671418053899981
1800,0.0134171875,35.001194998721701,2.4670768326777726
1800,0.01341875,35.001530481739039,2.4670118172417967
1800,0.0134203125,35.001866005670607,2.4669467590610088
1800,0.013421875,35.002201570517137,2.4668816581143438
1800,0.013423437500000001,35.002537176279347,2.4668165143807301
1800,0.013425000000000001,35.002872822957961,2.4667513278390918
1800,0.013426562500000001,35.003208510553691,2.4666860984683474
1800,0.013428125000000001,35.003544239067281,2.4666208262474112
1800,0.013429687500000001,35.003880008499443,2.466555511155192
1800,0.01343125,35.004215818850916,2.4664901531705934
1800,0.0134328125,35.004551670122424,2.4664247522725136
1800,0.013434375,35.004887562314686,2.4663593084398459
1800,0.0134359375,35.005223495428424,2.4662938216514796
1800,0.0134375,35.005559469464366,2.4662282918862988
1800,0.013439062500000001,35.005895484423249,2.4661627191231812
1800,0.013440625000000001,35.006231540305791,2.4660971033409997
1800,0.013442187500000001,35.006567637112717,2.4660314445186233
1800,0.013443750000000001,35.006903774844751,2.4659657426349151
1800,0.013445312500000001,35.007239953502626,2.4658999976687332
1800,0.013446875,35.007576173087067,2.4658342095989312
1800,0.0134484375,35.007912433598797,2.4657683784043574
1800,0.01345,35.008248735038542,2.4657025040638541
1800,0.0134515625,35.008585077407027,2.4656365865562599
1800,0.013453125,35.008921460704975,2.465570625860408
1800,0.013454687500000001,35.009257884933113,2.4655046219551267
1800,0.013456250000000001,35.009594350092165,2.4654385748192387
1800,0.013457812500000001,35.009930856182862,2.4653724844315632
1800,0.013459375000000001,35.01026740320593,2.4653063507709123
1800,0.013460937500000001,35.0106039911621,2.4652401738160945
1800,0.013462500000000001,35.010940620052097,2.4651739535459121
1800,0.0134640625,35.011277289876638,2.4651076899391637
1800,0.013465625,35.011614000636463,2.4650413829746425
1800,0.0134671875,35.011950752332289,2.4649750326311364
1800,0.01346875,35.012287544964835,2.4649086388874291
1800,0.013470312500000001,35.012624378534831,2.4648422017222984
1800,0.013471875000000001,35.012961253043009,2.4647757211145183
1800,0.013473437500000001,35.013298168490088,2.4647091970428554
1800,0.013475000000000001,35.013635124876799,2.464642629486073
1800,0.013476562500000001,35.013972122203874,2.4645760184229299
1800,0.013478125000000001,35.014309160472031,2.4645093638321787
1800,0.0134796875,35.014646239682008,2.4644426656925673
1800,0.01348125,35.014983359834524,2.4643759239828396
1800,0.0134828125,35.015320520930295,2.4643091386817333
1800,0.013484375,35.015657722970062,2.464242309767982
1800,0.013485937500000001,35.01599496595454,2.4641754372203142
1800,0.013487500000000001,35.016332249884464,2.4641085210174531
1800,0.013489062500000001,35.016669574760549,2.4640415611381181
1800,0.013490625000000001,35.017006940583535,2.4639745575610217
1800,0.013492187500000001,35.017344347354133,2.463907510264872
1800,0.013493750000000001,35.017681795073067,2.4638404192283727
1800,0.0134953125,35.018019283741083,2.4637732844302223
1800,0.013496875,35.018356813358899,2.4637061058491136
1800,0.0134984375,35.018694383927233,2.4636388834637359
1800,0.0135,35.019031995446817,2.4635716172527733
1800,0.013501562500000001,35.019369647918367,2.4635043071949045
1800,0.013503125000000001,35.01970734134261,2.4634369532688027
1800,0.013504687500000001,35.020045075720276,2.4633695554531365
1800,0.013506250000000001,35.020382851052098,2.4633021137265709
1800,0.013507812500000001,35.020720667338793,2.4632346280677648
1800,0.013509375000000001,35.0210585245811,2.4631670984553722
1800,0.0135109375,35.021396422779738,2.4630995248680416
1800,0.0135125,35.021734361935437,2.4630319072844169
1800,0.0135140625,35.022072342048929,2.4629642456831387
1800,0.013515625,35.02241036312094,2.4628965400428404
1800,0.013517187500000001,35.022748425152187,2.4628287903421517
1800,0.013518750000000001,35.023086528143402,2.4627609965596964
1800,0.013520312500000001,35.023424672095317,2.462693158674095
1800,0.013521875000000001,35.023762857008649,2.4626252766639616
1800,0.013523437500000001,35.024101082884137,2.4625573505079066
1800,0.013525000000000001,35.024439349722499,2.4624893801845338
1800,0.0135265625,35.02477765752446,2.462421365672443
1800,0.013528125,35.025116006290745,2.4623533069502304
1800,0.0135296875,35.025454396022077,2.4622852039964855
1800,0.01353125,35.025792826719197,2.4622170567897941
1800,0.013532812500000001,35.026131298382829,2.4621488653087362
1800,0.013534375000000001,35.026469811013691,2.4620806295318869
1800,0.013535937500000001,35.026808364612513,2.4620123494378179
1800,0.013537500000000001,35.027146959180023,2.4619440250050943
1800,0.013539062500000001,35.02748559471695,2.4618756562122766
1800,0.013540625000000001,35.02782427122402,2.4618072430379203
1800,0.0135421875,35.028162988701958,2.461738785460577
1800,0.01354375,35.028501747151488,2.4616702834587927
1800,0.0135453125,35.028840546573328,2.4616017370111081
1800,0.013546875,35.02917938696821,2.4615331460960603
1800,0.013548437500000001,35.029518268336865,2.4614645106921804
1800,0.013550000000000001,35.029857190680019,2.4613958307779962
1800,0.013551562500000001,35.030196153998403,2.4613271063320279
1800,0.013553125000000001,35.030535158292743,2.4612583373327936
1800,0.013554687500000001,35.030874203563769,2.4611895237588057
1800,0.013556250000000001,35.031213289812207,2.4611206655885707
1800,0.0135578125,35.031552417038789,2.4610517628005915
1800,0.013559375,35.031891585244225,2.4609828153733653
1800,0.0135609375,35.03223079442926,2.4609138232853844
1800,0.0135625,35.032570044594621,2.4608447865151373
1800,0.013564062500000001,35.032909335741031,2.4607757050411063
1800,0.013565625000000001,35.033248667869202,2.4607065788417701
1800,0.013567187500000001,35.033588040979872,2.460637407895601
1800,0.013568750000000001,35.033927455073773,2.4605681921810678
1800,0.013570312500000001,35.034266910151622,2.4604989316766344
1800,0.013571875000000001,35.034606406214152,2.4604296263607597
1800,0.0135734375,35.03494594326208,2.4603602762118979
1800,0.013575,35.035285521296132,2.4602908812084983
1800,0.0135765625,35.035625140317045,2.4602214413290056
1800,0.013578125,35.035964800325537,2.4601519565518584
1800,0.013579687500000001,35.036304501322341,2.4600824268554908
1800,0.013581250000000001,35.036644243308182,2.460012852218334
1800,0.013582812500000001,35.036984026283783,2.4599432326188118
1800,0.013584375000000001,35.037323850249877,2.459873568035345
1800,0.013585937500000001,35.037663715207195,2.4598038584463495
1800,0.013587500000000001,35.038003621156456,2.4597341038302352
1800,0.0135890625,35.038343568098391,2.4596643041654076
1800,0.013590625,35.038683556033725,2.4595944594302681
1800,0.0135921875,35.039023584963189,2.4595245696032131
1800,0.01359375,35.039363654887502,2.459454634662634
1800,0.013595312500000001,35.03970376580741,2.4593846545869171
1800,0.013596875000000001,35.040043917723622,2.4593146293544446
1800,0.013598437500000001,35.040384110636879,2.4592445589435932
1800,0.013600000000000001,35.040724344547897,2.4591744433327354
1800,0.013601562500000001,35.041064619457408,2.4591042825002387
1800,0.013603125000000001,35.041404935366153,2.4590340764244658
1800,0.0136046875,35.04174529227484,2.4589638250837744
1800,0.01360625,35.042085690184209,2.4588935284565174
1800,0.0136078125,35.042426129094977,2.4588231865210433
1800,0.013609375,35.042766609007884,2.4587527992556955
1800,0.013610937500000002,35.043107129923641,2.4586823666388131
1800,0.013612500000000001,35.043447691842978,2.45861188864873
1800,0.013614062500000001,35.043788294766628,2.4585413652637751
1800,0.013615625000000001,35.044128938695316,2.4584707964622736
1800,0.013617187500000001,35.044469623629773,2.4584001822225452
1800,0.013618750000000001,35.04481034957071,2.4583295225229054
1800,0.0136203125,35.04515111651888,2.4582588173416635
1800,0.013621875,35.045491924475002,2.4581880666571259
1800,0.0136234375,35.045832773439798,2.4581172704475924
1800,0.013625,35.046173663413981,2.4580464286913597
1800,0.0136265625,35.046514594398296,2.4579755413667193
1800,0.013628125000000001,35.046855566393468,2.4579046084519569
1800,0.013629687500000001,35.047196579400214,2.4578336299253549
1800,0.013631250000000001,35.04753763341926,2.4577626057651902
1800,0.013632812500000001,35.047878728451337,2.4576915359497353
1800,0.013634375000000001,35.048219864497177,2.4576204204572578
1800,0.0136359375,35.048561041557512,2.4575492592660204
1800,0.0136375,35.048902259633053,2.4574780523542814
1800,0.0136390625,35.049243518724531,2.4574067997002933
1800,0.013640625,35.04958481883267,2.4573355012823059
1800,0.0136421875,35.049926159958211,2.4572641570785638
1800,0.013643750000000001,35.050267542101871,2.4571927670673062
1800,0.013645312500000001,35.050608965264381,2.4571213312267668
1800,0.013646875000000001,35.050950429446466,2.457049849535176
1800,0.013648437500000001,35.051291934648852,2.4569783219707588
1800,0.013650000000000001,35.051633480872269,2.4569067485117357
1800,0.013651562500000001,35.05197506811745,2.4568351291363224
1800,0.013653125,35.05231669638512,2.4567634638227291
1800,0.0136546875,35.05265836567601,2.4566917525491636
1800,0.01365625,35.053000075990838,2.4566199952938264
1800,0.0136578125,35.053341827330335,2.4565481920349148
1800,0.013659375000000001,35.053683619695228,2.4564763427506224
1800,0.013660937500000001,35.054025453086247,2.4564044474191351
1800,0.013662500000000001,35.054367327504117,2.4563325060186365
1800,0.013664062500000001,35.054709242949563,2.456260518527305
1800,0.013665625000000001,35.05505119942331,2.456188484923314
1800,0.013667187500000001,35.055393196926083,2.456116405184833
1800,0.01366875,35.055735235458613,2.4560442792900261
1800,0.0136703125,35.056077315021625,2.4559721072170526
1800,0.013671875,35.056419435615851,2.4558998889440682
1800,0.0136734375,35.056761597242009,2.4558276244492228
1800,0.013675000000000001,35.057103799900844,2.4557553137106618
1800,0.013676562500000001,35.057446043593075,2.4556829567065259
1800,0.013678125000000001,35.057788328319432,2.4556105534149522
1800,0.013679687500000001,35.058130654080642,2.4555381038140713
1800,0.013681250000000001,35.058473020877429,2.4554656078820107
1800,0.013682812500000001,35.058815428710517,2.4553930655968927
1800,0.013684375,35.059157877580638,2.4553204769368349
1800,0.0136859375,35.059500367488525,2.4552478418799502
1800,0.0136875,35.059842898434894,2.4551751604043468
1800,0.0136890625,35.060185470420471,2.455102432488129
1800,0.013690625000000001,35.060528083445988,2.455029658109396
1800,0.013692187500000001,35.060870737512175,2.4549568372462423
1800,0.013693750000000001,35.061213432619752,2.4548839698767568
1800,0.013695312500000001,35.061556168769449,2.4548110559790262
1800,0.013696875000000001,35.061898945962,2.4547380955311304
1800,0.013698437500000001,35.062241764198127,2.4546650885111463
1800,0.0137,35.06258462347855,2.4545920348971451
1800,0.0137015625,35.062927523804007,2.4545189346671932
1800,0.013703125,35.063270465175215,2.4544457877993535
1800,0.0137046875,35.063613447592907,2.4543725942716823
1800,0.013706250000000001,35.063956471057814,2.4542993540622335
1800,0.013707812500000001,35.064299535570662,2.4542260671490559
1800,0.013709375000000001,35.064642641132174,2.4541527335101923
1800,0.013710937500000001,35.064985787743083,2.454079353123682
1800,0.013712500000000001,35.065328975404107,2.4540059259675604
1800,0.013714062500000001,35.065672204115977,2.4539324520198562
1800,0.013715625,35.066015473879418,2.453858931258595
1800,0.0137171875,35.066358784695161,2.4537853636617983
1800,0.01371875,35.066702136563933,2.4537117492074825
1800,0.0137203125,35.067045529486464,2.4536380878736592
1800,0.013721875000000001,35.067388963463486,2.4535643796383346
1800,0.013723437500000001,35.06773243849571,2.4534906244795116
1800,0.013725000000000001,35.068075954583882,2.4534168223751882
1800,0.013726562500000001,35.068419511728713,2.453342973303358
1800,0.013728125000000001,35.068763109930941,2.4532690772420089
1800,0.013729687500000001,35.069106749191285,2.453195134169126
1800,0.01373125,35.069450429510468,2.4531211440626888
1800,0.0137328125,35.069794150889223,2.4530471069006721
1800,0.013734375,35.070137913328288,2.4529730226610469
1800,0.0137359375,35.070481716828382,2.4528988913217789
1800,0.013737500000000001,35.070825561390222,2.45282471286083
1800,0.013739062500000001,35.071169447014547,2.4527504872561572
1800,0.013740625000000001,35.071513373702082,2.4526762144857126
1800,0.013742187500000001,35.071857341453551,2.4526018945274441
1800,0.013743750000000001,35.072201350269701,2.4525275273592948
1800,0.013745312500000001,35.072545400151235,2.4524531129592035
1800,0.013746875,35.072889491098891,2.4523786513051045
1800,0.0137484375,35.073233623113403,2.4523041423749272
1800,0.01375,35.073577796195501,2.4522295861465975
1800,0.0137515625,35.073922010345896,2.4521549825980355
1800,0.013753125000000001,35.074266265565321,2.4520803317071573
1800,0.013754687500000001,35.074610561854506,2.4520056334518743
1800,0.013756250000000001,35.074954899214177,2.4519308878100934
1800,0.013757812500000001,35.075299277645058,2.4518560947597186
1800,0.013759375000000001,35.075643697147875,2.451781254278647
1800,0.013760937500000001,35.075988157723351,2.4517063663447716
1800,0.0137625,35.076332659372227,2.4516314309359815
1800,0.0137640625,35.076677202095219,2.4515564480301615
1800,0.013765625,35.077021785893066,2.4514814176051916
1800,0.0137671875,35.077366410766494,2.4514063396389472
1800,0.013768750000000001,35.077711076716227,2.4513312141092989
1800,0.013770312500000001,35.078055783742997,2.4512560409941138
1800,0.013771875000000001,35.078400531847521,2.4511808202712544
1800,0.013773437500000001,35.078745321030524,2.4511055519185776
1800,0.013775000000000001,35.079090151292753,2.4510302359139375
1800,0.013776562500000001,35.079435022634904,2.4509548722351813
1800,0.013778125,35.079779935057729,2.4508794608601536
1800,0.0137796875,35.080124888561947,2.4508040017666937
1800,0.01378125,35.080469883148282,2.4507284949326369
1800,0.0137828125,35.080814918817467,2.4506529403358135
1800,0.013784375000000001,35.081159995570218,2.4505773379540501
1800,0.013785937500000001,35.081505113407268,2.4505016877651684
1800,0.013787500000000001,35.081850272329341,2.4504259897469867
1800,0.013789062500000001,35.082195472337169,2.4503502438773173
1800,0.013790625000000001,35.082540713431484,2.4502744501339691
1800,0.013792187500000001,35.082885995613005,2.450198608494746
1800,0.01379375,35.083231318882461,2.4501227189374468
1800,0.0137953125,35.083576683240587,2.4500467814398665
1800,0.013796875,35.083922088688098,2.4499707959797954
1800,0.0137984375,35.08426753522572,2.44989476253502
1800,0.013800000000000002,35.084613022854178,2.4498186810833222
1800,0.013801562500000001,35.084958551574211,2.4497425516024789
1800,0.013803125000000001,35.085304121386535,2.4496663740702638
1800,0.013804687500000001,35.085649732291884,2.4495901484644449
1800,0.013806250000000001,35.085995384290989,2.4495138747627863
1800,0.013807812500000001,35.086341077384574,2.4494375529430474
1800,0.013809375,35.086686811573372,2.4493611829829827
1800,0.0138109375,35.087032586858093,2.4492847648603431
1800,0.0138125,35.087378403239477,2.4492082985528758
1800,0.0138140625,35.087724260718247,2.4491317840383222
1800,0.013815625000000002,35.088070159295135,2.4490552212944205
1800,0.013817187500000001,35.088416098970868,2.4489786102989028
1800,0.013818750000000001,35.088762079746168,2.4489019510294976
1800,0.013820312500000001,35.089108101621761,2.4488252434639293
1800,0.013821875000000001,35.089454164598379,2.4487484875799179
1800,0.013823437500000001,35.089800268676733,2.4486716833551787
1800,0.013825,35.090146413857575,2.4485948307674237
1800,0.0138265625,35.090492600141616,2.4485179297943582
1800,0.013828125,35.090838827529588,2.4484409804136855
1800,0.0138296875,35.091185096022215,2.448363982603103
1800,0.013831250000000002,35.091531405620223,2.4482869363403048
1800,0.013832812500000001,35.091877756324337,2.4482098416029801
1800,0.013834375000000001,35.092224148135273,2.4481326983688141
1800,0.013835937500000001,35.092570581053771,2.4480555066154865
1800,0.013837500000000001,35.092917055080562,2.4479782663206731
1800,0.013839062500000001,35.093263570216372,2.4479009774620462
1800,0.013840625,35.093610126461918,2.4478236400172726
1800,0.0138421875,35.093956723817946,2.447746253964016
1800,0.01384375,35.09430336228516,2.4476688192799338
1800,0.0138453125,35.094650041864291,2.4475913359426813
1800,0.013846875,35.094996762556072,2.4475138039299078
1800,0.013848437500000001,35.095343524361233,2.4474362232192592
1800,0.013850000000000001,35.095690327280501,2.4473585937883766
1800,0.013851562500000001,35.096037171314599,2.4472809156148965
1800,0.013853125000000001,35.09638405646426,2.4472031886764514
1800,0.013854687500000001,35.0967309827302,2.447125412950669
1800,0.013856250000000001,35.097077950113153,2.4470475884151743
1800,0.0138578125,35.09742495861385,2.4469697150475858
1800,0.013859375,35.097772008233008,2.4468917928255194
1800,0.0138609375,35.098119098971345,2.446813821726586
1800,0.0138625,35.098466230829608,2.4467358017283916
1800,0.013864062500000001,35.098813403808506,2.4466577328085388
1800,0.013865625000000001,35.09916061790878,2.4465796149446257
1800,0.013867187500000001,35.099507873131138,2.4465014481142449
1800,0.013868750000000001,35.099855169476314,2.4464232322949861
1800,0.013870312500000001,35.100202506945038,2.4463449674644346
1800,0.013871875000000001,35.10054988553803,2.4462666536001714
1800,0.0138734375,35.100897305256026,2.4461882906797716
1800,0.013875,35.101244766099754,2.4461098786808075
1800,0.0138765625,35.101592268069936,2.4460314175808469
1800,0.013878125,35.101939811167298,2.4459529073574537
1800,0.013879687500000001,35.102287395392565,2.4458743479881866
1800,0.013881250000000001,35.102635020746462,2.4457957394505998
1800,0.013882812500000001,35.102982687229726,2.4457170817222451
1800,0.013884375000000001,35.103330394843084,2.445638374780668
1800,0.013885937500000001,35.103678143587267,2.4455596186034105
1800,0.013887500000000001,35.104025933462985,2.445480813168011
1800,0.0138890625,35.104373764470957,2.4454019584520026
1800,0.013890625,35.104721636611934,2.4453230544329148
1800,0.0138921875,35.105069549886622,2.4452441010882717
1800,0.01389375,35.105417504295744,2.4451650983955946
1800,0.013895312500000001,35.105765499840039,2.4450860463324005
1800,0.013896875000000001,35.106113536520226,2.4450069448762002
1800,0.013898437500000001,35.106461614337029,2.4449277940045024
1800,0.013900000000000001,35.106809733291179,2.4448485936948092
1800,0.013901562500000001,35.107157893383395,2.4447693439246212
1800,0.013903125000000001,35.107506094614408,2.4446900446714337
1800,0.0139046875,35.107854336984957,2.4446106959127376
1800,0.01390625,35.108202620495753,2.444531297626019
1800,0.0139078125,35.108550945147542,2.4444518497887602
1800,0.013909375,35.108899310941027,2.4443723523784402
1800,0.013910937500000001,35.109247717876954,2.4442928053725321
1800,0.013912500000000001,35.109596165956049,2.4442132087485056
1800,0.013914062500000001,35.109944655179028,2.4441335624838265
1800,0.013915625000000001,35.110293185546624,2.4440538665559561
1800,0.013917187500000001,35.110641757059561,2.4439741209423507
1800,0.013918750000000001,35.110990369718564,2.4438943256204637
1800,0.0139203125,35.111339023524359,2.443814480567744
1800,0.013921875,35.111687718477668,2.4437345857616357
1800,0.0139234375,35.112036454579226,2.4436546411795783
1800,0.013925,35.112385231829748,2.443574646799008
1800,0.013926562500000001,35.112734050229967,2.4434946025973567
1800,0.013928125000000001,35.113082909780601,2.4434145085520522
1800,0.013929687500000001,35.113431810482382,2.443334364640517
1800,0.013931250000000001,35.113780752336034,2.4432541708401705
1800,0.013932812500000001,35.114129735342281,2.4431739271284281
1800,0.013934375000000001,35.114478759501857,2.4430936334827007
1800,0.0139359375,35.114827824815478,2.4430132898803945
1800,0.0139375,35.11517693128387,2.4429328962989119
1800,0.0139390625,35.11552607890777,2.4428524527156514
1800,0.013940625,35.115875267687898,2.4427719591080064
1800,0.013942187500000001,35.116224497624977,2.4426914154533672
1800,0.013943750000000001,35.116573768719732,2.4426108217291191
1800,0.013945312500000001,35.116923080972889,2.4425301779126443
1800,0.013946875000000001,35.117272434385178,2.4424494839813202
1800,0.013948437500000001,35.117621828957319,2.4423687399125198
1800,0.013950000000000001,35.117971264690041,2.4422879456836122
1800,0.0139515625,35.118320741584064,2.4422071012719617
1800,0.013953125,35.118670259640112,2.4421262066549292
1800,0.0139546875,35.119019818858924,2.4420452618098718
1800,0.01395625,35.119369419241217,2.4419642667141419
1800,0.013957812500000001,35.119719060787723,2.4418832213450878
1800,0.013959375000000001,35.120068743499154,2.4418021256800535
1800,0.013960937500000001,35.120418467376247,2.4417209796963788
1800,0.013962500000000001,35.120768232419735,2.4416397833714001
1800,0.013964062500000001,35.121118038630328,2.4415585366824484
1800,0.013965625000000001,35.121467886008759,2.4414772396068511
1800,0.0139671875,35.121817774555744,2.4413958921219328
1800,0.01396875,35.122167704272023,2.4413144942050122
1800,0.0139703125,35.122517675158321,2.4412330458334055
1800,0.013971875,35.122867687215354,2.4411515469844227
1800,0.013973437500000001,35.123217740443849,2.4410699976353714
1800,0.013975000000000001,35.123567834844536,2.4409883977635545
1800,0.013976562500000001,35.123917970418141,2.4409067473462702
1800,0.013978125000000001,35.124268147165388,2.4408250463608128
1800,0.013979687500000001,35.124618365087002,2.4407432947844732
1800,0.013981250000000001,35.124968624183708,2.4406614925945385
1800,0.0139828125,35.125318924456224,2.4405796397682908
1800,0.013984375,35.125669265905287,2.440497736283008
1800,0.0139859375,35.126019648531624,2.4404157821159655
1800,0.0139875,35.126370072335952,2.4403337772444327
1800,0.013989062500000001,35.126720537319002,2.4402517216456761
1800,0.013990625000000001,35.127071043481493,2.440169615296957
1800,0.013992187500000001,35.127421590824156,2.4400874581755336
1800,0.013993750000000001,35.127772179347701,2.4400052502586589
1800,0.013995312500000001,35.128122809052869,2.4399229915235838
1800,0.013996875000000001,35.128473479940382,2.4398406819475533
1800,0.0139984375,35.128824192010974,2.4397583215078091
1800,0.014,35.129174945265362,2.439675910181589
1800,0.0140015625,35.129525739704263,2.4395934479461263
1800,0.014003125,35.129876575328403,2.4395109347786503
1800,0.014004687500000002,35.130227452138513,2.439428370656386
1800,0.014006250000000001,35.130578370135318,2.4393457555565554
1800,0.014007812500000001,35.130929329319549,2.439263089456376
1800,0.014009375000000001,35.131280329691918,2.4391803723330607
1800,0.014010937500000001,35.131631371253157,2.4390976041638184
1800,0.014012500000000001,35.131982454003989,2.4390147849258543
1800,0.0140140625,35.13233357794514,2.4389319145963695
1800,0.014015625,35.132684743077341,2.4388489931525612
1800,0.0140171875,35.133035949401318,2.438766020571622
1800,0.01401875,35.133387196917788,2.4386829968307415
1800,0.014020312500000002,35.133738485627482,2.4385999219071053
1800,0.014021875000000001,35.134089815531127,2.4385167957778933
1800,0.014023437500000001,35.134441186629438,2.4384336184202833
1800,0.014025000000000001,35.134792598923141,2.4383503898114478
1800,0.014026562500000001,35.135144052412961,2.4382671099285553
1800,0.014028125000000001,35.135495547099623,2.4381837787487708
1800,0.0140296875,35.135847082983851,2.4381003962492556
1800,0.01403125,35.13619866006637,2.4380169624071666
1800,0.0140328125,35.136550278347897,2.4379334771996564
1800,0.014034375,35.136901937829165,2.4378499406038747
1800,0.014035937500000002,35.137253638510892,2.4377663525969653
1800,0.014037500000000001,35.137605380393815,2.4376827131560699
1800,0.014039062500000001,35.137957163478646,2.4375990222583255
1800,0.014040625000000001,35.138308987766123,2.4375152798808659
1800,0.014042187500000001,35.138660853256958,2.4374314860008184
1800,0.014043750000000001,35.139012759951882,2.4373476405953087
1800,0.014045312500000001,35.139364707851612,2.4372637436414575
1800,0.014046875,35.139716696956889,2.4371797951163825
1800,0.0140484375,35.140068727268428,2.4370957949971959
1800,0.01405,35.140420798786948,2.437011743261007
1800,0.0140515625,35.140772911513174,2.4369276398849218
1800,0.014053125000000001,35.141125065447831,2.4368434848460412
1800,0.014054687500000001,35.14147726059165,2.4367592781214626
1800,0.014056250000000001,35.141829496945348,2.4366750196882796
1800,0.014057812500000001,35.142181774509652,2.436590709523581
1800,0.014059375000000001,35.142534093285292,2.4365063476044528
1800,0.014060937500000001,35.142886453272979,2.436421933907976
1800,0.0140625,35.143238854473438,2.4363374684112284
1800,0.0140640625,35.143591296887401,2.4362529510912831
1800,0.014065625,35.143943780515578,2.43616838192521
1800,0.0140671875,35.144296305358708,2.4360837608900758
1800,0.014068750000000001,35.144648871417509,2.4359990879629412
1800,0.014070312500000001,35.145001478692706,2.4359143631208644
1800,0.014071875000000001,35.145354127185016,2.435829586340899
1800,0.014073437500000001,35.145706816895164,2.4357447576000952
1800,0.014075000000000001,35.146059547823874,2.4356598768754996
1800,0.014076562500000001,35.146412319971873,2.4355749441441539
1800,0.014078125,35.14676513333989,2.4354899593830965
1800,0.0140796875,35.147117987928659,2.4354049225693619
1800,0.01408125,35.147470883738904,2.4353198336799813
1800,0.0140828125,35.147823820771336,2.4352346926919806
1800,0.014084375000000001,35.148176799026686,2.4351494995823826
1800,0.014085937500000001,35.148529818505665,2.4350642543282062
1800,0.014087500000000001,35.148882879209005,2.4349789569064657
1800,0.014089062500000001,35.149235981137416,2.4348936072941729
1800,0.014090625000000001,35.149589124291637,2.4348082054683351
1800,0.014092187500000001,35.149942308672387,2.4347227514059542
1800,0.01409375,35.150295534280382,2.4346372450840308
1800,0.0140953125,35.150648801116354,2.4345516864795602
1800,0.014096875,35.151002109181036,2.4344660755695351
1800,0.0140984375,35.151355458475138,2.4343804123309423
1800,0.014100000000000001,35.151708848999391,2.434294696740765
1800,0.014101562500000001,35.152062280754514,2.4342089287759836
1800,0.014103125000000001,35.152415753741224,2.434123108413575
1800,0.014104687500000001,35.152769267960245,2.4340372356305111
1800,0.014106250000000001,35.153122823412311,2.43395131040376
1800,0.014107812500000001,35.153476420098137,2.4338653327102864
1800,0.014109375,35.153830058018457,2.4337793025270509
1800,0.0141109375,35.154183737173994,2.4336932198310111
1800,0.0141125,35.154537457565468,2.4336070845991205
1800,0.0141140625,35.154891219193587,2.4335208968083286
1800,0.014115625000000001,35.155245022059077,2.4334346564355802
1800,0.014117187500000001,35.155598866162677,2.4333483634578164
1800,0.014118750000000001,35.155952751505104,2.433262017851975
1800,0.014120312500000001,35.156306678087077,2.4331756195949898
1800,0.014121875000000001,35.156660645909319,2.4330891686637921
1800,0.014123437500000001,35.157014654972549,2.4330026650353078
1800,0.014125,35.157368705277499,2.432916108686459
1800,0.0141265625,35.157722796824899,2.4328294995941642
1800,0.014128125,35.158076929615468,2.4327428377353377
1800,0.0141296875,35.158431103649924,2.4326561230868915
1800,0.014131250000000001,35.158785318928977,2.4325693556257328
1800,0.014132812500000001,35.159139575453359,2.4324825353287656
1800,0.014134375000000001,35.159493873223795,2.4323956621728891
1800,0.014135937500000001,35.159848212241009,2.432308736135
1800,0.014137500000000001,35.160202592505719,2.4322217571919897
1800,0.014139062500000001,35.16055701401865,2.4321347253207453
1800,0.014140625,35.16091147678052,2.4320476404981521
1800,0.0141421875,35.161265980792052,2.431960502701092
1800,0.01414375,35.161620526053973,2.4318733119064411
1800,0.0141453125,35.161975112566999,2.4317860680910726
1800,0.014146875000000001,35.162329740331856,2.4316987712318561
1800,0.014148437500000001,35.162684409349275,2.4316114213056568
1800,0.014150000000000001,35.163039119619967,2.4315240182893367
1800,0.014151562500000001,35.163393871144649,2.4314365621597545
1800,0.014153125000000001,35.163748663924046,2.431349052893764
1800,0.014154687500000001,35.164103497958891,2.4312614904682159
1800,0.01415625,35.164458373249907,2.4311738748599576
1800,0.0141578125,35.164813289797813,2.4310862060458316
1800,0.014159375,35.165168247603326,2.4309984840026777
1800,0.0141609375,35.165523246667171,2.4309107087073314
1800,0.014162500000000001,35.165878286990072,2.4308228801366245
1800,0.014164062500000001,35.166233368572748,2.4307349982673854
1800,0.014165625000000001,35.166588491415922,2.4306470630764383
1800,0.014167187500000001,35.166943655520313,2.4305590745406036
1800,0.014168750000000001,35.167298860886646,2.4304710326366989
1800,0.014170312500000001,35.167654107515645,2.4303829373415371
1800,0.014171875,35.168009395408028,2.4302947886319273
1800,0.0141734375,35.168364724564526,2.430206586484676
1800,0.014175,35.168720094985851,2.4301183308765855
1800,0.0141765625,35.169075506672726,2.4300300217844537
1800,0.014178125000000001,35.169430959625878,2.4299416591850753
1800,0.014179687500000001,35.169786453846015,2.4298532430552409
1800,0.014181250000000001,35.170141989333864,2.4297647733717378
1800,0.014182812500000001,35.170497566090155,2.42967625011135
1800,0.014184375000000001,35.170853184115607,2.4295876732508579
1800,0.014185937500000001,35.171208843410938,2.4294990427670369
1800,0.0141875,35.171564543976871,2.4294103586366598
1800,0.0141890625,35.171920285814117,2.4293216208364949
1800,0.014190625,35.172276068923416,2.4292328293433076
1800,0.0141921875,35.172631893305478,2.4291439841338591
1800,0.014193750000000002,35.172987758961021,2.429055085184908
1800,0.014195312500000001,35.173343665890776,2.4289661324732079
1800,0.014196875000000001,35.173699614095462,2.4288771259755091
1800,0.014198437500000001,35.174055603575795,2.4287880656685585
1800,0.014200000000000001,35.174411634332493,2.4286989515290984
1800,0.014201562500000001,35.174767706366289,2.4286097835338696
1800,0.014203125,35.175123819677893,2.4285205616596075
1800,0.0142046875,35.175479974268036,2.4284312858830441
1800,0.01420625,35.17583617013743,2.4283419561809079
1800,0.0142078125,35.176192407286806,2.4282525725299244
1800,0.014209375000000002,35.176548685716881,2.4281631349068138
1800,0.014210937500000001,35.176905005428381,2.4280736432882941
1800,0.014212500000000001,35.177261366422009,2.4279840976510787
1800,0.014214062500000001,35.177617768698489,2.4278944979718786
1800,0.014215625000000001,35.177974212258555,2.4278048442274005
1800,0.014217187500000001,35.178330697102922,2.4277151363943466
1800,0.01421875,35.178687223232309,2.4276253744494163
1800,0.0142203125,35.179043790647441,2.4275355583693061
1800,0.014221875,35.179400399349035,2.4274456881307076
1800,0.0142234375,35.179757049337809,2.42735576371031
1800,0.014225000000000002,35.180113740614487,2.4272657850847978
1800,0.014226562500000001,35.180470473179788,2.4271757522308528
1800,0.014228125000000001,35.180827247034436,2.4270856651251522
1800,0.014229687500000001,35.181184062179149,2.4269955237443703
1800,0.014231250000000001,35.181540918614644,2.4269053280651778
1800,0.014232812500000001,35.181897816341639,2.4268150780642412
1800,0.014234375,35.182254755360866,2.4267247737182247
1800,0.0142359375,35.182611735673042,2.4266344150037877
1800,0.0142375,35.182968757278879,2.4265440018975868
1800,0.0142390625,35.1833258201791,2.4264535343762739
1800,0.014240625000000002,35.18368292437443,2.4263630124164979
1800,0.014242187500000001,35.184040069865581,2.4262724359949042
1800,0.014243750000000001,35.184397256653277,2.426181805088135
1800,0.014245312500000001,35.184754484738228,2.4260911196728285
1800,0.014246875000000001,35.185111754121159,2.4260003797256204
1800,0.014248437500000001,35.185469064802795,2.4259095852231409
1800,0.014250000000000001,35.185826416783868,2.4258187361420172
1800,0.0142515625,35.186183810065096,2.4257278324588736
1800,0.014253125,35.186541244647188,2.4256368741503307
1800,0.0142546875,35.186898720530863,2.4255458611930063
1800,0.01425625,35.187256237716845,2.4254547935635138
1800,0.014257812500000001,35.187613796205852,2.4253636712384621
1800,0.014259375000000001,35.187971395998609,2.4252724941944575
1800,0.014260937500000001,35.188329037095826,2.4251812624081035
1800,0.014262500000000001,35.188686719498229,2.4250899758559994
1800,0.014264062500000001,35.189044443206541,2.4249986345147407
1800,0.014265625000000001,35.189402208221473,2.42490723836092
1800,0.0142671875,35.189760014543744,2.4248157873711249
1800,0.01426875,35.190117862174084,2.4247242815219399
1800,0.0142703125,35.190475751113205,2.4246327207899481
1800,0.014271875,35.190833681361823,2.4245411051517269
1800,0.014273437500000001,35.191191652920658,2.4244494345838516
1800,0.014275000000000001,35.191549665790433,2.4243577090628934
1800,0.014276562500000001,35.191907719971866,2.4242659285654193
1800,0.014278125000000001,35.192265815465667,2.4241740930679936
1800,0.014279687500000001,35.192623952272562,2.4240822025471767
1800,0.014281250000000001,35.192982130393275,2.423990256979526
1800,0.0142828125,35.193340349828532,2.4238982563415949
1800,0.014284375,35.193698610579041,2.4238062006099339
1800,0.0142859375,35.194056912645522,2.4237140897610896
1800,0.0142875,35.194415256028698,2.4236219237716043
1800,0.014289062500000001,35.194773640729281,2.4235297026180187
1800,0.014290625000000001,35.195132066747995,2.4234374262768683
1800,0.014292187500000001,35.19549053408555,2.4233450947246862
1800,0.014293750000000001,35.195849042742672,2.4232527079380017
1800,0.014295312500000001,35.196207592720086,2.4231602658933404
1800,0.014296875000000001,35.196566184018515,2.4230677685672255
1800,0.0142984375,35.196924816638671,2.4229752159361744
1800,0.0143,35.197283490581263,2.4228826079767036
1800,0.0143015625,35.197642205847025,2.4227899446653254
1800,0.014303125,35.198000962436666,2.4226972259785478
1800,0.014304687500000001,35.198359760350904,2.4226044518928758
1800,0.014306250000000001,35.198718599590457,2.4225116223848118
1800,0.014307812500000001,35.199077480156049,2.4224187374308532
1800,0.014309375000000001,35.199436402048384,2.422325797007495
1800,0.014310937500000001,35.199795365268194,2.4222328010912282
1800,0.014312500000000001,35.200154369816197,2.4221397496585415
1800,0.0143140625,35.200513415693109,2.4220466426859182
1800,0.014315625,35.200872502899642,2.4219534801498401
1800,0.0143171875,35.201231631436514,2.4218602620267848
1800,0.01431875,35.201590801304448,2.4217669882932267
1800,0.014320312500000001,35.201950012504156,2.4216736589256365
1800,0.014321875000000001,35.202309265036369,2.4215802739004819
1800,0.014323437500000001,35.202668558901792,2.4214868331942259
1800,0.014325000000000001,35.20302789410114,2.4213933367833294
1800,0.014326562500000001,35.20338727063514,2.4212997846442499
1800,0.014328125000000001,35.203746688504502,2.421206176753441
1800,0.0143296875,35.204106147709943,2.4211125130873534
1800,0.01433125,35.204465648252182,2.4210187936224341
1800,0.0143328125,35.204825190131935,2.4209250183351276
1800,0.014334375,35.205184773349927,2.4208311872018728
1800,0.014335937500000001,35.205544397906863,2.4207373001991073
1800,0.014337500000000001,35.205904063803473,2.4206433573032644
1800,0.014339062500000001,35.206263771040469,2.4205493584907747
1800,0.014340625000000001,35.206623519618567,2.4204553037380641
1800,0.014342187500000001,35.206983309538479,2.4203611930215567
1800,0.014343750000000001,35.20734314080093,2.420267026317672
1800,0.0143453125,35.207703013406629,2.4201728036028269
1800,0.014346875,35.208062927356295,2.4200785248534342
1800,0.0143484375,35.208422882650645,2.4199841900459043
1800,0.01435,35.208782879290411,2.4198897991566435
1800,0.014351562500000001,35.209142917276296,2.4197953521620557
1800,0.014353125000000001,35.209502996609011,2.4197008490385401
1800,0.014354687500000001,35.209863117289288,2.4196062897624935
1800,0.014356250000000001,35.210223279317844,2.4195116743103089
1800,0.014357812500000001,35.210583482695391,2.4194170026583763
1800,0.014359375000000001,35.210943727422638,2.4193222747830827
1800,0.0143609375,35.21130401350031,2.4192274906608118
1800,0.0143625,35.211664340929126,2.4191326502679429
1800,0.0143640625,35.212024709709809,2.4190377535808527
1800,0.014365625,35.212385119843063,2.4189428005759144
1800,0.014367187500000001,35.212745571329606,2.4188477912294983
1800,0.014368750000000001,35.213106064170155,2.418752725517971
1800,0.014370312500000001,35.213466598365422,2.4186576034176959
1800,0.014371875000000001,35.213827173916137,2.4185624249050321
1800,0.014373437500000001,35.214187790823011,2.4184671899563379
1800,0.014375000000000001,35.214548449086742,2.4183718985479659
1800,0.0143765625,35.214909148708053,2.4182765506562665
1800,0.014378125,35.215269889687661,2.4181811462575857
1800,0.0143796875,35.215630672026286,2.4180856853282684
1800,0.01438125,35.215991495724651,2.4179901678446538
1800,0.014382812500000001,35.216352360783468,2.4178945937830791
1800,0.014384375000000001,35.216713267203453,2.4177989631198784
1800,0.014385937500000001,35.217074214985324,2.4177032758313826
1800,0.014387500000000001,35.217435204129785,2.4176075318939185
1800,0.014389062500000001,35.217796234637561,2.4175117312838093
1800,0.014390625000000001,35.218157306509362,2.4174158739773763
1800,0.0143921875,35.218518419745919,2.4173199599509374
1800,0.01439375,35.218879574347937,2.4172239891808056
1800,0.0143953125,35.219240770316134,2.4171279616432928
1800,0.014396875,35.219602007651218,2.4170318773147068
1800,0.014398437500000002,35.219963286353909,2.4169357361713524
1800,0.014400000000000001,35.22032460642491,2.4168395381895293
1800,0.014401562500000001,35.220685967864952,2.4167432833455362
1800,0.014403125000000001,35.221047370674739,2.416646971615668
1800,0.014404687500000001,35.221408814854989,2.4165506029762156
1800,0.014406250000000001,35.221770300406433,2.4164541774034674
1800,0.0144078125,35.222131827329768,2.416357694873708
1800,0.014409375,35.222493395625712,2.4162611553632196
1800,0.0144109375,35.222855005294974,2.4161645588482807
1800,0.0144125,35.223216656338266,2.4160679053051672
1800,0.014414062500000002,35.22357834875632,2.415971194710151
1800,0.014415625000000001,35.223940082549852,2.4158744270395003
1800,0.014417187500000001,35.224301857719567,2.4157776022694812
1800,0.014418750000000001,35.224663674266182,2.4156807203763564
1800,0.014420312500000001,35.225025532190401,2.4155837813363843
1800,0.014421875000000001,35.22538743149294,2.4154867851258222
1800,0.0144234375,35.225749372174526,2.4153897317209219
1800,0.014425,35.226111354235876,2.415292621097934
1800,0.0144265625,35.226473377677699,2.415195453233105
1800,0.014428125,35.2268354425007,2.415098228102678
1800,0.014429687500000002,35.227197548705604,2.4150009456828929
1800,0.014431250000000001,35.22755969629312,2.4149036059499869
1800,0.014432812500000001,35.227921885263967,2.4148062088801936
1800,0.014434375000000001,35.228284115618862,2.4147087544497445
1800,0.014435937500000001,35.228646387358502,2.4146112426348667
1800,0.014437500000000001,35.229008700483611,2.414513673411784
1800,0.014439062500000001,35.229371054994907,2.4144160467567182
1800,0.014440625,35.2297334508931,2.4143183626458864
1800,0.0144421875,35.230095888178894,2.4142206210555042
1800,0.01444375,35.230458366853007,2.414122821961783
1800,0.014445312500000002,35.230820886916156,2.414024965340932
1800,0.014446875000000001,35.231183448369052,2.4139270511691562
1800,0.014448437500000001,35.231546051212412,2.4138290794226585
1800,0.014450000000000001,35.231908695446954,2.413731050077637
1800,0.014451562500000001,35.232271381073389,2.4136329631102869
1800,0.014453125000000001,35.232634108092427,2.4135348184968013
1800,0.014454687500000001,35.232996876504778,2.4134366162133705
1800,0.01445625,35.233359686311168,2.4133383562361814
1800,0.0144578125,35.2337225375123,2.4132400385414177
1800,0.014459375,35.234085430108884,2.4131416631052591
1800,0.0144609375,35.234448364101631,2.413043229903884
1800,0.014462500000000001,35.234811339491259,2.4129447389134651
1800,0.014464062500000001,35.235174356278492,2.4128461901101743
1800,0.014465625000000001,35.235537414464041,2.4127475834701793
1800,0.014467187500000001,35.235900514048609,2.4126489189696452
1800,0.014468750000000001,35.236263655032907,2.4125501965847334
1800,0.014470312500000001,35.23662683741766,2.4124514162916033
1800,0.014471875,35.236990061203571,2.4123525780664092
1800,0.0144734375,35.237353326391357,2.412253681885304
1800,0.014475,35.23771663298173,2.4121547277244377
1800,0.0144765625,35.238079980975407,2.4120557155599567
1800,0.014478125000000001,35.238443370373091,2.4119566453680035
1800,0.014479687500000001,35.2388068011755,2.4118575171247181
1800,0.014481250000000001,35.239170273383337,2.4117583308062387
1800,0.014482812500000001,35.23953378699732,2.4116590863886982
1800,0.014484375000000001,35.23989734201816,2.4115597838482272
1800,0.014485937500000001,35.240260938446568,2.4114604231609547
1800,0.0144875,35.240624576283246,2.4113610043030045
1800,0.0144890625,35.240988255528919,2.411261527250498
1800,0.014490625,35.241351976184298,2.4111619919795553
1800,0.0144921875,35.241715738250093,2.4110623984662922
1800,0.014493750000000001,35.242079541727023,2.4109627466868213
1800,0.014495312500000001,35.242443386615797,2.4108630366172519
1800,0.014496875000000001,35.242807272917112,2.4107632682336901
1800,0.014498437500000001,35.243171200631693,2.4106634415122397
1800,0.014500000000000001,35.243535169760257,2.4105635564290018
1800,0.014501562500000001,35.243899180303508,2.4104636129600729
1800,0.014503125,35.244263232262156,2.4103636110815474
1800,0.0145046875,35.244627325636912,2.4102635507695176
1800,0.01450625,35.244991460428494,2.4101634320000715
1800,0.0145078125,35.245355636637605,2.4100632547492942
1800,0.014509375000000001,35.245719854264962,2.4099630189932686
1800,0.014510937500000001,35.246084113311269,2.4098627247080731
1800,0.014512500000000001,35.246448413777252,2.4097623718697854
1800,0.014514062500000001,35.246812755663619,2.4096619604544784
1800,0.014515625000000001,35.247177138971068,2.4095614904382225
1800,0.014517187500000001,35.247541563700317,2.4094609617970852
1800,0.01451875,35.247906029852068,2.409360374507131
1800,0.0145203125,35.248270537427047,2.4092597285444208
1800,0.014521875,35.248635086425956,2.4091590238850138
1800,0.0145234375,35.2489996768495,2.4090582605049646
1800,0.014525000000000001,35.249364308698397,2.4089574383803267
1800,0.014526562500000001,35.249728981973355,2.4088565574871486
1800,0.014528125000000001,35.25009369667508,2.4087556178014773
1800,0.014529687500000001,35.250458452804288,2.4086546192993561
1800,0.014531250000000001,35.250823250361698,2.4085535619568255
1800,0.014532812500000001,35.251188089348013,2.4084524457499241
1800,0.014534375,35.251552969763942,2.4083512706546863
1800,0.0145359375,35.251917891610198,2.4082500366471433
1800,0.0145375,35.25228285488749,2.408148743703324
1800,0.0145390625,35.252647859596529,2.4080473917992546
1800,0.014540625000000001,35.253012905738018,2.407945980910958
1800,0.014542187500000001,35.253377993312675,2.4078445110144542
1800,0.014543750000000001,35.253743122321204,2.4077429820857601
1800,0.014545312500000001,35.254108292764322,2.4076413941008896
1800,0.014546875000000001,35.254473504642732,2.4075397470358539
1800,0.014548437500000001,35.254838757957138,2.4074380408666616
1800,0.01455,35.255204052708251,2.4073362755693175
1800,0.0145515625,35.255569388896788,2.4072344511198254
1800,0.014553125,35.25593476652346,2.4071325674941835
1800,0.0145546875,35.256300185588969,2.4070306246683888
1800,0.014556250000000001,35.256665646094028,2.4069286226184339
1800,0.014557812500000001,35.257031148039346,2.4068265613203108
1800,0.014559375000000001,35.257396691425619,2.4067244407500072
1800,0.014560937500000001,35.257762276253558,2.4066222608835082
1800,0.014562500000000001,35.258127902523889,2.4065200216967955
1800,0.014564062500000001,35.25849357023732,2.4064177231658483
1800,0.014565625,35.258859279394549,2.4063153652666429
1800,0.0145671875,35.259225029996294,2.4062129479751531
1800,0.01456875,35.259590822043258,2.4061104712673487
1800,0.0145703125,35.259956655536143,2.4060079351191983
1800,0.014571875000000001,35.260322530475669,2.4059053395066665
1800,0.014573437500000001,35.260688446862545,2.4058026844057148
1800,0.014575000000000001,35.261054404697475,2.4056999697923023
1800,0.014576562500000001,35.26142040398117,2.4055971956423847
1800,0.014578125000000001,35.261786444714346,2.4054943619319165
1800,0.014579687500000001,35.262152526897694,2.4053914686368474
1800,0.01458125,35.262518650531916,2.4052885157331247
1800,0.0145828125,35.262884815617738,2.405185503196694
1800,0.014584375,35.263251022155863,2.4050824310034966
1800,0.0145859375,35.263617270146995,2.4049792991294714
1800,0.014587500000000002,35.263983559591843,2.4048761075505554
1800,0.014589062500000001,35.264349890491118,2.4047728562426811
1800,0.014590625000000001,35.264716262845532,2.4046695451817799
1800,0.014592187500000001,35.26508267665578,2.4045661743437794
1800,0.014593750000000001,35.265449131922573,2.4044627437046042
1800,0.014595312500000001,35.265815628646628,2.4043592532401763
1800,0.014596875,35.266182166828642,2.4042557029264149
1800,0.0145984375,35.266548746469326,2.4041520927392366
1800,0.0146,35.266915367569382,2.4040484226545549
1800,0.0146015625,35.267282030129529,2.4039446926482801
1800,0.014603125000000002,35.267648734150463,2.4038409026963206
1800,0.014604687500000001,35.268015479632894,2.4037370527745816
1800,0.014606250000000001,35.268382266577525,2.4036331428589657
1800,0.014607812500000001,35.268749094985061,2.4035291729253729
1800,0.014609375000000001,35.269115964856212,2.4034251429496996
1800,0.014610937500000001,35.269482876191688,2.4033210529078395
1800,0.0146125,35.2698498289922,2.4032169027756844
1800,0.0146140625,35.270216823258444,2.4031126925291226
1800,0.014615625,35.270583858991145,2.4030084221440391
1800,0.0146171875,35.270950936190985,2.4029040915963171
1800,0.014618750000000002,35.271318054858689,2.4027997008618365
1800,0.014620312500000001,35.271685214994953,2.4026952499164755
1800,0.014621875000000001,35.272052416600481,2.4025907387361083
1800,0.014623437500000001,35.272419659675982,2.4024861672966065
1800,0.014625000000000001,35.272786944222162,2.4023815355738387
1800,0.014626562500000001,35.273154270239729,2.4022768435436723
1800,0.014628125000000001,35.273521637729388,2.4021720911819706
1800,0.0146296875,35.273889046691849,2.4020672784645942
1800,0.01463125,35.274256497127816,2.4019624053674011
1800,0.0146328125,35.274623989037991,2.4018574718662471
1800,0.014634375000000002,35.274991522423086,2.4017524779369839
1800,0.014635937500000001,35.275359097283804,2.4016474235554615
1800,0.014637500000000001,35.275726713620848,2.4015423086975272
1800,0.014639062500000001,35.27609437143493,2.4014371333390252
1800,0.014640625000000001,35.276462070726737,2.4013318974557976
1800,0.014642187500000001,35.276829811496988,2.4012266010236822
1800,0.014643750000000001,35.277197593746379,2.4011212440185168
1800,0.0146453125,35.277565417475635,2.4010158264161348
1800,0.014646875,35.277933282685453,2.4009103481923666
1800,0.0146484375,35.278301189376535,2.4008048093230405
1800,0.014650000000000002,35.278669137549592,2.4006992097839812
1800,0.014651562500000001,35.279037127205321,2.4005935495510111
1800,0.014653125000000001,35.279405158344431,2.40048782859995
1800,0.014654687500000001,35.279773230967621,2.4003820469066151
1800,0.014656250000000001,35.280141345075606,2.400276204446822
1800,0.014657812500000001,35.280509500669091,2.4001703011963831
1800,0.014659375000000001,35.280877697748771,2.4000643371311061
1800,0.0146609375,35.281245936315358,2.3999583122267976
1800,0.0146625,35.28161421636954,2.3998522264592621
1800,0.0146640625,35.281982537912036,2.3997460798043009
1800,0.014665625,35.282350900943541,2.3996398722377128
1800,0.014667187500000001,35.282719305464759,2.3995336037352932
1800,0.014668750000000001,35.283087751476394,2.3994272742728353
1800,0.014670312500000001,35.283456238979156,2.3993208838261291
1800,0.014671875000000001,35.283824767973755,2.3992144323709628
1800,0.014673437500000001,35.284193338460895,2.399107919883122
1800,0.014675000000000001,35.284561950441272,2.3990013463383897
1800,0.0146765625,35.284930603915598,2.3988947117125448
1800,0.014678125,35.285299298884567,2.3987880159813644
1800,0.0146796875,35.285668035348884,2.398681259120623
1800,0.01468125,35.286036813309252,2.3985744411060934
1800,0.014682812500000001,35.286405632766375,2.3984675619135447
1800,0.014684375000000001,35.286774493720962,2.3983606215187434
1800,0.014685937500000001,35.287143396173718,2.3982536198974538
1800,0.014687500000000001,35.287512340125346,2.398146557025437
1800,0.014689062500000001,35.287881325576542,2.3980394328784516
1800,0.014690625000000001,35.288250352528003,2.3979322474322542
1800,0.0146921875,35.288619420980439,2.3978250006625985
1800,0.01469375,35.288988530934546,2.3977176925452355
1800,0.0146953125,35.289357682391042,2.3976103230559129
1800,0.014696875,35.28972687535061,2.3975028921703774
1800,0.014698437500000001,35.290096109813959,2.3973953998643718
1800,0.014700000000000001,35.2904653857818,2.3972878461136364
1800,0.014701562500000001,35.290834703254831,2.3971802308939094
1800,0.014703125000000001,35.29120406223376,2.397072554180927
1800,0.014704687500000001,35.291573462719271,2.3969648159504215
1800,0.014706250000000001,35.29194290471208,2.3968570161781231
1800,0.0147078125,35.292312388212885,2.396749154839759
1800,0.014709375,35.292681913222381,2.396641231911055
1800,0.0147109375,35.29305147974128,2.3965332473677328
1800,0.0147125,35.293421087770284,2.3964252011855121
1800,0.014714062500000001,35.29379073731009,2.396317093340111
1800,0.014715625000000001,35.294160428361408,2.3962089238072446
1800,0.014717187500000001,35.294530160924936,2.3961006925626247
1800,0.014718750000000001,35.294899935001375,2.3959923995819614
1800,0.014720312500000001,35.29526975059143,2.3958840448409613
1800,0.014721875000000001,35.295639607695804,2.3957756283153291
1800,0.0147234375,35.296009506315194,2.3956671499807665
1800,0.014725,35.296379446450302,2.3955586098129733
1800,0.0147265625,35.296749428101833,2.3954500077876473
1800,0.014728125,35.297119451270483,2.395341343880482
1800,0.014729687500000001,35.297489515956947,2.3952326180671695
1800,0.014731250000000001,35.297859622161937,2.3951238303233984
1800,0.014732812500000001,35.298229769886134,2.3950149806248562
1800,0.014734375000000001,35.298599959130257,2.3949060689472272
1800,0.014735937500000001,35.298970189895016,2.3947970952661932
1800,0.014737500000000001,35.299340462181092,2.394688059557434
1800,0.0147390625,35.299710775989183,2.394578961796626
1800,0.014740625,35.300081131320006,2.3944698019594437
1800,0.0147421875,35.300451528174257,2.3943605800215582
1800,0.01474375,35.30082196655264,2.3942512959586386
1800,0.014745312500000001,35.301192446455843,2.3941419497463521
1800,0.014746875000000001,35.301562967884571,2.3940325413603629
1800,0.014748437500000001,35.301933530839527,2.3939230707763333
1800,0.014750000000000001,35.3023041353214,2.3938135379699217
1800,0.014751562500000001,35.3026747813309,2.393703942916785
1800,0.014753125000000001,35.303045468868724,2.3935942855925778
1800,0.0147546875,35.303416197935576,2.3934845659729516
1800,0.01475625,35.303786968532144,2.393374784033556
1800,0.0147578125,35.304157780659139,2.3932649397500381
1800,0.014759375,35.304528634317258,2.3931550330980427
1800,0.014760937500000001,35.304899529507203,2.393045064053211
1800,0.014762500000000001,35.305270466229658,2.3929350325911831
1800,0.014764062500000001,35.305641444485325,2.3928249386875953
1800,0.014765625000000001,35.306012464274907,2.3927147823180825
1800,0.014767187500000001,35.306383525599109,2.3926045634582773
1800,0.014768750000000001,35.306754628458634,2.3924942820838089
1800,0.0147703125,35.307125772854185,2.3923839381703043
1800,0.014771875,35.307496958786452,2.3922735316933892
1800,0.0147734375,35.30786818625613,2.3921630626286854
1800,0.014775,35.308239455263909,2.3920525309518128
1800,0.014776562500000002,35.308610765810499,2.3919419366383883
1800,0.014778125000000001,35.308982117896605,2.3918312796640273
1800,0.014779687500000001,35.3093535115229,2.3917205600043427
1800,0.014781250000000001,35.309724946690103,2.3916097776349448
1800,0.014782812500000001,35.310096423398903,2.3914989325314413
1800,0.014784375000000001,35.310467941650003,2.3913880246694377
1800,0.0147859375,35.3108395014441,2.3912770540245365
1800,0.0147875,35.311211102781897,2.3911660205723386
1800,0.0147890625,35.311582745664083,2.3910549242884422
1800,0.014790625,35.311954430091362,2.3909437651484429
1800,0.014792187500000002,35.312326156064429,2.3908325431279343
1800,0.014793750000000001,35.312697923583983,2.390721258202507
1800,0.014795312500000001,35.313069732650717,2.3906099103477496
1800,0.014796875000000001,35.313441583265337,2.3904984995392486
1800,0.014798437500000001,35.313813475428532,2.3903870257525885
1800,0.014800000000000001,35.314185409140997,2.3902754889633493
1800,0.0148015625,35.314557384403436,2.3901638891471104
1800,0.014803125,35.314929401216538,2.3900522262794484
1800,0.0148046875,35.315301459581008,2.3899405003359382
1800,0.01480625,35.31567355949754,2.3898287112921519
1800,0.014807812500000002,35.316045700966818,2.3897168591236588
1800,0.014809375000000001,35.316417883989551,2.3896049438060256
1800,0.014810937500000001,35.316790108566437,2.389492965314818
1800,0.014812500000000001,35.317162374698178,2.3893809236255978
1800,0.014814062500000001,35.317534682385464,2.3892688187139255
1800,0.014815625000000001,35.317907031628984,2.3891566505553592
1800,0.0148171875,35.318279422429441,2.3890444191254545
1800,0.01481875,35.318651854787525,2.3889321243997639
1800,0.0148203125,35.319024328703939,2.388819766353838
1800,0.014821875,35.319396844179373,2.3887073449632257
1800,0.014823437500000002,35.319769401214522,2.3885948602034732
1800,0.014825000000000001,35.32014199981009,2.3884823120501251
1800,0.014826562500000001,35.320514639966781,2.3883697004787217
1800,0.014828125000000001,35.320887321685284,2.3882570254648026
1800,0.014829687500000001,35.321260044966287,2.3881442869839042
1800,0.014831250000000001,35.321632809810495,2.3880314850115618
1800,0.014832812500000001,35.322005616218604,2.3879186195233073
1800,0.014834375,35.322378464191296,2.3878056904946701
1800,0.0148359375,35.322751353729274,2.3876926979011781
1800,0.0148375,35.323124284833234,2.3875796417183572
1800,0.014839062500000002,35.323497257503881,2.3874665219217301
1800,0.014840625000000001,35.323870271741903,2.3873533384868173
1800,0.014842187500000001,35.32424332754799,2.387240091389137
1800,0.014843750000000001,35.32461642492283,2.3871267806042051
1800,0.014845312500000001,35.324989563867128,2.3870134061075365
1800,0.014846875000000001,35.325362744381565,2.3868999678746428
1800,0.014848437500000001,35.325735966466844,2.3867864658810327
1800,0.01485,35.326109230123656,2.386672900102214
1800,0.0148515625,35.326482535352703,2.3865592705136907
1800,0.014853125,35.326855882154675,2.3864455770909658
1800,0.014854687500000002,35.327229270530275,2.3863318198095396
1800,0.014856250000000001,35.327602700480192,2.3862179986449092
1800,0.014857812500000001,35.327976172005116,2.38610411357257
1800,0.014859375000000001,35.328349685105735,2.3859901645680162
1800,0.014860937500000001,35.328723239782754,2.3858761516067397
1800,0.014862500000000001,35.329096836036861,2.3857620746642287
1800,0.014864062500000001,35.329470473868746,2.3856479337159713
1800,0.014865625,35.329844153279105,2.3855337287374505
1800,0.0148671875,35.330217874268627,2.3854194597041491
1800,0.01486875,35.330591636838008,2.3853051265915468
1800,0.0148703125,35.330965440987946,2.3851907293751213
1800,0.014871875000000001,35.331339286719128,2.3850762680303483
1800,0.014873437500000001,35.331713174032245,2.3849617425327012
1800,0.014875000000000001,35.332087102928,2.384847152857652
1800,0.014876562500000001,35.332461073407082,2.3847324989806689
1800,0.014878125000000001,35.33283508547018,2.3846177808772193
1800,0.014879687500000001,35.33320913911799,2.3845029985227675
1800,0.01488125,35.333583234351202,2.3843881518927743
1800,0.0148828125,35.333957371170513,2.3842732409627017
1800,0.014884375,35.334331549576611,2.384158265708006
1800,0.0148859375,35.334705769570185,2.384043226104144
1800,0.014887500000000001,35.335080031151925,2.383928122126568
1800,0.014889062500000001,35.335454334322527,2.3838129537507302
1800,0.014890625000000001,35.335828679082681,2.38369772095208
1800,0.014892187500000001,35.336203065433089,2.3835824237060641
1800,0.014893750000000001,35.336577493374435,2.3834670619881271
1800,0.014895312500000001,35.336951962907413,2.3833516357737117
1800,0.014896875,35.337326474032707,2.383236145038258
1800,0.0148984375,35.337701026751013,2.3831205897572048
1800,0.0149,35.338075621063027,2.3830049699059876
1800,0.0149015625,35.338450256969431,2.382889285460041
1800,0.014903125000000001,35.338824934470928,2.3827735363947964
1800,0.014904687500000001,35.339199653568194,2.3826577226856838
1800,0.014906250000000001,35.339574414261925,2.3825418443081303
1800,0.014907812500000001,35.339949216552817,2.382425901237561
1800,0.014909375000000001,35.340324060441567,2.3823098934493996
1800,0.014910937500000001,35.34069894592885,2.3821938209190674
1800,0.0149125,35.341073873015354,2.3820776836219837
1800,0.0149140625,35.341448841701784,2.3819614815335641
1800,0.014915625,35.341823851988828,2.3818452146292235
1800,0.0149171875,35.342198903877183,2.3817288828843752
1800,0.014918750000000001,35.342573997367523,2.3816124862744283
1800,0.014920312500000001,35.342949132460539,2.3814960247747914
1800,0.014921875000000001,35.343324309156927,2.3813794983608707
1800,0.014923437500000001,35.343699527457375,2.3812629070080704
1800,0.014925000000000001,35.34407478736258,2.381146250691792
1800,0.014926562500000001,35.344450088873231,2.381029529387436
1800,0.014928125,35.34482543199001,2.3809127430703994
1800,0.0149296875,35.345200816713621,2.3807958917160787
1800,0.01493125,35.345576243044746,2.3806789752998672
1800,0.0149328125,35.345951710984075,2.3805619937971563
1800,0.014934375000000001,35.346327220532295,2.3804449471833351
1800,0.014935937500000001,35.34670277169009,2.3803278354337905
1800,0.014937500000000001,35.347078364458163,2.3802106585239078
1800,0.014939062500000001,35.347453998837189,2.3800934164290695
1800,0.014940625000000001,35.347829674827857,2.3799761091246574
1800,0.014942187500000001,35.348205392430856,2.3798587365860504
1800,0.01494375,35.348581151646876,2.3797412987886251
1800,0.0149453125,35.348956952476605,2.3796237957077557
1800,0.014946875,35.349332794920727,2.3795062273188163
1800,0.0149484375,35.349708678979937,2.3793885935971759
1800,0.014950000000000001,35.350084604654924,2.3792708945182039
1800,0.014951562500000001,35.350460571946371,2.3791531300572673
1800,0.014953125000000001,35.350836580854967,2.3790353001897304
1800,0.014954687500000001,35.351212631381401,2.3789174048909549
1800,0.014956250000000001,35.351588723526362,2.3787994441363018
1800,0.014957812500000001,35.35196485729054,2.3786814179011295
1800,0.014959375,35.35234103267463,2.3785633261607941
1800,0.0149609375,35.352717249679309,2.3784451688906505
1800,0.0149625,35.353093508305271,2.3783269460660508
1800,0.0149640625,35.3534698085532,2.3782086576623449
1800,0.014965625000000001,35.353846150423777,2.3780903036548806
1800,0.014967187500000001,35.354222533917692,2.3779718840190038
1800,0.014968750000000001,35.354598959035634,2.3778533987300592
1800,0.014970312500000001,35.354975425778292,2.3777348477633882
1800,0.014971875000000001,35.355351934146348,2.377616231094331
1800,0.014973437500000001,35.355728484140492,2.3774975486982259
1800,0.014975,35.356105075761413,2.3773788005504097
1800,0.0149765625,35.356481709009792,2.3772599866262167
1800,0.014978125,35.356858383886312,2.3771411069009787
1800,0.0149796875,35.357235100391669,2.3770221613500246
1800,0.014981250000000002,35.357611858526553,2.3769031499486828
1800,0.014982812500000001,35.357988658291632,2.3767840726722795
1800,0.014984375000000001,35.358365499687601,2.3766649294961399
1800,0.014985937500000001,35.35874238271515,2.3765457203955855
1800,0.014987500000000001,35.359119307374961,2.3764264453459369
1800,0.014989062500000001,35.359496273667716,2.3763071043225121
1800,0.014990625,35.359873281594105,2.3761876973006268
1800,0.0149921875,35.360250331154809,2.3760682242555955
1800,0.01499375,35.360627422350518,2.3759486851627307
1800,0.0149953125,35.361004555181914,2.3758290799973425
1800,0.014996875000000002,35.361381729649693,2.3757094087347399
1800,0.014998437500000001,35.361758945754538,2.375589671350228
1800,0.015000000000000001,35.362136203497123,2.3754698678191128
1800,0.015001562500000001,35.36251350287813,2.3753499981166959
1800,0.015003125000000001,35.362890843898256,2.3752300622182774
1800,0.015004687500000001,35.363268226558176,2.3751100600991562
1800,0.01500625,35.363645650858572,2.3749899917346289
1800,0.0150078125,35.364023116800134,2.3748698570999904
1800,0.015009375,35.364400624383542,2.3747496561705335
1800,0.0150109375,35.364778173609487,2.3746293889215488
1800,0.015012500000000002,35.365155764478651,2.3745090553283266
1800,0.015014062500000001,35.365533396991715,2.3743886553661531
1800,0.015015625000000001,35.36591107114937,2.3742681890103126
1800,0.015017187500000001,35.366288786952303,2.3741476562360893
1800,0.015018750000000001,35.366666544401191,2.3740270570187643
1800,0.015020312500000001,35.367044343496723,2.373906391333616
1800,0.015021875000000001,35.36742218423958,2.373785659155923
1800,0.0150234375,35.367800066630451,2.3736648604609609
1800,0.015025,35.368177990670013,2.3735439952240029
1800,0.0150265625,35.368555956358946,2.3734230634203213
1800,0.015028125000000002,35.368933963697941,2.3733020650251855
1800,0.015029687500000001,35.369312012687665,2.3731810000138633
1800,0.015031250000000001,35.369690103328807,2.3730598683616209
1800,0.015032812500000001,35.370068235622057,2.3729386700437223
1800,0.015034375000000001,35.370446409568096,2.37281740503543
1800,0.015035937500000001,35.3708246251676,2.3726960733120048
1800,0.015037500000000001,35.371202882421272,2.3725746748487047
1800,0.0150390625,35.37158118132978,2.3724532096207871
1800,0.015040625,35.371959521893814,2.3723316776035066
1800,0.0150421875,35.37233790411404,2.3722100787721163
1800,0.015043750000000002,35.372716327991149,2.3720884131018667
1800,0.015045312500000001,35.373094793525816,2.3719666805680069
1800,0.015046875000000001,35.373473300718729,2.3718448811457846
1800,0.015048437500000001,35.37385184957057,2.3717230148104456
1800,0.015050000000000001,35.374230440082023,2.3716010815372335
1800,0.015051562500000001,35.374609072253769,2.3714790813013895
1800,0.015053125000000001,35.374987746086482,2.3713570140781544
1800,0.0150546875,35.375366461580839,2.371234879842766
1800,0.01505625,35.375745218737521,2.3711126785704613
1800,0.0150578125,35.376124017557217,2.3709904102364741
1800,0.015059375000000002,35.37650285804061,2.3708680748160367
1800,0.015060937500000001,35.376881740188374,2.3707456722843805
1800,0.015062500000000001,35.377260664001199,2.3706232026167351
1800,0.015064062500000001,35.377639629479766,2.370500665788327
1800,0.015065625000000001,35.378018636624745,2.3703780617743822
1800,0.015067187500000001,35.378397685436816,2.370255390550124
1800,0.015068750000000001,35.37877677591667,2.3701326520907746
1800,0.0150703125,35.37915590806498,2.3700098463715529
1800,0.015071875,35.37953508188243,2.3698869733676782
1800,0.0150734375,35.379914297369695,2.3697640330543659
1800,0.015075,35.380293554527455,2.3696410254068305
1800,0.015076562500000001,35.380672853356394,2.3695179504002848
1800,0.015078125000000001,35.381052193857187,2.3693948080099396
1800,0.015079687500000001,35.381431576030522,2.3692715982110051
1800,0.015081250000000001,35.381810999877075,2.3691483209786881
1800,0.015082812500000001,35.382190465397528,2.3690249762881939
1800,0.015084375000000001,35.382569972592549,2.3689015641147266
1800,0.0150859375,35.382949521462812,2.3687780844334889
1800,0.0150875,35.383329112009015,2.3686545372196806
1800,0.0150890625,35.383708744231825,2.3685309224485001
1800,0.015090625,35.384088418131924,2.368407240095145
1800,0.015092187500000001,35.384468133709994,2.36828349013481
1800,0.015093750000000001,35.384847890966711,2.3681596725426881
1800,0.015095312500000001,35.385227689902756,2.3680357872939708
1800,0.015096875000000001,35.385607530518797,2.3679118343638481
1800,0.015098437500000001,35.385987412815524,2.3677878137275079
1800,0.015100000000000001,35.386367336793604,2.3676637253601358
1800,0.0151015625,35.38674730245372,2.367539569236917
1800,0.015103125,35.387127309796554,2.3674153453330331
1800,0.0151046875,35.387507358822781,2.3672910536236667
1800,0.01510625,35.387887449533082,2.3671666940839962
1800,0.015107812500000001,35.388267581928126,2.3670422666892006
1800,0.015109375000000001,35.388647756008602,2.3669177714144545
1800,0.015110937500000001,35.389027971775178,2.3667932082349328
1800,0.015112500000000001,35.389408229228543,2.3666685771258074
1800,0.015114062500000001,35.389788528369373,2.3665438780622492
1800,0.015115625000000001,35.390168869198327,2.3664191110194266
1800,0.0151171875,35.390549251716088,2.366294275972507
1800,0.01511875,35.390929675923338,2.3661693728966569
1800,0.0151203125,35.391310141820753,2.3660444017670388
1800,0.015121875,35.391690649409007,2.3659193625588157
1800,0.015123437500000001,35.392071198688789,2.365794255247148
1800,0.015125000000000001,35.392451789660768,2.3656690798071942
1800,0.015126562500000001,35.392832422325618,2.3655438362141119
1800,0.015128125000000001,35.393213096684015,2.3654185244430566
1800,0.015129687500000001,35.393593812736633,2.3652931444691823
1800,0.015131250000000001,35.39397457048414,2.36516769626764
1800,0.0151328125,35.394355369927219,2.3650421798135812
1800,0.015134375,35.394736211066544,2.3649165950821542
1800,0.0151359375,35.39511709390279,2.364790942048506
1800,0.0151375,35.395498018436641,2.3646652206877823
1800,0.015139062500000001,35.395878984668755,2.364539430975126
1800,0.015140625000000001,35.396259992599809,2.3644135728856792
1800,0.015142187500000001,35.396641042230492,2.3642876463945828
1800,0.015143750000000001,35.397022133561471,2.3641616514769752
1800,0.015145312500000001,35.397403266593429,2.3640355881079933
1800,0.015146875000000001,35.397784441327033,2.3639094562627729
1800,0.0151484375,35.398165657762966,2.3637832559164478
1800,0.01515,35.398546915901896,2.3636569870441493
1800,0.0151515625,35.398928215744498,2.3635306496210085
1800,0.015153125,35.399309557291438,2.3634042436221536
1800,0.015154687500000001,35.399690940543401,2.3632777690227131
1800,0.015156250000000001,35.40007236550106,2.3631512257978118
1800,0.015157812500000001,35.400453832165091,2.363024613922573
1800,0.015159375000000001,35.400835340536162,2.3628979333721203
1800,0.015160937500000001,35.401216890614947,2.3627711841215739
1800,0.015162500000000001,35.401598482402115,2.3626443661460534
1800,0.0151640625,35.401980115898347,2.3625174794206756
1800,0.015165625,35.402361791104319,2.3623905239205572
1800,0.0151671875,35.402743508020706,2.3622634996208118
1800,0.01516875,35.403125266648182,2.362136406496552
1800,0.015170312500000002,35.403507066987409,2.3620092445228891
1800,0.015171875000000001,35.403888909039061,2.3618820136749323
1800,0.015173437500000001,35.4042707928038,2.3617547139277901
1800,0.015175000000000001,35.404652718282307,2.3616273452565681
1800,0.015176562500000001,35.405034685475258,2.3614999076363712
1800,0.015178125000000001,35.405416694383312,2.3613724010423027
1800,0.0151796875,35.405798745007154,2.361244825449464
1800,0.01518125,35.406180837347456,2.3611171808329545
1800,0.0151828125,35.406562971404895,2.3609894671678733
1800,0.015184375,35.406945147180139,2.3608616844293167
1800,0.015185937500000002,35.407327364673861,2.3607338325923797
1800,0.015187500000000001,35.407709623886724,2.3606059116321561
1800,0.015189062500000001,35.408091924819409,2.3604779215237381
1800,0.015190625000000001,35.408474267472577,2.3603498622422165
1800,0.015192187500000001,35.408856651846911,2.3602217337626801
1800,0.015193750000000001,35.409239077943077,2.3600935360602162
1800,0.0151953125,35.409621545761745,2.3599652691099116
1800,0.015196875,35.410004055303588,2.3598369328868491
1800,0.0151984375,35.410386606569283,2.359708527366112
1800,0.0152,35.410769199559496,2.359580052522781
1800,0.015201562500000002,35.411151834274897,2.3594515083319365
1800,0.015203125000000001,35.411534510716145,2.3593228947686566
1800,0.015204687500000001,35.411917228883922,2.3591942118080182
1800,0.015206250000000001,35.412299988778898,2.3590654594250959
1800,0.015207812500000001,35.412682790401739,2.3589366375949639
1800,0.015209375000000001,35.413065633753128,2.3588077462926935
1800,0.0152109375,35.413448518833711,2.358678785493356
1800,0.0152125,35.413831445644171,2.3585497551720196
1800,0.0152140625,35.414214414185182,2.3584206553037523
1800,0.015215625,35.414597424457405,2.3582914858636199
1800,0.015217187500000002,35.414980476461508,2.3581622468266867
1800,0.015218750000000001,35.41536357019816,2.3580329381680158
1800,0.015220312500000001,35.415746705668035,2.357903559862669
1800,0.015221875000000001,35.416129882871807,2.3577741118857056
1800,0.015223437500000001,35.416513101810139,2.3576445942121844
1800,0.015225000000000001,35.416896362483698,2.3575150068171622
1800,0.015226562500000001,35.417279664893151,2.357385349675694
1800,0.015228125,35.417663009039167,2.3572556227628345
1800,0.0152296875,35.41804639492242,2.3571258260536365
1800,0.01523125,35.418429822543573,2.3569959595231507
1800,0.015232812500000002,35.418813291903305,2.3568660231464267
1800,0.015234375000000001,35.419196803002279,2.3567360168985125
1800,0.015235937500000001,35.419580355841155,2.3566059407544548
1800,0.015237500000000001,35.419963950420609,2.3564757946892985
1800,0.015239062500000001,35.420347586741293,2.3563455786780874
1800,0.015240625000000001,35.420731264803884,2.3562152926958637
1800,0.015242187500000001,35.421114984609055,2.3560849367176679
1800,0.01524375,35.421498746157461,2.3559545107185396
1800,0.0152453125,35.421882549449776,2.3558240146735168
1800,0.015246875,35.42226639448667,2.355693448557636
1800,0.015248437500000002,35.422650281268808,2.3555628123459313
1800,0.015250000000000001,35.42303420979686,2.3554321060134371
1800,0.015251562500000001,35.423418180071494,2.3553013295351848
1800,0.015253125000000001,35.423802192093376,2.355170482886205
1800,0.015254687500000001,35.424186245863169,2.3550395660415271
1800,0.015256250000000001,35.424570341381532,2.3549085789761786
1800,0.015257812500000001,35.424954478649134,2.3547775216651869
1800,0.015259375,35.425338657666636,2.3546463940835767
1800,0.0152609375,35.425722878434712,2.3545151962063708
1800,0.0152625,35.426107140954031,2.3543839280085916
1800,0.015264062500000002,35.426491445225253,2.3542525894652595
1800,0.015265625000000001,35.426875791249046,2.3541211805513935
1800,0.015267187500000001,35.427260179026078,2.3539897012420115
1800,0.015268750000000001,35.42764460855701,2.3538581515121306
1800,0.015270312500000001,35.428029079842503,2.3537265313367648
1800,0.015271875000000001,35.428413592883224,2.3535948406909282
1800,0.015273437500000001,35.428798147679842,2.3534630795496332
1800,0.015275,35.429182744233024,2.3533312478878905
1800,0.0152765625,35.429567382543432,2.3531993456807099
1800,0.015278125,35.429952062611726,2.3530673729030993
1800,0.0152796875,35.430336784438573,2.3529353295300655
1800,0.015281250000000001,35.430721548024643,2.3528032155366132
1800,0.015282812500000001,35.431106353370602,2.3526710308977465
1800,0.015284375000000001,35.431491200477105,2.3525387755884681
1800,0.015285937500000001,35.431876089344826,2.3524064495837793
1800,0.015287500000000001,35.432261019974419,2.3522740528586792
1800,0.015289062500000001,35.432645992366552,2.3521415853881669
1800,0.015290625,35.433031006521894,2.3520090471472388
1800,0.0152921875,35.43341606244109,2.351876438110891
1800,0.01529375,35.433801160124816,2.3517437582541181
1800,0.0152953125,35.434186299573724,2.3516110075519121
1800,0.015296875000000001,35.434571480788478,2.3514781859792651
1800,0.015298437500000001,35.434956703769743,2.3513452935111667
1800,0.015300000000000001,35.435341968518188,2.3512123301226064
1800,0.015301562500000001,35.435727275034466,2.3510792957885718
1800,0.015303125000000001,35.436112623319246,2.350946190484049
1800,0.015304687500000001,35.436498013373196,2.3508130141840224
1800,0.01530625,35.436883445196976,2.3506797668634762
1800,0.0153078125,35.437268918791247,2.3505464484973926
1800,0.015309375,35.437654434156677,2.3504130590607524
1800,0.0153109375,35.43803999129392,2.3502795985285352
1800,0.015312500000000001,35.438425590203629,2.3501460668757188
1800,0.015314062500000001,35.438811230886479,2.3500124640772815
1800,0.015315625000000001,35.439196913343132,2.3498787901081974
1800,0.015317187500000001,35.439582637574247,2.3497450449434414
1800,0.015318750000000001,35.43996840358048,2.3496112285579867
1800,0.015320312500000001,35.440354211362489,2.3494773409268048
1800,0.015321875,35.44074006092093,2.3493433820248657
1800,0.0153234375,35.441125952256478,2.3492093518271386
1800,0.015325,35.441511885369785,2.3490752503085917
1800,0.0153265625,35.44189786026152,2.3489410774441914
1800,0.015328125000000001,35.442283876932343,2.3488068332089025
1800,0.015329687500000001,35.442669935382909,2.3486725175776888
1800,0.015331250000000001,35.443056035613886,2.3485381305255131
1800,0.015332812500000001,35.443442177625926,2.3484036720273367
1800,0.015334375000000001,35.443828361419691,2.3482691420581197
1800,0.015335937500000001,35.444214586995834,2.3481345405928207
1800,0.0153375,35.444600854355016,2.3479998676063971
1800,0.0153390625,35.444987163497899,2.347865123073805
1800,0.015340625,35.445373514425143,2.3477303069699995
1800,0.0153421875,35.445759907137401,2.347595419269934
1800,0.015343750000000001,35.446146341635334,2.3474604599485613
1800,0.015345312500000001,35.446532817919611,2.3473254289808323
1800,0.015346875000000001,35.446919335990877,2.3471903263416967
1800,0.015348437500000001,35.447305895849802,2.3470551520061029
1800,0.015350000000000001,35.447692497497037,2.3469199059489991
1800,0.015351562500000001,35.448079140933245,2.3467845881453315
1800,0.015353125,35.448465826159079,2.3466491985700446
1800,0.0153546875,35.4488525531752,2.346513737198082
1800,0.01535625,35.449239321982269,2.3463782040043859
1800,0.0153578125,35.449626132580939,2.3462425989638973
1800,0.015359375000000001,35.45001298497187,2.3461069220515562
1800,0.015360937500000001,35.450399879155718,2.3459711732423019
1800,0.015362500000000001,35.450786815133149,2.3458353525110707
1800,0.015364062500000001,35.451173792904811,2.3456994598327991
1800,0.015365625000000001,35.451560812471364,2.3455634951824225
1800,0.015367187500000001,35.451947873833475,2.3454274585348736
1800,0.01536875,35.452334976991793,2.3452913498650867
1800,0.0153703125,35.452722121946969,2.3451551691479922
1800,0.015371875,35.453109308699666,2.3450189163585211
1800,0.0153734375,35.45349653725053,2.3448825914716021
1800,0.015375000000000002,35.453883807600228,2.3447461944621617
1800,0.015376562500000001,35.454271119749407,2.3446097253051268
1800,0.015378125000000001,35.454658473698728,2.3444731839754236
1800,0.015379687500000001,35.455045869448853,2.3443365704479757
1800,0.015381250000000001,35.455433307000426,2.3441998846977063
1800,0.015382812500000001,35.45582078635411,2.3440631266995369
1800,0.015384375,35.456208307510558,2.3439262964283878
1800,0.0153859375,35.456595870470423,2.3437893938591792
1800,0.0153875,35.456983475234367,2.343652418966828
1800,0.0153890625,35.457371121803043,2.3435153717262516
1800,0.015390625000000002,35.457758810177097,2.3433782521123661
1800,0.015392187500000001,35.458146540357191,2.3432410601000861
1800,0.015393750000000001,35.458534312343986,2.3431037956643253
1800,0.015395312500000001,35.45892212613812,2.3429664587799954
1800,0.015396875000000001,35.459309981740255,2.3428290494220079
1800,0.015398437500000001,35.459697879151051,2.342691567565272
1800,0.0154,35.460085818371155,2.3425540131846971
1800,0.0154015625,35.460473799401221,2.342416386255191
1800,0.015403125,35.460861822241903,2.3422786867516598
1800,0.0154046875,35.461249886893853,2.3421409146490086
1800,0.015406250000000002,35.461637993357726,2.3420030699221424
1800,0.015407812500000001,35.462026141634176,2.3418651525459633
1800,0.015409375000000001,35.462414331723863,2.3417271624953737
1800,0.015410937500000001,35.462802563627434,2.3415890997452746
1800,0.015412500000000001,35.463190837345543,2.3414509642705652
1800,0.015414062500000001,35.46357915287885,2.3413127560461438
1800,0.015415625000000001,35.463967510227995,2.3411744750469081
1800,0.0154171875,35.464355909393639,2.3410361212477544
1800,0.01541875,35.464744350376428,2.3408976946235778
1800,0.0154203125,35.465132833177023,2.3407591951492721
1800,0.015421875000000002,35.465521357796071,2.3406206227997295
1800,0.015423437500000001,35.465909924234225,2.3404819775498416
1800,0.015425000000000001,35.466298532492132,2.3403432593744999
1800,0.015426562500000001,35.466687182570453,2.3402044682485932
1800,0.015428125000000001,35.467075874469842,2.3400656041470103
1800,0.015429687500000001,35.467464608190944,2.3399266670446384
1800,0.015431250000000001,35.467853383734408,2.3397876569163643
1800,0.0154328125,35.468242201100871,2.3396485737370729
1800,0.015434375,35.468631060291003,2.3395094174816466
1800,0.0154359375,35.469019961305449,2.3393701881249691
1800,0.015437500000000002,35.469408904144863,2.3392308856419226
1800,0.015439062500000001,35.469797888809893,2.3390915100073872
1800,0.015440625000000001,35.470186915301198,2.3389520611962427
1800,0.015442187500000001,35.470575983619419,2.3388125391833681
1800,0.015443750000000001,35.470965093765216,2.3386729439436404
1800,0.015445312500000001,35.471354245739235,2.3385332754519363
1800,0.015446875000000001,35.471743439542131,2.338393533683131
1800,0.0154484375,35.472132675174542,2.3382537186120986
1800,0.01545,35.47252195263713,2.3381138302137119
1800,0.0154515625,35.472911271930542,2.3379738684628442
1800,0.015453125000000002,35.47330063305543,2.3378338333343653
1800,0.015454687500000001,35.473690036012428,2.3376937248031444
1800,0.015456250000000001,35.474079480802196,2.3375535428440513
1800,0.015457812500000001,35.474468967425381,2.337413287431954
1800,0.015459375000000001,35.474858495882629,2.3372729585417193
1800,0.015460937500000001,35.475248066174593,2.3371325561482128
1800,0.015462500000000001,35.475637678301922,2.3369920802262985
1800,0.0154640625,35.476027332265254,2.33685153075084
1800,0.015465625,35.476417028065242,2.3367109076967005
1800,0.0154671875,35.476806765702534,2.3365702110387407
1800,0.015468750000000002,35.477196545177783,2.3364294407518211
1800,0.015470312500000001,35.477586366491636,2.3362885968108023
1800,0.015471875000000001,35.477976229644732,2.336147679190542
1800,0.015473437500000001,35.478366134637731,2.3360066878658983
1800,0.015475000000000001,35.478756081471268,2.3358656228117263
1800,0.015476562500000001,35.479146070146001,2.3357244840028821
1800,0.015478125000000001,35.479536100662578,2.3355832714142193
1800,0.0154796875,35.479926173021639,2.3354419850205912
1800,0.01548125,35.480316287223836,2.33530062479685
1800,0.0154828125,35.48070644326981,2.3351591907178473
1800,0.015484375,35.481096641160214,2.335017682758433
1800,0.015485937500000001,35.481486880895694,2.3348761008934562
1800,0.015487500000000001,35.481877162476891,2.3347344450977654
1800,0.015489062500000001,35.482267485904458,2.3345927153462074
1800,0.015490625000000001,35.482657851179034,2.3344509116136298
1800,0.015492187500000001,35.483048258301274,2.3343090338748764
1800,0.015493750000000001,35.483438707271816,2.3341670821047917
1800,0.0154953125,35.483829198091307,2.334025056278219
1800,0.015496875,35.484219730760387,2.3338829563700001
1800,0.0154984375,35.484610305279702,2.3337407823549765
1800,0.0155,35.485000921649892,2.3335985342079892
1800,0.015501562500000001,35.485391579871617,2.3334562119038766
1800,0.015503125000000001,35.485782279945511,2.3333138154174775
1800,0.015504687500000001,35.486173021872219,2.3331713447236284
1800,0.015506250000000001,35.486563805652395,2.3330287997971659
1800,0.015507812500000001,35.486954631286672,2.3328861806129253
1800,0.015509375000000001,35.48734549877571,2.3327434871457418
1800,0.0155109375,35.487736408120142,2.3326007193704488
1800,0.0155125,35.488127359320615,2.3324578772618776
1800,0.0155140625,35.488518352377774,2.3323149607948594
1800,0.015515625,35.488909387292253,2.332171969944226
1800,0.015517187500000001,35.489300464064712,2.3320289046848068
1800,0.015518750000000001,35.489691582695784,2.33188576499143
1800,0.015520312500000001,35.490082743186115,2.3317425508389236
1800,0.015521875000000001,35.490473945536344,2.3315992622021136
1800,0.015523437500000001,35.490865189747119,2.3314558990558267
1800,0.015525000000000001,35.491256475819071,2.3313124613748868
1800,0.0155265625,35.491647803752848,2.3311689491341183
1800,0.015528125,35.492039173549088,2.3310253623083441
1800,0.0155296875,35.492430585208446,2.3308817008723857
1800,0.01553125,35.49282203873156,2.3307379648010644
1800,0.015532812500000001,35.493213534119079,2.3305941540692006
1800,0.015534375000000001,35.493605071371626,2.3304502686516138
1800,0.015535937500000001,35.493996650489848,2.3303063085231215
1800,0.015537500000000001,35.494388271474406,2.3301622736585412
1800,0.015539062500000001,35.494779934325926,2.33001816403269
1800,0.015540625000000001,35.495171639045061,2.3298739796203827
1800,0.0155421875,35.49556338563243,2.3297297203964331
1800,0.01554375,35.495955174088678,2.3295853863356566
1800,0.0155453125,35.496347004414453,2.3294409774128653
1800,0.015546875,35.496738876610401,2.3292964936028704
1800,0.015548437500000001,35.497130790677161,2.3291519348804837
1800,0.015550000000000001,35.497522746615367,2.3290073012205155
1800,0.015551562500000001,35.497914744425664,2.3288625925977744
1800,0.015553125000000001,35.498306784108692,2.328717808987069
1800,0.015554687500000001,35.498698865665091,2.3285729503632071
1800,0.015556250000000001,35.499090989095507,2.3284280167009945
1800,0.0155578125,35.499483154400572,2.3282830079752368
1800,0.015559375,35.499875361580933,2.3281379241607385
1800,0.0155609375,35.500267610637223,2.3279927652323034
1800,0.0155625,35.500659901570089,2.3278475311647346
1800,0.015564062500000002,35.501052234380154,2.3277022219328343
1800,0.015565625000000001,35.501444609068066,2.3275568375114033
1800,0.015567187500000001,35.501837025634465,2.3274113778752423
1800,0.015568750000000001,35.50222948407999,2.3272658429991502
1800,0.015570312500000001,35.502621984405273,2.3271202328579261
1800,0.015571875000000001,35.503014526610961,2.3269745474263681
1800,0.0155734375,35.503407110697687,2.3268287866792727
1800,0.015575,35.503799736666096,2.3266829505914348
1800,0.0155765625,35.504192404516814,2.3265370391376501
1800,0.015578125,35.504585114250489,2.3263910522927125
1800,0.015579687500000002,35.504977865867751,2.3262449900314155
1800,0.015581250000000001,35.505370659369234,2.3260988523285517
1800,0.015582812500000001,35.505763494755577,2.3259526391589134
1800,0.015584375000000001,35.506156372027419,2.3258063504972903
1800,0.015585937500000001,35.506549291185401,2.3256599863184726
1800,0.015587500000000001,35.506942252230154,2.3255135465972501
1800,0.0155890625,35.50733525516231,2.3253670313084105
1800,0.015590625,35.507728299982517,2.325220440426742
1800,0.0155921875,35.5081213866914,2.3250737739270311
1800,0.01559375,35.508514515289605,2.3249270317840636
1800,0.015595312500000002,35.508907685777771,2.3247802139726237
1800,0.015596875000000001,35.509300898156532,2.3246333204674965
1800,0.015598437500000001,35.509694152426526,2.3244863512434644
1800,0.015600000000000001,35.510087448588379,2.3243393062753097
1800,0.015601562500000001,35.510480786642731,2.3241921855378154
1800,0.015603125000000001,35.51087416659022,2.3240449890057615
1800,0.015604687500000001,35.51126758843148,2.3238977166539279
1800,0.01560625,35.511661052167149,2.3237503684570937
1800,0.0156078125,35.512054557797853,2.3236029443900375
1800,0.015609375,35.512448105324232,2.3234554444275366
1800,0.015610937500000002,35.512841694746918,2.3233078685443682
1800,0.015612500000000001,35.513235326066543,2.3231602167153085
1800,0.015614062500000001,35.513628999283753,2.3230124889151313
1800,0.015615625000000001,35.514022714399175,2.3228646851186121
1800,0.015617187500000001,35.514416471413433,2.3227168053005243
1800,0.015618750000000001,35.514810270327168,2.3225688494356405
1800,0.015620312500000001,35.51520411114101,2.322420817498732
1800,0.015621875,35.515597993855593,2.3222727094645705
1800,0.0156234375,35.515991918471563,2.322124525307927
1800,0.015625,35.516385884989539,2.3219762650035709
1800,0.0156265625,35.51677989341016,2.3218279285262713
1800,0.015628125,35.517173943734058,2.3216795158507959
1800,0.015629687499999999,35.517568035961858,2.3215310269519116
1800,0.015631249999999999,35.517962170094201,2.3213824618043848
1800,0.015632812499999999,35.518356346131711,2.3212338203829814
1800,0.015634375000000002,35.51875056407502,2.3210851026624666
1800,0.015635937500000002,35.519144823924769,2.320936308617604
1800,0.015637500000000002,35.51953912568159,2.3207874382231579
1800,0.015639062500000002,35.519933469346114,2.3206384914538907
1800,0.015640625000000002,35.520327854918968,2.3204894682845643
1800,0.015642187500000002,35.520722282400783,2.3203403686899398
1800,0.015643750000000001,35.521116751792192,2.3201911926447774
1800,0.015645312500000001,35.521511263093828,2.3200419401238368
1800,0.015646875000000001,35.521905816306322,2.3198926111018769
1800,0.015648437500000001,35.522300411430308,2.3197432055536562
1800,0.015650000000000001,35.52269504846641,2.3195937234539317
1800,0.015651562500000001,35.523089727415261,2.31944416477746
1800,0.015653125,35.523484448277493,2.3192945294989968
1800,0.0156546875,35.523879211053732,2.3191448175932985
1800,0.01565625,35.524274015744609,2.318995029035118
1800,0.0156578125,35.524668862350765,2.3188451637992094
1800,0.015659375,35.525063750872818,2.3186952218603252
1800,0.0156609375,35.525458681311399,2.3185452031932177
1800,0.015662499999999999,35.525853653667134,2.3183951077726386
1800,0.015664062499999999,35.526248667940649,2.3182449355733379
1800,0.015665625000000002,35.526643724132576,2.3180946865700665
1800,0.015667187500000002,35.527038822243547,2.3179443607375734
1800,0.015668750000000002,35.527433962274195,2.3177939580506068
1800,0.015670312500000002,35.527829144225144,2.3176434784839146
1800,0.015671875000000002,35.528224368097028,2.3174929220122444
1800,0.015673437500000002,35.528619633890472,2.3173422886103432
1800,0.015675000000000001,35.5290149416061,2.3171915782529555
1800,0.015676562500000001,35.529410291244552,2.317040790914827
1800,0.015678125000000001,35.529805682806455,2.3168899265707013
1800,0.015679687500000001,35.530201116292425,2.3167389851953226
1800,0.015681250000000001,35.530596591703095,2.316587966763433
1800,0.015682812500000001,35.53099210903909,2.3164368712497749
1800,0.015684375,35.531387668301029,2.3162856986290898
1800,0.0156859375,35.531783269489537,2.3161344488761189
1800,0.0156875,35.532178912605247,2.3159831219656013
1800,0.0156890625,35.532574597648797,2.3158317178722774
1800,0.015690625,35.532970324620798,2.315680236570886
1800,0.0156921875,35.533366093521884,2.3155286780361646
1800,0.015693749999999999,35.533761904352687,2.3153770422428508
1800,0.015695312499999999,35.534157757113825,2.3152253291656812
1800,0.015696874999999999,35.534553651805929,2.3150735387793921
1800,0.015698437500000002,35.534949588429626,2.3149216710587179
1800,0.015700000000000002,35.535345566985534,2.3147697259783939
1800,0.015701562500000002,35.535741587474277,2.3146177035131537
1800,0.015703125000000002,35.536137649896482,2.3144656036377307
1800,0.015704687500000002,35.536533754252773,2.3143134263268577
1800,0.015706250000000001,35.536929900543775,2.3141611715552659
1800,0.015707812500000001,35.537326088770115,2.3140088392976867
1800,0.015709375000000001,35.537722318932417,2.3138564295288511
1800,0.015710937500000001,35.538118591031299,2.3137039422234884
1800,0.015712500000000001,35.538514905067395,2.3135513773563283
1800,0.015714062500000001,35.538911261041321,2.3133987349020999
1800,0.015715625,35.539307658953703,2.3132460148355305
1800,0.0157171875,35.539704098805167,2.3130932171313474
1800,0.01571875,35.540100580596345,2.3129403417642775
1800,0.0157203125,35.540497104327848,2.3127873887090473
1800,0.015721875,35.540893670000301,2.3126343579403814
1800,0.0157234375,35.54129027761433,2.3124812494330045
1800,0.015724999999999999,35.541686927170552,2.3123280631616407
1800,0.015726562499999999,35.542083618669587,2.3121747991010131
1800,0.015728124999999999,35.542480352112058,2.3120214572258453
1800,0.015729687500000002,35.542877127498592,2.3118680375108589
1800,0.015731250000000002,35.543273944829814,2.3117145399307755
1800,0.015732812500000002,35.543670804106355,2.3115609644603161
1800,0.015734375000000002,35.544067705328828,2.3114073110742011
1800,0.015735937500000002,35.544464648497851,2.3112535797471496
1800,0.015737500000000001,35.544861633614055,2.3110997704538812
1800,0.015739062500000001,35.545258660678051,2.3109458831691136
1800,0.015740625000000001,35.545655729690459,2.3107919178675647
1800,0.015742187500000001,35.546052840651903,2.3106378745239518
1800,0.015743750000000001,35.546449993563016,2.3104837531129911
1800,0.015745312500000001,35.546847188424401,2.3103295536093986
1800,0.015746875,35.547244425236691,2.3101752759878895
1800,0.0157484375,35.54764170400049,2.3100209202231783
1800,0.01575,35.548039024716431,2.3098664862899798
1800,0.0157515625,35.548436387385131,2.3097119741630063
1800,0.015753125,35.548833792007208,2.3095573838169718
1800,0.0157546875,35.549231238583282,2.3094027152265877
1800,0.015756249999999999,35.549628727113983,2.3092479683665657
1800,0.015757812499999999,35.550026257599917,2.3090931432116171
1800,0.015759374999999999,35.550423830041709,2.3089382397364528
1800,0.015760937500000002,35.550821444439983,2.3087832579157821
1800,0.015762500000000002,35.55121910079535,2.3086281977243148
1800,0.015764062500000002,35.55161679910843,2.3084730591367593
1800,0.015765625000000002,35.552014539379847,2.3083178421278232
1800,0.015767187500000002,35.552412321610213,2.3081625466722144
1800,0.015768750000000002,35.552810145800152,2.3080071727446403
1800,0.015770312500000001,35.553208011950275,2.3078517203198063
1800,0.015771875000000001,35.553605920061209,2.3076961893724182
1800,0.015773437500000001,35.55400387013357,2.3075405798771818
1800,0.015775000000000001,35.554401862167964,2.3073848918088009
1800,0.015776562500000001,35.554799896165015,2.307229125141979
1800,0.015778125,35.555197972125335,2.3070732798514202
1800,0.0157796875,35.555596090049548,2.3069173559118274
1800,0.01578125,35.555994249938273,2.3067613532979032
1800,0.0157828125,35.556392451792128,2.3066052719843495
1800,0.015784375,35.556790695611724,2.3064491119458665
1800,0.0157859375,35.55718898139768,2.3062928731571555
1800,0.015787499999999999,35.557587309150612,2.3061365555929165
1800,0.015789062499999999,35.557985678871134,2.3059801592278486
1800,0.015790624999999999,35.558384090559869,2.3058236840366506
1800,0.015792187500000002,35.558782544217422,2.305667129994021
1800,0.015793750000000002,35.559181039844418,2.3055104970746578
1800,0.015795312500000002,35.559579577441468,2.3053537852532582
1800,0.015796875000000002,35.559978157009176,2.3051969945045192
1800,0.015798437500000002,35.560376778548175,2.3050401248031358
1800,0.015800000000000002,35.560775442059068,2.3048831761238042
1800,0.015801562500000001,35.561174147542467,2.3047261484412198
1800,0.015803125000000001,35.561572894998996,2.304569041730077
1800,0.015804687500000001,35.561971684429274,2.3044118559650699
1800,0.015806250000000001,35.562370515833905,2.3042545911208916
1800,0.015807812500000001,35.562769389213514,2.3040972471722352
1800,0.015809375000000001,35.563168304568698,2.3039398240937925
1800,0.0158109375,35.563567261900076,2.3037823218602558
1800,0.0158125,35.563966261208265,2.3036247404463164
1800,0.0158140625,35.564365302493876,2.3034670798266643
1800,0.015815625,35.564764385757528,2.3033093399759896
1800,0.0158171875,35.565163510999824,2.3031515208689828
1800,0.015818749999999999,35.56556267822139,2.302993622480332
1800,0.015820312499999999,35.565961887422837,2.3028356447847265
1800,0.015821874999999999,35.566361138604769,2.3026775877568548
1800,0.015823437500000002,35.566760431767811,2.302519451371404
1800,0.015825000000000002,35.567159766912567,2.3023612356030614
1800,0.015826562500000002,35.567559144039649,2.3022029404265134
1800,0.015828125000000002,35.567958563149666,2.3020445658164457
1800,0.015829687500000002,35.568358024243224,2.3018861117475446
1800,0.015831250000000002,35.56875752732094,2.3017275781944946
1800,0.015832812500000001,35.569157072383426,2.3015689651319802
1800,0.015834375000000001,35.569556659431292,2.3014102725346857
1800,0.015835937500000001,35.569956288465157,2.3012515003772944
1800,0.015837500000000001,35.570355959485617,2.3010926486344894
1800,0.015839062500000001,35.570755672493299,2.3009337172809534
1800,0.015840625000000001,35.571155427488812,2.3007747062913682
1800,0.0158421875,35.57155522447276,2.3006156156404147
1800,0.01584375,35.571955063445756,2.3004564453027747
1800,0.0158453125,35.57235494440841,2.3002971952531288
1800,0.015846875,35.572754867361333,2.300137865466156
1800,0.0158484375,35.573154832305136,2.2999784559165359
1800,0.01585,35.573554839240423,2.2998189665789477
1800,0.015851562499999999,35.573954888167812,2.2996593974280701
1800,0.015853124999999999,35.574354979087907,2.2994997484385813
1800,0.015854687500000002,35.574755112001313,2.2993400195851588
1800,0.015856250000000002,35.575155286908632,2.2991802108424797
1800,0.015857812500000002,35.575555503810477,2.2990203221852203
1800,0.015859375000000002,35.575955762707459,2.2988603535880574
1800,0.015860937500000002,35.576356063600187,2.2987003050256658
1800,0.015862500000000002,35.576756406489267,2.2985401764727209
1800,0.015864062500000001,35.577156791375302,2.2983799679038968
1800,0.015865625000000001,35.57755721825891,2.2982196792938687
1800,0.015867187500000001,35.577957687140703,2.2980593106173099
1800,0.015868750000000001,35.578358198021277,2.2978988618488931
1800,0.015870312500000001,35.578758750901244,2.2977383329632923
1800,0.015871875000000001,35.579159345781207,2.2975777239351802
1800,0.0158734375,35.579559982661777,2.2974170347392278
1800,0.015875,35.579960661543559,2.2972562653501063
1800,0.0158765625,35.580361382427157,2.2970954157424872
1800,0.015878125,35.580762145313173,2.2969344858910405
1800,0.0158796875,35.58116295020222,2.2967734757704363
1800,0.01588125,35.581563797094901,2.2966123853553437
1800,0.015882812499999999,35.581964685991828,2.2964512146204323
1800,0.015884374999999999,35.582365616893597,2.2962899635403708
1800,0.015885937500000002,35.582766589800812,2.296128632089828
1800,0.015887500000000002,35.583167604714092,2.2959672202434711
1800,0.015889062500000002,35.583568661634033,2.2958057279759676
1800,0.015890625000000002,35.583969760561246,2.295644155261984
1800,0.015892187500000002,35.584370901496342,2.2954825020761871
1800,0.015893750000000002,35.584772084439912,2.2953207683932422
1800,0.015895312500000001,35.585173309392566,2.2951589541878157
1800,0.015896875000000001,35.585574576354901,2.2949970594345719
1800,0.015898437500000001,35.585975885327521,2.2948350841081755
1800,0.015900000000000001,35.586377236311037,2.2946730281832921
1800,0.015901562500000001,35.586778629306046,2.2945108916345838
1800,0.015903125000000001,35.587180064313159,2.2943486744367139
1800,0.0159046875,35.587581541332973,2.2941863765643458
1800,0.01590625,35.587983060366092,2.2940239979921424
1800,0.0159078125,35.58838462141312,2.2938615386947654
1800,0.015909375,35.588786224474667,2.2936989986468768
1800,0.0159109375,35.589187869551331,2.2935363778231364
1800,0.0159125,35.589589556643709,2.2933736761982062
1800,0.015914062499999999,35.589991285752397,2.2932108937467461
1800,0.015915624999999999,35.590393056878007,2.2930480304434155
1800,0.015917187499999999,35.590794870021149,2.2928850862628742
1800,0.015918750000000002,35.591196725182414,2.2927220611797821
1800,0.015920312500000002,35.591598622362405,2.292558955168797
1800,0.015921875000000002,35.592000561561726,2.2923957682045777
1800,0.015923437500000002,35.592402542780967,2.2922325002617816
1800,0.015925000000000002,35.592804566020732,2.2920691513150668
1800,0.015926562500000001,35.593206631281618,2.2919057213390901
1800,0.015928125000000001,35.593608738564228,2.2917422103085077
1800,0.015929687500000001,35.59401088786916,2.2915786181979758
1800,0.015931250000000001,35.594413079197039,2.2914149449821499
1800,0.015932812500000001,35.594815312548448,2.2912511906356854
1800,0.015934375000000001,35.59521758792399,2.2910873551332376
1800,0.0159359375,35.595619905324256,2.290923438449461
1800,0.0159375,35.596022264749855,2.2907594405590097
1800,0.0159390625,35.596424666201379,2.2905953614365369
1800,0.015940625,35.596827109679431,2.290431201056697
1800,0.0159421875,35.597229595184608,2.2902669593941423
1800,0.01594375,35.597632122717506,2.290102636423526
1800,0.015945312499999999,35.598034692278723,2.2899382321195003
1800,0.015946874999999999,35.598437303868863,2.2897737464567158
1800,0.015948437499999999,35.598839957488522,2.2896091794098243
1800,0.015950000000000002,35.599242653138297,2.2894445309534768
1800,0.015951562500000002,35.599645390818793,2.2892798010623236
1800,0.015953125000000002,35.600048170530606,2.2891149897110155
1800,0.015954687500000002,35.600450992274325,2.2889500968742018
1800,0.015956250000000002,35.600853856050556,2.2887851225265323
1800,0.015957812500000002,35.601256761859901,2.2886200666426562
1800,0.015959375000000001,35.60165970970295,2.288454929197222
1800,0.015960937500000001,35.602062699580294,2.2882897101648778
1800,0.015962500000000001,35.602465731492536,2.2881244095202713
1800,0.015964062500000001,35.602868805440274,2.2879590272380503
1800,0.015965625000000001,35.603271921424103,2.2877935632928619
1800,0.0159671875,35.603675079444614,2.2876280176593529
1800,0.01596875,35.60407827950241,2.2874623903121698
1800,0.0159703125,35.604481521598089,2.2872966812259587
1800,0.015971875,35.604884805732233,2.2871308903753644
1800,0.0159734375,35.605288131905446,2.2869650177350325
1800,0.015975,35.605691500118319,2.286799063279608
1800,0.015976562499999999,35.606094910371453,2.2866330269837358
1800,0.015978124999999999,35.606498362665441,2.2864669088220597
1800,0.015979687499999999,35.606901857000878,2.2863007087692235
1800,0.015981250000000002,35.607305393378354,2.2861344267998702
1800,0.015982812500000002,35.607708971798466,2.2859680628886436
1800,0.015984375000000002,35.608112592261811,2.2858016170101867
1800,0.015985937500000002,35.608516254768972,2.285635089139141
1800,0.015987500000000002,35.608919959320552,2.2854684792501483
1800,0.015989062500000002,35.609323705917149,2.2853017873178509
1800,0.015990625000000001,35.609727494559358,2.2851350133168897
1800,0.015992187500000001,35.610131325247764,2.2849681572219054
1800,0.015993750000000001,35.610535197982962,2.2848012190075386
1800,0.015995312500000001,35.610939112765543,2.2846341986484293
1800,0.015996875000000001,35.611343069596089,2.2844670961192173
1800,0.015998437500000001,35.611747068475196,2.2842999113945424
1800,0.016,35.612151109403463,2.284132644449044
1800,0.0160015625,35.612555192381485,2.283965295257361
1800,0.016003125,35.612959317409839,2.2837978637941312
1800,0.0160046875,35.613363484489128,2.2836303500339925
1800,0.01600625,35.613767693619948,2.283462753951583
1800,0.016007812499999999,35.614171944802884,2.28329507552154
1800,0.016009374999999999,35.614576238038531,2.2831273147185005
1800,0.016010937499999999,35.614980573327472,2.2829594715171013
1800,0.016012500000000002,35.615384950670304,2.2827915458919792
1800,0.016014062500000002,35.615789370067617,2.2826235378177699
1800,0.016015625000000002,35.616193831519993,2.2824554472691094
1800,0.016017187500000002,35.616598335028037,2.2822872742206326
1800,0.016018750000000002,35.617002880592338,2.2821190186469749
1800,0.016020312500000002,35.617407468213472,2.2819506805227703
1800,0.016021875000000001,35.617812097892028,2.2817822598226538
1800,0.016023437500000001,35.618216769628603,2.2816137565212591
1800,0.016025000000000001,35.618621483423794,2.2814451705932193
1800,0.016026562500000001,35.619026239278178,2.2812765020131685
1800,0.016028125000000001,35.619431037192342,2.2811077507557389
1800,0.016029687500000001,35.619835877166878,2.2809389167955634
1800,0.01603125,35.620240759202375,2.280770000107275
1800,0.0160328125,35.620645683299422,2.2806010006655053
1800,0.016034375,35.621050649458603,2.280431918444886
1800,0.0160359375,35.621455657680514,2.280262753420049
1800,0.0160375,35.62186070796573,2.280093505565624
1800,0.0160390625,35.622265800314842,2.2799241748562422
1800,0.016040624999999999,35.622670934728433,2.2797547612665339
1800,0.016042187499999999,35.623076111207105,2.2795852647711294
1800,0.016043750000000002,35.623481329751449,2.2794156853446581
1800,0.016045312500000002,35.623886590362034,2.2792460229617499
1800,0.016046875000000002,35.624291893039455,2.2790762775970337
1800,0.016048437500000002,35.624697237784297,2.2789064492251385
1800,0.016050000000000002,35.62510262459714,2.2787365378206923
1800,0.016051562500000002,35.625508053478583,2.2785665433583238
1800,0.016053125000000001,35.625913524429201,2.2783964658126608
1800,0.016054687500000001,35.626319037449576,2.2782263051583307
1800,0.016056250000000001,35.626724592540299,2.278056061369961
1800,0.016057812500000001,35.627130189701958,2.2778857344221777
1800,0.016059375000000001,35.627535828935137,2.2777153242896078
1800,0.016060937500000001,35.627941510240419,2.2775448309468773
1800,0.0160625,35.628347233618392,2.2773742543686124
1800,0.0160640625,35.628752999069633,2.2772035945294391
1800,0.016065625,35.629158806594731,2.2770328514039826
1800,0.0160671875,35.629564656194276,2.2768620249668672
1800,0.01606875,35.629970547868858,2.2766911151927185
1800,0.0160703125,35.630376481619052,2.2765201220561608
1800,0.016071874999999999,35.630782457445441,2.276349045531818
1800,0.016073437499999999,35.631188475348601,2.2761778855943136
1800,0.016075000000000002,35.631594535329121,2.2760066422182716
1800,0.016076562500000002,35.632000637387584,2.2758353153783148
1800,0.016078125000000002,35.632406781524573,2.2756639050490661
1800,0.016079687500000002,35.632812967740669,2.2754924112051484
1800,0.016081250000000002,35.633219196036457,2.2753208338211839
1800,0.016082812500000002,35.633625466412511,2.275149172871795
1800,0.016084375000000001,35.634031778869428,2.2749774283316029
1800,0.016085937500000001,35.634438133407784,2.2748056001752288
1800,0.016087500000000001,35.634844530028154,2.2746336883772944
1800,0.016089062500000001,35.635250968731128,2.27446169291242
1800,0.016090625000000001,35.635657449517289,2.2742896137552266
1800,0.016092187500000001,35.636063972387213,2.2741174508803348
1800,0.01609375,35.636470537341481,2.2739452042623642
1800,0.0160953125,35.636877144380669,2.273772873875934
1800,0.016096875,35.637283793505368,2.2736004596956638
1800,0.0160984375,35.637690484716146,2.2734279616961723
1800,0.0161,35.638097218013577,2.2732553798520789
1800,0.0161015625,35.638503993398253,2.2730827141380012
1800,0.016103124999999999,35.638910810870748,2.2729099645285578
1800,0.016104687499999999,35.639317670431645,2.2727371309983666
1800,0.016106249999999999,35.639724572081519,2.2725642135220459
1800,0.016107812500000002,35.640131515820954,2.2723912120742127
1800,0.016109375000000002,35.640538501650539,2.2722181266294839
1800,0.016110937500000002,35.64094552957085,2.272044957162477
1800,0.016112500000000002,35.641352599582461,2.2718717036478075
1800,0.016114062500000002,35.641759711685943,2.2716983660600918
1800,0.016115625000000001,35.642166865881883,2.2715249443739456
1800,0.016117187500000001,35.642574062170851,2.2713514385639848
1800,0.016118750000000001,35.642981300553437,2.2711778486048253
1800,0.016120312500000001,35.643388581030223,2.2710041744710816
1800,0.016121875000000001,35.643795903601777,2.2708304161373682
1800,0.016123437500000001,35.644203268268676,2.2706565735782998
1800,0.016125,35.644610675031494,2.2704826467684911
1800,0.0161265625,35.645018123890807,2.2703086356825559
1800,0.016128125,35.645425614847191,2.270134540295107
1800,0.0161296875,35.645833147901222,2.2699603605807588
1800,0.01613125,35.646240723053474,2.2697860965141237
1800,0.0161328125,35.646648340304523,2.2696117480698152
1800,0.016134374999999999,35.647055999654945,2.2694373152224459
1800,0.016135937499999999,35.647463701105309,2.2692627979466273
1800,0.016137499999999999,35.647871444656204,2.2690881962169724
1800,0.016139062500000002,35.648279230308198,2.268913510008093
1800,0.016140625000000002,35.648687058061881,2.2687387392945997
1800,0.016142187500000002,35.649094927917815,2.2685638840511033
1800,0.016143750000000002,35.649502839876575,2.2683889442522163
1800,0.016145312500000002,35.649910793938737,2.2682139198725486
1800,0.016146875000000002,35.650318790104876,2.2680388108867109
1800,0.016148437500000001,35.650726828375554,2.2678636172693127
1800,0.016150000000000001,35.651134908751359,2.2676883389949638
1800,0.016151562500000001,35.651543031232862,2.2675129760382733
1800,0.016153125000000001,35.651951195820637,2.2673375283738513
1800,0.016154687500000001,35.652359402515259,2.2671619959763061
1800,0.01615625,35.652767651317298,2.2669863788202469
1800,0.0161578125,35.653175942227328,2.2668106768802825
1800,0.016159375,35.653584275245919,2.2666348901310203
1800,0.0161609375,35.653992650373638,2.2664590185470694
1800,0.0161625,35.654401067611062,2.266283062103037
1800,0.0161640625,35.654809526958772,2.2661070207735308
1800,0.016165624999999999,35.655218028417323,2.2659308945331578
1800,0.016167187499999999,35.655626571987298,2.265754683356525
1800,0.016168749999999999,35.656035157669265,2.2655783872182385
1800,0.016170312500000002,35.656443785463793,2.2654020060929048
1800,0.016171875000000002,35.656852455371457,2.26522553995513
1800,0.016173437500000002,35.657261167392832,2.2650489887795207
1800,0.016175000000000002,35.65766992152848,2.2648723525406815
1800,0.016176562500000002,35.658078717778977,2.2646956312132183
1800,0.016178125000000002,35.658487556144891,2.2645188247717356
1800,0.016179687500000001,35.65889643662679,2.2643419331908388
1800,0.016181250000000001,35.65930535922525,2.264164956445132
1800,0.016182812500000001,35.659714323940833,2.2639878945092198
1800,0.016184375000000001,35.660123330774113,2.2638107473577058
1800,0.016185937500000001,35.660532379725659,2.2636335149651932
1800,0.0161875,35.66094147079604,2.2634561973062866
1800,0.0161890625,35.661350603985831,2.2632787943555885
1800,0.016190625,35.661759779295593,2.2631013060877025
1800,0.0161921875,35.662168996725896,2.2629237324772316
1800,0.01619375,35.662578256277314,2.2627460734987777
1800,0.0161953125,35.662987557950409,2.2625683291269434
1800,0.016196874999999999,35.663396901745742,2.26239049933633
1800,0.016198437499999999,35.663806287663881,2.2622125841015395
1800,0.016199999999999999,35.664215715705396,2.2620345833971736
1800,0.016201562500000002,35.664625185870861,2.2618564971978325
1800,0.016203125000000002,35.665034698160838,2.2616783254781176
1800,0.016204687500000002,35.665444252575895,2.2615000682126292
1800,0.016206250000000002,35.665853849116601,2.2613217253759688
1800,0.016207812500000002,35.666263487783525,2.2611432969427359
1800,0.016209375000000002,35.666673168577226,2.2609647828875303
1800,0.016210937500000001,35.667082891498268,2.2607861831849521
1800,0.016212500000000001,35.667492656547218,2.2606074978096
1800,0.016214062500000001,35.667902463724637,2.2604287267360741
1800,0.016215625000000001,35.668312313031095,2.2602498699389719
1800,0.016217187500000001,35.668722204467166,2.2600709273928929
1800,0.016218750000000001,35.669132138033412,2.2598918990724353
1800,0.0162203125,35.669542113730401,2.259712784952197
1800,0.016221875,35.669952131558688,2.2595335850067757
1800,0.0162234375,35.670362191518841,2.2593542992107691
1800,0.016225,35.670772293611421,2.2591749275387745
1800,0.0162265625,35.671182437836997,2.2589954699653885
1800,0.016228124999999999,35.67159262419613,2.2588159264652079
1800,0.016229687499999999,35.672002852689374,2.2586362970128295
1800,0.016231249999999999,35.672413123317313,2.2584565815828506
1800,0.016232812500000002,35.672823436080492,2.258276780149866
1800,0.016234375000000002,35.673233790979488,2.2580968926884721
1800,0.016235937500000002,35.673644188014869,2.2579169191732649
1800,0.016237500000000002,35.674054627187189,2.2577368595788401
1800,0.016239062500000002,35.67446510849701,2.257556713879791
1800,0.016240625000000002,35.674875631944893,2.257376482050713
1800,0.016242187500000001,35.675286197531413,2.257196164066201
1800,0.016243750000000001,35.675696805257118,2.2570157599008489
1800,0.016245312500000001,35.676107455122569,2.2568352695292502
1800,0.016246875000000001,35.676518147128327,2.2566546929259994
1800,0.016248437500000001,35.676928881274947,2.2564740300656898
1800,0.016250000000000001,35.677339657562996,2.2562932809229146
1800,0.0162515625,35.677750475993037,2.256112445472267
1800,0.016253125,35.678161336565623,2.2559315236883397
1800,0.0162546875,35.678572239281323,2.2557505155457256
1800,0.01625625,35.678983184140698,2.2555694210190156
1800,0.0162578125,35.679394171144295,2.2553882400828029
1800,0.016259375,35.679805200292684,2.2552069727116786
1800,0.016260937499999999,35.680216271586417,2.2550256188802353
1800,0.016262499999999999,35.680627385026064,2.2548441785630637
1800,0.016264062500000002,35.681038540612178,2.2546626517347543
1800,0.016265625000000002,35.681449738345322,2.2544810383698977
1800,0.016267187500000002,35.681860978226055,2.2542993384430847
1800,0.016268750000000002,35.682272260254926,2.2541175519289056
1800,0.016270312500000002,35.682683584432503,2.2539356788019504
1800,0.016271875000000002,35.683094950759347,2.2537537190368089
1800,0.016273437500000001,35.683506359236013,2.2535716726080706
1800,0.016275000000000001,35.683917809863054,2.2533895394903243
1800,0.016276562500000001,35.684329302641032,2.2532073196581597
1800,0.016278125000000001,35.684740837570502,2.2530250130861647
1800,0.016279687500000001,35.685152414652023,2.252842619748928
1800,0.016281250000000001,35.685564033886159,2.2526601396210379
1800,0.0162828125,35.685975695273456,2.252477572677082
1800,0.016284375,35.686387398814475,2.2522949188916481
1800,0.0162859375,35.68679914450977,2.2521121782393236
1800,0.0162875,35.687210932359903,2.2519293506946956
1800,0.0162890625,35.687622762365422,2.2517464362323505
1800,0.016290625,35.688034634526886,2.2515634348268754
1800,0.016292187499999999,35.688446548844851,2.2513803464528577
1800,0.016293749999999999,35.688858505319871,2.2511971710848826
1800,0.016295312500000003,35.6892705039525,2.2510139086975358
1800,0.016296875000000002,35.689682544743299,2.250830559265403
1800,0.016298437500000002,35.690094627692815,2.2506471227630698
1800,0.016300000000000002,35.69050675280161,2.250463599165121
1800,0.016301562500000002,35.690918920070224,2.2502799884461417
1800,0.016303125000000002,35.691331129499218,2.250096290580716
1800,0.016304687500000001,35.69174338108914,2.2499125055434286
1800,0.016306250000000001,35.692155674840549,2.2497286333088633
1800,0.016307812500000001,35.692568010754002,2.2495446738516041
1800,0.016309375000000001,35.692980388830051,2.2493606271462347
1800,0.016310937500000001,35.693392809069238,2.2491764931673384
1800,0.016312500000000001,35.693805271472122,2.2489922718894979
1800,0.0163140625,35.69421777603926,2.2488079632872955
1800,0.016315625,35.694630322771211,2.2486235673353141
1800,0.0163171875,35.695042911668516,2.2484390840081363
1800,0.01631875,35.695455542731729,2.2482545132803442
1800,0.0163203125,35.695868215961411,2.2480698551265186
1800,0.016321875,35.696280931358103,2.247885109521242
1800,0.016323437499999999,35.696693688922359,2.2477002764390956
1800,0.016324999999999999,35.697106488654725,2.2475153558546603
1800,0.016326562499999999,35.697519330555757,2.2473303477425155
1800,0.016328125000000002,35.697932214626007,2.2471452520772424
1800,0.016329687500000002,35.698345140866024,2.2469600688334213
1800,0.016331250000000002,35.698758109276355,2.2467747979856321
1800,0.016332812500000002,35.699171119857546,2.2465894395084542
1800,0.016334375000000002,35.699584172610152,2.2464039933764672
1800,0.016335937500000001,35.699997267534727,2.24621845956425
1800,0.016337500000000001,35.700410404631825,2.2460328380463812
1800,0.016339062500000001,35.700823583901986,2.2458471287974398
1800,0.016340625000000001,35.701236805345751,2.2456613317920033
1800,0.016342187500000001,35.70165006896368,2.2454754470046505
1800,0.016343750000000001,35.702063374756314,2.2452894744099594
1800,0.0163453125,35.702476722724214,2.2451034139825059
1800,0.016346875,35.702890112867919,2.2449172656968686
1800,0.0163484375,35.703303545187971,2.2447310295276237
1800,0.01635,35.703717019684916,2.2445447054493477
1800,0.0163515625,35.704130536359308,2.2443582934366182
1800,0.016353125,35.704544095211695,2.2441717934640102
1800,0.016354687499999999,35.704957696242623,2.2439852055061
1800,0.016356249999999999,35.70537133945264,2.2437985295374627
1800,0.016357812499999999,35.705785024842292,2.2436117655326737
1800,0.016359375000000002,35.706198752412128,2.243424913466308
1800,0.016360937500000002,35.706612522162686,2.2432379733129406
1800,0.016362500000000002,35.707026334094522,2.2430509450471456
1800,0.016364062500000002,35.707440188208174,2.2428638286434972
1800,0.016365625000000002,35.707854084504184,2.2426766240765699
1800,0.016367187500000002,35.708268022983113,2.2424893313209369
1800,0.016368750000000001,35.708682003645492,2.242301950351171
1800,0.016370312500000001,35.709096026491864,2.2421144811418463
1800,0.016371875000000001,35.70951009152278,2.2419269236675357
1800,0.016373437500000001,35.70992419873879,2.2417392779028109
1800,0.016375000000000001,35.710338348140432,2.2415515438222444
1800,0.0163765625,35.710752539728254,2.241363721400409
1800,0.016378125,35.711166773502804,2.2411758106118755
1800,0.0163796875,35.71158104946462,2.2409878114312156
1800,0.01638125,35.71199536761425,2.2407997238329997
1800,0.0163828125,35.712409727952235,2.2406115477917985
1800,0.016384375,35.712824130479113,2.2404232832821833
1800,0.016385937499999999,35.71323857519544,2.2402349302787234
1800,0.016387499999999999,35.713653062101749,2.2400464887559903
1800,0.016389062499999999,35.714067591198578,2.2398579586885528
1800,0.016390625000000002,35.714482162486476,2.2396693400509808
1800,0.016392187500000002,35.714896775965975,2.239480632817842
1800,0.016393750000000002,35.715311431637623,2.239291836963706
1800,0.016395312500000002,35.715726129501959,2.2391029524631412
1800,0.016396875000000002,35.716140869559517,2.2389139792907153
1800,0.016398437500000002,35.716555651810843,2.2387249174209973
1800,0.016400000000000001,35.716970476256492,2.2385357668285537
1800,0.016401562500000001,35.717385342896989,2.2383465274879524
1800,0.016403125000000001,35.717800251732868,2.2381571993737603
1800,0.016404687500000001,35.718215202764675,2.2379677824605446
1800,0.016406250000000001,35.718630195992965,2.2377782767228718
1800,0.016407812500000001,35.719045231418271,2.2375886821353075
1800,0.016409375,35.719460309041132,2.2373989986724183
1800,0.0164109375,35.719875428862089,2.2372092263087686
1800,0.0164125,35.720290590881675,2.2370193650189241
1800,0.0164140625,35.720705795100429,2.2368294147774499
1800,0.016415625,35.721121041518884,2.2366393755589109
1800,0.016417187499999999,35.721536330137596,2.2364492473378705
1800,0.016418749999999999,35.721951660957096,2.2362590300888932
1800,0.016420312499999999,35.72236703397791,2.2360687237865431
1800,0.016421875000000002,35.722782449200594,2.2358783284053838
1800,0.016423437500000002,35.723197906625678,2.2356878439199774
1800,0.016425000000000002,35.723613406253705,2.2354972703048874
1800,0.016426562500000002,35.724028948085198,2.2353066075346768
1800,0.016428125000000002,35.7244445321207,2.2351158555839072
1800,0.016429687500000002,35.724860158360741,2.23492501442714
1800,0.016431250000000001,35.72527582680587,2.2347340840389367
1800,0.016432812500000001,35.725691537456619,2.2345430643938586
1800,0.016434375000000001,35.726107290313522,2.2343519554664666
1800,0.016435937500000001,35.726523085377117,2.2341607572313218
1800,0.016437500000000001,35.726938922647939,2.2339694696629846
1800,0.016439062500000001,35.727354802126513,2.2337780927360145
1800,0.016440625,35.727770723813379,2.2335866264249713
1800,0.0164421875,35.728186687709091,2.2333950707044137
1800,0.01644375,35.728602693814167,2.2332034255489011
1800,0.0164453125,35.729018742129149,2.233011690932992
1800,0.016446875,35.729434832654562,2.2328198668312456
1800,0.0164484375,35.729850965390952,2.2326279532182189
1800,0.016449999999999999,35.730267140338839,2.2324359500684698
1800,0.016451562499999999,35.730683357498769,2.2322438573565559
1800,0.016453125000000002,35.731099616871262,2.2320516750570341
1800,0.016454687500000002,35.731515918456857,2.2318594031444614
1800,0.016456250000000002,35.731932262256088,2.2316670415933939
1800,0.016457812500000002,35.732348648269486,2.2314745903783879
1800,0.016459375000000002,35.732765076497586,2.2312820494739989
1800,0.016460937500000002,35.733181546940912,2.2310894188547827
1800,0.016462500000000001,35.73359805960002,2.230896698495294
1800,0.016464062500000001,35.73401461447542,2.2307038883700874
1800,0.016465625000000001,35.734431211567653,2.2305109884537173
1800,0.016467187500000001,35.734847850877244,2.2303179987207375
1800,0.016468750000000001,35.735264532404727,2.2301249191457018
1800,0.016470312500000001,35.735681256150642,2.2299317497031641
1800,0.016471875,35.736098022115513,2.2297384903676769
1800,0.0164734375,35.736514830299868,2.229545141113793
1800,0.016475,35.736931680704231,2.2293517019160647
1800,0.0164765625,35.737348573329143,2.2291581727490444
1800,0.016478125,35.73776550817513,2.2289645535872831
1800,0.0164796875,35.738182485242717,2.2287708444053318
1800,0.016481249999999999,35.738599504532445,2.2285770451777411
1800,0.016482812499999999,35.739016566044832,2.2283831558790621
1800,0.016484375000000002,35.739433669780418,2.2281891764838444
1800,0.016485937500000002,35.739850815739722,2.2279951069666386
1800,0.016487500000000002,35.740268003923276,2.2278009473019931
1800,0.016489062500000002,35.740685234331607,2.2276066974644584
1800,0.016490625000000002,35.741102506965241,2.2274123574285829
1800,0.016492187500000002,35.74151982182471,2.2272179271689145
1800,0.016493750000000001,35.741937178910547,2.2270234066600021
1800,0.016495312500000001,35.742354578223271,2.226828795876393
1800,0.016496875000000001,35.742772019763407,2.226634094792634
1800,0.016498437500000001,35.743189503531489,2.2264393033832719
1800,0.016500000000000001,35.743607029528036,2.2262444216228539
1800,0.016501562500000001,35.74402459775358,2.226049449485926
1800,0.016503125,35.744442208208653,2.2258543869470335
1800,0.0165046875,35.744859860893776,2.2256592339807222
1800,0.01650625,35.745277555809473,2.2254639905615368
1800,0.0165078125,35.74569529295627,2.225268656664023
1800,0.016509375,35.746113072334701,2.2250732322627242
1800,0.0165109375,35.746530893945277,2.2248777173321845
1800,0.016512499999999999,35.74694875778853,2.2246821118469478
1800,0.016514062499999999,35.747366663864973,2.2244864157815565
1800,0.016515625000000003,35.747784612175138,2.2242906291105538
1800,0.016517187500000002,35.748202602719559,2.2240947518084817
1800,0.016518750000000002,35.748620635498753,2.223898783849882
1800,0.016520312500000002,35.749038710513247,2.2237027252092965
1800,0.016521875000000002,35.749456827763566,2.2235065758612671
1800,0.016523437500000002,35.749874987250237,2.2233103357803343
1800,0.016525000000000001,35.750293188973778,2.2231140049410376
1800,0.016526562500000001,35.7507114329347,2.2229175833179178
1800,0.016528125000000001,35.751129719133537,2.2227210708855143
1800,0.016529687500000001,35.7515480475708,2.2225244676183666
1800,0.016531250000000001,35.751966418247022,2.2223277734910134
1800,0.016532812500000001,35.752384831162722,2.2221309884779932
1800,0.016534375,35.752803286318425,2.2219341125538445
1800,0.0165359375,35.753221783714658,2.2217371456931043
1800,0.0165375,35.753640323351931,2.2215400878703098
1800,0.0165390625,35.754058905230764,2.2213429390599972
1800,0.016540625,35.754477529351689,2.2211456992367036
1800,0.0165421875,35.754896195715226,2.2209483683749638
1800,0.016543749999999999,35.755314904321885,2.2207509464493134
1800,0.016545312499999999,35.755733655172193,2.2205534334342882
1800,0.016546874999999999,35.756152448266668,2.2203558293044221
1800,0.016548437500000002,35.756571283605837,2.2201581340342504
1800,0.016550000000000002,35.756990161190217,2.219960347598307
1800,0.016551562500000002,35.757409081020334,2.219762469971124
1800,0.016553125000000002,35.757828043096701,2.2195645011272358
1800,0.016554687500000002,35.758247047419843,2.2193664410411746
1800,0.016556250000000002,35.758666093990264,2.219168289687472
1800,0.016557812500000001,35.759085182808498,2.2189700470406595
1800,0.016559375000000001,35.759504313875048,2.2187717130752684
1800,0.016560937500000001,35.759923487190441,2.21857328776583
1800,0.016562500000000001,35.760342702755196,2.2183747710868742
1800,0.016564062500000001,35.760761960569823,2.2181761630129317
1800,0.016565625,35.761181260634835,2.217977463518531
1800,0.0165671875,35.761600602950757,2.2177786725782016
1800,0.01656875,35.762019987518116,2.217579790166472
1800,0.0165703125,35.762439414337429,2.2173808162578701
1800,0.016571875,35.762858883409194,2.2171817508269238
1800,0.0165734375,35.763278394733945,2.2169825938481598
1800,0.016574999999999999,35.763697948312185,2.216783345296105
1800,0.016576562499999999,35.764117544144433,2.2165840051452861
1800,0.016578124999999999,35.764537182231209,2.2163845733702288
1800,0.016579687500000002,35.764956862573023,2.2161850499454583
1800,0.016581250000000002,35.765376585170394,2.2159854348454999
1800,0.016582812500000002,35.765796350023841,2.2157857280448781
1800,0.016584375000000002,35.766216157133869,2.2155859295181166
1800,0.016585937500000002,35.766636006500988,2.2153860392397386
1800,0.016587500000000002,35.767055898125719,2.2151860571842681
1800,0.016589062500000001,35.767475832008586,2.2149859833262266
1800,0.016590625000000001,35.767895808150094,2.2147858176401369
1800,0.016592187500000001,35.768315826550754,2.2145855601005198
1800,0.016593750000000001,35.768735887211093,2.2143852106818969
1800,0.016595312500000001,35.769155990131608,2.2141847693587891
1800,0.016596875000000001,35.769576135312818,2.2139842361057163
1800,0.0165984375,35.769996322755233,2.2137836108971976
1800,0.0166,35.770416552459366,2.2135828937077524
1800,0.0166015625,35.770836824425729,2.2133820845118994
1800,0.016603125,35.771257138654832,2.2131811832841564
1800,0.0166046875,35.771677495147195,2.2129801899990418
1800,0.016606249999999999,35.772097893903329,2.2127791046310725
1800,0.016607812499999999,35.772518334923738,2.212577927154765
1800,0.016609374999999999,35.772938818208935,2.212376657544636
1800,0.016610937500000002,35.773359343759431,2.2121752957752006
1800,0.016612500000000002,35.773779911575737,2.2119738418209738
1800,0.016614062500000002,35.774200521658358,2.2117722956564703
1800,0.016615625000000002,35.774621174007805,2.2115706572562046
1800,0.016617187500000002,35.775041868624591,2.2113689265946896
1800,0.016618750000000002,35.775462605509226,2.2111671036464391
1800,0.016620312500000001,35.775883384662222,2.2109651883859649
1800,0.016621875000000001,35.776304206084077,2.2107631807877794
1800,0.016623437500000001,35.77672506977531,2.2105610808263947
1800,0.016625000000000001,35.777145975736424,2.2103588884763208
1800,0.016626562500000001,35.777566923967932,2.2101566037120683
1800,0.016628125000000001,35.777987914470337,2.2099542265081475
1800,0.0166296875,35.778408947244152,2.2097517568390672
1800,0.01663125,35.778830022289881,2.2095491946793371
1800,0.0166328125,35.779251139608029,2.2093465400034651
1800,0.016634375,35.779672299199106,2.2091437927859587
1800,0.0166359375,35.780093501063618,2.2089409530013255
1800,0.0166375,35.780514745202076,2.2087380206240721
1800,0.016639062499999999,35.780936031614992,2.2085349956287046
1800,0.016640624999999999,35.78135736030287,2.2083318779897283
1800,0.016642187500000002,35.781778731266215,2.2081286676816476
1800,0.016643750000000002,35.782200144505524,2.2079253646789669
1800,0.016645312500000002,35.782621600021315,2.2077219689561907
1800,0.016646875000000002,35.783043097814087,2.2075184804878223
1800,0.016648437500000002,35.78346463788435,2.207314899248364
1800,0.016650000000000002,35.783886220232603,2.2071112252123193
1800,0.016651562500000001,35.784307844859356,2.2069074583541886
1800,0.016653125000000001,35.784729511765107,2.2067035986484735
1800,0.016654687500000001,35.785151220950354,2.2064996460696742
1800,0.016656250000000001,35.785572972415608,2.20629560059229
1800,0.016657812500000001,35.785994766161373,2.2060914621908205
1800,0.016659375000000001,35.786416602188162,2.2058872308397643
1800,0.0166609375,35.786838480496471,2.2056829065136192
1800,0.0166625,35.787260401086805,2.2054784891868833
1800,0.0166640625,35.787682363959661,2.2052739788340525
1800,0.016665625,35.788104369115544,2.2050693754296242
1800,0.0166671875,35.788526416554959,2.2048646789480935
1800,0.01666875,35.788948506278409,2.2046598893639553
1800,0.016670312499999999,35.789370638286385,2.2044550066517048
1800,0.016671874999999999,35.789792812579414,2.2042500307858353
1800,0.016673437500000002,35.790215029157977,2.2040449617408404
1800,0.016675000000000002,35.790637288022573,2.2038397994912127
1800,0.016676562500000002,35.791059589173713,2.203634544011444
1800,0.016678125000000002,35.791481932611894,2.2034291952760254
1800,0.016679687500000002,35.791904318337615,2.2032237532594481
1800,0.016681250000000002,35.792326746351385,2.2030182179362021
1800,0.016682812500000001,35.792749216653704,2.2028125892807764
1800,0.016684375000000001,35.79317172924506,2.2026068672676611
1800,0.016685937500000001,35.793594284125959,2.2024010518713433
1800,0.016687500000000001,35.794016881296898,2.2021951430663114
1800,0.016689062500000001,35.794439520758381,2.201989140827052
1800,0.016690625000000001,35.794862202510913,2.2017830451280513
1800,0.0166921875,35.795284926554992,2.201576855943796
1800,0.01669375,35.795707692891106,2.2013705732487701
1800,0.0166953125,35.796130501519748,2.2011641970174587
1800,0.016696875,35.796553352441421,2.2009577272243459
1800,0.0166984375,35.796976245656623,2.2007511638439139
1800,0.0167,35.797399181165858,2.2005445068506448
1800,0.016701562499999999,35.797822158969623,2.2003377562190218
1800,0.016703124999999999,35.798245179068402,2.2001309119235248
1800,0.016704687500000003,35.798668241462707,2.1999239739386343
1800,0.016706250000000002,35.799091346153027,2.1997169422388301
1800,0.016707812500000002,35.79951449313986,2.1995098167985914
1800,0.016709375000000002,35.799937682423703,2.1993025975923959
1800,0.016710937500000002,35.800360914005047,2.1990952845947218
1800,0.016712500000000002,35.800784187884382,2.1988878777800456
1800,0.016714062500000001,35.801207504062219,2.198680377122844
1800,0.016715625000000001,35.801630862539049,2.1984727825975927
1800,0.016717187500000001,35.80205426331537,2.1982650941787663
1800,0.016718750000000001,35.80247770639167,2.1980573118408389
1800,0.016720312500000001,35.802901191768441,2.1978494355582847
1800,0.016721875000000001,35.803324719446181,2.1976414653055762
1800,0.0167234375,35.803748289425378,2.1974334010571854
1800,0.016725,35.804171901706539,2.1972252427875838
1800,0.0167265625,35.804595556290138,2.1970169904712424
1800,0.016728125,35.805019253176667,2.1968086440826307
1800,0.0167296875,35.805442992366636,2.1966002035962178
1800,0.01673125,35.805866773860529,2.1963916689864722
1800,0.016732812499999999,35.806290597658844,2.1961830402278619
1800,0.016734374999999999,35.806714463762077,2.195974317294854
1800,0.016735937499999999,35.807138372170719,2.1957655001619143
1800,0.016737500000000002,35.807562322885254,2.1955565888035089
1800,0.016739062500000002,35.807986315906177,2.1953475831941027
1800,0.016740625000000002,35.808410351233974,2.1951384833081589
1800,0.016742187500000002,35.808834428869147,2.1949292891201413
1800,0.016743750000000002,35.809258548812167,2.1947200006045122
1800,0.016745312500000002,35.80968271106353,2.1945106177357339
1800,0.016746875000000001,35.810106915623741,2.1943011404882671
1800,0.016748437500000001,35.810531162493284,2.1940915688365714
1800,0.016750000000000001,35.810955451672655,2.1938819027551073
1800,0.016751562500000001,35.81137978316233,2.193672142218333
1800,0.016753125000000001,35.811804156962808,2.193462287200707
1800,0.0167546875,35.812228573074577,2.1932523376766859
1800,0.01675625,35.812653031498122,2.1930422936207266
1800,0.0167578125,35.813077532233933,2.1928321550072845
1800,0.016759375,35.813502075282493,2.1926219218108147
1800,0.0167609375,35.813926660644299,2.1924115940057707
1800,0.0167625,35.814351288319827,2.1922011715666061
1800,0.016764062499999999,35.814775958309568,2.191990654467773
1800,0.016765624999999999,35.815200670614004,2.1917800426837228
1800,0.016767187499999999,35.815625425233634,2.1915693361889068
1800,0.016768750000000002,35.81605022216894,2.1913585349577751
1800,0.016770312500000002,35.816475061420405,2.1911476389647766
1800,0.016771875000000002,35.816899942988528,2.1909366481843593
1800,0.016773437500000002,35.81732486687379,2.1907255625909712
1800,0.016775000000000002,35.817749833076682,2.1905143821590589
1800,0.016776562500000002,35.818174841597688,2.1903031068630678
1800,0.016778125000000001,35.818599892437298,2.1900917366774437
1800,0.016779687500000001,35.819024985595988,2.189880271576631
1800,0.016781250000000001,35.819450121074247,2.1896687115350724
1800,0.016782812500000001,35.819875298872553,2.18945705652721
1800,0.016784375000000001,35.820300518991402,2.1892453065274862
1800,0.016785937500000001,35.820725781431271,2.1890334615103417
1800,0.0167875,35.82115108619265,2.1888215214502162
1800,0.0167890625,35.821576433276014,2.1886094863215488
1800,0.016790625,35.822001822681855,2.1883973560987777
1800,0.0167921875,35.822427254410655,2.1881851307563407
1800,0.01679375,35.822852728462898,2.1879728102686742
1800,0.016795312499999999,35.823278244839059,2.1877603946102138
1800,0.016796874999999999,35.823703803539622,2.1875478837553937
1800,0.016798437499999999,35.824129404565085,2.1873352776786477
1800,0.016800000000000002,35.824555047915908,2.1871225763544095
1800,0.016801562500000002,35.824980733592589,2.1869097797571109
1800,0.016803125000000002,35.825406461595605,2.1866968878611832
1800,0.016804687500000002,35.825832231925432,2.1864839006410559
1800,0.016806250000000002,35.826258044582559,2.1862708180711592
1800,0.016807812500000002,35.826683899567456,2.1860576401259215
1800,0.016809375000000001,35.827109796880613,2.18584436677977
1800,0.016810937500000001,35.827535736522499,2.1856309980071318
1800,0.016812500000000001,35.827961718493597,2.1854175337824322
1800,0.016814062500000001,35.828387742794398,2.1852039740800957
1800,0.016815625000000001,35.828813809425384,2.1849903188745468
1800,0.016817187500000001,35.829239918387024,2.184776568140208
1800,0.01681875,35.829666069679796,2.1845627218515014
1800,0.0168203125,35.830092263304174,2.1843487799828467
1800,0.016821875,35.830518499260641,2.1841347425086659
1800,0.0168234375,35.830944777549689,2.1839206094033767
1800,0.016825,35.831371098171779,2.1837063806413979
1800,0.0168265625,35.831797461127401,2.1834920561971467
1800,0.016828124999999999,35.832223866417038,2.1832776360450397
1800,0.016829687499999999,35.832650314041153,2.1830631201594919
1800,0.016831250000000002,35.833076804000221,2.1828485085149181
1800,0.016832812500000002,35.833503336294726,2.1826338010857307
1800,0.016834375000000002,35.833929910925143,2.1824189978463426
1800,0.016835937500000002,35.834356527891948,2.1822040987711651
1800,0.016837500000000002,35.834783187195619,2.1819891038346091
1800,0.016839062500000002,35.83520988883663,2.1817740130110836
1800,0.016840625000000001,35.835636632815458,2.1815588262749968
1800,0.016842187500000001,35.836063419132593,2.1813435436007564
1800,0.016843750000000001,35.836490247788497,2.181128164962769
1800,0.016845312500000001,35.836917118783639,2.1809126903354397
1800,0.016846875000000001,35.837344032118502,2.1806971196931726
1800,0.016848437500000001,35.837770987793554,2.1804814530103718
1800,0.01685,35.838197985809266,2.1802656902614386
1800,0.0168515625,35.838625026166127,2.1800498314207748
1800,0.016853125,35.839052108864607,2.1798338764627805
1800,0.0168546875,35.839479233905173,2.1796178253618548
1800,0.01685625,35.839906401288303,2.1794016780923955
1800,0.0168578125,35.840333611014479,2.1791854346288009
1800,0.016859374999999999,35.840760863084164,2.1789690949454661
1800,0.016860937499999999,35.841188157497832,2.1787526590167858
1800,0.016862500000000002,35.841615494255954,2.1785361268171544
1800,0.016864062500000002,35.842042873359006,2.1783194983209651
1800,0.016865625000000002,35.842470294807448,2.1781027735026091
1800,0.016867187500000002,35.842897758601765,2.177885952336478
1800,0.016868750000000002,35.843325264742418,2.1776690347969603
1800,0.016870312500000002,35.843752813229891,2.1774520208584454
1800,0.016871875000000001,35.844180404064645,2.1772349104953208
1800,0.016873437500000001,35.844608037247163,2.1770177036819729
1800,0.016875000000000001,35.845035712777907,2.176800400392787
1800,0.016876562500000001,35.84546343065734,2.1765830006021467
1800,0.016878125000000001,35.845891190885943,2.1763655042844361
1800,0.016879687500000001,35.846318993464187,2.1761479114140361
1800,0.01688125,35.846746838392534,2.1759302219653285
1800,0.0168828125,35.847174725671444,2.1757124359126925
1800,0.016884375,35.847602655301394,2.1754945532305059
1800,0.0168859375,35.84803062728286,2.1752765738931474
1800,0.0168875,35.848458641616311,2.1750584978749932
1800,0.0168890625,35.848886698302209,2.1748403251504178
1800,0.016890624999999999,35.849314797341023,2.1746220556937965
1800,0.016892187499999999,35.849742938733215,2.1744036894795014
1800,0.016893750000000003,35.850171122479267,2.1741852264819044
1800,0.016895312500000002,35.850599348579635,2.1739666666753759
1800,0.016896875000000002,35.851027617034788,2.1737480100342852
1800,0.016898437500000002,35.851455927845187,2.1735292565330004
1800,0.016900000000000002,35.851884281011301,2.1733104061458892
1800,0.016901562500000002,35.8523126765336,2.1730914588473169
1800,0.016903125000000001,35.852741114412552,2.172872414611648
1800,0.016904687500000001,35.85316959464862,2.1726532734132462
1800,0.016906250000000001,35.853598117242264,2.1724340352264742
1800,0.016907812500000001,35.854026682193954,2.1722147000256928
1800,0.016909375000000001,35.854455289504159,2.1719952677852623
1800,0.016910937500000001,35.854883939173348,2.1717757384795409
1800,0.0169125,35.855312631201976,2.1715561120828863
1800,0.0169140625,35.855741365590497,2.1713363885696553
1800,0.016915625,35.85617014233938,2.1711165679142019
1800,0.0169171875,35.856598961449102,2.1708966500908806
1800,0.01691875,35.857027822920124,2.1706766350740434
1800,0.0169203125,35.857456726752908,2.1704565228380424
1800,0.016921874999999999,35.857885672947909,2.1702363133572269
1800,0.016923437499999999,35.858314661505602,2.1700160066059455
1800,0.016925000000000003,35.858743692426437,2.1697956025585463
1800,0.016926562500000002,35.859172765710881,2.1695751011893756
1800,0.016928125000000002,35.859601881359389,2.1693545024727783
1800,0.016929687500000002,35.86003103937243,2.1691338063830976
1800,0.016931250000000002,35.860460239750459,2.1689130128946763
1800,0.016932812500000002,35.860889482493938,2.1686921219818549
1800,0.016934375000000002,35.861318767603329,2.1684711336189748
1800,0.016935937500000001,35.861748095079101,2.1682500477803734
1800,0.016937500000000001,35.862177464921714,2.1680288644403882
1800,0.016939062500000001,35.862606877131618,2.1678075835733557
1800,0.016940625000000001,35.863036331709282,2.1675862051536106
1800,0.016942187500000001,35.863465828655166,2.1673647291554858
1800,0.01694375,35.863895367969718,2.167143155553314
1800,0.0169453125,35.864324949653394,2.1669214843214251
1800,0.016946875,35.864754573706662,2.1666997154341487
1800,0.0169484375,35.865184240129985,2.1664778488658132
1800,0.01695,35.865613948923823,2.1662558845907447
1800,0.0169515625,35.866043700088625,2.1660338225832687
1800,0.016953124999999999,35.866473493624859,2.1658116628177093
1800,0.016954687499999999,35.866903329532981,2.1655894052683888
1800,0.016956249999999999,35.867333207813445,2.1653670499096278
1800,0.016957812500000002,35.867763128466713,2.1651445967157472
1800,0.016959375000000002,35.868193091493232,2.1649220456610654
1800,0.016960937500000002,35.868623096893458,2.1646993967198993
1800,0.016962500000000002,35.869053144667845,2.1644766498665646
1800,0.016964062500000002,35.869483234816862,2.1642538050753748
1800,0.016965625000000002,35.869913367340963,2.1640308623206432
1800,0.016967187500000001,35.870343542240597,2.1638078215766821
1800,0.016968750000000001,35.870773759516226,2.1635846828178003
1800,0.016970312500000001,35.871204019168303,2.1633614460183077
1800,0.016971875000000001,35.871634321197284,2.1631381111525112
1800,0.016973437500000001,35.872064665603624,2.1629146781947162
1800,0.016975000000000001,35.872495052387777,2.1626911471192272
1800,0.0169765625,35.872925481550197,2.162467517900347
1800,0.016978125,35.873355953091341,2.1622437905123784
1800,0.0169796875,35.873786467011662,2.162019964929621
1800,0.01698125,35.874217023311623,2.1617960411263724
1800,0.0169828125,35.874647621991656,2.1615720190769308
1800,0.016984374999999999,35.875078263052231,2.1613478987555905
1800,0.016985937499999999,35.875508946493788,2.1611236801366465
1800,0.016987499999999999,35.875939672316782,2.1608993631943911
1800,0.016989062500000002,35.876370440521661,2.1606749479031162
1800,0.016990625000000002,35.876801251108887,2.1604504342371111
1800,0.016992187500000002,35.877232104078914,2.1602258221706641
1800,0.016993750000000002,35.877662999432189,2.1600011116780609
1800,0.016995312500000002,35.878093937169155,2.1597763027335874
1800,0.016996875000000002,35.878524917290257,2.1595513953115271
1800,0.016998437500000001,35.878955939795958,2.1593263893861625
1800,0.017000000000000001,35.879387004686706,2.1591012849317743
1800,0.017001562500000001,35.879818111962948,2.1588760819226409
1800,0.017003125000000001,35.880249261625139,2.1586507803330401
1800,0.017004687500000001,35.88068045367374,2.1584253801372473
1800,0.017006250000000001,35.881111688109186,2.158199881309538
1800,0.0170078125,35.881542964931938,2.1579742838241844
1800,0.017009375,35.88197428414243,2.1577485876554579
1800,0.0170109375,35.882405645741109,2.1575227927776277
1800,0.0170125,35.882837049728423,2.1572968991649626
1800,0.0170140625,35.883268496104826,2.157070906791728
1800,0.017015625,35.883699984870766,2.1568448156321898
1800,0.017017187499999999,35.884131516026699,2.1566186256606108
1800,0.017018749999999999,35.884563089573064,2.1563923368512525
1800,0.017020312500000002,35.884994705510309,2.156165949178376
1800,0.017021875000000002,35.885426363838882,2.1559394626162387
1800,0.017023437500000002,35.88585806455923,2.1557128771390981
1800,0.017025000000000002,35.886289807671794,2.155486192721209
1800,0.017026562500000002,35.886721593177029,2.1552594093368258
1800,0.017028125000000002,35.887153421075375,2.1550325269601998
1800,0.017029687500000001,35.88758529136728,2.1548055455655817
1800,0.017031250000000001,35.888017204053185,2.1545784651272193
1800,0.017032812500000001,35.888449159133543,2.1543512856193598
1800,0.017034375000000001,35.88888115660879,2.1541240070162484
1800,0.017035937500000001,35.889313196479364,2.1538966292921287
1800,0.017037500000000001,35.889745278745714,2.153669152421243
1800,0.0170390625,35.890177403408288,2.1534415763778312
1800,0.017040625,35.890609570467532,2.1532139011361324
1800,0.0170421875,35.891041779923889,2.1529861266703834
1800,0.01704375,35.89147403177779,2.1527582529548188
1800,0.0170453125,35.891906326029684,2.1525302799636727
1800,0.017046875,35.892338662680011,2.1523022076711764
1800,0.017048437499999999,35.892771041729212,2.1520740360515602
1800,0.017049999999999999,35.893203463177727,2.1518457650790515
1800,0.017051562500000002,35.893635927026018,2.1516173947278774
1800,0.017053125000000002,35.894068433274519,2.1513889249722618
1800,0.017054687500000002,35.894500981923663,2.1511603557864278
1800,0.017056250000000002,35.894933572973905,2.1509316871445967
1800,0.017057812500000002,35.89536620642567,2.1507029190209881
1800,0.017059375000000002,35.895798882279408,2.1504740513898195
1800,0.017060937500000001,35.896231600535558,2.1502450842253071
1800,0.017062500000000001,35.89666436119456,2.150016017501664
1800,0.017064062500000001,35.897097164256856,2.1497868511931029
1800,0.017065625000000001,35.897530009722892,2.149557585273834
1800,0.017067187500000001,35.897962897593089,2.1493282197180665
1800,0.017068750000000001,35.898395827867901,2.1490987545000069
1800,0.0170703125,35.898828800547761,2.1488691895938605
1800,0.017071875,35.89926181563311,2.1486395249738304
1800,0.0170734375,35.899694873124375,2.1484097606141179
1800,0.017075,35.900127973022002,2.148179896488922
1800,0.0170765625,35.900561115326425,2.1479499325724407
1800,0.017078125,35.900994300038079,2.1477198688388697
1800,0.017079687499999999,35.901427527157409,2.1474897052624029
1800,0.017081249999999999,35.901860796684851,2.1472594418172322
1800,0.017082812500000003,35.902294108620829,2.1470290784775483
1800,0.017084375000000002,35.902727462965785,2.1467986152175387
1800,0.017085937500000002,35.903160859720167,2.1465680520113897
1800,0.017087500000000002,35.903594298884393,2.146337388833286
1800,0.017089062500000002,35.904027780458918,2.1461066256574099
1800,0.017090625000000002,35.904461304444162,2.1458757624579423
1800,0.017092187500000001,35.904894870840565,2.145644799209061
1800,0.017093750000000001,35.905328479648574,2.1454137358849437
1800,0.017095312500000001,35.905762130868617,2.1451825724597651
1800,0.017096875000000001,35.906195824501133,2.1449513089076975
1800,0.017098437500000001,35.906629560546563,2.1447199452029122
1800,0.017100000000000001,35.907063339005319,2.1444884813195779
1800,0.0171015625,35.907497159877842,2.1442569172318611
1800,0.017103125,35.907931023164572,2.1440252529139276
1800,0.0171046875,35.908364928865936,2.1437934883399401
1800,0.01710625,35.908798876982367,2.1435616234840587
1800,0.0171078125,35.909232867514305,2.1433296583204431
1800,0.017109375,35.90966690046217,2.1430975928232505
1800,0.017110937499999999,35.910100975826403,2.1428654269666354
1800,0.017112499999999999,35.910535093607429,2.1426331607247509
1800,0.017114062500000003,35.910969253805689,2.1424007940717487
1800,0.017115625000000002,35.911403456421603,2.1421683269817762
1800,0.017117187500000002,35.911837701455603,2.1419357594289812
1800,0.017118750000000002,35.912271988908124,2.1417030913875084
1800,0.017120312500000002,35.912706318779591,2.1414703228315002
1800,0.017121875000000002,35.913140691070446,2.1412374537350973
1800,0.017123437500000002,35.913575105781099,2.1410044840724383
1800,0.017125000000000001,35.914009562911993,2.1407714138176597
1800,0.017126562500000001,35.914444062463552,2.140538242944896
1800,0.017128125000000001,35.914878604436218,2.1403049714282791
1800,0.017129687500000001,35.915313188830417,2.1400715992419386
1800,0.017131250000000001,35.915747815646576,2.139838126360003
1800,0.0171328125,35.916182484885113,2.1396045527565986
1800,0.017134375,35.916617196546461,2.1393708784058489
1800,0.0171359375,35.917051950631055,2.1391371032818758
1800,0.0171375,35.917486747139314,2.1389032273587985
1800,0.0171390625,35.917921586071671,2.1386692506107345
1800,0.017140625,35.918356467428545,2.138435173011799
1800,0.017142187499999999,35.91879139121037,2.1382009945361053
1800,0.017143749999999999,35.919226357417571,2.1379667151577642
1800,0.017145312499999999,35.919661366050583,2.1377323348508837
1800,0.017146875000000002,35.920096417109825,2.1374978535895703
1800,0.017148437500000002,35.920531510595723,2.137263271347928
1800,0.017150000000000002,35.920966646508703,2.1370285881000597
1800,0.017151562500000002,35.921401824849184,2.1367938038200647
1800,0.017153125000000002,35.921837045617593,2.1365589184820406
1800,0.017154687500000002,35.922272308814357,2.1363239320600829
1800,0.017156250000000001,35.922707614439908,2.1360888445282855
1800,0.017157812500000001,35.923142962494666,2.1358536558607386
1800,0.017159375000000001,35.92357835297905,2.1356183660315309
1800,0.017160937500000001,35.924013785893486,2.1353829750147488
1800,0.017162500000000001,35.924449261238401,2.1351474827844767
1800,0.0171640625,35.924884779014214,2.1349118893147963
1800,0.017165625,35.925320339221344,2.1346761945797867
1800,0.0171671875,35.925755941860217,2.134440398553525
1800,0.01716875,35.926191586931253,2.1342045012100863
1800,0.0171703125,35.926627274434878,2.1339685025235426
1800,0.017171875,35.927063004371519,2.1337324024679649
1800,0.017173437499999999,35.927498776741594,2.1334962010174205
1800,0.017174999999999999,35.927934591545515,2.1332598981459752
1800,0.017176562499999999,35.928370448783703,2.1330234938276917
1800,0.017178125000000002,35.928806348456582,2.1327869880366315
1800,0.017179687500000002,35.929242290564574,2.1325503807468529
1800,0.017181250000000002,35.929678275108103,2.1323136719324118
1800,0.017182812500000002,35.930114302087581,2.1320768615673629
1800,0.017184375000000002,35.930550371503436,2.1318399496257574
1800,0.017185937500000002,35.930986483356079,2.1316029360816433
1800,0.017187500000000001,35.931422637645937,2.1313658209090671
1800,0.017189062500000001,35.931858834373422,2.1311286040820727
1800,0.017190625000000001,35.93229507353896,2.1308912855747022
1800,0.017192187500000001,35.93273135514297,2.1306538653609954
1800,0.017193750000000001,35.933167679185864,2.1304163434149883
1800,0.017195312500000001,35.933604045668069,2.1301787197107158
1800,0.017196875,35.934040454590004,2.1299409942222098
1800,0.0171984375,35.934476905952081,2.1297031669235
1800,0.0172,35.934913399754706,2.1294652377886125
1800,0.0172015625,35.935349935998303,2.1292272067915725
1800,0.017203125,35.935786514683286,2.1289890739064017
1800,0.017204687499999999,35.936223135810074,2.1287508391071186
1800,0.017206249999999999,35.936659799379079,2.1285125023677405
1800,0.017207812499999999,35.937096505390727,2.1282740636622819
1800,0.017209375000000002,35.93753325384543,2.1280355229647547
1800,0.017210937500000002,35.937970044743594,2.1277968802491691
1800,0.017212500000000002,35.93840687808563,2.1275581354895312
1800,0.017214062500000002,35.938843753871964,2.1273192886598453
1800,0.017215625000000002,35.939280672103017,2.1270803397341131
1800,0.017217187500000002,35.939717632779193,2.1268412886863328
1800,0.017218750000000001,35.940154635900903,2.1266021354905016
1800,0.017220312500000001,35.940591681468568,2.1263628801206131
1800,0.017221875000000001,35.9410287694826,2.1261235225506585
1800,0.017223437500000001,35.94146589994341,2.1258840627546265
1800,0.017225000000000001,35.94190307285141,2.1256445007065037
1800,0.017226562500000001,35.942340288207014,2.1254048363802731
1800,0.017228125,35.942777546010639,2.1251650697499156
1800,0.0172296875,35.943214846262691,2.1249252007894093
1800,0.01723125,35.943652188963576,2.1246852294727296
1800,0.0172328125,35.944089574113711,2.1244451557738486
1800,0.017234375,35.944527001713517,2.1242049796667377
1800,0.0172359375,35.944964471763392,2.1239647011253635
1800,0.017237499999999999,35.945401984263746,2.1237243201236908
1800,0.017239062499999999,35.945839539214987,2.1234838366356814
1800,0.017240625000000002,35.946277136617532,2.1232432506352947
1800,0.017242187500000002,35.946714776471801,2.1230025620964876
1800,0.017243750000000002,35.947152458778191,2.1227617709932138
1800,0.017245312500000002,35.947590183537102,2.1225208772994248
1800,0.017246875000000002,35.948027950748951,2.1222798809890691
1800,0.017248437500000002,35.948465760414159,2.1220387820360913
1800,0.017250000000000001,35.94890361253313,2.1217975804144347
1800,0.017251562500000001,35.949341507106254,2.1215562760980391
1800,0.017253125000000001,35.949779444133959,2.1213148690608419
1800,0.017254687500000001,35.950217423616635,2.1210733592767772
1800,0.017256250000000001,35.950655445554716,2.120831746719777
1800,0.017257812500000001,35.951093509948585,2.1205900313637702
1800,0.017259375,35.951531616798654,2.1203482131826825
1800,0.0172609375,35.95196976610535,2.1201062921504374
1800,0.0172625,35.952407957869056,2.119864268240955
1800,0.0172640625,35.952846192090185,2.1196221414281529
1800,0.017265625,35.953284468769134,2.1193799116859457
1800,0.0172671875,35.953722787906322,2.1191375789882456
1800,0.017268749999999999,35.954161149502156,2.1188951433089609
1800,0.017270312499999999,35.954599553557024,2.1186526046219973
1800,0.017271875000000003,35.955038000071333,2.118409962901258
1800,0.017273437500000002,35.955476489045495,2.1181672181206421
1800,0.017275000000000002,35.955915020479921,2.1179243702540478
1800,0.017276562500000002,35.956353594374988,2.1176814192753688
1800,0.017278125000000002,35.956792210731109,2.1174383651584963
1800,0.017279687500000002,35.957230869548702,2.1171952078773191
1800,0.017281250000000001,35.957669570828173,2.1169519474057226
1800,0.017282812500000001,35.95810831456992,2.1167085837175885
1800,0.017284375000000001,35.958547100774339,2.1164651167867969
1800,0.017285937500000001,35.958985929441845,2.1162215465872238
1800,0.017287500000000001,35.959424800572833,2.1159778730927425
1800,0.017289062500000001,35.959863714167696,2.1157340962772224
1800,0.017290625,35.960302670226838,2.1154902161145319
1800,0.0172921875,35.960741668750678,2.1152462325785359
1800,0.01729375,35.961180709739608,2.1150021456430954
1800,0.0172953125,35.961619793194025,2.1147579552820677
1800,0.017296875,35.962058919114334,2.1145136614693079
1800,0.0172984375,35.962498087500933,2.114269264178668
1800,0.017299999999999999,35.962937298354213,2.1140247633839975
1800,0.017301562499999999,35.963376551674592,2.113780159059143
1800,0.017303125000000003,35.963815847462449,2.1135354511779458
1800,0.017304687500000002,35.964255185718194,2.113290639714247
1800,0.017306250000000002,35.964694566442226,2.1130457246418826
1800,0.017307812500000002,35.965133989634928,2.1128007059346849
1800,0.017309375000000002,35.965573455296713,2.1125555835664853
1800,0.017310937500000002,35.966012963427971,2.1123103575111095
1800,0.017312500000000001,35.9664525140291,2.112065027742382
1800,0.017314062500000001,35.966892107100506,2.1118195942341238
1800,0.017315625000000001,35.967331742642578,2.1115740569601518
1800,0.017317187500000001,35.96777142065573,2.1113284158942811
1800,0.017318750000000001,35.968211141140337,2.1110826710103225
1800,0.017320312500000001,35.968650904096805,2.1108368222820841
1800,0.017321875,35.969090709525524,2.1105908696833695
1800,0.0173234375,35.9695305574269,2.110344813187981
1800,0.017325,35.969970447801316,2.1100986527697168
1800,0.0173265625,35.97041038064917,2.1098523884023708
1800,0.017328125,35.970850355970853,2.1096060200597346
1800,0.0173296875,35.971290373766756,2.1093595477155973
1800,0.017331249999999999,35.971730434037291,2.1091129713437438
1800,0.017332812499999999,35.972170536782848,2.1088662909179554
1800,0.017334375000000003,35.972610682003818,2.1086195064120106
1800,0.017335937500000002,35.9730508697006,2.108372617799684
1800,0.017337500000000002,35.973491099873577,2.1081256250547478
1800,0.017339062500000002,35.973931372523147,2.1078785281509704
1800,0.017340625000000002,35.9743716876497,2.1076313270621156
1800,0.017342187500000002,35.974812045253636,2.1073840217619457
1800,0.017343750000000002,35.975252445335336,2.107136612224219
1800,0.017345312500000001,35.9756928878952,2.1068890984226902
1800,0.017346875000000001,35.976133372933617,2.1066414803311102
1800,0.017348437500000001,35.976573900450973,2.106393757923227
1800,0.017350000000000001,35.977014470447664,2.1061459311727848
1800,0.017351562500000001,35.977455082924081,2.105898000053525
1800,0.017353125,35.977895737880623,2.1056499645391851
1800,0.0173546875,35.978336435317672,2.1054018246034993
1800,0.01735625,35.978777175235621,2.1051535802201986
1800,0.0173578125,35.979217957634859,2.1049052313630106
1800,0.017359375,35.979658782515777,2.1046567780056584
1800,0.0173609375,35.980099649878767,2.1044082201218623
1800,0.017362499999999999,35.980540559724218,2.1041595576853389
1800,0.017364062499999999,35.980981512052516,2.1039107906698011
1800,0.017365624999999999,35.981422506864043,2.1036619190489589
1800,0.017367187500000002,35.981863544159182,2.1034129427965178
1800,0.017368750000000002,35.982304623938333,2.1031638618861805
1800,0.017370312500000002,35.982745746201886,2.102914676291646
1800,0.017371875000000002,35.983186910950209,2.1026653859866093
1800,0.017373437500000002,35.983628118183702,2.1024159909447619
1800,0.017375000000000002,35.984069367902755,2.1021664911397919
1800,0.017376562500000001,35.984510660107752,2.1019168865453843
1800,0.017378125000000001,35.984951994799076,2.1016671771352198
1800,0.017379687500000001,35.985393371977118,2.1014173628829753
1800,0.017381250000000001,35.985834791642255,2.1011674437623236
1800,0.017382812500000001,35.98627625379487,2.1009174197469349
1800,0.017384375000000001,35.986717758435354,2.1006672908104762
1800,0.0173859375,35.987159305564099,2.100417056926609
1800,0.0173875,35.98760089518148,2.100166718068992
1800,0.0173890625,35.988042527287881,2.0999162742112811
1800,0.017390625,35.988484201883693,2.0996657253271271
1800,0.0173921875,35.988925918969301,2.0994150713901778
1800,0.017393749999999999,35.989367678545079,2.0991643123740764
1800,0.017395312499999999,35.989809480611413,2.0989134482524632
1800,0.017396874999999999,35.990251325168686,2.0986624789989738
1800,0.017398437500000002,35.990693212217288,2.098411404587242
1800,0.017400000000000002,35.991135141757596,2.0981602249908944
1800,0.017401562500000002,35.991577113789987,2.0979089401835571
1800,0.017403125000000002,35.992019128314844,2.0976575501388508
1800,0.017404687500000002,35.992461185332552,2.0974060548303926
1800,0.017406250000000002,35.992903284843493,2.0971544542317964
1800,0.017407812500000001,35.993345426848045,2.0969027483166713
1800,0.017409375000000001,35.993787611346583,2.096650937058623
1800,0.017410937500000001,35.9942298383395,2.096399020431253
1800,0.017412500000000001,35.994672107827164,2.0961469984081593
1800,0.017414062500000001,35.995114419809958,2.0958948709629355
1800,0.017415625000000001,35.995556774288268,2.0956426380691715
1800,0.0174171875,35.995999171262469,2.0953902997004534
1800,0.01741875,35.996441610732937,2.0951378558303628
1800,0.0174203125,35.996884092700071,2.0948853064324786
1800,0.017421875,35.997326617164227,2.0946326514803744
1800,0.0174234375,35.997769184125787,2.0943798909476206
1800,0.017425,35.998211793585128,2.0941270248077832
1800,0.017426562499999999,35.998654445542634,2.0938740530344244
1800,0.017428124999999999,35.999097139998675,2.0936209756011017
1800,0.017429687500000002,35.999539876953634,2.0933677924813692
1800,0.017431250000000002,35.999982656407887,2.0931145036487777
1800,0.017432812500000002,36.000425478361819,2.0928611090768729
1800,0.017434375000000002,36.000868342815785,2.0926076087391965
1800,0.017435937500000002,36.001311249770175,2.0923540026092864
1800,0.017437500000000002,36.001754199225374,2.0921002906606758
1800,0.017439062500000001,36.002197191181743,2.0918464728668948
1800,0.017440625000000001,36.002640225639666,2.0915925492014682
1800,0.017442187500000001,36.003083302599507,2.0913385196379179
1800,0.017443750000000001,36.003526422061647,2.0910843841497604
1800,0.017445312500000001,36.003969584026457,2.09083014271051
1800,0.017446875000000001,36.004412788494321,2.0905757952936743
1800,0.0174484375,36.004856035465593,2.0903213418727584
1800,0.01745,36.005299324940651,2.0900667824212622
1800,0.0174515625,36.005742656919878,2.0898121169126829
1800,0.017453125,36.006186031403644,2.0895573453205118
1800,0.0174546875,36.00662944839231,2.0893024676182366
1800,0.01745625,36.007072907886261,2.0890474837793409
1800,0.017457812499999999,36.007516409885874,2.0887923937773043
1800,0.017459374999999999,36.007959954391517,2.0885371975856017
1800,0.017460937500000002,36.008403541403567,2.0882818951777034
1800,0.017462500000000002,36.00884717092238,2.0880264865270761
1800,0.017464062500000002,36.009290842948339,2.0877709716071813
1800,0.017465625000000002,36.009734557481799,2.0875153503914765
1800,0.017467187500000002,36.010178314523145,2.087259622853415
1800,0.017468750000000002,36.010622114072753,2.0870037889664466
1800,0.017470312500000001,36.011065956130984,2.0867478487040159
1800,0.017471875000000001,36.011509840698203,2.0864918020395624
1800,0.017473437500000001,36.011953767774791,2.0862356489465221
1800,0.017475000000000001,36.012397737361113,2.0859793893983265
1800,0.017476562500000001,36.012841749457536,2.085723023368403
1800,0.017478125000000001,36.013285804064424,2.0854665508301737
1800,0.0174796875,36.013729901182145,2.0852099717570569
1800,0.01748125,36.014174040811071,2.0849532861224658
1800,0.0174828125,36.014618222951569,2.08469649389981
1800,0.017484375,36.015062447604009,2.0844395950624937
1800,0.0174859375,36.015506714768748,2.084182589583917
1800,0.0174875,36.01595102444616,2.0839254774374756
1800,0.017489062499999999,36.016395376636616,2.0836682585965609
1800,0.017490624999999999,36.016839771340472,2.0834109330345592
1800,0.017492187500000003,36.017284208558095,2.0831535007248525
1800,0.017493750000000002,36.017728688289857,2.0828959616408182
1800,0.017495312500000002,36.018173210536126,2.0826383157558288
1800,0.017496875000000002,36.018617775297258,2.0823805630432526
1800,0.017498437500000002,36.019062382573615,2.0821227034764536
1800,0.017500000000000002,36.019507032365581,2.0818647370287904
1800,0.017501562500000001,36.019951724673504,2.0816066636736172
1800,0.017503125000000001,36.020396459497753,2.0813484833842839
1800,0.017504687500000001,36.020841236838685,2.0810901961341353
1800,0.017506250000000001,36.02128605669666,2.0808318018965108
1800,0.017507812500000001,36.021730919072048,2.0805733006447467
1800,0.017509375000000001,36.022175823965213,2.0803146923521738
1800,0.0175109375,36.022620771376516,2.0800559769921181
1800,0.0175125,36.02306576130632,2.0797971545379008
1800,0.0175140625,36.023510793754987,2.0795382249628394
1800,0.017515625,36.023955868722879,2.0792791882402448
1800,0.0175171875,36.024400986210345,2.0790200443434244
1800,0.01751875,36.024846146217762,2.0787607932456797
1800,0.017520312499999999,36.025291348745483,2.0785014349203088
1800,0.017521874999999999,36.025736593793873,2.0782419693406036
1800,0.017523437500000003,36.0261818813633,2.0779823964798525
1800,0.017525000000000002,36.026627211454112,2.0777227163113388
1800,0.017526562500000002,36.027072584066673,2.0774629288083402
1800,0.017528125000000002,36.027517999201336,2.0772030339441296
1800,0.017529687500000002,36.027963456858458,2.0769430316919752
1800,0.017531250000000002,36.028408957038408,2.0766829220251402
1800,0.017532812500000002,36.028854499741527,2.0764227049168831
1800,0.017534375000000001,36.029300084968192,2.0761623803404574
1800,0.017535937500000001,36.029745712718743,2.0759019482691108
1800,0.017537500000000001,36.030191382993557,2.0756414086760882
1800,0.017539062500000001,36.03063709579299,2.0753807615346265
1800,0.017540625000000001,36.031082851117397,2.0751200068179605
1800,0.0175421875,36.031528648967125,2.0748591444993174
1800,0.01754375,36.031974489342531,2.0745981745519209
1800,0.0175453125,36.032420372243976,2.07433709694899
1800,0.017546875,36.032866297671823,2.0740759116637379
1800,0.0175484375,36.033312265626414,2.0738146186693731
1800,0.01755,36.033758276108109,2.0735532179390983
1800,0.017551562499999999,36.03420432911728,2.0732917094461114
1800,0.017553124999999999,36.034650424654266,2.073030093163605
1800,0.017554687499999999,36.035096562719431,2.0727683690647671
1800,0.017556250000000002,36.035542743313123,2.0725065371227802
1800,0.017557812500000002,36.035988966435688,2.0722445973108221
1800,0.017559375000000002,36.036435232087491,2.071982549602065
1800,0.017560937500000002,36.03688154026888,2.0717203939696751
1800,0.017562500000000002,36.037327890980215,2.0714581303868149
1800,0.017564062500000002,36.037774284221847,2.0711957588266405
1800,0.017565625000000001,36.038220719994122,2.0709332792623036
1800,0.017567187500000001,36.038667198297397,2.0706706916669502
1800,0.017568750000000001,36.039113719132025,2.0704079960137212
1800,0.017570312500000001,36.039560282498357,2.0701451922757523
1800,0.017571875000000001,36.040006888396739,2.0698822804261736
1800,0.017573437500000001,36.040453536827528,2.0696192604381096
1800,0.017575,36.040900227791077,2.0693561322846801
1800,0.0175765625,36.041346961287736,2.0690928959389989
1800,0.017578125,36.041793737317867,2.0688295513741748
1800,0.0175796875,36.042240555881804,2.0685660985633114
1800,0.01758125,36.042687416979902,2.0683025374795068
1800,0.017582812499999999,36.043134320612516,2.068038868095853
1800,0.017584374999999999,36.043581266779981,2.0677750903854384
1800,0.017585937499999999,36.044028255482651,2.0675112043213439
1800,0.017587500000000002,36.044475286720882,2.0672472098766459
1800,0.017589062500000002,36.044922360495022,2.0669831070244147
1800,0.017590625000000002,36.045369476805398,2.0667188957377158
1800,0.017592187500000002,36.045816635652379,2.0664545759896087
1800,0.017593750000000002,36.046263837036314,2.0661901477531481
1800,0.017595312500000002,36.04671108095755,2.0659256110013824
1800,0.017596875000000001,36.047158367416429,2.0656609657073544
1800,0.017598437500000001,36.047605696413299,2.065396211844102
1800,0.017600000000000001,36.048053067948501,2.0651313493846573
1800,0.017601562500000001,36.048500482022384,2.064866378302046
1800,0.017603125000000001,36.048947938635308,2.064601298569289
1800,0.017604687500000001,36.049395437787602,2.0643361101594015
1800,0.01760625,36.049842979479614,2.0640708130453933
1800,0.0176078125,36.050290563711691,2.0638054072002681
1800,0.017609375,36.050738190484168,2.063539892597023
1800,0.0176109375,36.0511858597974,2.0632742692086512
1800,0.0176125,36.051633571651742,2.0630085370081388
1800,0.0176140625,36.052081326047521,2.0627426959684669
1800,0.017615624999999999,36.052529122985085,2.062476746062611
1800,0.017617187499999999,36.052976962464768,2.0622106872635397
1800,0.017618750000000002,36.053424844486933,2.061944519544217
1800,0.017620312500000002,36.053872769051907,2.0616782428776004
1800,0.017621875000000002,36.054320736160037,2.0614118572366418
1800,0.017623437500000002,36.054768745811664,2.0611453625942873
1800,0.017625000000000002,36.05521679800713,2.0608787589234772
1800,0.017626562500000002,36.055664892746776,2.0606120461971451
1800,0.017628125000000001,36.056113030030943,2.0603452243882208
1800,0.017629687500000001,36.056561209859979,2.0600782934696258
1800,0.017631250000000001,36.057009432234217,2.0598112534142761
1800,0.017632812500000001,36.057457697154,2.0595441041950835
1800,0.017634375000000001,36.057906004619667,2.0592768457849524
1800,0.017635937500000001,36.058354354631561,2.0590094781567814
1800,0.0176375,36.058802747190015,2.0587420012834636
1800,0.0176390625,36.05925118229537,2.0584744151378858
1800,0.017640625,36.05969965994796,2.058206719692929
1800,0.0176421875,36.060148180148126,2.0579389149214675
1800,0.01764375,36.060596742896216,2.0576710007963706
1800,0.0176453125,36.061045348192565,2.0574029772905003
1800,0.017646874999999999,36.061493996037512,2.057134844376713
1800,0.017648437499999999,36.061942686431401,2.056866602027859
1800,0.017650000000000002,36.062391419374556,2.0565982502167826
1800,0.017651562500000002,36.062840194867313,2.0563297889163223
1800,0.017653125000000002,36.063289012910012,2.0560612180993094
1800,0.017654687500000002,36.063737873502994,2.0557925377385695
1800,0.017656250000000002,36.064186776646594,2.0555237478069226
1800,0.017657812500000002,36.064635722341137,2.0552548482771815
1800,0.017659375000000001,36.065084710586966,2.0549858391221538
1800,0.017660937500000001,36.065533741384421,2.0547167203146408
1800,0.017662500000000001,36.065982814733836,2.0544474918274358
1800,0.017664062500000001,36.066431930635531,2.0541781536333281
1800,0.017665625000000001,36.066881089089861,2.0539087057050995
1800,0.017667187500000001,36.067330290097154,2.0536391480155261
1800,0.01766875,36.067779533657728,2.0533694805373766
1800,0.0176703125,36.068228819771925,2.0530997032434146
1800,0.017671875,36.068678148440078,2.0528298161063963
1800,0.0176734375,36.06912751966253,2.0525598190990717
1800,0.017675,36.069576933439606,2.052289712194185
1800,0.0176765625,36.070026389771641,2.052019495364473
1800,0.017678124999999999,36.070475888658969,2.0517491685826674
1800,0.017679687499999999,36.07092543010193,2.0514787318214927
1800,0.017681250000000003,36.071375014100838,2.0512081850536661
1800,0.017682812500000002,36.07182464065604,2.0509375282518998
1800,0.017684375000000002,36.072274309767849,2.0506667613888987
1800,0.017685937500000002,36.072724021436599,2.0503958844373606
1800,0.017687500000000002,36.073173775662625,2.0501248973699777
1800,0.017689062500000002,36.073623572446266,2.0498538001594353
1800,0.017690625000000001,36.074073411787843,2.0495825927784117
1800,0.017692187500000001,36.07452329368769,2.0493112751995799
1800,0.017693750000000001,36.074973218146127,2.0490398473956049
1800,0.017695312500000001,36.07542318516348,2.0487683093391458
1800,0.017696875000000001,36.075873194740083,2.0484966610028548
1800,0.017698437500000001,36.076323246876271,2.0482249023593768
1800,0.0177,36.076773341572363,2.0479530333813516
1800,0.0177015625,36.077223478828692,2.0476810540414103
1800,0.017703125,36.077673658645594,2.0474089643121793
1800,0.0177046875,36.078123881023387,2.047136764166277
1800,0.01770625,36.078574145962399,2.0468644535763154
1800,0.0177078125,36.079024453462957,2.0465920325148987
1800,0.017709374999999999,36.079474803525393,2.0463195009546253
1800,0.017710937499999999,36.079925196150022,2.0460468588680869
1800,0.017712500000000003,36.080375631337169,2.045774106227868
1800,0.017714062500000002,36.080826109087162,2.0455012430065462
1800,0.017715625000000002,36.081276629400328,2.0452282691766928
1800,0.017717187500000002,36.081727192277,2.0449551847108709
1800,0.017718750000000002,36.082177797717492,2.0446819895816373
1800,0.017720312500000002,36.082628445722122,2.0444086837615423
1800,0.017721875000000002,36.083079136291218,2.0441352672231292
1800,0.017723437500000001,36.083529869425107,2.0438617399389343
1800,0.017725000000000001,36.083980645124115,2.0435881018814861
1800,0.017726562500000001,36.084431463388562,2.0433143530233071
1800,0.017728125000000001,36.084882324218761,2.0430404933369126
1800,0.017729687500000001,36.085333227615052,2.04276652279481
1800,0.01773125,36.085784173577757,2.0424924413695003
1800,0.0177328125,36.086235162107201,2.042218249033477
1800,0.017734375,36.08668619320369,2.0419439457592272
1800,0.0177359375,36.087137266867543,2.0416695315192297
1800,0.0177375,36.087588383099096,2.0413950062859576
1800,0.0177390625,36.088039541898674,2.0411203700318756
1800,0.017740624999999999,36.08849074326659,2.0408456227294414
1800,0.017742187499999999,36.088941987203157,2.0405707643511071
1800,0.017743750000000003,36.089393273708701,2.0402957948693152
1800,0.017745312500000002,36.089844602783543,2.040020714256503
1800,0.017746875000000002,36.090295974428003,2.0397455224850991
1800,0.017748437500000002,36.090747388642399,2.0394702195275243
1800,0.017750000000000002,36.091198845427044,2.0391948053561939
1800,0.017751562500000002,36.091650344782266,2.038919279943515
1800,0.017753125000000002,36.092101886708377,2.0386436432618869
1800,0.017754687500000001,36.092553471205697,2.0383678952837019
1800,0.017756250000000001,36.093005098274539,2.0380920359813453
1800,0.017757812500000001,36.093456767915214,2.0378160653271942
1800,0.017759375000000001,36.09390848012805,2.0375399832936187
1800,0.017760937500000001,36.094360234913367,2.037263789852982
1800,0.017762500000000001,36.094812032271484,2.0369874849776397
1800,0.0177640625,36.0952638722027,2.0367110686399386
1800,0.017765625,36.095715754707349,2.0364345408122189
1800,0.0177671875,36.096167679785736,2.0361579014668134
1800,0.01776875,36.096619647438182,2.035881150576047
1800,0.0177703125,36.097071657665005,2.0356042881122378
1800,0.017771874999999999,36.097523710466504,2.0353273140476951
1800,0.017773437499999999,36.097975805843006,2.0350502283547214
1800,0.017774999999999999,36.098427943794825,2.0347730310056114
1800,0.017776562500000002,36.098880124322285,2.0344957219726525
1800,0.017778125000000002,36.09933234742568,2.0342183012281239
1800,0.017779687500000002,36.099784613105328,2.0339407687442965
1800,0.017781250000000002,36.100236921361528,2.0336631244934349
1800,0.017782812500000002,36.100689272194614,2.0333853684477954
1800,0.017784375000000002,36.101141665604885,2.0331075005796264
1800,0.017785937500000001,36.101594101592667,2.032829520861168
1800,0.017787500000000001,36.102046580158259,2.0325514292646534
1800,0.017789062500000001,36.102499101301966,2.0322732257623075
1800,0.017790625000000001,36.102951665024101,2.0319949103263473
1800,0.017792187500000001,36.10340427132499,2.0317164829289824
1800,0.017793750000000001,36.10385692020494,2.0314379435424144
1800,0.0177953125,36.10430961166427,2.0311592921388364
1800,0.017796875,36.104762345703278,2.0308805286904343
1800,0.0177984375,36.105215122322271,2.0306016531693851
1800,0.0178,36.10566794152156,2.0303226655478595
1800,0.0178015625,36.106120803301451,2.0300435657980183
1800,0.017803125,36.106573707662264,2.0297643538920154
1800,0.017804687499999999,36.107026654604297,2.0294850298019971
1800,0.017806249999999999,36.107479644127864,2.0292055935001008
1800,0.017807812500000002,36.107932676233276,2.0289260449584554
1800,0.017809375000000002,36.108385750920839,2.0286463841491829
1800,0.017810937500000002,36.108838868190873,2.0283666110443961
1800,0.017812500000000002,36.109292028043676,2.0280867256162001
1800,0.017814062500000002,36.109745230479554,2.0278067278366918
1800,0.017815625000000002,36.110198475498805,2.0275266176779603
1800,0.017817187500000001,36.11065176310175,2.0272463951120865
1800,0.017818750000000001,36.111105093288693,2.0269660601111417
1800,0.017820312500000001,36.111558466059925,2.0266856126471904
1800,0.017821875000000001,36.112011881415761,2.0264050526922888
1800,0.017823437500000001,36.112465339356504,2.0261243802184841
1800,0.017825000000000001,36.112918839882454,2.0258435951978164
1800,0.0178265625,36.11337238299393,2.0255626976023167
1800,0.017828125,36.113825968691231,2.0252816874040063
1800,0.0178296875,36.114279596974654,2.0250005645748996
1800,0.01783125,36.1147332678445,2.0247193290870036
1800,0.0178328125,36.115186981301079,2.0244379809123147
1800,0.017834375,36.115640737344691,2.0241565200228213
1800,0.017835937499999999,36.116094535975641,2.0238749463905039
1800,0.017837499999999999,36.116548377194228,2.0235932599873352
1800,0.017839062500000002,36.117002261000749,2.023311460785278
1800,0.017840625000000002,36.117456187395518,2.0230295487562873
1800,0.017842187500000002,36.117910156378834,2.0227475238723094
1800,0.017843750000000002,36.118364167950986,2.0224653861052819
1800,0.017845312500000002,36.118818222112296,2.0221831354271345
1800,0.017846875000000002,36.119272318863047,2.0219007718097868
1800,0.017848437500000001,36.119726458203559,2.0216182952251511
1800,0.017850000000000001,36.120180640134109,2.0213357056451309
1800,0.017851562500000001,36.12063486465501,2.0210530030416201
1800,0.017853125000000001,36.121089131766553,2.0207701873865043
1800,0.017854687500000001,36.121543441469036,2.0204872586516616
1800,0.017856250000000001,36.121997793762766,2.0202042168089593
1800,0.0178578125,36.122452188648026,2.019921061830257
1800,0.017859375,36.122906626125122,2.019637793687405
1800,0.0178609375,36.123361106194359,2.0193544123522456
1800,0.0178625,36.123815628856015,2.0190709177966109
1800,0.0178640625,36.124270194110402,2.0187873099923257
1800,0.017865625,36.124724801957804,2.0185035889112051
1800,0.017867187499999999,36.125179452398527,2.0182197545250555
1800,0.017868749999999999,36.125634145432869,2.0179358068056747
1800,0.017870312500000003,36.126088881061122,2.0176517457248502
1800,0.017871875000000002,36.126543659283591,2.0173675712543617
1800,0.017873437500000002,36.126998480100568,2.0170832833659795
1800,0.017875000000000002,36.127453343512357,2.0167988820314648
1800,0.017876562500000002,36.127908249519251,2.01651436722257
1800,0.017878125000000002,36.128363198121541,2.0162297389110377
1800,0.017879687500000001,36.128818189319524,2.0159449970686025
1800,0.017881250000000001,36.129273223113493,2.0156601416669884
1800,0.017882812500000001,36.129728299503746,2.0153751726779121
1800,0.017884375000000001,36.130183418490581,2.0150900900730799
1800,0.017885937500000001,36.130638580074276,2.0148048938241891
1800,0.017887500000000001,36.131093784255114,2.0145195839029273
1800,0.0178890625,36.131549031033408,2.0142341602809735
1800,0.017890625,36.132004320409443,2.0139486229299974
1800,0.0178921875,36.132459652383524,2.0136629718216597
1800,0.01789375,36.132915026955928,2.0133772069276104
1800,0.0178953125,36.133370444126953,2.0130913282194918
1800,0.017896875,36.133825903896891,2.0128053356689355
1800,0.017898437499999999,36.134281406266041,2.0125192292475642
1800,0.017899999999999999,36.134736951234686,2.0122330089269918
1800,0.017901562500000003,36.135192538803118,2.0119466746788217
1800,0.017903125000000002,36.135648168971613,2.0116602264746493
1800,0.017904687500000002,36.136103841740457,2.0113736642860589
1800,0.017906250000000002,36.136559557109969,2.0110869880846258
1800,0.017907812500000002,36.137015315080419,2.0108001978419159
1800,0.017909375000000002,36.137471115652083,2.0105132935294856
1800,0.017910937500000002,36.137926958825261,2.0102262751188817
1800,0.017912500000000001,36.138382844600251,2.0099391425816422
1800,0.017914062500000001,36.138838772977344,2.0096518958892933
1800,0.017915625000000001,36.13929474395681,2.0093645350133529
1800,0.017917187500000001,36.139750757538955,2.0090770599253291
1800,0.017918750000000001,36.140206813724049,2.0087894705967209
1800,0.0179203125,36.14066291251239,2.0085017669990157
1800,0.017921875,36.141119053904255,2.0082139491036934
1800,0.0179234375,36.141575237899929,2.0079260168822226
1800,0.017925,36.142031464499695,2.0076379703060625
1800,0.0179265625,36.142487733703852,2.0073498093466626
1800,0.017928125,36.142944045512678,2.0070615339754627
1800,0.017929687499999999,36.143400399926463,2.0067731441638927
1800,0.017931249999999999,36.143856796945478,2.0064846398833711
1800,0.017932812500000003,36.144313236570014,2.0061960211053083
1800,0.017934375000000002,36.144769718800347,2.0059072878011039
1800,0.017935937500000002,36.145226243636763,2.0056184399421482
1800,0.017937500000000002,36.14568281107956,2.0053294774998207
1800,0.017939062500000002,36.146139421129021,2.0050404004454911
1800,0.017940625000000002,36.146596073785425,2.0047512087505188
1800,0.017942187500000002,36.147052769049047,2.0044619023862529
1800,0.017943750000000001,36.14750950692018,2.0041724813240336
1800,0.017945312500000001,36.1479662873991,2.0038829455351892
1800,0.017946875000000001,36.148423110486085,2.00359329499104
1800,0.017948437500000001,36.148879976181419,2.0033035296628943
1800,0.017950000000000001,36.149336884485393,2.003013649522051
1800,0.017951562500000001,36.149793835398278,2.0027236545397984
1800,0.017953125,36.150250828920342,2.0024335446874146
1800,0.0179546875,36.150707865051878,2.0021433199361676
1800,0.01795625,36.151164943793169,2.0018529802573144
1800,0.0179578125,36.15162206514448,2.0015625256221021
1800,0.017959375,36.152079229106093,2.001271956001768
1800,0.017960937499999999,36.152536435678307,2.0009812713675381
1800,0.017962499999999999,36.152993684861386,2.0006904716906275
1800,0.017964062499999999,36.153450976655598,2.0003995569422424
1800,0.017965625000000002,36.153908311061237,2.0001085270935777
1800,0.017967187500000002,36.154365688078563,1.9998173821158183
1800,0.017968750000000002,36.15482310770787,1.9995261219801372
1800,0.017970312500000002,36.15528056994944,1.9992347466576985
1800,0.017971875000000002,36.155738074803537,1.9989432561196547
1800,0.017973437500000002,36.156195622270459,1.9986516503371476
1800,0.017975000000000001,36.156653212350456,1.9983599292813095
1800,0.017976562500000001,36.157110845043803,1.9980680929232604
1800,0.017978125000000001,36.157568520350786,1.99777614123411
1800,0.017979687500000001,36.158026238271681,1.9974840741849582
1800,0.017981250000000001,36.158483998806766,1.9971918917468934
1800,0.017982812500000001,36.15894180195631,1.996899593890993
1800,0.017984375,36.159399647720591,1.9966071805883243
1800,0.0179859375,36.159857536099878,1.9963146518099428
1800,0.0179875,36.160315467094456,1.9960220075268946
1800,0.0179890625,36.160773440704595,1.9957292477102135
1800,0.017990625,36.161231456930579,1.995436372330923
1800,0.0179921875,36.161689515772679,1.9951433813600361
1800,0.017993749999999999,36.162147617231163,1.9948502747685539
1800,0.017995312499999999,36.162605761306295,1.9945570525274665
1800,0.017996875000000002,36.163063947998346,1.994263714607754
1800,0.017998437500000002,36.163522177307598,1.9939702609803844
1800,0.018000000000000002,36.163980449234323,1.9936766916163153
1800,0.018001562500000002,36.164438763778797,1.9933830064864937
1800,0.018003125000000002,36.164897120941276,1.9930892055618536
1800,0.018004687500000002,36.165355520722031,1.9927952888133191
1800,0.018006250000000001,36.165813963121352,1.992501256211803
1800,0.018007812500000001,36.166272448139487,1.9922071077282062
1800,0.018009375000000001,36.166730975776723,1.9919128433334197
1800,0.018010937500000001,36.16718954603332,1.991618462998322
1800,0.018012500000000001,36.167648158909543,1.991323966693781
1800,0.018014062500000001,36.168106814405668,1.9910293543906528
1800,0.018015625,36.168565512521951,1.9907346260597827
1800,0.0180171875,36.169024253258677,1.9904397816720034
1800,0.01801875,36.1694830366161,1.9901448211981372
1800,0.0180203125,36.169941862594492,1.9898497446089956
1800,0.018021875,36.170400731194135,1.989554551875377
1800,0.0180234375,36.17085964241528,1.9892592429680698
1800,0.018024999999999999,36.17131859625821,1.9889638178578488
1800,0.018026562499999999,36.171777592723167,1.9886682765154795
1800,0.018028125000000002,36.172236631810435,1.9883726189117148
1800,0.018029687500000002,36.172695713520277,1.9880768450172954
1800,0.018031250000000002,36.173154837852955,1.9877809548029512
1800,0.018032812500000002,36.173614004808741,1.9874849482394004
1800,0.018034375000000002,36.174073214387889,1.9871888252973489
1800,0.018035937500000002,36.174532466590669,1.9868925859474915
1800,0.018037500000000001,36.174991761417338,1.9865962301605107
1800,0.018039062500000001,36.175451098868166,1.9862997579070774
1800,0.018040625000000001,36.175910478943415,1.9860031691578504
1800,0.018042187500000001,36.176369901643348,1.985706463883478
1800,0.018043750000000001,36.176829366968221,1.9854096420545955
1800,0.018045312500000001,36.177288874918304,1.9851127036418255
1800,0.018046875,36.17774842549386,1.98481564861578
1800,0.0180484375,36.178208018695152,1.984518476947059
1800,0.01805,36.178667654522442,1.9842211886062493
1800,0.0180515625,36.179127332975995,1.9839237835639267
1800,0.018053125,36.179587054056057,1.9836262617906544
1800,0.0180546875,36.180046817762907,1.9833286232569833
1800,0.018056249999999999,36.1805066240968,1.9830308679334538
1800,0.018057812499999999,36.180966473058007,1.982732995790593
1800,0.018059375000000003,36.181426364646782,1.9824350067989154
1800,0.018060937500000002,36.181886298863368,1.9821369009289227
1800,0.018062500000000002,36.182346275708035,1.9818386781511064
1800,0.018064062500000002,36.182806295181045,1.981540338435944
1800,0.018065625000000002,36.183266357282669,1.9812418817539017
1800,0.018067187500000002,36.183726462013162,1.9809433080754326
1800,0.018068750000000001,36.184186609372766,1.9806446173709782
1800,0.018070312500000001,36.18464679936173,1.9803458096109672
1800,0.018071875000000001,36.185107031980337,1.9800468847658157
1800,0.018073437500000001,36.185567307228837,1.9797478428059274
1800,0.018075000000000001,36.186027625107485,1.9794486837016942
1800,0.018076562500000001,36.18648798561653,1.9791494074234952
1800,0.018078125,36.186948388756235,1.978850013941696
1800,0.0180796875,36.187408834526856,1.978550503226651
1800,0.01808125,36.187869322928648,1.9782508752487011
1800,0.0180828125,36.188329853961854,1.9779511299781742
1800,0.018084375,36.188790427626742,1.9776512673853863
1800,0.0180859375,36.189251043923576,1.9773512874406403
1800,0.018087499999999999,36.189711702852605,1.9770511901142271
1800,0.018089062499999999,36.190172404414085,1.9767509753764243
1800,0.018090625000000003,36.190633148608264,1.9764506431974964
1800,0.018092187500000002,36.19109393543539,1.9761501935476955
1800,0.018093750000000002,36.191554764895727,1.9758496263972603
1800,0.018095312500000002,36.192015636989517,1.9755489417164169
1800,0.018096875000000002,36.192476551717021,1.9752481394753794
1800,0.018098437500000002,36.192937509078497,1.9749472196443472
1800,0.018100000000000002,36.1933985090742,1.9746461821935077
1800,0.018101562500000001,36.193859551704385,1.9743450270930354
1800,0.018103125000000001,36.194320636969294,1.9740437543130918
1800,0.018104687500000001,36.19478176486917,1.973742363823825
1800,0.018106250000000001,36.195242935404281,1.97344085559537
1800,0.018107812500000001,36.195704148574876,1.9731392295978492
1800,0.018109375,36.19616540438119,1.9728374858013711
1800,0.0181109375,36.196626702823487,1.9725356241760308
1800,0.0181125,36.197088043901999,1.9722336446919109
1800,0.0181140625,36.197549427616984,1.9719315473190802
1800,0.018115625,36.198010853968697,1.971629332027595
1800,0.0181171875,36.198472322957393,1.9713269987874971
1800,0.018118749999999999,36.198933834583315,1.9710245475688157
1800,0.018120312499999999,36.19939538884671,1.9707219783415666
1800,0.018121875000000003,36.199856985747829,1.9704192910757521
1800,0.018123437500000002,36.200318625286911,1.9701164857413602
1800,0.018125000000000002,36.2007803074642,1.9698135623083668
1800,0.018126562500000002,36.201242032279943,1.9695105207467329
1800,0.018128125000000002,36.201703799734403,1.9692073610264069
1800,0.018129687500000002,36.202165609827809,1.9689040831173235
1800,0.018131250000000002,36.202627462560422,1.9686006869894033
1800,0.018132812500000001,36.203089357932477,1.968297172612554
1800,0.018134375000000001,36.203551295944244,1.9679935399566686
1800,0.018135937500000001,36.204013276595951,1.9676897889916267
1800,0.018137500000000001,36.204475299887839,1.9673859196872943
1800,0.018139062500000001,36.204937365820165,1.9670819320135242
1800,0.018140625,36.205399474393168,1.9667778259401545
1800,0.0181421875,36.205861625607106,1.9664736014370094
1800,0.01814375,36.206323819462199,1.9661692584739003
1800,0.0181453125,36.206786055958709,1.9658647970206233
1800,0.018146875,36.207248335096857,1.9655602170469615
1800,0.0181484375,36.207710656876891,1.9652555185226834
1800,0.018149999999999999,36.208173021299061,1.9649507014175434
1800,0.018151562499999999,36.208635428363593,1.9646457657012821
1800,0.018153125000000003,36.20909787807075,1.964340711343626
1800,0.018154687500000002,36.20956037042076,1.9640355383142867
1800,0.018156250000000002,36.210022905413872,1.9637302465829634
1800,0.018157812500000002,36.210485483050334,1.96342483611934
1800,0.018159375000000002,36.210948103330374,1.9631193068930863
1800,0.018160937500000002,36.211410766254254,1.9628136588738578
1800,0.018162500000000002,36.211873471822209,1.9625078920312957
1800,0.018164062500000001,36.212336220034466,1.9622020063350261
1800,0.018165625000000001,36.212799010891274,1.9618960017546614
1800,0.018167187500000001,36.213261844392868,1.9615898782597998
1800,0.018168750000000001,36.213724720539496,1.9612836358200256
1800,0.018170312500000001,36.214187639331385,1.9609772744049081
1800,0.018171875000000001,36.214650600768771,1.9606707939840011
1800,0.0181734375,36.215113604851901,1.9603641945268451
1800,0.018175,36.21557665158101,1.9600574760029656
1800,0.0181765625,36.216039740956333,1.9597506383818735
1800,0.018178125,36.216502872978104,1.9594436816330643
1800,0.0181796875,36.216966047646572,1.9591366057260204
1800,0.018181249999999999,36.217429264961964,1.9588294106302084
1800,0.018182812499999999,36.217892524924515,1.95852209631508
1800,0.018184374999999999,36.218355827534452,1.9582146627500723
1800,0.018185937500000002,36.218819172792038,1.9579071099046075
1800,0.018187500000000002,36.219282560697494,1.9575994377480934
1800,0.018189062500000002,36.21974599125106,1.9572916462499226
1800,0.018190625000000002,36.220209464452964,1.9569837353794728
1800,0.018192187500000002,36.220672980303448,1.9566757051061066
1800,0.018193750000000002,36.221136538802753,1.956367555399172
1800,0.018195312500000001,36.221600139951079,1.9560592862280015
1800,0.018196875000000001,36.222063783748681,1.9557508975619127
1800,0.018198437500000001,36.2225274701958,1.955442389370208
1800,0.018200000000000001,36.22299119929265,1.9551337616221744
1800,0.018201562500000001,36.22345497103948,1.954825014287084
1800,0.018203125000000001,36.22391878543651,1.9545161473341939
1800,0.0182046875,36.224382642483981,1.9542071607327458
1800,0.01820625,36.224846542182121,1.953898054451966
1800,0.0182078125,36.225310484531164,1.9535888284610656
1800,0.018209375,36.225774469531345,1.9532794827292395
1800,0.0182109375,36.226238497182877,1.9529700172256683
1800,0.0182125,36.226702567486015,1.9526604319195169
1800,0.018214062499999999,36.227166680440973,1.952350726779934
1800,0.018215624999999999,36.227630836047979,1.9520409017760543
1800,0.018217187500000002,36.228095034307259,1.9517309568769954
1800,0.018218750000000002,36.228559275219048,1.9514208920518601
1800,0.018220312500000002,36.229023558783574,1.951110707269736
1800,0.018221875000000002,36.229487885001056,1.9508004024996943
1800,0.018223437500000002,36.229952253871737,1.9504899777107898
1800,0.018225000000000002,36.230416665395836,1.9501794328720625
1800,0.018226562500000001,36.230881119573596,1.9498687679525362
1800,0.018228125000000001,36.231345616405221,1.9495579829212195
1800,0.018229687500000001,36.231810155890955,1.9492470777471052
1800,0.018231250000000001,36.232274738031023,1.9489360523991694
1800,0.018232812500000001,36.232739362825662,1.948624906846373
1800,0.018234375000000001,36.233204030275083,1.9483136410576605
1800,0.0182359375,36.233668740379507,1.9480022550019604
1800,0.0182375,36.234133493139169,1.9476907486481856
1800,0.0182390625,36.234598288554295,1.9473791219652326
1800,0.018240625,36.235063126625121,1.9470673749219818
1800,0.0182421875,36.23552800735186,1.9467555074872966
1800,0.01824375,36.235992930734739,1.9464435196300254
1800,0.018245312499999999,36.236457896773977,1.9461314113190009
1800,0.018246874999999999,36.236922905469804,1.9458191825230378
1800,0.018248437500000003,36.237387956822431,1.9455068332109353
1800,0.018250000000000002,36.237853050832086,1.9451943633514766
1800,0.018251562500000002,36.238318187499011,1.9448817729134276
1800,0.018253125000000002,36.238783366823419,1.9445690618655391
1800,0.018254687500000002,36.239248588805523,1.9442562301765443
1800,0.018256250000000002,36.239713853445551,1.9439432778151597
1800,0.018257812500000001,36.240179160743715,1.9436302047500864
1800,0.018259375000000001,36.240644510700236,1.9433170109500084
1800,0.018260937500000001,36.241109903315341,1.9430036963835933
1800,0.018262500000000001,36.241575338589257,1.9426902610194916
1800,0.018264062500000001,36.242040816522206,1.9423767048263372
1800,0.018265625000000001,36.242506337114399,1.9420630277727473
1800,0.0182671875,36.242971900366058,1.9417492298273222
1800,0.01826875,36.243437506277409,1.9414353109586455
1800,0.0182703125,36.243903154848667,1.9411212711352841
1800,0.018271875,36.244368846080057,1.940807110325788
1800,0.0182734375,36.244834579971801,1.9404928284986902
1800,0.018275,36.245300356524105,1.9401784256225061
1800,0.018276562499999999,36.245766175737188,1.9398639016657353
1800,0.018278124999999999,36.246232037611264,1.9395492565968595
1800,0.018279687500000003,36.246697942146554,1.9392344903843435
1800,0.018281250000000002,36.247163889343277,1.9389196029966347
1800,0.018282812500000002,36.247629879201654,1.9386045944021633
1800,0.018284375000000002,36.24809591172189,1.9382894645693429
1800,0.018285937500000002,36.248561986904214,1.9379742134665701
1800,0.018287500000000002,36.249028104748838,1.9376588410622224
1800,0.018289062500000001,36.249494265255976,1.9373433473246617
1800,0.018290625000000001,36.249960468425854,1.9370277322222322
1800,0.018292187500000001,36.25042671425868,1.9367119957232608
1800,0.018293750000000001,36.250893002754658,1.9363961377960563
1800,0.018295312500000001,36.251359333914024,1.93608015840891
1800,0.018296875000000001,36.251825707736963,1.9357640575300961
1800,0.0182984375,36.252292124223708,1.9354478351278714
1800,0.0183,36.252758583374465,1.9351314911704749
1800,0.0183015625,36.253225085189456,1.9348150256261269
1800,0.018303125,36.253691629668872,1.9344984384630315
1800,0.0183046875,36.254158216812954,1.9341817296493742
1800,0.01830625,36.254624846621901,1.9338648991533223
1800,0.018307812499999999,36.255091519095927,1.9335479469430266
1800,0.018309374999999999,36.255558234235245,1.9332308729866192
1800,0.018310937500000003,36.256024992040068,1.9329136772522146
1800,0.018312500000000002,36.256491792510602,1.9325963597079083
1800,0.018314062500000002,36.256958635647052,1.9322789203217798
1800,0.018315625000000002,36.257425521449633,1.9319613590618887
1800,0.018317187500000002,36.257892449918558,1.9316436758962767
1800,0.018318750000000002,36.258359421054031,1.9313258707929684
1800,0.018320312500000002,36.25882643485626,1.9310079437199696
1800,0.018321875000000001,36.259293491325444,1.9306898946452684
1800,0.018323437500000001,36.259760590461802,1.9303717235368341
1800,0.018325000000000001,36.260227732265548,1.9300534303626178
1800,0.018326562500000001,36.260694916736888,1.9297350150905526
1800,0.018328125000000001,36.261162143876035,1.9294164776885527
1800,0.0183296875,36.261629413683195,1.929097818124514
1800,0.01833125,36.262096726158575,1.9287790363663138
1800,0.0183328125,36.262564081302379,1.9284601323818111
1800,0.018334375,36.263031479114801,1.9281411061388465
1800,0.0183359375,36.26349891959606,1.9278219576052418
1800,0.0183375,36.263966402746355,1.9275026867488001
1800,0.018339062499999999,36.264433928565893,1.9271832935373059
1800,0.018340624999999999,36.264901497054886,1.9268637779385251
1800,0.018342187500000003,36.265369108213527,1.9265441399202048
1800,0.018343750000000002,36.265836762042021,1.9262243794500737
1800,0.018345312500000002,36.266304458540581,1.9259044964958405
1800,0.018346875000000002,36.2667721977094,1.9255844910251958
1800,0.018348437500000002,36.267239979548705,1.9252643630058108
1800,0.018350000000000002,36.267707804058688,1.9249441124053379
1800,0.018351562500000002,36.268175671239547,1.9246237391914114
1800,0.018353125000000001,36.268643581091496,1.9243032433316447
1800,0.018354687500000001,36.269111533614733,1.9239826247936338
1800,0.018356250000000001,36.269579528809459,1.9236618835449548
1800,0.018357812500000001,36.270047566675878,1.9233410195531644
1800,0.018359375000000001,36.270515647214189,1.9230200327858002
1800,0.018360937500000001,36.2709837704246,1.9226989232103808
1800,0.0183625,36.271451936307301,1.9223776907944055
1800,0.0183640625,36.271920144862506,1.9220563355053535
1800,0.018365625,36.272388396090392,1.9217348573106843
1800,0.0183671875,36.272856689991187,1.921413256177839
1800,0.01836875,36.27332502656509,1.921091532074239
1800,0.018370312499999999,36.273793405812292,1.9207696849672862
1800,0.018371874999999999,36.274261827733,1.9204477148243624
1800,0.018373437500000003,36.274730292327412,1.9201256216128297
1800,0.018375000000000002,36.275198799595735,1.9198034053000308
1800,0.018376562500000002,36.275667349538146,1.9194810658532884
1800,0.018378125000000002,36.276135942154866,1.9191586032399051
1800,0.018379687500000002,36.276604577446065,1.9188360174271646
1800,0.018381250000000002,36.277073255411949,1.9185133083823296
1800,0.018382812500000002,36.277541976052731,1.9181904760726436
1800,0.018384375000000001,36.27801073936859,1.9178675204653308
1800,0.018385937500000001,36.278479545359723,1.917544441527594
1800,0.018387500000000001,36.27894839402633,1.9172212392266166
1800,0.018389062500000001,36.279417285368602,1.9168979135295618
1800,0.018390625000000001,36.279886219386746,1.9165744644035729
1800,0.018392187500000001,36.280355196080961,1.9162508918157721
1800,0.01839375,36.280824215451432,1.9159271957332624
1800,0.0183953125,36.281293277498357,1.9156033761231255
1800,0.018396875,36.28176238222192,1.9152794329524232
1800,0.0183984375,36.282231529622322,1.9149553661881973
1800,0.0184,36.282700719699768,1.9146311757974683
1800,0.0184015625,36.28316995245445,1.9143068617472372
1800,0.018403124999999999,36.283639227886546,1.9139824240044838
1800,0.018404687499999999,36.284108545996254,1.9136578625361675
1800,0.018406250000000002,36.284577906783753,1.9133331773092264
1800,0.018407812500000002,36.28504731024924,1.9130083682905781
1800,0.018409375000000002,36.285516756392916,1.9126834354471212
1800,0.018410937500000002,36.285986245214986,1.9123583787457321
1800,0.018412500000000002,36.286455776715606,1.9120331981532663
1800,0.018414062500000002,36.286925350894997,1.9117078936365586
1800,0.018415625000000001,36.28739496775335,1.9113824651624225
1800,0.018417187500000001,36.287864627290837,1.9110569126976513
1800,0.018418750000000001,36.288334329507663,1.9107312362090167
1800,0.018420312500000001,36.288804074404013,1.91040543566327
1800,0.018421875000000001,36.289273861980078,1.9100795110271407
1800,0.018423437500000001,36.289743692236044,1.9097534622673373
1800,0.018425,36.290213565172117,1.9094272893505468
1800,0.0184265625,36.290683480788466,1.9091009922434354
1800,0.018428125,36.291153439085285,1.9087745709126478
1800,0.0184296875,36.291623440062764,1.9084480253248073
1800,0.01843125,36.292093483721089,1.9081213554465162
1800,0.0184328125,36.29256357006043,1.9077945612443552
1800,0.018434374999999999,36.293033699081008,1.9074676426848824
1800,0.018435937499999999,36.293503870782992,1.9071405997346358
1800,0.018437500000000002,36.293974085166575,1.9068134323601311
1800,0.018439062500000002,36.294444342231934,1.906486140527863
1800,0.018440625000000002,36.294914641979261,1.9061587242043034
1800,0.018442187500000002,36.295384984408742,1.9058311833559032
1800,0.018443750000000002,36.295855369520567,1.9055035179490907
1800,0.018445312500000002,36.296325797314907,1.9051757279502735
1800,0.018446875000000001,36.296796267791947,1.9048478133258366
1800,0.018448437500000001,36.29726678095188,1.9045197740421436
1800,0.018450000000000001,36.297737336794896,1.9041916100655347
1800,0.018451562500000001,36.298207935321166,1.9038633213623295
1800,0.018453125000000001,36.298678576530889,1.9035349078988248
1800,0.018454687500000001,36.299149260424237,1.9032063696412962
1800,0.01845625,36.299619987001392,1.9028777065559956
1800,0.0184578125,36.300090756262527,1.9025489186091535
1800,0.018459375,36.30056156820784,1.9022200057669787
1800,0.0184609375,36.301032422837494,1.9018909679956559
1800,0.0184625,36.301503320151681,1.9015618052613492
1800,0.0184640625,36.301974260150587,1.9012325175301994
1800,0.018465624999999999,36.302445242834388,1.9009031047683242
1800,0.018467187499999999,36.302916268203262,1.9005735669418198
1800,0.018468750000000003,36.303387336257394,1.9002439040167589
1800,0.018470312500000002,36.303858446996948,1.8999141159591917
1800,0.018471875000000002,36.304329600422115,1.8995842027351462
1800,0.018473437500000002,36.30480079653308,1.8992541643106269
1800,0.018475000000000002,36.30527203533002,1.8989240006516164
1800,0.018476562500000002,36.305743316813107,1.8985937117240741
1800,0.018478125000000001,36.30621464098251,1.898263297493936
1800,0.018479687500000001,36.306686007838429,1.8979327579271155
1800,0.018481250000000001,36.307157417381035,1.8976020929895026
1800,0.018482812500000001,36.307628869610504,1.897271302646965
1800,0.018484375000000001,36.308100364527007,1.8969403868653465
1800,0.018485937500000001,36.308571902130723,1.8966093456104676
1800,0.0184875,36.309043482421835,1.8962781788481267
1800,0.0184890625,36.309515105400514,1.8959468865440978
1800,0.018490625,36.309986771066932,1.895615468664132
1800,0.0184921875,36.310458479421271,1.8952839251739566
1800,0.01849375,36.310930230463704,1.8949522560392753
1800,0.0184953125,36.3114020241944,1.8946204612257691
1800,0.018496874999999999,36.311873860613545,1.8942885406990948
1800,0.018498437499999999,36.312345739721316,1.8939564944248857
1800,0.018500000000000003,36.312817661517883,1.8936243223687519
1800,0.018501562500000002,36.313289626003431,1.8932920244962792
1800,0.018503125000000002,36.313761633178117,1.8929596007730294
1800,0.018504687500000002,36.314233683042119,1.8926270511645409
1800,0.018506250000000002,36.314705775595598,1.8922943756363286
1800,0.018507812500000002,36.315177910838727,1.8919615741538829
1800,0.018509375000000002,36.315650088771683,1.8916286466826699
1800,0.018510937500000001,36.316122309394657,1.8912955931881328
1800,0.018512500000000001,36.316594572707807,1.8909624136356893
1800,0.018514062500000001,36.317066878711309,1.890629107990734
1800,0.018515625000000001,36.317539227405319,1.8902956762186369
1800,0.018517187500000001,36.318011618790017,1.8899621182847437
1800,0.01851875,36.318484052865564,1.8896284341543756
1800,0.0185203125,36.318956529632153,1.8892946237928296
1800,0.018521875,36.319429049089933,1.8889606871653788
1800,0.0185234375,36.319901611239089,1.8886266242372702
1800,0.018525,36.320374216079784,1.8882924349737276
1800,0.0185265625,36.320846863612189,1.8879581193399499
1800,0.018528124999999999,36.321319553836474,1.8876236773011124
1800,0.018529687499999999,36.321792286752796,1.8872891088223636
1800,0.018531250000000003,36.322265062361339,1.886954413868829
1800,0.018532812500000002,36.32273788066226,1.8866195924056075
1800,0.018534375000000002,36.323210741655721,1.8862846443977743
1800,0.018535937500000002,36.323683645341887,1.8859495698103796
1800,0.018537500000000002,36.324156591720921,1.8856143686084488
1800,0.018539062500000002,36.324629580793001,1.8852790407569815
1800,0.018540625000000002,36.325102612558297,1.8849435862209529
1800,0.018542187500000001,36.325575687016965,1.8846080049653124
1800,0.018543750000000001,36.326048804169183,1.8842722969549845
1800,0.018545312500000001,36.3265219640151,1.8839364621548682
1800,0.018546875000000001,36.326995166554894,1.8836005005298373
1800,0.018548437500000001,36.327468411788736,1.8832644120447408
1800,0.018550000000000001,36.327941699716774,1.8829281966644018
1800,0.0185515625,36.328415030339187,1.882591854353618
1800,0.018553125,36.328888403656137,1.8822553850771606
1800,0.0185546875,36.329361819667788,1.8819187887997768
1800,0.01855625,36.329835278374311,1.8815820654861868
1800,0.0185578125,36.330308779775862,1.8812452151010854
1800,0.018559374999999999,36.330782323872597,1.8809082376091415
1800,0.018560937499999999,36.33125591066468,1.8805711329749983
1800,0.018562500000000003,36.331729540152267,1.8802339011632732
1800,0.018564062500000002,36.332203212335514,1.8798965421385574
1800,0.018565625000000002,36.332676927214607,1.8795590558654158
1800,0.018567187500000002,36.333150684789693,1.8792214423083882
1800,0.018568750000000002,36.333624485060916,1.8788837014319868
1800,0.018570312500000002,36.334098328028446,1.8785458332006992
1800,0.018571875000000002,36.334572213692454,1.8782078375789861
1800,0.018573437500000001,36.335046142053088,1.8778697145312813
1800,0.018575000000000001,36.335520113110512,1.8775314640219927
1800,0.018576562500000001,36.335994126864897,1.8771930860155013
1800,0.018578125000000001,36.336468183316384,1.876854580476162
1800,0.018579687500000001,36.336942282465145,1.8765159473683035
1800,0.018581250000000001,36.337416424311328,1.8761771866562271
1800,0.0185828125,36.337890608855076,1.8758382983042079
1800,0.018584375,36.338364836096567,1.8754992822764938
1800,0.0185859375,36.338839106035948,1.875160138537306
1800,0.0185875,36.33931341867337,1.8748208670508391
1800,0.0185890625,36.339787774009004,1.8744814677812609
1800,0.018590625,36.340262172042998,1.8741419406927118
1800,0.018592187499999999,36.340736612775508,1.8738022857493051
1800,0.018593749999999999,36.341211096206699,1.8734625029151273
1800,0.018595312500000002,36.341685622336719,1.8731225921542374
1800,0.018596875000000002,36.342160191165725,1.8727825534306677
1800,0.018598437500000002,36.342634802693873,1.8724423867084226
1800,0.018600000000000002,36.343109456921312,1.872102091951479
1800,0.018601562500000002,36.343584153848212,1.8717616691237868
1800,0.018603125000000002,36.344058893474703,1.8714211181892688
1800,0.018604687500000001,36.344533675800946,1.8710804391118196
1800,0.018606250000000001,36.345008500827099,1.8707396318553067
1800,0.018607812500000001,36.34548336855331,1.8703986963835693
1800,0.018609375000000001,36.345958278979737,1.8700576326604197
1800,0.018610937500000001,36.346433232106534,1.8697164406496412
1800,0.018612500000000001,36.346908227933845,1.8693751203149904
1800,0.0186140625,36.347383266461833,1.8690336716201954
1800,0.018615625,36.347858347690646,1.868692094528956
1800,0.0186171875,36.348333471620428,1.8683503890049444
1800,0.01861875,36.348808638251334,1.8680085550118044
1800,0.0186203125,36.349283847583507,1.8676665925131526
1800,0.018621875,36.349759099617103,1.8673245014725761
1800,0.018623437499999999,36.35023439435227,1.8669822818536348
1800,0.018624999999999999,36.350709731789173,1.8666399336198589
1800,0.018626562500000002,36.351185111927947,1.8662974567347517
1800,0.018628125000000002,36.35166053476874,1.8659548511617867
1800,0.018629687500000002,36.352136000311695,1.8656121168644098
1800,0.018631250000000002,36.352611508556961,1.8652692538060378
1800,0.018632812500000002,36.353087059504709,1.8649262619500586
1800,0.018634375000000002,36.353562653155052,1.8645831412598317
1800,0.018635937500000001,36.354038289508146,1.8642398916986878
1800,0.018637500000000001,36.354513968564135,1.8638965132299286
1800,0.018639062500000001,36.35498969032318,1.8635530058168261
1800,0.018640625000000001,36.355465454785424,1.8632093694226248
1800,0.018642187500000001,36.35594126195101,1.8628656040105394
1800,0.018643750000000001,36.356417111820086,1.8625217095437547
1800,0.0186453125,36.356893004392795,1.8621776859854278
1800,0.018646875,36.357368939669279,1.8618335332986859
1800,0.0186484375,36.357844917649679,1.8614892514466266
1800,0.01865,36.358320938334145,1.8611448403923176
1800,0.0186515625,36.35879700172282,1.8608003000987983
1800,0.018653125,36.359273107815845,1.8604556305290776
1800,0.018654687499999999,36.359749256613384,1.860110831646135
1800,0.018656249999999999,36.360225448115564,1.8597659034129208
1800,0.018657812500000003,36.360701682322528,1.8594208457923551
1800,0.018659375000000002,36.361177959234425,1.8590756587473292
1800,0.018660937500000002,36.361654278851383,1.8587303422407031
1800,0.018662500000000002,36.362130641173572,1.8583848962353069
1800,0.018664062500000002,36.362607046201106,1.8580393206939418
1800,0.018665625000000002,36.363083493934127,1.8576936155793784
1800,0.018667187500000001,36.36355998437277,1.857347780854357
1800,0.018668750000000001,36.364036517517199,1.857001816481588
1800,0.018670312500000001,36.364513093367542,1.8566557224237519
1800,0.018671875000000001,36.364989711923947,1.8563094986434976
1800,0.018673437500000001,36.36546637318655,1.8559631451034444
1800,0.018675000000000001,36.365943077155499,1.8556166617661809
1800,0.0186765625,36.366419823830931,1.8552700485942653
1800,0.018678125,36.366896613212973,1.854923305550225
1800,0.0186796875,36.367373445301766,1.8545764325965568
1800,0.01868125,36.367850320097446,1.8542294296957271
1800,0.0186828125,36.368327237600148,1.8538822968101714
1800,0.018684375,36.368804197810007,1.853535033902294
1800,0.018685937499999999,36.36928120072718,1.8531876409344679
1800,0.018687499999999999,36.369758246351786,1.8528401178690359
1800,0.018689062500000003,36.370235334683969,1.8524924646683094
1800,0.018690625000000002,36.370712465723855,1.8521446812945683
1800,0.018692187500000002,36.371189639471595,1.8517967677100617
1800,0.018693750000000002,36.371666855927316,1.851448723877007
1800,0.018695312500000002,36.372144115091153,1.8511005497575905
1800,0.018696875000000002,36.372621416963241,1.8507522453139669
1800,0.018698437500000002,36.373098761543716,1.850403810508259
1800,0.018700000000000001,36.373576148832711,1.8500552453025589
1800,0.018701562500000001,36.374053578830363,1.8497065496589262
1800,0.018703125000000001,36.374531051536813,1.8493577235393899
1800,0.018704687500000001,36.375008566952189,1.8490087669059456
1800,0.018706250000000001,36.37548612507662,1.8486596797205588
1800,0.0187078125,36.375963725910232,1.8483104619451616
1800,0.018709375,36.376441369453154,1.8479611135416545
1800,0.0187109375,36.376919055705542,1.847611634471906
1800,0.0187125,36.377396784667518,1.8472620246977527
1800,0.0187140625,36.377874556339215,1.8469122841809984
1800,0.018715625,36.378352370720762,1.8465624128834155
1800,0.018717187499999999,36.378830227812294,1.846212410766743
1800,0.018718749999999999,36.379308127613939,1.8458622777926876
1800,0.018720312500000003,36.379786070125824,1.8455120139229242
1800,0.018721875000000002,36.380264055348071,1.8451616191190938
1800,0.018723437500000002,36.380742083280808,1.8448110933428066
1800,0.018725000000000002,36.381220153924183,1.8444604365556385
1800,0.018726562500000002,36.381698267278324,1.8441096487191333
1800,0.018728125000000002,36.382176423343367,1.8437587297948017
1800,0.018729687500000002,36.382654622119432,1.8434076797441221
1800,0.018731250000000001,36.383132863606647,1.8430564985285389
1800,0.018732812500000001,36.383611147805134,1.8427051861094632
1800,0.018734375000000001,36.384089474715019,1.8423537424482734
1800,0.018735937500000001,36.384567844336431,1.842002167506315
1800,0.018737500000000001,36.385046256669497,1.8416504612448994
1800,0.018739062500000001,36.385524711714353,1.8412986236253055
1800,0.018740625,36.386003209471127,1.8409466546087783
1800,0.0187421875,36.386481749939932,1.8405945541565287
1800,0.01874375,36.386960333120889,1.8402423222297348
1800,0.0187453125,36.387438959014148,1.8398899587895405
1800,0.018746875,36.387917627619821,1.839537463797057
1800,0.018748437499999999,36.38839633893803,1.839184837213359
1800,0.018749999999999999,36.388875092968902,1.8388320789994901
1800,0.018751562500000003,36.389353889712559,1.8384791891164585
1800,0.018753125000000002,36.389832729169129,1.8381261675252383
1800,0.018754687500000002,36.390311611338738,1.8377730141867701
1800,0.018756250000000002,36.390790536221509,1.8374197290619598
1800,0.018757812500000002,36.391269503817568,1.837066312111679
1800,0.018759375000000002,36.391748514127045,1.836712763296765
1800,0.018760937500000002,36.392227567150059,1.8363590825780205
1800,0.018762500000000001,36.392706662886717,1.8360052699162133
1800,0.018764062500000001,36.393185801337133,1.8356513252720774
1800,0.018765625000000001,36.393664982501448,1.8352972486063124
1800,0.018767187500000001,36.394144206379771,1.8349430398795814
1800,0.018768750000000001,36.394623472972235,1.8345886990525135
1800,0.018770312500000001,36.39510278227894,1.8342342260857036
1800,0.018771875,36.395582134300014,1.833879620939711
1800,0.0187734375,36.396061529035585,1.8335248835750597
1800,0.018775,36.396540966485766,1.8331700139522391
1800,0.0187765625,36.397020446650686,1.8328150120317028
1800,0.018778125,36.397499969530458,1.8324598777738692
1800,0.0187796875,36.397979535125209,1.8321046111391222
1800,0.018781249999999999,36.398459143435034,1.8317492120878089
1800,0.018782812500000003,36.398938794460065,1.8313936805802413
1800,0.018784375000000002,36.399418488200411,1.831038016576696
1800,0.018785937500000002,36.399898224656205,1.8306822200374133
1800,0.018787500000000002,36.400378003827548,1.8303262909225986
1800,0.018789062500000002,36.400857825714567,1.82997022919242
1800,0.018790625000000002,36.401337690317376,1.8296140348070113
1800,0.018792187500000002,36.401817597636089,1.8292577077264693
1800,0.018793750000000001,36.402297547670827,1.8289012479108553
1800,0.018795312500000001,36.40277754042171,1.8285446553201938
1800,0.018796875000000001,36.403257575888844,1.8281879299144732
1800,0.018798437500000001,36.403737654072359,1.8278310716536446
1800,0.018800000000000001,36.404217774972359,1.8274740804976244
1800,0.018801562500000001,36.40469793858896,1.8271169564062915
1800,0.018803125,36.405178144922274,1.8267596993394881
1800,0.0188046875,36.405658393972416,1.8264023092570203
1800,0.01880625,36.406138685739506,1.8260447861186573
1800,0.0188078125,36.406619020223651,1.8256871298841308
1800,0.018809375,36.407099397424972,1.8253293405131357
1800,0.0188109375,36.407579817343567,1.82497141796533
1800,0.018812499999999999,36.408060279979551,1.8246133622003347
1800,0.018814062499999999,36.408540785333031,1.8242551731777339
1800,0.018815625000000002,36.40902133340412,1.8238968508570741
1800,0.018817187500000002,36.409501924192938,1.823538395197865
1800,0.018818750000000002,36.409982557699593,1.8231798061595776
1800,0.018820312500000002,36.410463233924204,1.8228210837016467
1800,0.018821875000000002,36.410943952866866,1.8224622277834688
1800,0.018823437500000002,36.411424714527698,1.8221032383644034
1800,0.018825000000000001,36.411905518906792,1.8217441154037712
1800,0.018826562500000001,36.412386366004263,1.8213848588608561
1800,0.018828125000000001,36.412867255820238,1.8210254686949037
1800,0.018829687500000001,36.413348188354817,1.820665944865121
1800,0.018831250000000001,36.413829163608099,1.8203062873306772
1800,0.018832812500000001,36.414310181580198,1.819946496050703
1800,0.018834375,36.414791242271228,1.8195865709842918
1800,0.0188359375,36.415272345681281,1.819226512090498
1800,0.0188375,36.415753491810484,1.8188663193283381
1800,0.0188390625,36.416234680658931,1.818505992656789
1800,0.018840625,36.416715912226728,1.8181455320347897
1800,0.0188421875,36.417197186513988,1.8177849374212405
1800,0.018843749999999999,36.417678503520811,1.8174242087750025
1800,0.018845312499999999,36.418159863247304,1.8170633460548982
1800,0.018846875000000003,36.41864126569358,1.816702349219711
1800,0.018848437500000002,36.419122710859746,1.8163412182281857
1800,0.018850000000000002,36.419604198745908,1.8159799530390275
1800,0.018851562500000002,36.420085729352174,1.8156185536109026
1800,0.018853125000000002,36.420567302678641,1.8152570199024378
1800,0.018854687500000002,36.421048918725425,1.8148953518722206
1800,0.018856250000000001,36.421530577492611,1.8145335494787977
1800,0.018857812500000001,36.422012278980304,1.8141716126806782
1800,0.018859375000000001,36.422494023188598,1.8138095414363302
1800,0.018860937500000001,36.422975810117606,1.8134473357041829
1800,0.018862500000000001,36.423457639767427,1.8130849954426256
1800,0.018864062500000001,36.423939512138162,1.8127225206100073
1800,0.018865625,36.424421427229909,1.8123599111646367
1800,0.0188671875,36.424903385042768,1.811997167064783
1800,0.01886875,36.425385385576845,1.8116342882686747
1800,0.0188703125,36.425867428832241,1.8112712747344999
1800,0.018871875,36.426349514809061,1.810908126420407
1800,0.0188734375,36.426831643507398,1.8105448432845037
1800,0.018874999999999999,36.427313814927345,1.8101814252848569
1800,0.018876562499999999,36.427796029069015,1.8098178723794931
1800,0.018878125000000003,36.428278285932514,1.8094541845263981
1800,0.018879687500000002,36.428760585517928,1.8090903616835168
1800,0.018881250000000002,36.429242927825356,1.8087264038087527
1800,0.018882812500000002,36.429725312854892,1.8083623108599689
1800,0.018884375000000002,36.43020774060664,1.8079980827949869
1800,0.018885937500000002,36.430690211080702,1.8076337195715872
1800,0.018887500000000002,36.431172724277168,1.8072692211475094
1800,0.018889062500000001,36.431655280196139,1.8069045874804512
1800,0.018890625000000001,36.432137878837715,1.8065398185280683
1800,0.018892187500000001,36.432620520201993,1.8061749142479764
1800,0.018893750000000001,36.433103204289061,1.8058098745977482
1800,0.018895312500000001,36.433585931099024,1.8054446995349154
1800,0.018896875,36.434068700631968,1.8050793890169674
1800,0.0188984375,36.434551512888,1.8047139430013517
1800,0.0189,36.435034367867203,1.8043483614454734
1800,0.0189015625,36.435517265569679,1.8039826443066964
1800,0.018903125,36.436000205995512,1.803616791542342
1800,0.0189046875,36.436483189144809,1.8032508031096888
1800,0.018906249999999999,36.436966215017662,1.8028846789659736
1800,0.018907812499999999,36.437449283614164,1.8025184190683903
1800,0.018909375000000003,36.437932394934414,1.8021520233740902
1800,0.018910937500000002,36.43841554897849,1.8017854918401821
1800,0.018912500000000002,36.438898745746485,1.8014188244237315
1800,0.018914062500000002,36.439381985238491,1.8010520210817615
1800,0.018915625000000002,36.4398652674546,1.8006850817712521
1800,0.018917187500000002,36.440348592394912,1.8003180064491406
1800,0.018918750000000002,36.440831960059512,1.799950795072321
1800,0.018920312500000001,36.4413153704485,1.7995834475976433
1800,0.018921875000000001,36.441798823561946,1.7992159639819147
1800,0.018923437500000001,36.442282319399951,1.798848344181899
1800,0.018925000000000001,36.442765857962605,1.7984805881543158
1800,0.018926562500000001,36.443249439250003,1.798112695855842
1800,0.018928125000000001,36.443733063262229,1.7977446672431103
1800,0.0189296875,36.444216729999376,1.7973765022727095
1800,0.01893125,36.444700439461535,1.7970082009011843
1800,0.0189328125,36.445184191648792,1.7966397630850355
1800,0.018934375,36.445667986561226,1.7962711887807197
1800,0.0189359375,36.446151824198928,1.7959024779446495
1800,0.018937499999999999,36.446635704561984,1.7955336305331935
1800,0.018939062499999999,36.447119627650494,1.7951646465026749
1800,0.018940625000000003,36.447603593464549,1.7947955258093731
1800,0.018942187500000002,36.448087602004222,1.794426268409522
1800,0.018943750000000002,36.448571653269603,1.7940568742593119
1800,0.018945312500000002,36.449055747260793,1.7936873433148872
1800,0.018946875000000002,36.449539883977863,1.7933176755323479
1800,0.018948437500000002,36.450024063420891,1.7929478708677486
1800,0.018950000000000002,36.450508285589954,1.7925779292770989
1800,0.018951562500000001,36.450992550485147,1.7922078507163639
1800,0.018953125000000001,36.451476858106574,1.7918376351414627
1800,0.018954687500000001,36.4519612084543,1.7914672825082687
1800,0.018956250000000001,36.45244560152841,1.7910967927726098
1800,0.018957812500000001,36.452930037328976,1.7907261658902689
1800,0.018959375000000001,36.453414515856096,1.7903554018169827
1800,0.0189609375,36.453899037109863,1.7899845005084423
1800,0.0189625,36.454383601090349,1.7896134619202924
1800,0.0189640625,36.454868207797617,1.7892422860081316
1800,0.018965625,36.455352857231766,1.7888709727275129
1800,0.0189671875,36.455837549392861,1.7884995220339424
1800,0.01896875,36.456322284280986,1.7881279338828808
1800,0.018970312499999999,36.456807061896235,1.7877562082297414
1800,0.018971875000000003,36.457291882238671,1.7873843450298905
1800,0.018973437500000002,36.457776745308401,1.7870123442386492
1800,0.018975000000000002,36.458261651105502,1.7866402058112907
1800,0.018976562500000002,36.458746599630032,1.7862679297030417
1800,0.018978125000000002,36.459231590882077,1.7858955158690821
1800,0.018979687500000002,36.459716624861734,1.7855229642645449
1800,0.018981250000000002,36.460201701569069,1.7851502748445149
1800,0.018982812500000001,36.460686821004174,1.7847774475640301
1800,0.018984375000000001,36.461171983167112,1.7844044823780809
1800,0.018985937500000001,36.46165718805797,1.7840313792416107
1800,0.018987500000000001,36.462142435676803,1.7836581381095151
1800,0.018989062500000001,36.462627726023705,1.7832847589366414
1800,0.018990625000000001,36.463113059098752,1.7829112416777895
1800,0.0189921875,36.463598434902025,1.7825375862877118
1800,0.01899375,36.464083853433586,1.7821637927211118
1800,0.0189953125,36.464569314693527,1.7817898609326457
1800,0.018996875,36.465054818681914,1.7814157908769206
1800,0.0189984375,36.465540365398823,1.7810415825084958
1800,0.019,36.466025954844334,1.7806672357818814
1800,0.019001562499999999,36.466511587018509,1.7802927506515394
1800,0.019003124999999999,36.466997261921435,1.7799181270718836
1800,0.019004687500000002,36.467482979553175,1.7795433649972781
1800,0.019006250000000002,36.467968739913807,1.7791684643820385
1800,0.019007812500000002,36.468454543003411,1.7787934251804318
1800,0.019009375000000002,36.468940388822055,1.7784182473466754
1800,0.019010937500000002,36.469426277369813,1.7780429308349373
1800,0.019012500000000002,36.469912208646761,1.7776674755993356
1800,0.019014062500000001,36.470398182652971,1.77729188159394
1800,0.019015625000000001,36.470884199388507,1.77691614877277
1800,0.019017187500000001,36.471370258853447,1.7765402770897964
1800,0.019018750000000001,36.471856361047848,1.776164266498939
1800,0.019020312500000001,36.472342505971802,1.7757881169540679
1800,0.019021875000000001,36.472828693625374,1.7754118284090035
1800,0.0190234375,36.473314924008633,1.7750354008175155
1800,0.019025,36.473801197121645,1.774658834133324
1800,0.0190265625,36.474287512964487,1.7742821283100991
1800,0.019028125,36.474773871537224,1.7739052833014595
1800,0.0190296875,36.475260272839925,1.7735282990609729
1800,0.01903125,36.475746716872663,1.7731511755421578
1800,0.019032812499999999,36.476233203635509,1.7727739126984812
1800,0.019034374999999999,36.476719733128526,1.7723965104833581
1800,0.019035937500000003,36.477206305351771,1.7720189688501544
1800,0.019037500000000002,36.477692920305337,1.7716412877521839
1800,0.019039062500000002,36.478179577989259,1.771263467142709
1800,0.019040625000000002,36.478666278403615,1.7708855069749405
1800,0.019042187500000002,36.479153021548477,1.7705074072020381
1800,0.019043750000000002,36.479639807423922,1.7701291677771098
1800,0.019045312500000001,36.480126636030008,1.7697507886532113
1800,0.019046875000000001,36.480613507366797,1.7693722697833478
1800,0.019048437500000001,36.481100421434348,1.7689936111204716
1800,0.019050000000000001,36.481587378232739,1.7686148126174828
1800,0.019051562500000001,36.482074377762039,1.7682358742272297
1800,0.019053125000000001,36.4825614200223,1.7678567959025082
1800,0.0190546875,36.483048505013606,1.7674775775960614
1800,0.01905625,36.483535632735993,1.7670982192605804
1800,0.0190578125,36.484022803189525,1.766718720848703
1800,0.019059375,36.484510016374287,1.7663390823130147
1800,0.0190609375,36.484997272290343,1.7659593036060488
1800,0.0190625,36.485484570937743,1.7655793846802834
1800,0.019064062499999999,36.485971912316558,1.7651993254881451
1800,0.019065624999999999,36.486459296426844,1.764819125982007
1800,0.019067187500000003,36.48694672326868,1.7644387861141888
1800,0.019068750000000002,36.487434192842102,1.7640583058369568
1800,0.019070312500000002,36.48792170514718,1.7636776851025229
1800,0.019071875000000002,36.488409260183978,1.763296923863046
1800,0.019073437500000002,36.488896857952554,1.762916022070631
1800,0.019075000000000002,36.489384498452964,1.7625349796773295
1800,0.019076562500000002,36.489872181685264,1.7621537966351377
1800,0.019078125000000001,36.490359907649527,1.7617724728959985
1800,0.019079687500000001,36.490847676345808,1.7613910084117992
1800,0.019081250000000001,36.491335487774165,1.7610094031343742
1800,0.019082812500000001,36.491823341934662,1.7606276570155026
1800,0.019084375000000001,36.492311238827348,1.7602457700069087
1800,0.0190859375,36.49279917845228,1.7598637420602625
1800,0.0190875,36.493287160809523,1.7594815731271782
1800,0.0190890625,36.493775185899125,1.7590992631592155
1800,0.019090625,36.494263253721165,1.7587168121078782
1800,0.0190921875,36.494751364275686,1.7583342199246155
1800,0.01909375,36.495239517562744,1.757951486560821
1800,0.019095312499999999,36.495727713582376,1.7575686119678331
1800,0.019096874999999999,36.496215952334659,1.7571855960969338
1800,0.019098437500000003,36.496704233819635,1.7568024388993493
1800,0.019100000000000002,36.497192558037369,1.7564191403262503
1800,0.019101562500000002,36.497680924987918,1.7560357003287506
1800,0.019103125000000002,36.498169334671331,1.7556521188579086
1800,0.019104687500000002,36.498657787087673,1.7552683958647266
1800,0.019106250000000002,36.499146282236993,1.7548845313001491
1800,0.019107812500000002,36.49963482011934,1.7545005251150652
1800,0.019109375000000001,36.500123400734772,1.7541163772603068
1800,0.019110937500000001,36.500612024083338,1.7537320876866487
1800,0.019112500000000001,36.501100690165103,1.7533476563448094
1800,0.019114062500000001,36.501589398980109,1.7529630831854497
1800,0.019115625000000001,36.502078150528405,1.752578368159174
1800,0.0191171875,36.502566944810049,1.7521935112165286
1800,0.01911875,36.50305578182509,1.7518085123080021
1800,0.0191203125,36.503544661573585,1.7514233713840262
1800,0.019121875,36.504033584055563,1.7510380883949741
1800,0.0191234375,36.504522549271094,1.7506526632911623
1800,0.019125,36.505011557220222,1.7502670960228481
1800,0.019126562499999999,36.505500607902995,1.7498813865402307
1800,0.019128124999999999,36.505989701319464,1.7494955347934522
1800,0.019129687500000003,36.506478837469686,1.7491095407325952
1800,0.019131250000000002,36.506968016353703,1.7487234043076836
1800,0.019132812500000002,36.507457237971565,1.7483371254686837
1800,0.019134375000000002,36.507946502323321,1.7479507041655025
1800,0.019135937500000002,36.508435809409022,1.7475641403479876
1800,0.019137500000000002,36.50892515922871,1.7471774339659278
1800,0.019139062500000002,36.509414551782434,1.7467905849690528
1800,0.019140625000000001,36.509903987070238,1.7464035933070339
1800,0.019142187500000001,36.510393465092179,1.7460164589294811
1800,0.019143750000000001,36.510882985848305,1.7456291817859462
1800,0.019145312500000001,36.511372549338645,1.7452417618259199
1800,0.019146875000000001,36.511862155563257,1.7448541989988349
1800,0.019148437500000001,36.512351804522183,1.7444664932540623
1800,0.01915,36.512841496215479,1.7440786445409144
1800,0.0191515625,36.513331230643189,1.7436906528086422
1800,0.019153125,36.513821007805348,1.7433025180064363
1800,0.0191546875,36.514310827702005,1.7429142400834277
1800,0.01915625,36.514800690333203,1.7425258189886847
1800,0.019157812499999999,36.515290595698985,1.7421372546712166
1800,0.019159374999999999,36.515780543799394,1.741748547079971
1800,0.019160937500000003,36.516270534634465,1.7413596961638351
1800,0.019162500000000002,36.516760568204262,1.7409707018716341
1800,0.019164062500000002,36.517250644508813,1.7405815641521325
1800,0.019165625000000002,36.517740763548154,1.7401922829540328
1800,0.019167187500000002,36.518230925322335,1.7398028582259761
1800,0.019168750000000002,36.518721129831405,1.7394132899165413
1800,0.019170312500000002,36.519211377075401,1.7390235779742462
1800,0.019171875000000001,36.519701667054356,1.7386337223475459
1800,0.019173437500000001,36.520191999768329,1.7382437229848331
1800,0.019175000000000001,36.520682375217355,1.7378535798344383
1800,0.019176562500000001,36.521172793401462,1.7374632928446299
1800,0.019178125000000001,36.5216632543207,1.7370728619636138
1800,0.019179687500000001,36.522153757975104,1.7366822871395322
1800,0.01918125,36.522644304364718,1.7362915683204652
1800,0.0191828125,36.523134893489583,1.7359007054544293
1800,0.019184375,36.523625525349736,1.7355096984893785
1800,0.0191859375,36.524116199945226,1.7351185473732025
1800,0.0191875,36.524606917276067,1.7347272520537276
1800,0.0191890625,36.525097677342316,1.734335812478718
1800,0.019190624999999999,36.525588480144009,1.7339442285958726
1800,0.019192187500000003,36.526079325681181,1.7335525003528267
1800,0.019193750000000002,36.526570213953853,1.7331606276971518
1800,0.019195312500000002,36.527061144962069,1.7327686105763551
1800,0.019196875000000002,36.527552118705863,1.7323764489378786
1800,0.019198437500000002,36.528043135185271,1.7319841427291007
1800,0.019200000000000002,36.528534194400336,1.7315916918973357
1800,0.019201562500000002,36.529025296351087,1.7311990963898316
1800,0.019203125000000001,36.529516441037565,1.7308063561537721
1800,0.019204687500000001,36.530007628459813,1.7304134711362764
1800,0.019206250000000001,36.530498858617868,1.7300204412843982
1800,0.019207812500000001,36.530990131511743,1.7296272665451256
1800,0.019209375000000001,36.531481447141488,1.7292339468653808
1800,0.019210937500000001,36.531972805507117,1.7288404821920214
1800,0.0192125,36.532464206608672,1.7284468724718383
1800,0.0192140625,36.532955650446183,1.7280531176515561
1800,0.019215625,36.533447137019685,1.7276592176778347
1800,0.0192171875,36.533938666329213,1.7272651724972661
1800,0.01921875,36.534430238374803,1.7268709820563759
1800,0.0192203125,36.53492185315649,1.7264766463016243
1800,0.019221874999999999,36.535413510674303,1.7260821651794047
1800,0.019223437499999999,36.535905210928263,1.7256875386360426
1800,0.019225000000000003,36.536396953918413,1.7252927666177977
1800,0.019226562500000002,36.53688873964478,1.7248978490708615
1800,0.019228125000000002,36.53738056810738,1.7245027859413584
1800,0.019229687500000002,36.537872439306256,1.7241075771753454
1800,0.019231250000000002,36.53836435324142,1.723712222718812
1800,0.019232812500000002,36.538856309912916,1.7233167225176793
1800,0.019234375000000001,36.539348309320765,1.7229210765178011
1800,0.019235937500000001,36.539840351465003,1.7225252846649628
1800,0.019237500000000001,36.540332436345658,1.7221293469048815
1800,0.019239062500000001,36.540824563962758,1.7217332631832059
1800,0.019240625000000001,36.541316734316339,1.7213370334455163
1800,0.019242187500000001,36.541808947406423,1.7209406576373238
1800,0.01924375,36.542301203233031,1.7205441357040718
1800,0.0192453125,36.542793501796197,1.720147467591133
1800,0.019246875,36.543285843095937,1.7197506532438123
1800,0.0192484375,36.543778227132279,1.7193536926073436
1800,0.01925,36.544270653905251,1.7189565856268931
1800,0.0192515625,36.544763123414874,1.7185593322475563
1800,0.019253124999999999,36.545255635661185,1.7181619324143595
1800,0.019254687499999999,36.545748190644197,1.7177643860722582
1800,0.019256250000000003,36.546240788363946,1.717366693166138
1800,0.019257812500000002,36.546733428820446,1.716968853640815
1800,0.019259375000000002,36.547226112013732,1.7165708674410336
1800,0.019260937500000002,36.54771883794384,1.7161727345114679
1800,0.019262500000000002,36.548211606610778,1.7157744547967215
1800,0.019264062500000002,36.54870441801458,1.7153760282413268
1800,0.019265625000000001,36.549197272155261,1.7149774547897458
1800,0.019267187500000001,36.549690169032843,1.7145787343863679
1800,0.019268750000000001,36.550183108647339,1.7141798669755122
1800,0.019270312500000001,36.55067609099877,1.7137808525014255
1800,0.019271875000000001,36.551169116087159,1.7133816909082826
1800,0.019273437500000001,36.551662183912541,1.7129823821401877
1800,0.019275,36.552155294474915,1.7125829261411714
1800,0.0192765625,36.552648447774317,1.7121833228551928
1800,0.019278125,36.553141643810783,1.7117835722261385
1800,0.0192796875,36.553634882584312,1.7113836741978226
1800,0.01928125,36.554128164094934,1.7109836287139861
1800,0.0192828125,36.554621488342669,1.7105834357182972
1800,0.019284374999999999,36.555114855327531,1.7101830951543509
1800,0.019285937499999999,36.555608265049543,1.7097826069656687
1800,0.019287500000000003,36.55610171750871,1.7093819710956992
1800,0.019289062500000002,36.556595212705048,1.7089811874878171
1800,0.019290625000000002,36.557088750638584,1.7085802560853236
1800,0.019292187500000002,36.557582331309341,1.7081791768314456
1800,0.019293750000000002,36.558075954717317,1.7077779496693357
1800,0.019295312500000002,36.558569620862542,1.7073765745420737
1800,0.019296875000000002,36.55906332974503,1.7069750513926629
1800,0.019298437500000001,36.559557081364801,1.7065733801640333
1800,0.019300000000000001,36.560050875721871,1.7061715607990391
1800,0.019301562500000001,36.560544712816252,1.7057695932404606
1800,0.019303125000000001,36.561038592647961,1.7053674774310026
1800,0.019304687500000001,36.56153251521701,1.7049652133132949
1800,0.01930625,36.562026480523429,1.704562800829891
1800,0.0193078125,36.562520488567216,1.7041602399232694
1800,0.019309375,36.563014539348394,1.7037575305358326
1800,0.0193109375,36.563508632866977,1.7033546726099065
1800,0.0193125,36.564002769122965,1.702951666087742
1800,0.0193140625,36.564496948116378,1.7025485109115122
1800,0.019315624999999999,36.564991169847232,1.7021452070233145
1800,0.019317187499999999,36.565485434315541,1.7017417543651696
1800,0.019318750000000003,36.565979741521318,1.7013381528790212
1800,0.019320312500000002,36.566474091464571,1.7009344025067366
1800,0.019321875000000002,36.566968484145306,1.7005305031901046
1800,0.019323437500000002,36.567462919563546,1.7001264548708377
1800,0.019325000000000002,36.567957397719297,1.6997222574905704
1800,0.019326562500000002,36.568451918612581,1.6993179109908594
1800,0.019328125000000002,36.568946482243391,1.698913415313184
1800,0.019329687500000001,36.569441088611747,1.6985087703989437
1800,0.019331250000000001,36.569935737717664,1.6981039761894612
1800,0.019332812500000001,36.570430429561149,1.6976990326259802
1800,0.019334375000000001,36.570925164142203,1.6972939396496658
1800,0.019335937500000001,36.571419941460846,1.6968886972016051
1800,0.019337500000000001,36.571914761517071,1.696483305222805
1800,0.0193390625,36.572409624310907,1.6960777636541939
1800,0.019340625,36.572904529842354,1.6956720724366199
1800,0.0193421875,36.573399478111426,1.6952662315108524
1800,0.01934375,36.57389446911813,1.6948602408175808
1800,0.0193453125,36.574389502862452,1.6944541002974145
1800,0.019346874999999999,36.574884579344406,1.6940478098908822
1800,0.019348437499999999,36.575379698564007,1.6936413695384336
1800,0.019350000000000003,36.57587486052126,1.693234779180437
1800,0.019351562500000002,36.576370065216175,1.6928280387571797
1800,0.019353125000000002,36.576865312648756,1.6924211482088689
1800,0.019354687500000002,36.577360602819006,1.6920141074756305
1800,0.019356250000000002,36.57785593572693,1.6916069164975092
1800,0.019357812500000002,36.578351311372522,1.6911995752144677
1800,0.019359375000000002,36.578846729755789,1.6907920835663877
1800,0.019360937500000001,36.579342190876744,1.6903844414930687
1800,0.019362500000000001,36.579837694735389,1.6899766489342285
1800,0.019364062500000001,36.580333241331729,1.6895687058295028
1800,0.019365625000000001,36.580828830665766,1.6891606121184444
1800,0.019367187500000001,36.581324462737506,1.6887523677405241
1800,0.019368750000000001,36.581820137546956,1.6883439726351299
1800,0.0193703125,36.582315855094109,1.6879354267415667
1800,0.019371875,36.582811615378965,1.6875267299990555
1800,0.0193734375,36.583307418401532,1.6871178823467352
1800,0.019375,36.583803264161808,1.6867088837236608
1800,0.0193765625,36.584299152659796,1.6862997340688031
1800,0.019378125,36.5847950838955,1.6858904333210492
1800,0.019379687499999999,36.585291057868915,1.6854809814192024
1800,0.019381250000000003,36.585787074580047,1.6850713783019813
1800,0.019382812500000002,36.586283134028896,1.6846616239080201
1800,0.019384375000000002,36.586779236215456,1.6842517181758683
1800,0.019385937500000002,36.587275381139726,1.6838416610439906
1800,0.019387500000000002,36.587771568801713,1.6834314524507661
1800,0.019389062500000002,36.588267799201411,1.6830210923344893
1800,0.019390625000000002,36.588764072338812,1.6826105806333689
1800,0.019392187500000001,36.589260388213916,1.682199917285528
1800,0.019393750000000001,36.58975674682673,1.6817891022290037
1800,0.019395312500000001,36.590253148177247,1.6813781354017467
1800,0.019396875000000001,36.590749592265468,1.6809670167416226
1800,0.019398437500000001,36.591246079091391,1.6805557461864093
1800,0.019400000000000001,36.591742608655025,1.6801443236737981
1800,0.0194015625,36.592239180956348,1.679732749141394
1800,0.019403125,36.592735795995367,1.6793210225267146
1800,0.0194046875,36.593232453772067,1.6789091437671904
1800,0.01940625,36.593729154286436,1.678497112800164
1800,0.0194078125,36.594225897538479,1.6780849295628903
1800,0.019409375,36.594722683528175,1.6776725939925374
1800,0.019410937499999999,36.595219512255547,1.6772601060261836
1800,0.019412499999999999,36.595716383720571,1.6768474656008201
1800,0.019414062500000002,36.596213297923249,1.676434672653349
1800,0.019415625000000002,36.596710254863567,1.6760217271205839
1800,0.019417187500000002,36.59720725454153,1.6756086289392491
1800,0.019418750000000002,36.597704296957119,1.6751953780459805
1800,0.019420312500000002,36.598201382110332,1.6747819743773238
1800,0.019421875000000002,36.598698510001157,1.674368417869736
1800,0.019423437500000001,36.599195680629592,1.6739547084595838
1800,0.019425000000000001,36.599692893995631,1.6735408460831438
1800,0.019426562500000001,36.600190150099266,1.6731268306766021
1800,0.019428125000000001,36.600687448940484,1.6727126621760551
1800,0.019429687500000001,36.601184790519262,1.6722983405175083
1800,0.019431250000000001,36.601682174835602,1.6718838656368766
1800,0.0194328125,36.602179601889489,1.6714692374699838
1800,0.019434375,36.602677071680908,1.6710544559525622
1800,0.0194359375,36.603174584209867,1.6706395210202527
1800,0.0194375,36.603672139476359,1.6702244326086053
1800,0.0194390625,36.604169737480362,1.669809190653077
1800,0.019440625,36.604667378221848,1.669393795089033
1800,0.019442187499999999,36.605165061700824,1.6689782458517466
1800,0.019443749999999999,36.605662787917275,1.6685625428763979
1800,0.019445312500000003,36.606160556871195,1.6681466860980747
1800,0.019446875000000002,36.606658368562563,1.667730675451772
1800,0.019448437500000002,36.607156222991371,1.6673145108723912
1800,0.019450000000000002,36.607654120157598,1.6668981922947406
1800,0.019451562500000002,36.608152060061236,1.6664817196535344
1800,0.019453125000000002,36.60865004270228,1.6660650928833929
1800,0.019454687500000001,36.6091480680807,1.665648311918843
1800,0.019456250000000001,36.609646136196488,1.665231376694317
1800,0.019457812500000001,36.610144247049625,1.6648142871441527
1800,0.019459375000000001,36.610642400640096,1.6643970432025934
1800,0.019460937500000001,36.6111405969679,1.6639796448037867
1800,0.019462500000000001,36.611638836033023,1.6635620918817857
1800,0.0194640625,36.612137117835445,1.663144384370548
1800,0.019465625,36.612635442375151,1.6627265222039356
1800,0.0194671875,36.613133809652119,1.6623085053157141
1800,0.01946875,36.613632219666343,1.6618903336395536
1800,0.0194703125,36.614130672417794,1.6614720071090283
1800,0.019471875,36.614629167906457,1.6610535256576151
1800,0.019473437499999999,36.615127706132313,1.6606348892186944
1800,0.019474999999999999,36.615626287095338,1.6602160977255491
1800,0.019476562500000003,36.616124910795527,1.6597971511113654
1800,0.019478125000000002,36.616623577232843,1.6593780493092323
1800,0.019479687500000002,36.61712228640728,1.6589587922521407
1800,0.019481250000000002,36.617621038318809,1.6585393798729842
1800,0.019482812500000002,36.618119832967416,1.6581198121045573
1800,0.019484375000000002,36.618618670353079,1.6577000888795568
1800,0.019485937500000002,36.619117550475785,1.6572802101305812
1800,0.019487500000000001,36.619616473335519,1.6568601757901293
1800,0.019489062500000001,36.62011543893226,1.6564399857906014
1800,0.019490625000000001,36.620614447265979,1.6560196400642984
1800,0.019492187500000001,36.621113498336648,1.6555991385434217
1800,0.019493750000000001,36.62161259214426,1.655178481160072
1800,0.0194953125,36.622111728688786,1.6547576678462514
1800,0.019496875,36.622610907970213,1.6543366985338614
1800,0.0194984375,36.623110129988511,1.6539155731547028
1800,0.0195,36.623609394743653,1.6534942916404756
1800,0.0195015625,36.624108702235624,1.6530728539227786
1800,0.019503125,36.62460805246441,1.6526512599331102
1800,0.019504687499999999,36.625107445429975,1.652229509602867
1800,0.019506249999999999,36.625606881132285,1.6518076028633435
1800,0.019507812500000003,36.626106359571331,1.6513855396457338
1800,0.019509375000000002,36.626605880747078,1.6509633198811273
1800,0.019510937500000002,36.62710544465952,1.6505409435005132
1800,0.019512500000000002,36.62760505130862,1.6501184104347768
1800,0.019514062500000002,36.628104700694351,1.6496957206147016
1800,0.019515625000000002,36.628604392816683,1.649272873970967
1800,0.019517187500000002,36.629104127675582,1.6488498704341494
1800,0.019518750000000001,36.629603905271033,1.6484267099347227
1800,0.019520312500000001,36.630103725603028,1.6480033924030548
1800,0.019521875000000001,36.630603588671512,1.6475799177694106
1800,0.019523437500000001,36.63110349447647,1.6471562859639504
1800,0.019525000000000001,36.63160344301788,1.6467324969167301
1800,0.019526562500000001,36.632103434295722,1.6463085505577009
1800,0.019528125,36.632603468309952,1.6458844468167082
1800,0.0195296875,36.633103545060543,1.6454601856234927
1800,0.01953125,36.633603664547479,1.6450357669076898
1800,0.0195328125,36.634103826770726,1.6446111905988285
1800,0.019534375,36.634604031730255,1.6441864566263316
1800,0.019535937499999999,36.635104279426031,1.6437615649195154
1800,0.019537499999999999,36.635604569858017,1.6433365154075901
1800,0.019539062500000003,36.636104903026201,1.6429113080196589
1800,0.019540625000000002,36.636605278930539,1.6424859426847176
1800,0.019542187500000002,36.637105697571009,1.6420604193316548
1800,0.019543750000000002,36.637606158947577,1.6416347378892511
1800,0.019545312500000002,36.638106663060206,1.6412088982861806
1800,0.019546875000000002,36.638607209908869,1.6407829004510079
1800,0.019548437500000002,36.63910779949353,1.6403567443121898
1800,0.019550000000000001,36.639608431814167,1.6399304297980737
1800,0.019551562500000001,36.640109106870739,1.6395039568368983
1800,0.019553125000000001,36.640609824663223,1.6390773253567936
1800,0.019554687500000001,36.641110585191576,1.6386505352857801
1800,0.019556250000000001,36.641611388455765,1.6382235865517683
1800,0.019557812500000001,36.642112234455752,1.6377964790825592
1800,0.019559375,36.642613123191524,1.637369212805843
1800,0.0195609375,36.64311405466303,1.6369417876491998
1800,0.0195625,36.643615028870229,1.6365142035400986
1800,0.0195640625,36.644116045813092,1.6360864604058978
1800,0.019565625,36.644617105491584,1.6356585581738439
1800,0.0195671875,36.645118207905661,1.635230496771072
1800,0.019568749999999999,36.645619353055288,1.6348022761246053
1800,0.019570312500000003,36.646120540940451,1.6343738961613559
1800,0.019571875000000002,36.646621771561108,1.6339453568081226
1800,0.019573437500000002,36.647123044917215,1.6335166579915912
1800,0.019575000000000002,36.647624361008731,1.6330877996383353
1800,0.019576562500000002,36.648125719835633,1.6326587816748153
1800,0.019578125000000002,36.64862712139788,1.632229604027378
1800,0.019579687500000002,36.64912856569542,1.6318002666222562
1800,0.019581250000000001,36.649630052728227,1.6313707693855686
1800,0.019582812500000001,36.650131582496265,1.6309411122433204
1800,0.019584375000000001,36.65063315499949,1.6305112951214022
1800,0.019585937500000001,36.65113477023786,1.6300813179455895
1800,0.019587500000000001,36.651636428211326,1.6296511806415426
1800,0.019589062500000001,36.652138128919852,1.6292208831348063
1800,0.019590625,36.652639872363416,1.6287904253508103
1800,0.0195921875,36.653141658541962,1.6283598072148673
1800,0.01959375,36.653643487455462,1.6279290286521748
1800,0.0195953125,36.65414535910385,1.6274980895878135
1800,0.019596875,36.654647273487107,1.6270669899467469
1800,0.0195984375,36.655149230605176,1.6266357296538219
1800,0.019599999999999999,36.65565123045802,1.6262043086337676
1800,0.019601562500000003,36.656153273045597,1.6257727268111968
1800,0.019603125000000002,36.656655358367878,1.625340984110603
1800,0.019604687500000002,36.657157486424808,1.6249090804563622
1800,0.019606250000000002,36.65765965721635,1.6244770157727315
1800,0.019607812500000002,36.658161870742454,1.6240447899838504
1800,0.019609375000000002,36.658664127003078,1.6236124030137378
1800,0.019610937500000002,36.659166425998194,1.6231798547862939
1800,0.019612500000000001,36.659668767727737,1.6227471452252995
1800,0.019614062500000001,36.660171152191666,1.6223142742544145
1800,0.019615625000000001,36.660673579389943,1.6218812417971802
1800,0.019617187500000001,36.661176049322528,1.6214480477770155
1800,0.019618750000000001,36.661678561989369,1.6210146921172199
1800,0.019620312500000001,36.662181117390418,1.6205811747409724
1800,0.019621875,36.662683715525624,1.6201474955713295
1800,0.0196234375,36.663186356394945,1.6197136545312258
1800,0.019625,36.663689039998339,1.6192796515434744
1800,0.0196265625,36.664191766335748,1.618845486530766
1800,0.019628125,36.664694535407143,1.6184111594156689
1800,0.0196296875,36.665197347212469,1.6179766701206286
1800,0.019631249999999999,36.665700201751683,1.6175420185679674
1800,0.019632812499999999,36.666203099024735,1.6171072046798842
1800,0.019634375000000003,36.666706039031567,1.6166722283784534
1800,0.019635937500000002,36.667209021772138,1.616237089585626
1800,0.019637500000000002,36.667712047246397,1.6158017882232292
1800,0.019639062500000002,36.668215115454302,1.6153663242129648
1800,0.019640625000000002,36.668718226395811,1.6149306974764097
1800,0.019642187500000002,36.669221380070859,1.6144949079350155
1800,0.019643750000000001,36.669724576479403,1.6140589555101086
1800,0.019645312500000001,36.670227815621395,1.6136228401228894
1800,0.019646875000000001,36.670731097496784,1.6131865616944316
1800,0.019648437500000001,36.671234422105528,1.6127501201456833
1800,0.019650000000000001,36.671737789447555,1.6123135153974648
1800,0.019651562500000001,36.67224119952283,1.6118767473704698
1800,0.019653125,36.672744652331282,1.6114398159852648
1800,0.0196546875,36.673248147872869,1.6110027211622877
1800,0.01965625,36.673751686147533,1.6105654628218498
1800,0.0196578125,36.674255267155225,1.6101280408841327
1800,0.019659375,36.674758890895902,1.6096904552691897
1800,0.0196609375,36.675262557369493,1.6092527058969457
1800,0.019662499999999999,36.675766266575955,1.6088147926871954
1800,0.019664062499999999,36.676270018515233,1.6083767155596045
1800,0.019665625000000003,36.67677381318726,1.6079384744337084
1800,0.019667187500000002,36.677277650591996,1.6075000692289128
1800,0.019668750000000002,36.677781530729398,1.6070614998644921
1800,0.019670312500000002,36.678285453599401,1.6066227662595902
1800,0.019671875000000002,36.678789419201948,1.6061838683332197
1800,0.019673437500000002,36.679293427536976,1.6057448060042618
1800,0.019675000000000002,36.679797478604428,1.6053055791914659
1800,0.019676562500000001,36.680301572404254,1.6048661878134489
1800,0.019678125000000001,36.68080570893639,1.6044266317886955
1800,0.019679687500000001,36.681309888200786,1.6039869110355569
1800,0.019681250000000001,36.681814110197386,1.6035470254722521
1800,0.019682812500000001,36.682318374926133,1.6031069750168663
1800,0.019684375,36.682822682386963,1.6026667595873503
1800,0.0196859375,36.683327032579811,1.602226379101521
1800,0.0196875,36.683831425504636,1.6017858334770612
1800,0.0196890625,36.684335861161372,1.6013451226315185
1800,0.019690625,36.684840339549979,1.6009042464823056
1800,0.0196921875,36.685344860670376,1.6004632049466996
1800,0.019693749999999999,36.685849424522509,1.6000219979418415
1800,0.019695312499999999,36.686354031106319,1.5995806253847371
1800,0.019696875000000003,36.68685868042175,1.5991390871922546
1800,0.019698437500000002,36.687363372468731,1.5986973832811262
1800,0.019700000000000002,36.687868107247212,1.5982555135679466
1800,0.019701562500000002,36.688372884757129,1.5978134779691728
1800,0.019703125000000002,36.688877704998426,1.5973712764011241
1800,0.019704687500000002,36.689382567971037,1.5969289087799823
1800,0.019706250000000002,36.689887473674894,1.5964863750217897
1800,0.019707812500000001,36.690392422109937,1.5960436750424503
1800,0.019709375000000001,36.690897413276105,1.5956008087577287
1800,0.019710937500000001,36.691402447173346,1.5951577760832498
1800,0.019712500000000001,36.691907523801575,1.5947145769344988
1800,0.019714062500000001,36.692412643160736,1.5942712112268205
1800,0.019715625000000001,36.692917805250772,1.5938276788754193
1800,0.0197171875,36.693423010071619,1.5933839797953588
1800,0.01971875,36.69392825762322,1.5929401139015611
1800,0.0197203125,36.694433547905497,1.5924960811088058
1800,0.019721875,36.6949388809184,1.5920518813317321
1800,0.0197234375,36.695444256661865,1.5916075144848361
1800,0.019724999999999999,36.695949675135815,1.591162980482471
1800,0.019726562499999999,36.696455136340191,1.5907182792388472
1800,0.019728125000000003,36.696960640274924,1.5902734106680323
1800,0.019729687500000002,36.697466186939948,1.589828374683949
1800,0.019731250000000002,36.697971776335201,1.5893831712003761
1800,0.019732812500000002,36.698477408460612,1.5889378001309482
1800,0.019734375000000002,36.698983083316115,1.5884922613891552
1800,0.019735937500000002,36.699488800901641,1.5880465548883416
1800,0.019737500000000002,36.699994561217117,1.5876006805417064
1800,0.019739062500000001,36.700500364262496,1.5871546382623027
1800,0.019740625000000001,36.701006210037697,1.5867084279630375
1800,0.019742187500000001,36.701512098542644,1.5862620495566704
1800,0.019743750000000001,36.702018029777278,1.5858155029558141
1800,0.019745312500000001,36.702524003741523,1.5853687880729341
1800,0.019746875000000001,36.703030020435307,1.5849219048203491
1800,0.0197484375,36.703536079858573,1.5844748531102291
1800,0.01975,36.704042182011243,1.5840276328545948
1800,0.0197515625,36.704548326893239,1.5835802439653184
1800,0.019753125,36.705054514504496,1.5831326863541237
1800,0.0197546875,36.705560744844959,1.5826849599325836
1800,0.01975625,36.706067017914542,1.5822370646121215
1800,0.019757812499999999,36.706573333713173,1.5817890003040107
1800,0.019759375000000003,36.707079692240775,1.5813407669193735
1800,0.019760937500000002,36.707586093497291,1.5808923643691815
1800,0.019762500000000002,36.708092537482628,1.5804437925642543
1800,0.019764062500000002,36.708599024196737,1.5799950514152594
1800,0.019765625000000002,36.709105553639539,1.5795461408327127
1800,0.019767187500000002,36.709612125810949,1.5790970607269772
1800,0.019768750000000002,36.71011874071089,1.5786478110082629
1800,0.019770312500000001,36.710625398339296,1.5781983915866262
1800,0.019771875000000001,36.711132098696091,1.5777488023719697
1800,0.019773437500000001,36.711638841781202,1.5772990432740421
1800,0.019775000000000001,36.712145627594559,1.5768491142024372
1800,0.019776562500000001,36.712652456136077,1.5763990150665936
1800,0.019778125000000001,36.713159327405691,1.5759487457757957
1800,0.0197796875,36.713666241403317,1.5754983062391708
1800,0.01978125,36.71417319812889,1.5750476963656903
1800,0.0197828125,36.714680197582332,1.5745969160641693
1800,0.019784375,36.715187239763559,1.5741459652432663
1800,0.0197859375,36.715694324672491,1.5736948438114824
1800,0.0197875,36.716201452309058,1.5732435516771603
1800,0.019789062499999999,36.716708622673181,1.5727920887484854
1800,0.019790625000000003,36.717215835764783,1.5723404549334838
1800,0.019792187500000002,36.717723091583785,1.5718886501400231
1800,0.019793750000000002,36.71823039013011,1.5714366742758112
1800,0.019795312500000002,36.718737731403692,1.5709845272483971
1800,0.019796875000000002,36.719245115404441,1.5705322089651692
1800,0.019798437500000002,36.719752542132277,1.5700797193333553
1800,0.019800000000000002,36.720260011587129,1.5696270582600225
1800,0.019801562500000001,36.720767523768913,1.5691742256520751
1800,0.019803125000000001,36.721275078677536,1.5687212214162576
1800,0.019804687500000001,36.721782676312934,1.5682680454591511
1800,0.019806250000000001,36.722290316675021,1.567814697687175
1800,0.019807812500000001,36.722797999763714,1.567361178006585
1800,0.019809375000000001,36.723305725578925,1.5669074863234735
1800,0.0198109375,36.723813494120584,1.5664536225437695
1800,0.0198125,36.724321305388607,1.5659995865732372
1800,0.0198140625,36.724829159382907,1.5655453783174764
1800,0.019815625,36.725337056103406,1.5650909976819216
1800,0.0198171875,36.725844995550013,1.5646364445718419
1800,0.01981875,36.726352977722655,1.5641817188923401
1800,0.019820312499999999,36.726861002621256,1.5637268205483537
1800,0.019821874999999999,36.727369070245722,1.5632717494446522
1800,0.019823437500000003,36.727877180595975,1.5628165054858389
1800,0.019825000000000002,36.728385333671916,1.562361088576349
1800,0.019826562500000002,36.728893529473488,1.5619054986204495
1800,0.019828125000000002,36.729401768000599,1.5614497355222388
1800,0.019829687500000002,36.729910049253157,1.5609937991856473
1800,0.019831250000000002,36.730418373231082,1.5605376895144347
1800,0.019832812500000001,36.730926739934283,1.560081406412192
1800,0.019834375000000001,36.731435149362682,1.5596249497823389
1800,0.019835937500000001,36.731943601516193,1.5591683195281254
1800,0.019837500000000001,36.732452096394724,1.5587115155526305
1800,0.019839062500000001,36.732960633998196,1.5582545377587611
1800,0.019840625000000001,36.733469214326519,1.5577973860492518
1800,0.0198421875,36.733977837379591,1.5573400603266658
1800,0.01984375,36.734486503157342,1.5568825604933931
1800,0.0198453125,36.734995211659673,1.5564248864516499
1800,0.019846875,36.735503962886504,1.5559670381034787
1800,0.0198484375,36.736012756837745,1.555509015350748
1800,0.01985,36.736521593513309,1.5550508180951519
1800,0.019851562499999999,36.737030472913105,1.5545924462382095
1800,0.019853124999999999,36.737539395037047,1.5541338996812637
1800,0.019854687500000003,36.738048359885042,1.5536751783254814
1800,0.019856250000000002,36.738557367456998,1.5532162820718542
1800,0.019857812500000002,36.739066417752831,1.5527572108211956
1800,0.019859375000000002,36.739575510772447,1.5522979644741417
1800,0.019860937500000002,36.740084646515754,1.5518385429311521
1800,0.019862500000000002,36.74059382498266,1.5513789460925067
1800,0.019864062500000002,36.74110304617308,1.5509191738583077
1800,0.019865625000000001,36.741612310086921,1.5504592261284773
1800,0.019867187500000001,36.742121616724091,1.5499991028027582
1800,0.019868750000000001,36.742630966084491,1.5495388037807136
1800,0.019870312500000001,36.743140358168027,1.5490783289617254
1800,0.019871875000000001,36.743649792974622,1.5486176782449939
1800,0.0198734375,36.744159270504163,1.5481568515295394
1800,0.019875,36.744668790756556,1.5476958487141992
1800,0.0198765625,36.745178353731717,1.5472346696976282
1800,0.019878125,36.745687959429567,1.5467733143782991
1800,0.0198796875,36.746197607850007,1.5463117826544999
1800,0.01988125,36.746707298992931,1.545850074424336
1800,0.019882812499999999,36.747217032858252,1.5453881895857275
1800,0.019884374999999999,36.747726809445872,1.5449261280364102
1800,0.019885937500000003,36.748236628755691,1.544463889673934
1800,0.019887500000000002,36.74874649078761,1.5440014743956634
1800,0.019889062500000002,36.749256395541551,1.5435388820987763
1800,0.019890625000000002,36.749766343017392,1.5430761126802646
1800,0.019892187500000002,36.750276333215062,1.542613166036932
1800,0.019893750000000002,36.750786366134456,1.5421500420653951
1800,0.019895312500000002,36.751296441775487,1.5416867406620813
1800,0.019896875000000001,36.75180656013805,1.5412232617232298
1800,0.019898437500000001,36.752316721222044,1.5407596051448913
1800,0.019900000000000001,36.752826925027371,1.5402957708229257
1800,0.019901562500000001,36.75333717155393,1.539831758653003
1800,0.019903125000000001,36.753847460801623,1.539367568530603
1800,0.019904687500000001,36.754357792770357,1.5389032003510135
1800,0.01990625,36.754868167460025,1.5384386540093311
1800,0.0199078125,36.755378584870542,1.53797392940046
1800,0.019909375,36.755889045001794,1.5375090264191114
1800,0.0199109375,36.75639954785369,1.5370439449598041
1800,0.0199125,36.756910093426143,1.5365786849168628
1800,0.019914062499999999,36.75742068171904,1.5361132461844174
1800,0.019915624999999999,36.757931312732282,1.5356476286564029
1800,0.019917187500000003,36.758441986465762,1.5351818322265602
1800,0.019918750000000002,36.758952702919387,1.5347158567884336
1800,0.019920312500000002,36.759463462093066,1.5342497022353709
1800,0.019921875000000002,36.759974263986685,1.533783368460524
1800,0.019923437500000002,36.760485108600136,1.533316855356847
1800,0.019925000000000002,36.760995995933314,1.5328501628170961
1800,0.019926562500000002,36.761506925986133,1.5323832907338291
1800,0.019928125000000001,36.762017898758494,1.5319162389994048
1800,0.019929687500000001,36.762528914250282,1.5314490075059828
1800,0.019931250000000001,36.763039972461392,1.5309815961455229
1800,0.019932812500000001,36.763551073391717,1.5305140048097838
1800,0.019934375000000001,36.76406221704115,1.530046233390324
1800,0.019935937500000001,36.764573403409607,1.5295782817785
1800,0.0199375,36.765084632496972,1.5291101498654667
1800,0.0199390625,36.765595904303154,1.5286418375421755
1800,0.019940625,36.76610721882804,1.5281733446993757
1800,0.0199421875,36.766618576071529,1.5277046712276121
1800,0.01994375,36.767129976033509,1.5272358170172258
1800,0.0199453125,36.767641418713865,1.5267667819583526
1800,0.019946874999999999,36.76815290411249,1.5262975659409237
1800,0.019948437500000003,36.768664432229272,1.5258281688546644
1800,0.019950000000000002,36.769176003064118,1.5253585905890932
1800,0.019951562500000002,36.769687616616913,1.5248888310335218
1800,0.019953125000000002,36.770199272887552,1.5244188900770543
1800,0.019954687500000002,36.770710971875936,1.5239487676085874
1800,0.019956250000000002,36.771222713581963,1.5234784635168088
1800,0.019957812500000002,36.771734498005522,1.5230079776901972
1800,0.019959375000000001,36.772246325146497,1.522537310017021
1800,0.019960937500000001,36.772758195004783,1.5220664603853389
1800,0.019962500000000001,36.773270107580274,1.5215954286829989
1800,0.019964062500000001,36.77378206287284,1.5211242147976376
1800,0.019965625000000001,36.77429406088239,1.5206528186166792
1800,0.019967187500000001,36.774806101608803,1.520181240027336
1800,0.01996875,36.775318185051972,1.5197094789166063
1800,0.0199703125,36.775830311211784,1.5192375351712759
1800,0.019971875,36.77634248008814,1.5187654086779157
1800,0.0199734375,36.77685469168091,1.5182930993228818
1800,0.019975,36.777366945989989,1.5178206069923152
1800,0.0199765625,36.777879243015278,1.5173479315721412
1800,0.019978124999999999,36.778391582756655,1.516875072948068
1800,0.019979687500000003,36.778903965214006,1.5164020310055875
1800,0.019981250000000002,36.779416390387226,1.5159288056299729
1800,0.019982812500000002,36.779928858276186,1.5154553967062798
1800,0.019984375000000002,36.780441368880787,1.514981804119345
1800,0.019985937500000002,36.780953922200922,1.5145080277537857
1800,0.019987500000000002,36.781466518236471,1.5140340674939992
1800,0.019989062500000002,36.781979156987326,1.5135599232241619
1800,0.019990625000000001,36.782491838453367,1.5130855948282296
1800,0.019992187500000001,36.783004562634488,1.5126110821899355
1800,0.019993750000000001,36.783517329530575,1.5121363851927905
1800,0.019995312500000001,36.784030139141493,1.5116615037200833
1800,0.019996875000000001,36.784542991467148,1.5111864376548789
1800,0.019998437500000001,36.785055886507401,1.5107111868800169
1800,0.02,36.785568824262135,1.510235751278113
